x,y
0.2676360612270188,-4.5500062757891095
0.2673138629062126,-4.549589999196523
0.2673174701828406,-4.549611428236454
0.2668167591005807,-4.548687177398046
0.26631720157944583,-4.547739329278704
0.2658194019828951,-4.546787367707084
0.2653234393342117,-4.5458384021444616
0.2648215679555565,-4.544904012045512
0.26432491061404234,-4.543961616661372
0.2638302355094708,-4.543020124168966
0.263337588058483,-4.542079256805579
0.2628435179800302,-4.541143835574781
0.26234769844841566,-4.54020979629568
0.26234761665238154,-4.540208890354216
0.261860264136783,-4.5392944123203005
0.26136718418321564,-4.538362145237468
0.26087623481717226,-4.537428356166779
0.26086851207134093,-4.5374089961061195
0.2608692650169574,-4.537407586690595
0.2603933380018106,-4.5364880318948835
0.26038525375432225,-4.536468721694205
0.25990466164805104,-4.535528508578391
0.2598963722840536,-4.535509307917227
0.259417631978419,-4.5345683906126055
0.25893648848290785,-4.5336283123049
0.25892750111689383,-4.533609429566199
0.2584563222191417,-4.532687857329544
0.2579783255098482,-4.5317461928956515
0.2575018841423439,-4.530803748932698
0.25702385344070033,-4.5298621076120185
0.2565473585109039,-4.528919703750582
0.2560686473608112,-4.527978424032959
0.2560595031418845,-4.527959564273534
0.25605900889729605,-4.527959823678173
0.25558773901896265,-4.527038384452951
0.25510533197371715,-4.526099002783145
0.2546251509613302,-4.5251584671343315
0.2541471976740391,-4.524216797067188
0.2536714325647489,-4.523274019966437
0.253197823913449,-4.522330158332504
0.2527263466125556,-4.5213852309652935
0.2527268449667761,-4.521384625933591
0.2522665438917821,-4.5204576509320145
0.2517987975154292,-4.519510923735491
0.25178965418980126,-4.519492046726377
0.25178963868122956,-4.519492084489361
0.25132442902373964,-4.518567594986863
0.2513242364620504,-4.5185673316468575
0.2508572613291984,-4.517643735819878
0.25085697243682703,-4.517643168623462
0.2508574445892111,-4.517642948295504
0.25039280116457513,-4.516718165810722
0.24992129267680188,-4.515773255095663
0.24945194336400778,-4.514827258803328
0.24944371742351834,-4.514807869580143
0.24897816535680684,-4.513860918743429
0.24896890379062928,-4.513842078244688
0.24850778001668858,-4.512915514345837
0.2480356614053544,-4.511970914254632
0.2475657387166628,-4.511025207593211
0.24709802167234154,-4.510078408869393
0.2470890386737072,-4.510059708029799
0.24662969676283067,-4.509132279562418
0.24615933521484898,-4.508186803608532
0.24569050864051373,-4.50724056762176
0.2456817714329144,-4.507221496659048
0.2452227244603442,-4.506293919069191
0.24521417429039927,-4.506274699834915
0.2447597113912214,-4.505344853970068
0.24429860686913696,-4.504394815905977
0.24429046779958816,-4.504375379472385
0.24384263052975516,-4.5034423159155486
0.24338825755926935,-4.502489037675041
0.24293601958908115,-4.501534736371412
0.24292830301194715,-4.50151511268608
0.24292856042654246,-4.501515018265766
0.24248727394114653,-4.500578828311584
0.2420388927889167,-4.49962274672326
0.24158882382417107,-4.498667427264547
0.2415801785203917,-4.498648417261604
0.24113807076746055,-4.497712644023207
0.24068529605353223,-4.496758618304668
0.2402340708355733,-4.495803860903793
0.23978123418203437,-4.494849862808148
0.2393306014701972,-4.49389482138074
0.2388815499550153,-4.492939054241908
0.23843085386319335,-4.491984050285107
0.2379823447075655,-4.49102801566398
0.23753603258101053,-4.490070951949835
0.23709189016469917,-4.4891128785128105
0.23664989570648026,-4.488153811713755
0.23620941076708757,-4.487194085748623
0.23620163474869355,-4.487174568585495
0.23577016719644783,-4.4862338545543565
0.23576243545377623,-4.486214261913717
0.23532835626760823,-4.485257489947701
0.23488994636309038,-4.484296785841331
0.23488094573585602,-4.484277800252627
0.2348811631534011,-4.484277711174543
0.23444875795736292,-4.4833373897426405
0.2340056956239148,-4.482378731472338
0.2339965199063593,-4.482359827784118
0.2335532831564669,-4.48140609317218
0.2331100626752115,-4.480447602573717
0.23266461986411072,-4.479490134740975
0.2322172431332056,-4.478533489964306
0.2322086495719338,-4.478514352243277
0.23177266947250189,-4.4775757371722005
0.231330543302128,-4.476616748437338
0.23132256789740097,-4.476597286661751
0.23088545353707918,-4.475639823144152
0.23044515457671738,-4.474679900030467
0.23043693154137707,-4.474660575367894
0.23000779367375657,-4.473718808551792
0.2295722727851975,-4.472756716718479
0.22913673430284845,-4.471794641569715
0.22870152036398933,-4.470832514584093
0.2282685198006727,-4.469869380543095
0.22783772260561244,-4.4689052520223385
0.22740910297891223,-4.4679401482819205
0.22740184969663638,-4.467920384950668
0.2269792867978352,-4.466959658216759
0.22655194251382513,-4.4659940002334855
0.22654401785443143,-4.4659745575326895
0.22612557715602447,-4.465027995496148
0.22570133433794118,-4.464060949702326
0.22569383875480642,-4.464041264751623
0.22528223966842492,-4.463091682906031
0.22486492726778315,-4.462121615098848
0.22444916403643977,-4.461150901313731
0.2244410171784904,-4.461131545774472
0.22444155113196368,-4.461131319086565
0.22403113593746277,-4.460181221111051
0.22361078921318064,-4.459212471252174
0.22319203994995748,-4.4582430263765005
0.22277103082913877,-4.457274560970069
0.22234841499347932,-4.456306804437559
0.22233988848354558,-4.456287686040219
0.22234019881616074,-4.456287563638632
0.22234047396813622,-4.456287465651859
0.22193016088748865,-4.455337339665855
0.2215142314470342,-4.454366676617652
0.22150624360813712,-4.45434746699223
0.2210899681538082,-4.453377157951898
0.2206738707682816,-4.45240657977243
0.22066661269586965,-4.452386826773596
0.22026294340975483,-4.451433837150744
0.220258236937666,-4.451421874403402
0.21985467176238144,-4.450468456184045
0.21944562089092187,-4.449494870890475
0.21944611600791852,-4.449494304609764
0.21944694533432652,-4.449493979380603
0.2190416974171718,-4.448519038673412
0.21863664265383814,-4.447543812884616
0.21823379096419782,-4.4465676652102815
0.21783314127012254,-4.4455906086392964
0.21743467340979017,-4.444612658325343
0.2170383713802667,-4.443633827034373
0.21703198641182647,-4.44361374535511
0.21664420249283134,-4.442646154149357
0.21624967502508313,-4.4416666115021215
0.21624294365254065,-4.441646662088046
0.21585714826473967,-4.440678710968889
0.2154645634259177,-4.439698385092669
0.21507357016908826,-4.438717427471256
0.2146809164674873,-4.437737126819214
0.214289875109011,-4.436756192632343
0.2142827033519956,-4.436736451114661
0.21389987971717098,-4.435774937626899
0.21389328204275504,-4.435758189566469
0.21351001331888889,-4.434796835205893
0.21311664196121444,-4.433816821490428
0.21310912898149545,-4.433797195086398
0.21272042175682318,-4.4328296428752605
0.21232539242027784,-4.431850300359037
0.21231802980708173,-4.431830595921461
0.21231822486969562,-4.431830523953309
0.2119375428642742,-4.430868156239757
0.21155123887305075,-4.429885335695388
0.2111632971436127,-4.428903147840974
0.21077763610604416,-4.42792006301013
0.21077783306145761,-4.427919634802441
0.21039416456356363,-4.426936007648754
0.2103873976520928,-4.426916116535763
0.21038753341059324,-4.426916011789669
0.21038800140864272,-4.426915878023871
0.21001619959888113,-4.425950063396883
0.2096396085620412,-4.424963490503426
0.20963323840020687,-4.424943411887303
0.20926660095946611,-4.423972444766011
0.2092599475692881,-4.423952515446814
0.20889477974394227,-4.422984149173982
0.20852431138044453,-4.421995257959489
0.20851683841394197,-4.421975600361781
0.20851718584249357,-4.421975471413307
0.20815198404355023,-4.421007128865965
0.2077821414719069,-4.420017984376469
0.20741391591215402,-4.4190282477861915
0.20704399152226674,-4.4180391345941885
0.20703755208230765,-4.4180190691657835
0.20667924384333802,-4.417048139323277
0.20631640911611535,-4.416056406362259
0.20595582324473752,-4.415063843742381
0.2055974637926768,-4.414070477574837
0.20559174523582005,-4.4140501643362136
0.20524391999366778,-4.413075349569441
0.20523781087315202,-4.413055220615456
0.20488958059768173,-4.412080611759892
0.20453266985522034,-4.411086737919998
0.2041780621476843,-4.410092028720388
0.2038257668982822,-4.409096499040494
0.2034750925542029,-4.408100421916836
0.2034681827760496,-4.408080568822166
0.2031202222611519,-4.407105882121849
0.20276794060906664,-4.406110356199731
0.20276208705117404,-4.4060901017276635
0.20242032712428717,-4.405113200471154
0.20206996694639273,-4.4041169981209185
0.20172188373970648,-4.40311998694523
0.2017215778916587,-4.403120182573636
0.20138001885449866,-4.402143227321465
0.20103429255879454,-4.401145442422995
0.20103457884848716,-4.401145024226055
0.20103489268904726,-4.4011448887602045
0.2010348466533976,-4.401144975602969
0.20069579736372006,-4.400167128652021
0.20068925138323157,-4.4001471965924965
0.200689921856139,-4.400146974462054
0.20069048552857494,-4.400146799498642
0.20035557174918778,-4.399167576305648
0.20001595508582262,-4.398167674556413
0.19967463447238695,-4.3971683302915565
0.1993355967077749,-4.396168209811287
0.19899885261975717,-4.395167315399032
0.19899340766461077,-4.3951469369781595
0.1989938305358394,-4.395146728371183
0.19866793777650635,-4.3941644733560175
0.19833817882594426,-4.393161269909409
0.19801067307484438,-4.392157316032633
0.19768540168685222,-4.391152636481717
0.19736234919323836,-4.390147242124074
0.19704150342163992,-4.389141142234124
0.196722854916979,-4.388134345085205
0.1964063964114987,-4.387126858171307
0.1960921223925436,-4.386118688370954
0.19577937263994424,-4.385110088678851
0.19577363447860913,-4.385089887511489
0.19546252409968753,-4.384102822228959
0.19514789217596243,-4.38309476793159
0.19514306351354507,-4.383074214413635
0.1951432807510445,-4.383074176304682
0.19483692533193495,-4.382085645550788
0.1945264059302949,-4.381076332938561
0.19421411377965622,-4.380067538166179
0.19420826971937022,-4.380047354467327
0.1939010679445324,-4.379059087396542
0.19358592669803418,-4.378051191158518
0.19327242512809475,-4.377042785184852
0.1929565507821702,-4.376035119169495
0.19295623150081842,-4.376034879503004
0.19295636824376217,-4.376034878353711
0.19264704248806058,-4.375047313536177
0.19264155809021705,-4.375026976349749
0.19233636697803866,-4.374038061923504
0.1920234322985446,-4.373029484213067
0.19171285068667912,-4.372020166891618
0.1914046276527603,-4.371010126643795
0.1910980556680298,-4.369999605415913
0.19078973549872044,-4.368989603283358
0.19048371718278434,-4.367978900344947
0.19047807028625283,-4.367958849559288
0.1901777456490328,-4.366968449485776
0.1898741087468984,-4.365957026138639
0.18986944066887004,-4.3659364375222305
0.18987025608276512,-4.365936197451416
0.1895729558905612,-4.364923097087661
0.18927519961551892,-4.36390995397049
0.18897501453928478,-4.362897517110318
0.18867311600647377,-4.361885589542047
0.18837323198669156,-4.360872982715897
0.18807371435123063,-4.359860361961804
0.18777654311407044,-4.358847043188707
0.18777179104654954,-4.358826514921466
0.18777243276162775,-4.358826351468936
0.18777301330148632,-4.358826213410001
0.1874901243181977,-4.35783071571091
0.18720444009859802,-4.35681407689008
0.18692106535420894,-4.3557967808961715
0.18663997496173051,-4.354778852915269
0.1863611488862379,-4.353760304123773
0.18608457126042216,-4.352741144047626
0.1860807669008578,-4.352720358856617
0.18581370011843923,-4.351720470985531
0.18580986167127106,-4.351699684298421
0.1855468702585198,-4.350698749027344
0.1852764638935573,-4.349677863468334
0.1850063458259205,-4.3486569880448505
0.18473856203067324,-4.347635494866311
0.1844731037937494,-4.346613392878866
0.18446927700524784,-4.346592631335462
0.18421323817168217,-4.345589883968356
0.18395494834555454,-4.344565944658978
0.18395133812865325,-4.344545113854181
0.1839522283688722,-4.344544896041422
0.18370522273815634,-4.343539895642007
0.1834561593174014,-4.3425136638301565
0.18320938691780636,-4.341486869657981
0.1832052516712929,-4.341466476813024
0.1832062313179729,-4.341466237734442
0.18296569318469447,-4.340459660078847
0.18272325389113958,-4.3394318397381
0.18248310414226457,-4.3384034737809465
0.18224522681176916,-4.33737458336721
0.1822422162120056,-4.337353638374451
0.18224256433364025,-4.337353589462204
0.18224346986841725,-4.337353391190087
0.18201415828582052,-4.3363442121592675
0.18201089991793046,-4.336323320586822
0.18178193562546707,-4.335292606592261
0.18177855208250254,-4.335271764053577
0.18177916479166345,-4.335271635378286
0.18155833029632637,-4.33426058541631
0.1815546308152327,-4.334239835796713
0.18133424448088317,-4.333228690592894
0.18133075646058763,-4.333207858086613
0.18111539374051078,-4.332195621895192
0.18111568640951653,-4.332195218147285
0.18090291266785427,-4.331182452454083
0.1806887302312621,-4.330148383540671
0.18047688364865383,-4.329113823227787
0.18026734883548118,-4.328078793983985
0.18026479004760781,-4.3280577815541506
0.18006354797500776,-4.327042638169729
0.17986049450364006,-4.326006354529611
0.17985759639310905,-4.325985414449942
0.17985820078971682,-4.32598529983152
0.17985875162567552,-4.325985206635136
0.17966402402047543,-4.324969021147869
0.17947088203498687,-4.323952437035778
0.17946668643769453,-4.3239318053981926
0.17926935759363832,-4.3229159490022955
0.17926621896095363,-4.322895100461957
0.17907391947309012,-4.321878263214271
0.1788831932382386,-4.320861293400116
0.17869090334399668,-4.319844554221034
0.17849692034262288,-4.318806567616125
0.17830085877332486,-4.317768871409216
0.17810516849885968,-4.31673119162329
0.17791189354644907,-4.315693048009389
0.17772101589098893,-4.3146544522993855
0.17753250153666345,-4.313615418564742
0.17734632323105337,-4.312575958883607
0.17716210262189577,-4.3115360845762245
0.1771598875765182,-4.311515080035775
0.1771600143588946,-4.311515108507034
0.17697942957445567,-4.310496141646702
0.17679738356433755,-4.309455969042638
0.17679472444732008,-4.309435012995777
0.17661653675128766,-4.308415616459029
0.17661406875836233,-4.308394613859486
0.17644085399225712,-4.307374347159036
0.1762664056987719,-4.306332853289558
0.17609015856391266,-4.3052916393966045
0.1759155816246147,-4.304250161250327
0.17573922632618919,-4.303208975212245
0.175565258766382,-4.3021673869299635
0.17539368731878047,-4.3011254006604585
0.17522379203910185,-4.300083163947065
0.1750520658544664,-4.2990412096997765
0.17488269483909427,-4.2979988685385075
0.174715694111703,-4.296956143644654
0.1745510368467292,-4.2959130452659915
0.17454853908466833,-4.295892124382547
0.174386510028582,-4.294870004150298
0.17422414947352358,-4.293826543428321
0.1740640997956407,-4.292782715864899
0.17390634516010545,-4.291738540832652
0.17375087396541802,-4.290694025211331
0.1735976770541085,-4.289649175148122
0.17344606185296366,-4.2886041358570965
0.1732925240142241,-4.287559343896436
0.17314128170752963,-4.286514216625368
0.17299236325506037,-4.285468755016319
0.1728450672121482,-4.284423097330204
0.17284264474972827,-4.284402175204178
0.17284334128310558,-4.284402088060141
0.17269620891142615,-4.283377752633771
0.1725492443926589,-4.282332012217953
0.17240464747480186,-4.281285931267833
0.1722616975227025,-4.280239654953638
0.1721168879609139,-4.279193613230132
0.17197373037523453,-4.2781473653069675
0.17182806091696154,-4.277101459733307
0.17168058795516747,-4.276055803062161
0.17153554358146378,-4.2750098035076265
0.17139293033627276,-4.273963467073332
0.17125202253528488,-4.272916919341988
0.1711092902360235,-4.271870602986632
0.17110767280185327,-4.27184951429094
0.17097205778300223,-4.270823590092051
0.1708367924186037,-4.269776276395203
0.1707032040081328,-4.268728762153959
0.17056777171119422,-4.267681466436721
0.17043470193080518,-4.266633867422368
0.17043349755835346,-4.266612720867131
0.1703073033769,-4.2655855908546085
0.17018163277996018,-4.264537077944454
0.17005830858686283,-4.263488276450071
0.16993730931620102,-4.262439205890169
0.16981827008055905,-4.261389851005539
0.16969907927532785,-4.2603405305652124
0.16958010613435837,-4.259291268089596
0.16946277556620423,-4.258241841504592
0.16934358186196746,-4.257192598145112
0.16922674590779785,-4.25614308388189
0.16922512200432038,-4.256122074977287
0.1692256071608449,-4.256121969760718
0.16911034470980066,-4.255093589676613
0.16899584669536963,-4.254043814205055
0.16888370924224627,-4.252993769884454
0.168773908578771,-4.251943477486902
0.16877351761767187,-4.251922264667904
0.16866995079305075,-4.2508926105712215
0.1685674087302167,-4.249841584409278
0.16846718512447875,-4.24879032457957
0.16846622110173892,-4.248769248739042
0.16836720920333711,-4.247739135679224
0.16826921162843284,-4.24668766903355
0.1682682511289743,-4.2466665832173
0.16817144705527304,-4.245636256887199
0.16817120267409905,-4.245615025933004
0.1680791854340135,-4.244584269353697
0.16798838003840977,-4.243532148766313
0.16789989761729035,-4.242479823460899
0.16789996320906936,-4.242458564359845
0.16790098217079288,-4.242458479135913
0.1679018645401145,-4.242458418334019
0.16782330913971003,-4.241426572071347
0.16782329333712168,-4.2414053419817295
0.16782375938712618,-4.2414052276757355
0.1678241490259618,-4.241405142658446
0.1677504730446757,-4.240372963752945
0.16767770565658577,-4.239319485051504
0.1676031279316052,-4.238266106023492
0.167530231377232,-4.237212624330798
0.16753169862355413,-4.237191465546108
0.16746048785651185,-4.2361591141995625
0.16739026544985236,-4.235105451011604
0.167391626577907,-4.23508428930284
0.16739127414979932,-4.235084323557866
0.16739163893034317,-4.235084314548144
0.16739195793141148,-4.235084306519762
0.16739227787120195,-4.235084296213542
0.16739225842237535,-4.235084228409853
0.16732570794748688,-4.2340514566257665
0.16732670688106152,-4.234030322975061
0.1672611295554892,-4.232976528623181
0.16719596142989498,-4.2319225377537295
0.16719484918500713,-4.2319014327131645
0.1671297725558393,-4.230868672589461
0.1670618519554549,-4.229814852293641
0.1670615040684993,-4.22979368673502
0.16706187639749803,-4.229793670310057
0.16700081228122488,-4.228739615798791
0.16694010434945192,-4.227685356765149
0.16688184300916956,-4.22663095165194
0.16682601019270185,-4.225576413195003
0.16677257162442075,-4.224521749666336
0.16677323111633865,-4.224500527749073
0.16677375556811092,-4.224500443192022
0.16672540868171606,-4.223466776857606
0.16667926532040844,-4.222411778151655
0.16663548569523767,-4.221356666117415
0.16659369640780364,-4.220301412378857
0.16655141975416657,-4.2192462859441875
0.16650655844344275,-4.218191256176873
0.16645915800238195,-4.217136329525391
0.1664099748146446,-4.216081483874114
0.16636326902584256,-4.215026519362304
0.1663627024259429,-4.21500540022647
0.16631646585815676,-4.213971625967939
0.16627239005384686,-4.212916536874158
0.16623071638487028,-4.2118613382924925
0.16623152151874196,-4.211840113239168
0.16623236173794043,-4.211840089923383
0.16619773468338608,-4.210805869768884
0.1661656282420199,-4.209750336199692
0.16613518079410475,-4.208694772809687
0.1661025053074511,-4.20763918874664
0.1660693939713738,-4.206583719707283
0.16606998992490304,-4.206562545706666
0.1660377356740974,-4.205528274642114
0.1660080304666676,-4.204472686916537
0.16600876471582393,-4.204451475551127
0.16598396287203884,-4.2034169752254185
0.16596180785741402,-4.202361189201436
0.1659627914763296,-4.202339960598249
0.16596361140807664,-4.202339947025013
0.1659484200385569,-4.20130527318584
0.1659493460317836,-4.201284051890246
0.1659384487219111,-4.200249307861928
0.16592548123645656,-4.199193364596318
0.1659261527704408,-4.199172145771677
0.16591808179788486,-4.1981373832881985
0.1659126803492256,-4.197081370108794
0.1659136212286985,-4.19706014722319
0.16591303759822085,-4.196025347279626
0.1659150826025459,-4.194969320810559
0.16591616154362174,-4.194948098697469
0.16591639279229684,-4.194948118116025
0.16591720887344996,-4.194948125583276
0.1659238067530356,-4.193913358641836
0.1659330521820756,-4.192857368202154
0.16594467293135257,-4.191801393855885
0.16594578361921605,-4.191780185357032
0.16596213938183363,-4.190745509122195
0.16598075065797493,-4.189689580669976
0.1659995846796789,-4.1886337337024075
0.16602041693032332,-4.187577858466551
0.1660414816544598,-4.186522072254653
0.16604249836820317,-4.186500900342961
0.1660683090613143,-4.1854664399714165
0.16609603139850215,-4.184410824730807
0.1660960171634339,-4.184389683232482
0.16611933050238223,-4.183355152611368
0.16612014808078612,-4.183333978642249
0.16614847522921095,-4.182299563121792
0.16617917975723992,-4.181243918949985
0.16618011390632262,-4.181222755922122
0.16621332962677599,-4.180188495371218
0.16624866746523265,-4.179133094044511
0.16628218386716567,-4.178077608124427
0.16628194753058875,-4.178056468820006
0.16631439944060292,-4.177022181275859
0.1663144190336076,-4.177021858689894
0.16634510343544356,-4.175987531501343
0.16637765718283254,-4.174932038797541
0.16640844577396227,-4.173876476970525
0.16640808070818786,-4.173855320652385
0.16640826032883224,-4.173855262459762
0.16640804690052283,-4.173855296709573
0.16643656715732755,-4.172820897763415
0.16643737418818028,-4.172799747333133
0.16643795325344177,-4.172799767322775
0.16643779917794324,-4.172799783308679
0.16647150363479363,-4.171765513779277
0.16650767707178096,-4.170710106888356
0.16654625738027914,-4.169654776731924
0.16654752189068858,-4.1696336205600275
0.16659055937232994,-4.1685996914571275
0.1666358172106557,-4.167544662599721
0.16663615727145137,-4.167523511591691
0.16667734643614407,-4.166489487313829
0.16672084326897182,-4.165434359176369
0.16676601966064253,-4.164379316793862
0.16680935927553175,-4.1633241834461
0.16685508226474988,-4.162269151901512
0.1669032031131848,-4.161214227839043
0.16695369353137954,-4.1601594154098
0.1670058247499929,-4.159104713951838
0.1670560755523296,-4.158049897984386
0.16710868076190405,-4.156995196027014
0.16716295715038565,-4.155940603942869
0.1671641414511411,-4.155919471108049
0.1671640125318587,-4.155919490792089
0.16721527637041061,-4.154885960435253
0.16726434244515273,-4.1538310926569295
0.16731165501637912,-4.152776141843279
0.16731247439925748,-4.152754997064148
0.16731276542929602,-4.152755022380412
0.16736682527531355,-4.151721639162367
0.167368034938663,-4.15170051052601
0.16742634448079613,-4.1506673233599685
0.1674833987244742,-4.1496128473739375
0.1675429000406649,-4.148558496706987
0.1676048512445051,-4.147504288629167
0.16766921319096445,-4.146450226728303
0.16773524548961952,-4.145396295004105
0.1677987226103928,-4.1443422022274
0.16786036870095766,-4.143287994880767
0.16786163827351225,-4.143266879623162
0.16786211872574375,-4.143266923522269
0.167930126125961,-4.142234354259536
0.16800160838862133,-4.141180759390543
0.1680033501029883,-4.141159664386377
0.1680033987612527,-4.141159685423077
0.16800408922477858,-4.1411597430316744
0.1680039878782628,-4.141159755721138
0.16807883266020895,-4.140127499669995
0.16807925367478202,-4.140127196376663
0.1681547663177378,-4.139095128531049
0.1682339126207085,-4.13804208131197
0.16831471451048852,-4.136989175610411
0.1683929621288825,-4.135936073063894
0.16846867522119371,-4.134882782196254
0.1684698719619597,-4.134861675773515
0.16854527263110397,-4.133829626588236
0.16854684515756616,-4.133808537843864
0.16854723896497573,-4.133808572112674
0.1686299901907842,-4.1327770749978345
0.16871666842405372,-4.131724614425718
0.1688057647577674,-4.130672346693161
0.16880800120649017,-4.1306512986212205
0.1689005324908208,-4.129620596641855
0.1689011729794062,-4.1296203256429544
0.16890201280877984,-4.1296204200132
0.16899914562050056,-4.12859016117096
0.1690996183074973,-4.12753895756449
0.16919755742998552,-4.126487499747225
0.16929368863055425,-4.125435871160458
0.1692938902064181,-4.1254355661384094
0.16939099150788317,-4.124405322366682
0.16949222634436584,-4.123354185991627
0.16959586335690738,-4.1223032697748225
0.16970115889008072,-4.121252543502837
0.16980390368825823,-4.120201558504281
0.1698058752718577,-4.120180518955226
0.16980618157433036,-4.1201805679192
0.16990937885159474,-4.119150888223859
0.16990918404959415,-4.119150545990041
0.17000976181840138,-4.118120612116833
0.17001057363548533,-4.11809946577663
0.17010804988152792,-4.117048149495089
0.1701096813649782,-4.117027100124037
0.17020777756308608,-4.115996918762413
0.17030483120693438,-4.114945378491322
0.17039949278241084,-4.113893608846468
0.17049250041336006,-4.112841714861281
0.17058806760808057,-4.111790044914845
0.17058988031046635,-4.111769007591943
0.17068896988381466,-4.110738928016214
0.1707916130958641,-4.109687927178209
0.17089179032354035,-4.108636675510798
0.17098950181353378,-4.107585190629173
0.170989124158185,-4.1075848332040765
0.17108377088898843,-4.1065543715549
0.17118190057103125,-4.105502949153681
0.17127832141517946,-4.104451359798409
0.17137721598676578,-4.103399995499322
0.17147857869342117,-4.102348862821575
0.17158236522386602,-4.10129796427936
0.171580987489806,-4.101276942609123
0.17168610031839504,-4.1002471330774855
0.17179232013945064,-4.099196473130233
0.17190018452790268,-4.098145999961799
0.17200618925421446,-4.097095315931973
0.17200867437780956,-4.097074316704995
0.17200937741217115,-4.097074399134826
0.17212061551511207,-4.096045558916203
0.17223621402610886,-4.094995884388354
0.1723534722228898,-4.093946410548015
0.17246889372756533,-4.092896715727279
0.17247149961152394,-4.092875734071715
0.1724721597420356,-4.092875815752445
0.1725926595857086,-4.091848012984685
0.17271770483274432,-4.090799420168173
0.1727206456284479,-4.0907784772570865
0.17284752704522774,-4.089751431109064
0.1729745360294531,-4.0887030779801
0.1731039315315396,-4.0876550068361075
0.17323572465776213,-4.086607235959442
0.1733698837178528,-4.0855597670869725
0.17350638307801697,-4.084512602139606
0.17364449803839008,-4.083465683440054
0.17378074075603245,-4.082418493820769
0.17377881945804086,-4.082397564935917
0.17391687817193052,-4.0813713913422545
0.17405479505465865,-4.080324443867286
0.17419088367577937,-4.079277228572151
0.17432863170225024,-4.078230249309733
0.17433068589258358,-4.078209240614027
0.17446114822982678,-4.077182648732049
0.1745918377000647,-4.07613475993456
0.17459194036015796,-4.0761344426150625
0.1747229760647965,-4.075107933192682
0.17485881542486925,-4.074060702459945
0.1749963549901815,-4.073013700700687
0.17499843567151585,-4.072992692551563
0.17512868105450255,-4.071966082835608
0.1752591475268995,-4.070918167369787
0.17526175398046676,-4.070897211879469
0.17526182227454096,-4.070897151643131
0.17539503267369816,-4.069870925152293
0.17539797611260674,-4.069850016906903
0.175538112812253,-4.068803530843407
0.17567860193863966,-4.067756913834775
0.17582077879273622,-4.0667105339508
0.17596117599280833,-4.065663901654164
0.17596417944252965,-4.065643003780886
0.17610617742247892,-4.064617943225449
0.17624867646006087,-4.063571596951536
0.17625086881631497,-4.063550607914599
0.17639557510775086,-4.062525267441095
0.1765399729516394,-4.0614791831122785
0.17668188974477467,-4.06043274671769
0.17682203507182986,-4.059386073406756
0.17696392589528964,-4.058339639646284
0.17710408669942312,-4.057292973525636
0.17724669231564247,-4.056246635128204
0.17739104116812648,-4.0552005481348745
0.17753361504825377,-4.054154209377543
0.1776779006002452,-4.053108114553245
0.17782042215370225,-4.052061771459627
0.17782338765852895,-4.052040873277778
0.17796751198561803,-4.05101610821216
0.17811149053564063,-4.049969965145712
0.17825372942545967,-4.048923579898123
0.17839844508712013,-4.047877531127949
0.17854492970536687,-4.046831736778431
0.17868896351609656,-4.0457855994203635
0.17883054862641454,-4.044739125378061
0.17897042059886034,-4.043692432466081
0.17911279581764028,-4.0426460717905215
0.1792576606334674,-4.0416000486688475
0.1794042675856131,-4.040554280376055
0.17954909478967024,-4.039508254302835
0.17955213949835414,-4.039487373568752
0.1796984988981096,-4.038462928782978
0.17984475126990945,-4.037417102763159
0.17998855842094608,-4.036370924691084
0.1801306592862292,-4.035324526753175
0.18013258360162335,-4.035303480877594
0.18013216216732156,-4.035303440519528
0.18027146965901322,-4.034277786878447
0.1804134471674643,-4.033231367558041
0.18055368758745932,-4.032184701342976
0.18069635744690363,-4.031138362966526
0.18084075341342218,-4.030092277399472
0.18098336888031974,-4.029045938876731
0.18112768487043976,-4.0279998451229
0.18127023324555958,-4.026953502374917
0.18141449759303255,-4.025907403307181
0.18141726483912923,-4.0258864808258545
0.18155975824027656,-4.0248615015940485
0.18170744733146948,-4.023815869653097
0.18171001894500294,-4.023794930155958
0.1818543507269752,-4.022770204130883
0.18199881209733207,-4.021724043838111
0.18200091560594392,-4.021703033961933
0.18200060699862103,-4.021703013696862
0.18213755833506556,-4.020677287861965
0.18213929000262882,-4.0206562106380925
0.1822764075207534,-4.019629893208558
0.18241370144727662,-4.018582763747791
0.18255063037767524,-4.017535675749671
0.1826851067783547,-4.016488266495548
0.18268737628516005,-4.016467292226322
0.1828196292525127,-4.015440915917405
0.1828217869991015,-4.015419928928529
0.18295469014765836,-4.014393666363724
0.18309266571641278,-4.013346704057266
0.18323311973385004,-4.012300059985072
0.18337529327382543,-4.011253665551028
0.18351498100669533,-4.010206934615385
0.18365219163761493,-4.009159874391754
0.18378697154823526,-4.008112497464129
0.1837890958458745,-4.008091505161605
0.18392435135165053,-4.007044382157997
0.18406008229424214,-4.0059971531092256
0.1840574575132165,-4.0059761179108
0.1841954951908482,-4.004949922145491
0.18433328648983224,-4.003902953692196
0.18433593353147779,-4.003882013393425
0.1844720955391533,-4.002856166486843
0.18461261135972767,-4.00180955236287
0.18475067416116725,-4.000762599589302
0.1848862832024971,-3.999715325576979
0.1848859092371203,-3.999714952178524
0.18488588760504526,-3.999714994160632
0.18501910170473398,-3.998688761075291
0.1851520145403985,-3.997641151782518
0.18528326218200297,-3.996593340163244
0.18541634079367003,-3.995545746609854
0.18554705576306554,-3.994497855193974
0.18554904562836566,-3.9944768574068448
0.18567772450908132,-3.993450022970338
0.1858067222235174,-3.992401936677981
0.18593825769049066,-3.99135415028076
0.1860716087301465,-3.9903065933030386
0.18620324275827577,-3.9892588230091865
0.1863373355638287,-3.9882113616891885
0.18647318237048763,-3.987164136584101
0.18647582277195923,-3.987143198972675
0.18660929530340414,-3.986116992318544
0.18674243085535616,-3.9850694105770086
0.18687314999636098,-3.9840215129322742
0.18700184207296605,-3.982973297076884
0.18700311444808376,-3.9829521819480913
0.18713192257855046,-3.981924888534006
0.18713439116438163,-3.9819039362529813
0.18726420996171406,-3.9808772652748057
0.18726190511082696,-3.980856251346452
0.18726244218419766,-3.9808563198781557
0.1872628966539315,-3.9808563889205613
0.18739647711092688,-3.979830199765784
0.1875297001225968,-3.9787826156222037
0.18766048904524024,-3.9777347154333613
0.1876617878726536,-3.977713571091915
0.18778565131105715,-3.9766861497187063
0.18790971164261824,-3.975637458217199
0.1879119252238698,-3.975616458611196
0.18803814521725634,-3.9745893234620713
0.1880402607149117,-3.9745683220461223
0.1881671297598379,-3.9735412842887547
0.18829821120336063,-3.9724934312907276
0.1882997883047142,-3.9724723234046877
0.18842387280770131,-3.971444933362844
0.18854740041132842,-3.9703961590087697
0.18866924482495495,-3.969347197339023
0.18879361511054246,-3.9682985303173126
0.18892015666201076,-3.9672500481208988
0.18904704570516323,-3.9662017019803693
0.18917636769899707,-3.9651536484764396
0.1893081035813874,-3.9641058919864003
0.18931113238328734,-3.964085001613125
0.1894472502785098,-3.963037996604652
0.18958367137657145,-3.9619908518274465
0.1897217540166505,-3.960943937055668
0.1898573194659597,-3.959896685495455
0.1899903825513846,-3.958849106749397
0.1901216924773984,-3.957801310164334
0.19025477700873256,-3.9567537331869618
0.1902546069443284,-3.95675339830406
0.1903838300705672,-3.9557266946460636
0.19051725808872302,-3.954679176309908
0.19064825441103186,-3.9536313340976648
0.19065046995233237,-3.953610354589495
0.1907792977030204,-3.9525835467794836
0.19078060654800955,-3.9525624297990998
0.19077992627337173,-3.9525623540899737
0.19090175012244745,-3.9515347015691136
0.19102365121631942,-3.9504857561705524
0.191147354925333,-3.949437003633494
0.19126867386718177,-3.9483879741176264
0.19138759610588,-3.9473386713159004
0.19150450571324476,-3.946289076306427
0.1915054278038368,-3.9462679293562415
0.19162219884675438,-3.9452393065862847
0.19161996375910295,-3.945218213951077
0.19173272715884493,-3.9441895473344126
0.19184533939501383,-3.94313956613899
0.1919604299408644,-3.9420898401547366
0.19207765320798387,-3.9410402779869216
0.1920801000862565,-3.9410193152358968
0.1920798794297146,-3.9410193198231878
0.19208034779152966,-3.9410193997915974
0.19219837241122867,-3.9399913220997442
0.19219634340825759,-3.9399702969919104
0.19219628399873034,-3.939970300910486
0.19231145607023872,-3.9389419090485824
0.19231288578420963,-3.9389208017298767
0.19231250301397707,-3.9389207577846395
0.192312810603962,-3.938920797054974
0.19231239955808965,-3.938920759173814
0.1924202647727412,-3.9378915594922606
0.19252719063941623,-3.9368409575875836
0.1925280042131557,-3.9368197751926117
0.192632398029929,-3.935789894321608
0.19273726179151882,-3.9347390926043433
0.19273820596706687,-3.9347179319535166
0.19273768922774773,-3.9347178815948087
0.19273788609692544,-3.9347179132347305
0.19273738922543063,-3.934717873365746
0.19283741742973518,-3.933687598230313
0.19293870627343415,-3.9326364392646913
0.1930417142492771,-3.9315854543576996
0.19314294503171694,-3.930534291957178
0.19324658548368573,-3.929483365826508
0.19324503375352192,-3.9294623172699135
0.19335009131954548,-3.9284324940373434
0.1934562354937376,-3.9273818201598227
0.193564746845294,-3.926331379299599
0.19356347443354552,-3.926310385330879
0.193673301170165,-3.925281025275482
0.19378341942819727,-3.9242307866390544
0.19389168292501394,-3.9231803242947256
0.19400229588293447,-3.922130108481318
0.19411527699194572,-3.9210801462719487
0.19411807649239637,-3.9210591795666216
0.19411829431706767,-3.9210592331583243
0.19411911406858956,-3.921059336017119
0.19423392453023186,-3.920030890429749
0.19434791818387687,-3.9189810492437704
0.1944594302411033,-3.9179309300353453
0.1945685085773307,-3.916880556203519
0.19456932232463595,-3.9168593867967494
0.1945692577333585,-3.9168593997417567
0.19467407824203684,-3.915829874196288
0.19477873906621185,-3.9147790685971473
0.19478056315723588,-3.914758021088491
0.19488777151226216,-3.9137287340588265
0.19488951590196688,-3.913707686604558
0.19488886110293593,-3.9137076133716366
0.19488898746241926,-3.9137076393867627
0.19499697357531873,-3.9126784598713074
0.1951087139748611,-3.9116283672098477
0.19510997972352534,-3.911607236379146
0.19521920766348472,-3.910577815636081
0.1953294769940744,-3.9095275637212477
0.1953319649849879,-3.9095065631745674
0.19544448505498072,-3.9084778515702756
0.1955561616283875,-3.9074277558434445
0.19566608136366745,-3.9063774710004178
0.19577847037103951,-3.9053274472424553
0.19578086177334578,-3.905306451822397
0.19578136787967185,-3.9053065137740326
0.19589903805514666,-3.904278382005737
0.19589712427346612,-3.9042573623860157
0.19601412805213142,-3.9032291569714097
0.1961310294437981,-3.902179625576735
0.1962496367826168,-3.9011302866077497
0.19625113833682883,-3.9011091909082958
0.1963672573692245,-3.9000804801615727
0.19648361382447296,-3.8990308995422107
0.19659750960098007,-3.8979810382111983
0.19659866668854611,-3.8979599051741207
0.1965988088269415,-3.897959931397289
0.19659894633698172,-3.8979599651046897
0.19671139545137173,-3.8969312645347527
0.19682838879080472,-3.8958817418990437
0.19694711084185776,-3.894832418910834
0.19706334741732467,-3.8937828175025797
0.19717781340778484,-3.892733025211357
0.19729473703042688,-3.89168350241642
0.19729279763968396,-3.8916624651966916
0.1974114408409269,-3.8906340210838684
0.19753096525888153,-3.889584788782886
0.19765216654608417,-3.888535763053382
0.19777083584102184,-3.8874864446451287
0.19788769243562138,-3.8864369183520275
0.1980062746784736,-3.885387593510347
0.19812239872065412,-3.884337991252661
0.1981243619234878,-3.8843169678958662
0.19823858495900235,-3.8832884348579273
0.19835210875197776,-3.8822385427617396
0.19846394805530615,-3.881188477390749
0.1984659208302373,-3.881167451184867
0.19858095014007998,-3.880139032256366
0.19870063919480194,-3.8790898235373317
0.1988227808052981,-3.878040886057689
0.19894662398256333,-3.8769921693177425
0.1989484331249178,-3.8769711219619327
0.19894890973214285,-3.8769711856114926
0.19906784970687644,-3.8759432072172775
0.19907001992815515,-3.8759222003153098
0.19918872843945407,-3.8748941630026774
0.19918997270388178,-3.87487303137961
0.19918937593247574,-3.874872960430732
0.19918950701642604,-3.8748729864379596
0.19918963909903362,-3.8748730104804365
0.1993056499958948,-3.8738446767879497
0.19930680370405957,-3.873823531726954
0.1994178575077842,-3.872794642004549
0.19952809284062442,-3.871744377703859
0.1996359525882237,-3.8706938606029313
0.1996373373079389,-3.870672785457534
0.19974364848086457,-3.869643392138273
0.19974428698979815,-3.869622185606166
0.19984577755377786,-3.868592315883675
0.19984632214972103,-3.8685710979748946
0.19994672764778867,-3.8675408451566176
0.20004770741608502,-3.8664896587179176
0.20004848004580028,-3.8664684695184657
0.20014499303549507,-3.865417051244476
0.20024120528930128,-3.8643654339685654
0.20033501852176877,-3.863313594239782
0.20042644205911028,-3.8622615434804453
0.20051550318815636,-3.861209290033855
0.20060222384033433,-3.860156841253154
0.20068697355941714,-3.8591041672897397
0.20077151335396656,-3.85805156113878
0.20077225200303606,-3.8580304898664344
0.2008558890260691,-3.856999041197012
0.20093813695337662,-3.8559462429271782
0.201018053059566,-3.8548932534751525
0.2010956545647378,-3.8538400913511763
0.20109526085384855,-3.8538188378297766
0.2011673457345612,-3.8527865187669836
0.20123843121682614,-3.8517329270456244
0.20123931927191918,-3.851711829619007
0.20131456898804617,-3.850679741392577
0.20139294908194777,-3.8496266438742874
0.20139334757362276,-3.849605453264347
0.2013928406404411,-3.8496054244195075
0.20146321028933797,-3.8485730084991983
0.20146416726401156,-3.8485519028011197
0.20153427722554879,-3.84751943559502
0.20160274111922705,-3.846465628741137
0.20166882214054974,-3.845411662563307
0.20173325795976504,-3.844357621910412
0.2018002675588177,-3.8433037383945683
0.20186911993016565,-3.842249971842555
0.20193625927314243,-3.8411961006493947
0.2020058823051865,-3.840142387670009
0.20207727890512348,-3.839088802723481
0.20214619928561137,-3.838035049745509
0.20214645061446865,-3.8380138718745678
0.20221197541603703,-3.8369810298634195
0.20227870646422463,-3.8359271380544806
0.20227978957073953,-3.8359060288065776
0.20234564558166768,-3.834873297105739
0.20241045037362448,-3.8338192807258036
0.20247775258172962,-3.8327654079131595
0.2024766565466356,-3.83274426597983
0.20254480089924157,-3.8317115638964485
0.20261443011259664,-3.8306577734392224
0.2026843558923853,-3.8296040810716567
0.20275667685985604,-3.828550547982806
0.20275597049641816,-3.828529471017084
0.2028289801148575,-3.827497086618723
0.202903722030567,-3.8264437182794095
0.20298081862535103,-3.825390509494519
0.20298294923692267,-3.8253694449757747
0.20306368951256257,-3.824337755349816
0.20306293856411625,-3.8243167159805656
0.20314579549587045,-3.823285011080234
0.20323015689395035,-3.8222323564561367
0.20331613505384358,-3.82117985891631
0.20340023340464614,-3.8201271859378503
0.20348632977161774,-3.8190746120146124
0.20357197028464488,-3.818022106884254
0.20365506856577384,-3.8169693903966064
0.20373566222454287,-3.8159164732023076
0.20381450243312113,-3.8148634275196343
0.2038958349239225,-3.8138105653325
0.20389755509740165,-3.8137894993704107
0.20389769662814813,-3.8137894541769937
0.20398278143907678,-3.8127581586522554
0.20407175278999679,-3.8117059121055457
0.20416313325195334,-3.8106538579061286
0.2041654256020385,-3.810632832388737
0.20426019402536047,-3.809602339909362
0.20435825149547288,-3.8085509128192014
0.20445446803061373,-3.807499284995344
0.20455304883701134,-3.8064478762443397
0.2045518148463027,-3.8064268516454387
0.2046515957438525,-3.8053965541303394
0.20475188132686137,-3.8043453327159122
0.20484961977659918,-3.8032938566686108
0.204945534186214,-3.8022422067897215
0.2049438952255642,-3.802221127852714
0.2050375357037822,-3.8011905474787833
0.20512989957590363,-3.8001385850834546
0.20522051394051105,-3.799086467530783
0.20531291074126626,-3.798034504099014
0.20531270988435105,-3.7980341628818675
0.20531217598106566,-3.7980341542629623
0.20540197790331624,-3.797003034127658
0.2054004213109195,-3.796981929138055
0.2054002041028245,-3.796981926154732
0.20548473634139078,-3.7959505751294556
0.2054861824968732,-3.795929497909088
0.20557038378835696,-3.7948980820714833
0.2056539504822063,-3.793845379263287
0.20565389068809445,-3.793845038105615
0.20565384042143095,-3.793844981896722
0.20565413247639094,-3.793845046760445
0.2056537300717949,-3.7938450469571787
0.20573784895449881,-3.7928136682788134
0.20573920928616057,-3.79279259076594
0.20582309533086612,-3.7917611502938535
0.2059063623481192,-3.7907084293127498
0.20599141900801887,-3.7896558366098856
0.2060747867208875,-3.7886031189396756
0.20616064391960978,-3.787550599681332
0.20624827304306254,-3.7864982350341374
0.20633414237936834,-3.7854457223936278
0.20642174508314462,-3.7843933592480035
0.2065075897242459,-3.7833408485015245
0.20659517495475482,-3.7822884863007205
0.20668100348378937,-3.781235976778729
0.20676927867642655,-3.780183666241276
0.20676800309450782,-3.78016258568205
0.2067686312299145,-3.780162651770423
0.20685778907900787,-3.7791316705130464
0.20695084703803857,-3.778079761696835
0.20704558654032706,-3.7770280160926952
0.20704757708224308,-3.7770069665475896
0.20714152711916414,-3.7759764073262234
0.20723954846426682,-3.7749249480323437
0.2073392572967538,-3.7738736601182343
0.20734136802670924,-3.773852615953514
0.2074401605293881,-3.772822513104685
0.2074424754092092,-3.7728014870775533
0.20754548940190815,-3.7717717771243913
0.20764816303153252,-3.7707207623827923
0.20775325796082272,-3.76966997702724
0.20775367240156628,-3.7696696869932724
0.20775399725973667,-3.7696696719560916
0.20785983408818734,-3.7686402818014235
0.20796918517248525,-3.767589978531494
0.20807602844332107,-3.766539399167518
0.20818072986061315,-3.7654885244710314
0.20828577834234674,-3.7644377777419527
0.2083925874459214,-3.763387208351902
0.20849764779926952,-3.7623364570245066
0.20860444967586092,-3.761285882176893
0.20870880106889103,-3.7602350555721427
0.2087104920492798,-3.760214016053898
0.20870988121566117,-3.7602139755328285
0.2088143916031844,-3.759184143771552
0.20881254264838195,-3.759163056377866
0.20891345043291368,-3.7581331549938244
0.20901322233427194,-3.757081862948574
0.2091112678994171,-3.756030409997838
0.20921181277649212,-3.7549791913827306
0.20931413951630545,-3.7539281516185077
0.2093160100509564,-3.7539071135721316
0.2094174551670146,-3.7528772719094285
0.20952325387136364,-3.7518265719419226
0.20963149062567674,-3.7507761092605163
0.20974212337659479,-3.749725897169558
0.20985441597502025,-3.7486758888388643
0.2099641584155647,-3.7476256063101308
0.2100713707045854,-3.746575058556369
0.21017680809461606,-3.7455243339760176
0.21028401209209818,-3.744473787853837
0.21038948199076205,-3.7434230677954723
0.2104970763371719,-3.74237248444371
0.21060431563975843,-3.7413219615329245
0.2107097934565721,-3.7402712569798715
0.21081773011406357,-3.73922079497
0.21092742422185712,-3.738170522086054
0.21103498995611214,-3.7371199439878033
0.21103707858463022,-3.737098947271915
0.21114492676417737,-3.7360697583873197
0.21125188976447673,-3.7350191982413508
0.21135642769452193,-3.7339683788069644
0.21135788486891507,-3.733947321666815
0.21135774021436896,-3.733947335585291
0.21146302155202132,-3.7329178624912767
0.21156744412708176,-3.7318670219023216
0.21166950003164947,-3.7308159389024618
0.21176921407334018,-3.729764633263259
0.21186660458615098,-3.7287131119615458
0.21196238756568933,-3.727661475539643
0.21206007198948704,-3.7266099904021766
0.2120613303955511,-3.7265889314980725
0.21215772701024838,-3.7255585863808083
0.21225305544159398,-3.7245068838051036
0.2123467389281603,-3.7234550486056692
0.21244229208216925,-3.722403364387574
0.21244361959941663,-3.7223823024545455
0.2124428572673395,-3.7223822412158007
0.21244255839147283,-3.72238215547133
0.21253481310367106,-3.7213514594754553
0.21253532141987821,-3.7213302812887523
0.21262424667479957,-3.720278205392704
0.21262483335966953,-3.7202570448836325
0.21270976781602952,-3.7192257159169113
0.2127932878788672,-3.7181730138789777
0.2128751309197746,-3.717120187881382
0.21287333388800975,-3.7170990148881295
0.21287350731589952,-3.7170990439386444
0.21295654376375323,-3.7160675648101296
0.2129566806583872,-3.7160672492444915
0.21304330531260776,-3.7150149974005697
0.2130450557599451,-3.714993956612968
0.21313318852026208,-3.713962900790869
0.21313174861252562,-3.7139418207362347
0.2131323539142759,-3.7139418775652855
0.213222025680317,-3.7129109538497764
0.2133111094580724,-3.7118587049447367
0.21331291099103367,-3.71183764075054
0.21331334411785263,-3.711837680888096
0.21331307717665135,-3.711837673473448
0.21331351943524354,-3.7118377216081737
0.2134074812344453,-3.710807159056219
0.21350096624892403,-3.7097552854012075
0.21359619156039306,-3.7087035618308577
0.2136889800204046,-3.7076516222329703
0.21377820972083902,-3.7066208345720764
0.21386615540313186,-3.7055685372067493
0.21395241529094466,-3.7045160916416817
0.21404118426307628,-3.7034638438095775
0.21403961175620956,-3.7034427501226
0.21403940021440812,-3.7034427633271645
0.21412716415055855,-3.7024114659294125
0.21421636071443914,-3.701359229864786
0.21421512942995652,-3.7013381563233128
0.21421587494724903,-3.7013382211659147
0.2143049359625698,-3.7003072505915733
0.2143930114940963,-3.699254841461952
0.21439389597037037,-3.6992337185966955
0.2144778304627725,-3.6982023097910224
0.21456030083159128,-3.697149526489631
0.2145599170183143,-3.6971491715330216
0.21463881218606587,-3.6961173705170456
0.21471697442524235,-3.695064280960317
0.2147152792577671,-3.6950431195115185
0.2147154844857731,-3.6950431522556113
0.21479495220463482,-3.694011394463946
0.21487752095512652,-3.6929586200677815
0.21495835224317794,-3.6919056995917123
0.21504163125732484,-3.6908529691160377
0.21512664810780366,-3.6898003922181117
0.21520987818928816,-3.6887476648761064
0.21521165668016132,-3.68872660259061
0.21521217305178106,-3.6887266569401134
0.2153004069439639,-3.6876956029834473
0.2153879887220767,-3.6866432306192127
0.2153865350498591,-3.6866221141808175
0.2153863294313361,-3.686622107959174
0.21538677451182806,-3.686622156287821
0.21547220418041763,-3.6855908610827917
0.21547362282860502,-3.685569774840483
0.2155604987442881,-3.6845175149954126
0.2156478001196493,-3.6834651206886146
0.21573757690639617,-3.682412927622731
0.21573628371509526,-3.682391841988536
0.21573623131905012,-3.6823918575841716
0.21582483568691085,-3.681360617161028
0.21591490101386632,-3.680308442649869
0.2160073601247658,-3.679256466246011
0.21610218131352937,-3.678204702491054
0.21619863027361302,-3.6771531204338848
0.21629250227430685,-3.6761013003018603
0.21638452724276883,-3.6750493063129555
0.2163831031871,-3.6750282332770645
0.21647294656260102,-3.673997317109789
0.21656137810868106,-3.6729450200696725
0.21664769806719494,-3.6718924644674806
0.21664913141940356,-3.6718713929522844
0.2167362695910994,-3.6708402354922356
0.21682212418359073,-3.669787726196875
0.21682245971988062,-3.669766532885589
0.2169054011167727,-3.6687348618493405
0.2169896107080655,-3.66768213955551
0.21707349878971852,-3.666629477246885
0.2171556577920698,-3.6655766817776687
0.2171540710417964,-3.6655555504209185
0.2171537576136899,-3.665555549379667
0.21723183982436903,-3.6645237019917016
0.2173086839431456,-3.6634704178380826
0.21730850654665898,-3.6634700923739545
0.2173839285640994,-3.662438055469007
0.2174577872164595,-3.661384650024206
0.21745784168565344,-3.6613634536031765
0.21752852712495466,-3.6603309397651027
0.21752712177086542,-3.6603097818006254
0.21759817200912945,-3.659277264469506
0.21759703379832052,-3.6592561249905686
0.21766570325093285,-3.6582235967351373
0.2176668761138533,-3.6582024926084022
0.2177365514832385,-3.6571489554050194
0.217805919665945,-3.656095227348238
0.2178735650577837,-3.655041388433369
0.21794369730552018,-3.6539877086849026
0.218016309542929,-3.652934194457648
0.21809101340731632,-3.6518807590889137
0.21816600232915134,-3.6508274289386966
0.21816780544131437,-3.6508063714518797
0.21824722655013054,-3.6497535526846963
0.21832624880357993,-3.648700538392417
0.21840275694825917,-3.647647324857091
0.21847748764453276,-3.6465939811747483
0.21847754882408782,-3.646593677617374
0.2185537594093722,-3.645561698825415
0.21863297762033304,-3.6445086976959216
0.21871042210819444,-3.643455542215065
0.21879029391096105,-3.6424025630817733
0.21887189220072206,-3.6413497307771476
0.21887352539694513,-3.641328660722135
0.21887324570280323,-3.6413286644462945
0.2189543800275077,-3.640296866898256
0.21903707451298166,-3.639244095078902
0.21912218769224612,-3.63819150469599
0.21920968332052046,-3.6371391106451143
0.21929882598764922,-3.6360868854743544
0.21938450688031608,-3.635055799554602
0.21938645847624072,-3.635034791997965
0.2193869780493093,-3.6350348683973808
0.21947992735051447,-3.634004249790674
0.21957622318885314,-3.6329526617865806
0.2196707527152587,-3.6319008899334526
0.2196692098990802,-3.6318798176286236
0.21966912102024744,-3.6318798314261995
0.21975910380712174,-3.63084894867126
0.21984846035016964,-3.6297967238814053
0.21994025978796813,-3.628744697267889
0.2199423099351706,-3.628723655408253
0.22003861419629586,-3.6276722290070578
0.22013525795663616,-3.626620655867476
0.22013385648332434,-3.6265996016091586
0.22013386088336662,-3.6265996283407103
0.2202258826959528,-3.6255689281520698
0.22031730014687403,-3.6245168808258406
0.22041043348113445,-3.623464981702549
0.2205014609785758,-3.622412824063319
0.22059212102379427,-3.6213607275895603
0.2206810485660524,-3.6203084852248177
0.22077175198283366,-3.6192563911855284
0.22086002841340277,-3.618204086693286
0.22094657438886892,-3.6171516463982116
0.22103528916886428,-3.6160993050638637
0.2211236843155356,-3.615047028464179
0.22112507780826046,-3.615025974465508
0.22121293025956626,-3.613994911744251
0.2213048893339437,-3.61294292618566
0.22130339101880356,-3.6129218416112794
0.22139665152936527,-3.6118909700598993
0.2213952952238376,-3.611869901596435
0.22139599556658468,-3.611869961827637
0.22148881947689908,-3.6108392960108415
0.2215856868905172,-3.60978772101484
0.22158446914442176,-3.6097666715615504
0.22168251895431534,-3.608736199741093
0.22178180023913927,-3.607684846479195
0.2218827155587632,-3.606633672003524
0.22198177208906208,-3.605582300623685
0.22208317932423458,-3.6045311553590533
0.22218695619429593,-3.6034802428241335
0.22218955080435135,-3.603459247379627
0.22229644933700649,-3.6024299299771543
0.22240683483636342,-3.601379724489319
0.22240854965161963,-3.601358682789538
0.2224085132471986,-3.6013586965201156
0.22250980277112212,-3.6003288422817095
0.22261068670038603,-3.5992776557610053
0.22271366171978807,-3.598226591811991
0.2228162577372659,-3.597175589741604
0.22291708603679578,-3.5961244133789276
0.222919147644214,-3.596103388137352
0.22302327452338724,-3.595073813760529
0.22313174134432634,-3.594023388567027
0.22324261695966832,-3.5929732031664745
0.22335586505444768,-3.591923271373252
0.22335865758987686,-3.59190231126431
0.2234739547724315,-3.590873919039569
0.22358839080623663,-3.589824137911763
0.22370101836385486,-3.588774146228091
0.22381607705923434,-3.5877244168249844
0.22381645883031231,-3.5877241351194855
0.22393129223679312,-3.5866957105983657
0.22393273822587467,-3.5866746453323093
0.22404658244085254,-3.585645717998919
0.22416145768719847,-3.5845959737210165
0.2242787570364419,-3.583546485908863
0.22439844185253213,-3.582497267919176
0.22451977653997918,-3.581448268041509
0.2246385586277997,-3.58039897087599
0.22464086112275625,-3.5803779701619622
0.2247583685202639,-3.5793498361063185
0.22488049314988356,-3.5783009099906917
0.2250050366746707,-3.5772522569031127
0.22513196008480477,-3.5762038898717354
0.2251349882420467,-3.5761829699803855
0.2252645618120804,-3.575156248730425
0.22539810682304992,-3.574108735851026
0.2254010237418457,-3.5740877918519645
0.22553290772890058,-3.573061384175915
0.22566895658744368,-3.5720141835147747
0.22580250377357847,-3.570966647757531
0.22580499237855364,-3.570945666274345
0.2259369729134702,-3.569919286788537
0.22607394339083872,-3.5688721912519776
0.22607165422868328,-3.5688512143961817
0.22607229899418246,-3.5688512984010625
0.22620904672262526,-3.567825523238082
0.22635076120642653,-3.5667790493589338
0.2264948542428852,-3.565732891799559
0.22649827441698206,-3.5657120291001845
0.22664462442089303,-3.564687551046019
0.22679531743990183,-3.563642360947746
0.22694417627294258,-3.562596878444552
0.227095379657717,-3.561551734224452
0.22709888353030164,-3.5615308907341854
0.22709967116638932,-3.561531011963469
0.2272542509138022,-3.560507766979886
0.22740885720987478,-3.5594631367922855
0.2274109753024569,-3.5594421097652313
0.22741086417743628,-3.559442019837281
0.22741041046834948,-3.5594419846371466
0.22755531704218387,-3.5584173381568793
0.22770010323933979,-3.557371297727992
0.2278432024800447,-3.556325029683596
0.22798809998101038,-3.5552790016582816
0.22813061811864227,-3.554232647165323
0.22813290970493444,-3.5542116788485854
0.22827384224327507,-3.5531864874358554
0.2284200181116675,-3.5521406458948883
0.2284230842153459,-3.552119753367535
0.22842352384664694,-3.552119822484113
0.228573443295302,-3.5510958881784194
0.22872406578658963,-3.550050671730863
0.2288767905874068,-3.549005676968112
0.229029148804341,-3.5479607274341474
0.22903123556323213,-3.5479397042078076
0.22918181993143888,-3.546915157415759
0.22933268899619808,-3.5458699836747534
0.22948599110602097,-3.5448251515114717
0.22964134830198643,-3.5437805560248967
0.22979626033106632,-3.542735999253964
0.22994936021309711,-3.5416911608887323
0.22994968201381005,-3.54169089738866
0.2299499226937506,-3.5416909031352297
0.2301027510657796,-3.540667428094427
0.2302608234190421,-3.539623339889223
0.23042056848846446,-3.5385795118374577
0.23057850387639803,-3.537535388992653
0.2305812381151229,-3.5375144993891845
0.23073555585845446,-3.5364912340370225
0.2308905646622838,-3.5354466713184896
0.23089377861560803,-3.535425813685222
0.2310509407026028,-3.534402952583596
0.23121347724460495,-3.533359519626342
0.23121404353963088,-3.5333592770127003
0.23137849346150155,-3.532316357363328
0.2315432387482292,-3.5312732974486574
0.23171034580538166,-3.5302306027469625
0.2318798065654711,-3.5291882838285553
0.23188371802966837,-3.5291675514442598
0.23205492952102344,-3.5281469319882173
0.23205899400237456,-3.5281262135258715
0.23205986224786188,-3.5281263666040754
0.23224065713185546,-3.527086141521255
0.23242176594939956,-3.5260457829070186
0.232604516596505,-3.5250057255841303
0.2326082624514975,-3.524984962303395
0.23260804876039193,-3.52498494803271
0.23278606731276053,-3.523965509848188
0.23296984537658139,-3.5229256084851794
0.23315529598985923,-3.521886014322369
0.23315913208034644,-3.5218652550546445
0.23315957359319928,-3.5218653415761456
0.23334452017137103,-3.5208471440788265
0.233534741946585,-3.519808411590119
0.2337232126909435,-3.5187693426984814
0.23391336505403973,-3.5177305927858273
0.23410177046738756,-3.5166915209535192
0.23410570739037376,-3.5166707891950426
0.23429473199267906,-3.515653318763702
0.23448456936613435,-3.514614513240918
0.23467198346897053,-3.5135752561384375
0.23467522447784925,-3.5135544190302226
0.23486010731003357,-3.5125362195562366
0.23505043280951682,-3.5114975012157044
0.23505393834097552,-3.511476704311591
0.23524467507856822,-3.510438244512001
0.23543515492721487,-3.5093995631106645
0.23562394884745066,-3.508360577473537
0.23581521051819918,-3.5073220382141566
0.23581920169195061,-3.5073013306747387
0.23601108659510106,-3.5062844083667746
0.2362038543000373,-3.5052461466773486
0.23639420504854888,-3.5042074266151637
0.23658287121151628,-3.5031684148444633
0.23677370317463298,-3.5021297156388327
0.23696422405753112,-3.501091053619903
0.237153043839307,-3.500052085026763
0.2373436347030023,-3.4990134331533413
0.23753252900185884,-3.497974473261276
0.23753258881972128,-3.497974169751618
0.23771978424939727,-3.4969564128362536
0.23772259022880327,-3.496935495232626
0.23790477896898843,-3.495916803242486
0.23790805622325137,-3.4958959919453947
0.23809082699485215,-3.4948774048968265
0.23827897777089677,-3.4938382916256816
0.2384647384233296,-3.492798737410103
0.23864809852764168,-3.4917587575201106
0.23882909203531297,-3.490718364041972
0.2390077462859579,-3.489677567244797
0.2391840830744045,-3.4886363762066557
0.2393581197190393,-3.4875947990762928
0.23953055906237766,-3.486552987585777
0.23970557868436296,-3.4855115983792837
0.2398831469697997,-3.4844706343750507
0.24006250619570563,-3.483429979156135
0.2400651366922908,-3.4834090199604493
0.240237252530668,-3.482388560830903
0.24024007806687733,-3.4823676585997507
0.24041168096622967,-3.4813471365311224
0.24058367017754007,-3.4803052229978637
0.24075323568151064,-3.4792629015000083
0.2409211133610622,-3.4782203235715876
0.2409242890453969,-3.4781994740909172
0.24109680340153702,-3.4771578365879345
0.24110011903187822,-3.477137020760159
0.24127168374298424,-3.476116477617349
0.2414444487688646,-3.4750747060939604
0.24161897553877032,-3.4740332150325486
0.24179180641318568,-3.4729914460873808
0.24196639005614928,-3.4719499701159533
0.24196626211312092,-3.4719496258337017
0.24213535587937574,-3.470928695842415
0.2423055836041856,-3.469886521581761
0.24247758929689125,-3.4688446209846964
0.24247996679330178,-3.468823621524059
0.24264497298578927,-3.4678019973161827
0.24264758946972748,-3.4677810588335274
0.24281207182362852,-3.46675936421037
0.2429768178646444,-3.4657162791555898
0.243139506784998,-3.4646727917600724
0.24330258924233022,-3.4636294653433772
0.2434681644946253,-3.4625865255997414
0.24363619940878048,-3.4615439747235097
0.24380664735068966,-3.4605018123126428
0.2439794706717604,-3.4594600387999286
0.24397911123298066,-3.4594600674291898
0.24414765861911522,-3.4584390816856603
0.244316562088201,-3.4573966973043535
0.244483785973299,-3.456354035725733
0.2446534967381471,-3.4553117673403313
0.244824969062147,-3.4542697888487197
0.24482749051228647,-3.4542488266271594
0.24482708478863402,-3.454248784848806
0.24498930371805652,-3.453226729456801
0.24499278304933786,-3.4532059211932533
0.2451592517905493,-3.452184535980724
0.2453260581639438,-3.4511417779509768
0.24549114305673153,-3.45009874405844
0.2454935997599233,-3.450077769707001
0.24565509556918047,-3.4490555930646174
0.24565806618248448,-3.4490347124550196
0.24582009401320426,-3.4480126156773747
0.2458234622014886,-3.4479917756754834
0.24599061674348893,-3.4469704890136916
0.24616345005860288,-3.445928698183377
0.24633867885928654,-3.444887299661336
0.24651555796653737,-3.4438462094959257
0.24668991875004403,-3.4428046925861353
0.24668996542650187,-3.442804370279893
0.24669026881189182,-3.442804456669975
0.24686196988972234,-3.441783967475509
0.24703943868294823,-3.4407429783901504
0.24721931409983572,-3.4397023894447187
0.24722264999227875,-3.4396815928962448
0.24739843673311335,-3.438661783458921
0.24757464007639193,-3.4376205824367894
0.2477490730680342,-3.43657907190165
0.24775189941094874,-3.4365581630509476
0.24792337203299886,-3.4355375733478075
0.2481004373170207,-3.4344965045764244
0.24827989250807894,-3.4334558349092585
0.2484617002399495,-3.4324155753930334
0.24846518301805248,-3.4323948142535183
0.2486437383402702,-3.4313754110306713
0.24882786256283765,-3.4303355625716994
0.24882867625225558,-3.4303353736081634
0.24882930427275926,-3.4303354381191613
0.2488298061162209,-3.430335493233495
0.24901271123793267,-3.4293169268053805
0.24901620649415745,-3.429296178202812
0.24901668442193947,-3.4292962078593923
0.24919865722104992,-3.428277509559775
0.2492023554551047,-3.4282567572989597
0.2493839869618457,-3.4272379473522303
0.2495663042457508,-3.426197795274219
0.2497462172522511,-3.4251572127616603
0.24992376155525417,-3.4241162239721565
0.25009896481779437,-3.423074839543869
0.25027184908852407,-3.4220330685746796
0.2504431260842324,-3.4209910608912137
0.250616276868279,-3.419949341709085
0.25078780588144434,-3.4189073719120886
0.2507909973118085,-3.4188865429101916
0.2509636956816847,-3.4178661958792858
0.2511376353522038,-3.4168246210466
0.2513133570866533,-3.4157833298052194
0.2514873921286683,-3.414741762285286
0.251663888408604,-3.4137006058878376
0.2518421415985243,-3.4126597575332855
0.25201864626009896,-3.411618606143615
0.25202161121903804,-3.411597718943227
0.2520214523827321,-3.4115977161322673
0.25219265155702664,-3.410577099390701
0.2523687928463557,-3.409535890839507
0.2523723177629756,-3.4095150870325295
0.2525452365868636,-3.4084947616150427
0.25271865202490346,-3.4074530815456257
0.25289035897678996,-3.406411119855239
0.25306384622995737,-3.405369450288029
0.2530662092178112,-3.405348444055145
0.25323264005705415,-3.404327049114837
0.253235252949627,-3.4043061081753527
0.25323565406287113,-3.4043061753178567
0.25340449925214936,-3.4032851789410765
0.2534082030542326,-3.40326439210933
0.2535820719678421,-3.4022442173623357
0.2535852441551961,-3.40222336809803
0.25375850586426324,-3.4012031112151293
0.25393215623377413,-3.400161463610161
0.25410334944204716,-3.3991194003572827
0.2542728338014315,-3.3980770717827347
0.25427533954429343,-3.3980560986574506
0.2544411701443895,-3.397034610114354
0.25444419860201395,-3.3970137385370576
0.2546098076071659,-3.395992188917483
0.2547758186992906,-3.394949293690168
0.25494016476590325,-3.393906145567502
0.25494243898661045,-3.393885123530535
0.2551033005298154,-3.3928628413291455
0.2552651038129468,-3.3918193022997305
0.25526820346697815,-3.391798433556372
0.25543210787285375,-3.3907766219881927
0.2554356041269593,-3.3907558081600397
0.25560457002998227,-3.389734812384457
0.25577850740346747,-3.3886932236142555
0.25594997435530326,-3.3876512144684683
0.25611967710655564,-3.3866089200144214
0.25629181540521573,-3.385567024763328
0.2564656867675074,-3.3845254309473134
0.2566370973950029,-3.3834834272118446
0.25680605310280585,-3.3824410205680753
0.25697329094415716,-3.3813983473781617
0.25714301207287643,-3.380356071033054
0.25731520481566866,-3.379314196605347
0.25731892357778496,-3.3792934304010847
0.2573194985387689,-3.3792935423683796
0.25731936037763425,-3.3792935513891917
0.2573195656194127,-3.379293525966235
0.25731936526342936,-3.3792935291185833
0.25749366025949316,-3.3782522021447163
0.25766830211244796,-3.377210745494242
0.25784463813573144,-3.376169578465474
0.2580185158388947,-3.3751279927685216
0.2581899407950944,-3.374085996333327
0.2583589565496737,-3.373043603392306
0.25852559814559584,-3.3720008261606993
0.258528233708606,-3.371979916785078
0.25869215352934355,-3.3709580945716517
0.2588564399556977,-3.3699149396201853
0.2588589337250298,-3.3698940039831844
0.2588586347305535,-3.3698939799336745
0.25902253383441026,-3.3688721672886386
0.259024428842946,-3.3688510803408573
0.2591842736620568,-3.3678286390849252
0.2591865387587387,-3.367807628848528
0.2593459984037533,-3.36678512086949
0.2595063531756732,-3.3657413503248512
0.25950949374272897,-3.3657204762173194
0.2595090929803336,-3.3657204133767253
0.25966862868915946,-3.364697933907284
0.25982905820973046,-3.363654173887041
0.25999123686777226,-3.362610675503514
0.2601510088997033,-3.3615668079499597
0.2601529876651192,-3.3615457408849414
0.26030522915479526,-3.360522132788321
0.2604582305499372,-3.3594772720918042
0.26046033288561615,-3.3594562287273977
0.2606100546593482,-3.35843226255731
0.2607597661269594,-3.3573869094402755
0.26090708872624985,-3.3563412078662247
0.2610520532945311,-3.3552951793095724
0.2610533589062672,-3.355274019587802
0.26119665983154733,-3.354248495215155
0.26133974392207826,-3.3532022213437824
0.2614804621614166,-3.352155616857439
0.2614818292953427,-3.3521344789837295
0.26162068255737797,-3.35110838647222
0.2617594053917587,-3.350061526914529
0.2618964406165304,-3.349014443301521
0.2620352481441593,-3.347967592499142
0.262172345910232,-3.3469205221659255
0.26231120587837875,-3.345873684720379
0.26244764509697577,-3.34482652743881
0.2625816593758449,-3.3437790553900792
0.26271397992984385,-3.342731384193382
0.2628481266334144,-3.341683933805078
0.262979897578552,-3.3406361802973548
0.26310927947955287,-3.3395881273714725
0.2632363008570667,-3.338539784569524
0.26336167794997467,-3.3374912684601266
0.263488928250974,-3.3364429580657378
0.26349002567732593,-3.336421811247953
0.2636105761671334,-3.33539400975121
0.2637304406161844,-3.3343448253398846
0.26373123715131425,-3.334323632951701
0.2637303824258753,-3.334323545793484
0.26384580699850874,-3.3332947828597903
0.26396159423446636,-3.3322451376585804
0.26407498499629156,-3.3311952205246995
0.26407457190743927,-3.3311948467534713
0.26418466694190423,-3.3301658957134244
0.2642985015011088,-3.3291160538299724
0.2644099301099104,-3.3280659399200756
0.2644115771593982,-3.328044908143371
0.2645221320525737,-3.3270159991551345
0.2646364803011931,-3.3259662028822827
0.2647491248456932,-3.3249162172415714
0.2648642398259328,-3.323866497262
0.2649811151249517,-3.3228169814558064
0.2650962236566417,-3.3217672658423094
0.26509644511828717,-3.321766970111384
0.2652120753567251,-3.3207386319731436
0.26533227347239124,-3.319689497852988
0.26533046693753987,-3.319668511067179
0.26545238179353264,-3.3186404185694123
0.2654506281963317,-3.318619438043225
0.26557260186682785,-3.3175913395048466
0.2655708912341756,-3.3175703563883787
0.26568830931592713,-3.3165422107639357
0.26569076914411927,-3.316521221453716
0.2656905250894047,-3.316521194324363
0.2658053546351975,-3.3154927459159897
0.26592008388546984,-3.314442975283195
0.26592018860562944,-3.314442646752564
0.2660355278233265,-3.313414261035094
0.2661554106966182,-3.3123650770260387
0.2662769907412937,-3.31131609626753
0.26639605940141936,-3.3102668240228237
0.26651262943341963,-3.3092172685360275
0.26651378251815405,-3.3091961472922877
0.2666236617283155,-3.308167149597752
0.26673336758797733,-3.307116865199053
0.26684558257342206,-3.306066831327401
0.2668435344306785,-3.3060457539218424
0.2669532309030865,-3.305016758079303
0.26706201211101577,-3.3039663644964734
0.2670617011664951,-3.30396600224959
0.26706173995634,-3.303966044503914
0.26716942379510644,-3.3029368553849956
0.26728158837403293,-3.3018868230622385
0.26727972529142996,-3.30186576882408
0.2673893150909766,-3.3008367625179864
0.267389296781822,-3.3008364350576347
0.2673888987041201,-3.3008364228314555
0.26738853358559667,-3.300836414109158
0.267388176289271,-3.3008364018908667
0.2674884987327444,-3.2998064548058994
0.26758768543656986,-3.2987551050052786
0.26758831850696724,-3.298733920150303
0.2675876488984726,-3.2987338596394835
0.2675877259192662,-3.298733885018035
0.26758781484847116,-3.2987339079392943
0.2675876208520507,-3.298733820386916
0.267587128523988,-3.298733795868791
0.2676838792383676,-3.2977032415544913
0.2677811833446665,-3.2966517234526393
0.26787676008360345,-3.295600036312333
0.2679740604759669,-3.2945485144026323
0.26806962285578073,-3.2934968336129273
0.268166919291281,-3.292445317561587
0.2682617641539521,-3.291393575842106
0.26835486303539013,-3.290341685379623
0.2684497460367948,-3.2892899512655935
0.26845051833408473,-3.289268802390244
0.26854257065383,-3.288237844582114
0.26863602480797155,-3.287185980254965
0.26873123107605457,-3.2861342740531367
0.2687312911623822,-3.2861339552341824
0.26873130502700066,-3.286133914487733
0.2688233107070309,-3.285103222425124
0.26891871253511573,-3.284051559646269
0.2690123547145936,-3.2829997184966238
0.26910771609108397,-3.28194803741658
0.26920131796333935,-3.2808961927034677
0.2692966511550833,-3.27984450833093
0.26939022712830896,-3.278792661768837
0.2694855422797643,-3.2777409754430016
0.26957910172477784,-3.2766891277996586
0.2695774373024548,-3.27666803734082
0.2696688062575142,-3.2756372667845404
0.26967041884463544,-3.2756162095809653
0.2697614956442513,-3.2745853808899446
0.26985136075789107,-3.2735331946460517
0.26993881782726714,-3.2724807957654414
0.27002460463861816,-3.2714282819492726
0.2700259992705449,-3.271407202002382
0.27011554335278265,-3.2703762606006808
0.27020922695220484,-3.269324411219211
0.2703046666901065,-3.268272721405962
0.27039762555931424,-3.2672208080230942
0.2703983963983613,-3.267199654704049
0.2703982435343185,-3.26719957560487
0.27048569715552495,-3.2661684764663246
0.27057719178071443,-3.265116443641916
0.2705792967749996,-3.2650954062682085
0.27067344722826414,-3.2640648720126197
0.27076672415731706,-3.2630129143087685
0.2708596232066912,-3.261961009174878
0.2709500781849582,-3.260908886923359
0.27103810748412027,-3.2598565558867154
0.2710383880860567,-3.2598353678319567
0.27112351567826537,-3.2588038710573417
0.2712102584503005,-3.257751438313776
0.2712104031066793,-3.257751126002967
0.2712975648925412,-3.256720010263066
0.2713833560681431,-3.2556675059191464
0.27146741001505215,-3.254614856486623
0.27146572587775325,-3.2545937186155043
0.27154786476247833,-3.2535621727257498
0.2716285339953125,-3.2525092495971064
0.2716296111994473,-3.2524881520636235
0.27170994832950085,-3.2514564624333446
0.27179392104027245,-3.250403718700301
0.2717939155880378,-3.2504034028111266
0.2717935525180825,-3.250403419487528
0.27187380044731096,-3.2493717450931294
0.2719531961765677,-3.248318740777339
0.2720343558999361,-3.247265857660633
0.2721130862470117,-3.2462127876886533
0.27218938243964996,-3.2451595365992887
0.27226328011580814,-3.2441061132487197
0.2723348080180461,-3.24305252555545
0.27233449660307113,-3.243031298358763
0.2724016599893582,-3.241977617878193
0.2724000835061636,-3.2419564238165686
0.27246383205539815,-3.240923580473897
0.2724644719396619,-3.240902477824233
0.27252803705231654,-3.239869599911888
0.2725898541495374,-3.2388153920621625
0.2726496656052539,-3.237760995285479
0.2726501839326971,-3.2377398875587957
0.27265004177848895,-3.237739909265592
0.27264932041427564,-3.2377398872026926
0.2727131819207076,-3.2367069622334217
0.27271438813302723,-3.2366858584883142
0.2727818709660496,-3.2356532315100437
0.272852968406295,-3.234599602869626
0.27292577692768955,-3.2335461012216857
0.2729960705771999,-3.2324924277249503
0.27306421575106044,-3.2314385391834923
0.2730629461693798,-3.231417392028758
0.2731298269499657,-3.230384639337932
0.2731287698002177,-3.23036351237022
0.27312860321334925,-3.230363518970653
0.27312908017426807,-3.2303635631278724
0.2731936344385612,-3.2293307703666954
0.2732570911179161,-3.228276662319578
0.27332300941474913,-3.2272226941221307
0.27339138894045695,-3.22616888351962
0.27346218806442696,-3.225115233941053
0.2734639813874264,-3.225094151511881
0.27353779660805005,-3.2240619695911663
0.27353927004934875,-3.224040875176046
0.2736126824620011,-3.223008642007013
0.2736131196904594,-3.2229874792331197
0.2736814781700595,-3.221954899083151
0.2737480536698261,-3.2209009744367854
0.2737487901850323,-3.220879837445698
0.27374869275327474,-3.2208798393152045
0.27381676708449854,-3.2198472415781563
0.27388318732540085,-3.218793303376979
0.2739479434766076,-3.2177392745637845
0.27394642680625403,-3.2177180790735775
0.2740121388362197,-3.21668523649549
0.2740790846628683,-3.215631346756332
0.274143590252263,-3.2145772947636138
0.27414363528577684,-3.2145560904430415
0.27420251536731705,-3.213522944916229
0.27420235699480106,-3.213501730331891
0.27425823703607166,-3.2124683499334408
0.27425712070077934,-3.212447165969015
0.27425676086095047,-3.2124471470790943
0.2742570853940328,-3.2124471712436486
0.27431122412783304,-3.211413775118413
0.27436335053384,-3.2103590343388073
0.2744130490217447,-3.2093041684648433
0.27441253363739365,-3.209282935550431
0.2744585908398987,-3.2082491097383268
0.2745063010070866,-3.2071941698762036
0.2745523211157941,-3.2061391543603373
0.2746001264986516,-3.2050842185896276
0.27464550692806966,-3.204029176375611
0.27464584064716413,-3.2040080404653977
0.27469088179382534,-3.2029741962427836
0.2747337364602958,-3.201919048638698
0.2747329923484623,-3.201897816672696
0.27477206274527155,-3.2008637291212843
0.27481367434640736,-3.199808537973981
0.27481299174203266,-3.199787354470977
0.27485355864709954,-3.1987533536631108
0.27489173301612546,-3.1976980267104773
0.27492817141729575,-3.19664263913619
0.27496711763492737,-3.1955873396170364
0.27496656743739417,-3.1955661674908113
0.2750045038190368,-3.1945320725693196
0.27503996963148614,-3.1934766558009238
0.2750736882240953,-3.1924211802325035
0.2751099077664678,-3.1913657855841526
0.27514791275666284,-3.190310462057268
0.2751834470850534,-3.189255050674146
0.27521721702495466,-3.1881995868801942
0.27521659227205647,-3.1881784121942918
0.2752506023642501,-3.187144148405804
0.2752502200000403,-3.1871229884361836
0.2752844359718653,-3.1860887142836525
0.2753211067836642,-3.185033327957636
0.275321016610893,-3.1850121796284667
0.2753571580866321,-3.1839569656224285
0.27539283857557373,-3.1829015739823534
0.2753934908259141,-3.1828804267646604
0.2754288038783753,-3.1818462206783193
0.27546240303379127,-3.1807907508409135
0.2754977626140021,-3.1797353295134894
0.2755310303229003,-3.178679767091909
0.2755639577223757,-3.1776242857825263
0.2755944560501945,-3.1765687269178393
0.275622539569395,-3.1755130973291394
0.27564858823269595,-3.1744573459870242
0.2756750918337987,-3.1734017068160676
0.27570345285355746,-3.1723461006223266
0.27573011758063654,-3.1712904548843865
0.27573004515347327,-3.1712901489282523
0.2757303257491473,-3.1712902104503593
0.27576088683704786,-3.17025589687217
0.27578893873730004,-3.1692002759815017
0.27581527357888147,-3.168144609659641
0.27584342286323354,-3.167088980903239
0.27586987383583833,-3.1660333153436633
0.27586935534014295,-3.1660121382177557
0.27589592325233736,-3.1649776731906933
0.2758956614401138,-3.164956509009502
0.2759224421301068,-3.1639220313514316
0.27592282350674086,-3.1639217163440247
0.27592347458682787,-3.1639217553658625
0.27595493386971925,-3.1628874391715107
0.2759884216635056,-3.1618319731388
0.27601938983509344,-3.160776415762197
0.2760485626188605,-3.1597208066484384
0.2760481598190698,-3.159699641875165
0.2760486241346916,-3.1596996645211304
0.27607906895075784,-3.1586653181538518
0.27610696823925235,-3.1576096722320544
0.2761062900959882,-3.15758846527886
0.27613004124618445,-3.156553939550454
0.2761565375831074,-3.1554982559829585
0.27618480302027326,-3.154442618271954
0.2762105887548634,-3.153386916704311
0.2762346082032938,-3.1523311799087677
0.2762341974119887,-3.152310001466097
0.2762574951644635,-3.151275473800108
0.27627842359834637,-3.15021959535982
0.276277868655478,-3.1501984118400417
0.27627740689522234,-3.15019842334517
0.2762940588361566,-3.1491637756916315
0.27631271841374083,-3.1481079365952622
0.276329607342072,-3.147052056493538
0.2763489613562737,-3.145996217274875
0.27637042368229925,-3.144940350008418
0.2763707020303005,-3.144940050312822
0.2763924334850203,-3.143905515048804
0.27641611837234126,-3.142849809349543
0.2764372872877336,-3.141794030610085
0.2764368040755213,-3.1417728609239823
0.2764529507171641,-3.1407382027823045
0.2764663993845806,-3.1396822841033005
0.27647742902477745,-3.1386263250183477
0.2764768276266352,-3.13862599978948
0.2764855410095474,-3.1375912590710366
0.27648528618474494,-3.1375701273219674
0.2764939572678487,-3.1365353580211313
0.27649294494460497,-3.1365141545292183
0.2764973981827209,-3.1354793833949977
0.27650393698260034,-3.1344233886500152
0.27650877023336945,-3.1333673863436653
0.2765157734618747,-3.132311318901107
0.2765224606714221,-3.1312553444614277
0.27652669426360604,-3.1301993529423378
0.2765291901952109,-3.1291433662704597
0.2765335280221754,-3.1280873756141703
0.27653544575563727,-3.1270313747386793
0.27653528978118785,-3.1259752999698294
0.2765355561367961,-3.1249193249213243
0.2765380220176114,-3.1238632647051356
0.27654017985355445,-3.122807294793759
0.27653988618067415,-3.1217513133708485
0.2765378515721001,-3.1206953406517015
0.2765380682495929,-3.1206741985124387
0.2765411346708026,-3.1196394368615117
0.27654625461639415,-3.1185834594445665
0.27654959170998916,-3.1175274606296224
0.2765547006362358,-3.116471472521338
0.2765549849156263,-3.116450312448311
0.27656082920964203,-3.1154155565147166
0.2765687200282083,-3.1143595858625104
0.27657413078426757,-3.1133035866805283
0.2765734949266848,-3.1132823981163815
0.27657361105865297,-3.1132824154312524
0.27657671574209874,-3.1122266008278228
0.2765802280665132,-3.1111706095027025
0.27657994637589556,-3.111149442454218
0.27658349558020806,-3.1101146567401394
0.27658900829776123,-3.109058672931128
0.27659201466603317,-3.1080026654423007
0.27659253141415574,-3.106946652065075
0.2765912999991832,-3.1058906505646724
0.27659189770234205,-3.1048346428629316
0.2765900672064472,-3.1037786352236454
0.27658925847182947,-3.103757446570527
0.27658923573331057,-3.1037574719529943
0.2765855864109444,-3.1027227184821906
0.2765840157526376,-3.1016667113448184
0.2765806999193885,-3.1006107021870872
0.27657917489718453,-3.0995546910282803
0.27657588951514145,-3.0984986873974574
0.27657508609119014,-3.097442676726313
0.2765760589033902,-3.096386676845939
0.27657608514929144,-3.0963863587779454
0.276574500613033,-3.095351600928084
0.27657390628720363,-3.0953304367932954
0.27656788799211607,-3.094295676379243
0.2765645894741164,-3.0932396757144502
0.27656306015001236,-3.092183671098776
0.2765597222947736,-3.091127664702412
0.27655957113108426,-3.091106500387992
0.27655543368396845,-3.090071735464979
0.27655572407004575,-3.0900505671827774
0.27655127593735507,-3.0890157720482785
0.27655061057056596,-3.088994587122255
0.27654178581576594,-3.087959830511465
0.2765349864795535,-3.0869038346106072
0.2765257347013652,-3.0858478480859577
0.276514735205133,-3.0847918913593926
0.2765142710951242,-3.0847707099635175
0.2765029926783305,-3.0837149410626155
0.27650257112467247,-3.083693772885806
0.2764884244143993,-3.0826590923973667
0.2764877880359401,-3.082637917447261
0.27648791346473556,-3.0826379262524832
0.27647160060331066,-3.0816032772536794
0.27645804026351767,-3.0805473449478407
0.27644623974749205,-3.0794913947753653
0.27643193309630176,-3.0784354749458727
0.276415486804272,-3.0773795138223745
0.2763994115382027,-3.0763236431365946
0.27638583395862587,-3.075267731492443
0.27637402943466227,-3.0742118071801143
0.2763744263927639,-3.0741906411129896
0.27636330949389887,-3.073155928750402
0.27635491161891373,-3.072099955506522
0.27634894836599905,-3.0710439532241987
0.2763491325748976,-3.0710228024966613
0.27634993688840354,-3.0710228025970294
0.27634557218229594,-3.0699669936858016
0.2763462358581007,-3.069945812084761
0.2763438603871331,-3.068911029923482
0.276339108252783,-3.067854959470972
0.2763346977477015,-3.0667989715323407
0.2763352340904943,-3.06677779415667
0.2763358006352056,-3.0657430213857473
0.27633906155719146,-3.064687017640392
0.27633919324579864,-3.064665865882492
0.27633962943492163,-3.0646658016691255
0.2763418922257571,-3.0636310524038013
0.2763415537588105,-3.063609889354771
0.2763392757653251,-3.0625751024644035
0.2763389687897386,-3.0615190973270887
0.27633687076338187,-3.060463079460753
0.27633743254414295,-3.0604418898070826
0.27633758154320726,-3.0604418220496594
0.2763396472898745,-3.0594070621032117
0.2763391513283836,-3.059385892115215
0.27633597513554614,-3.0583511064568585
0.2763308048357728,-3.057295112380014
0.27632744118991326,-3.056239098271701
0.2763223430807258,-3.0551830982477575
0.2763197426911727,-3.054127087205317
0.27631962351461403,-3.053071071399676
0.276321594701309,-3.0520149902229656
0.27632384764287976,-3.0509589955235654
0.27632849869236986,-3.049903003997682
0.2763348448823223,-3.0488470431003236
0.27633931075401563,-3.0477910510610293
0.2763461677178912,-3.0467350682199035
0.27635542045056516,-3.0456791006838126
0.2763670416306941,-3.0446231544180247
0.276367431978625,-3.0446020351300143
0.27637880914522256,-3.0435673001606087
0.276392747799651,-3.0425113771717123
0.27639391595885593,-3.0424901798478494
0.2764125637685419,-3.0414555472063203
0.2764331103214847,-3.0403997562969827
0.276451058356074,-3.039343902530351
0.27646644289686756,-3.038288004987595
0.27648001785285475,-3.037232083363705
0.27647972969452633,-3.037210923295808
0.27647949747363293,-3.037210939659131
0.2764900542574025,-3.0361762191195396
0.27649787904932516,-3.035120234010471
0.27650325739379883,-3.03406422277567
0.2765062290048575,-3.0330082034345263
0.27650682375082236,-3.031952181702345
0.27650506554109966,-3.0308961627369184
0.2765009735072432,-3.0298401515408746
0.2764945629406686,-3.0287841530213178
0.27648584605027865,-3.0277281720214964
0.27647483257426625,-3.0266722133433075
0.2764734874752587,-3.0266510039253283
0.2764586035467361,-3.0256163264616425
0.27644586473744737,-3.0245603961369425
0.2764307621280349,-3.0235044859663027
0.27641397711293847,-3.0224486222371603
0.2763997691018542,-3.0213927152714497
0.2764001102270562,-3.021371558188624
0.2763997625572569,-3.021371580819704
0.27640010919607255,-3.0213716000207116
0.2764004222012086,-3.0213716161002653
0.2763927969158548,-3.020336863454462
0.2763824880314756,-3.0192808932302997
0.2763704510843862,-3.0182249442131743
0.27636024160932215,-3.0171689727856768
0.2763595719198142,-3.017147784221115
0.27634446867603424,-3.0161131018779828
0.27632739073964585,-3.015057235006192
0.27632760539573703,-3.0150360609673963
0.27632714960679633,-3.0150360725250525
0.27631220923939237,-3.0140014018924974
0.27631153483794324,-3.013980216888515
0.2763109678151388,-3.0139802240055613
0.2762886348335562,-3.012945671649711
0.2762886265559092,-3.012924514146531
0.27626651445919836,-3.0118689030048866
0.2762441262507825,-3.0108131247618606
0.27621933324557063,-3.009757395762211
0.2761921451455347,-3.0087017261071156
0.276191856129636,-3.0086806004279967
0.276165644778891,-3.007646151508701
0.2761422537607689,-3.0065904038147226
0.27612138729641167,-3.0055345900006483
0.2761212853528775,-3.005513421275592
0.2760996402787006,-3.004478871188172
0.27609922027993267,-3.0044577018282674
0.27607231964426604,-3.0034232510018675
0.2760433708682074,-3.0023676338144334
0.27601691085731767,-3.001311939879738
0.2759929356098609,-3.000256186961078
0.27599294062522994,-3.0002350232241075
0.2759681374725541,-2.999200539138774
0.27594054158366177,-2.9981448890067885
0.27591116327597065,-2.997089280243703
0.2759115538024169,-2.9970680953978057
0.2758871902729059,-2.996033581921688
0.2758870759760876,-2.9960124233985796
0.2758625551013248,-2.9949568733037846
0.275838318876971,-2.9939011411519574
0.27583828934872334,-2.9938799876968205
0.27581321019183414,-2.9928455116062485
0.27581282175135236,-2.9928243540355024
0.27581250015343745,-2.9928243706574
0.27578000988767143,-2.991790090287625
0.27577916891287135,-2.991768929143651
0.2757423584521437,-2.9907347651044054
0.2757076209314205,-2.989679239762469
0.275673246472493,-2.9886237854414515
0.2756413158514975,-2.9875682524804805
0.275611106278609,-2.986512687199982
0.27561071474848137,-2.986491537804352
0.2755756407008035,-2.9854573398615205
0.27553759851700277,-2.984402017424503
0.2755365842041402,-2.9843808690190565
0.27549477904071246,-2.9833469082385795
0.2754553145417569,-2.9822916322633586
0.27545487159519194,-2.9822704747604325
0.2754547564407233,-2.98227049157779
0.27545459811375816,-2.9822705180824025
0.2754101334548074,-2.9812366820771063
0.27540998799283184,-2.981236356852578
0.2753620082135941,-2.9802026301729176
0.275311748075123,-2.9791478146453056
0.27525978729818934,-2.978093086017447
0.2752096479807377,-2.977038261315534
0.2751578199866674,-2.9759835286466765
0.2751568254959747,-2.9759623938031923
0.2751048825728061,-2.9749288994735674
0.2750503797189753,-2.973874303016887
0.2750493863896654,-2.9738531644871142
0.2750497390370185,-2.9738531540089452
0.2749961927222744,-2.972819678621197
0.2749405219808381,-2.9717651280920436
0.2749390506140713,-2.9717439984482508
0.2748800185652579,-2.970710862516236
0.27487965593148767,-2.9706897026853736
0.2748257982072427,-2.969656279885171
0.27477402210152924,-2.9686015232924006
0.2747742867405854,-2.9685803100175727
0.2747745962963885,-2.9685802188524946
0.27472816447344983,-2.967546458397768
0.27468316951785854,-2.9664914201790924
0.27463565313201926,-2.9654364780797264
0.27463472302610625,-2.965415346831071
0.2746343252000697,-2.96541537814963
0.27463394079055037,-2.965415417911246
0.27463356848404974,-2.965415454655103
0.2746332058006702,-2.9654154887810478
0.2746335334394828,-2.965415479329181
0.27463382265119285,-2.965415470825921
0.27457620941320743,-2.964382187085343
0.2745164966953868,-2.9633278485994015
0.2745171248980089,-2.9633067135392457
0.2744568927389618,-2.96227354377327
0.27439501603153865,-2.961219262180649
0.27439348502273303,-2.961198155913061
0.2743935089040667,-2.9611981730430794
0.27433047360954765,-2.9601651859946916
0.2742655619166826,-2.959111163361166
0.2741989772021815,-2.9580572550755377
0.2741349414019012,-2.9570031856415717
0.27407343615973306,-2.9559489633674327
0.27401440695266255,-2.9548945982360046
0.2740145942945893,-2.954873406551156
0.27395911648180765,-2.9538400292011664
0.27390146815415484,-2.9527855990377403
0.2738420365631723,-2.9517312600610373
0.2737850768852862,-2.9506767827047877
0.27373023794679946,-2.9496221221995005
0.27367501885078765,-2.9485675814964702
0.27361729937568585,-2.9475131678642503
0.27355710848406994,-2.946458886982836
0.2735577844496016,-2.9464377802507924
0.27349702346042587,-2.9454046596795798
0.27343431330183615,-2.9443505159332592
0.2733692262403922,-2.94329650486127
0.2733024913132002,-2.94224262259021
0.2733016931976091,-2.942221512413573
0.2732386910207314,-2.941188521636598
0.2731744748416787,-2.940134478249029
0.27311208086478406,-2.939080306437577
0.27304728991118227,-2.9380262795252
0.27298009071199997,-2.9369724034941975
0.27291051413800255,-2.935918682041353
0.2729097867740275,-2.9359184118028145
0.2729095395139715,-2.935918483224692
0.2728392560012371,-2.934885949792909
0.2728373855505322,-2.9348648739226024
0.27276386848901785,-2.933832656522987
0.27268676635081796,-2.9327794577533495
0.27260802336447615,-2.931726396299006
0.27253185661073925,-2.9306731405093887
0.272457539100572,-2.929619748452177
0.2724558759015693,-2.929598653064459
0.27245601380674306,-2.9295986618128165
0.2723780149132358,-2.9285666326810915
0.2723791099565166,-2.9285455387680313
0.2723038683114885,-2.9275134595339667
0.2722296077119538,-2.9264600565719867
0.2721536311851555,-2.9254067722968453
0.27215225073119126,-2.9253856665531757
0.27207663108953917,-2.924353615246684
0.27199791494714814,-2.923300541671751
0.2719209616485105,-2.922247329835187
0.27184157115884694,-2.921194299530199
0.27176044288415824,-2.9201414133818226
0.2716818167785745,-2.91908833459778
0.27160498540155154,-2.9180351291982407
0.27152569265703247,-2.916982103899218
0.27144463757313786,-2.9159292190371815
0.27144384275995403,-2.915908088252733
0.271366024778206,-2.914876039131939
0.2712865667003431,-2.9138230251810473
0.2712053815329111,-2.912770144979322
0.27120373752859994,-2.912749062541911
0.271123859699657,-2.9117173181857225
0.27112250038313335,-2.911696223080649
0.27104208412727737,-2.9106645361518897
0.27095808238006996,-2.9096117902355223
0.2708737407176546,-2.9085591574224656
0.2708718385408231,-2.908538098213286
0.2707839003826123,-2.9075070135172623
0.27069199737794347,-2.9064550091433037
0.2705984115056735,-2.905403161787646
0.270506665042812,-2.904351140435264
0.27041254251467506,-2.903299329186342
0.27031672954965985,-2.902247688707543
0.2702227556376505,-2.9011958702251492
0.27022062529340274,-2.901174831731535
0.27012411589566776,-2.900144509960631
0.27012225555253727,-2.900123456417515
0.2700252381208905,-2.899093187592593
0.26992473995084404,-2.8980419716709247
0.2698260093742469,-2.8969905786950094
0.2697248512116353,-2.895939416981275
0.2696212617743017,-2.894888492343613
0.2696188275092176,-2.8948674880564185
0.26951205296642256,-2.8938381597355187
0.26940172965750214,-2.892787942138408
0.26929324087342615,-2.8917375106482215
0.2691823809385553,-2.8906873276980227
0.2690691354613545,-2.8896373998864866
0.26906639014530603,-2.8896164312831916
0.26895020580153317,-2.88858811716903
0.268830317106282,-2.8875389523466013
0.2687122789162397,-2.886489551389823
0.26859188608690615,-2.8854404189305036
0.2684691213945212,-2.8843915619458604
0.2683440107939872,-2.883342982854566
0.26821657534669363,-2.882294684420374
0.268215706729879,-2.8822944707263334
0.26808801779071334,-2.8812675231355627
0.2679558480766514,-2.8802198284388494
0.26782136869221773,-2.879172414620183
0.2678180181874627,-2.8791515408137585
0.26768110186293637,-2.8781257683274095
0.2675394391980587,-2.8770793015343052
0.2673961797756658,-2.876033072901609
0.26725481072846735,-2.8749865635000855
0.2672568462075772,-2.8749656627792186
0.2671135370277575,-2.8739401513454714
0.26711288476023287,-2.8739399161091823
0.26697158866758797,-2.8729147535032915
0.2668253745295987,-2.8718689179743135
0.26667682722881914,-2.8708233996739905
0.26652597031676845,-2.869778212726455
0.2663735197531187,-2.8687332884964074
0.2662229570169742,-2.8676880664461324
0.2660700811387749,-2.8666431799309438
0.26591556408439443,-2.865598557951528
0.2657629041238006,-2.8645536446967244
0.2656079035885164,-2.8635090747222622
0.2654512373806216,-2.8624647720902043
0.2652964120293187,-2.8614201797233605
0.26513923230628167,-2.8603759371365047
0.26497968310461983,-2.859332051971576
0.26481848379031536,-2.8582884417364167
0.26465982715339226,-2.857244434289204
0.26450369185509426,-2.8562000407839783
0.2643493343965646,-2.855155388710971
0.264346285880615,-2.855134508961786
0.26418970144255255,-2.8541115765752587
0.2640277113713874,-2.8530680699325255
0.26402412464471203,-2.8530472585783313
0.2638601762662652,-2.852025453992816
0.2638563719605126,-2.8520046737971754
0.263687531581424,-2.8509836598183456
0.2635130982406576,-2.849942142450554
0.2635089966312657,-2.8499214010538743
0.26333298813796996,-2.8489015890666805
0.2631512822151271,-2.847861314457902
0.26314696192900205,-2.8478406138997414
0.26296468599017586,-2.8468219163176607
0.26296078210928653,-2.846801156838125
0.2627781175958729,-2.845782528456478
0.2625895297339165,-2.8447434795769535
0.2625852835509654,-2.844722777407643
0.2625845443900424,-2.844722912266638
0.26239249331292847,-2.843706002848151
0.26238883707919236,-2.8436852580744065
0.2621966288004092,-2.8426683375319985
0.2619984867625945,-2.8416310613721687
0.26179801775870315,-2.840594225939439
0.2617933502156373,-2.840573620356159
0.2617927425336778,-2.8405736641534762
0.2615922130358468,-2.8395584271118244
0.26139071374758804,-2.838521826981634
0.26119098545280206,-2.83748487630123
0.2609888471085032,-2.8364483911816967
0.2607849934621192,-2.835412250016344
0.2605829038039017,-2.8343757604352664
0.2603784334179917,-2.8333397362167805
0.2601757027208194,-2.832325097785288
0.2599665607530366,-2.8312900499103613
0.25975502851501814,-2.830255465768853
0.2597544321470521,-2.8302552857119854
0.2595444116319277,-2.8292419538536038
0.25932803704945795,-2.828208372757314
0.2593230816199884,-2.8281878760015364
0.25910602448387154,-2.82717600589756
0.25888244039189484,-2.826143939410312
0.25865726467453637,-2.8251122339381336
0.2584339256804333,-2.8240801090439525
0.25820828823895225,-2.8230484839375114
0.25798033239001716,-2.822017367985306
0.2577500814237376,-2.8209867617913322
0.25751824469690393,-2.819956539091072
0.25728825910961145,-2.8189258793622045
0.2570559835377051,-2.817895732343265
0.2570514991557233,-2.8178752098446562
0.25705127476498724,-2.8178752916688614
0.25705116187298427,-2.8178753511531975
0.25705047601809183,-2.8178755185668347
0.2568250313237335,-2.8168654769758645
0.2565928409998161,-2.8158352965044426
0.25635831630649347,-2.814805636078196
0.25612148909116655,-2.8137765059458837
0.2558823807198837,-2.81274790639251
0.2556410084284375,-2.811719838243031
0.25539738621256214,-2.810692303032888
0.25539178851123434,-2.810671976312308
0.2551489675170107,-2.8096652735837635
0.25514852616617095,-2.8096650487566763
0.2551479313572737,-2.809665223261195
0.25490497254712297,-2.8086592501355296
0.2546549701807004,-2.8076332612180646
0.2544026340723762,-2.8066078317326673
0.25414799784096065,-2.8055829716718073
0.2538914060859023,-2.8045585333794003
0.253634624361247,-2.8035342308855866
0.253628969461207,-2.803513952814538
0.253373194521789,-2.802510511232542
0.25311457642372703,-2.801486670299401
0.25285432529753993,-2.8004632409333965
0.2525958279797787,-2.7994393619191613
0.2523356695221187,-2.7984159088644134
0.25207792864971684,-2.7973918397686344
0.25182192356707506,-2.7963673434879253
0.2515641905953487,-2.7953432740343764
0.2513081538038661,-2.7943187859724214
0.25130299647041626,-2.7942983752568775
0.25104693449371135,-2.7932956582519144
0.2507834224616253,-2.7922730575759864
0.2505175563784908,-2.791251054227469
0.2502500593314927,-2.790229495847502
0.2499850334006212,-2.789207288502299
0.24972178543558665,-2.7881846220167428
0.24945617476770005,-2.7871625644096665
0.2491881986818856,-2.7861411222683916
0.24891789417305754,-2.7851202923454053
0.24864529130730675,-2.7841000727831253
0.24863925287567964,-2.784079899803823
0.24836713565628232,-2.7830813777827483
0.24808743973551511,-2.7820630790712344
0.2478061683381193,-2.7810452311778087
0.24752671959967767,-2.780026861659779
0.24724500505739455,-2.7790091171611584
0.24696100481470662,-2.7779920080333955
0.24667542144624896,-2.776975367845769
0.2466700847901478,-2.7769550334399993
0.2463938935250098,-2.7759576206109626
0.24638850265835263,-2.7759373018163838
0.24638778263562622,-2.7759375040415653
0.24610956629142494,-2.7749406793906726
0.2458235462309924,-2.7739241276962208
0.24553522708151856,-2.772908216854499
0.24553446101072643,-2.772908092743747
0.24553359141578077,-2.772908368024236
0.24524642876039482,-2.7719140748647395
0.2449520572040604,-2.77089994192725
0.2446594502765715,-2.7698852735987587
0.24436455739176566,-2.768871267414556
0.2443581833051403,-2.7688511993540406
0.2440590849592826,-2.7678386268604527
0.24375966525426682,-2.7668259668083053
0.24345795644774337,-2.7658139782397786
0.24315396673955575,-2.764802670050521
0.24314789211125876,-2.764782746444968
0.24284963423750347,-2.763791669488236
0.24284887669768426,-2.7637915678361287
0.24254926240075173,-2.762801008447419
0.24224586652180538,-2.7617895324782875
0.24194086090662373,-2.760778538050924
0.24193539882638923,-2.7607582183612784
0.24164007278780397,-2.759766304042211
0.24133663777248027,-2.7587548279058867
0.2413301392487673,-2.7587347932616235
0.2413294892378577,-2.758734998182273
0.24132890889733838,-2.7587351933837763
0.24132838315720567,-2.758735370877699
0.24101980509652227,-2.75774749676543
0.2407028289032724,-2.7567401664109554
0.24069603253351093,-2.7567202401186472
0.24069596383240946,-2.7567202722087263
0.24038250669777877,-2.755733915047589
0.2400606287274011,-2.754728136961916
0.23973679857797223,-2.7537229105493863
0.23941276131877348,-2.7527178429778107
0.23908716400757526,-2.751713300185587
0.23876332934964456,-2.7507081724991878
0.23843723259949776,-2.749703774905338
0.2381088595206862,-2.7487001175285863
0.23777823714260013,-2.7476971977491527
0.23777098157082255,-2.7476774480610557
0.23777074050080382,-2.74767756429039
0.23744492099066686,-2.7466952954116075
0.23743884624396921,-2.7466751611975173
0.23711717323084097,-2.745691447914203
0.23678755557570907,-2.7446881975306803
0.2364596364791685,-2.7436843790559062
0.2361300884721212,-2.7426811016649415
0.23580290513095117,-2.7416770491652973
0.23547741681043016,-2.740672457168687
0.23515023381312222,-2.739668410681621
0.23482537351970142,-2.738663608198934
0.23450217951073157,-2.737658284963025
0.23449574561586034,-2.737638256772414
0.23416814422493765,-2.7366345465980997
0.2338401222213872,-2.73563079632863
0.2338340551496569,-2.7356106633141337
0.23351217328389837,-2.7346270371915207
0.23318162569073128,-2.7336240980630437
0.23284878202503312,-2.7326219060200176
0.23251367941459838,-2.73162046726197
0.23217634290439917,-2.730619779466141
0.2318367927275719,-2.729619841355498
0.23149535124032317,-2.728620480015381
0.2311537541634765,-2.7276212611482515
0.23081063183938144,-2.7266225885438775
0.2304699605960557,-2.72562306600375
0.23013105625865335,-2.7246229333547354
0.22979052627404337,-2.723623356227659
0.22945235863156932,-2.72262297057712
0.22911654831348244,-2.7216217856938094
0.2287830540832329,-2.7206198229608676
0.2287768895790675,-2.720599758915566
0.22877764872339487,-2.7205995204073266
0.22845166930530725,-2.7196173070655236
0.22811741093074253,-2.7186155960969454
0.22778478319723952,-2.717613342074983
0.22744979702389984,-2.7166118719344645
0.22711245907995678,-2.7156111899272277
0.2267731181901282,-2.7146111105635247
0.22643353526457619,-2.7136112077612906
0.22609235354848475,-2.712611860688424
0.22575290586283434,-2.7116119102974405
0.22541184866660527,-2.710612514207131
0.22507250334121476,-2.7096125284270896
0.22506544193287262,-2.7095927151314774
0.22506557910899927,-2.709592697001559
0.22473018279443324,-2.70861361552213
0.22438649804899333,-2.7076151088598617
0.22404451364621425,-2.7066160022007706
0.2237002430779314,-2.705617680854679
0.22335368005016146,-2.70462015276123
0.2230048576446224,-2.7036234125680267
0.22299724681761943,-2.7036037879303128
0.2226506212405046,-2.7026286051611494
0.22229551763353939,-2.7016341109101076
0.22194216476566828,-2.7006389652472187
0.22158724886137682,-2.6996443926557303
0.22123471957383933,-2.6986489673014113
0.22088456504918105,-2.6976527006799844
0.2205367387032189,-2.6966556164724333
0.2201912032146227,-2.6956577344590764
0.21984727647050184,-2.694659322272439
0.219500932103495,-2.6936617399751377
0.21915219003996012,-2.692664988103778
0.21914563754729513,-2.6926450102100987
0.21880428067370708,-2.6916680254943324
0.21845819374037753,-2.690670348355531
0.21810978724700236,-2.6896734653844314
0.21810249810769866,-2.689653742196263
0.2181019517157527,-2.6896539483523396
0.21775434350501124,-2.6886788614204447
0.21740182514434594,-2.687683428936482
0.21739462802089082,-2.6876636741774824
0.21704500283232744,-2.686689162324106
0.21669041407612205,-2.6856944639491727
0.21633417302085217,-2.684700345751484
0.21632714619633392,-2.6846805176773194
0.21632696161275328,-2.6846805972473198
0.2159754632765741,-2.683706948035821
0.21561890879576825,-2.6827129544970614
0.21561179418549084,-2.682693170697303
0.2152581433844967,-2.681720142934284
0.21525185232944677,-2.6817000399965125
0.21490296053483005,-2.6807256747837593
0.21489620403368578,-2.6807057597947117
0.21454673100185817,-2.6797316152827877
0.21418781123004232,-2.678738460122101
0.21418039610554096,-2.6787187656327904
0.21382373180884864,-2.677747205689936
0.2138160433234593,-2.677727606413005
0.2138160926301001,-2.6777275900473203
0.21345755084674625,-2.6767567592496495
0.21345025007675325,-2.6767371409214955
0.2130912819261518,-2.6757664477756107
0.2130836748073338,-2.6757468107451046
0.2130832149362795,-2.6757469737783315
0.21308278836791883,-2.6757471383158498
0.21308238683020334,-2.675747294598792
0.21270565370114752,-2.674760957771994
0.2123285160911037,-2.6737745848541103
0.21194976897470952,-2.6727888309005357
0.21194217397177956,-2.6727692259010545
0.21157051596012824,-2.6718021929984173
0.21119364475808355,-2.670815727812605
0.21081511609752224,-2.66982988209796
0.21043820717385409,-2.6688434262380634
0.2104312420570395,-2.668823584438419
0.21006227137383726,-2.667856663701054
0.21005560562371187,-2.667836693284623
0.20969059036096363,-2.6668682008147444
0.20931600260547234,-2.665880853935746
0.2093081756355937,-2.6658613274193743
0.2089362332157727,-2.6648955075822838
0.20855453634396162,-2.6639108807645666
0.20817060244085459,-2.662927115191353
0.20778513198342013,-2.6619439784629013
0.20740205843814236,-2.6609599012352048
0.20702070779164447,-2.6599751529225526
0.20663775083409888,-2.658991033843776
0.20663007730509564,-2.658971452963425
0.20625385446288202,-2.658007338011706
0.20624588536309266,-2.6579878622583526
0.20624542683901206,-2.6579880503240534
0.20624528001983172,-2.657988038892169
0.20586299702023203,-2.657026306586689
0.2054750404817664,-2.6560441511407724
0.20508479008471384,-2.65506289091045
0.20507668403016513,-2.655043500181295
0.20507679491189104,-2.6550434720991394
0.20469153349996716,-2.654082872276676
0.20429634625291967,-2.653103585525321
0.20389892570123774,-2.6521251927893785
0.2034999733093085,-2.6511474496451553
0.20310273975499715,-2.650168992763247
0.2030949980973157,-2.650149485151396
0.20270627863306256,-2.649190330566739
0.20269991185848832,-2.649174932319239
0.20231157831575441,-2.6482152952048565
0.20230451234628657,-2.6481954736335336
0.20191803313530346,-2.647229366900588
0.20152368990434177,-2.6462497382561176
0.2011270574036849,-2.6452710260115726
0.20111865709711402,-2.6452517401770472
0.20072367653306747,-2.64428829458043
0.20071556300484325,-2.644268888225424
0.20032238729177027,-2.643311529947656
0.1999189745305668,-2.642335599983749
0.19991042987932117,-2.6423163632423474
0.19950812709556462,-2.6413541858148477
0.19910270698439964,-2.6403790916438763
0.19909429779672805,-2.6403598083013953
0.19869224672940594,-2.6394061303970635
0.1982798292303099,-2.6384339713801035
0.19786585630517878,-2.6374624834154203
0.19745422730696455,-2.6364899973792992
0.1970442810694858,-2.635516803973639
0.19663208307902075,-2.634544561552692
0.19621763222946215,-2.633573276430167
0.19580161553128386,-2.6326026778411378
0.19538728782514497,-2.6316313465143306
0.19497140306570634,-2.6306606908362125
0.19455782713666883,-2.6296890439390457
0.1941459134296979,-2.6287166968169244
0.1937317266595832,-2.6277453118811893
0.19331527034658647,-2.6267748942802607
0.19289658480616717,-2.6258054338835324
0.19247570289419602,-2.624836923220337
0.19205293924589523,-2.623869157872471
0.19163000172050607,-2.622901562405205
0.19120519867669042,-2.6219347042020344
0.19078086155846535,-2.6209677521881773
0.19035887376094915,-2.619999758602477
0.18993885668089827,-2.619030816241812
0.18951856359882532,-2.6180620950741003
0.18909600067249954,-2.6170943504201167
0.18867183277816393,-2.6161273098051305
0.1882499614594434,-2.6151592544666658
0.18824232029288623,-2.6151396867052026
0.1878269990360552,-2.61417690165547
0.18740734571164636,-2.6132078708154567
0.1873990259464499,-2.61318864574141
0.18698682599773303,-2.612239345131709
0.18656395910170054,-2.611271702047678
0.18613883918783247,-2.610305033546015
0.18571151115324117,-2.6093393392959037
0.18528265563919757,-2.6083743447992442
0.18485549682535846,-2.607408583770233
0.18484716080454808,-2.6073893542372875
0.18442910650219624,-2.6064426107968566
0.1840053321748696,-2.605475363693592
0.18399698232824657,-2.6054560779064233
0.18358076936733966,-2.604508525250549
0.18315379856717628,-2.603542679371971
0.18272457164635056,-2.6025778222017224
0.18229313489459387,-2.6016139523554163
0.18185951993444122,-2.6006510619598586
0.18142375237427866,-2.5996891452333797
0.18098650185458345,-2.598727931311199
0.18055161308001905,-2.59776563922688
0.18011871977833976,-2.5968023585002094
0.1796855833257434,-2.5958392902017002
0.17925021659273843,-2.5948772212329807
0.179241085234372,-2.5948583156263414
0.17880975643662964,-2.5939175149080964
0.17836753886021434,-2.5929585633561705
0.1779231560963902,-2.592000599888475
0.17747728612161562,-2.591043354131066
0.1774679994327181,-2.5910244914327163
0.17746745978367848,-2.59102476112878
0.17702850930858707,-2.5900872125102667
0.17658331500164426,-2.5891296300152207
0.17614001754886194,-2.5881710803871516
0.1761319578782948,-2.5881516769833217
0.1761318047119526,-2.5881517789797286
0.17569693509490333,-2.5872126410240623
0.17569701391077283,-2.5872116972420467
0.1752623921593304,-2.5862724375367545
0.17482097705338467,-2.5853131118440227
0.174812655136364,-2.5852938319851844
0.17481287166203477,-2.5852937391257225
0.1743819526383319,-2.5843527145595897
0.17394016353563121,-2.5833935461235353
0.17349616690037867,-2.582435387516358
0.17305000251405048,-2.58147823940336
0.17260234742539476,-2.580521814996031
0.17215702527574447,-2.579564297204413
0.17171401831917196,-2.5786057022209463
0.17127293356034004,-2.5776461420701255
0.1708321873311761,-2.5766865236016128
0.17083236457002912,-2.576686106716535
0.17040167164596065,-2.5757450838984
0.16995993079666802,-2.5747859394617985
0.16951656963721898,-2.573827528404387
0.16907546184531816,-2.572868070872251
0.16863597310969666,-2.571907879179289
0.1681942233772082,-2.570948719796019
0.16775021972349813,-2.5699905967229792
0.1673040048708921,-2.5690334978315015
0.16685625377248145,-2.5680771327239134
0.16641080963014704,-2.5671196832386403
0.16596702825651283,-2.566161461391312
0.16552102822752565,-2.565204266155433
0.1650728090035124,-2.5642481044310177
0.16462240712336662,-2.563292966292008
0.16416985241775808,-2.5623388444313653
0.16371516920649926,-2.5613857337558397
0.1632583773703592,-2.560433630976366
0.1627994932208383,-2.55948253427144
0.1623391710083506,-2.55853216637581
0.16188057171745465,-2.5575809377038237
0.16187144862695832,-2.5575622830110154
0.1618712819296876,-2.5575623982683666
0.16142373697067763,-2.55662914465059
0.1614140348098712,-2.5566104932671085
0.16096216953873932,-2.5556793646643343
0.16049899808522933,-2.554730335038646
0.1600336998866321,-2.553782337429232
0.1595669492134749,-2.5528350865143086
0.15955787455156956,-2.5528161737237824
0.15910481420194017,-2.551885647879054
0.15864525341263103,-2.550934876090634
0.15863618911642294,-2.550915953615208
0.15818493013506715,-2.5499845717654965
0.1577228544098781,-2.5490350174772267
0.15726234860316288,-2.54808469784886
0.1567996279155849,-2.5471354548176874
0.1563346951012603,-2.5461872932748255
0.15586758883053342,-2.5452402008713277
0.1553983406502986,-2.544294168329987
0.15492761365446825,-2.5433488965858286
0.1549178543831846,-2.5433302876135864
0.15491734380410951,-2.5433305604787315
0.15445332351514532,-2.542405443771204
0.1539783728961833,-2.541462276522068
0.153505031350529,-2.540518283638597
0.1530295350554341,-2.5395753749153207
0.1525525128754923,-2.538633253049375
0.1520777487478652,-2.537689986852908
0.15160460846419568,-2.536745909382506
0.15112927307977206,-2.535802932597477
0.15065174403288606,-2.5348610622738432
0.15017205897104935,-2.5339202864399377
0.14969052427364757,-2.532980378521372
0.14920881176958453,-2.5320406594511566
0.14872527159894733,-2.5311017964816753
0.14824218149653068,-2.5301628147439206
0.14776074212620902,-2.5292229678574127
0.147277163900985,-2.528284211878188
0.14726763384737937,-2.528265697427881
0.14679426926302291,-2.527345360283798
0.14631333560544876,-2.5264052391103125
0.14583087401470535,-2.525465893217197
0.1458211782065107,-2.525447278566535
0.1453389001205554,-2.5245084377466727
0.14485863887991368,-2.5235679512292712
0.14484932180595578,-2.523549178666909
0.1443777265478796,-2.522627928573381
0.14437791401049652,-2.5226269662467478
0.14390311011784165,-2.5217008970529653
0.14389315705040037,-2.5216823892199063
0.14341657257397242,-2.5207636713443056
0.14292811424493773,-2.519827405772287
0.14243751867505744,-2.5188922490777763
0.14194545891260602,-2.5179578894039127
0.14193527040932452,-2.51793951922647
0.14144351638384697,-2.517005646428029
0.14095318077896174,-2.5160703745296362
0.14046068240840387,-2.5151362343619477
0.13996602267411246,-2.5142032368335125
0.13995623672469915,-2.514184770371188
0.1394618729651873,-2.5132526595455333
0.1394513956098291,-2.5132344330013776
0.1389623731031932,-2.512322261298469
0.13846130618646585,-2.511392685072269
0.13795878940505957,-2.5104639086749483
0.1374585402677573,-2.5095339045632024
0.1369599204623274,-2.508603023781937
0.13645916433432903,-2.5076732899722067
0.13595626780539324,-2.50674471129795
0.1359462913178758,-2.5067263629953276
0.13594558077379607,-2.506726758966569
0.13545148657811346,-2.505817083960794
0.13494931265794724,-2.5048881181422833
0.1349389690343205,-2.5048698441099027
0.134433289463232,-2.503943326286409
0.13392900227577806,-2.5030155007417845
0.13342256462920893,-2.502088842233
0.1329146039051884,-2.501163029463265
0.13240822415470488,-2.500236347986724
0.1323986326737554,-2.500218282149525
0.13190288569233788,-2.499309781388685
0.13139903802322134,-2.498381727342068
0.13138966882594283,-2.4983637176425857
0.13088601034382427,-2.497436557914398
0.1308755481869905,-2.4974183434281905
0.13037735605325798,-2.4965111438863588
0.13036667656339984,-2.4964930368403557
0.1298641048201346,-2.495588257191991
0.12934982366411052,-2.49466593884808
0.12933993503170235,-2.4946474194956565
0.12933973489061426,-2.49464744219543
0.12883998951641798,-2.4937411414670247
0.1288396391641483,-2.4937406706604346
0.12833965194850072,-2.492834503120084
0.12782789658330268,-2.491910779474239
0.12731829219317017,-2.490985853945043
0.1268102316592888,-2.4900600956267827
0.12630060151193678,-2.4891351935571495
0.12579248856359157,-2.4882094692286953
0.1252828137219255,-2.4872845983714535
0.12477527816448067,-2.4863585493963463
0.12426928016359505,-2.4854316767671305
0.12425997226155884,-2.4854132346523947
0.12376445855764354,-2.4845046109406748
0.123764256322831,-2.4845040578580395
0.1232653220230163,-2.483588099056565
0.12325616409084789,-2.483569161078966
0.12275527042858039,-2.4826397053463367
0.12274605642773444,-2.48262081538603
0.12274653118053604,-2.482620572711327
0.12225895009381632,-2.481707634940688
0.12224879339165567,-2.4816892617507382
0.12174773016459853,-2.4807604029107333
0.12174105866013762,-2.4807481774732993
0.12174148731351231,-2.4807479468949096
0.12125205714803046,-2.47983602395131
0.12075458536954216,-2.4789045288419183
0.12074454435318599,-2.4788860783850106
0.12074488830977524,-2.478885891509665
0.12025465158294034,-2.47797436412642
0.12025461876050321,-2.4779734896491696
0.1197647343445092,-2.477061816814049
0.11926748155259746,-2.476130191154526
0.11925837819429505,-2.4761112203911746
0.11877514854708804,-2.475195980091721
0.11876625783038648,-2.4751768990864558
0.11876625727835509,-2.475176906829044
0.1182854918940818,-2.4742602513287104
0.11779709344074367,-2.473323869446484
0.11730898271123338,-2.4723874265874715
0.11682298618520547,-2.471449884633832
0.11633910229649709,-2.4705112508008824
0.1158573125871747,-2.469571540782007
0.11537726555623186,-2.468630869958054
0.11537771032992904,-2.4686303040372155
0.11490651792009968,-2.4677088712044926
0.11442343851532008,-2.466769876973193
0.11393873500264882,-2.4658316976202386
0.11392976647665945,-2.465812696988824
0.11393015638534289,-2.4658125225168797
0.11346051621820533,-2.464890255786134
0.11297976511216874,-2.463950032717192
0.11297967899380623,-2.4639497123787546
0.11250982859013307,-2.4630275671487163
0.11250984497539296,-2.4630265589020075
0.11250966715995306,-2.463026588971999
0.11204014559816566,-2.462104303604854
0.11156367437178967,-2.461161906980403
0.11155505830502215,-2.461142726488239
0.11109220241016668,-2.4602170308075535
0.11062251308029221,-2.4592712177960965
0.11015433685137332,-2.458324671641441
0.10968386961057222,-2.457379257856774
0.10967433876372781,-2.457360552960211
0.10920014447380103,-2.4564177307931154
0.10872798178593389,-2.4554731496948343
0.1082580031878115,-2.454527474292619
0.10779018084259337,-2.453580730735735
0.10732387155724929,-2.4526332723877893
0.10685525764679155,-2.4516869460776194
0.10638436112933415,-2.4507417486686656
0.10591123628585758,-2.4497976612095913
0.10543592719796786,-2.4488546690726465
0.10495910097577833,-2.447912460347917
0.10448391778921008,-2.4469694090413125
0.10447400313319347,-2.4469509000938485
0.10399529672168949,-2.4460102575711726
0.10351866729785732,-2.445067933868416
0.10350991010509884,-2.445048829469384
0.10304696242728154,-2.4441231778139567
0.10257656916804253,-2.4431777341667713
0.1025303042131937,-2.4433417632499337
