step,x,y,z,speed_3d,speed_xy,command_v,command_w,outcome
0,0.2676105797290802,-4.549781799316406,-0.009896636940538883,0.0,0.0,0.0,0.0,success
1,0.26761355996131897,-4.549799919128418,-0.005003670696169138,0.15290626883506775,0.000573851924855262,1.0,3.0,success
2,0.2679504156112671,-4.548821449279785,-0.004029386211186647,0.04441574960947037,0.0323384664952755,1.0,3.0,success
3,0.2682914137840271,-4.547821521759033,-0.0032719923183321953,0.04062235727906227,0.033014774322509766,1.0,3.0,success
4,0.2686300277709961,-4.546821117401123,-0.0026664084289222956,0.03804551064968109,0.03300491347908974,1.0,3.0,success
5,0.26896634697914124,-4.5458197593688965,-0.0021820864640176296,0.036314547061920166,0.033010244369506836,1.0,3.0,success
6,0.2693003714084625,-4.544817924499512,-0.0017947462620213628,0.03515142574906349,0.0330016165971756,1.0,3.0,success
7,0.26963213086128235,-4.5438151359558105,-0.0014849681174382567,0.03439788520336151,0.03300759196281433,1.0,3.0,success
8,0.2696372866630554,-4.543794631958008,-0.0012420999119058251,0.007618334144353867,0.0006606963579542935,0.0,3.0,success
9,0.26995837688446045,-4.542810916900635,-0.0010384197812527418,0.032957710325717926,0.0323372446000576,1.0,3.0,success
10,0.27028316259384155,-4.541806221008301,-0.0008797904010862112,0.03336678817868233,0.03299649804830551,1.0,3.0,success
11,0.2706057131290436,-4.54080057144165,-0.000753211323171854,0.033239662647247314,0.03300345689058304,1.0,3.0,success
12,0.2709260582923889,-4.539793968200684,-0.0006519929156638682,0.03316206857562065,0.033010873943567276,1.0,3.0,success
13,0.2712441682815552,-4.538786888122559,-0.0005710436962544918,0.03310076892375946,0.03300396725535393,1.0,3.0,success
14,0.2715601325035095,-4.537779331207275,-0.0005063040880486369,0.03306001052260399,0.03299804776906967,1.0,3.0,success
15,0.2718738615512848,-4.536771297454834,-0.00045452822814695537,0.03303109481930733,0.0329914465546608,1.0,3.0,success
16,0.2721860706806183,-4.535762310028076,-0.0004131081805098802,0.03303120285272598,0.03300582990050316,1.0,-3.0,success
17,0.2725001871585846,-4.534754276275635,-0.0003800035046879202,0.03301125764846802,0.03299504518508911,1.0,3.0,success
18,0.27281203866004944,-4.533745288848877,-0.0003535187861416489,0.033012907952070236,0.03300252556800842,1.0,3.0,success
19,0.2731216847896576,-4.532735347747803,-0.00033233710564672947,0.033017370849847794,0.03301073610782623,1.0,3.0,success
20,0.27342909574508667,-4.5317254066467285,-0.00031539698829874396,0.032994575798511505,0.03299032896757126,1.0,3.0,success
21,0.27373430132865906,-4.530714511871338,-0.00030184906790964305,0.03300157189369202,0.03299885615706444,1.0,3.0,success
22,0.27403727173805237,-4.529702663421631,-0.0002910140610765666,0.03300901874899864,0.03300728276371956,1.0,3.0,success
23,0.2740415334701538,-4.529682159423828,-0.00028723105788230896,0.0006650359719060361,0.0006544440984725952,0.0,3.0,success
24,0.27433454990386963,-4.528689384460449,-0.0002747541293501854,0.03234965726733208,0.03234730660915375,1.0,3.0,success
25,0.2746306359767914,-4.527675628662109,-0.0002690440451260656,0.03300391137599945,0.03300343081355095,1.0,3.0,success
26,0.27492448687553406,-4.526661396026611,-0.00026476336643099785,0.03299849480390549,0.032998226583004,1.0,3.0,success
27,0.27521613240242004,-4.525646686553955,-0.0002613538526929915,0.032993607223033905,0.032993435859680176,1.0,3.0,success
28,0.27550560235977173,-4.524631023406982,-0.0002586278133094311,0.033003486692905426,0.03300337865948677,1.0,3.0,success
29,0.27579283714294434,-4.523614883422852,-0.00025644770357757807,0.0329987108707428,0.03299864009022713,1.0,3.0,success
30,0.27607789635658264,-4.522597789764404,-0.0002547041804064065,0.03300895169377327,0.03300890699028969,1.0,3.0,success
31,0.27636075019836426,-4.521580219268799,-0.0002533097576815635,0.0330047607421875,0.03300473093986511,1.0,3.0,success
32,0.2766414284706116,-4.520562648773193,-0.00025219458620995283,0.032986611127853394,0.0329865887761116,1.0,3.0,success
33,0.2766459882259369,-4.520542621612549,-0.0002561761939432472,0.0006538137095049024,0.0006418650737032294,0.0,-3.0,success
34,0.2769218385219574,-4.519545078277588,-0.00024992492399178445,0.032343752682209015,0.03234316036105156,1.0,3.0,success
35,0.27720046043395996,-4.518526554107666,-0.0002491871127858758,0.03299831598997116,0.032998308539390564,1.0,3.0,success
36,0.27747684717178345,-4.517507553100586,-0.0002488827158231288,0.03299432620406151,0.03299432620406151,1.0,3.0,success
37,0.27775102853775024,-4.5164875984191895,-0.0002486532321199775,0.033005133271217346,0.033005133271217346,1.0,3.0,success
38,0.27802297472953796,-4.515467166900635,-0.0002484704600647092,0.03300146758556366,0.03300146758556366,1.0,3.0,success
39,0.2782927453517914,-4.514446258544922,-0.00024832430062815547,0.03299843147397041,0.03299843147397041,1.0,3.0,success
40,0.2785603404045105,-4.513424873352051,-0.00024820741964504123,0.03299554064869881,0.03299554064869881,1.0,3.0,success
41,0.27882570028305054,-4.512402534484863,-0.00024811396724544466,0.03300675377249718,0.03300675377249718,1.0,3.0,success
42,0.2790895402431488,-4.511380195617676,-0.00024802764528431,0.03299485519528389,0.03299485146999359,1.0,-3.0,success
43,0.2793552875518799,-4.510357856750488,-0.000247979536652565,0.03300979733467102,0.03300979733467102,1.0,3.0,success
44,0.2793598771095276,-4.510338306427002,-0.0002528049808461219,0.0006454195827245712,0.0006275565829128027,0.0,-3.0,success
45,0.2796209752559662,-4.509336471557617,-0.0002472296473570168,0.03235357999801636,0.03235311061143875,1.0,3.0,success
46,0.2796247899532318,-4.5093159675598145,-0.00025191414169967175,0.0006679831421934068,0.0006517447764053941,0.0,3.0,success
47,0.27988117933273315,-4.508313179016113,-0.00024649413535371423,0.03234563022851944,0.03234518691897392,1.0,3.0,success
48,0.28013983368873596,-4.507289409637451,-0.0002464418939780444,0.03299807012081146,0.03299807012081146,1.0,3.0,success
49,0.2803962230682373,-4.506264686584473,-0.000246687006438151,0.033009715378284454,0.033009715378284454,1.0,3.0,success
50,0.2806510329246521,-4.505239963531494,-0.0002468859020154923,0.032997772097587585,0.03299776837229729,1.0,-3.0,success
51,0.28090769052505493,-4.504215717315674,-0.00024706634576432407,0.03299729526042938,0.03299729526042938,1.0,3.0,success
52,0.2811620831489563,-4.503190994262695,-0.00024720141664147377,0.032994624227285385,0.032994624227285385,1.0,3.0,success
53,0.2814141809940338,-4.5021653175354,-0.0002473091008141637,0.03300636261701584,0.03300636261701584,1.0,3.0,success
54,0.2816639840602875,-4.501139163970947,-0.0002473952772561461,0.0330037958920002,0.0330037958920002,1.0,3.0,success
55,0.28166815638542175,-4.501119136810303,-0.00025233638007193804,0.0006576695013791323,0.0006392862997017801,0.0,-3.0,success
56,0.2819136381149292,-4.5001139640808105,-0.0002468557213433087,0.03233527019619942,0.032334815710783005,1.0,3.0,success
57,0.28216123580932617,-4.499087333679199,-0.00024673232110217214,0.03300204873085022,0.03300204873085022,1.0,3.0,success
58,0.2824065685272217,-4.49806022644043,-0.00024691937142051756,0.033000022172927856,0.03300001844763756,1.0,3.0,success
59,0.2826496660709381,-4.497032165527344,-0.0002470829349476844,0.03301286697387695,0.03301286697387695,1.0,3.0,success
60,0.28289052844047546,-4.496004104614258,-0.0002472145133651793,0.03299686312675476,0.03299686312675476,1.0,3.0,success
61,0.28312981128692627,-4.494975566864014,-0.0002473084314260632,0.0330001525580883,0.0330001525580883,1.0,-3.0,success
62,0.2833709716796875,-4.493947505950928,-0.00024740429944358766,0.032998986542224884,0.032998986542224884,1.0,3.0,success
63,0.28360989689826965,-4.492918968200684,-0.0002474717330187559,0.03299761936068535,0.03299761936068535,1.0,3.0,success
64,0.28384721279144287,-4.491889953613281,-0.0002475143119227141,0.033000797033309937,0.033000797033309937,1.0,-3.0,success
65,0.28408634662628174,-4.490861415863037,-0.00024756885250099003,0.03299909830093384,0.03299909457564354,1.0,3.0,success
66,0.28432321548461914,-4.489832401275635,-0.00024760322412475944,0.03299766033887863,0.03299766033887863,1.0,3.0,success
67,0.2845577299594879,-4.488802433013916,-0.00024763037799857557,0.03301028907299042,0.03301028907299042,1.0,3.0,success
68,0.2847899794578552,-4.487772464752197,-0.0002476521476637572,0.032994646579027176,0.032994646579027176,1.0,3.0,success
69,0.28479379415512085,-4.487752437591553,-0.00025254188221879303,0.0006551691330969334,0.000637100834865123,0.0,-3.0,success
70,0.2850220799446106,-4.486742973327637,-0.0002470199833624065,0.0323428139090538,0.03234235197305679,1.0,3.0,success
71,0.28525209426879883,-4.485712051391602,-0.0002468636375851929,0.03300843760371208,0.03300843760371208,1.0,3.0,success
72,0.2854798138141632,-4.484681129455566,-0.000247024348936975,0.0329928956925869,0.0329928956925869,1.0,3.0,success
73,0.2857052683830261,-4.483649253845215,-0.00024716687039472163,0.03300682082772255,0.03300682082772255,1.0,3.0,success
74,0.28592848777770996,-4.482616901397705,-0.00024728159769438207,0.03300654515624046,0.03300654515624046,1.0,3.0,success
75,0.28614944219589233,-4.481584548950195,-0.00024737342027947307,0.03299165889620781,0.03299165889620781,1.0,3.0,success
76,0.28636816143989563,-4.480551242828369,-0.00024744687834754586,0.03300626575946808,0.03300626575946808,1.0,3.0,success
77,0.28658464550971985,-4.479517936706543,-0.000247505638981238,0.03299187123775482,0.03299187123775482,1.0,3.0,success
78,0.2867989242076874,-4.4784836769104,-0.00024755264166742563,0.03300699219107628,0.03300699219107628,1.0,3.0,success
79,0.28701093792915344,-4.477449417114258,-0.0002475902147125453,0.03299270570278168,0.03299270570278168,1.0,3.0,success
80,0.2870131731033325,-4.477427959442139,-0.00025250259204767644,0.000691436929628253,0.0006741803954355419,0.0,3.0,success
81,0.28721708059310913,-4.476413726806641,-0.0002469800238031894,0.03232942894101143,0.03232896700501442,1.0,3.0,success
82,0.2874221205711365,-4.475377559661865,-0.0002468313614372164,0.03300810232758522,0.03300810232758522,1.0,3.0,success
83,0.28762489557266235,-4.47434139251709,-0.00024699862115085125,0.03299443796277046,0.03299443796277046,1.0,3.0,success
84,0.28782540559768677,-4.473304271697998,-0.0002471463812980801,0.033010173588991165,0.033010173588991165,1.0,3.0,success
85,0.2880236804485321,-4.472267150878906,-0.00024726527044549584,0.03299698606133461,0.03299698606133461,1.0,3.0,success
86,0.28821972012519836,-4.471229553222656,-0.0002473604108672589,0.03299858793616295,0.03299858793616295,1.0,3.0,success
87,0.28841352462768555,-4.470191478729248,-0.0002474364882800728,0.033000338822603226,0.033000338822603226,1.0,3.0,success
88,0.28860509395599365,-4.469152927398682,-0.00024749734438955784,0.03300224244594574,0.03300224244594574,1.0,3.0,success
89,0.2887944281101227,-4.468113899230957,-0.0002475460059940815,0.03300430253148079,0.03300430253148079,1.0,3.0,success
90,0.2887961268424988,-4.468092918395996,-0.0002524671726860106,0.00067553436383605,0.0006577966269105673,0.0,3.0,success
91,0.28897783160209656,-4.467073917388916,-0.00024695179308764637,0.03234654292464256,0.03234608471393585,1.0,3.0,success
92,0.2891601622104645,-4.466033935546875,-0.0002468087477609515,0.03299512341618538,0.03299512341618538,1.0,3.0,success
93,0.28934019804000854,-4.464993476867676,-0.00024698051856830716,0.0329975001513958,0.0329975001513958,1.0,3.0,success
94,0.28934183716773987,-4.464972019195557,-0.0002520142588764429,0.0006906581693328917,0.0006725058192387223,0.0,3.0,success
95,0.28951436281204224,-4.463951587677002,-0.00024658945039846003,0.03234148398041725,0.032341040670871735,1.0,3.0,success
96,0.28968730568885803,-4.462910175323486,-0.00024651887360960245,0.032989829778671265,0.032989829778671265,1.0,3.0,success
97,0.28985798358917236,-4.461867809295654,-0.0002467486774548888,0.03300772234797478,0.03300771862268448,1.0,3.0,success
98,0.29002639651298523,-4.460825443267822,-0.0002469464379828423,0.03299635648727417,0.03299635648727417,1.0,3.0,success
99,0.29019254446029663,-4.459782600402832,-0.0002471053448971361,0.032999858260154724,0.032999858260154724,1.0,3.0,success
100,0.29035645723342896,-4.458739280700684,-0.0002472324704285711,0.033003658056259155,0.033003658056259155,1.0,3.0,success
101,0.2905181050300598,-4.457695960998535,-0.00024733415921218693,0.03299274668097496,0.03299274668097496,1.0,3.0,success
102,0.2906774878501892,-4.45665168762207,-0.00024741547531448305,0.03301144391298294,0.03301144391298294,1.0,3.0,success
103,0.2908346652984619,-4.4556074142456055,-0.00024748052237555385,0.033001117408275604,0.033001117408275604,1.0,3.0,success
104,0.29098954796791077,-4.454563140869141,-0.00024753253092058003,0.03299051895737648,0.03299051895737648,1.0,3.0,success
105,0.29099053144454956,-4.4545416831970215,-0.0002524562878534198,0.0006886653718538582,0.0006712561589665711,0.0,3.0,success
106,0.29113849997520447,-4.453517436981201,-0.00024694326566532254,0.032340433448553085,0.032339975237846375,1.0,3.0,success
107,0.2912863492965698,-4.452471733093262,-0.0002468018210493028,0.03300325572490692,0.03300325572490692,1.0,3.0,success
108,0.29143190383911133,-4.451426029205322,-0.00024697493063285947,0.032993290573358536,0.032993290573358536,1.0,3.0,success
109,0.29157522320747375,-4.450379848480225,-0.0002471274056006223,0.03299849480390549,0.03299849480390549,1.0,3.0,success
110,0.29171624779701233,-4.449333190917969,-0.00024725007824599743,0.03300360590219498,0.03300360590219498,1.0,3.0,success
111,0.2918550372123718,-4.448286056518555,-0.00024734821636229753,0.0330091267824173,0.0330091267824173,1.0,3.0,success
112,0.29199156165122986,-4.447238922119141,-0.00024742670939303935,0.03299989923834801,0.03299989923834801,1.0,3.0,success
113,0.2921258509159088,-4.446191787719727,-0.0002474894863553345,0.032990943640470505,0.032990943640470505,1.0,3.0,success
114,0.2922578752040863,-4.445144176483154,-0.0002475396904628724,0.03299679607152939,0.03299679607152939,1.0,3.0,success
115,0.29238831996917725,-4.444096088409424,-0.00024756844504736364,0.033005449920892715,0.033005449920892715,1.0,-3.0,success
116,0.2925207316875458,-4.443048477172852,-0.00024761221720837057,0.03299831598997116,0.03299831598997116,1.0,3.0,success
117,0.29265084862709045,-4.442000389099121,-0.0002476380323059857,0.03300418704748154,0.03300418704748154,1.0,3.0,success
118,0.2927786409854889,-4.440952301025391,-0.0002476582885719836,0.0329953171312809,0.0329953171312809,1.0,3.0,success
119,0.2929041385650635,-4.439903736114502,-0.00024767452850937843,0.03300150856375694,0.03300150856375694,1.0,3.0,success
120,0.2930273711681366,-4.438854694366455,-0.0002476875379215926,0.033007968217134476,0.033007968217134476,1.0,3.0,success
121,0.2931482791900635,-4.437805652618408,-0.00024769798619672656,0.03299957141280174,0.03299957141280174,1.0,3.0,success
122,0.2932669222354889,-4.436756610870361,-0.00024770633899606764,0.03299154341220856,0.03299154341220856,1.0,3.0,success
123,0.29338330030441284,-4.435707092285156,-0.00024771306198090315,0.032998476177453995,0.032998476177453995,1.0,3.0,success
124,0.2934974133968353,-4.434657096862793,-0.00024771844618953764,0.03300556540489197,0.03300556540489197,1.0,3.0,success
125,0.29360994696617126,-4.43360710144043,-0.00024771143216639757,0.033000268042087555,0.033000268042087555,1.0,-3.0,success
126,0.2937251031398773,-4.432557582855225,-0.00024771527387201786,0.032994288951158524,0.032994285225868225,1.0,-3.0,success
127,0.2938421666622162,-4.4315080642700195,-0.00024772988399490714,0.033000845462083817,0.03300084173679352,1.0,3.0,success
128,0.2938430905342102,-4.4314866065979,-0.000252613885095343,0.0006883082096464932,0.0006711734458804131,0.0,3.0,success
129,0.29395368695259094,-4.430458068847656,-0.0002470692270435393,0.032327547669410706,0.032327085733413696,1.0,3.0,success
130,0.2940632998943329,-4.429407596588135,-0.0002469019964337349,0.0330054871737957,0.0330054871737957,1.0,3.0,success
131,0.2941705584526062,-4.428357124328613,-0.00024705479154363275,0.03299793228507042,0.03299793228507042,1.0,3.0,success
132,0.29417097568511963,-4.428335666656494,-0.00025207322323694825,0.0006887703784741461,0.0006706789718009531,0.0,3.0,success
133,0.2942720055580139,-4.427305698394775,-0.00024663680233061314,0.032341428101062775,0.03234097734093666,1.0,3.0,success
134,0.29437196254730225,-4.426254749298096,-0.0002465563593432307,0.03299036994576454,0.03299036994576454,1.0,3.0,success
135,0.29447025060653687,-4.425203323364258,-0.0002467675367370248,0.03300030902028084,0.03300030902028084,1.0,-3.0,success
136,0.2945704460144043,-4.42415189743042,-0.000246970885200426,0.033005911856889725,0.033005911856889725,1.0,3.0,success
137,0.2946682870388031,-4.423100471496582,-0.00024712496087886393,0.03299901261925697,0.03299901261925697,1.0,3.0,success
138,0.29466864466667175,-4.423079013824463,-0.0002521300339139998,0.000688642670866102,0.0006706453277729452,0.0,3.0,success
139,0.29476040601730347,-4.422048568725586,-0.000246682291617617,0.03232927992939949,0.032328832894563675,1.0,3.0,success
140,0.2948508858680725,-4.420996189117432,-0.00024659268092364073,0.033008188009262085,0.033008188009262085,1.0,3.0,success
141,0.29485100507736206,-4.420975208282471,-0.00025168980937451124,0.000674732553306967,0.0006556616281159222,0.0,3.0,success
142,0.29493555426597595,-4.419943809509277,-0.00024632943677715957,0.032339755445718765,0.032339323312044144,1.0,3.0,success
143,0.29501873254776,-4.418890953063965,-0.00024631049018353224,0.033004280179739,0.033004280179739,1.0,3.0,success
144,0.29509955644607544,-4.417838096618652,-0.0002465818834025413,0.03299856558442116,0.03299856558442116,1.0,3.0,success
145,0.295178085565567,-4.416784763336182,-0.0002468129387125373,0.03300801292061806,0.03300801292061806,1.0,3.0,success
146,0.29525431990623474,-4.415731906890869,-0.0002469985047355294,0.03298790007829666,0.03298790007829666,1.0,3.0,success
147,0.2953282296657562,-4.41467809677124,-0.00024714693427085876,0.03301246091723442,0.03301246091723442,1.0,3.0,success
148,0.29539990425109863,-4.4136247634887695,-0.0002472656487952918,0.032992780208587646,0.032992780208587646,1.0,3.0,success
149,0.2954692542552948,-4.412570953369141,-0.0002473606145940721,0.03300279751420021,0.03300279751420021,1.0,3.0,success
150,0.2955363392829895,-4.411517143249512,-0.0002474365755915642,0.032998226583004,0.032998226583004,1.0,3.0,success
151,0.29560115933418274,-4.410462856292725,-0.0002474973152857274,0.03300867974758148,0.03300867974758148,1.0,3.0,success
152,0.29560109972953796,-4.410441875457764,-0.00025241580442525446,0.0006734287599101663,0.000655653711874038,0.0,-3.0,success
153,0.29566559195518494,-4.409409046173096,-0.00024692167062312365,0.03233923390507698,0.03233877569437027,1.0,3.0,success
154,0.29572901129722595,-4.408355236053467,-0.00024677373585291207,0.03299114853143692,0.03299114853143692,1.0,-3.0,success
155,0.2957943081855774,-4.40730094909668,-0.00024696189211681485,0.033009596168994904,0.033009596168994904,1.0,3.0,success
156,0.2958572804927826,-4.406246662139893,-0.0002471171028446406,0.033005181699991226,0.033005181699991226,1.0,3.0,success
157,0.29585760831832886,-4.406225681304932,-0.0002521119895391166,0.0006740529788658023,0.000655731069855392,0.0,-3.0,success
158,0.29592007398605347,-4.405192852020264,-0.00024667862453497946,0.03233533725142479,0.032334890216588974,1.0,3.0,success
159,0.29598143696784973,-4.404138565063477,-0.0002465794386807829,0.03300222381949425,0.03300222381949425,1.0,-3.0,success
160,0.29604464769363403,-4.4030842781066895,-0.0002468064776621759,0.03300562873482704,0.03300562873482704,1.0,3.0,success
161,0.2961055040359497,-4.402029991149902,-0.00024699271307326853,0.033001307398080826,0.033001307398080826,1.0,3.0,success
162,0.29616397619247437,-4.400975704193115,-0.0002471420157235116,0.032997097820043564,0.032997097820043564,1.0,3.0,success
163,0.2961634397506714,-4.400954723358154,-0.0002521435380913317,0.0006742315599694848,0.0006558653549291193,0.0,3.0,success
164,0.2962166666984558,-4.39992094039917,-0.0002466933219693601,0.032348956912755966,0.03234850987792015,1.0,3.0,success
165,0.296268492937088,-4.398866653442383,-0.0002465906727593392,0.03298624977469444,0.03298624977469444,1.0,-3.0,success
166,0.29632219672203064,-4.3978118896484375,-0.0002468154125381261,0.03300406411290169,0.03300406411290169,1.0,3.0,success
167,0.29637351632118225,-4.396757125854492,-0.0002469998726155609,0.03300035744905472,0.03300035744905472,1.0,3.0,success
168,0.29642248153686523,-4.395701885223389,-0.00024714774917811155,0.03301175311207771,0.033011749386787415,1.0,3.0,success
169,0.2964690923690796,-4.394647121429443,-0.00024726608535274863,0.032993532717227936,0.032993532717227936,1.0,3.0,success
170,0.2965133488178253,-4.39359188079834,-0.00024736078921705484,0.033005256205797195,0.033005256205797195,1.0,3.0,success
171,0.29651233553886414,-4.393570899963379,-0.00025231848121620715,0.0006744505953975022,0.0006564152427017689,0.0,3.0,success
172,0.2965528666973114,-4.392536640167236,-0.00024682164075784385,0.032345883548259735,0.032345425337553024,1.0,-3.0,success
173,0.29659566283226013,-4.391481399536133,-0.00024670924176461995,0.03300337493419647,0.03300337493419647,1.0,0.0,success
174,0.2965947985649109,-4.391460418701172,-0.00025178876239806414,0.0006751330220140517,0.0006562070921063423,0.0,3.0,success
175,0.29663464426994324,-4.390426158905029,-0.0002464087156113237,0.03234503045678139,0.03234459459781647,1.0,3.0,success
176,0.29663410782814026,-4.390405178070068,-0.00025125598767772317,0.0006731305038556457,0.0006558653549291193,0.0,3.0,success
177,0.29663413763046265,-4.390405178070068,-0.00025084169465117157,1.2980111023352947e-05,9.313225177720597e-07,0.0,-3.0,success
178,0.2966710329055786,-4.389370918273926,-0.00024536059936508536,0.03234162926673889,0.03234117478132248,1.0,3.0,success
179,0.29670560359954834,-4.388315677642822,-0.00024552110699005425,0.03299396112561226,0.03299396112561226,1.0,3.0,success
180,0.296705037355423,-4.388315200805664,-0.00025092309806495905,0.00017038991791196167,2.313357254024595e-05,0.0,0.0,success
181,0.2967382073402405,-4.3872809410095215,-0.0002456179354339838,0.03233765810728073,0.032337237149477005,1.0,-3.0,success
182,0.2967732846736908,-4.386225700378418,-0.0002457480877637863,0.032994482666254044,0.032994482666254044,1.0,3.0,success
183,0.2968059778213501,-4.385169982910156,-0.000246132054599002,0.03300698846578598,0.03300698474049568,1.0,3.0,success
184,0.2968369722366333,-4.3841142654418945,-0.0002464424178469926,0.03300538659095764,0.03300538286566734,1.0,-3.0,success
185,0.29687049984931946,-4.383059024810791,-0.00024670083075761795,0.032992906868457794,0.032992906868457794,1.0,-3.0,success
186,0.2968711853027344,-4.38303804397583,-0.00025178922805935144,0.0006749978056177497,0.0006560008623637259,0.0,-3.0,success
187,0.2969086468219757,-4.3820037841796875,-0.00024642085190862417,0.032342247664928436,0.032341811805963516,1.0,3.0,success
188,0.2969437539577484,-4.380948543548584,-0.0002463835699018091,0.03299451246857643,0.03299451246857643,1.0,3.0,success
189,0.29697710275650024,-4.379892826080322,-0.0002466296427883208,0.033007629215717316,0.033007629215717316,1.0,-3.0,success
190,0.2970122694969177,-4.378837585449219,-0.00024686046526767313,0.032994579523801804,0.032994575798511505,1.0,3.0,success
191,0.2970457077026367,-4.377781867980957,-0.00024702621158212423,0.03300771489739418,0.03300771489739418,1.0,-3.0,success
192,0.297080934047699,-4.3767266273498535,-0.0002471783373039216,0.03299463540315628,0.03299463540315628,1.0,3.0,success
193,0.29711371660232544,-4.375670909881592,-0.00024729061988182366,0.033007070422172546,0.033007070422172546,1.0,3.0,success
194,0.2971440851688385,-4.374615669250488,-0.00024738014326430857,0.032989922910928726,0.032989922910928726,1.0,3.0,success
195,0.29717203974723816,-4.373559951782227,-0.00024745179689489305,0.03300273418426514,0.03300273418426514,1.0,3.0,success
196,0.2971976101398468,-4.372504234313965,-0.00024750918964855373,0.033000845462083817,0.033000845462083817,1.0,3.0,success
197,0.29722151160240173,-4.371469974517822,-0.00024354312336072326,0.03232948109507561,0.032329246401786804,1.0,3.0,success
198,0.2972427010536194,-4.370413780212402,-0.00024406760348938406,0.033012717962265015,0.03301271051168442,1.0,3.0,success
199,0.2972622215747833,-4.369358062744141,-0.00024477645638398826,0.03299681469798088,0.032996807247400284,1.0,-3.0,success
200,0.29726171493530273,-4.36933708190918,-0.00025026153889484704,0.0006778716924600303,0.0006558421882800758,0.0,3.0,success
201,0.29726195335388184,-4.36933708190918,-0.00025006153737194836,9.72492853179574e-06,7.450580142176477e-06,0.0,-3.0,success
202,0.2972838282585144,-4.368302345275879,-0.00024472546647302806,0.032343171536922455,0.03234274312853813,1.0,-3.0,success
203,0.2972843647003174,-4.368281364440918,-0.00024989558733068407,0.0006754724308848381,0.0006558653549291193,0.0,-3.0,success
204,0.29731062054634094,-4.367247104644775,-0.0002448902523610741,0.03233140707015991,0.03233103081583977,1.0,3.0,success
205,0.297334223985672,-4.366191387176514,-0.00024515867698937654,0.03299941122531891,0.03299941122531891,1.0,3.0,success
206,0.2973553538322449,-4.365135192871094,-0.0002456603688187897,0.03301267698407173,0.03301267325878143,1.0,3.0,success
207,0.29737409949302673,-4.364079475402832,-0.00024607570958323777,0.032996371388435364,0.032996371388435364,1.0,3.0,success
208,0.2973904311656952,-4.36302375793457,-0.0002464086574036628,0.03299511596560478,0.03299511596560478,1.0,3.0,success
209,0.297404408454895,-4.36196756362915,-0.0002466750447638333,0.033008962869644165,0.03300895914435387,1.0,3.0,success
210,0.2974160611629486,-4.360911846160889,-0.00024688811390660703,0.03299318253993988,0.03299317881464958,1.0,3.0,success
211,0.2974260747432709,-4.359855651855469,-0.00024704760289750993,0.033007554709911346,0.033007554709911346,1.0,-3.0,success
212,0.29743799567222595,-4.358799934387207,-0.0002471955958753824,0.03299327194690704,0.03299327194690704,1.0,3.0,success
213,0.2974475920200348,-4.357743740081787,-0.0002473047352395952,0.0330074317753315,0.0330074317753315,1.0,3.0,success
214,0.297454833984375,-4.356688022613525,-0.0002473916101735085,0.03299194574356079,0.03299194574356079,1.0,3.0,success
215,0.2974596917629242,-4.3556318283081055,-0.00024746113922446966,0.033006418496370316,0.033006418496370316,1.0,3.0,success
216,0.29746225476264954,-4.354576110839844,-0.0002475168148521334,0.03299126774072647,0.03299126774072647,1.0,3.0,success
217,0.29746249318122864,-4.353519916534424,-0.0002475613437127322,0.03300607204437256,0.03300607204437256,1.0,3.0,success
218,0.2974611222743988,-4.352463722229004,-0.00024758593644946814,0.03300609812140465,0.03300609812140465,1.0,-3.0,success
219,0.29746171832084656,-4.351408004760742,-0.0002476261288393289,0.03299117460846901,0.03299117460846901,1.0,3.0,success
220,0.2974599599838257,-4.350351810455322,-0.0002476490626577288,0.03300611302256584,0.03300611302256584,1.0,3.0,success
221,0.2974558472633362,-4.3492960929870605,-0.0002476670197211206,0.03299142047762871,0.03299142047762871,1.0,3.0,success
222,0.29744940996170044,-4.348239898681641,-0.0002476813970133662,0.033006686717271805,0.033006682991981506,1.0,3.0,success
223,0.29744061827659607,-4.347183704376221,-0.00024769295123405755,0.03300721198320389,0.03300721198320389,1.0,3.0,success
224,0.29742956161499023,-4.346127986907959,-0.00024770223535597324,0.032992977648973465,0.032992977648973465,1.0,3.0,success
225,0.2974168658256531,-4.345072269439697,-0.00024769859737716615,0.03299355506896973,0.03299355506896973,1.0,-3.0,success
226,0.2974061369895935,-4.344016075134277,-0.00024771623429842293,0.033007774502038956,0.033007774502038956,1.0,3.0,success
227,0.2974051535129547,-4.343995094299316,-0.0002526027674321085,0.0006739001837559044,0.0006563710048794746,0.0,3.0,success
228,0.2973904311656952,-4.342960357666016,-0.00024704946554265916,0.03233925625681877,0.032338790595531464,1.0,-3.0,success
229,0.2973777949810028,-4.341904163360596,-0.00024689684505574405,0.03300843387842178,0.033008430153131485,1.0,3.0,success
230,0.2973627746105194,-4.340848445892334,-0.000247050920734182,0.03299450874328613,0.03299450874328613,1.0,3.0,success
231,0.29736262559890747,-4.340827465057373,-0.0002520583220757544,0.0006740818498656154,0.0006556676235049963,0.0,-3.0,success
232,0.2973477244377136,-4.339792728424072,-0.0002466358710080385,0.03233931586146355,0.03233887255191803,1.0,3.0,success
233,0.29733023047447205,-4.338736534118652,-0.00024655580637045205,0.03301059454679489,0.03301059454679489,1.0,3.0,success
234,0.29731035232543945,-4.337680816650391,-0.0002467779559083283,0.032997019588947296,0.032997019588947296,1.0,3.0,success
235,0.29728811979293823,-4.336625099182129,-0.00024696963373571634,0.03299848362803459,0.03299848362803459,1.0,3.0,success
236,0.29726356267929077,-4.335569381713867,-0.0002471237094141543,0.03300009295344353,0.03300009295344353,1.0,3.0,success
237,0.29723668098449707,-4.3345136642456055,-0.00024724702234379947,0.0330018624663353,0.0330018624663353,1.0,3.0,success
238,0.2972075343132019,-4.333457946777344,-0.00024734565522521734,0.03300374373793602,0.03300374373793602,1.0,3.0,success
239,0.2971767485141754,-4.33240270614624,-0.0002474134089425206,0.03299029916524887,0.03299029916524887,1.0,-3.0,success
240,0.2971479296684265,-4.3313469886779785,-0.00024748817668296397,0.03300345689058304,0.03300345689058304,1.0,3.0,success
241,0.297116756439209,-4.330291271209717,-0.00024753875914029777,0.033005550503730774,0.033005550503730774,1.0,3.0,success
242,0.2970832586288452,-4.329236030578613,-0.0002475788351148367,0.032992880791425705,0.032992880791425705,1.0,3.0,success
243,0.2970474362373352,-4.328180313110352,-0.00024761093663983047,0.03301015496253967,0.03301015496253967,1.0,3.0,success
244,0.29700928926467896,-4.327125072479248,-0.00024763663532212377,0.03299780935049057,0.03299780935049057,1.0,3.0,success
245,0.29696884751319885,-4.3260698318481445,-0.0002476572117302567,0.03300047665834427,0.03300047665834427,1.0,3.0,success
246,0.296967476606369,-4.326048851013184,-0.00025255547370761633,0.000674643786624074,0.0006570491823367774,0.0,3.0,success
247,0.29692336916923523,-4.325015068054199,-0.00024701125221326947,0.03233557194471359,0.032335106283426285,1.0,-3.0,success
248,0.2969224154949188,-4.32499361038208,-0.00025174880283884704,0.0006873476086184382,0.0006712141912430525,0.0,3.0,success
249,0.29687803983688354,-4.323959827423096,-0.0002463631681166589,0.032335903495550156,0.03233546391129494,1.0,3.0,success
250,0.29683077335357666,-4.32290506362915,-0.00024633645080029964,0.03299444541335106,0.03299444541335106,1.0,3.0,success
251,0.2967818081378937,-4.321849822998047,-0.0002465917496010661,0.03301175311207771,0.033011749386787415,1.0,-3.0,success
252,0.29673537611961365,-4.320795059204102,-0.00024681942886672914,0.032993290573358536,0.032993290573358536,1.0,-3.0,success
253,0.29669082164764404,-4.319739818572998,-0.0002470133185852319,0.033005647361278534,0.033005647361278534,1.0,3.0,success
254,0.29664382338523865,-4.318685054779053,-0.0002471586922183633,0.03299407288432121,0.03299407288432121,1.0,3.0,success
255,0.2966426908969879,-4.318664073944092,-0.00025215669302269816,0.0006749261519871652,0.000656605523545295,0.0,3.0,success
256,0.2965920865535736,-4.317630290985107,-0.0002466923906467855,0.03234484791755676,0.03234439715743065,1.0,-3.0,success
257,0.296543687582016,-4.316575527191162,-0.0002466007135808468,0.032996051013469696,0.0329960472881794,1.0,-3.0,success
258,0.29649704694747925,-4.315520286560059,-0.0002468236780259758,0.03300846368074417,0.03300846368074417,1.0,3.0,success
259,0.2964479327201843,-4.314465522766113,-0.0002470061299391091,0.03299707919359207,0.03299707919359207,1.0,3.0,success
260,0.2963963747024536,-4.313410758972168,-0.000247152493102476,0.03300072252750397,0.03300072252750397,1.0,3.0,success
261,0.29639679193496704,-4.313389778137207,-0.0002521405403967947,0.000674051814712584,0.0006557807209901512,0.0,-3.0,success
262,0.2963448762893677,-4.312355995178223,-0.00024670109269209206,0.03234687075018883,0.03234642744064331,1.0,3.0,success
263,0.296290785074234,-4.3113017082214355,-0.0002466082514729351,0.03298979997634888,0.03298979997634888,1.0,3.0,success
264,0.2962343096733093,-4.31024694442749,-0.00024681989452801645,0.03300857916474342,0.03300857916474342,1.0,3.0,success
265,0.296175479888916,-4.309192657470703,-0.00024700319045223296,0.03299771621823311,0.03299771621823311,1.0,3.0,success
266,0.29611432552337646,-4.308138370513916,-0.0002471505431458354,0.0330018475651741,0.0330018475651741,1.0,3.0,success
267,0.2961125373840332,-4.308117389678955,-0.00025215052301064134,0.0006763243582099676,0.0006580279441550374,0.0,3.0,success
268,0.29604819416999817,-4.307084560394287,-0.00024668718106113374,0.032338935881853104,0.03233848139643669,1.0,-3.0,success
269,0.2959859371185303,-4.3060302734375,-0.0002465963189024478,0.03300385922193527,0.03300385922193527,1.0,-3.0,success
270,0.2959255278110504,-4.304975986480713,-0.0002468202728778124,0.033000506460666656,0.03300050273537636,1.0,3.0,success
271,0.29592427611351013,-4.304955005645752,-0.0002518857945688069,0.0006756230723112822,0.0006568168173544109,0.0,3.0,success
272,0.295859694480896,-4.303922176361084,-0.0002464867429807782,0.032339390367269516,0.032338947057724,1.0,3.0,success
273,0.2957923710346222,-4.302868366241455,-0.0002464256249368191,0.0329986996948719,0.0329986996948719,1.0,-3.0,success
274,0.29572758078575134,-4.301814079284668,-0.0002466727455612272,0.03300862014293671,0.03300862014293671,1.0,-3.0,success
275,0.29566457867622375,-4.300759792327881,-0.00024689524434506893,0.033005241304636,0.033005241304636,1.0,3.0,success
276,0.2955991327762604,-4.299705982208252,-0.00024706413387320936,0.032995011657476425,0.032995011657476425,1.0,3.0,success
277,0.29553189873695374,-4.298652172088623,-0.0002471886691637337,0.032998520880937576,0.032998520880937576,1.0,-3.0,success
278,0.29546648263931274,-4.297598361968994,-0.00024730825680308044,0.03299495205283165,0.03299495205283165,1.0,3.0,success
279,0.29539933800697327,-4.296544551849365,-0.0002473843633197248,0.03299834206700325,0.03299834206700325,1.0,-3.0,success
280,0.29533466696739197,-4.295490264892578,-0.0002474543289281428,0.0330083929002285,0.0330083929002285,1.0,-3.0,success
281,0.29527178406715393,-4.294435977935791,-0.0002475209766998887,0.033005017787218094,0.033005017787218094,1.0,3.0,success
282,0.2952705919742584,-4.29441499710083,-0.0002524465380702168,0.0006745061837136745,0.0006567084928974509,0.0,3.0,success
283,0.29527026414871216,-4.29441499710083,-0.00025181847740896046,2.2139685825095512e-05,1.0244547411275562e-05,0.0,3.0,success
284,0.29520183801651,-4.29338264465332,-0.0002461218391545117,0.03233228996396065,0.03233180195093155,1.0,-3.0,success
285,0.29520201683044434,-4.293382167816162,-0.000251113815465942,0.0001568089210195467,1.5914445611997508e-05,0.0,0.0,success
286,0.2951337695121765,-4.292349815368652,-0.0002457671507727355,0.032331861555576324,0.032331433147192,1.0,3.0,success
287,0.2950635552406311,-4.291296005249023,-0.0002458561211824417,0.033004581928253174,0.033004581928253174,1.0,3.0,success
288,0.2949908673763275,-4.2902421951293945,-0.00024621791089884937,0.033009812235832214,0.033009808510541916,1.0,3.0,success
289,0.2949157953262329,-4.289188861846924,-0.00024652155116200447,0.0330001600086689,0.0330001600086689,1.0,3.0,success
290,0.2948383092880249,-4.288136005401611,-0.00024676520843058825,0.032990746200084686,0.03299074247479439,1.0,3.0,success
291,0.29475849866867065,-4.287083148956299,-0.00024696020409464836,0.03299615532159805,0.03299615532159805,1.0,3.0,success
292,0.2946763038635254,-4.286030292510986,-0.00024711620062589645,0.03300187364220619,0.03300187364220619,1.0,3.0,success
293,0.2945925295352936,-4.284977436065674,-0.00024722993839532137,0.03300575166940689,0.03300575166940689,1.0,-3.0,success
294,0.2945106327533722,-4.283924579620361,-0.00024734146427363157,0.03300114721059799,0.03300114721059799,1.0,3.0,success
295,0.29442641139030457,-4.282872200012207,-0.00024742138339206576,0.032992009073495865,0.032992009073495865,1.0,3.0,success
296,0.2943405508995056,-4.2818193435668945,-0.0002474741486366838,0.03301098570227623,0.03301098570227623,1.0,-3.0,success
297,0.29433947801589966,-4.281798362731934,-0.00025240681134164333,0.0006743614212609828,0.0006565077346749604,0.0,-3.0,success
298,0.29425984621047974,-4.280766487121582,-0.0002469029277563095,0.032342445105314255,0.03234199061989784,1.0,-3.0,success
299,0.2942584156990051,-4.280745506286621,-0.00025166268460452557,0.0006737959920428693,0.000657173281069845,0.0,3.0,success
300,0.2941783666610718,-4.2797136306762695,-0.0002462937554810196,0.03234343230724335,0.03234299272298813,1.0,3.0,success
301,0.2940952181816101,-4.278661251068115,-0.0002462706761434674,0.03298934921622276,0.03298934921622276,1.0,-3.0,success
302,0.2940145432949066,-4.277608394622803,-0.0002465489087626338,0.032998211681842804,0.032998207956552505,1.0,-3.0,success
303,0.2939363121986389,-4.276555061340332,-0.0002467860758770257,0.03300732374191284,0.03300732374191284,1.0,-3.0,success
304,0.2938598394393921,-4.275501728057861,-0.00024698645574972034,0.0330033004283905,0.033003296703100204,1.0,3.0,success
305,0.2937815189361572,-4.274448871612549,-0.00024712723097763956,0.03299267217516899,0.03299267217516899,1.0,-3.0,success
306,0.29370492696762085,-4.273395538330078,-0.00024725895491428673,0.03300357237458229,0.03300357237458229,1.0,3.0,success
307,0.2936258316040039,-4.272342681884766,-0.0002473548811394721,0.03299447521567345,0.03299447521567345,1.0,3.0,success
308,0.2935449481010437,-4.271289348602295,-0.0002474212378729135,0.033013563603162766,0.033013563603162766,1.0,-3.0,success
309,0.2934665381908417,-4.270236492156982,-0.0002474838402122259,0.032992877066135406,0.032992877066135406,1.0,-3.0,success
310,0.29346609115600586,-4.2702155113220215,-0.00025241533876396716,0.0006736639770679176,0.0006557998713105917,0.0,-3.0,success
311,0.29339364171028137,-4.269183158874512,-0.00024691043654456735,0.03234081715345383,0.032340358942747116,1.0,-3.0,success
312,0.2933228611946106,-4.268129348754883,-0.00024677597684785724,0.033005766570568085,0.033005762845277786,1.0,-3.0,success
313,0.293322890996933,-4.268108367919922,-0.00025183503748849034,0.0006744430284015834,0.0006556517328135669,0.0,-3.0,success
314,0.2932577431201935,-4.267075538635254,-0.00024644561926834285,0.03234049677848816,0.03234005719423294,1.0,-3.0,success
315,0.2931936979293823,-4.266021251678467,-0.0002464139834046364,0.03300720080733299,0.03300720080733299,1.0,3.0,success
316,0.2931270897388458,-4.264967441558838,-0.0002466642763465643,0.03299728408455849,0.03299728035926819,1.0,3.0,success
317,0.2930586338043213,-4.263913631439209,-0.000246868294198066,0.03300097584724426,0.033000972121953964,1.0,-3.0,success
318,0.2929919362068176,-4.26285982131958,-0.00024705188116058707,0.032997459173202515,0.032997459173202515,1.0,3.0,success
319,0.2929234504699707,-4.261806011199951,-0.00024717944324947894,0.03300103545188904,0.03300103545188904,1.0,-3.0,success
320,0.29285740852355957,-4.260752201080322,-0.0002472905907779932,0.03299617022275925,0.03299616649746895,1.0,-3.0,success
321,0.29279381036758423,-4.259697914123535,-0.0002473800559528172,0.03300635889172554,0.03300635889172554,1.0,-3.0,success
322,0.292731910943985,-4.258643627166748,-0.0002474614593666047,0.03300320357084274,0.03300320357084274,1.0,3.0,success
323,0.2926675081253052,-4.257589817047119,-0.00024751669843681157,0.03299300745129585,0.03299300745129585,1.0,3.0,success
324,0.2926005423069,-4.25653600692749,-0.0002475606161169708,0.032997988164424896,0.032997988164424896,1.0,3.0,success
325,0.2925311326980591,-4.255482196807861,-0.0002475959190633148,0.03300292044878006,0.03300292044878006,1.0,3.0,success
326,0.29252949357032776,-4.2554612159729,-0.00025250634644180536,0.0006753142224624753,0.0006576488958671689,0.0,3.0,success
327,0.2924569845199585,-4.254428863525391,-0.0002469720202498138,0.03234095126390457,0.03234048932790756,1.0,-3.0,success
328,0.2923862040042877,-4.253375053405762,-0.0002468242892064154,0.033005766570568085,0.033005762845277786,1.0,-3.0,success
329,0.2923851013183594,-4.253354072570801,-0.0002518848341424018,0.0006753329653292894,0.0006565559306181967,0.0,3.0,success
330,0.2923153340816498,-4.252321720123291,-0.00024647466489113867,0.03233504295349121,0.032334599643945694,1.0,-3.0,success
331,0.2922472357749939,-4.251267910003662,-0.0002464269637130201,0.03300025314092636,0.03300025314092636,1.0,-3.0,success
332,0.2921811640262604,-4.250213623046875,-0.0002466795558575541,0.03301110118627548,0.03301110118627548,1.0,0.0,success
333,0.2921150326728821,-4.249159812927246,-0.0002468912862241268,0.032996345311403275,0.032996345311403275,1.0,0.0,success
334,0.29211413860321045,-4.249138832092285,-0.00025194845511578023,0.000675007002428174,0.0006562460912391543,0.0,3.0,success
335,0.2921147346496582,-4.249138832092285,-0.00025141058722510934,2.5089160772040486e-05,1.862645149230957e-05,0.0,-3.0,success
336,0.2921152710914612,-4.249138832092285,-0.00025068994727917016,2.80744625342777e-05,1.6763806343078613e-05,0.0,-3.0,success
337,0.29204973578453064,-4.248106002807617,-0.00024522491730749607,0.03234127536416054,0.032340820878744125,1.0,3.0,success
338,0.2920484244823456,-4.248084545135498,-0.00025029529933817685,0.0006902359309606254,0.0006718031945638359,0.0,3.0,success
339,0.29204803705215454,-4.248084545135498,-0.00025008246302604675,1.3813822988595348e-05,1.2107192560506519e-05,0.0,3.0,success
340,0.29197755455970764,-4.247052192687988,-0.00024473207304254174,0.03233654797077179,0.03233611583709717,1.0,-3.0,success
341,0.2919764220714569,-4.247031211853027,-0.0002499120600987226,0.000676264869980514,0.000656605523545295,0.0,3.0,success
342,0.29190537333488464,-4.245998859405518,-0.00024489223142154515,0.03233770653605461,0.03233732283115387,1.0,3.0,success
343,0.2918306291103363,-4.244945526123047,-0.00024515981203876436,0.0329994335770607,0.0329994298517704,1.0,3.0,success
344,0.29183030128479004,-4.244945049285889,-0.00025063499924726784,0.00017205251788254827,1.8083013856085017e-05,0.0,0.0,success
345,0.2917520999908447,-4.243913173675537,-0.00024539828882552683,0.03233899548649788,0.03233858197927475,1.0,3.0,success
346,0.2917501926422119,-4.243892192840576,-0.0002504454751033336,0.0006769844912923872,0.0006583547801710665,0.0,3.0,success
347,0.2916698753833771,-4.242860317230225,-0.00024530821247026324,0.03234404698014259,0.03234364464879036,1.0,-3.0,success
348,0.2915903925895691,-4.241807460784912,-0.00024550355738028884,0.03299538418650627,0.03299538418650627,1.0,3.0,success
349,0.2915084958076477,-4.2407546043396,-0.00024593662237748504,0.03300115093588829,0.03300114721059799,1.0,3.0,success
350,0.2915080487728119,-4.240754127502441,-0.0002512699575163424,0.00016791364760138094,2.0425499315024354e-05,0.0,0.0,success
351,0.291507363319397,-4.240754127502441,-0.0002507915487512946,2.6121733753825538e-05,2.1420417397166602e-05,0.0,3.0,success
352,0.2914220690727234,-4.239723205566406,-0.00024530736845918,0.032326839864254,0.032326385378837585,1.0,3.0,success
353,0.2913329601287842,-4.238670825958252,-0.00024547806242480874,0.03300454467535019,0.03300454467535019,1.0,3.0,success
354,0.29124218225479126,-4.237618446350098,-0.0002459045790601522,0.033008988946676254,0.033008985221385956,1.0,-3.0,success
355,0.29115357995033264,-4.236566066741943,-0.00024627515813335776,0.03300321474671364,0.03300321474671364,1.0,0.0,success
356,0.29106542468070984,-4.235514163970947,-0.0002465635188855231,0.032987192273139954,0.032987192273139954,1.0,-3.0,success
357,0.2909790575504303,-4.234461307525635,-0.00024680851493030787,0.033012278378009796,0.033012278378009796,1.0,3.0,success
358,0.29089096188545227,-4.233409404754639,-0.00024698476772755384,0.03298703581094742,0.03298703581094742,1.0,-3.0,success
359,0.2908046245574951,-4.232356548309326,-0.00024714512983337045,0.03301220014691353,0.03301220014691353,1.0,3.0,success
360,0.2907165288925171,-4.23130464553833,-0.0002472539490554482,0.03298703581094742,0.03298703581094742,1.0,-3.0,success
361,0.29063019156455994,-4.230251789093018,-0.0002473604108672589,0.03301220014691353,0.03301220014691353,1.0,3.0,success
362,0.2905420958995819,-4.2291998863220215,-0.0002474261273164302,0.03298703581094742,0.03298703581094742,1.0,-3.0,success
363,0.29045647382736206,-4.228147029876709,-0.00024748779833316803,0.03301038220524788,0.03301038220524788,1.0,-3.0,success
364,0.2903726100921631,-4.227094650268555,-0.000247547694016248,0.03299111872911453,0.03299111872911453,1.0,3.0,success
365,0.2903726398944855,-4.2270941734313965,-0.0002525589370634407,0.00015731144230812788,1.4930235920473933e-05,0.0,0.0,success
366,0.2902882695198059,-4.226062774658203,-0.0002469278406351805,0.03233934938907623,0.03233886882662773,1.0,-3.0,success
367,0.29020461440086365,-4.225010395050049,-0.0002467955055180937,0.032990600913763046,0.032990600913763046,1.0,3.0,success
368,0.29011914134025574,-4.223957538604736,-0.00024695953470654786,0.033010002225637436,0.033010002225637436,1.0,-3.0,success
369,0.290036141872406,-4.222904682159424,-0.00024711398873478174,0.03300384059548378,0.03300384059548378,1.0,-3.0,success
370,0.2899548411369324,-4.221851825714111,-0.0002472486812621355,0.032999712973833084,0.032999709248542786,1.0,3.0,success
371,0.2899533808231354,-4.22183084487915,-0.0002522288414184004,0.0006754121277481318,0.0006572372512891889,0.0,3.0,success
372,0.2899531424045563,-4.22183084487915,-0.0002516441745683551,1.973156577150803e-05,7.450580142176477e-06,0.0,3.0,success
373,0.2898666262626648,-4.220799922943115,-0.000245982373598963,0.03233003988862038,0.03232955560088158,1.0,-3.0,success
374,0.28986525535583496,-4.220778942108154,-0.0002509115729480982,0.0006748638697899878,0.0006570491823367774,0.0,3.0,success
375,0.28977811336517334,-4.219747543334961,-0.0002456917427480221,0.0323464572429657,0.03234604746103287,1.0,3.0,success
376,0.2896876335144043,-4.218695640563965,-0.00024578929878771305,0.032993342727422714,0.032993342727422714,1.0,-3.0,success
377,0.28959885239601135,-4.2176432609558105,-0.0002461742842569947,0.033003684133291245,0.033003684133291245,1.0,3.0,success
378,0.2895970940589905,-4.21762228012085,-0.00025136940530501306,0.0006776830414310098,0.000657949538435787,0.0,3.0,success
379,0.28959670662879944,-4.21762228012085,-0.00025095694581978023,1.7683882106211968e-05,1.2107192560506519e-05,0.0,3.0,success
380,0.2895021438598633,-4.216591835021973,-0.00024544334155507386,0.03233717381954193,0.03233671560883522,1.0,3.0,success
381,0.2894041836261749,-4.215540409088135,-0.0002455766370985657,0.03299935907125473,0.03299935907125473,1.0,-3.0,success
382,0.28930798172950745,-4.214488506317139,-0.00024600361939519644,0.03300914913415909,0.03300914540886879,1.0,3.0,success
383,0.28920936584472656,-4.213437080383301,-0.0002463504206389189,0.03300127014517784,0.03300126641988754,1.0,3.0,success
384,0.2891090214252472,-4.212386131286621,-0.00024661782663315535,0.032991521060466766,0.03299151733517647,1.0,-3.0,success
385,0.28901049494743347,-4.211334705352783,-0.00024685179232619703,0.03300100192427635,0.03300100192427635,1.0,3.0,success
386,0.28891023993492126,-4.210283279418945,-0.00024701928487047553,0.03300608694553375,0.03300608694553375,1.0,-3.0,success
387,0.2888118028640747,-4.209231853485107,-0.0002471728075761348,0.03300074487924576,0.03300074487924576,1.0,3.0,success
388,0.28871163725852966,-4.2081804275512695,-0.0002472760679665953,0.03300582244992256,0.03300582244992256,1.0,-3.0,success
389,0.2886132299900055,-4.207129001617432,-0.00024737813510000706,0.033000655472278595,0.033000655472278595,1.0,3.0,success
390,0.2885124087333679,-4.206078052520752,-0.00024745037080720067,0.03299294039607048,0.03299294039607048,1.0,3.0,success
391,0.28840914368629456,-4.205027103424072,-0.0002475078799761832,0.03300032019615173,0.03300032019615173,1.0,3.0,success
392,0.2883041799068451,-4.203976154327393,-0.0002475433866493404,0.03300555422902107,0.03300555422902107,1.0,-3.0,success
393,0.2882017493247986,-4.202925205230713,-0.00024758127983659506,0.03299777954816818,0.03299777954816818,1.0,-3.0,success
394,0.28810182213783264,-4.201874256134033,-0.000247612246312201,0.03299028053879738,0.03299028053879738,1.0,-3.0,success
395,0.2880043685436249,-4.200822353363037,-0.0002476372173987329,0.03301273286342621,0.03301273286342621,1.0,-3.0,success
396,0.2879093289375305,-4.199770927429199,-0.0002476573281455785,0.032991018146276474,0.032991018146276474,1.0,-3.0,success
397,0.28781670331954956,-4.198719024658203,-0.0002476735389791429,0.032999154180288315,0.032999154180288315,1.0,-3.0,success
398,0.2878156304359436,-4.198697566986084,-0.00025257820379920304,0.0006886626943014562,0.0006713898619636893,0.0,3.0,success
399,0.2877233922481537,-4.197667121887207,-0.00024704032693989575,0.03233062103390694,0.03233015909790993,1.0,3.0,success
400,0.2876276671886444,-4.196615219116211,-0.0002468687016516924,0.03300778940320015,0.03300778940320015,1.0,-3.0,success
401,0.28753432631492615,-4.195563793182373,-0.00024702749215066433,0.03298627957701683,0.03298627957701683,1.0,-3.0,success
402,0.2875339388847351,-4.195542335510254,-0.0002520500565879047,0.0006887828349135816,0.0006706615095026791,0.0,-3.0,success
403,0.28744664788246155,-4.194511413574219,-0.0002466182049829513,0.032332032918930054,0.03233158960938454,1.0,-3.0,success
404,0.2873607575893402,-4.193458557128906,-0.00024654247681610286,0.0330110602080822,0.0330110602080822,1.0,-3.0,success
405,0.2873598635196686,-4.193437576293945,-0.0002516594249755144,0.0006754468195140362,0.0006562460912391543,0.0,3.0,success
406,0.2872750163078308,-4.192406177520752,-0.00024629433755762875,0.03234051913022995,0.03234008699655533,1.0,-3.0,success
407,0.2871907651424408,-4.191353797912598,-0.00024629259132780135,0.032992083579301834,0.032992083579301834,1.0,3.0,success
408,0.28710466623306274,-4.190300941467285,-0.0002465577272232622,0.03301159292459488,0.03301159292459488,1.0,-3.0,success
409,0.2870209217071533,-4.189248561859131,-0.00024679291527718306,0.032990824431180954,0.032990824431180954,1.0,-3.0,success
410,0.2869395613670349,-4.188195705413818,-0.00024698220659047365,0.032999854534864426,0.032999854534864426,1.0,-3.0,success
411,0.28686055541038513,-4.187142372131348,-0.0002471337211318314,0.0330091267824173,0.0330091267824173,1.0,-3.0,success
412,0.286859929561615,-4.187121391296387,-0.0002521467104088515,0.0006743900012224913,0.0006559426547028124,0.0,3.0,success
413,0.28686025738716125,-4.187121391296387,-0.00025157834170386195,2.050420516752638e-05,1.0244547411275562e-05,0.0,3.0,success
414,0.2867790460586548,-4.186089515686035,-0.0002459400857333094,0.03234630450606346,0.03234582394361496,1.0,3.0,success
415,0.2867807447910309,-4.186068534851074,-0.0002508566831238568,0.0006755018839612603,0.0006577966269105673,0.0,-3.0,success
416,0.28669676184654236,-4.185037136077881,-0.00024565684725530446,0.03233829513192177,0.03233788162469864,1.0,3.0,success
417,0.28661197423934937,-4.183984279632568,-0.0002457626978866756,0.03300827741622925,0.03300827741622925,1.0,-3.0,success
418,0.2865296006202698,-4.182931423187256,-0.000246142823016271,0.03300230950117111,0.03300230950117111,1.0,-3.0,success
419,0.28652921319007874,-4.182910442352295,-0.00025134271709248424,0.0006755961221642792,0.0006557627930305898,0.0,-3.0,success
420,0.2864528000354767,-4.181878566741943,-0.0002460521936882287,0.0323348268866539,0.032334405928850174,1.0,-3.0,success
421,0.2864517867565155,-4.181857109069824,-0.0002509824698790908,0.0006887530907988548,0.0006712994072586298,0.0,3.0,success
422,0.2864518463611603,-4.181857109069824,-0.0002506328746676445,1.1082499440817628e-05,1.8626450355441193e-06,0.0,3.0,success
423,0.28637340664863586,-4.180825233459473,-0.0002451726177241653,0.03233959525823593,0.03233914449810982,1.0,-3.0,success
424,0.28629642724990845,-4.17977237701416,-0.0002453710767440498,0.032989587634801865,0.032989587634801865,1.0,-3.0,success
425,0.28622183203697205,-4.178718566894531,-0.00024582972400821745,0.0330139696598053,0.033013965934515,1.0,-3.0,success
426,0.28614890575408936,-4.1776652336120605,-0.0002462207921780646,0.03299546241760254,0.03299545869231224,1.0,3.0,success
427,0.28607338666915894,-4.17661190032959,-0.0002465243742335588,0.03300115466117859,0.03300115466117859,1.0,3.0,success
428,0.2860748767852783,-4.176590919494629,-0.00025163913960568607,0.000676457304507494,0.0006573026184923947,0.0,-3.0,success
429,0.28599822521209717,-4.175558567047119,-0.00024629879044368863,0.03235024958848953,0.03234981372952461,1.0,3.0,success
430,0.2859205901622772,-4.174505710601807,-0.0002462766715325415,0.032991088926792145,0.032991088926792145,1.0,-3.0,success
431,0.28584542870521545,-4.173452377319336,-0.000246553827309981,0.03300035744905472,0.03300035372376442,1.0,-3.0,success
432,0.2857724130153656,-4.172398567199707,-0.00024679492344148457,0.03301052004098892,0.03301052004098892,1.0,0.0,success
433,0.2857712209224701,-4.172377586364746,-0.0002518717374186963,0.0006756005459465086,0.0006567084928974509,0.0,3.0,success
434,0.2856962978839874,-4.171345233917236,-0.0002464753051754087,0.03234630078077316,0.03234586492180824,1.0,3.0,success
435,0.28561830520629883,-4.170292377471924,-0.0002464166609570384,0.032991912215948105,0.032991912215948105,1.0,-3.0,success
436,0.28554272651672363,-4.169239044189453,-0.0002466657606419176,0.033001288771629333,0.033001285046339035,1.0,-3.0,success
437,0.2854689061641693,-4.168185710906982,-0.00024688956909812987,0.03299739956855774,0.03299739956855774,1.0,3.0,success
438,0.2853926122188568,-4.167132377624512,-0.0002470594481565058,0.03300289437174797,0.03300289437174797,1.0,3.0,success
439,0.28531450033187866,-4.166079044342041,-0.0002471849729772657,0.033007048070430756,0.033007048070430756,1.0,-3.0,success
440,0.2852385342121124,-4.16502571105957,-0.00024729996221140027,0.033002156764268875,0.033002156764268875,1.0,0.0,success
441,0.28516289591789246,-4.1639723777771,-0.00024738325737416744,0.03300142288208008,0.03300142288208008,1.0,-3.0,success
442,0.28508973121643066,-4.162919044494629,-0.00024745389237068594,0.03299597650766373,0.03299597650766373,1.0,-3.0,success
443,0.28501829504966736,-4.161865711212158,-0.0002475205110386014,0.032992273569107056,0.032992273569107056,1.0,3.0,success
444,0.284945011138916,-4.1608123779296875,-0.0002475543296895921,0.03299623355269432,0.03299623355269432,1.0,-3.0,success
445,0.28487345576286316,-4.159758567810059,-0.0002476004883646965,0.03300739452242851,0.03300739452242851,1.0,3.0,success
446,0.28479939699172974,-4.158705234527588,-0.0002476279914844781,0.032997921109199524,0.032997921109199524,1.0,3.0,success
447,0.28472355008125305,-4.157651901245117,-0.0002476396330166608,0.033001892268657684,0.033001892268657684,1.0,-3.0,success
448,0.28465017676353455,-4.1565985679626465,-0.0002476584922987968,0.03299642726778984,0.03299642726778984,1.0,-3.0,success
449,0.2845785617828369,-4.155544757843018,-0.0002476842200849205,0.03300752118229866,0.03300752118229866,1.0,3.0,success
450,0.284505158662796,-4.154491424560547,-0.0002476851805113256,0.032996490597724915,0.032996490597724915,1.0,-3.0,success
451,0.2844341993331909,-4.153437614440918,-0.00024769504670985043,0.03300613537430763,0.03300613537430763,1.0,-3.0,success
452,0.2843649685382843,-4.152384281158447,-0.00024771341122686863,0.03298768401145935,0.03298768401145935,1.0,3.0,success
453,0.28429391980171204,-4.151330471038818,-0.00024770855088718235,0.033006325364112854,0.033006325364112854,1.0,-3.0,success
454,0.2842252850532532,-4.1502766609191895,-0.000247713818680495,0.033001337200403214,0.033001337200403214,1.0,-3.0,success
455,0.2841583788394928,-4.1492228507995605,-0.0002477283705957234,0.032997868955135345,0.032997868955135345,1.0,3.0,success
456,0.28408893942832947,-4.148169040679932,-0.00024773020413704216,0.033002980053424835,0.033002980053424835,1.0,3.0,success
457,0.2840176820755005,-4.147115707397461,-0.00024772141478024423,0.03299189731478691,0.03299189731478691,1.0,-3.0,success
458,0.2839488685131073,-4.146061897277832,-0.00024772394681349397,0.03300170227885246,0.03300170227885246,1.0,-3.0,success
459,0.2838818430900574,-4.145008087158203,-0.00024773654877208173,0.03299810737371445,0.03299810737371445,1.0,3.0,success
460,0.2838129997253418,-4.143954277038574,-0.0002477270318195224,0.03300176188349724,0.03300176188349724,1.0,-3.0,success
461,0.2837458848953247,-4.142900466918945,-0.0002477386733517051,0.03299828618764877,0.03299828618764877,1.0,3.0,success
462,0.28367695212364197,-4.141846656799316,-0.0002477286907378584,0.03300194442272186,0.03300194442272186,1.0,-3.0,success
463,0.2836098074913025,-4.1407928466796875,-0.0002477400121279061,0.03299834206700325,0.03299834206700325,1.0,3.0,success
464,0.28354015946388245,-4.139739036560059,-0.0002477396628819406,0.03300341218709946,0.03300341218709946,1.0,3.0,success
465,0.2835386097431183,-4.139718055725098,-0.0002526211319491267,0.0006749028689227998,0.0006574371946044266,0.0,3.0,success
466,0.28346502780914307,-4.138685703277588,-0.00024707496049813926,0.032343316823244095,0.032342854887247086,1.0,3.0,success
467,0.2833884656429291,-4.137632369995117,-0.0002468960883561522,0.03300350159406662,0.03300350159406662,1.0,-3.0,success
468,0.28331440687179565,-4.1365790367126465,-0.00024704894167371094,0.032997921109199524,0.032997921109199524,1.0,-3.0,success
469,0.28331315517425537,-4.1365580558776855,-0.00025207834551110864,0.0006753593916073442,0.0006568168173544109,0.0,3.0,success
470,0.2832394242286682,-4.135525703430176,-0.000246640935074538,0.032343633472919464,0.03234318643808365,1.0,3.0,success
471,0.2831619381904602,-4.134472846984863,-0.0002465591242071241,0.032990746200084686,0.03299074247479439,1.0,3.0,success
472,0.283081978559494,-4.133419513702393,-0.0002467803715262562,0.03301136940717697,0.03301136568188667,1.0,3.0,success
473,0.2830829918384552,-4.133398532867432,-0.00025184289552271366,0.0006752106710337102,0.0006564152427017689,0.0,-3.0,success
474,0.2830050587654114,-4.13236665725708,-0.00024645059602335095,0.03233838453888893,0.03233794867992401,1.0,-3.0,success
475,0.28292879462242126,-4.131313323974609,-0.00024640766787342727,0.0330028273165226,0.0330028273165226,1.0,-3.0,success
476,0.2828543186187744,-4.130259990692139,-0.00024666934041306376,0.032998841255903244,0.032998837530612946,1.0,3.0,success
477,0.2827780842781067,-4.129206657409668,-0.00024687277618795633,0.033002760261297226,0.033002760261297226,1.0,-3.0,success
478,0.28270357847213745,-4.128153324127197,-0.00024705551913939416,0.03299890458583832,0.03299890458583832,1.0,3.0,success
479,0.2826273441314697,-4.127100467681885,-0.00024718232452869415,0.03298790007829666,0.03298790007829666,1.0,-3.0,success
480,0.2825535535812378,-4.126046657562256,-0.00024729286087676883,0.03301220014691353,0.03301220014691353,1.0,-3.0,success
481,0.28248149156570435,-4.124993324279785,-0.0002473918139003217,0.032993607223033905,0.032993607223033905,1.0,3.0,success
482,0.2824069559574127,-4.1239399909973145,-0.00024746113922446966,0.03299896791577339,0.03299896791577339,1.0,3.0,success
483,0.2823299169540405,-4.122886657714844,-0.00024751632008701563,0.03300458565354347,0.03300458565354347,1.0,3.0,success
484,0.28225046396255493,-4.121833801269531,-0.0002475605870131403,0.0329953171312809,0.0329953171312809,1.0,3.0,success
485,0.28216928243637085,-4.120780944824219,-0.0002475855580996722,0.032999422401189804,0.032999422401189804,1.0,-3.0,success
486,0.2820906341075897,-4.119727611541748,-0.00024761498207226396,0.03300829231739044,0.03300829231739044,1.0,-3.0,success
487,0.28201451897621155,-4.118674278259277,-0.0002476391673553735,0.03300249204039574,0.03300249204039574,1.0,-3.0,success
488,0.28194084763526917,-4.117620944976807,-0.0002476587251294404,0.03299707919359207,0.03299707546830177,1.0,-3.0,success
489,0.2819406986236572,-4.117599964141846,-0.0002525552990846336,0.000673286325763911,0.0006556676235049963,0.0,-3.0,success
490,0.2818702459335327,-4.116567134857178,-0.00024703293456695974,0.03235137462615967,0.03235091641545296,1.0,3.0,success
491,0.28179866075515747,-4.115513801574707,-0.0002468637831043452,0.032992590218782425,0.032992590218782425,1.0,-3.0,success
492,0.28172948956489563,-4.114459991455078,-0.00024702350492589176,0.03300243243575096,0.03300243243575096,1.0,-3.0,success
493,0.2816620469093323,-4.113406181335449,-0.00024717560154385865,0.032998938113451004,0.032998938113451004,1.0,3.0,success
494,0.28159210085868835,-4.11235237121582,-0.0002472881169524044,0.0330040268599987,0.0330040268599987,1.0,3.0,success
495,0.2815196216106415,-4.11129903793335,-0.0002473779022693634,0.03299449756741524,0.03299449756741524,1.0,3.0,success
496,0.2814454138278961,-4.110245704650879,-0.00024743954418227077,0.03299824893474579,0.03299824893474579,1.0,-3.0,success
497,0.28137367963790894,-4.10919189453125,-0.0002474983630236238,0.033007774502038956,0.033007774502038956,1.0,-3.0,success
498,0.2813037633895874,-4.108138561248779,-0.00024755625054240227,0.03298909589648247,0.03298909589648247,1.0,3.0,success
499,0.2812313735485077,-4.10708475112915,-0.000247592746745795,0.03300917148590088,0.03300917148590088,1.0,3.0,success
500,0.2811564803123474,-4.10603141784668,-0.00024762164684943855,0.032999761402606964,0.032999761402606964,1.0,3.0,success
501,0.2810792028903961,-4.104978561401367,-0.000247644871706143,0.03299026936292648,0.03299026936292648,1.0,3.0,success
502,0.2809995412826538,-4.1039252281188965,-0.0002476635854691267,0.03301066532731056,0.03301066532731056,1.0,3.0,success
503,0.2809174954891205,-4.102872371673584,-0.0002476786030456424,0.03300151228904724,0.03300151228904724,1.0,3.0,success
504,0.28083381056785583,-4.10181999206543,-0.00024767976719886065,0.032990675419569016,0.032990675419569016,1.0,-3.0,success
505,0.2807527184486389,-4.100767135620117,-0.00024769012816250324,0.03299921005964279,0.03299921005964279,1.0,-3.0,success
506,0.28067347407341003,-4.0997138023376465,-0.0002477097150404006,0.03300968185067177,0.03300968185067177,1.0,3.0,success
507,0.28059184551239014,-4.098660945892334,-0.00024771568132564425,0.03300049901008606,0.03300049901008606,1.0,3.0,success
508,0.28050777316093445,-4.09760856628418,-0.0002477201051078737,0.03299164026975632,0.03299164026975632,1.0,3.0,success
509,0.28042134642601013,-4.096556186676025,-0.00024772374308668077,0.032997578382492065,0.032997578382492065,1.0,3.0,success
510,0.2803325355052948,-4.095503807067871,-0.0002477267407812178,0.033003758639097214,0.033003758639097214,1.0,3.0,success
511,0.28024211525917053,-4.094451427459717,-0.00024771824246272445,0.03300802782177925,0.03300802782177925,1.0,-3.0,success
512,0.2801535427570343,-4.093399524688721,-0.0002477319212630391,0.0329882837831974,0.0329882837831974,1.0,3.0,success
513,0.28006264567375183,-4.092347145080566,-0.0002477336092852056,0.033009305596351624,0.033009305596351624,1.0,3.0,success
514,0.28006047010421753,-4.0923261642456055,-0.00025261659175157547,0.0006765982834622264,0.0006591664860025048,0.0,3.0,success
515,0.27996695041656494,-4.0912957191467285,-0.00024705997202545404,0.03233421966433525,0.03233375400304794,1.0,-3.0,success
516,0.2798748016357422,-4.090243816375732,-0.0002468946622684598,0.03299785032868385,0.03299785032868385,1.0,-3.0,success
517,0.2797851860523224,-4.089191436767578,-0.0002470484469085932,0.033005885779857635,0.033005885779857635,1.0,-3.0,success
518,0.27978378534317017,-4.089170455932617,-0.0002520779089536518,0.0006756455404683948,0.0006571105914190412,0.0,3.0,success
519,0.2796955108642578,-4.088139057159424,-0.0002466298174113035,0.032349493354558945,0.03234904259443283,1.0,-3.0,success
520,0.2796078026294708,-4.087087154388428,-0.00024656110326759517,0.032986029982566833,0.032986029982566833,1.0,3.0,success
521,0.2795182466506958,-4.086034774780273,-0.0002467723679728806,0.0330057255923748,0.0330057255923748,1.0,-3.0,success
522,0.27943041920661926,-4.084982395172119,-0.00024697440676391125,0.033001188188791275,0.033001188188791275,1.0,3.0,success
523,0.27934080362319946,-4.083930015563965,-0.000247117510298267,0.033005885779857635,0.033005885779857635,1.0,-3.0,success
524,0.27925288677215576,-4.0828776359558105,-0.00024725121329538524,0.03300142288208008,0.03300142288208008,1.0,3.0,success
525,0.2791632115840912,-4.0818257331848145,-0.0002473388740327209,0.0329911932349205,0.0329911932349205,1.0,-3.0,success
526,0.2791616916656494,-4.0818047523498535,-0.000252310506766662,0.0006754791829735041,0.0006573692662641406,0.0,3.0,success
527,0.2790725827217102,-4.08077335357666,-0.0002468265302013606,0.03235173225402832,0.03235127776861191,1.0,3.0,success
528,0.2789793610572815,-4.079721927642822,-0.00024670755374245346,0.032985951751470566,0.03298594802618027,1.0,3.0,success
529,0.27897903323173523,-4.079721450805664,-0.0002518722030799836,0.00016240515105891973,1.8083013856085017e-05,0.0,0.0,success
530,0.27888473868370056,-4.078691005706787,-0.00024638877948746085,0.03233640640974045,0.032335951924324036,1.0,3.0,success
531,0.27878835797309875,-4.07766056060791,-0.00024263185332529247,0.03234216943383217,0.032341957092285156,1.0,3.0,success
532,0.2786877453327179,-4.0766096115112305,-0.00024333845067303628,0.032992321997880936,0.03299231454730034,1.0,3.0,success
533,0.27858543395996094,-4.075558662414551,-0.0002441933611407876,0.03299742937088013,0.03299741819500923,1.0,-3.0,success
534,0.27848491072654724,-4.074507236480713,-0.000244912167545408,0.03300689160823822,0.03300688415765762,1.0,3.0,success
535,0.27838271856307983,-4.073456287384033,-0.000245468138018623,0.03299706429243088,0.03299706056714058,1.0,-3.0,success
536,0.2782822847366333,-4.0724053382873535,-0.0002459323441144079,0.032991789281368256,0.03299178555607796,1.0,3.0,success
537,0.2781801223754883,-4.071353912353516,-0.00024628403480164707,0.03301180154085159,0.033011797815561295,1.0,-3.0,success
538,0.2780797779560089,-4.070302963256836,-0.00024658479378558695,0.032991521060466766,0.03299151733517647,1.0,3.0,success
539,0.27797767519950867,-4.069252014160156,-0.0002468058082740754,0.03299678489565849,0.03299678489565849,1.0,-3.0,success
540,0.27797576785087585,-4.069231033325195,-0.00025188448489643633,0.0006772144697606564,0.0006583547801710665,0.0,3.0,success
541,0.2778753340244293,-4.068201065063477,-0.0002464749268256128,0.03233960643410683,0.03233916684985161,1.0,-3.0,success
542,0.27777522802352905,-4.067149639129639,-0.00024643726646900177,0.033005643635988235,0.033005643635988235,1.0,3.0,success
543,0.2776726186275482,-4.066098690032959,-0.0002466831065248698,0.03299832344055176,0.03299832344055176,1.0,3.0,success
544,0.2775675654411316,-4.065047740936279,-0.0002468933816999197,0.03300582990050316,0.03300582990050316,1.0,3.0,success
545,0.2774607539176941,-4.063997268676758,-0.0002470519975759089,0.032996516674757004,0.032996516674757004,1.0,-3.0,success
546,0.27735647559165955,-4.062946319580078,-0.0002471884072292596,0.03300343453884125,0.03300343081355095,1.0,-3.0,success
547,0.2772546708583832,-4.061895370483398,-0.00024729809956625104,0.032995887100696564,0.032995887100696564,1.0,-3.0,success
548,0.2771546244621277,-4.0608439445495605,-0.0002473960048519075,0.03300546854734421,0.03300546854734421,1.0,3.0,success
549,0.27705276012420654,-4.059792995452881,-0.0002474547363817692,0.03299606591463089,0.03299606591463089,1.0,-3.0,success
550,0.2769526243209839,-4.058741569519043,-0.00024752088938839734,0.0330057367682457,0.0330057367682457,1.0,3.0,success
551,0.27685001492500305,-4.057690620422363,-0.0002475643705110997,0.03299832344055176,0.03299832344055176,1.0,3.0,success
552,0.2767449617385864,-4.056640148162842,-0.00024759891675785184,0.03299100324511528,0.03299100324511528,1.0,3.0,success
553,0.2766381502151489,-4.055589199066162,-0.0002476162335369736,0.03301134333014488,0.03301134333014488,1.0,-3.0,success
554,0.276636004447937,-4.055568218231201,-0.0002525323652662337,0.0006767396698705852,0.0006590710836462677,0.0,3.0,success
555,0.2766362726688385,-4.055568218231201,-0.0002518775872886181,2.2112031729193404e-05,8.381903171539307e-06,0.0,-3.0,success
556,0.276529461145401,-4.054538726806641,-0.00024618845782242715,0.03234478458762169,0.03234429657459259,1.0,3.0,success
557,0.27642226219177246,-4.053488254547119,-0.000246174429776147,0.0329977422952652,0.0329977422952652,1.0,-3.0,success
558,0.2763175666332245,-4.0524373054504395,-0.0002464712888468057,0.03300471976399422,0.03300471976399422,1.0,-3.0,success
559,0.2762146294116974,-4.05138635635376,-0.00024673406733199954,0.032999321818351746,0.03299931809306145,1.0,3.0,success
560,0.2761099338531494,-4.05033540725708,-0.0002469252503942698,0.03300471976399422,0.03300471976399422,1.0,-3.0,success
561,0.2761080861091614,-4.050314426422119,-0.00025197991635650396,0.0006768775638192892,0.0006581887719221413,0.0,3.0,success
562,0.2760043144226074,-4.049284934997559,-0.00024656200548633933,0.0323350727558136,0.03233462944626808,1.0,3.0,success
563,0.2758961021900177,-4.048234462738037,-0.0002464960271026939,0.033000972121953964,0.033000972121953964,1.0,3.0,success
564,0.2758978605270386,-4.048213481903076,-0.00025160261429846287,0.0006770255859009922,0.000657949538435787,0.0,-3.0,success
565,0.2757921516895294,-4.047183990478516,-0.0002462568518240005,0.03234118968248367,0.03234076127409935,1.0,-3.0,success
566,0.2756868004798889,-4.046133518218994,-0.00024626325466670096,0.032991934567689896,0.032991934567689896,1.0,3.0,success
567,0.2755797207355499,-4.0450825691223145,-0.0002465340367052704,0.03301218897104263,0.03301218897104263,1.0,-3.0,success
568,0.27547508478164673,-4.044032096862793,-0.00024677361943759024,0.032989710569381714,0.032989710569381714,1.0,-3.0,success
569,0.2753722369670868,-4.042981147766113,-0.00024697656044736505,0.03299904987215996,0.03299904614686966,1.0,3.0,success
570,0.2752668857574463,-4.041930198669434,-0.0002471290936227888,0.033006757497787476,0.033006757497787476,1.0,3.0,success
571,0.2751597762107849,-4.040879726409912,-0.00024724064860492945,0.032997459173202515,0.032997459173202515,1.0,-3.0,success
572,0.2750551402568817,-4.039828777313232,-0.0002473394270054996,0.033004533499479294,0.033004533499479294,1.0,-3.0,success
573,0.27505412697792053,-4.0398077964782715,-0.00025229997118003666,0.0006744710844941437,0.0006564152427017689,0.0,-3.0,success
574,0.27495214343070984,-4.0387773513793945,-0.0002468277816660702,0.032359182834625244,0.03235873207449913,1.0,3.0,success
575,0.27484968304634094,-4.037726402282715,-0.0002467005106154829,0.032997868955135345,0.032997868955135345,1.0,-3.0,success
576,0.27474963665008545,-4.036675453186035,-0.00024689288693480194,0.03299063444137573,0.03299063444137573,1.0,-3.0,success
577,0.27465134859085083,-4.035624027252197,-0.0002470711770001799,0.03300030902028084,0.03300030902028084,1.0,3.0,success
578,0.27455127239227295,-4.034572601318359,-0.0002471949264872819,0.03300555795431137,0.03300555795431137,1.0,-3.0,success
579,0.27445361018180847,-4.0335211753845215,-0.00024730307632125914,0.03299849480390549,0.03299849480390549,1.0,-3.0,success
580,0.2743576467037201,-4.032469272613525,-0.0002473999047651887,0.03300846740603447,0.03300846740603447,1.0,3.0,success
581,0.27425989508628845,-4.0314178466796875,-0.0002474578795954585,0.03299875557422638,0.03299875557422638,1.0,-3.0,success
582,0.2741641700267792,-4.03036642074585,-0.0002475182409398258,0.032992951571941376,0.032992951571941376,1.0,0.0,success
583,0.27406877279281616,-4.0293145179748535,-0.00024755799677222967,0.03300686180591583,0.03300686180591583,1.0,-3.0,success
584,0.27397575974464417,-4.028262615203857,-0.00024759379448369145,0.033000219613313675,0.033000219613313675,1.0,-3.0,success
585,0.2738851308822632,-4.027210712432861,-0.000247622694587335,0.03299374133348465,0.03299374133348465,1.0,-3.0,success
586,0.2737961709499359,-4.026158332824707,-0.0002476553781889379,0.03300414979457855,0.03300414979457855,1.0,3.0,success
587,0.2737046480178833,-4.025106430053711,-0.00024767161812633276,0.032996147871017456,0.032996147871017456,1.0,3.0,success
588,0.27361130714416504,-4.024054527282715,-0.00024767464492470026,0.0330011211335659,0.0330011211335659,1.0,-3.0,success
589,0.2735196650028229,-4.023002624511719,-0.0002476967347320169,0.03299647197127342,0.03299647197127342,1.0,3.0,success
590,0.27342623472213745,-4.021950721740723,-0.00024769516312517226,0.0330013707280159,0.0330013707280159,1.0,-3.0,success
591,0.273425430059433,-4.0219292640686035,-0.00025258384994231164,0.0006881945300847292,0.0006710235029459,0.0,-3.0,success
592,0.27333492040634155,-4.020898342132568,-0.0002470552863087505,0.03234069049358368,0.03234023228287697,1.0,3.0,success
593,0.27324366569519043,-4.019846439361572,-0.0002468820894137025,0.032995425164699554,0.032995425164699554,1.0,-3.0,success
594,0.2731548547744751,-4.018794059753418,-0.0002470380859449506,0.033003758639097214,0.033003758639097214,1.0,-3.0,success
595,0.27306848764419556,-4.017741680145264,-0.0002471773186698556,0.03299742564558983,0.03299742564558983,1.0,-3.0,success
596,0.2729838490486145,-4.016688823699951,-0.00024729929282329977,0.0330079048871994,0.0330079048871994,1.0,3.0,success
597,0.2728966772556305,-4.015636444091797,-0.0002473870408721268,0.032999493181705475,0.032999493181705475,1.0,3.0,success
598,0.2728070020675659,-4.014584541320801,-0.0002474569482728839,0.0329911932349205,0.0329911932349205,1.0,3.0,success
599,0.27271485328674316,-4.013532638549805,-0.000247513031354174,0.03299785032868385,0.03299785032868385,1.0,3.0,success
600,0.2726210057735443,-4.012480735778809,-0.0002475475484970957,0.033002521842718124,0.033002521842718124,1.0,-3.0,success
601,0.272529661655426,-4.011428356170654,-0.00024758465588092804,0.03301050886511803,0.03301050886511803,1.0,-3.0,success
602,0.2725297212600708,-4.011428356170654,-0.00025259811081923544,0.00015668153355363756,1.8626450355441193e-06,0.0,0.0,success
603,0.2724415063858032,-4.010397434234619,-0.00024697065236978233,0.03233451768755913,0.032334037125110626,1.0,3.0,success
604,0.2723492681980133,-4.009345054626465,-0.00024681902141310275,0.033012937754392624,0.033012937754392624,1.0,3.0,success
605,0.2722545564174652,-4.008293628692627,-0.0002469879691489041,0.032990094274282455,0.032990094274282455,1.0,3.0,success
606,0.272158145904541,-4.007241725921631,-0.00024712682352401316,0.033009741455316544,0.033009741455316544,1.0,-3.0,success
607,0.27215686440467834,-4.00722074508667,-0.000252129219006747,0.0006752181798219681,0.0006568729877471924,0.0,-3.0,success
608,0.2720634937286377,-4.006189823150635,-0.0002466915757395327,0.032348617911338806,0.03234817460179329,1.0,3.0,success
609,0.2719687819480896,-4.005138397216797,-0.0002466014411766082,0.032990094274282455,0.032990094274282455,1.0,3.0,success
610,0.2718716859817505,-4.004086494445801,-0.00024681436480022967,0.033011700958013535,0.033011700958013535,1.0,3.0,success
611,0.271772563457489,-4.003035068511963,-0.0002469932078383863,0.03300274536013603,0.03300274536013603,1.0,0.0,success
612,0.27167317271232605,-4.001984119415283,-0.0002471479238010943,0.03298869729042053,0.03298869729042053,1.0,3.0,success
613,0.27167436480522156,-4.001963138580322,-0.0002521382411941886,0.0006749709136784077,0.0006567084928974509,0.0,-3.0,success
614,0.2715774476528168,-4.000932693481445,-0.00024668622063472867,0.032343972474336624,0.03234352171421051,1.0,-3.0,success
615,0.27148184180259705,-3.9998810291290283,-0.0002465961151756346,0.03300003334879875,0.03300002962350845,1.0,-3.0,success
616,0.27138805389404297,-3.9988291263580322,-0.00024682004004716873,0.03300235792994499,0.03300235792994499,1.0,3.0,success
617,0.2712918221950531,-3.9977777004241943,-0.0002470032777637243,0.03299439325928688,0.03299439325928688,1.0,3.0,success
618,0.27119314670562744,-3.9967262744903564,-0.0002471502230037004,0.03300143778324127,0.03300143778324127,1.0,3.0,success
619,0.2710927724838257,-3.9956750869750977,-0.0002472574124112725,0.03299902379512787,0.03299902379512787,1.0,-3.0,success
620,0.2709941864013672,-3.9946236610412598,-0.00024736326304264367,0.03300117701292038,0.03300117701292038,1.0,3.0,success
621,0.270893931388855,-3.993572473526001,-0.00024742831010371447,0.032998669892549515,0.032998669892549515,1.0,-3.0,success
622,0.2707954943180084,-3.992521047592163,-0.00024749990552663803,0.03300074487924576,0.03300074487924576,1.0,3.0,success
623,0.27069464325904846,-3.9914698600769043,-0.00024754783953540027,0.03300044313073158,0.03300044313073158,1.0,3.0,success
624,0.2705913484096527,-3.9904189109802246,-0.00024758584913797677,0.033000409603118896,0.033000409603118896,1.0,3.0,success
625,0.27048638463020325,-3.989368200302124,-0.0002476057270541787,0.03299814090132713,0.03299814090132713,1.0,-3.0,success
626,0.27038395404815674,-3.9883170127868652,-0.00024763107649050653,0.03300519287586212,0.03300519287586212,1.0,-3.0,success
627,0.2703820466995239,-3.9882960319519043,-0.0002525445306673646,0.0006760231335647404,0.0006583547801710665,0.0,3.0,success
628,0.2702813446521759,-3.9872660636901855,-0.00024700307403691113,0.03234044462442398,0.03233998268842697,1.0,-3.0,success
629,0.27018097043037415,-3.9862148761749268,-0.0002468596794642508,0.03299902379512787,0.03299902379512787,1.0,3.0,success
630,0.2700784504413605,-3.985163688659668,-0.0002470158797223121,0.03300546482205391,0.03300546482205391,1.0,0.0,success
631,0.26997628808021545,-3.9841127395629883,-0.00024715487961657345,0.03299696743488312,0.03299696743488312,1.0,-3.0,success
632,0.2698758840560913,-3.9830615520477295,-0.00024728127755224705,0.03299910947680473,0.03299910947680473,1.0,3.0,success
633,0.2697729766368866,-3.98201060295105,-0.0002473728090990335,0.032999228686094284,0.032999228686094284,1.0,3.0,success
634,0.2697746157646179,-3.981989622116089,-0.0002523180446587503,0.0006755621870979667,0.0006576488958671689,0.0,-3.0,success
635,0.26967406272888184,-3.98095965385437,-0.0002468302845954895,0.03233998268842697,0.03233953192830086,1.0,-3.0,success
636,0.26957470178604126,-3.9799082279205322,-0.00024671151186339557,0.03300344571471214,0.03300344571471214,1.0,-3.0,success
637,0.26957494020462036,-3.979907989501953,-0.0002518855326343328,0.00016203109407797456,1.0536711670283694e-05,0.0,0.0,success
638,0.2694787383079529,-3.978877544403076,-0.0002463996352162212,0.03234189376235008,0.03234143555164337,1.0,3.0,success
639,0.26937833428382874,-3.9778263568878174,-0.0002463622367940843,0.03299910947680473,0.03299910947680473,1.0,3.0,success
640,0.2692754566669464,-3.9767754077911377,-0.0002466226287651807,0.03299913927912712,0.03299913555383682,1.0,3.0,success
641,0.2691701650619507,-3.975724697113037,-0.0002468451566528529,0.03299915790557861,0.03299915790557861,1.0,3.0,success
642,0.26906317472457886,-3.9746742248535156,-0.00024701334768906236,0.03299708291888237,0.03299707919359207,1.0,-3.0,success
643,0.2690609395503998,-3.9746530055999756,-0.0002520504640415311,0.0006850989884696901,0.0006667703855782747,0.0,3.0,success
644,0.26895585656166077,-3.973623514175415,-0.0002466076402924955,0.03233921527862549,0.03233876824378967,1.0,-3.0,success
645,0.26885172724723816,-3.9725728034973145,-0.0002465331635903567,0.03299555554986,0.03299555554986,1.0,-3.0,success
646,0.2687493860721588,-3.9715216159820557,-0.0002467696031089872,0.03300492465496063,0.03300492465496063,1.0,3.0,success
647,0.2686452567577362,-3.970470905303955,-0.0002469529863446951,0.03299555554986,0.03299555554986,1.0,-3.0,success
648,0.268543541431427,-3.9694197177886963,-0.0002471095067448914,0.03300303593277931,0.033003032207489014,1.0,-3.0,success
649,0.2684442698955536,-3.9683685302734375,-0.00024723526439629495,0.032995764166116714,0.032995764166116714,1.0,-3.0,success
650,0.2684437036514282,-3.9683473110198975,-0.0002522169379517436,0.0006813606596551836,0.0006633377051912248,0.0,-3.0,success
651,0.2683470547199249,-3.9673166275024414,-0.00024676142493262887,0.032350603491067886,0.03235015273094177,1.0,3.0,success
652,0.2682497799396515,-3.9662652015686035,-0.00024664736702106893,0.03299738094210625,0.03299738094210625,1.0,-3.0,success
653,0.26815417408943176,-3.9652135372161865,-0.00024686052347533405,0.03300003334879875,0.03300002962350845,1.0,3.0,success
654,0.26805612444877625,-3.9641621112823486,-0.00024703549570403993,0.032999616116285324,0.032999616116285324,1.0,3.0,success
655,0.2680540084838867,-3.9641411304473877,-0.0002520582056604326,0.0006774119683541358,0.0006589770200662315,0.0,3.0,success
656,0.267952561378479,-3.963111162185669,-0.00024662440409883857,0.03234270215034485,0.03234225511550903,1.0,3.0,success
657,0.26784756779670715,-3.9620604515075684,-0.0002465358411427587,0.032998230308294296,0.032998230308294296,1.0,-3.0,success
658,0.2677443325519562,-3.9610095024108887,-0.00024677146575413644,0.03300022706389427,0.03300022706389427,1.0,3.0,success
659,0.2676393985748291,-3.959958553314209,-0.00024695429601706564,0.03300546109676361,0.03300546109676361,1.0,-3.0,success
660,0.2675362527370453,-3.9589076042175293,-0.0002471207990311086,0.032999955117702484,0.032999955117702484,1.0,3.0,success
661,0.267431378364563,-3.9578568935394287,-0.00024723444948904216,0.03299785777926445,0.03299785777926445,1.0,-3.0,success
662,0.26732897758483887,-3.956805944442749,-0.00024733447935432196,0.03299769014120102,0.03299769014120102,1.0,-3.0,success
663,0.2672290503978729,-3.955754518508911,-0.0002474150387570262,0.03300511837005615,0.03300511837005615,1.0,-3.0,success
664,0.26722943782806396,-3.955754280090332,-0.0002524626033846289,0.00015837571118026972,1.4216021554602776e-05,0.0,0.0,success
665,0.2671333849430084,-3.954723834991455,-0.0002468513266649097,0.03234148025512695,0.03234100341796875,1.0,-3.0,success
666,0.2670377492904663,-3.953672170639038,-0.0002467343001626432,0.033000119030475616,0.033000119030475616,1.0,3.0,success
667,0.26694029569625854,-3.9526207447052,-0.00024691069847904146,0.032997891306877136,0.032997891306877136,1.0,-3.0,success
668,0.2668445408344269,-3.951569080352783,-0.0002470849722158164,0.033000458031892776,0.03300045430660248,1.0,3.0,success
669,0.26674628257751465,-3.9505176544189453,-0.0002472156484145671,0.03300022333860397,0.03300022333860397,1.0,3.0,success
670,0.26664552092552185,-3.9494664669036865,-0.0002473199856467545,0.03300017863512039,0.03300017863512039,1.0,3.0,success
671,0.26654234528541565,-3.948415517807007,-0.0002474035427439958,0.03300004452466965,0.03300004452466965,1.0,3.0,success
672,0.26643672585487366,-3.9473648071289062,-0.0002474705397617072,0.03300018236041069,0.03300018236041069,1.0,3.0,success
673,0.26632946729660034,-3.9463143348693848,-0.0002475134388078004,0.03299793228507042,0.03299793228507042,1.0,-3.0,success
674,0.2662240266799927,-3.945263624191284,-0.00024756809580139816,0.03299962356686592,0.03299962356686592,1.0,3.0,success
675,0.26611626148223877,-3.9442131519317627,-0.0002476025256328285,0.03299954533576965,0.03299954533576965,1.0,3.0,success
676,0.2660067677497864,-3.9431629180908203,-0.0002476190566085279,0.03299769014120102,0.03299769014120102,1.0,-3.0,success
677,0.2658998370170593,-3.9421122074127197,-0.0002476417284924537,0.03300430625677109,0.03300430625677109,1.0,-3.0,success
678,0.26579543948173523,-3.941061496734619,-0.00024766052956692874,0.03299638256430626,0.03299638256430626,1.0,-3.0,success
679,0.2656934857368469,-3.9400103092193604,-0.00024767577997408807,0.033003754913806915,0.033003754913806915,1.0,-3.0,success
680,0.26569271087646484,-3.9399890899658203,-0.0002525690069887787,0.0006809351034462452,0.0006635435856878757,0.0,-3.0,success
681,0.26559340953826904,-3.9389588832855225,-0.00024704309180378914,0.03234362602233887,0.03234316408634186,1.0,3.0,success
682,0.2655915319919586,-3.9389379024505615,-0.00025176495546475053,0.0006746068247593939,0.0006582711357623339,0.0,3.0,success
683,0.2654908299446106,-3.9379079341888428,-0.00024636421585455537,0.03234042227268219,0.03233998268842697,1.0,-3.0,success
684,0.26539114117622375,-3.936856508255005,-0.00024633784778416157,0.033004410564899445,0.033004410564899445,1.0,-3.0,success
685,0.26538965106010437,-3.936835527420044,-0.0002514959196560085,0.0006767782615497708,0.0006573026184923947,0.0,3.0,success
686,0.2652914822101593,-3.935805320739746,-0.0002461634576320648,0.032340217381715775,0.03233978897333145,1.0,-3.0,success
687,0.2651936113834381,-3.934753894805908,-0.0002461880212649703,0.03299909830093384,0.03299909830093384,1.0,3.0,success
688,0.26509320735931396,-3.9337027072906494,-0.00024648362887091935,0.03299911320209503,0.03299910947680473,1.0,3.0,success
689,0.26499027013778687,-3.9326517581939697,-0.0002467337471898645,0.032999321818351746,0.03299931809306145,1.0,3.0,success
690,0.2648852467536926,-3.93160080909729,-0.00024692941224202514,0.0330057367682457,0.0330057367682457,1.0,0.0,success
691,0.2647798955440521,-3.9305500984191895,-0.0002470967883709818,0.032999344170093536,0.032999344170093536,1.0,3.0,success
692,0.2646728456020355,-3.929499626159668,-0.00024721494992263615,0.03299726918339729,0.03299726918339729,1.0,-3.0,success
693,0.26456761360168457,-3.9284486770629883,-0.00024732929887250066,0.03300638869404793,0.03300638869404793,1.0,3.0,success
694,0.2644599676132202,-3.927398204803467,-0.00024741142988204956,0.03299916535615921,0.03299916535615921,1.0,3.0,success
695,0.26435062289237976,-3.9263479709625244,-0.0002474662906024605,0.03299720585346222,0.03299720585346222,1.0,-3.0,success
696,0.26434916257858276,-3.9263269901275635,-0.0002524006413295865,0.000675083720125258,0.0006572372512891889,0.0,-3.0,success
697,0.2643493413925171,-3.9263269901275635,-0.0002517824759706855,2.0109629986109212e-05,5.58793499294552e-06,0.0,-3.0,success
698,0.26424506306648254,-3.9252970218658447,-0.00024611293338239193,0.0323515310883522,0.0323510505259037,1.0,3.0,success
699,0.2641403377056122,-3.924246311187744,-0.00024611398112028837,0.03299739584326744,0.03299739584326744,1.0,-3.0,success
700,0.2641383111476898,-3.924225330352783,-0.00025131605798378587,0.0006784661090932786,0.0006587025127373636,0.0,3.0,success
701,0.26403456926345825,-3.9231956005096436,-0.00024603024940006435,0.032342370599508286,0.03234194964170456,1.0,3.0,success
702,0.263927161693573,-3.922145128250122,-0.00024606066290289164,0.032998405396938324,0.032998405396938324,1.0,-3.0,success
703,0.2638222575187683,-3.9210941791534424,-0.00024638097966089845,0.03300536796450615,0.03300536796450615,1.0,-3.0,success
704,0.2637190818786621,-3.9200432300567627,-0.00024666188983246684,0.03300004452466965,0.03300004452466965,1.0,3.0,success
705,0.2636134624481201,-3.918992519378662,-0.00024687746190465987,0.03300018236041069,0.03300018236041069,1.0,3.0,success
706,0.26350608468055725,-3.9179420471191406,-0.00024703939561732113,0.03299831226468086,0.03299831226468086,1.0,-3.0,success
707,0.26340046525001526,-3.91689133644104,-0.0002471888728905469,0.03300018236041069,0.03300018236041069,1.0,3.0,success
708,0.2632931172847748,-3.9158408641815186,-0.0002472889027558267,0.0329982154071331,0.0329982154071331,1.0,-3.0,success
709,0.2632918655872345,-3.9158196449279785,-0.00025225902209058404,0.0006821707356721163,0.0006642543012276292,0.0,-3.0,success
710,0.2631871700286865,-3.914789915084839,-0.0002467949816491455,0.032345402985811234,0.03234495222568512,1.0,3.0,success
711,0.2631889581680298,-3.914768695831299,-0.00025155729963444173,0.0006818903493694961,0.0006654519238509238,0.0,-3.0,success
712,0.26308801770210266,-3.913738965988159,-0.0002462069969624281,0.032333724200725555,0.032333292067050934,1.0,-3.0,success
713,0.2629881799221039,-3.9126875400543213,-0.0002462122938595712,0.03300485014915466,0.03300485014915466,1.0,-3.0,success
714,0.2628907859325409,-3.9116361141204834,-0.0002465029538143426,0.03299771994352341,0.03299771994352341,1.0,-3.0,success
715,0.2628902196884155,-3.9116148948669434,-0.00025163075770251453,0.000682418467476964,0.0006633377051912248,0.0,-3.0,success
716,0.26279905438423157,-3.9105842113494873,-0.0002462826669216156,0.03233503922820091,0.03233460336923599,1.0,-3.0,success
717,0.262708455324173,-3.909532070159912,-0.00024628383107483387,0.03300108388066292,0.03300108388066292,1.0,3.0,success
718,0.2626153230667114,-3.908480167388916,-0.00024656023015268147,0.03300054743885994,0.03300054743885994,1.0,3.0,success
719,0.2626135051250458,-3.908458948135376,-0.0002516774693503976,0.0006844733143225312,0.0006655307952314615,0.0,3.0,success
720,0.2625168263912201,-3.907428741455078,-0.00024631962878629565,0.03233584389090538,0.03233540430665016,1.0,3.0,success
721,0.26241594552993774,-3.9063775539398193,-0.0002463023702148348,0.033000532537698746,0.033000532537698746,1.0,3.0,success
722,0.262312650680542,-3.9053266048431396,-0.0002465751313138753,0.033000409603118896,0.033000409603118896,1.0,3.0,success
723,0.26220765709877014,-3.904275894165039,-0.000246796669671312,0.032998230308294296,0.032998230308294296,1.0,-3.0,success
724,0.2621045410633087,-3.9032249450683594,-0.0002469948376528919,0.03299986571073532,0.03299986571073532,1.0,3.0,success
725,0.2619990110397339,-3.9021739959716797,-0.000247144082095474,0.03300732001662254,0.033007316291332245,1.0,3.0,success
726,0.26189112663269043,-3.901123523712158,-0.0002472630876582116,0.032999925315380096,0.032999925315380096,1.0,3.0,success
727,0.26178085803985596,-3.900073289871216,-0.0002473583444952965,0.03300020843744278,0.03300020843744278,1.0,3.0,success
728,0.2617781460285187,-3.900052309036255,-0.00025231673498637974,0.0006790215848013759,0.0006611058488488197,0.0,3.0,success
729,0.2616657614707947,-3.8990237712860107,-0.00024681995273567736,0.03233356401324272,0.03233310580253601,1.0,-3.0,success
730,0.2615543305873871,-3.8979735374450684,-0.00024670263519510627,0.033004023134708405,0.033004023134708405,1.0,-3.0,success
731,0.26144543290138245,-3.896923303604126,-0.00024689483689144254,0.032995764166116714,0.032995764166116714,1.0,-3.0,success
732,0.2613382935523987,-3.8958725929260254,-0.00024707280681468546,0.033004965633153915,0.033004965633153915,1.0,3.0,success
733,0.26122868061065674,-3.894822359085083,-0.00024720607325434685,0.03299807384610176,0.03299807384610176,1.0,3.0,success
734,0.2611173093318939,-3.8937721252441406,-0.00024730220320634544,0.033003825694322586,0.033003825694322586,1.0,-3.0,success
735,0.2611151933670044,-3.8937511444091797,-0.000252281257417053,0.0006770972395315766,0.0006589770200662315,0.0,3.0,success
736,0.2610056698322296,-3.8927221298217773,-0.00024679239140823483,0.032338790595531464,0.03233833238482475,1.0,-3.0,success
737,0.2608970105648041,-3.891671895980835,-0.00024668106925673783,0.03299499675631523,0.03299499675631523,1.0,-3.0,success
738,0.26079073548316956,-3.8906211853027344,-0.00024687795666977763,0.03300223499536514,0.03300223499536514,1.0,-3.0,success
739,0.2606861889362335,-3.8895702362060547,-0.0002470591280143708,0.03300425782799721,0.03300425782799721,1.0,3.0,success
740,0.26057907938957214,-3.888519763946533,-0.00024719489738345146,0.032997459173202515,0.032997459173202515,1.0,3.0,success
741,0.2604694366455078,-3.887469530105591,-0.00024730328004807234,0.03299817070364952,0.03299817070364952,1.0,3.0,success
742,0.260358065366745,-3.8864192962646484,-0.0002473799104336649,0.033003825694322586,0.033003825694322586,1.0,-3.0,success
743,0.26024913787841797,-3.885369062423706,-0.00024745072005316615,0.032995857298374176,0.032995857298374176,1.0,-3.0,success
744,0.2601426839828491,-3.8843183517456055,-0.00024750796728767455,0.03300280123949051,0.03300280123949051,1.0,-3.0,success
745,0.260038286447525,-3.883267402648926,-0.0002475587243679911,0.0330037958920002,0.0330037958920002,1.0,0.0,success
746,0.2599335014820099,-3.882216691970825,-0.00024760011001490057,0.032997582107782364,0.032997582107782364,1.0,3.0,success
747,0.259935587644577,-3.882195472717285,-0.000252500205533579,0.0006836681277491152,0.0006662986124865711,0.0,-3.0,success
748,0.2598291337490082,-3.8811659812927246,-0.0002469860191922635,0.032343603670597076,0.03234314173460007,1.0,3.0,success
749,0.2597222626209259,-3.880115270614624,-0.00024682702496647835,0.033004116266965866,0.033004116266965866,1.0,-3.0,success
750,0.2596171796321869,-3.8790645599365234,-0.0002470043546054512,0.03299850970506668,0.03299850597977638,1.0,3.0,success
751,0.2595096528530121,-3.878014087677002,-0.00024715071776881814,0.032998789101839066,0.03299878537654877,1.0,3.0,success
752,0.2593996822834015,-3.8769638538360596,-0.0002472681808285415,0.03299923986196518,0.03299923986196518,1.0,3.0,success
753,0.2592873275279999,-3.8759138584136963,-0.00024736227351240814,0.0329996719956398,0.0329996719956398,1.0,3.0,success
754,0.25917258858680725,-3.874864101409912,-0.0002474376524332911,0.03300027549266815,0.03300027549266815,1.0,3.0,success
755,0.2590562105178833,-3.873814344406128,-0.0002474870707374066,0.03300588205456734,0.03300588205456734,1.0,-3.0,success
756,0.25894173979759216,-3.8727645874023438,-0.00024754705373197794,0.03299936652183533,0.03299936652183533,1.0,3.0,success
757,0.2588255703449249,-3.8717150688171387,-0.00024757516803219914,0.03299775719642639,0.03299775719642639,1.0,-3.0,success
758,0.2587112486362457,-3.8706653118133545,-0.0002476174267940223,0.032998859882354736,0.032998859882354736,1.0,3.0,success
759,0.2587130069732666,-3.8706443309783936,-0.0002525144082028419,0.0006755116628482938,0.000657949538435787,0.0,-3.0,success
760,0.2586013674736023,-3.8696155548095703,-0.00024698683409951627,0.0323384553194046,0.03233799338340759,1.0,-3.0,success
761,0.2585999667644501,-3.8695943355560303,-0.00025171812740154564,0.0006807938916608691,0.0006645447574555874,0.0,-3.0,success
762,0.2584894597530365,-3.868565082550049,-0.0002463473647367209,0.032349444925785065,0.032349009066820145,1.0,3.0,success
763,0.25837787985801697,-3.8675150871276855,-0.00024632582790218294,0.03299710527062416,0.03299710527062416,1.0,3.0,success
764,0.25826457142829895,-3.8664650917053223,-0.00024658345500938594,0.033002857118844986,0.03300285339355469,1.0,-3.0,success
765,0.2581537663936615,-3.86541485786438,-0.00024681296781636775,0.033001963049173355,0.033001963049173355,1.0,-3.0,success
766,0.2581517696380615,-3.865393877029419,-0.0002518905093893409,0.0006774577777832747,0.0006586136296391487,0.0,3.0,success
767,0.2580428123474121,-3.8643648624420166,-0.0002464798162691295,0.03233690932393074,0.032336462289094925,1.0,-3.0,success
768,0.25793400406837463,-3.863314390182495,-0.00024644119548611343,0.033002886921167374,0.033002886921167374,1.0,3.0,success
769,0.2578233778476715,-3.8622641563415527,-0.00024667641264386475,0.0330013781785965,0.0330013781785965,1.0,-3.0,success
770,0.25771450996398926,-3.8612139225006104,-0.00024689771817065775,0.03299567103385925,0.032995667308568954,1.0,3.0,success
771,0.25760313868522644,-3.860163688659668,-0.00024706602562218904,0.033003825694322586,0.033003825694322586,1.0,3.0,success
772,0.25748929381370544,-3.859113931655884,-0.0002472003980074078,0.0329972505569458,0.0329972505569458,1.0,3.0,success
773,0.25737375020980835,-3.8580641746520996,-0.00024729754659347236,0.03300301730632782,0.03300301730632782,1.0,-3.0,success
774,0.2572599947452545,-3.8570144176483154,-0.00024739536456763744,0.032996948808431625,0.032996948808431625,1.0,3.0,success
775,0.2571445405483246,-3.8559646606445312,-0.0002474539796821773,0.033002711832523346,0.033002711832523346,1.0,-3.0,success
776,0.2570308744907379,-3.854914903640747,-0.00024752042372711003,0.03299664705991745,0.03299664705991745,1.0,3.0,success
777,0.25691547989845276,-3.853865146636963,-0.00024755403865128756,0.03300251066684723,0.03300251066684723,1.0,-3.0,success
778,0.25680258870124817,-3.8528151512145996,-0.00024759004008956254,0.03300146013498306,0.03300146013498306,1.0,-3.0,success
779,0.256692111492157,-3.8517649173736572,-0.0002476194058544934,0.0330008901655674,0.0330008901655674,1.0,-3.0,success
780,0.2565840780735016,-3.8507144451141357,-0.0002476430672686547,0.033000398427248,0.033000398427248,1.0,-3.0,success
781,0.2564777731895447,-3.8496639728546143,-0.00024767176364548504,0.032994914799928665,0.032994914799928665,1.0,3.0,success
782,0.25647589564323425,-3.849642753601074,-0.00025256696972064674,0.0006830429774709046,0.0006656923796981573,0.0,3.0,success
783,0.256367027759552,-3.848613739013672,-0.00024702062364667654,0.03233663737773895,0.032336171716451645,1.0,-3.0,success
784,0.2562589645385742,-3.8475632667541504,-0.0002468636375851929,0.03300049528479576,0.03300049528479576,1.0,-3.0,success
785,0.25615328550338745,-3.84651255607605,-0.00024702405789867043,0.03300036862492561,0.033000364899635315,1.0,-3.0,success
786,0.2560492753982544,-3.84546160697937,-0.00024717592168599367,0.03300260379910469,0.03300260379910469,1.0,3.0,success
787,0.2559434175491333,-3.8444108963012695,-0.0002472788037266582,0.03300092741847038,0.03300092741847038,1.0,-3.0,success
788,0.2558392286300659,-3.843360185623169,-0.00024738008505664766,0.032995741814374924,0.032995738089084625,1.0,3.0,success
789,0.25573253631591797,-3.8423094749450684,-0.0002474516222719103,0.0330035500228405,0.0330035500228405,1.0,3.0,success
790,0.2556251287460327,-3.841280460357666,-0.0002434969792375341,0.032331641763448715,0.032331403344869614,1.0,3.0,success
791,0.255513995885849,-3.8402304649353027,-0.0002440205280436203,0.03299563750624657,0.03299563005566597,1.0,-3.0,success
792,0.25540533661842346,-3.8391799926757812,-0.00024474848760291934,0.03300241380929947,0.03300240635871887,1.0,-3.0,success
793,0.2552991509437561,-3.8381292819976807,-0.00024534622207283974,0.033001963049173355,0.03300195559859276,1.0,-3.0,success
794,0.255298376083374,-3.8381083011627197,-0.00025070697301998734,0.0006771475309506059,0.0006560980691574514,0.0,-3.0,success
795,0.25519859790802,-3.837078332901001,-0.0002455433423165232,0.03233758732676506,0.03233718499541283,1.0,-3.0,success
796,0.2551979720592499,-3.837057113647461,-0.00025056477170437574,0.0006816964596509933,0.000663390033878386,0.0,-3.0,success
797,0.2551031708717346,-3.836026668548584,-0.00024541508173570037,0.03233779966831207,0.03233739733695984,1.0,-3.0,success
798,0.2550088167190552,-3.834974765777588,-0.00024558918084949255,0.03300393372774124,0.03300393372774124,1.0,3.0,success
799,0.2550109028816223,-3.834953546524048,-0.000250878045335412,0.0006864913157187402,0.0006662986124865711,0.0,-3.0,success
800,0.2549149990081787,-3.833923101425171,-0.00024568793014623225,0.03234097734093666,0.03234057500958443,1.0,3.0,success
801,0.2549130618572235,-3.833901882171631,-0.00025068168179132044,0.0006839016568847001,0.0006658591446466744,0.0,3.0,success
802,0.2549133598804474,-3.833901882171631,-0.00025038234889507294,1.3199861314205918e-05,9.313225746154785e-06,0.0,-3.0,success
803,0.25481438636779785,-3.832871675491333,-0.00024499150458723307,0.03234262391924858,0.03234218806028366,1.0,3.0,success
804,0.2547142505645752,-3.831820249557495,-0.00024522721651010215,0.0330057367682457,0.0330057367682457,1.0,3.0,success
805,0.25461167097091675,-3.8307693004608154,-0.00024571464746259153,0.032998234033584595,0.032998230308294296,1.0,3.0,success
806,0.2545074224472046,-3.8297183513641357,-0.00024610853870399296,0.033003341406583786,0.03300333768129349,1.0,-3.0,success
807,0.2544057071208954,-3.828667402267456,-0.0002464337449055165,0.032995618879795074,0.032995618879795074,1.0,-3.0,success
808,0.25430652499198914,-3.827615976333618,-0.00024669451522640884,0.03300292417407036,0.03300292417407036,1.0,-3.0,success
809,0.25420981645584106,-3.826564311981201,-0.00024690330610610545,0.03300317004323006,0.03300317004323006,1.0,-3.0,success
810,0.2541148364543915,-3.825512647628784,-0.00024708022829145193,0.03299827128648758,0.03299826756119728,1.0,3.0,success
811,0.25401735305786133,-3.8244612216949463,-0.0002472118940204382,0.0329979807138443,0.0329979807138443,1.0,3.0,success
812,0.2539180517196655,-3.8234097957611084,-0.00024730691802687943,0.033003274351358414,0.033003274351358414,1.0,-3.0,success
813,0.2539181411266327,-3.8234095573425293,-0.0002523756993468851,0.00015859914128668606,7.957222805998754e-06,0.0,0.0,success
814,0.2539179027080536,-3.8234095573425293,-0.0002516760432627052,2.3098844394553453e-05,7.450580142176477e-06,0.0,3.0,success
815,0.25382041931152344,-3.8223793506622314,-0.0002460040559526533,0.03233825042843819,0.03233776614069939,1.0,-3.0,success
816,0.25372448563575745,-3.8213491439819336,-0.00024231786665041,0.03233344480395317,0.032333239912986755,1.0,3.0,success
817,0.25372231006622314,-3.8213281631469727,-0.00024797144578769803,0.000682432611938566,0.0006591664860025048,0.0,3.0,success
818,0.2536221444606781,-3.820298194885254,-0.0002433275803923607,0.03233867883682251,0.032338354736566544,1.0,-3.0,success
819,0.2535230219364166,-3.819247007369995,-0.00024390917678829283,0.03299533575773239,0.032995328307151794,1.0,-3.0,success
820,0.253425657749176,-3.8181955814361572,-0.0002446712169330567,0.03299764543771744,0.03299763426184654,1.0,3.0,success
821,0.2534237504005432,-3.818174362182617,-0.0002501679991837591,0.0006875776452943683,0.0006657750927843153,0.0,3.0,success
822,0.2533237636089325,-3.8171443939208984,-0.0002451010514050722,0.03233820199966431,0.03233781456947327,1.0,-3.0,success
823,0.25322481989860535,-3.8160929679870605,-0.00024532838142476976,0.03300222381949425,0.03300222009420395,1.0,-3.0,success
824,0.2531276047229767,-3.8150415420532227,-0.00024580606259405613,0.03299720957875252,0.03299720585346222,1.0,3.0,success
825,0.2530285716056824,-3.8139901161193848,-0.000246182520641014,0.03300248831510544,0.03300248458981514,1.0,-3.0,success
826,0.2529312074184418,-3.812938690185547,-0.0002465034485794604,0.03299763798713684,0.03299763426184654,1.0,3.0,success
827,0.2528313994407654,-3.811887502670288,-0.00024675068561919034,0.03299734741449356,0.03299734741449356,1.0,3.0,success
828,0.2527290880680084,-3.8108363151550293,-0.0002469481551088393,0.03300483524799347,0.03300483524799347,1.0,3.0,success
829,0.2526246905326843,-3.8097853660583496,-0.00024710092111490667,0.0330037958920002,0.0330037958920002,1.0,0.0,success
830,0.25251999497413635,-3.808734655380249,-0.0002472339547239244,0.03299730643630028,0.03299730643630028,1.0,3.0,success
831,0.25252145528793335,-3.808713674545288,-0.0002522072463762015,0.0006753627094440162,0.0006572372512891889,0.0,-3.0,success
832,0.25241923332214355,-3.8076839447021484,-0.0002467414306011051,0.032337676733732224,0.03233722597360611,1.0,-3.0,success
833,0.25231823325157166,-3.8066327571868896,-0.0002466403238940984,0.0330008901655674,0.0330008901655674,1.0,-3.0,success
834,0.25221967697143555,-3.8055813312530518,-0.0002468451566528529,0.033001091331243515,0.033001091331243515,1.0,-3.0,success
835,0.2522181570529938,-3.805560350418091,-0.0002519154513720423,0.0006761950207874179,0.0006573692662641406,0.0,3.0,success
836,0.25212037563323975,-3.804530143737793,-0.0002465102879796177,0.03233908861875534,0.032338641583919525,1.0,3.0,success
837,0.2520189583301544,-3.803478956222534,-0.00024644468794576824,0.03300213813781738,0.03300213813781738,1.0,-3.0,success
838,0.2519199848175049,-3.8024275302886963,-0.0002466882870066911,0.03300231322646141,0.03300230950117111,1.0,-3.0,success
839,0.25182342529296875,-3.8013761043548584,-0.00024689765996299684,0.032995328307151794,0.032995324581861496,1.0,-3.0,success
840,0.2517285645008087,-3.8003242015838623,-0.0002470756007824093,0.033005356788635254,0.033005353063344955,1.0,3.0,success
841,0.25163185596466064,-3.7992727756500244,-0.00024719859356991947,0.03299575299024582,0.03299575299024582,1.0,-3.0,success
842,0.2515375316143036,-3.7982208728790283,-0.00024730610311962664,0.033003855496644974,0.033003855496644974,1.0,-3.0,success
843,0.25153711438179016,-3.7981996536254883,-0.0002522735157981515,0.0006811539060436189,0.0006632298463955522,0.0,-3.0,success
844,0.25144559144973755,-3.797168731689453,-0.00024680685601197183,0.03234346583485603,0.03234301507472992,1.0,3.0,success
845,0.25135260820388794,-3.796116828918457,-0.0002466932055540383,0.03300013765692711,0.03300013765692711,1.0,3.0,success
846,0.2512578070163727,-3.79506516456604,-0.0002468774328008294,0.03299776464700699,0.03299776464700699,1.0,-3.0,success
847,0.2511654496192932,-3.794013023376465,-0.00024704824318178,0.033005841076374054,0.033005841076374054,1.0,-3.0,success
848,0.25116482377052307,-3.793992042541504,-0.0002520671987440437,0.0006744333077222109,0.0006559426547028124,0.0,-3.0,success
849,0.25107541680336,-3.7929608821868896,-0.0002466419246047735,0.03234510123729706,0.03234465792775154,1.0,3.0,success
850,0.25098520517349243,-3.7919087409973145,-0.0002465515281073749,0.03300004452466965,0.03300004452466965,1.0,-3.0,success
851,0.25089743733406067,-3.79085636138916,-0.0002467737649567425,0.03300103545188904,0.03300103545188904,1.0,-3.0,success
852,0.2508121132850647,-3.7898037433624268,-0.00024696599575690925,0.03300220146775246,0.03300220146775246,1.0,-3.0,success
853,0.25081107020378113,-3.7897825241088867,-0.0002520127163734287,0.0006823773146606982,0.0006639023195020854,0.0,3.0,success
854,0.25072604417800903,-3.7887513637542725,-0.00024658796610310674,0.03233356401324272,0.032333120703697205,1.0,3.0,success
855,0.2506370544433594,-3.787698984146118,-0.00024651657440699637,0.03300422802567482,0.03300422802567482,1.0,3.0,success
856,0.25054624676704407,-3.786646842956543,-0.0002467361046001315,0.03300164267420769,0.03300164267420769,1.0,-3.0,success
857,0.25045719742774963,-3.7855947017669678,-0.0002469455066602677,0.03299696370959282,0.03299695998430252,1.0,3.0,success
858,0.2503664195537567,-3.7845425605773926,-0.00024709428544156253,0.03300156071782112,0.03300156071782112,1.0,-3.0,success
859,0.2502780854701996,-3.7834901809692383,-0.00024722242960706353,0.03300251066684723,0.03300251066684723,1.0,-3.0,success
860,0.25019219517707825,-3.782437801361084,-0.0002473254862707108,0.03299621120095253,0.03299621120095253,1.0,-3.0,success
861,0.2501087188720703,-3.7813849449157715,-0.00024740808294154704,0.033005014061927795,0.033005014061927795,1.0,-3.0,success
862,0.25010865926742554,-3.7813637256622314,-0.0002523550938349217,0.0006808866164647043,0.0006631042342633009,0.0,-3.0,success
863,0.2500309944152832,-3.78033185005188,-0.0002468623861204833,0.032337773591279984,0.03233731910586357,1.0,-3.0,success
864,0.2499542385339737,-3.7792787551879883,-0.00024674736778251827,0.03299650922417641,0.03299650922417641,1.0,3.0,success
865,0.24987563490867615,-3.7782256603240967,-0.00024692140868864954,0.03300075605511665,0.03300075605511665,1.0,-3.0,success
866,0.2497987002134323,-3.777172327041626,-0.00024709352874197066,0.03300435096025467,0.03300435096025467,1.0,3.0,success
867,0.24971924722194672,-3.7761194705963135,-0.000247222458710894,0.0329953171312809,0.0329953171312809,1.0,3.0,success
868,0.24963799118995667,-3.775066614151001,-0.0002473153581377119,0.03299960121512413,0.03299960121512413,1.0,-3.0,success
869,0.24963659048080444,-3.775045394897461,-0.0002522917347960174,0.0006824980955570936,0.0006645447574555874,0.0,3.0,success
870,0.2495565265417099,-3.7740137577056885,-0.00024680091883055866,0.03233605623245239,0.03233560174703598,1.0,-3.0,success
871,0.24947792291641235,-3.772960662841797,-0.00024668785044923425,0.03300075605511665,0.03300075605511665,1.0,-3.0,success
872,0.24947692453861237,-3.772939443588257,-0.00025177569477818906,0.000682610203512013,0.0006638352060690522,0.0,3.0,success
873,0.24939857423305511,-3.7719078063964844,-0.00024639771436341107,0.03233194351196289,0.032331500202417374,1.0,3.0,success
874,0.24931700527668,-3.770854949951172,-0.00024635466979816556,0.03300035372376442,0.03300035372376442,1.0,-3.0,success
875,0.24923714995384216,-3.7698018550872803,-0.0002466263831593096,0.03300369158387184,0.03300369158387184,1.0,3.0,success
876,0.24923865497112274,-3.7697806358337402,-0.0002517205139156431,0.0006835625390522182,0.0006647674599662423,0.0,-3.0,success
877,0.24916064739227295,-3.7687487602233887,-0.0002463530981913209,0.03233855962753296,0.03233812376856804,1.0,-3.0,success
878,0.2490835040807724,-3.767695665359497,-0.00024634014698676765,0.03299739211797714,0.03299739211797714,1.0,3.0,success
879,0.24900458753108978,-3.7666425704956055,-0.00024659562041051686,0.03300148621201515,0.03300148621201515,1.0,-3.0,success
880,0.24892809987068176,-3.7655892372131348,-0.00024682297953404486,0.03300333395600319,0.03300333023071289,1.0,-3.0,success
881,0.24885337054729462,-3.764535903930664,-0.00024701596703380346,0.03299940004944801,0.03299940004944801,1.0,3.0,success
882,0.24877680838108063,-3.7634828090667725,-0.00024715083418413997,0.03299606963992119,0.03299606963992119,1.0,-3.0,success
883,0.24870267510414124,-3.7624292373657227,-0.0002472678024787456,0.03300551697611809,0.03300551697611809,1.0,-3.0,success
884,0.24863095581531525,-3.761375665664673,-0.0002473618951626122,0.03300030902028084,0.03300030902028084,1.0,-3.0,success
885,0.24856162071228027,-3.760322093963623,-0.0002474372449796647,0.03299533203244209,0.03299533203244209,1.0,-3.0,success
886,0.248493954539299,-3.759268283843994,-0.00024750709417276084,0.03299938514828682,0.03299938514828682,1.0,3.0,success
887,0.24849551916122437,-3.759247064590454,-0.0002524250594433397,0.0006824323791079223,0.0006649018032476306,0.0,-3.0,success
888,0.24849608540534973,-3.759247064590454,-0.00025180165539495647,2.6318084564991295e-05,1.7695128917694092e-05,0.0,-3.0,success
889,0.2484319508075714,-3.758214235305786,-0.00024611849221400917,0.032338570803403854,0.03233807906508446,1.0,-3.0,success
890,0.2483697086572647,-3.757159948348999,-0.0002461278345435858,0.03300383314490318,0.03300383314490318,1.0,-3.0,success
891,0.2483091652393341,-3.756105661392212,-0.0002464445715304464,0.033000748604536057,0.03300074487924576,1.0,3.0,success
892,0.24824677407741547,-3.755051612854004,-0.00024669314734637737,0.03299666941165924,0.03299666568636894,1.0,-3.0,success
893,0.24824684858322144,-3.755030393600464,-0.0002517828834243119,0.0006819145637564361,0.0006631057476624846,0.0,-3.0,success
894,0.24818995594978333,-3.7539970874786377,-0.00024640458286739886,0.032340157777071,0.03233972191810608,1.0,-3.0,success
895,0.2481350600719452,-3.7529425621032715,-0.00024637143360450864,0.03299853950738907,0.03299853950738907,1.0,-3.0,success
896,0.24808254837989807,-3.751887798309326,-0.0002466305159032345,0.03300219401717186,0.03300219029188156,1.0,-3.0,success
897,0.24803240597248077,-3.750833034515381,-0.0002468517341185361,0.03299859166145325,0.03299859166145325,1.0,-3.0,success
898,0.2479838877916336,-3.7497780323028564,-0.0002470387553330511,0.033003661781549454,0.033003661781549454,1.0,3.0,success
899,0.24793346226215363,-3.748723268508911,-0.0002471691695973277,0.03299901261925697,0.03299901261925697,1.0,-3.0,success
900,0.24788470566272736,-3.747668504714966,-0.0002472923952154815,0.032996565103530884,0.032996565103530884,1.0,3.0,success
901,0.24783408641815186,-3.7466137409210205,-0.0002473719068802893,0.03299930319190025,0.03299930319190025,1.0,-3.0,success
902,0.24783360958099365,-3.7465925216674805,-0.0002523368166293949,0.0006811743369325995,0.0006632690201513469,0.0,3.0,success
903,0.24778342247009277,-3.745558977127075,-0.00024683712399564683,0.032336775213479996,0.032336317002773285,1.0,-3.0,success
904,0.24773459136486053,-3.744503974914551,-0.000246726704062894,0.03300411254167557,0.03300411254167557,1.0,3.0,success
905,0.24773386120796204,-3.74448299407959,-0.0002517967950552702,0.0006749090971425176,0.0006560480105690658,0.0,3.0,success
906,0.24768131971359253,-3.7434494495391846,-0.00024640385527163744,0.032340411096811295,0.032339971512556076,1.0,-3.0,success
907,0.24763008952140808,-3.7423946857452393,-0.0002463801938574761,0.03300022333860397,0.03300022333860397,1.0,3.0,success
908,0.24757637083530426,-3.741339921951294,-0.0002466374426148832,0.03300408646464348,0.03300408646464348,1.0,3.0,success
909,0.24752084910869598,-3.7402853965759277,-0.000246846757363528,0.032999563962221146,0.03299956023693085,1.0,-3.0,success
910,0.24746710062026978,-3.7392308712005615,-0.00024703473900444806,0.03299669176340103,0.03299669176340103,1.0,3.0,success
911,0.24746792018413544,-3.7392096519470215,-0.0002520470297895372,0.0006818313268013299,0.0006635960889980197,0.0,-3.0,success
912,0.24746744334697723,-3.7392096519470215,-0.0002515097730793059,2.2448255549534224e-05,1.4901160284352954e-05,0.0,3.0,success
913,0.2474120557308197,-3.7381763458251953,-0.0002458862727507949,0.032337650656700134,0.03233717009425163,1.0,3.0,success
914,0.24735413491725922,-3.737122058868408,-0.00024593083071522415,0.032996147871017456,0.032996147871017456,1.0,-3.0,success
915,0.247298002243042,-3.736067533493042,-0.00024628685787320137,0.03300057351589203,0.03300056979060173,1.0,3.0,success
916,0.24723944067955017,-3.735013008117676,-0.0002465769648551941,0.03300468996167183,0.03300468996167183,1.0,3.0,success
917,0.24717916548252106,-3.7339587211608887,-0.00024679896887391806,0.033000268042087555,0.033000264316797256,1.0,-3.0,success
918,0.2471213936805725,-3.7329044342041016,-0.0002469860191922635,0.03299589455127716,0.03299589455127716,1.0,-3.0,success
919,0.24706614017486572,-3.7318496704101562,-0.00024713625316508114,0.03300656005740166,0.03300656005740166,1.0,-3.0,success
920,0.24701333045959473,-3.73079514503479,-0.00024725659750401974,0.03299521282315254,0.03299521282315254,1.0,-3.0,success
921,0.24701367318630219,-3.73077392578125,-0.0002522338181734085,0.0006811832427047193,0.0006631881697103381,0.0,-3.0,success
922,0.2469661831855774,-3.7297401428222656,-0.000246765383053571,0.03234023600816727,0.03233978524804115,1.0,-3.0,success
923,0.24692018330097198,-3.728685140609741,-0.0002466697769705206,0.03300014138221741,0.03300014138221741,1.0,3.0,success
924,0.24692127108573914,-3.728663921356201,-0.00025174065376631916,0.000682620273437351,0.0006639723433181643,0.0,-3.0,success
925,0.24692176282405853,-3.728663921356201,-0.00025125377578660846,2.1624835426337086e-05,1.5366822481155396e-05,0.0,-3.0,success
926,0.24692155420780182,-3.728663921356201,-0.00025057513266801834,2.218699773948174e-05,6.519257567560999e-06,0.0,3.0,success
927,0.2468758076429367,-3.727630138397217,-0.0002451236068736762,0.03233777731657028,0.03233733028173447,1.0,3.0,success
928,0.24682721495628357,-3.7265751361846924,-0.0002453250635880977,0.03300376981496811,0.03300376981496811,1.0,0.0,success
929,0.2468262016773224,-3.7265541553497314,-0.0002506809832993895,0.0006774175562895834,0.0006564152427017689,0.0,3.0,success
930,0.24682578444480896,-3.7265541553497314,-0.00025040595210157335,1.5616407836205326e-05,1.3038515135121997e-05,0.0,3.0,success
931,0.24682606756687164,-3.7265541553497314,-0.00024987681536003947,1.875374437076971e-05,8.847564458847046e-06,0.0,-3.0,success
932,0.24677598476409912,-3.725520610809326,-0.0002445630670990795,0.03233658894896507,0.03233616054058075,1.0,-3.0,success
933,0.2467273473739624,-3.7244656085968018,-0.00024489316274411976,0.03300383687019348,0.03300383314490318,1.0,3.0,success
934,0.24672818183898926,-3.724444627761841,-0.00025031965924426913,0.0006777278613299131,0.0006561694317497313,0.0,-3.0,success
935,0.24668078124523163,-3.7234108448028564,-0.0002452321641612798,0.032340046018362045,0.032339658588171005,1.0,-3.0,success
936,0.24663490056991577,-3.722355842590332,-0.00024544369080103934,0.032999977469444275,0.032999977469444275,1.0,3.0,success
937,0.24658656120300293,-3.7213008403778076,-0.0002458886301610619,0.03300341218709946,0.03300340846180916,1.0,3.0,success
938,0.24653644859790802,-3.7202460765838623,-0.0002462478878442198,0.032998550683259964,0.032998546957969666,1.0,-3.0,success
939,0.24648812413215637,-3.719191074371338,-0.0002465558936819434,0.03300338611006737,0.03300338611006737,1.0,3.0,success
940,0.24643807113170624,-3.7181363105773926,-0.00024678269983269274,0.0329984612762928,0.0329984612762928,1.0,-3.0,success
941,0.24639049172401428,-3.717081308364868,-0.00024697318440303206,0.033002328127622604,0.033002328127622604,1.0,-3.0,success
942,0.2463907152414322,-3.717081069946289,-0.0002521093701943755,0.00016083038644865155,1.0212749657512177e-05,0.0,0.0,success
943,0.24639126658439636,-3.717081069946289,-0.00025145316612906754,2.6783689463627525e-05,1.7229467630386353e-05,0.0,-3.0,success
944,0.24639107286930084,-3.717081069946289,-0.0002507302851881832,2.3387077817460522e-05,6.0535962802532595e-06,0.0,3.0,success
945,0.2463909089565277,-3.717081069946289,-0.0002501315902918577,1.939774301717989e-05,5.122273705637781e-06,0.0,3.0,success
946,0.24639137089252472,-3.717081069946289,-0.00024964206386357546,2.1033383745816536e-05,1.4435498997045215e-05,0.0,-3.0,success
947,0.2463465929031372,-3.7160472869873047,-0.0002443745615892112,0.03233642876148224,0.032336004078388214,1.0,-3.0,success
948,0.24630405008792877,-3.714992046356201,-0.000244732218561694,0.0330030582845211,0.0330030582845211,1.0,-3.0,success
949,0.24626393616199493,-3.7139368057250977,-0.0002453187189530581,0.03300008922815323,0.03300008550286293,1.0,-3.0,success
950,0.24626383185386658,-3.7139158248901367,-0.00025069506955333054,0.0006768431630916893,0.0006556591833941638,0.0,3.0,success
951,0.2462230920791626,-3.7128818035125732,-0.00024553394177928567,0.03233863785862923,0.03233823552727699,1.0,3.0,success
952,0.24617992341518402,-3.7118265628814697,-0.00024566386127844453,0.033003851771354675,0.033003851771354675,1.0,-3.0,success
953,0.24613916873931885,-3.710771322250366,-0.0002460639225319028,0.03300085291266441,0.03300085291266441,1.0,-3.0,success
954,0.24610011279582977,-3.7097160816192627,-0.00024640822084620595,0.03299884870648384,0.03299884498119354,1.0,3.0,success
955,0.24605922400951385,-3.708660840988159,-0.0002466648002155125,0.033001016825437546,0.03300101310014725,1.0,-3.0,success
956,0.24605971574783325,-3.708639621734619,-0.00025176015333272517,0.0006821246352046728,0.0006632796721532941,0.0,-3.0,success
957,0.24602389335632324,-3.7076056003570557,-0.0002463864511810243,0.03233298659324646,0.03233255445957184,1.0,-3.0,success
958,0.24602456390857697,-3.7075843811035156,-0.0002512382052373141,0.0006805370794609189,0.0006634326418861747,0.0,-3.0,success
959,0.24599327147006989,-3.706528902053833,-0.00024586269864812493,0.03299863636493683,0.032998207956552505,1.0,0.0,success
960,0.24596229195594788,-3.7054734230041504,-0.00024602527264505625,0.032997921109199524,0.032997921109199524,1.0,-3.0,success
961,0.24593298137187958,-3.7044177055358887,-0.0002463672717567533,0.03300388529896736,0.03300388529896736,1.0,3.0,success
962,0.24590186774730682,-3.703362226486206,-0.00024663150543347,0.03299804776906967,0.03299804404377937,1.0,-3.0,success
963,0.24587313830852509,-3.7023065090179443,-0.000246852490818128,0.03300338611006737,0.03300338238477707,1.0,-3.0,success
964,0.24584682285785675,-3.7012507915496826,-0.00024702976224943995,0.03300141915678978,0.03300141915678978,1.0,-3.0,success
965,0.24582290649414062,-3.700195074081421,-0.00024717164342291653,0.032999634742736816,0.032999634742736816,1.0,-3.0,success
966,0.24580064415931702,-3.699139356613159,-0.0002472946944180876,0.032998502254486084,0.032998502254486084,1.0,3.0,success
967,0.24577580392360687,-3.6980836391448975,-0.00024738319916650653,0.03300030156970024,0.03300030156970024,1.0,3.0,success
968,0.2457490861415863,-3.697028160095215,-0.00024744399706833065,0.032994285225868225,0.032994285225868225,1.0,-3.0,success
969,0.24572411179542542,-3.695972442626953,-0.0002475123037584126,0.033000398427248,0.033000398427248,1.0,3.0,success
970,0.245723694562912,-3.695951223373413,-0.00025243955315090716,0.0006808689795434475,0.0006632298463955522,0.0,3.0,success
971,0.2456945776939392,-3.6949167251586914,-0.0002469189348630607,0.032341327518224716,0.032340869307518005,1.0,-3.0,success
972,0.24566800892353058,-3.693861246109009,-0.0002467819722369313,0.032994166016578674,0.032994166016578674,1.0,-3.0,success
973,0.24566799402236938,-3.6938400268554688,-0.0002518508699722588,0.0006817591493017972,0.0006631017895415425,0.0,3.0,success
974,0.2456406205892563,-3.692805528640747,-0.00024645813391543925,0.03233982250094414,0.03233938291668892,1.0,3.0,success
975,0.24561113119125366,-3.6917500495910645,-0.0002464028657414019,0.03299659118056297,0.03299659118056297,1.0,-3.0,success
976,0.24558407068252563,-3.6906943321228027,-0.00024665481760166585,0.03300200775265694,0.03300200775265694,1.0,-3.0,success
977,0.2455587387084961,-3.689638614654541,-0.00024688077974133193,0.03300066664814949,0.03300066664814949,1.0,3.0,success
978,0.2455308884382248,-3.6885828971862793,-0.0002470524050295353,0.03300264850258827,0.03300264850258827,1.0,3.0,success
979,0.24550123512744904,-3.6875274181365967,-0.00024717935593798757,0.032996732741594315,0.032996732741594315,1.0,-3.0,success
980,0.24547404050827026,-3.686471700668335,-0.00024729041615501046,0.033002112060785294,0.033002112060785294,1.0,-3.0,success
981,0.24544931948184967,-3.6854159832000732,-0.00024737982312217355,0.03300021216273308,0.03300021216273308,1.0,-3.0,success
982,0.24544939398765564,-3.685394763946533,-0.000252343452302739,0.0006810061750002205,0.0006631057476624846,0.0,3.0,success
983,0.24545012414455414,-3.685394763946533,-0.0002517268294468522,2.9865466785850003e-05,2.281740125908982e-05,0.0,-3.0,success
984,0.2454274445772171,-3.6843602657318115,-0.00024605830549262464,0.032336317002773285,0.03233583644032478,1.0,-3.0,success
985,0.24540741741657257,-3.68330454826355,-0.0002460796386003494,0.03299710527062416,0.03299710527062416,1.0,-3.0,success
986,0.24538977444171906,-3.682248592376709,-0.0002463963464833796,0.033003225922584534,0.033003225922584534,1.0,-3.0,success
987,0.24537448585033417,-3.681192636489868,-0.0002466643927618861,0.03300207853317261,0.03300207480788231,1.0,-3.0,success
988,0.2453608512878418,-3.6801366806030273,-0.00024688898702152073,0.0330013707280159,0.0330013707280159,1.0,3.0,success
989,0.24536164104938507,-3.6801154613494873,-0.0002519302652217448,0.0006820056587457657,0.0006635607569478452,0.0,-3.0,success
990,0.2453485131263733,-3.6790809631347656,-0.0002465223951730877,0.032331112772226334,0.03233066946268082,1.0,-3.0,success
991,0.2453373372554779,-3.678025007247925,-0.0002464753051754087,0.03300046920776367,0.03300046920776367,1.0,3.0,success
992,0.24532361328601837,-3.676969051361084,-0.0002467133745085448,0.033001407980918884,0.033001407980918884,1.0,3.0,success
993,0.24530737102031708,-3.675913095474243,-0.0002469174796715379,0.033002521842718124,0.033002521842718124,1.0,3.0,success
994,0.24530673027038574,-3.675891876220703,-0.00025196373462677,0.0006818889523856342,0.0006634038873016834,0.0,3.0,success
995,0.24528630077838898,-3.6748573780059814,-0.0002465381985530257,0.032334815710783005,0.03233436867594719,1.0,-3.0,success
996,0.2452867031097412,-3.6748361587524414,-0.00025135863688774407,0.0006801131530664861,0.0006632208242081106,0.0,-3.0,success
997,0.245270773768425,-3.6738014221191406,-0.00024606173974461854,0.03233977407217026,0.03233934938907623,1.0,3.0,success
998,0.2452528327703476,-3.672745704650879,-0.0002460855757817626,0.032995931804180145,0.032995931804180145,1.0,-3.0,success
999,0.24523739516735077,-3.671689748764038,-0.00024640094488859177,0.03300214558839798,0.03300214558839798,1.0,-3.0,success
1000,0.24523727595806122,-3.671668529510498,-0.0002515602100174874,0.0006824308657087386,0.0006631120922975242,0.0,3.0,success
1001,0.245221808552742,-3.6706337928771973,-0.0002462159318383783,0.032339565455913544,0.032339129596948624,1.0,-3.0,success
1002,0.24522258341312408,-3.6706125736236572,-0.00025110135902650654,0.0006808803882449865,0.0006635435856878757,0.0,-3.0,success
1003,0.24521222710609436,-3.6695778369903564,-0.0002458447706885636,0.032337553799152374,0.03233713656663895,1.0,-3.0,success
1004,0.2452130913734436,-3.6695566177368164,-0.00025080438354052603,0.0006815089727751911,0.0006636514444835484,0.0,-3.0,success
1005,0.24520781636238098,-3.6685218811035156,-0.0002456072543282062,0.032336343079805374,0.03233594074845314,1.0,-3.0,success
1006,0.24520519375801086,-3.667465925216675,-0.00024573298287577927,0.03299872204661369,0.03299872204661369,1.0,-3.0,success
1007,0.24520422518253326,-3.666409969329834,-0.00024612952256575227,0.03299863263964653,0.03299863263964653,1.0,3.0,success
1008,0.24520137906074524,-3.665353775024414,-0.00024644125369377434,0.03300619125366211,0.03300619125366211,1.0,-3.0,success
1009,0.24520090222358704,-3.6642978191375732,-0.00024670048151165247,0.03299862518906593,0.03299862518906593,1.0,-3.0,success
1010,0.24520187079906464,-3.664276599884033,-0.0002517891407478601,0.0006825741729699075,0.0006637920741923153,0.0,-3.0,success
1011,0.24520620703697205,-3.6632418632507324,-0.00024641002528369427,0.03233623877167702,0.0323358029127121,1.0,-3.0,success
1012,0.24521246552467346,-3.6621859073638916,-0.00024638543254695833,0.032999198883771896,0.032999198883771896,1.0,3.0,success
1013,0.24521614611148834,-3.661129951477051,-0.0002466414007358253,0.03299881890416145,0.03299881890416145,1.0,3.0,success
1014,0.24521799385547638,-3.660073757171631,-0.00024685001699253917,0.03300612047314644,0.03300612047314644,1.0,-3.0,success
1015,0.2452182024717331,-3.6600735187530518,-0.0002520104462746531,0.00016156700439751148,9.9000944828731e-06,0.0,0.0,success
1016,0.24522249400615692,-3.659038782119751,-0.0002464897115714848,0.03233625739812851,0.0323357954621315,1.0,-3.0,success
1017,0.24522945284843445,-3.65798282623291,-0.0002464349672663957,0.03299933671951294,0.03299933671951294,1.0,-3.0,success
1018,0.24523033201694489,-3.65796160697937,-0.0002515619562473148,0.0006827361066825688,0.000663670536596328,0.0,-3.0,success
1019,0.2452421337366104,-3.6569268703460693,-0.00024622739874757826,0.03233804926276207,0.03233762085437775,1.0,-3.0,success
1020,0.24525587260723114,-3.6558709144592285,-0.000246239360421896,0.03300141170620918,0.03300141170620918,1.0,3.0,success
1021,0.24525614082813263,-3.6558706760406494,-0.00025149836437776685,0.00016472605057060719,1.1214608093723655e-05,0.0,0.0,success
1022,0.24526721239089966,-3.6548359394073486,-0.0002460896212141961,0.03233781084418297,0.03233737125992775,1.0,3.0,success
1023,0.24526676535606384,-3.6548147201538086,-0.00025099687627516687,0.0006807463942095637,0.000663248763885349,0.0,3.0,success
1024,0.24527333676815033,-3.653779983520508,-0.0002457497757859528,0.03233658894896507,0.032336167991161346,1.0,-3.0,success
1025,0.2452819049358368,-3.652724027633667,-0.0002458563831169158,0.03299970552325249,0.03299970552325249,1.0,3.0,success
1026,0.24528868496418,-3.651668071746826,-0.0002462086558807641,0.032999299466609955,0.032999299466609955,1.0,-3.0,success
1027,0.24529723823070526,-3.6506121158599854,-0.00024652370484545827,0.03299970552325249,0.03299970552325249,1.0,3.0,success
1028,0.24530400335788727,-3.6495561599731445,-0.00024675700115039945,0.032999295741319656,0.032999295741319656,1.0,-3.0,success
1029,0.24530376493930817,-3.6495349407196045,-0.00025184525293298066,0.0006819404661655426,0.0006631434662267566,0.0,3.0,success
1030,0.24531053006649017,-3.6485002040863037,-0.00024644401855766773,0.03233664855360985,0.03233620896935463,1.0,-3.0,success
1031,0.24531924724578857,-3.647444248199463,-0.00024641232448630035,0.03299974277615547,0.03299974277615547,1.0,3.0,success
1032,0.24532580375671387,-3.646388053894043,-0.00024665810633450747,0.0330067053437233,0.0330067053437233,1.0,0.0,success
1033,0.24533198773860931,-3.645332098007202,-0.00024687888799235225,0.032999187707901,0.0329991839826107,1.0,3.0,success
1034,0.2453363835811615,-3.6442761421203613,-0.00024704079260118306,0.03299890458583832,0.03299890458583832,1.0,-3.0,success
1035,0.24534326791763306,-3.6432201862335205,-0.0002471795887686312,0.032999321818351746,0.032999321818351746,1.0,-3.0,success
1036,0.24535194039344788,-3.6421642303466797,-0.00024730124277994037,0.032999731600284576,0.032999731600284576,1.0,3.0,success
1037,0.24535810947418213,-3.641108274459839,-0.00024738875799812376,0.0329991839826107,0.0329991839826107,1.0,3.0,success
1038,0.24535752832889557,-3.641087055206299,-0.0002523403672967106,0.0006811588536947966,0.0006633502780459821,0.0,3.0,success
1039,0.24535870552062988,-3.640052318572998,-0.00024685062817297876,0.03233599662780762,0.032335538417100906,1.0,3.0,success
1040,0.24535790085792542,-3.6389963626861572,-0.0002467165468260646,0.03299863263964653,0.03299863263964653,1.0,-3.0,success
1041,0.2453596144914627,-3.6379401683807373,-0.00024690540158189833,0.03300611302256584,0.03300611302256584,1.0,-3.0,success
1042,0.2453601211309433,-3.6379191875457764,-0.00025195194757543504,0.0006745366845279932,0.0006558421882800758,0.0,-3.0,success
1043,0.24536608159542084,-3.6368844509124756,-0.0002465511206537485,0.03233649581670761,0.032336052507162094,1.0,3.0,success
1044,0.2453700304031372,-3.6358282566070557,-0.0002464776916895062,0.033006299287080765,0.033006299287080765,1.0,-3.0,success
1045,0.24537646770477295,-3.634772300720215,-0.000246714596869424,0.03299923613667488,0.03299923241138458,1.0,-3.0,success
1046,0.24538534879684448,-3.633716344833374,-0.0002469186147209257,0.03299978747963905,0.03299978747963905,1.0,-3.0,success
1047,0.24538618326187134,-3.633695125579834,-0.0002519634726922959,0.000682083482388407,0.0006636141915805638,0.0,-3.0,success
1048,0.24539917707443237,-3.632660388946533,-0.0002465602883603424,0.03233850747346878,0.03233806788921356,1.0,3.0,success
1049,0.24541011452674866,-3.6316044330596924,-0.0002464851422701031,0.033000387251377106,0.033000387251377106,1.0,-3.0,success
1050,0.24542278051376343,-3.6305484771728516,-0.00024673074949532747,0.033000994473695755,0.03300099074840546,1.0,3.0,success
1051,0.24543365836143494,-3.6294925212860107,-0.00024692193255759776,0.03300036862492561,0.03300036862492561,1.0,-3.0,success
1052,0.24544627964496613,-3.628436803817749,-0.0002470947802066803,0.03299352526664734,0.03299352526664734,1.0,3.0,success
1053,0.24545641243457794,-3.627380609512329,-0.0002472236519679427,0.03300758823752403,0.03300758823752403,1.0,3.0,success
1054,0.245455801486969,-3.627359628677368,-0.00025220843963325024,0.0006741724791936576,0.0006559289759024978,0.0,3.0,success
1055,0.24546097218990326,-3.6263246536254883,-0.0002467450685799122,0.032343823462724686,0.03234337270259857,1.0,3.0,success
1056,0.24546346068382263,-3.6252686977386475,-0.00024664244847372174,0.0329987108707428,0.0329987108707428,1.0,3.0,success
1057,0.2454635500907898,-3.6242127418518066,-0.0002468471066094935,0.032998621463775635,0.032998621463775635,1.0,3.0,success
1058,0.24546197056770325,-3.623156785964966,-0.00024701416259631515,0.03299865499138832,0.03299865499138832,1.0,-3.0,success
1059,0.24546226859092712,-3.622100830078125,-0.0002471687621437013,0.032998621463775635,0.032998621463775635,1.0,3.0,success
1060,0.24546018242835999,-3.621044635772705,-0.00024728316930122674,0.03300613537430763,0.03300613537430763,1.0,3.0,success
1061,0.24545571208000183,-3.6199886798858643,-0.00024737429339438677,0.03299891576170921,0.03299891576170921,1.0,3.0,success
1062,0.24544957280158997,-3.6189327239990234,-0.00024743651738390326,0.032999176532030106,0.032999176532030106,1.0,-3.0,success
1063,0.24544885754585266,-3.6189115047454834,-0.00025238844682462513,0.0006812857463955879,0.0006634782184846699,0.0,3.0,success
1064,0.24544218182563782,-3.6178767681121826,-0.0002468897437211126,0.03233664482831955,0.03233619034290314,1.0,3.0,success
1065,0.24543282389640808,-3.616820812225342,-0.0002467581653036177,0.0329999141395092,0.0329999141395092,1.0,3.0,success
1066,0.24542109668254852,-3.615764856338501,-0.0002469396567903459,0.033000651746988297,0.033000651746988297,1.0,3.0,success
1067,0.24540768563747406,-3.61470890045166,-0.0002470881736371666,0.03300127759575844,0.03300127759575844,1.0,-3.0,success
1068,0.24539616703987122,-3.6136529445648193,-0.0002472279593348503,0.033000580966472626,0.033000580966472626,1.0,3.0,success
1069,0.24538227915763855,-3.6125969886779785,-0.0002473304921295494,0.03300147131085396,0.03300147131085396,1.0,3.0,success
1070,0.24538131058216095,-3.6125757694244385,-0.00025229400489479303,0.0006816736422479153,0.0006637920741923153,0.0,3.0,success
1071,0.24536262452602386,-3.611541271209717,-0.0002468138700351119,0.032333794981241226,0.032333340495824814,1.0,3.0,success
1072,0.24534131586551666,-3.610485553741455,-0.0002466976293362677,0.03299788758158684,0.03299788758158684,1.0,3.0,success
1073,0.24531763792037964,-3.6094295978546143,-0.0002468913735356182,0.03300691395998001,0.03300691395998001,1.0,3.0,success
1074,0.24529163539409637,-3.6083741188049316,-0.00024706037947908044,0.032993726432323456,0.032993726432323456,1.0,3.0,success
1075,0.24526330828666687,-3.60731840133667,-0.0002471962943673134,0.03300304338335991,0.03300304338335991,1.0,3.0,success
1076,0.2452620267868042,-3.60729718208313,-0.0002521869319025427,0.0006823710282333195,0.0006643098313361406,0.0,3.0,success
1077,0.24522905051708221,-3.6062629222869873,-0.0002467283047735691,0.0323374904692173,0.032337043434381485,1.0,3.0,success
1078,0.2451934963464737,-3.6052074432373047,-0.0002466294390615076,0.033002424985170364,0.033002424985170364,1.0,3.0,success
1079,0.24515561759471893,-3.604152202606201,-0.00024683697847649455,0.032997507601976395,0.032997507601976395,1.0,3.0,success
1080,0.24511542916297913,-3.6030969619750977,-0.000247016956564039,0.03300017490983009,0.03300017490983009,1.0,3.0,success
1081,0.24507366120815277,-3.602041721343994,-0.00024715051404200494,0.0330020897090435,0.0330020897090435,1.0,-3.0,success
1082,0.24503381550312042,-3.6009864807128906,-0.000247277959715575,0.03299976885318756,0.03299976885318756,1.0,3.0,success
1083,0.24499236047267914,-3.599931240081787,-0.00024735991610214114,0.03300170600414276,0.03300170600414276,1.0,-3.0,success
1084,0.2449534684419632,-3.5988759994506836,-0.0002474344801157713,0.03299865499138832,0.03299865499138832,1.0,-3.0,success
1085,0.2449164241552353,-3.59782075881958,-0.0002475052315276116,0.032996583729982376,0.032996583729982376,1.0,3.0,success
1086,0.2449156492948532,-3.59779953956604,-0.00025243396521545947,0.0006811851053498685,0.0006635435856878757,0.0,3.0,success
1087,0.24487395584583282,-3.5967655181884766,-0.00024692551232874393,0.032339878380298615,0.032339420169591904,1.0,3.0,success
1088,0.24482929706573486,-3.595710515975952,-0.0002467867743689567,0.03299833834171295,0.03299833834171295,1.0,3.0,success
1089,0.244782954454422,-3.5946555137634277,-0.0002469519677106291,0.03300061076879501,0.03300061076879501,1.0,-3.0,success
1090,0.2447391301393509,-3.593600273132324,-0.0002471075567882508,0.03300469368696213,0.03300469368696213,1.0,-3.0,success
1091,0.24469715356826782,-3.5925452709198,-0.0002472437045071274,0.03299490362405777,0.03299490362405777,1.0,3.0,success
1092,0.24465271830558777,-3.5914900302886963,-0.00024734289036132395,0.033005490899086,0.033005490899086,1.0,3.0,success
1093,0.24460653960704803,-3.590435266494751,-0.00024741157540120184,0.03299294039607048,0.03299294039607048,1.0,-3.0,success
1094,0.24456217885017395,-3.5893800258636475,-0.00024748651776462793,0.03300539404153824,0.03300539404153824,1.0,3.0,success
1095,0.24451608955860138,-3.588325023651123,-0.0002475269138813019,0.033000264316797256,0.033000264316797256,1.0,-3.0,success
1096,0.24447248876094818,-3.5872700214385986,-0.0002475683286320418,0.03299695998430252,0.03299695998430252,1.0,-3.0,success
1097,0.24443136155605316,-3.586214780807495,-0.0002476020308677107,0.03300130367279053,0.03300130367279053,1.0,-3.0,success
1098,0.24439199268817902,-3.5851595401763916,-0.0002476390218362212,0.03299921005964279,0.03299921005964279,1.0,3.0,success
1099,0.24435079097747803,-3.584104299545288,-0.00024764909176155925,0.03300139680504799,0.03300139680504799,1.0,-3.0,success
1100,0.24431130290031433,-3.5830490589141846,-0.0002476763038430363,0.032999347895383835,0.032999347895383835,1.0,3.0,success
1101,0.24427002668380737,-3.581993818283081,-0.00024767883587628603,0.03300148621201515,0.03300148621201515,1.0,-3.0,success
1102,0.244231179356575,-3.5809385776519775,-0.0002476900117471814,0.03299860656261444,0.03299860656261444,1.0,-3.0,success
1103,0.24419407546520233,-3.579883337020874,-0.00024770936579443514,0.03299664705991745,0.03299664705991745,1.0,3.0,success
1104,0.2441551387310028,-3.5788278579711914,-0.0002477053494658321,0.033006154000759125,0.033006154000759125,1.0,-3.0,success
1105,0.2441186159849167,-3.577772617340088,-0.00024771125754341483,0.03299601003527641,0.03299601003527641,1.0,-3.0,success
1106,0.24408382177352905,-3.5767171382904053,-0.0002477263333275914,0.03300163522362709,0.03300163522362709,1.0,3.0,success
1107,0.24404649436473846,-3.5756618976593018,-0.00024772854521870613,0.03299689292907715,0.03299689292907715,1.0,3.0,success
1108,0.24400734901428223,-3.5746066570281982,-0.00024772013421170413,0.0329989492893219,0.0329989492893219,1.0,-3.0,success
1109,0.24400681257247925,-3.574585437774658,-0.00025261519476771355,0.0006807237514294684,0.0006633134908042848,0.0,3.0,success
1110,0.2439672350883484,-3.5735514163970947,-0.0002470705076120794,0.032337289303541183,0.032336827367544174,1.0,3.0,success
1111,0.24396783113479614,-3.5735301971435547,-0.00025177403585985303,0.0006794523214921355,0.0006633632001467049,0.0,-3.0,success
1112,0.24392731487751007,-3.572496175765991,-0.0002463932614773512,0.032338399440050125,0.03233795985579491,1.0,3.0,success
1113,0.2439277321100235,-3.572474956512451,-0.00025123247178271413,0.0006802520365454257,0.0006632298463955522,0.0,-3.0,success
1114,0.2438884675502777,-3.5714409351348877,-0.00024594846763648093,0.032336875796318054,0.03233645483851433,1.0,-3.0,success
1115,0.2438509464263916,-3.570385694503784,-0.00024601584300398827,0.03299710527062416,0.03299710527062416,1.0,3.0,success
1116,0.243851438164711,-3.570364475250244,-0.0002512176288291812,0.0006829087506048381,0.0006632796721532941,0.0,-3.0,success
1117,0.24381498992443085,-3.5693302154541016,-0.000245950766839087,0.03234110027551651,0.032340679317712784,1.0,-3.0,success
1118,0.24378031492233276,-3.568274736404419,-0.00024601834593340755,0.03300151228904724,0.03300151228904724,1.0,3.0,success
1119,0.2437431961297989,-3.5672194957733154,-0.0002463482378516346,0.032996661961078644,0.032996661961078644,1.0,3.0,success
1120,0.24370433390140533,-3.566164255142212,-0.00024661541101522744,0.03299862518906593,0.03299862518906593,1.0,-3.0,success
1121,0.24366725981235504,-3.5651087760925293,-0.0002468497841618955,0.03300406411290169,0.03300406038761139,1.0,3.0,success
1122,0.24362845718860626,-3.564053535461426,-0.0002470177423674613,0.03299855440855026,0.03299855440855026,1.0,-3.0,success
1123,0.24359214305877686,-3.562998056411743,-0.00024716113694012165,0.03300323709845543,0.03300323709845543,1.0,-3.0,success
1124,0.243591770529747,-3.5629770755767822,-0.0002521687129046768,0.0006741675897501409,0.0006557544111274183,0.0,3.0,success
1125,0.24355573952198029,-3.5619428157806396,-0.00024670272250659764,0.03234067186713219,0.03234022110700607,1.0,-3.0,success
1126,0.24352136254310608,-3.560887336730957,-0.0002466192818246782,0.03300120681524277,0.03300120681524277,1.0,3.0,success
1127,0.24348516762256622,-3.5598318576812744,-0.00024681884679012,0.03300310671329498,0.03300310671329498,1.0,-3.0,success
1128,0.24345070123672485,-3.558776617050171,-0.0002470116305630654,0.032993853092193604,0.032993853092193604,1.0,3.0,success
1129,0.24341373145580292,-3.5577211380004883,-0.0002471570624038577,0.03300394490361214,0.03300394490361214,1.0,3.0,success
1130,0.24337497353553772,-3.5566658973693848,-0.0002472630294505507,0.032998502254486084,0.032998502254486084,1.0,-3.0,success
1131,0.2433386892080307,-3.555610418319702,-0.00024735729675740004,0.03300320357084274,0.03300320357084274,1.0,-3.0,success
1132,0.24333909153938293,-3.555589199066162,-0.0002523140865378082,0.0006810696213506162,0.0006632208242081106,0.0,-3.0,success
1133,0.24330684542655945,-3.5545549392700195,-0.000246840703766793,0.032336775213479996,0.03233632072806358,1.0,3.0,success
1134,0.24327275156974792,-3.553499460220337,-0.00024670944549143314,0.033000923693180084,0.033000919967889786,1.0,-3.0,success
1135,0.2432403862476349,-3.5524439811706543,-0.0002469102037139237,0.03299922123551369,0.03299922123551369,1.0,3.0,success
1136,0.24320557713508606,-3.5513885021209717,-0.00024707530974410474,0.033001650124788284,0.033001650124788284,1.0,3.0,success
1137,0.24316827952861786,-3.550333261489868,-0.00024720781948417425,0.03299686312675476,0.03299685940146446,1.0,3.0,success
1138,0.24312926828861237,-3.5492780208587646,-0.00024730348377488554,0.032998792827129364,0.032998792827129364,1.0,-3.0,success
1139,0.24309208989143372,-3.548222541809082,-0.0002474001084920019,0.03300417587161064,0.03300417587161064,1.0,3.0,success
1140,0.2430911809206009,-3.548201322555542,-0.00025235008797608316,0.0006814973894506693,0.0006637097685597837,0.0,3.0,success
1141,0.24304941296577454,-3.5471675395965576,-0.0002468583406880498,0.03233252838253975,0.03233207389712334,1.0,3.0,success
1142,0.2430046945810318,-3.546112298965454,-0.00024673319421708584,0.03300586715340614,0.03300586715340614,1.0,3.0,success
1143,0.24300338327884674,-3.546091318130493,-0.00025180194643326104,0.000675757008139044,0.0006569303805008531,0.0,3.0,success
1144,0.242954283952713,-3.545057535171509,-0.0002464191638864577,0.032342568039894104,0.032342132180929184,1.0,3.0,success
1145,0.24290212988853455,-3.5440027713775635,-0.0002463820856064558,0.03300163522362709,0.03300163522362709,1.0,3.0,success
1146,0.24290230870246887,-3.5439817905426025,-0.00025150986039079726,0.0006749720778316259,0.0006556748994626105,0.0,-3.0,success
1147,0.2428516298532486,-3.5429482460021973,-0.00024618383031338453,0.0323374979197979,0.032337069511413574,1.0,-3.0,success
1148,0.24280329048633575,-3.541893243789673,-0.00024619419127702713,0.03300340846180916,0.03300340846180916,1.0,-3.0,success
1149,0.24275748431682587,-3.5408382415771484,-0.00024648825637996197,0.032999876886606216,0.032999876886606216,1.0,-3.0,success
1150,0.24271345138549805,-3.539783239364624,-0.0002467476879246533,0.03299752250313759,0.03299752250313759,1.0,3.0,success
1151,0.24266763031482697,-3.5387282371520996,-0.00024693619343452156,0.03299989551305771,0.03299989551305771,1.0,-3.0,success
1152,0.24262423813343048,-3.537672996520996,-0.00024709608987905085,0.03300413489341736,0.03300413489341736,1.0,-3.0,success
1153,0.24258294701576233,-3.5366177558898926,-0.0002472293272148818,0.033001504838466644,0.033001504838466644,1.0,0.0,success
1154,0.2425825297832489,-3.5365965366363525,-0.00025221885880455375,0.0006813117652200162,0.0006632298463955522,0.0,3.0,success
1155,0.2425394356250763,-3.535562753677368,-0.0002467426238581538,0.03233422711491585,0.032333772629499435,1.0,-3.0,success
1156,0.24249784648418427,-3.5345075130462646,-0.0002466511505190283,0.033001869916915894,0.033001869916915894,1.0,3.0,success
1157,0.2424544245004654,-3.5334525108337402,-0.00024684437084943056,0.032996729016304016,0.032996729016304016,1.0,-3.0,success
1158,0.24241340160369873,-3.5323972702026367,-0.00024702196242287755,0.03300117701292038,0.03300117701292038,1.0,-3.0,success
1159,0.24241399765014648,-3.5323760509490967,-0.00025204612757079303,0.0006816900568082929,0.0006633632001467049,0.0,-3.0,success
1160,0.24237805604934692,-3.531341791152954,-0.00024661532370373607,0.03234057128429413,0.03234012797474861,1.0,-3.0,success
1161,0.24234382808208466,-3.5302863121032715,-0.0002465497236698866,0.03300105780363083,0.03300105780363083,1.0,3.0,success
1162,0.24230706691741943,-3.529231071472168,-0.00024677286273799837,0.032996274530887604,0.032996274530887604,1.0,3.0,success
1163,0.24226847290992737,-3.5281758308410645,-0.00024695511092431843,0.03299831971526146,0.03299831971526146,1.0,-3.0,success
1164,0.2422323226928711,-3.527120351791382,-0.000247111136559397,0.0330030582845211,0.0330030582845211,1.0,-3.0,success
1165,0.2421986162662506,-3.526064872741699,-0.00024723648675717413,0.033000532537698746,0.033000532537698746,1.0,-3.0,success
1166,0.24219860136508942,-3.526043653488159,-0.00025222887052223086,0.0006812075735069811,0.0006631017895415425,0.0,3.0,success
1167,0.2421649694442749,-3.5250093936920166,-0.000246750918449834,0.03233815357089043,0.03233770281076431,1.0,-3.0,success
1168,0.2421330362558365,-3.523953914642334,-0.00024665769888088107,0.03299880772829056,0.03299880772829056,1.0,3.0,success
1169,0.2421332746744156,-3.523953676223755,-0.0002518327673897147,0.00016206377767957747,1.0536711670283694e-05,0.0,0.0,success
1170,0.24209967255592346,-3.5229194164276123,-0.000246346287894994,0.03233812376856804,0.032337673008441925,1.0,-3.0,success
1171,0.24206851422786713,-3.5218639373779297,-0.0002463202690705657,0.032998088747262955,0.032998088747262955,1.0,-3.0,success
1172,0.2420397400856018,-3.520808219909668,-0.00024658924667164683,0.03300342336297035,0.03300342336297035,1.0,-3.0,success
1173,0.2420407384634018,-3.520787000656128,-0.0002516995882615447,0.000682774290908128,0.0006638352060690522,0.0,-3.0,success
1174,0.2420159876346588,-3.5197525024414062,-0.00024634896544739604,0.032337747514247894,0.03233731910586357,1.0,3.0,success
1175,0.24198880791664124,-3.5186967849731445,-0.00024632090935483575,0.0330021008849144,0.0330021008849144,1.0,0.0,success
1176,0.24196121096611023,-3.517641067504883,-0.00024659521295689046,0.03300243988633156,0.03300243988633156,1.0,3.0,success
1177,0.24193184077739716,-3.5165855884552,-0.00024681322975084186,0.03299648314714432,0.03299648314714432,1.0,-3.0,success
1178,0.24190491437911987,-3.5155298709869385,-0.00024699760251678526,0.03300189599394798,0.03300189599394798,1.0,-3.0,success
1179,0.24188044667243958,-3.5144741535186768,-0.0002471456828061491,0.03300002962350845,0.03300002962350845,1.0,-3.0,success
1180,0.24185840785503387,-3.513418436050415,-0.0002472642227075994,0.032998356968164444,0.032998356968164444,1.0,-3.0,success
1181,0.24183805286884308,-3.512362480163574,-0.00024736879277043045,0.033004749566316605,0.033004749566316605,1.0,3.0,success
1182,0.24181583523750305,-3.5113067626953125,-0.00024743302492424846,0.032998476177453995,0.032998476177453995,1.0,-3.0,success
1183,0.24179600179195404,-3.510251045227051,-0.00024749356089159846,0.03299698978662491,0.03299698978662491,1.0,-3.0,success
1184,0.24179618060588837,-3.5102298259735107,-0.00025243431446142495,0.000680862576700747,0.0006631251890212297,0.0,3.0,success
1185,0.24179700016975403,-3.5102298259735107,-0.00025179950171150267,3.2395750167779624e-05,2.5611368982936256e-05,0.0,-3.0,success
1186,0.24177837371826172,-3.509195327758789,-0.00024612745619378984,0.032333794981241226,0.03233330696821213,1.0,3.0,success
1187,0.24177806079387665,-3.509174108505249,-0.0002510167541913688,0.000680547091178596,0.0006631737342104316,0.0,3.0,success
1188,0.2417549192905426,-3.5081396102905273,-0.00024576508440077305,0.03233657032251358,0.03233615309000015,1.0,-3.0,success
1189,0.24173443019390106,-3.5070836544036865,-0.00024585844948887825,0.03300483152270317,0.03300483152270317,1.0,-3.0,success
1190,0.241715669631958,-3.506027936935425,-0.00024622995988465846,0.03299637883901596,0.03299637883901596,1.0,3.0,success
1191,0.2416950762271881,-3.504971981048584,-0.00024652149295434356,0.033004894852638245,0.033004891127347946,1.0,-3.0,success
1192,0.24167689681053162,-3.5039162635803223,-0.0002467644808348268,0.03299606218934059,0.03299605846405029,1.0,-3.0,success
1193,0.24166078865528107,-3.5028603076934814,-0.0002469641622155905,0.03300245851278305,0.03300245851278305,1.0,0.0,success
1194,0.241644948720932,-3.5018043518066406,-0.00024711497826501727,0.0330023318529129,0.0330023318529129,1.0,-3.0,success
1195,0.24163080751895905,-3.5007483959198,-0.0002472492924425751,0.033001579344272614,0.033001579344272614,1.0,3.0,success
1196,0.24161478877067566,-3.499692678451538,-0.0002473374188411981,0.032994966953992844,0.032994966953992844,1.0,-3.0,success
1197,0.24160118401050568,-3.4986367225646973,-0.00024741707602515817,0.033001359552145004,0.033001359552145004,1.0,-3.0,success
1198,0.2415899932384491,-3.4975807666778564,-0.00024748124997131526,0.03300047293305397,0.03300047293305397,1.0,-3.0,success
1199,0.24158047139644623,-3.4965248107910156,-0.00024754233891144395,0.03299996256828308,0.03299996256828308,1.0,3.0,success
1200,0.24156872928142548,-3.495468854904175,-0.00024757644860073924,0.03300065919756889,0.03300065919756889,1.0,0.0,success
1201,0.2415572553873062,-3.494412899017334,-0.0002476040681358427,0.03300056606531143,0.03300056606531143,1.0,-3.0,success
1202,0.24154819548130035,-3.493356943130493,-0.00024763052351772785,0.03299983590841293,0.03299983590841293,1.0,-3.0,success
1203,0.24154908955097198,-3.493335723876953,-0.00025253251078538597,0.0006811392959207296,0.0006636899779550731,0.0,-3.0,success
1204,0.24154409766197205,-3.4923009872436523,-0.0002470155886840075,0.03233635425567627,0.03233589231967926,1.0,3.0,success
1205,0.24153703451156616,-3.4912450313568115,-0.00024684928939677775,0.03299935907125473,0.03299935907125473,1.0,-3.0,success
1206,0.24153169989585876,-3.4901890754699707,-0.00024702196242287755,0.03299904242157936,0.03299903869628906,1.0,3.0,success
1207,0.24152454733848572,-3.48913311958313,-0.0002471547923050821,0.03299937769770622,0.03299937769770622,1.0,-3.0,success
1208,0.24151915311813354,-3.48807692527771,-0.00024728101561777294,0.03300650045275688,0.03300650045275688,1.0,3.0,success
1209,0.24151194095611572,-3.487020969390869,-0.00024736268096603453,0.032999392598867416,0.032999392598867416,1.0,-3.0,success
1210,0.24150718748569489,-3.4859650135040283,-0.00024743712856434286,0.0329989530146122,0.0329989530146122,1.0,-3.0,success
1211,0.24150487780570984,-3.4849090576171875,-0.00024749719887040555,0.0329986996948719,0.0329986996948719,1.0,-3.0,success
1212,0.2415049821138382,-3.4838531017303467,-0.00024754536570981145,0.032998621463775635,0.032998621463775635,1.0,-3.0,success
1213,0.24150598049163818,-3.4838318824768066,-0.0002524645533412695,0.0006814018124714494,0.0006638352060690522,0.0,-3.0,success
1214,0.24151048064231873,-3.482775926589966,-0.0002468586899340153,0.03299938514828682,0.03299891948699951,1.0,0.0,success
1215,0.24151456356048584,-3.481719970703125,-0.00024683220544829965,0.03299886733293533,0.03299886733293533,1.0,3.0,success
1216,0.2415160983800888,-3.480664014816284,-0.0002470027538947761,0.03299865126609802,0.03299865126609802,1.0,3.0,success
1217,0.2415156066417694,-3.4806430339813232,-0.00025203125551342964,0.000674394250381738,0.0006558311288245022,0.0,3.0,success
1218,0.24151287972927094,-3.4796080589294434,-0.0002465923025738448,0.03234352916479111,0.03234307840466499,1.0,-3.0,success
1219,0.24151284992694855,-3.4785521030426025,-0.00024652061983942986,0.032998621463775635,0.032998621463775635,1.0,-3.0,success
1220,0.24151527881622314,-3.4774961471557617,-0.00024674952146597207,0.0329987071454525,0.0329987071454525,1.0,-3.0,success
1221,0.24152012169361115,-3.476440191268921,-0.000246946670813486,0.03299896419048309,0.03299896419048309,1.0,-3.0,success
1222,0.24152734875679016,-3.47538423538208,-0.00024710517027415335,0.032999392598867416,0.032999392598867416,1.0,-3.0,success
1223,0.2415362447500229,-3.4743282794952393,-0.0002472415508236736,0.03299979120492935,0.03299979120492935,1.0,3.0,success
1224,0.24154254794120789,-3.4732723236083984,-0.0002473407075740397,0.03299921005964279,0.03299920633435249,1.0,3.0,success
1225,0.241542249917984,-3.4732511043548584,-0.0002523018338251859,0.0006810480263084173,0.0006631670403294265,0.0,3.0,success
1226,0.2415442019701004,-3.4722163677215576,-0.00024680886417627335,0.0323360301554203,0.03233557567000389,1.0,-3.0,success
1227,0.24154812097549438,-3.4711601734161377,-0.00024670406128279865,0.033006295561790466,0.033006295561790466,1.0,3.0,success
1228,0.241549551486969,-3.470104217529297,-0.0002468964667059481,0.032998647540807724,0.032998647540807724,1.0,3.0,success
1229,0.24154849350452423,-3.469048261642456,-0.00024706401745788753,0.03299863263964653,0.03299863263964653,1.0,3.0,success
1230,0.2415456771850586,-3.4679923057556152,-0.0002471884654369205,0.03299873694777489,0.03299873694777489,1.0,-3.0,success
1231,0.2415453940629959,-3.4669363498687744,-0.00024729754659347236,0.032998621463775635,0.032998621463775635,1.0,-3.0,success
1232,0.24154692888259888,-3.4658801555633545,-0.000247395655605942,0.033006105571985245,0.033006105571985245,1.0,3.0,success
1233,0.24154599010944366,-3.4648241996765137,-0.0002474643406458199,0.03299863263964653,0.03299863263964653,1.0,3.0,success
1234,0.24154327809810638,-3.463768243789673,-0.0002475087239872664,0.03299872949719429,0.03299872949719429,1.0,-3.0,success
1235,0.24154306948184967,-3.462712287902832,-0.00024755371850915253,0.032998621463775635,0.032998621463775635,1.0,-3.0,success
1236,0.24154362082481384,-3.462691068649292,-0.00025247098528780043,0.0006808916223235428,0.0006633254233747721,0.0,-3.0,success
1237,0.24154840409755707,-3.461656332015991,-0.00024695516913197935,0.03233632072806358,0.03233586251735687,1.0,-3.0,success
1238,0.24155588448047638,-3.4606003761291504,-0.0002468115708325058,0.032999444752931595,0.032999444752931595,1.0,-3.0,success
1239,0.24155639111995697,-3.460599899291992,-0.00025196553906425834,0.00016252236673608422,2.174194378312677e-05,0.0,0.0,success
1240,0.24156546592712402,-3.4595654010772705,-0.00024646378005854785,0.03232977166771889,0.03232930973172188,1.0,3.0,success
1241,0.24157243967056274,-3.4585092067718506,-0.00024640350602567196,0.03300679102540016,0.03300679102540016,1.0,-3.0,success
1242,0.24158184230327606,-3.4574532508850098,-0.00024665516684763134,0.032999929040670395,0.032999929040670395,1.0,-3.0,success
1243,0.24159367382526398,-3.456397294998169,-0.0002468711754772812,0.03300068899989128,0.03300068899989128,1.0,-3.0,success
1244,0.24159389734268188,-3.456376314163208,-0.0002519366971682757,0.0006745259161107242,0.0006556882872246206,0.0,3.0,success
1245,0.24160555005073547,-3.4553415775299072,-0.00024651727289892733,0.032338015735149384,0.03233756497502327,1.0,-3.0,success
1246,0.24161981046199799,-3.4542856216430664,-0.0002464611316099763,0.033001627773046494,0.033001627773046494,1.0,-3.0,success
1247,0.24163642525672913,-3.4532296657562256,-0.00024670225684531033,0.03300270438194275,0.03300270065665245,1.0,-3.0,success
1248,0.24163758754730225,-3.4532084465026855,-0.0002517899847589433,0.0006828625919297338,0.00066409568535164,0.0,-3.0,success
1249,0.24165891110897064,-3.452173948287964,-0.00024641069467179477,0.032335370779037476,0.032334934920072556,1.0,-3.0,success
1250,0.24168282747268677,-3.451118230819702,-0.0002463764394633472,0.032999634742736816,0.032999634742736816,1.0,-3.0,success
1251,0.24168403446674347,-3.451097011566162,-0.00025151565205305815,0.0006833146326243877,0.0006641735089942813,0.0,-3.0,success
1252,0.24168500304222107,-3.451097011566162,-0.00025107499095611274,3.325329817016609e-05,3.0267981856013648e-05,0.0,-3.0,success
1253,0.2417149692773819,-3.4500627517700195,-0.00024554802803322673,0.03233464062213898,0.03233417868614197,1.0,3.0,success
1254,0.24174216389656067,-3.449007034301758,-0.0002456705551594496,0.033002112060785294,0.033002112060785294,1.0,3.0,success
1255,0.24176755547523499,-3.447951316833496,-0.0002460588584654033,0.03300071135163307,0.03300071135163307,1.0,-3.0,success
1256,0.24176807701587677,-3.447930097579956,-0.0002512748178560287,0.0006830358761362731,0.000663301907479763,0.0,-3.0,success
1257,0.2417975515127182,-3.4468955993652344,-0.00024600920733064413,0.0323416031897068,0.032341185957193375,1.0,3.0,success
1258,0.2418251484632492,-3.4458401203155518,-0.00024604445206932724,0.032994989305734634,0.032994989305734634,1.0,-3.0,success
1259,0.24182483553886414,-3.4458189010620117,-0.0002512610226403922,0.0006829160265624523,0.0006631737342104316,0.0,3.0,success
1260,0.24185165762901306,-3.44478440284729,-0.0002459863608237356,0.03233935311436653,0.032338932156562805,1.0,3.0,success
1261,0.24187646806240082,-3.4437286853790283,-0.0002460255054756999,0.03300027921795845,0.03300027921795845,1.0,-3.0,success
1262,0.24190302193164825,-3.4426729679107666,-0.00024636328453198075,0.0330016054213047,0.033001601696014404,1.0,3.0,success
1263,0.24190251529216766,-3.4426517486572266,-0.00025152036687359214,0.0006825882010161877,0.0006632906734012067,0.0,3.0,success
1264,0.24192488193511963,-3.441617250442505,-0.00024618348106741905,0.032336052507162094,0.03233562037348747,1.0,-3.0,success
1265,0.24194994568824768,-3.440561532974243,-0.00024619378382340074,0.03300046548247337,0.03300046548247337,1.0,-3.0,success
1266,0.2419774830341339,-3.4395058155059814,-0.0002464881690684706,0.03300239145755768,0.03300238773226738,1.0,-3.0,success
1267,0.2419779747724533,-3.4395055770874023,-0.0002517209795769304,0.0001644146686885506,1.7077773009077646e-05,0.0,0.0,success
1268,0.24200786650180817,-3.4384710788726807,-0.0002462581032887101,0.03234201297163963,0.03234155848622322,1.0,-3.0,success
1269,0.24204038083553314,-3.437415599822998,-0.00024625001242384315,0.03299936652183533,0.03299936652183533,1.0,-3.0,success
1270,0.24207527935504913,-3.4363603591918945,-0.00024653319269418716,0.03299429640173912,0.03299429640173912,1.0,-3.0,success
1271,0.24211180210113525,-3.435304880142212,-0.0002467833401169628,0.03300345689058304,0.03300345689058304,1.0,3.0,success
1272,0.24214644730091095,-3.4342494010925293,-0.00024696486070752144,0.033001482486724854,0.033001482486724854,1.0,-3.0,success
1273,0.24214644730091095,-3.4342494010925293,-0.00024799269158393145,3.2119714887812734e-05,0.0,0.0,0.0,success
1274,0.24218322336673737,-3.433215379714966,-0.00024305310216732323,0.032333966344594955,0.03233359754085541,1.0,-3.0,success
1275,0.24222247302532196,-3.4321601390838623,-0.00024367512378375977,0.032999079674482346,0.03299907222390175,1.0,-3.0,success
1276,0.24226413667201996,-3.431104898452759,-0.0002444733108859509,0.03300197049975395,0.033001963049173355,1.0,-3.0,success
1277,0.24230748414993286,-3.4300498962402344,-0.00024513615062460303,0.03299663960933685,0.032996632158756256,1.0,3.0,success
1278,0.24234899878501892,-3.428994655609131,-0.0002456475340295583,0.03300178050994873,0.03300177678465843,1.0,-3.0,success
1279,0.242392897605896,-3.4279396533966064,-0.00024606569786556065,0.03299735113978386,0.03299734741449356,1.0,-3.0,success
1280,0.24243919551372528,-3.426884651184082,-0.0002464005956426263,0.03300054743885994,0.03300054743885994,1.0,-3.0,success
1281,0.24248716235160828,-3.4258296489715576,-0.00024667810066603124,0.03300287574529648,0.03300287574529648,1.0,3.0,success
1282,0.24253326654434204,-3.424774646759033,-0.00024688069242984056,0.03300028294324875,0.03300028294324875,1.0,-3.0,success
1283,0.24258102476596832,-3.423719882965088,-0.00024706171825528145,0.03299513831734657,0.03299513831734657,1.0,3.0,success
1284,0.24262626469135284,-3.4226648807525635,-0.0002471970219630748,0.03299911320209503,0.03299911320209503,1.0,3.0,success
1285,0.2426697015762329,-3.42160964012146,-0.0002472950436640531,0.033004194498062134,0.033004194498062134,1.0,-3.0,success
1286,0.24267055094242096,-3.42158842086792,-0.0002522638242226094,0.0006815558881498873,0.0006636327016167343,0.0,-3.0,success
1287,0.2426709681749344,-3.421588659286499,-0.000251673482125625,2.3787595637259074e-05,1.501712449680781e-05,0.0,-3.0,success
1288,0.2427203208208084,-3.4205548763275146,-0.00024602707708254457,0.03234298899769783,0.03234250843524933,1.0,3.0,success
1289,0.24276749789714813,-3.4194998741149902,-0.00024605399812571704,0.03300176188349724,0.03300176188349724,1.0,3.0,success
1290,0.24281293153762817,-3.418444871902466,-0.0002463653218001127,0.03299937769770622,0.032999373972415924,1.0,-3.0,success
1291,0.24286086857318878,-3.4173901081085205,-0.0002466385194566101,0.03299539163708687,0.03299538791179657,1.0,-3.0,success
1292,0.24291059374809265,-3.416335105895996,-0.00024686858523637056,0.03300542011857033,0.03300541639328003,1.0,3.0,success
1293,0.24295856058597565,-3.415280342102051,-0.0002470328763592988,0.03299543261528015,0.03299543261528015,1.0,-3.0,success
1294,0.24300898611545563,-3.4142255783081055,-0.0002471733605489135,0.03299901261925697,0.03299901261925697,1.0,-3.0,success
1295,0.2430618554353714,-3.41317081451416,-0.0002472862834110856,0.03300274908542633,0.03300274908542633,1.0,-3.0,success
1296,0.24306315183639526,-3.41314959526062,-0.00025225759600289166,0.0006822607829235494,0.0006643380620516837,0.0,-3.0,success
1297,0.24312032759189606,-3.412116527557373,-0.00024678438785485923,0.03233322128653526,0.03233276680111885,1.0,-3.0,success
1298,0.24318069219589233,-3.411062240600586,-0.0002466753066983074,0.03300042450428009,0.03300042450428009,1.0,-3.0,success
1299,0.24324341118335724,-3.410007953643799,-0.0002468735910952091,0.03300471231341362,0.03300471231341362,1.0,-3.0,success
1300,0.24330848455429077,-3.408953905105591,-0.0002470461477059871,0.03300172835588455,0.03300172835588455,1.0,-3.0,success
1301,0.24330827593803406,-3.40893292427063,-0.0002520770358387381,0.0006742680561728776,0.0006556834559887648,0.0,3.0,success
1302,0.2433086484670639,-3.40893292427063,-0.00025152222951874137,2.088350993290078e-05,1.164153127319878e-05,0.0,3.0,success
1303,0.24330954253673553,-3.40893292427063,-0.0002507698955014348,3.651528822956607e-05,2.7939675419474952e-05,0.0,-3.0,success
1304,0.24337252974510193,-3.407900094985962,-0.00024528877111151814,0.03233633190393448,0.032335877418518066,1.0,3.0,success
1305,0.24343423545360565,-3.406845808029175,-0.00024545288761146367,0.03300284594297409,0.03300284594297409,1.0,-3.0,success
1306,0.24349835515022278,-3.405791759490967,-0.00024589445092715323,0.032999906688928604,0.032999902963638306,1.0,-3.0,success
1307,0.2435648888349533,-3.404737949371338,-0.00024626284721307456,0.03299713507294655,0.03299713507294655,1.0,-3.0,success
1308,0.2435643970966339,-3.404716730117798,-0.0002514510415494442,0.0006828077021054924,0.0006632796721532941,0.0,3.0,success
1309,0.24356457591056824,-3.404716730117798,-0.0002510217600502074,1.4532325621985365e-05,5.58793499294552e-06,0.0,3.0,success
1310,0.24362710118293762,-3.40368390083313,-0.00024549494264647365,0.03233546391129494,0.03233500197529793,1.0,3.0,success
1311,0.24368827044963837,-3.4026296138763428,-0.00024561796453781426,0.03300187364220619,0.03300187364220619,1.0,-3.0,success
1312,0.2436874806880951,-3.402608633041382,-0.00025091972202062607,0.0006767105660401285,0.0006561154150404036,0.0,3.0,success
1313,0.24368804693222046,-3.402608633041382,-0.00025058689061552286,2.0525543732219376e-05,1.7695128917694092e-05,0.0,-3.0,success
1314,0.24374982714653015,-3.4015755653381348,-0.0002451571635901928,0.03234148398041725,0.032341040670871735,1.0,3.0,success
1315,0.24380961060523987,-3.4005212783813477,-0.00024535824195481837,0.032999392598867416,0.032999392598867416,1.0,3.0,success
1316,0.2438669502735138,-3.3994667530059814,-0.00024581924662925303,0.03300260007381439,0.033002596348524094,1.0,3.0,success
1317,0.24392186105251312,-3.3984122276306152,-0.00024620271869935095,0.03299856558442116,0.03299856185913086,1.0,3.0,success
1318,0.24397438764572144,-3.39735746383667,-0.0002465102297719568,0.03300221264362335,0.03300221264362335,1.0,3.0,success
1319,0.24402526021003723,-3.3963027000427246,-0.0002467454760335386,0.032999683171510696,0.032999683171510696,1.0,-3.0,success
1320,0.24407801032066345,-3.3952479362487793,-0.0002469539758749306,0.03300256282091141,0.03300256282091141,1.0,3.0,success
1321,0.24412839114665985,-3.394193172454834,-0.00024711142759770155,0.0329989455640316,0.0329989418387413,1.0,3.0,success
1322,0.24417640268802643,-3.3931381702423096,-0.0002472369815222919,0.03300293907523155,0.03300293907523155,1.0,3.0,success
1323,0.2442227452993393,-3.3920834064483643,-0.00024732667952775955,0.032993167638778687,0.032993167638778687,1.0,-3.0,success
1324,0.24427096545696259,-3.39102840423584,-0.0002474187349434942,0.03300323709845543,0.03300323709845543,1.0,3.0,success
1325,0.24431683123111725,-3.3899734020233154,-0.00024748308351263404,0.03299995884299278,0.03299995884299278,1.0,3.0,success
1326,0.244316965341568,-3.3899521827697754,-0.00025240457034669816,0.0006807163008488715,0.0006631148862652481,0.0,-3.0,success
1327,0.24436336755752563,-3.388918399810791,-0.0002469007158651948,0.0323387011885643,0.03233824297785759,1.0,-3.0,success
1328,0.24441298842430115,-3.3878636360168457,-0.00024676762404851615,0.032997824251651764,0.032997824251651764,1.0,-3.0,success
1329,0.24446512758731842,-3.3868088722229004,-0.0002469469327479601,0.0330016128718853,0.0330016128718853,1.0,-3.0,success
1330,0.24451972544193268,-3.385754346847534,-0.0002471044135745615,0.03299805521965027,0.03299805149435997,1.0,-3.0,success
1331,0.24457603693008423,-3.384699821472168,-0.0002472410269547254,0.03300086781382561,0.03300086781382561,1.0,3.0,success
1332,0.24463053047657013,-3.3836452960968018,-0.00024733084137551486,0.03299788385629654,0.03299788385629654,1.0,-3.0,success
1333,0.24468742311000824,-3.3825907707214355,-0.0002474118082318455,0.033001840114593506,0.033001840114593506,1.0,-3.0,success
1334,0.24474672973155975,-3.3815364837646484,-0.00024747708812355995,0.032998550683259964,0.032998550683259964,1.0,-3.0,success
1335,0.24480806291103363,-3.3804821968078613,-0.00024753407342359424,0.03300217166543007,0.03300217166543007,1.0,0.0,success
1336,0.2448689490556717,-3.379427909851074,-0.00024758026120252907,0.033001359552145004,0.033001359552145004,1.0,3.0,success
1337,0.24492797255516052,-3.378373622894287,-0.0002476019144523889,0.03299805521965027,0.03299805521965027,1.0,-3.0,success
1338,0.24498938024044037,-3.3773193359375,-0.00024762857356108725,0.033002305775880814,0.033002305775880814,1.0,-3.0,success
1339,0.2450532168149948,-3.376265287399292,-0.00024765043053776026,0.032999370247125626,0.032999370247125626,1.0,-3.0,success
1340,0.24511870741844177,-3.375211238861084,-0.00024767761351540685,0.03300253301858902,0.03300253301858902,1.0,3.0,success
1341,0.2451823502779007,-3.374157190322876,-0.00024768002913333476,0.03299900144338608,0.03299900144338608,1.0,-3.0,success
1342,0.2451827973127365,-3.374156951904297,-0.0002526740136090666,0.0001568630541441962,1.5832483768463135e-05,0.0,0.0,success
1343,0.2451828271150589,-3.374156951904297,-0.0002519144327379763,2.3755164875183254e-05,9.313225177720597e-07,0.0,3.0,success
1344,0.2451827973127365,-3.374156951904297,-0.0002510890772100538,2.580916952865664e-05,9.313225177720597e-07,0.0,3.0,success
1345,0.24524377286434174,-3.373102903366089,-0.0002454317291267216,0.03299455717206001,0.03299408406019211,1.0,0.0,success
1346,0.24530503153800964,-3.372048854827881,-0.0002456652873661369,0.032994598150253296,0.032994598150253296,1.0,-3.0,success
1347,0.24536871910095215,-3.370994806289673,-0.0002460686955600977,0.03299909085035324,0.03299908712506294,1.0,-3.0,success
1348,0.24537032842636108,-3.370973587036133,-0.000251283694524318,0.0006846837350167334,0.0006650059949606657,0.0,-3.0,success
1349,0.24543718993663788,-3.369940996170044,-0.00024601604673080146,0.032336458563804626,0.0323360376060009,1.0,3.0,success
1350,0.24550290405750275,-3.368886947631836,-0.00024605004000477493,0.03300296887755394,0.03300296887755394,1.0,-3.0,success
1351,0.2455703169107437,-3.367833137512207,-0.00024638278409838676,0.03299887850880623,0.03299887850880623,1.0,3.0,success
1352,0.2456352263689041,-3.366779088973999,-0.0002466534497216344,0.03300141543149948,0.03300141170620918,1.0,3.0,success
1353,0.24569837749004364,-3.365725040435791,-0.00024686026154085994,0.03299808129668236,0.03299807757139206,1.0,-3.0,success
1354,0.24569956958293915,-3.36570405960083,-0.0002519162662792951,0.0006754481000825763,0.0006567084928974509,0.0,-3.0,success
1355,0.24576684832572937,-3.364671230316162,-0.0002465109864715487,0.0323447585105896,0.03234431892633438,1.0,-3.0,success
1356,0.2458369880914688,-3.3636176586151123,-0.0002464664576109499,0.03299699351191521,0.03299699351191521,1.0,3.0,success
1357,0.24590465426445007,-3.3625638484954834,-0.0002467064477968961,0.03299938514828682,0.03299938514828682,1.0,3.0,success
1358,0.24590490758419037,-3.3625426292419434,-0.00025179440854117274,0.0006819436093792319,0.0006631488795392215,0.0,3.0,success
1359,0.2459668070077896,-3.3615097999572754,-0.00024641345953568816,0.03233426436781883,0.032333824783563614,1.0,3.0,success
1360,0.24602681398391724,-3.360455274581909,-0.00024637739988975227,0.03300722688436508,0.03300722688436508,1.0,3.0,success
1361,0.24608442187309265,-3.359400987625122,-0.00024663517251610756,0.032995615154504776,0.03299561142921448,1.0,3.0,success
1362,0.24614036083221436,-3.358346462249756,-0.00024684466188773513,0.03300024941563606,0.033000245690345764,1.0,-3.0,success
1363,0.2461988627910614,-3.3572919368743896,-0.00024702236987650394,0.03300458937883377,0.03300458565354347,1.0,-3.0,success
1364,0.24619773030281067,-3.3572709560394287,-0.0002520582638680935,0.0006752011831849813,0.000656605523545295,0.0,3.0,success
1365,0.24625703692436218,-3.3562376499176025,-0.0002466134901624173,0.032344404608011246,0.03234395757317543,1.0,-3.0,success
1366,0.24631832540035248,-3.3551833629608154,-0.00024653825676068664,0.0330020897090435,0.0330020897090435,1.0,-3.0,success
1367,0.24638135731220245,-3.3541293144226074,-0.00024677361943759024,0.03299785777926445,0.03299785777926445,1.0,3.0,success
1368,0.24644187092781067,-3.3530750274658203,-0.0002469659666530788,0.03300069272518158,0.03300068899989128,1.0,3.0,success
1369,0.24649988114833832,-3.352020502090454,-0.00024712024605832994,0.03300374373793602,0.03300374001264572,1.0,3.0,success
1370,0.2465561330318451,-3.350966215133667,-0.00024723351816646755,0.03299332782626152,0.03299332782626152,1.0,-3.0,success
1371,0.24661418795585632,-3.349911689758301,-0.00024734411272220314,0.03300381451845169,0.03300381451845169,1.0,3.0,success
1372,0.2466149926185608,-3.3498904705047607,-0.0002522940339986235,0.0006813689251430333,0.0006635782774537802,0.0,-3.0,success
1373,0.2466723769903183,-3.3488574028015137,-0.0002468242892064154,0.032333582639694214,0.0323331318795681,1.0,3.0,success
1374,0.246727854013443,-3.3478028774261475,-0.00024670647690072656,0.03299948573112488,0.03299948573112488,1.0,3.0,success
1375,0.2467283010482788,-3.3477816581726074,-0.000251769000897184,0.0006818558904342353,0.000663248763885349,0.0,-3.0,success
1376,0.246784046292305,-3.3467483520507812,-0.0002463915734551847,0.032338205724954605,0.032337769865989685,1.0,-3.0,success
1377,0.24684253334999084,-3.345694065093994,-0.0002463710552547127,0.03299712389707565,0.03299712389707565,1.0,3.0,success
1378,0.2468986064195633,-3.344639539718628,-0.0002466304285917431,0.03300047293305397,0.03300047293305397,1.0,3.0,success
1379,0.24695226550102234,-3.3435847759246826,-0.000246851472184062,0.03300399333238602,0.03300399333238602,1.0,3.0,success
1380,0.24700352549552917,-3.3425300121307373,-0.000247029063757509,0.033000268042087555,0.033000268042087555,1.0,3.0,success
1381,0.24705243110656738,-3.341475009918213,-0.0002471711777616292,0.03300422057509422,0.03300422057509422,1.0,3.0,success
1382,0.24709899723529816,-3.3404200077056885,-0.0002472848864272237,0.03300091624259949,0.03300091624259949,1.0,3.0,success
1383,0.24709801375865936,-3.3403987884521484,-0.0002522578288335353,0.0006817616522312164,0.0006638134946115315,0.0,3.0,success
1384,0.24714086949825287,-3.339365005493164,-0.00024677306646481156,0.032333917915821075,0.03233346343040466,1.0,-3.0,success
1385,0.2471863329410553,-3.3383100032806396,-0.0002466650912538171,0.03299941122531891,0.03299941122531891,1.0,-3.0,success
1386,0.24723361432552338,-3.3372550010681152,-0.0002468752791173756,0.03300190716981888,0.03300190716981888,1.0,3.0,success
1387,0.2472788393497467,-3.3361997604370117,-0.00024704233510419726,0.033006541430950165,0.033006541430950165,1.0,0.0,success
1388,0.24727797508239746,-3.336178779602051,-0.0002520692942198366,0.000674748735036701,0.0006562070921063423,0.0,3.0,success
1389,0.24727752804756165,-3.336178779602051,-0.00025151707814075053,2.2202519176062196e-05,1.3969837709737476e-05,0.0,3.0,success
1390,0.24731871485710144,-3.3351447582244873,-0.00024588056840002537,0.03233926743268967,0.032338790595531464,1.0,-3.0,success
1391,0.24731816351413727,-3.3351235389709473,-0.0002508302859496325,0.0006811212515458465,0.0006633254233747721,0.0,3.0,success
1392,0.24735963344573975,-3.334089517593384,-0.00024561610189266503,0.03233955428004265,0.03233914077281952,1.0,-3.0,success
1393,0.24740348756313324,-3.3330342769622803,-0.00024573964765295386,0.03300473093986511,0.03300473093986511,1.0,-3.0,success
1394,0.24740397930145264,-3.333034038543701,-0.0002511086349841207,0.00016864774806890637,1.7077773009077646e-05,0.0,0.0,success
1395,0.24744896590709686,-3.332000255584717,-0.00024577812291681767,0.03233671933412552,0.032336290925741196,1.0,3.0,success
1396,0.2474498450756073,-3.3319790363311768,-0.0002507369499653578,0.0006815219530835748,0.000663670536596328,0.0,-3.0,success
1397,0.24744988977909088,-3.3319790363311768,-0.00025044195353984833,9.323885933554266e-06,1.39698374823638e-06,0.0,0.0,success
1398,0.24749451875686646,-3.3309452533721924,-0.00024503673193976283,0.03233624994754791,0.032335806638002396,1.0,3.0,success
1399,0.24753688275814056,-3.329890012741089,-0.0002452617627568543,0.0330028310418129,0.0330028310418129,1.0,3.0,success
1400,0.24757681787014008,-3.3288347721099854,-0.0002457421214785427,0.032999876886606216,0.03299987316131592,1.0,3.0,success
1401,0.24761506915092468,-3.327779531478882,-0.0002461305120959878,0.03299792855978012,0.03299792483448982,1.0,-3.0,success
1402,0.24765583872795105,-3.3267242908477783,-0.00024645135272294283,0.033000871539115906,0.03300086781382561,1.0,-3.0,success
1403,0.24769844114780426,-3.325669288635254,-0.00024671899154782295,0.03299568593502045,0.03299568593502045,1.0,3.0,success
1404,0.24773859977722168,-3.3246140480041504,-0.00024692327133379877,0.03300014138221741,0.03300014138221741,1.0,3.0,success
1405,0.24777629971504211,-3.3235585689544678,-0.00024708634009584785,0.0330047532916069,0.0330047532916069,1.0,3.0,success
1406,0.24781160056591034,-3.322503089904785,-0.00024721684167161584,0.033002160489559174,0.033002160489559174,1.0,3.0,success
1407,0.24784451723098755,-3.3214476108551025,-0.0002473212662152946,0.03299975395202637,0.03299975395202637,1.0,3.0,success
1408,0.24787507951259613,-3.32039213180542,-0.0002474048815201968,0.03299754485487938,0.03299754485487938,1.0,3.0,success
1409,0.24790401756763458,-3.3193366527557373,-0.00024746087728999555,0.03299611434340477,0.03299611434340477,1.0,-3.0,success
1410,0.24793483316898346,-3.3182809352874756,-0.0002475260989740491,0.03300522267818451,0.03300522267818451,1.0,3.0,success
1411,0.2479640245437622,-3.317225456237793,-0.00024755840422585607,0.03299632668495178,0.03299632668495178,1.0,-3.0,success
1412,0.2479633241891861,-3.317204236984253,-0.00025248597376048565,0.0006810981431044638,0.0006634627352468669,0.0,3.0,success
1413,0.24799272418022156,-3.3161697387695312,-0.000246956420596689,0.03234158456325531,0.032341118901968,1.0,-3.0,success
1414,0.24802479147911072,-3.3151142597198486,-0.0002468120073899627,0.032998938113451004,0.032998938113451004,1.0,-3.0,success
1415,0.24805860221385956,-3.314058780670166,-0.0002469925966579467,0.0330006405711174,0.0330006368458271,1.0,3.0,success
1416,0.24809062480926514,-3.3130033016204834,-0.00024713133461773396,0.03299889713525772,0.03299889713525772,1.0,-3.0,success
1417,0.2481243908405304,-3.311947822570801,-0.00024726224364712834,0.03300059214234352,0.03300059214234352,1.0,3.0,success
1418,0.2481563538312912,-3.310892343521118,-0.0002473476924933493,0.032998837530612946,0.032998837530612946,1.0,-3.0,success
1419,0.24819006025791168,-3.3098368644714355,-0.00024743532412685454,0.033000532537698746,0.033000532537698746,1.0,3.0,success
1420,0.2481900304555893,-3.3098366260528564,-0.00025246909353882074,0.00015748439182061702,7.508562248403905e-06,0.0,0.0,success
1421,0.24822211265563965,-3.308802366256714,-0.0002468559832777828,0.03233663737773895,0.03233616054058075,1.0,-3.0,success
1422,0.24825643002986908,-3.307746648788452,-0.00024673278676345944,0.03300859406590462,0.03300859406590462,1.0,0.0,success
1423,0.24829037487506866,-3.3066914081573486,-0.000246924813836813,0.03299332782626152,0.03299332410097122,1.0,3.0,success
1424,0.24832183122634888,-3.305635690689087,-0.0002470868348609656,0.033005811274051666,0.033005811274051666,1.0,3.0,success
1425,0.24835151433944702,-3.3045802116394043,-0.00024720674264244735,0.032996758818626404,0.032996758818626404,1.0,-3.0,success
1426,0.24838298559188843,-3.3035247325897217,-0.000247322692302987,0.032998375594615936,0.032998375594615936,1.0,3.0,success
1427,0.24841274321079254,-3.30246901512146,-0.0002473959175404161,0.0330042727291584,0.0330042727291584,1.0,-3.0,success
1428,0.24844427406787872,-3.3014135360717773,-0.0002474739740137011,0.03299843147397041,0.03299843147397041,1.0,3.0,success
1429,0.24847406148910522,-3.3003580570220947,-0.00024751690216362476,0.032996851950883865,0.032996851950883865,1.0,-3.0,success
1430,0.2485063225030899,-3.299302577972412,-0.0002475603250786662,0.03299912065267563,0.03299912065267563,1.0,-3.0,success
1431,0.24854035675525665,-3.2982470989227295,-0.00024760575615800917,0.03300086036324501,0.03300086036324501,1.0,3.0,success
1432,0.24857190251350403,-3.297191619873047,-0.00024763226974755526,0.03299844637513161,0.03299844637513161,1.0,3.0,success
1433,0.24860166013240814,-3.296135902404785,-0.00024764303816482425,0.0330042727291584,0.0330042727291584,1.0,-3.0,success
1434,0.24863390624523163,-3.2950804233551025,-0.0002476611698511988,0.032999105751514435,0.032999105751514435,1.0,-3.0,success
1435,0.24866828322410583,-3.29402494430542,-0.0002476812223903835,0.03300120681524277,0.03300120681524277,1.0,0.0,success
1436,0.2487022578716278,-3.2929694652557373,-0.0002476981608197093,0.033000800758600235,0.033000800758600235,1.0,3.0,success
1437,0.24873444437980652,-3.2919139862060547,-0.0002476960653439164,0.032999053597450256,0.03299904987215996,1.0,-3.0,success
1438,0.24876907467842102,-3.290858507156372,-0.0002477036905474961,0.03300146758556366,0.03300146758556366,1.0,-3.0,success
1439,0.2488054633140564,-3.2898032665252686,-0.00024772033793851733,0.03299586847424507,0.03299586847424507,1.0,3.0,success
1440,0.24880613386631012,-3.2897820472717285,-0.00025259482208639383,0.0006806956953369081,0.0006634326418861747,0.0,-3.0,success
1441,0.24884295463562012,-3.288748025894165,-0.00024705365649424493,0.032334111630916595,0.03233364596962929,1.0,-3.0,success
1442,0.2488827109336853,-3.2876927852630615,-0.0002468902384862304,0.032999664545059204,0.032999664545059204,1.0,-3.0,success
1443,0.24892418086528778,-3.286637544631958,-0.00024705511168576777,0.033001724630594254,0.033001724630594254,1.0,3.0,success
1444,0.2489631474018097,-3.2855823040008545,-0.0002471910265740007,0.032998744398355484,0.032998744398355484,1.0,3.0,success
1445,0.24896292388439178,-3.2855610847473145,-0.00025218233349733055,0.0006812355131842196,0.0006631384021602571,0.0,3.0,success
1446,0.24899664521217346,-3.284526824951172,-0.00024672391009517014,0.03233823925256729,0.032337792217731476,1.0,3.0,success
1447,0.24902786314487457,-3.2834713459014893,-0.00024662556825205684,0.03299814090132713,0.03299814090132713,1.0,3.0,success
1448,0.24905666708946228,-3.2824156284332275,-0.0002468335733283311,0.03300344571471214,0.03300344571471214,1.0,3.0,success
1449,0.24908378720283508,-3.281359910964966,-0.0002470033650752157,0.03300205245614052,0.03300205245614052,1.0,-3.0,success
1450,0.24911275506019592,-3.280304431915283,-0.00024716011830605567,0.03299614042043686,0.03299614042043686,1.0,3.0,success
1451,0.24913935363292694,-3.2792487144470215,-0.00024727624258957803,0.03300163894891739,0.03300163894891739,1.0,3.0,success
1452,0.24916423857212067,-3.2781929969787598,-0.00024735816987231374,0.03300033509731293,0.03300033509731293,1.0,-3.0,success
1453,0.24916358292102814,-3.2781717777252197,-0.0002523259026929736,0.000681339530274272,0.0006634180899709463,0.0,3.0,success
1454,0.2491886466741562,-3.277137279510498,-0.00024682836374267936,0.032338012009859085,0.032337553799152374,1.0,-3.0,success
1455,0.24918830394744873,-3.277116060256958,-0.00025160241057164967,0.0006797615787945688,0.0006631881697103381,0.0,3.0,success
1456,0.24918806552886963,-3.277116060256958,-0.0002511291531845927,1.6560021322220564e-05,7.450580142176477e-06,0.0,3.0,success
1457,0.2492111176252365,-3.2760815620422363,-0.00024556968128308654,0.032336559146642685,0.03233609348535538,1.0,-3.0,success
1458,0.2492361217737198,-3.2750258445739746,-0.0002456984657328576,0.03300042077898979,0.03300042077898979,1.0,3.0,success
1459,0.249259352684021,-3.273970127105713,-0.0002460816758684814,0.03299915790557861,0.032999154180288315,1.0,-3.0,success
1460,0.2492850124835968,-3.272914409637451,-0.0002464119461365044,0.03300091624259949,0.03300091251730919,1.0,-3.0,success
1461,0.2493131160736084,-3.2718586921691895,-0.00024667734396643937,0.033002857118844986,0.03300285339355469,1.0,-3.0,success
1462,0.2493436187505722,-3.270803213119507,-0.00024688977282494307,0.0329974889755249,0.0329974889755249,1.0,-3.0,success
1463,0.24937577545642853,-3.269747734069824,-0.00024706931435503066,0.03299902379512787,0.03299902379512787,1.0,3.0,success
1464,0.24940606951713562,-3.2686920166015625,-0.0002471935877110809,0.033004749566316605,0.033004749566316605,1.0,-3.0,success
1465,0.24940696358680725,-3.2686710357666016,-0.0002521829155739397,0.0006745138671249151,0.0006562460912391543,0.0,-3.0,success
1466,0.24944110214710236,-3.267636775970459,-0.0002467357262503356,0.032338663935661316,0.0323382169008255,1.0,3.0,success
1467,0.2494726926088333,-3.2665810585021973,-0.00024663523072376847,0.033005934208631516,0.033005934208631516,1.0,3.0,success
1468,0.2495025098323822,-3.2655255794525146,-0.00024683098308742046,0.032996878027915955,0.032996878027915955,1.0,-3.0,success
1469,0.24953478574752808,-3.264470100402832,-0.0002470110484864563,0.03299913555383682,0.03299913555383682,1.0,-3.0,success
1470,0.24956952035427094,-3.2634146213531494,-0.00024715636391192675,0.033001575618982315,0.033001575618982315,1.0,-3.0,success
1471,0.2496066838502884,-3.262359142303467,-0.0002472727792337537,0.03300415724515915,0.03300415724515915,1.0,-3.0,success
1472,0.24964554607868195,-3.2613039016723633,-0.0002473756321705878,0.03299862518906593,0.03299862518906593,1.0,3.0,success
1473,0.24968254566192627,-3.2602486610412598,-0.0002474385255482048,0.0329965315759182,0.0329965315759182,1.0,-3.0,success
1474,0.2497212439775467,-3.2591934204101562,-0.0002475078508723527,0.03299843519926071,0.03299843519926071,1.0,3.0,success
1475,0.24975810945034027,-3.2581379413604736,-0.0002475441724527627,0.033003829419612885,0.033003829419612885,1.0,-3.0,success
1476,0.24979738891124725,-3.25708270072937,-0.00024758235667832196,0.032999102026224136,0.032999102026224136,1.0,-3.0,success
1477,0.24983909726142883,-3.2560274600982666,-0.00024761343956924975,0.03300201892852783,0.03300201892852783,1.0,-3.0,success
1478,0.24988247454166412,-3.254972457885742,-0.0002476480440236628,0.03299667313694954,0.03299667313694954,1.0,3.0,success
1479,0.24992401897907257,-3.2539172172546387,-0.00024765636771917343,0.03300181403756142,0.03300181403756142,1.0,-3.0,success
1480,0.24996723234653473,-3.2528622150421143,-0.00024768206640146673,0.03299646079540253,0.03299646079540253,1.0,3.0,success
1481,0.25000861287117004,-3.2518069744110107,-0.0002476834924891591,0.0330016128718853,0.0330016128718853,1.0,-3.0,success
1482,0.25005173683166504,-3.2507517337799072,-0.0002477038069628179,0.0330037921667099,0.0330037921667099,1.0,3.0,success
1483,0.2500923275947571,-3.2496964931488037,-0.0002477106172591448,0.033000655472278595,0.033000655472278595,1.0,3.0,success
1484,0.2501308023929596,-3.2486412525177,-0.00024771064636297524,0.03299817815423012,0.03299817815423012,1.0,0.0,success
1485,0.25016963481903076,-3.2475860118865967,-0.00024771111202426255,0.03299858793616295,0.03299858793616295,1.0,-3.0,success
1486,0.2502102553844452,-3.246530771255493,-0.0002477262169122696,0.03300068899989128,0.03300068899989128,1.0,3.0,success
1487,0.25024911761283875,-3.2454755306243896,-0.0002477186790201813,0.03299862518906593,0.03299862518906593,1.0,-3.0,success
1488,0.2502904534339905,-3.244420289993286,-0.00024772173492237926,0.03300156071782112,0.03300156071782112,1.0,-3.0,success
1489,0.2502913773059845,-3.244399070739746,-0.000252605474088341,0.0006810501217842102,0.0006637298502027988,0.0,-3.0,success
1490,0.25033730268478394,-3.2433652877807617,-0.00024706264957785606,0.03233804181218147,0.032337576150894165,1.0,-3.0,success
1491,0.2503855228424072,-3.2423105239868164,-0.00024690755526535213,0.0329957939684391,0.0329957939684391,1.0,3.0,success
1492,0.25043195486068726,-3.241255521774292,-0.0002470494364388287,0.03300073370337486,0.03300073370337486,1.0,-3.0,success
1493,0.2504800856113434,-3.2402005195617676,-0.00024719597422517836,0.03300311043858528,0.03300311043858528,1.0,3.0,success
1494,0.25052571296691895,-3.239145517349243,-0.00024730447330512106,0.032999634742736816,0.032999634742736816,1.0,3.0,success
1495,0.25056883692741394,-3.2380905151367188,-0.00024739099899306893,0.032996345311403275,0.032996345311403275,1.0,3.0,success
1496,0.25061023235321045,-3.2370352745056152,-0.0002474500215612352,0.03300163149833679,0.03300163149833679,1.0,-3.0,success
1497,0.2506534457206726,-3.2359800338745117,-0.0002475172805134207,0.03300390765070915,0.03300390765070915,1.0,3.0,success
1498,0.2506949305534363,-3.2349250316619873,-0.0002475515066180378,0.03299429267644882,0.03299429267644882,1.0,-3.0,success
1499,0.2507382035255432,-3.233869791030884,-0.0002475984219927341,0.03300398215651512,0.03300398215651512,1.0,3.0,success
1500,0.2507379353046417,-3.2338485717773438,-0.00025250850012525916,0.0006806745659559965,0.000663154642097652,0.0,3.0,success
1501,0.2507374584674835,-3.2338485717773438,-0.000251868215855211,2.4947945348685607e-05,1.4901160284352954e-05,0.0,3.0,success
1502,0.2507733702659607,-3.2328145503997803,-0.0002461726835463196,0.0323331356048584,0.0323326475918293,1.0,3.0,success
1503,0.2508068084716797,-3.2317590713500977,-0.00024617003509774804,0.033000264316797256,0.033000264316797256,1.0,3.0,success
1504,0.2508385479450226,-3.230703592300415,-0.0002464580175001174,0.03299863263964653,0.03299862891435623,1.0,-3.0,success
1505,0.25087210536003113,-3.2296481132507324,-0.0002467232116032392,0.03300038352608681,0.03300038352608681,1.0,3.0,success
1506,0.2509039640426636,-3.2285923957824707,-0.000246916402829811,0.03300618752837181,0.03300618752837181,1.0,-3.0,success
1507,0.250938355922699,-3.227537155151367,-0.00024708002456463873,0.032993778586387634,0.032993778586387634,1.0,-3.0,success
1508,0.25097525119781494,-3.2264816761016846,-0.00024721145746298134,0.03300386294722557,0.03300386294722557,1.0,-3.0,success
1509,0.2510145902633667,-3.225426435470581,-0.0002473167551215738,0.032999176532030106,0.03299917280673981,1.0,-3.0,success
1510,0.25105562806129456,-3.2243711948394775,-0.0002474108478054404,0.03300119563937187,0.03300119563937187,1.0,3.0,success
1511,0.2510564923286438,-3.2243499755859375,-0.00025234752683900297,0.0006813463405705988,0.0006636514444835484,0.0,-3.0,success
1512,0.25109782814979553,-3.223316192626953,-0.0002468558377586305,0.032331984490156174,0.03233153000473976,1.0,-3.0,success
1513,0.2511414885520935,-3.2222609519958496,-0.00024674212909303606,0.033004481345415115,0.033004481345415115,1.0,3.0,success
1514,0.2511826157569885,-3.221205711364746,-0.00024692685110494494,0.03300130367279053,0.03300130367279053,1.0,3.0,success
1515,0.25122126936912537,-3.2201504707336426,-0.000247088260948658,0.03299838304519653,0.03299838304519653,1.0,3.0,success
1516,0.25125744938850403,-3.21909499168396,-0.00024721818044781685,0.03300309181213379,0.03300309181213379,1.0,3.0,success
1517,0.2512919306755066,-3.2180397510528564,-0.00024731174926273525,0.0329938679933548,0.0329938679933548,1.0,-3.0,success
1518,0.2513289749622345,-3.216984272003174,-0.0002473960630595684,0.0330040268599987,0.0330040268599987,1.0,-3.0,success
1519,0.25136780738830566,-3.2159290313720703,-0.00024747446877881885,0.03299858793616295,0.03299858793616295,1.0,3.0,success
1520,0.25136831402778625,-3.2159078121185303,-0.00025239825481548905,0.0006809037295170128,0.0006632906734012067,0.0,-3.0,success
1521,0.2514076232910156,-3.214873790740967,-0.00024689617566764355,0.03233696147799492,0.032336506992578506,1.0,-3.0,success
1522,0.25144925713539124,-3.2138185501098633,-0.00024677449255250394,0.03300192207098007,0.03300192207098007,1.0,3.0,success
1523,0.25148916244506836,-3.2127633094787598,-0.00024694291641935706,0.03299983963370323,0.03299983963370323,1.0,-3.0,success
1524,0.25153082609176636,-3.2117083072662354,-0.00024711090372875333,0.03299451619386673,0.03299451619386673,1.0,3.0,success
1525,0.2515700161457062,-3.2106528282165527,-0.00024723654496483505,0.0330064482986927,0.0330064482986927,1.0,3.0,success
1526,0.2516074776649475,-3.209597587585449,-0.0002473265631124377,0.03299704194068909,0.03299704194068909,1.0,-3.0,success
1527,0.2516067624092102,-3.209576368331909,-0.00025230072787962854,0.0006814439548179507,0.0006634782184846699,0.0,3.0,success
1528,0.25164324045181274,-3.2085423469543457,-0.00024681902141310275,0.03233372047543526,0.032333265990018845,1.0,3.0,success
1529,0.2516779899597168,-3.207486867904663,-0.00024669140111654997,0.03300158679485321,0.03300158679485321,1.0,-3.0,success
1530,0.25171521306037903,-3.2064313888549805,-0.0002468853781465441,0.03300422057509422,0.03300422057509422,1.0,-3.0,success
1531,0.25175490975379944,-3.205376148223877,-0.00024705511168576777,0.032999590039253235,0.032999590039253235,1.0,-3.0,success
1532,0.25175532698631287,-3.205375909805298,-0.00025217485381290317,0.00016069515550043434,1.501712449680781e-05,0.0,0.0,success
1533,0.2517559826374054,-3.205375909805298,-0.00025150564033538103,2.9277180146891624e-05,2.0489094822551124e-05,0.0,-3.0,success
1534,0.251800000667572,-3.2043421268463135,-0.0002458773669786751,0.032335467636585236,0.032334987074136734,1.0,-3.0,success
1535,0.25184696912765503,-3.203287124633789,-0.0002459348179399967,0.03300147131085396,0.03300147131085396,1.0,-3.0,success
1536,0.25189560651779175,-3.2022323608398438,-0.0002462902048137039,0.032996393740177155,0.032996393740177155,1.0,3.0,success
1537,0.25189587473869324,-3.2022318840026855,-0.00025155290495604277,0.00016534565656911582,1.7096808733185753e-05,0.0,0.0,success
1538,0.251941442489624,-3.201198101043701,-0.0002461338590364903,0.032337531447410583,0.03233708441257477,1.0,3.0,success
1539,0.25198468565940857,-3.2001430988311768,-0.00024614963331259787,0.03299649804830551,0.03299649804830551,1.0,3.0,success
1540,0.25202614068984985,-3.1990878582000732,-0.00024644238874316216,0.03300170600414276,0.03300170600414276,1.0,-3.0,success
1541,0.2520701289176941,-3.198032855987549,-0.0002467001904733479,0.03299746289849281,0.03299746289849281,1.0,-3.0,success
1542,0.2521158754825592,-3.1969778537750244,-0.0002469178580213338,0.03299979493021965,0.03299979493021965,1.0,3.0,success
1543,0.25215986371040344,-3.195922613143921,-0.0002470723120495677,0.03300490602850914,0.03300490602850914,1.0,-3.0,success
1544,0.25220629572868347,-3.1948676109313965,-0.0002472049091011286,0.03300073370337486,0.03300073370337486,1.0,-3.0,success
1545,0.2522551417350769,-3.193812847137451,-0.0002473115164320916,0.03299669176340103,0.03299669176340103,1.0,-3.0,success
1546,0.25230643153190613,-3.192758083343506,-0.00024739690707065165,0.033000312745571136,0.033000312745571136,1.0,-3.0,success
1547,0.2523597478866577,-3.1917033195495605,-0.00024746995768509805,0.03300344944000244,0.03300344944000244,1.0,0.0,success
1548,0.2524133026599884,-3.1906487941741943,-0.0002475195506121963,0.03299638628959656,0.03299638628959656,1.0,-3.0,success
1549,0.2524692118167877,-3.189594268798828,-0.00024756317725405097,0.033000197261571884,0.033000197261571884,1.0,-3.0,success
1550,0.25252676010131836,-3.188539743423462,-0.0002476077643223107,0.03300295025110245,0.03300295025110245,1.0,3.0,success
1551,0.2525824308395386,-3.1874852180480957,-0.0002476241788826883,0.032999806106090546,0.032999806106090546,1.0,-3.0,success
1552,0.2526397705078125,-3.1864309310913086,-0.0002476562513038516,0.032995156943798065,0.032995156943798065,1.0,3.0,success
1553,0.25269457697868347,-3.1853761672973633,-0.00024767243303358555,0.03300583362579346,0.03300583362579346,1.0,3.0,success
1554,0.2527475357055664,-3.184321641921997,-0.00024767525610513985,0.032995447516441345,0.032995447516441345,1.0,-3.0,success
1555,0.2528022825717926,-3.183267116546631,-0.00024769725860096514,0.03299829736351967,0.03299829736351967,1.0,3.0,success
1556,0.25285452604293823,-3.1822123527526855,-0.0002477054949849844,0.033001773059368134,0.033001773059368134,1.0,3.0,success
1557,0.25290432572364807,-3.1811575889587402,-0.0002477118105161935,0.032998085021972656,0.032998085021972656,1.0,3.0,success
1558,0.2529047429561615,-3.1811363697052,-0.00025258734240196645,0.0006805053562857211,0.0006632298463955522,0.0,-3.0,success
1559,0.2529548704624176,-3.180102825164795,-0.00024704725365154445,0.03233669325709343,0.03233623132109642,1.0,-3.0,success
1560,0.2530076205730438,-3.1790480613708496,-0.00024689536076039076,0.03300256282091141,0.03300256282091141,1.0,3.0,success
1561,0.2530075013637543,-3.1790268421173096,-0.0002519319241400808,0.0006815351080149412,0.0006631120922975242,0.0,3.0,success
1562,0.2530548870563507,-3.177993059158325,-0.0002465228899382055,0.03234007582068443,0.032339636236429214,1.0,3.0,success
1563,0.25310003757476807,-3.176938056945801,-0.0002464648277964443,0.03299899399280548,0.03299899399280548,1.0,3.0,success
1564,0.2531428039073944,-3.1758830547332764,-0.00024670507991686463,0.03299589455127716,0.03299589455127716,1.0,3.0,success
1565,0.2531832158565521,-3.174827814102173,-0.00024691130965948105,0.03300044313073158,0.03300044313073158,1.0,3.0,success
1566,0.2531830668449402,-3.174806594848633,-0.0002519473491702229,0.0006815370288677514,0.0006631180294789374,0.0,-3.0,success
1567,0.2532234191894531,-3.1737725734710693,-0.0002465470170136541,0.03233820199966431,0.03233776241540909,1.0,3.0,success
1568,0.2532614767551422,-3.1727170944213867,-0.0002464849385432899,0.03300515189766884,0.03300515189766884,1.0,3.0,success
1569,0.25329795479774475,-3.171661853790283,-0.0002467104932293296,0.03299596905708313,0.03299596533179283,1.0,-3.0,success
1570,0.2533362805843353,-3.1706066131591797,-0.0002469252503942698,0.03299801051616669,0.03299801051616669,1.0,3.0,success
1571,0.25337299704551697,-3.169551134109497,-0.0002470778999850154,0.03300366923213005,0.03300366923213005,1.0,-3.0,success
1572,0.25337210297584534,-3.169529914855957,-0.00025210194871760905,0.0006820072303526103,0.0006636899779550731,0.0,3.0,success
1573,0.253409206867218,-3.1684956550598145,-0.0002466489968355745,0.032341860234737396,0.03234140947461128,1.0,-3.0,success
1574,0.2534480690956116,-3.167440414428711,-0.00024657658650539815,0.03299862518906593,0.03299862518906593,1.0,3.0,success
1575,0.25348520278930664,-3.1663851737976074,-0.0002467846206855029,0.032996680587530136,0.032996680587530136,1.0,-3.0,success
1576,0.2534859776496887,-3.1663639545440674,-0.0002518551191315055,0.0006822004797868431,0.0006635435856878757,0.0,-3.0,success
1577,0.25348639488220215,-3.1663639545440674,-0.0002513465005904436,2.05580290639773e-05,1.3038515135121997e-05,0.0,-3.0,success
1578,0.253530353307724,-3.165330171585083,-0.00024575425777584314,0.03233537822961807,0.032334908843040466,1.0,-3.0,success
1579,0.2535766661167145,-3.1642751693725586,-0.000245846516918391,0.03300056979060173,0.03300056979060173,1.0,3.0,success
1580,0.2536205053329468,-3.163219928741455,-0.00024620990734547377,0.03300471231341362,0.03300471231341362,1.0,3.0,success
1581,0.2536618709564209,-3.1621649265289307,-0.00024651491548866034,0.03299415111541748,0.03299414739012718,1.0,3.0,success
1582,0.25370150804519653,-3.161109447479248,-0.0002467493759468198,0.03300696983933449,0.03300696983933449,1.0,-3.0,success
1583,0.2537021040916443,-3.161088466644287,-0.00025182749959640205,0.0006748393643647432,0.0006559155881404877,0.0,-3.0,success
1584,0.2537463903427124,-3.1600544452667236,-0.0002464399440214038,0.03234322741627693,0.03234279155731201,1.0,-3.0,success
1585,0.2537938058376312,-3.1589996814727783,-0.000246399431489408,0.03299465402960777,0.03299465402960777,1.0,-3.0,success
1586,0.2538429796695709,-3.157944679260254,-0.0002466626465320587,0.03300461173057556,0.03300461173057556,1.0,3.0,success
1587,0.25389033555984497,-3.1568899154663086,-0.00024686750839464366,0.03299457207322121,0.03299457207322121,1.0,-3.0,success
1588,0.2539401352405548,-3.155834913253784,-0.00024704120005480945,0.03300552815198898,0.033005524426698685,1.0,-3.0,success
1589,0.25399231910705566,-3.154780149459839,-0.0002471806656103581,0.03300168365240097,0.03300168365240097,1.0,-3.0,success
1590,0.2540462017059326,-3.1537256240844727,-0.0002473019703757018,0.03299690783023834,0.03299690783023834,1.0,3.0,success
1591,0.2540975511074066,-3.1526708602905273,-0.00024738910724408925,0.0330004021525383,0.0330004021525383,1.0,3.0,success
1592,0.25414636731147766,-3.151616096496582,-0.000247458548983559,0.03299664705991745,0.03299664705991745,1.0,3.0,success
1593,0.2541469633579254,-3.151594877243042,-0.0002523849834688008,0.0006809931364841759,0.0006633632001467049,0.0,-3.0,success
1594,0.2541952431201935,-3.1505610942840576,-0.0002468970778863877,0.03234138339757919,0.03234092891216278,1.0,3.0,success
1595,0.2542421221733093,-3.149506092071533,-0.0002467543527018279,0.03300134837627411,0.03300134837627411,1.0,-3.0,success
1596,0.25429150462150574,-3.148451328277588,-0.00024693566956557333,0.03299747407436371,0.03299747034907341,1.0,-3.0,success
1597,0.2543427050113678,-3.1473965644836426,-0.0002471054904162884,0.03300017863512039,0.03300017863512039,1.0,3.0,success
1598,0.2543921172618866,-3.1463418006896973,-0.00024722228408791125,0.03299751505255699,0.03299751505255699,1.0,-3.0,success
1599,0.25444331765174866,-3.145287036895752,-0.0002473350614309311,0.03300017863512039,0.03300017863512039,1.0,3.0,success
1600,0.25449204444885254,-3.1442320346832275,-0.00024741588276810944,0.03300396353006363,0.03300396353006363,1.0,3.0,success
1601,0.25453898310661316,-3.143177032470703,-0.00024746995768509805,0.033001430332660675,0.033001430332660675,1.0,-3.0,success
1602,0.25453981757164,-3.143156051635742,-0.0002524035517126322,0.0006740387179888785,0.0006561694317497313,0.0,-3.0,success
1603,0.2545912563800812,-3.142122507095337,-0.0002469008613843471,0.032338697463274,0.03233823925256729,1.0,-3.0,success
1604,0.2546460032463074,-3.1410679817199707,-0.00024676808970980346,0.03299829736351967,0.03299829736351967,1.0,-3.0,success
1605,0.254703164100647,-3.1400134563446045,-0.0002469475439283997,0.03300229460000992,0.03300229460000992,1.0,-3.0,success
1606,0.25470468401908875,-3.1399922370910645,-0.0002519860863685608,0.0006831922801211476,0.0006648005801253021,0.0,-3.0,success
1607,0.2547651529312134,-3.1389591693878174,-0.000246578041696921,0.03233906254172325,0.03233862295746803,1.0,3.0,success
1608,0.2547655701637268,-3.1389381885528564,-0.0002513917861506343,0.0006728129810653627,0.0006557807209901512,0.0,3.0,success
1609,0.25482282042503357,-3.1379048824310303,-0.00024606549413874745,0.03234076872467995,0.032340340316295624,1.0,-3.0,success
1610,0.25488144159317017,-3.136850357055664,-0.0002461092371959239,0.033004794269800186,0.033004794269800186,1.0,3.0,success
1611,0.2549375891685486,-3.135795831680298,-0.00024642073549330235,0.03300059586763382,0.03300059586763382,1.0,3.0,success
1612,0.25499191880226135,-3.1347413063049316,-0.00024667344405315816,0.03299762308597565,0.03299762308597565,1.0,-3.0,success
1613,0.2550487518310547,-3.1336867809295654,-0.0002468857856001705,0.03300173953175545,0.03300173580646515,1.0,-3.0,success
1614,0.2551080286502838,-3.1326324939727783,-0.0002470562176313251,0.032998498529195786,0.032998498529195786,1.0,-3.0,success
1615,0.2551690340042114,-3.131578207015991,-0.0002472025225870311,0.033001579344272614,0.033001579344272614,1.0,3.0,success
1616,0.2552282214164734,-3.130523920059204,-0.0002473000204190612,0.03299834206700325,0.03299834206700325,1.0,-3.0,success
1617,0.25528982281684875,-3.129469633102417,-0.00024738715728744864,0.03300265967845917,0.03300265967845917,1.0,-3.0,success
1618,0.25535181164741516,-3.128436803817749,-0.0002434460911899805,0.032334230840206146,0.032333992421627045,1.0,3.0,success
1619,0.25541263818740845,-3.127382755279541,-0.00024397956440225244,0.03299381956458092,0.03299381583929062,1.0,-3.0,success
1620,0.2554752230644226,-3.126328468322754,-0.0002447261067572981,0.03300447389483452,0.03300446271896362,1.0,3.0,success
1621,0.25553610920906067,-3.125274419784546,-0.00024531863164156675,0.03299392759799957,0.032993923872709274,1.0,-3.0,success
1622,0.2555987238883972,-3.124220132827759,-0.0002458127273712307,0.0330045260488987,0.0330045223236084,1.0,3.0,success
1623,0.25565892457962036,-3.1231658458709717,-0.0002461984986439347,0.03300013393163681,0.03300013393163681,1.0,3.0,success
1624,0.2557166516780853,-3.1221115589141846,-0.000246506737312302,0.03299582004547119,0.03299581632018089,1.0,3.0,success
1625,0.2557727098464966,-3.1210570335388184,-0.0002467427693773061,0.03300044685602188,0.03300044685602188,1.0,-3.0,success
1626,0.2557714283466339,-3.1210358142852783,-0.00025183442630805075,0.0006830994971096516,0.0006643098313361406,0.0,3.0,success
1627,0.25582826137542725,-3.120002508163452,-0.00024643432698212564,0.03234006091952324,0.03233961760997772,1.0,-3.0,success
1628,0.255886435508728,-3.118948221206665,-0.0002464051067363471,0.032996583729982376,0.032996583729982376,1.0,3.0,success
1629,0.255942165851593,-3.117893695831299,-0.00024665752425789833,0.032999902963638306,0.032999902963638306,1.0,3.0,success
1630,0.2559954524040222,-3.1168389320373535,-0.0002468730090186,0.03300340473651886,0.03300340473651886,1.0,3.0,success
1631,0.2560462951660156,-3.115784168243408,-0.00024704617680981755,0.032999638468027115,0.032999638468027115,1.0,3.0,success
1632,0.2560954689979553,-3.114729404449463,-0.00024717411724850535,0.032997168600559235,0.032997168600559235,1.0,-3.0,success
1633,0.25614720582962036,-3.1136746406555176,-0.00024728590506128967,0.033000994473695755,0.033000994473695755,1.0,-3.0,success
1634,0.25620076060295105,-3.1126198768615723,-0.00024738640058785677,0.033003825694322586,0.033003825694322586,1.0,3.0,success
1635,0.25625190138816833,-3.111565113067627,-0.00024745703558437526,0.03300008550286293,0.03300008550286293,1.0,3.0,success
1636,0.25630128383636475,-3.1105103492736816,-0.00024750284501351416,0.03299747034907341,0.03299747034907341,1.0,-3.0,success
1637,0.2563524842262268,-3.1094555854797363,-0.0002475595101714134,0.03300017863512039,0.03300017863512039,1.0,3.0,success
1638,0.25640127062797546,-3.108400583267212,-0.00024759554071351886,0.033004049211740494,0.033004049211740494,1.0,3.0,success
1639,0.256448358297348,-3.1073458194732666,-0.0002476135559845716,0.03299419581890106,0.03299419581890106,1.0,-3.0,success
1640,0.25649794936180115,-3.106290817260742,-0.0002476374211255461,0.03300521895289421,0.03300521895289421,1.0,-3.0,success
1641,0.2565493583679199,-3.105236053466797,-0.0002476674853824079,0.03300049528479576,0.03300049528479576,1.0,3.0,success
1642,0.2565990090370178,-3.1041812896728516,-0.00024767170543782413,0.03299786522984505,0.03299786522984505,1.0,-3.0,success
1643,0.2566504180431366,-3.1031265258789062,-0.00024769449373707175,0.03300049528479576,0.03300049528479576,1.0,3.0,success
1644,0.2566993534564972,-3.102071762084961,-0.0002477033413015306,0.03299682214856148,0.03299682214856148,1.0,3.0,success
1645,0.2567465603351593,-3.1010167598724365,-0.00024769981973804533,0.03300180658698082,0.03300180658698082,1.0,-3.0,success
1646,0.2567955553531647,-3.099961996078491,-0.00024771702010184526,0.03299690783023834,0.03299690783023834,1.0,3.0,success
1647,0.25684213638305664,-3.098906993865967,-0.00024772147298790514,0.03300093859434128,0.03300093859434128,1.0,3.0,success
1648,0.2568862736225128,-3.0978517532348633,-0.00024772470351308584,0.03300510346889496,0.03300510346889496,1.0,3.0,success
1649,0.2569287121295929,-3.096796751022339,-0.00024771675816737115,0.03299548104405403,0.03299548104405403,1.0,-3.0,success
1650,0.2569292187690735,-3.096775531768799,-0.0002526007010601461,0.0006806234596297145,0.0006632906734012067,0.0,-3.0,success
1651,0.25697553157806396,-3.0957417488098145,-0.000247070100158453,0.03233858197927475,0.03233812004327774,1.0,3.0,success
1652,0.25702041387557983,-3.09468674659729,-0.00024689268320798874,0.03299863636493683,0.03299863636493683,1.0,-3.0,success
1653,0.25706711411476135,-3.0936317443847656,-0.0002470568579155952,0.03300110250711441,0.03300110250711441,1.0,3.0,success
1654,0.2571120858192444,-3.092576742172241,-0.00024718252825550735,0.03299875929951668,0.03299875929951668,1.0,-3.0,success
1655,0.257159560918808,-3.091521739959717,-0.00024729286087676883,0.033002182841300964,0.033002182841300964,1.0,-3.0,success
1656,0.25720950961112976,-3.0904669761657715,-0.0002473816857673228,0.032998304814100266,0.032998304814100266,1.0,-3.0,success
1657,0.2572098970413208,-3.0904667377471924,-0.0002524359442759305,0.00015858405095059425,1.4216021554602776e-05,0.0,0.0,success
1658,0.2572609782218933,-3.089433193206787,-0.00024684087838977575,0.032338161021471024,0.03233768790960312,1.0,3.0,success
1659,0.25730982422828674,-3.088378429412842,-0.0002467149752192199,0.03299669176340103,0.03299669176340103,1.0,3.0,success
1660,0.2573561668395996,-3.0873234272003174,-0.00024690464488230646,0.03300061076879501,0.03300061076879501,1.0,3.0,success
1661,0.2574000954627991,-3.086268186569214,-0.00024707065313123167,0.03300483152270317,0.03300483152270317,1.0,3.0,success
1662,0.25744232535362244,-3.0852131843566895,-0.00024719370412640274,0.03299521654844284,0.03299521654844284,1.0,-3.0,success
1663,0.25748708844184875,-3.084158182144165,-0.00024730159202590585,0.032998476177453995,0.032998476177453995,1.0,-3.0,success
1664,0.2575336694717407,-3.0831031799316406,-0.0002473989443387836,0.03300093859434128,0.03300093859434128,1.0,3.0,success
1665,0.2575778067111969,-3.082047939300537,-0.0002474670181982219,0.03300510346889496,0.03300510346889496,1.0,3.0,success
1666,0.2575782239437103,-3.082026958465576,-0.0002523917646612972,0.0006735970382578671,0.0006557807209901512,0.0,-3.0,success
1667,0.25762274861335754,-3.080993175506592,-0.0002468907623551786,0.032336123287677765,0.03233566880226135,1.0,-3.0,success
1668,0.2576697766780853,-3.0799381732940674,-0.00024677024339325726,0.03300155699253082,0.03300155699253082,1.0,3.0,success
1669,0.2577143907546997,-3.078882932662964,-0.00024694958119653165,0.0330057293176651,0.0330057293176651,1.0,3.0,success
1670,0.2577565312385559,-3.0778279304504395,-0.0002471066254656762,0.03299510478973389,0.03299510478973389,1.0,3.0,success
1671,0.2577970027923584,-3.076772689819336,-0.00024722248781472445,0.033000510185956955,0.033000510185956955,1.0,-3.0,success
1672,0.25783929228782654,-3.0757174491882324,-0.0002473353815730661,0.033002737909555435,0.033002737909555435,1.0,3.0,success
1673,0.25787919759750366,-3.074662208557129,-0.00024741634842939675,0.03299983963370323,0.03299983963370323,1.0,3.0,success
1674,0.2579174041748047,-3.0736069679260254,-0.00024747021961957216,0.032997872680425644,0.032997872680425644,1.0,-3.0,success
1675,0.25795817375183105,-3.072551727294922,-0.00024752275203354657,0.033000871539115906,0.03300086781382561,1.0,-3.0,success
1676,0.2580007314682007,-3.0714964866638184,-0.0002475758083164692,0.033003076910972595,0.033003076910972595,1.0,3.0,success
1677,0.25800058245658875,-3.0714962482452393,-0.00025258143432438374,0.0001566723658470437,8.786078979028389e-06,0.0,0.0,success
1678,0.25804173946380615,-3.070462226867676,-0.0002469457103870809,0.03233923390507698,0.03233875334262848,1.0,-3.0,success
1679,0.258042573928833,-3.070441246032715,-0.0002516809036023915,0.0006726476131007075,0.0006561694317497313,0.0,-3.0,success
1680,0.2580874562263489,-3.0694072246551514,-0.0002463191922288388,0.0323440246284008,0.03234359249472618,1.0,3.0,success
1681,0.25813010334968567,-3.068352222442627,-0.00024630152620375156,0.032995741814374924,0.032995741814374924,1.0,3.0,success
1682,0.25817030668258667,-3.0672969818115234,-0.00024657431640662253,0.033000193536281586,0.03300018981099129,1.0,3.0,success
1683,0.2582080662250519,-3.066241502761841,-0.0002468065940774977,0.033004820346832275,0.033004820346832275,1.0,3.0,success
1684,0.25824347138404846,-3.0651862621307373,-0.0002469931496307254,0.0329948253929615,0.0329948253929615,1.0,3.0,success
1685,0.2582765221595764,-3.0641307830810547,-0.0002471424813847989,0.03299988433718681,0.032999880611896515,1.0,3.0,success
1686,0.25830793380737305,-3.063075065612793,-0.0002472510386724025,0.03300577029585838,0.03300577029585838,1.0,-3.0,success
1687,0.2583412230014801,-3.0620195865631104,-0.00024735828628763556,0.033000119030475616,0.033000119030475616,1.0,3.0,success
1688,0.2583721876144409,-3.0609641075134277,-0.0002474348002579063,0.03299790993332863,0.03299790993332863,1.0,3.0,success
1689,0.2584007680416107,-3.059908390045166,-0.0002474956272635609,0.03300325945019722,0.03300325945019722,1.0,3.0,success
1690,0.2584277093410492,-3.0588529109954834,-0.0002475334913469851,0.03299446031451225,0.03299446031451225,1.0,-3.0,success
1691,0.258457213640213,-3.0577971935272217,-0.0002475731889717281,0.03300405293703079,0.03300405293703079,1.0,-3.0,success
1692,0.25848931074142456,-3.056741714477539,-0.0002476056106388569,0.03299896419048309,0.03299896419048309,1.0,-3.0,success
1693,0.2585238814353943,-3.0556862354278564,-0.00024763180408626795,0.033001407980918884,0.033001404255628586,1.0,-3.0,success
1694,0.2585602402687073,-3.054630994796753,-0.00024766288697719574,0.032995838671922684,0.032995838671922684,1.0,3.0,success
1695,0.2585947513580322,-3.0535755157470703,-0.00024766812566667795,0.03300134465098381,0.03300134465098381,1.0,-3.0,success
1696,0.25859442353248596,-3.0535542964935303,-0.0002525736053939909,0.0006806676974520087,0.0006631807773374021,0.0,3.0,success
1697,0.25862908363342285,-3.0525200366973877,-0.00024702653172425926,0.032339226454496384,0.032338760793209076,1.0,-3.0,success
1698,0.2586654722690582,-3.051464796066284,-0.0002468783059157431,0.03299586847424507,0.03299586847424507,1.0,3.0,success
1699,0.25869935750961304,-3.0504093170166016,-0.00024703569943085313,0.03300071135163307,0.03300071135163307,1.0,3.0,success
1700,0.258698970079422,-3.0503880977630615,-0.0002520574489608407,0.0006815257365815341,0.0006632121512666345,0.0,3.0,success
1701,0.2587277591228485,-3.04935359954834,-0.0002466240548528731,0.03234102949500084,0.032340582460165024,1.0,3.0,success
1702,0.2587539255619049,-3.0482981204986572,-0.0002465456782374531,0.032993853092193604,0.032993853092193604,1.0,3.0,success
1703,0.2587776780128479,-3.0472421646118164,-0.0002467696904204786,0.03300696611404419,0.03300696611404419,1.0,3.0,success
1704,0.2587990164756775,-3.0461864471435547,-0.00024696291075088084,0.03299790620803833,0.03299790620803833,1.0,3.0,success
1705,0.25881871581077576,-3.045130729675293,-0.00024710746947675943,0.03299691528081894,0.03299691155552864,1.0,-3.0,success
1706,0.25884100794792175,-3.044074773788452,-0.000247232528636232,0.0330059714615345,0.0330059714615345,1.0,-3.0,success
1707,0.2588651180267334,-3.0430190563201904,-0.00024734376347623765,0.03299977257847786,0.03299977257847786,1.0,3.0,success
1708,0.25888755917549133,-3.0419633388519287,-0.00024741276865825057,0.03299862518906593,0.03299862518906593,1.0,-3.0,success
1709,0.25891175866127014,-3.040907621383667,-0.000247487478191033,0.03299983590841293,0.03299983590841293,1.0,3.0,success
1710,0.25893351435661316,-3.0398519039154053,-0.00024753782781772316,0.03299817070364952,0.03299817070364952,1.0,3.0,success
1711,0.2589528262615204,-3.0387959480285645,-0.0002475778164807707,0.03300413861870766,0.03300413489341736,1.0,3.0,success
1712,0.2589697539806366,-3.0377402305603027,-0.00024760985979810357,0.03299541026353836,0.03299540653824806,1.0,3.0,success
1713,0.2589842975139618,-3.036684274673462,-0.0002476355875842273,0.033001746982336044,0.033001746982336044,1.0,3.0,success
1714,0.25899648666381836,-3.035628318786621,-0.00024765622220002115,0.03300081565976143,0.03300081565976143,1.0,3.0,success
1715,0.2590063512325287,-3.0345723628997803,-0.00024767278227955103,0.03300005942583084,0.03300005942583084,1.0,3.0,success
1716,0.2590138912200928,-3.0335164070129395,-0.0002476860536262393,0.03299945965409279,0.03299945965409279,1.0,3.0,success
1717,0.2590198218822479,-3.0324604511260986,-0.0002476857043802738,0.03299913927912712,0.03299913927912712,1.0,-3.0,success
1718,0.2590276896953583,-3.031404495239258,-0.0002477059024386108,0.032999537885189056,0.03299953415989876,1.0,3.0,success
1719,0.2590338885784149,-3.030348539352417,-0.00024770217714831233,0.032999187707901,0.032999187707901,1.0,-3.0,success
1720,0.25904199481010437,-3.029292583465576,-0.0002477190282661468,0.032999590039253235,0.032999590039253235,1.0,3.0,success
1721,0.2590477168560028,-3.0282363891601562,-0.0002477231901139021,0.03300655260682106,0.03300655260682106,1.0,3.0,success
1722,0.25905171036720276,-3.0271804332733154,-0.0002477155940141529,0.03299885615706444,0.03299885615706444,1.0,-3.0,success
1723,0.259051114320755,-3.0271592140197754,-0.00025261149858124554,0.0006807781173847616,0.0006633632001467049,0.0,3.0,success
1724,0.2590545415878296,-3.0261244773864746,-0.00024706817930564284,0.03233615681529045,0.03233569487929344,1.0,3.0,success
1725,0.2590559720993042,-3.025068521499634,-0.00024689047131687403,0.032998647540807724,0.032998647540807724,1.0,-3.0,success
1726,0.25905993580818176,-3.024012565612793,-0.00024704448878765106,0.03299885243177414,0.03299885243177414,1.0,-3.0,success
1727,0.2590664029121399,-3.022956609725952,-0.00024718226632103324,0.03299923986196518,0.03299923986196518,1.0,-3.0,success
1728,0.2590746283531189,-3.0219006538391113,-0.0002473033673595637,0.03299961984157562,0.03299961984157562,1.0,3.0,success
1729,0.25908035039901733,-3.0208446979522705,-0.00024739038781262934,0.032999102026224136,0.032999102026224136,1.0,3.0,success
1730,0.2590842843055725,-3.0197885036468506,-0.00024744964321143925,0.033006299287080765,0.033006299287080765,1.0,-3.0,success
1731,0.2590906620025635,-3.0187325477600098,-0.0002475065703038126,0.03299922123551369,0.03299922123551369,1.0,-3.0,success
1732,0.259091317653656,-3.018711566925049,-0.00025243338313885033,0.0006737971561960876,0.0006559711182489991,0.0,-3.0,success
1733,0.25910189747810364,-3.017676830291748,-0.0002469363098498434,0.03233766555786133,0.032337211072444916,1.0,3.0,success
1734,0.259109765291214,-3.0166208744049072,-0.00024679562193341553,0.032999537885189056,0.03299953415989876,1.0,3.0,success
1735,0.2591158449649811,-3.0155646800994873,-0.0002469592436682433,0.033006615936756134,0.033006615936756134,1.0,-3.0,success
1736,0.25912371277809143,-3.0145087242126465,-0.0002471239713486284,0.032999537885189056,0.03299953415989876,1.0,3.0,success
1737,0.25912314653396606,-3.0144875049591064,-0.00025212913169525564,0.0006815287051722407,0.0006633377051912248,0.0,3.0,success
1738,0.25912609696388245,-3.0134527683258057,-0.00024668165133334696,0.032336097210645676,0.03233565017580986,1.0,3.0,success
1739,0.25912636518478394,-3.012396812438965,-0.0002465916913934052,0.032998621463775635,0.032998621463775635,1.0,3.0,success
1740,0.25912418961524963,-3.011340856552124,-0.00024680650676600635,0.03299868851900101,0.03299868851900101,1.0,3.0,success
1741,0.25912392139434814,-3.011319637298584,-0.00025186280254274607,0.0006817191024310887,0.000663154642097652,0.0,-3.0,success
1742,0.25912198424339294,-3.010284900665283,-0.0002464794961269945,0.03233601152896881,0.03233557567000389,1.0,3.0,success
1743,0.25912168622016907,-3.010263681411743,-0.0002513016515877098,0.0006800725823268294,0.0006631670403294265,0.0,-3.0,success
1744,0.2591197192668915,-3.0092289447784424,-0.00024601584300398827,0.03233599662780762,0.03233557567000389,1.0,3.0,success
1745,0.25911515951156616,-3.0081727504730225,-0.0002460592659190297,0.03300638124346733,0.03300638124346733,1.0,3.0,success
1746,0.2591082751750946,-3.0071167945861816,-0.0002463808632455766,0.032999321818351746,0.032999321818351746,1.0,3.0,success
1747,0.2590997517108917,-3.006060838699341,-0.00024664122611284256,0.03299969807267189,0.03299969434738159,1.0,-3.0,success
1748,0.2590938210487366,-3.0050048828125,-0.00024685959215275943,0.03299913927912712,0.03299913927912712,1.0,-3.0,success
1749,0.25909048318862915,-3.003948926925659,-0.00024703494273126125,0.03299878537654877,0.03299878537654877,1.0,-3.0,success
1750,0.2590889632701874,-3.0028929710388184,-0.0002471856714691967,0.03299865126609802,0.03299865126609802,1.0,3.0,success
1751,0.2590884864330292,-3.0028717517852783,-0.00025217837537638843,0.0006813726504333317,0.0006632690201513469,0.0,3.0,success
1752,0.25908198952674866,-3.0018370151519775,-0.00024672108702361584,0.032336607575416565,0.03233615309000015,1.0,3.0,success
1753,0.25908130407333374,-3.0018157958984375,-0.0002515055239200592,0.0006800860282965004,0.0006634475430473685,0.0,3.0,success
1754,0.25906962156295776,-3.0007810592651367,-0.000246168056037277,0.032338012009859085,0.032337576150894165,1.0,3.0,success
1755,0.2590687870979309,-3.0007598400115967,-0.00025106282555498183,0.0006810147315263748,0.0006636141915805638,0.0,3.0,success
1756,0.25905275344848633,-2.999725103378296,-0.0002458025992382318,0.03233981877565384,0.03233940154314041,1.0,-3.0,success
1757,0.2590394616127014,-2.998669147491455,-0.00024588825181126595,0.03300123289227486,0.03300123289227486,1.0,-3.0,success
1758,0.25902795791625977,-2.9976131916046143,-0.00024625391233712435,0.03300057724118233,0.03300057724118233,1.0,3.0,success
1759,0.25901469588279724,-2.9965572357177734,-0.0002465405559632927,0.03300122544169426,0.03300122171640396,1.0,-3.0,success
1760,0.2590031623840332,-2.9955012798309326,-0.0002467898593749851,0.03300058841705322,0.03300058841705322,1.0,3.0,success
1761,0.2589891850948334,-2.994445323944092,-0.00024697984918020666,0.03300151228904724,0.03300150856375694,1.0,3.0,success
1762,0.258972704410553,-2.99338960647583,-0.0002471315092407167,0.03299519047141075,0.03299519047141075,1.0,3.0,success
1763,0.2589538097381592,-2.9923336505889893,-0.00024725290131755173,0.033003903925418854,0.033003903925418854,1.0,3.0,success
1764,0.25893256068229675,-2.9912779331207275,-0.00024735007900744677,0.03299785405397415,0.03299785405397415,1.0,3.0,success
1765,0.2589096128940582,-2.990222215652466,-0.0002474171342328191,0.032998960465192795,0.032998960465192795,1.0,-3.0,success
1766,0.25888922810554504,-2.989166259765625,-0.0002474802022334188,0.0330047681927681,0.0330047681927681,1.0,-3.0,success
1767,0.2588707506656647,-2.9881105422973633,-0.00024754178593866527,0.032996222376823425,0.032996222376823425,1.0,3.0,success
1768,0.25885048508644104,-2.9870548248291016,-0.0002475711517035961,0.0329972468316555,0.032997243106365204,1.0,-3.0,success
1769,0.25883203744888306,-2.9859988689422607,-0.00024761410895735025,0.03300365433096886,0.03300365433096886,1.0,3.0,success
1770,0.25881117582321167,-2.984943151473999,-0.0002476391091477126,0.03299760818481445,0.03299760818481445,1.0,3.0,success
1771,0.258810430765152,-2.984921932220459,-0.00025254060165025294,0.0006809606566093862,0.0006635102909058332,0.0,3.0,success
1772,0.25880980491638184,-2.984921932220459,-0.0002518940600566566,2.811983722494915e-05,1.9557772247935645e-05,0.0,3.0,success
1773,0.2587818205356598,-2.9838874340057373,-0.0002461934636812657,0.03234038129448891,0.03233988955616951,1.0,3.0,success
1774,0.25875115394592285,-2.9828319549560547,-0.0002461866824887693,0.03299763798713684,0.03299763798713684,1.0,3.0,success
1775,0.2587181031703949,-2.981776475906372,-0.00024648188264109194,0.03299988433718681,0.032999880611896515,1.0,3.0,success
1776,0.25871703028678894,-2.981755256652832,-0.0002516150416340679,0.0006830517086200416,0.0006639487110078335,0.0,3.0,success
1777,0.2586793303489685,-2.9807212352752686,-0.0002462704142089933,0.032335065305233,0.03233463317155838,1.0,3.0,success
1778,0.25867924094200134,-2.9807000160217285,-0.0002511342172510922,0.0006803041324019432,0.000663107552099973,0.0,-3.0,success
1779,0.25864121317863464,-2.979665994644165,-0.0002458815579302609,0.03233542665839195,0.032335009425878525,1.0,3.0,success
1780,0.25860077142715454,-2.9786107540130615,-0.0002459520474076271,0.03300047665834427,0.03300047665834427,1.0,3.0,success
1781,0.2585586905479431,-2.977555513381958,-0.00024628432583995163,0.03300248086452484,0.03300247713923454,1.0,-3.0,success
1782,0.25855758786201477,-2.977534294128418,-0.00025146681582555175,0.0006834617233835161,0.0006639964412897825,0.0,3.0,success
1783,0.2585153877735138,-2.9764792919158936,-0.0002460495161358267,0.032995615154504776,0.032995183020830154,1.0,0.0,success
1784,0.25847285985946655,-2.975424289703369,-0.0002461850526742637,0.032995592802762985,0.032995592802762985,1.0,3.0,success
1785,0.2584279179573059,-2.9743690490722656,-0.00024648563703522086,0.03300616145133972,0.03300616145133972,1.0,3.0,success
1786,0.25838059186935425,-2.9733142852783203,-0.00024673592997714877,0.032994531095027924,0.032994531095027924,1.0,3.0,success
1787,0.2583308815956116,-2.972259283065796,-0.0002469367173034698,0.03300539404153824,0.03300539404153824,1.0,3.0,success
1788,0.25827884674072266,-2.9712045192718506,-0.0002470973413437605,0.033001452684402466,0.033001452684402466,1.0,3.0,success
1789,0.2582244575023651,-2.9701499938964844,-0.0002472258638590574,0.03299771621823311,0.03299771621823311,1.0,3.0,success
1790,0.2581677734851837,-2.969095468521118,-0.00024732868769206107,0.03300148993730545,0.03300148993730545,1.0,3.0,success
1791,0.25810879468917847,-2.968041181564331,-0.00024741096422076225,0.0329979807138443,0.0329979807138443,1.0,3.0,success
1792,0.25804752111434937,-2.966986894607544,-0.00024747676798142493,0.033002059906721115,0.033002059906721115,1.0,3.0,success
1793,0.2579839527606964,-2.965932846069336,-0.00024752941681072116,0.032998859882354736,0.032998859882354736,1.0,3.0,success
1794,0.25791844725608826,-2.964878797531128,-0.0002475657965987921,0.03300256282091141,0.03300256282091141,1.0,0.0,success
1795,0.25785350799560547,-2.96382474899292,-0.00024759481311775744,0.03300146758556366,0.03300146758556366,1.0,-3.0,success
1796,0.2577904760837555,-2.962770700454712,-0.00024763340479694307,0.03299785777926445,0.03299785777926445,1.0,3.0,success
1797,0.2577899098396301,-2.962770462036133,-0.0002526275347918272,0.0001572431210661307,1.9199706002837047e-05,0.0,0.0,success
1798,0.25778913497924805,-2.962770462036133,-0.00025187741266563535,3.3702101063681766e-05,2.4214385121013038e-05,0.0,3.0,success
1799,0.25772228837013245,-2.961737871170044,-0.0002461762342136353,0.03233649581670761,0.032336004078388214,1.0,3.0,success
1800,0.2577206790447235,-2.961716890335083,-0.00025105560780502856,0.0006750243483111262,0.0006575770094059408,0.0,3.0,success
1801,0.2576489746570587,-2.9606845378875732,-0.00024580711033195257,0.032339151948690414,0.032338738441467285,1.0,3.0,success
1802,0.25757378339767456,-2.9596312046051025,-0.0002458918606862426,0.03300042450428009,0.03300042450428009,1.0,3.0,success
1803,0.2574962377548218,-2.958577871322632,-0.0002462469565216452,0.03300574794411659,0.033005744218826294,1.0,3.0,success
1804,0.25741636753082275,-2.9575250148773193,-0.00024654503795318305,0.03299630060791969,0.03299630060791969,1.0,3.0,success
1805,0.2573341727256775,-2.956472158432007,-0.00024678418412804604,0.03300187364220619,0.03300187364220619,1.0,3.0,success
1806,0.2573319375514984,-2.956451177597046,-0.0002518577384762466,0.0006781554548069835,0.0006593612488359213,0.0,3.0,success
1807,0.2572461664676666,-2.9554197788238525,-0.0002464645658619702,0.032342907041311264,0.032342467457056046,1.0,3.0,success
1808,0.25715747475624084,-2.9543676376342773,-0.00024640775518491864,0.03299602121114731,0.03299602121114731,1.0,-3.0,success
1809,0.2570713460445404,-2.953315019607544,-0.0002466581354383379,0.033004239201545715,0.033004239201545715,1.0,-3.0,success
1810,0.256987065076828,-2.9522624015808105,-0.0002468836901243776,0.03299958258867264,0.03299958258867264,1.0,3.0,success
1811,0.2569011151790619,-2.9512100219726562,-0.00024704477982595563,0.03299636021256447,0.03299636021256447,1.0,-3.0,success
1812,0.25681695342063904,-2.950157403945923,-0.0002471931802574545,0.03299928456544876,0.03299928456544876,1.0,3.0,success
1813,0.25673067569732666,-2.9491047859191895,-0.0002472973137628287,0.03300462290644646,0.03300462290644646,1.0,0.0,success
1814,0.2566441297531128,-2.948052406311035,-0.00024739099899306893,0.03299788385629654,0.03299788013100624,1.0,3.0,success
1815,0.25655514001846313,-2.947000026702881,-0.000247460586251691,0.03300422802567482,0.03300422802567482,1.0,3.0,success
1816,0.25646376609802246,-2.9459481239318848,-0.0002475161454640329,0.03299574553966522,0.03299574553966522,1.0,3.0,success
1817,0.25637003779411316,-2.9448962211608887,-0.00024756064522080123,0.03300219774246216,0.03300219774246216,1.0,3.0,success
1818,0.25627392530441284,-2.9438445568084717,-0.0002475963265169412,0.03300147131085396,0.03300147131085396,1.0,3.0,success
1819,0.2561762034893036,-2.942793130874634,-0.0002476139343343675,0.032998666167259216,0.032998666167259216,1.0,-3.0,success
1820,0.25608107447624207,-2.941741466522217,-0.000247637479333207,0.03299868851900101,0.03299868479371071,1.0,-3.0,success
1821,0.25607922673225403,-2.9417202472686768,-0.000252549652941525,0.0006830826168879867,0.0006656109471805394,0.0,3.0,success
1822,0.2560794949531555,-2.9417202472686768,-0.0002518914989195764,2.2209698727237992e-05,8.381903171539307e-06,0.0,-3.0,success
1823,0.25598469376564026,-2.9406895637512207,-0.00024620004114694893,0.032345306128263474,0.032344818115234375,1.0,3.0,success
1824,0.25588852167129517,-2.939638137817383,-0.0002461935218889266,0.03299422189593315,0.03299422189593315,1.0,3.0,success
1825,0.25578996539115906,-2.938586711883545,-0.00024648738326504827,0.033001091331243515,0.033001091331243515,1.0,3.0,success
1826,0.25579118728637695,-2.938565492630005,-0.0002516091917641461,0.000683212885633111,0.0006642001681029797,0.0,-3.0,success
1827,0.2557903528213501,-2.938565731048584,-0.0002511585771571845,3.055842171306722e-05,2.712052082642913e-05,0.0,3.0,success
1828,0.255691260099411,-2.937535524368286,-0.00024560533347539604,0.03234300762414932,0.032342541962862015,1.0,3.0,success
1829,0.2555881142616272,-2.9364845752716064,-0.00024571671383455396,0.032999955117702484,0.032999955117702484,1.0,3.0,success
1830,0.25548258423805237,-2.935433864593506,-0.00024610618129372597,0.032999902963638306,0.03299989923834801,1.0,3.0,success
1831,0.2554837167263031,-2.935412883758545,-0.0002513045910745859,0.0006764028803445399,0.000656605523545295,0.0,-3.0,success
1832,0.25537699460983276,-2.9343831539154053,-0.0002460296673234552,0.03235183656215668,0.03235141932964325,1.0,3.0,success
1833,0.2552698850631714,-2.933332681655884,-0.00024606185615994036,0.032997459173202515,0.032997459173202515,1.0,-3.0,success
1834,0.255267471075058,-2.933311700820923,-0.0002512752544134855,0.0006797878886573017,0.0006599765620194376,0.0,3.0,success
1835,0.25516149401664734,-2.9322822093963623,-0.00024599788594059646,0.03234203904867172,0.0323416143655777,1.0,3.0,success
1836,0.2550518810749054,-2.93123197555542,-0.00024603470228612423,0.03299807384610176,0.03299807384610176,1.0,-3.0,success
1837,0.2549440860748291,-2.9301815032958984,-0.0002463707351125777,0.03299964219331741,0.032999638468027115,1.0,3.0,success
1838,0.2548338770866394,-2.929131269454956,-0.0002466441655997187,0.03300001844763756,0.03300001844763756,1.0,3.0,success
1839,0.2547212839126587,-2.9280812740325928,-0.0002468632301315665,0.03300046548247337,0.03300046548247337,1.0,3.0,success
1840,0.25460633635520935,-2.9270315170288086,-0.00024703852250240743,0.03300098329782486,0.03300098329782486,1.0,3.0,success
1841,0.2544897496700287,-2.9259819984436035,-0.00024716791813261807,0.0329991951584816,0.0329991951584816,1.0,-3.0,success
1842,0.25437501072883606,-2.9249322414398193,-0.0002472918131388724,0.03300027549266815,0.03300027549266815,1.0,3.0,success
1843,0.2542586326599121,-2.923882484436035,-0.00024737106286920607,0.03300588205456734,0.03300588205456734,1.0,-3.0,success
1844,0.2541447579860687,-2.922832727432251,-0.0002474435023032129,0.03299735486507416,0.03299735486507416,1.0,-3.0,success
1845,0.254032701253891,-2.9217827320098877,-0.00024751239106990397,0.03299868106842041,0.03299868106842041,1.0,3.0,success
1846,0.25391891598701477,-2.9207327365875244,-0.000247547694016248,0.033004458993673325,0.033004458993673325,1.0,-3.0,success
1847,0.2538068890571594,-2.919682741165161,-0.0002475953078828752,0.03299858421087265,0.03299858421087265,1.0,3.0,success
1848,0.2536924183368683,-2.918632984161377,-0.000247624033363536,0.03299936652183533,0.03299936652183533,1.0,3.0,success
1849,0.25357550382614136,-2.917583465576172,-0.0002476467052474618,0.03300033137202263,0.03300033137202263,1.0,3.0,success
1850,0.253456175327301,-2.916534185409546,-0.0002476649824529886,0.033001359552145004,0.033001359552145004,1.0,3.0,success
1851,0.25333449244499207,-2.915485382080078,-0.0002476796798873693,0.03299495205283165,0.03299495205283165,1.0,3.0,success
1852,0.2532111704349518,-2.9144365787506104,-0.00024768064031377435,0.033000897616147995,0.033000897616147995,1.0,-3.0,success
1853,0.25308969616889954,-2.9133875370025635,-0.00024770182790234685,0.0330016054213047,0.0330016054213047,1.0,3.0,success
1854,0.25308698415756226,-2.9133665561676025,-0.00025259159156121314,0.0006785354344174266,0.0006611058488488197,0.0,3.0,success
1855,0.25296270847320557,-2.912339210510254,-0.0002470513281878084,0.03233905881643295,0.032338593155145645,1.0,3.0,success
1856,0.25283384323120117,-2.9112911224365234,-0.00024688782286830246,0.032999392598867416,0.032999392598867416,1.0,3.0,success
1857,0.25270262360572815,-2.910243272781372,-0.00024704349925741553,0.03300105780363083,0.03300105407834053,1.0,3.0,success
1858,0.2525690793991089,-2.9091956615448,-0.00024718206259422004,0.03300277143716812,0.03300277143716812,1.0,3.0,success
1859,0.2524332106113434,-2.9081485271453857,-0.00024729364668019116,0.0329972580075264,0.0329972580075264,1.0,3.0,success
1860,0.25229576230049133,-2.9071013927459717,-0.00024737181956879795,0.03300364315509796,0.03300364315509796,1.0,-3.0,success
1861,0.2521602213382721,-2.9060542583465576,-0.0002474549401085824,0.03299594298005104,0.03299594298005104,1.0,3.0,success
1862,0.25202304124832153,-2.9050071239471436,-0.0002475014189258218,0.03300255537033081,0.03300255537033081,1.0,-3.0,success
1863,0.251887708902359,-2.9039599895477295,-0.00024755849153734744,0.03299510478973389,0.03299510478973389,1.0,3.0,success
1864,0.25175002217292786,-2.9029128551483154,-0.0002475948422215879,0.03300461545586586,0.03300461545586586,1.0,3.0,success
1865,0.2516099512577057,-2.9018661975860596,-0.00024762359680607915,0.03299964219331741,0.03299964219331741,1.0,3.0,success
1866,0.2514675259590149,-2.900819778442383,-0.0002476466470398009,0.0330020971596241,0.0330020971596241,1.0,3.0,success
1867,0.2513234615325928,-2.8997738361358643,-0.0002476541849318892,0.032994285225868225,0.032994285225868225,1.0,-3.0,success
1868,0.25118130445480347,-2.8987274169921875,-0.00024768069852143526,0.033000968396663666,0.033000968396663666,1.0,3.0,success
1869,0.25103679299354553,-2.89768123626709,-0.000247692660195753,0.03300357609987259,0.03300357609987259,1.0,3.0,success
1870,0.25088992714881897,-2.8966355323791504,-0.00024770188611000776,0.03299896419048309,0.03299896419048309,1.0,3.0,success
1871,0.2508865296840668,-2.8966147899627686,-0.00025259144604206085,0.0006743764388374984,0.0006568379467353225,0.0,3.0,success
1872,0.25073736906051636,-2.8955905437469482,-0.0002470511826686561,0.03234578296542168,0.03234532102942467,1.0,3.0,success
1873,0.25073662400245667,-2.895590305328369,-0.00025186099810525775,0.00015228171832859516,2.4446108000120148e-05,0.0,0.0,success
1874,0.25058507919311523,-2.894566774368286,-0.00024636590387672186,0.03233448415994644,0.03233402967453003,1.0,3.0,success
1875,0.2504284679889679,-2.893522262573242,-0.0002463353448547423,0.03300585597753525,0.03300585597753525,1.0,3.0,success
1876,0.2502695322036743,-2.8924784660339355,-0.00024660155759193003,0.03299460932612419,0.03299460560083389,1.0,3.0,success
1877,0.2501083016395569,-2.891434669494629,-0.00024682871298864484,0.0330054797232151,0.0330054797232151,1.0,3.0,success
1878,0.2501043975353241,-2.891413927078247,-0.00025189356529153883,0.0006783067947253585,0.0006595822051167488,0.0,3.0,success
1879,0.24994131922721863,-2.8903920650482178,-0.0002464928838890046,0.03233771771192551,0.03233727812767029,1.0,3.0,success
1880,0.24977293610572815,-2.8893494606018066,-0.0002464416029397398,0.033003564924001694,0.033003564924001694,1.0,3.0,success
1881,0.24960225820541382,-2.8883073329925537,-0.0002466868609189987,0.033000364899635315,0.033000364899635315,1.0,3.0,success
1882,0.24942930042743683,-2.887265682220459,-0.0002468970196787268,0.0329972542822361,0.0329972542822361,1.0,3.0,success
1883,0.24942511320114136,-2.887244939804077,-0.0002519482222851366,0.0006798547110520303,0.000661275873426348,0.0,3.0,success
1884,0.24925056099891663,-2.8862247467041016,-0.0002465366560500115,0.0323447547852993,0.03234431520104408,1.0,3.0,success
1885,0.24907121062278748,-2.8851842880249023,-0.00024646552628837526,0.032993853092193604,0.032993853092193604,1.0,-3.0,success
1886,0.24889372289180756,-2.884143114089966,-0.00024671544088050723,0.03300604969263077,0.03300604969263077,1.0,3.0,success
1887,0.2487139254808426,-2.8831026554107666,-0.0002469200699124485,0.03299623355269432,0.03299622982740402,1.0,3.0,success
1888,0.24853180348873138,-2.8820624351501465,-0.0002470840699970722,0.033001337200403214,0.033001337200403214,1.0,3.0,success
1889,0.24834738671779633,-2.8810226917266846,-0.00024721529916860163,0.032999105751514435,0.032999105751514435,1.0,3.0,success
1890,0.24816136062145233,-2.8799831867218018,-0.0002473091590218246,0.03300059586763382,0.03300059586763382,1.0,-3.0,success
1891,0.24797721207141876,-2.8789432048797607,-0.0002474048233125359,0.03300498425960541,0.03300498425960541,1.0,3.0,success
1892,0.24779143929481506,-2.877903699874878,-0.0002474613720551133,0.032999202609062195,0.032999202609062195,1.0,-3.0,success
1893,0.2476074993610382,-2.876863956451416,-0.00024752644822001457,0.03299650922417641,0.03299650922417641,1.0,3.0,success
1894,0.24742121994495392,-2.875824451446533,-0.00024756923085078597,0.03300199285149574,0.03300199285149574,1.0,3.0,success
1895,0.2472325712442398,-2.8747854232788086,-0.0002476031077094376,0.03300046920776367,0.03300046920776367,1.0,3.0,success
1896,0.24704158306121826,-2.873746871948242,-0.0002476302906870842,0.0329989530146122,0.0329989530146122,1.0,3.0,success
1897,0.24684828519821167,-2.872708797454834,-0.0002476520894560963,0.032997433096170425,0.032997433096170425,1.0,3.0,success
1898,0.24665269255638123,-2.871670961380005,-0.00024766960996203125,0.0330033153295517,0.0330033153295517,1.0,3.0,success
1899,0.24645483493804932,-2.870633602142334,-0.0002476836380083114,0.033001858741045,0.033001858741045,1.0,3.0,success
1900,0.24625469744205475,-2.8695967197418213,-0.00024769490119069815,0.033000651746988297,0.033000651746988297,1.0,3.0,success
1901,0.24625003337860107,-2.8695762157440186,-0.0002525862364564091,0.0006746617145836353,0.0006571180419996381,0.0,3.0,success
1902,0.24604882299900055,-2.868561029434204,-0.0002470468753017485,0.03234215825796127,0.032341692596673965,1.0,3.0,success
1903,0.2458416223526001,-2.867525577545166,-0.0002468848251737654,0.03299935907125473,0.03299935907125473,1.0,3.0,success
1904,0.245632141828537,-2.866490602493286,-0.00024704134557396173,0.03299880400300026,0.03299880400300026,1.0,3.0,success
1905,0.24542111158370972,-2.8654558658599854,-0.00024716919870115817,0.03300114721059799,0.03300114721059799,1.0,-3.0,success
1906,0.24521195888519287,-2.8644206523895264,-0.00024729291908442974,0.03300407901406288,0.03300407901406288,1.0,3.0,success
1907,0.24500052630901337,-2.8633861541748047,-0.0002473826752975583,0.03299636021256447,0.03299636021256447,1.0,3.0,success
1908,0.24478679895401,-2.862351894378662,-0.00024745409609749913,0.03300350159406662,0.03300350159406662,1.0,3.0,success
1909,0.2445707768201828,-2.861318349838257,-0.00024751125602051616,0.03299620747566223,0.03299620747566223,1.0,3.0,success
1910,0.24435248970985413,-2.8602850437164307,-0.0002475570363458246,0.03300347179174423,0.03300347179174423,1.0,3.0,success
1911,0.244131937623024,-2.859252452850342,-0.0002475936780683696,0.03299631178379059,0.03299631178379059,1.0,3.0,success
1912,0.24390915036201477,-2.858220100402832,-0.00024762298562563956,0.03300369530916214,0.03300369530916214,1.0,3.0,success
1913,0.24368411302566528,-2.8571884632110596,-0.00024764647241681814,0.032996758818626404,0.032996758818626404,1.0,3.0,success
1914,0.24345754086971283,-2.856157064437866,-0.0002476538356859237,0.032999735325574875,0.032999735325574875,1.0,-3.0,success
1915,0.243232861161232,-2.8551251888275146,-0.0002476805238984525,0.03300165757536888,0.03300165757536888,1.0,3.0,success
1916,0.2430059164762497,-2.8540937900543213,-0.00024769268929958344,0.03300223499536514,0.03300223499536514,1.0,3.0,success
1917,0.24277736246585846,-2.853062868118286,-0.00024769100127741694,0.03299853205680847,0.03299853205680847,1.0,-3.0,success
1918,0.24255067110061646,-2.8520314693450928,-0.0002477101515978575,0.033000536262989044,0.033000536262989044,1.0,3.0,success
1919,0.2423216700553894,-2.8510005474090576,-0.00024771623429842293,0.03300156071782112,0.03300156071782112,1.0,3.0,success
1920,0.2420903444290161,-2.8499703407287598,-0.0002477207744959742,0.03299557790160179,0.03299557790160179,1.0,3.0,success
1921,0.24185672402381897,-2.848940372467041,-0.0002477244706824422,0.033004097640514374,0.033004097640514374,1.0,3.0,success
1922,0.24162152409553528,-2.8479108810424805,-0.00024771635071374476,0.03300052508711815,0.03300052508711815,1.0,-3.0,success
1923,0.24138817191123962,-2.846881151199341,-0.0002477304369676858,0.03299497812986374,0.03299497812986374,1.0,3.0,success
1924,0.24115252494812012,-2.8458516597747803,-0.00024773250333964825,0.03300363942980766,0.03300363942980766,1.0,3.0,success
1925,0.24114736914634705,-2.8458311557769775,-0.0002526161842979491,0.0006780936964787543,0.0006606963579542935,0.0,3.0,success
1926,0.2411472052335739,-2.8458313941955566,-0.00025194353656843305,2.288229370606132e-05,9.041506928042509e-06,0.0,-3.0,success
1927,0.24091336131095886,-2.844823122024536,-0.0002462424454279244,0.032345306128263474,0.032344818115234375,1.0,3.0,success
1928,0.24067279696464539,-2.843794822692871,-0.00024622713681310415,0.03300199285149574,0.033001989126205444,1.0,3.0,success
1929,0.24042992293834686,-2.8427672386169434,-0.00024651450803503394,0.032996758818626404,0.032996755093336105,1.0,3.0,success
1930,0.24018476903438568,-2.8417398929595947,-0.0002467590384185314,0.0330059677362442,0.0330059677362442,1.0,3.0,success
1931,0.23993735015392303,-2.8407135009765625,-0.00024695543106645346,0.03299349918961525,0.03299349546432495,1.0,3.0,success
1932,0.2396876960992813,-2.8396873474121094,-0.00024711256264708936,0.03300269693136215,0.033002693206071854,1.0,3.0,success
1933,0.23943579196929932,-2.8386616706848145,-0.000247238262090832,0.033004917204380035,0.033004917204380035,1.0,3.0,success
1934,0.23918235301971436,-2.837636709213257,-0.00024732740712352097,0.03299469128251076,0.03299469128251076,1.0,-3.0,success
1935,0.23893079161643982,-2.836611032485962,-0.0002474194625392556,0.03300236165523529,0.03300236165523529,1.0,3.0,success
1936,0.23867696523666382,-2.8355860710144043,-0.00024748389841988683,0.03299759700894356,0.03299759700894356,1.0,3.0,success
1937,0.23842085897922516,-2.834561586380005,-0.0002475350920576602,0.033000338822603226,0.033000338822603226,1.0,3.0,success
1938,0.23816250264644623,-2.8335375785827637,-0.00024757604114711285,0.03300301358103752,0.03300301358103752,1.0,3.0,success
1939,0.23790188133716583,-2.8325142860412598,-0.0002476088411640376,0.032998744398355484,0.032998744398355484,1.0,3.0,success
1940,0.23789666593074799,-2.832494020462036,-0.0002525053860154003,0.0006715990020893514,0.000653935014270246,0.0,-3.0,success
1941,0.23764090240001678,-2.831490993499756,-0.00024699230561964214,0.03234802559018135,0.03234756737947464,1.0,3.0,success
1942,0.23737883567810059,-2.83046817779541,-0.00024683077936060727,0.03299548476934433,0.03299548476934433,1.0,-3.0,success
1943,0.23711860179901123,-2.829444646835327,-0.0002470075851306319,0.03300297632813454,0.03300297632813454,1.0,3.0,success
1944,0.23685677349567413,-2.8284215927124023,-0.00024714291794225574,0.03300085291266441,0.03300085291266441,1.0,-3.0,success
1945,0.23685137927532196,-2.8284013271331787,-0.0002521543065086007,0.0006738019874319434,0.0006553500425070524,0.0,3.0,success
1946,0.2365938127040863,-2.8273990154266357,-0.00024670129641890526,0.032340336591005325,0.03233988583087921,1.0,3.0,success
1947,0.23632949590682983,-2.826376438140869,-0.000246597541263327,0.033005792647600174,0.033005792647600174,1.0,-3.0,success
1948,0.23632486164569855,-2.8263559341430664,-0.0002516918466426432,0.0006759268580935895,0.0006569121032953262,0.0,-3.0,success
1949,0.2360694855451584,-2.8253531455993652,-0.000246341252932325,0.032337792217731476,0.032337360084056854,1.0,3.0,success
1950,0.23580744862556458,-2.8243300914764404,-0.00024631022824905813,0.033002469688653946,0.033002469688653946,1.0,-3.0,success
1951,0.23554782569408417,-2.8233065605163574,-0.0002465805737301707,0.032998278737068176,0.03299827501177788,1.0,-3.0,success
1952,0.23528994619846344,-2.822282552719116,-0.00024682149523869157,0.032999373972415924,0.032999373972415924,1.0,3.0,success
1953,0.2350296527147293,-2.821259021759033,-0.0002470051113050431,0.033003438264131546,0.033003438264131546,1.0,3.0,success
1954,0.23502416908740997,-2.8212387561798096,-0.00025203428231179714,0.0006746355793438852,0.0006560742622241378,0.0,3.0,success
1955,0.23476402461528778,-2.820236921310425,-0.0002466048172209412,0.032346054911613464,0.03234561160206795,1.0,3.0,success
1956,0.23475828766822815,-2.820216655731201,-0.0002514137886464596,0.000675124698318541,0.000658186268992722,0.0,3.0,success
1957,0.23449401557445526,-2.819216012954712,-0.0002460821997374296,0.03234267607331276,0.032342247664928436,1.0,-3.0,success
1958,0.23422665894031525,-2.8181943893432617,-0.0002461230615153909,0.03300086036324501,0.03300086036324501,1.0,3.0,success
1959,0.2339569479227066,-2.817173480987549,-0.00024643208598718047,0.03299795836210251,0.03299795463681221,1.0,3.0,success
1960,0.23368556797504425,-2.816152811050415,-0.0002466823498252779,0.03300411254167557,0.03300411254167557,1.0,-3.0,success
1961,0.2334166318178177,-2.815131664276123,-0.00024689274141564965,0.032998982816934586,0.032998982816934586,1.0,-3.0,success
1962,0.23341138660907745,-2.8151113986968994,-0.0002519545960240066,0.0006730210152454674,0.0006541677284985781,0.0,3.0,success
1963,0.2331475466489792,-2.814110517501831,-0.00024653051514178514,0.0323464497923851,0.032346006482839584,1.0,-3.0,success
1964,0.23288121819496155,-2.8130886554718018,-0.0002464720164425671,0.032999951392412186,0.032999951392412186,1.0,-3.0,success
1965,0.23261655867099762,-2.8120663166046143,-0.0002467205631546676,0.03300126641988754,0.033001262694597244,1.0,3.0,success
1966,0.23261214792728424,-2.8120458126068115,-0.00025179548538289964,0.0006743221310898662,0.0006554076098836958,0.0,-3.0,success
1967,0.23235303163528442,-2.8110437393188477,-0.0002464132267050445,0.03234519809484482,0.0323447622358799,1.0,-3.0,success
1968,0.23209090530872345,-2.810020923614502,-0.00024638851755298674,0.03299594670534134,0.03299594670534134,1.0,3.0,success
1969,0.232085719704628,-2.810000419616699,-0.0002515270025469363,0.0006801513954997063,0.000660924066323787,0.0,3.0,success
1970,0.2318236529827118,-2.8089993000030518,-0.0002461978292558342,0.032339565455913544,0.03233913332223892,1.0,3.0,success
1971,0.23155398666858673,-2.807978391647339,-0.00024620513431727886,0.03299759700894356,0.03299759700894356,1.0,3.0,success
1972,0.23128193616867065,-2.806957960128784,-0.0002464973658788949,0.03300230950117111,0.033002305775880814,1.0,3.0,success
1973,0.23100826144218445,-2.8059380054473877,-0.0002467344456817955,0.03300102427601814,0.03300102427601814,1.0,-3.0,success
1974,0.23073634505271912,-2.804917573928833,-0.0002469450992066413,0.03300122916698456,0.03300122544169426,1.0,3.0,success
1975,0.23073123395442963,-2.8048970699310303,-0.0002519753761589527,0.0006788093596696854,0.0006603570654988289,0.0,-3.0,success
1976,0.2304643839597702,-2.8038971424102783,-0.00024656843743287027,0.03234175592660904,0.03234131634235382,1.0,3.0,success
1977,0.23019006848335266,-2.802877426147461,-0.0002465025463607162,0.03299902379512787,0.03299902379512787,1.0,3.0,success
1978,0.229914128780365,-2.8018581867218018,-0.00024672457948327065,0.03299786150455475,0.03299786150455475,1.0,-3.0,success
1979,0.22963997721672058,-2.8008382320404053,-0.0002469365135766566,0.033004891127347946,0.03300488740205765,1.0,3.0,success
1980,0.22963948547840118,-2.8008382320404053,-0.00025207040016539395,0.0001611682091606781,1.5366822481155396e-05,0.0,0.0,success
1981,0.22963947057724,-2.8008382320404053,-0.0002514211228117347,2.029525967373047e-05,4.6566125888602983e-07,0.0,-3.0,success
1982,0.2293703407049179,-2.7998387813568115,-0.0002458205563016236,0.03234584629535675,0.032345373183488846,1.0,3.0,success
1983,0.22909362614154816,-2.7988197803497314,-0.00024588938686065376,0.0329970084130764,0.0329970084130764,1.0,3.0,success
1984,0.22881458699703217,-2.7978012561798096,-0.0002462443080730736,0.03300175070762634,0.033001746982336044,1.0,3.0,success
1985,0.22853396832942963,-2.796783208847046,-0.00024653191212564707,0.033000461757183075,0.033000461757183075,1.0,-3.0,success
1986,0.22825515270233154,-2.795764684677124,-0.0002467831945978105,0.032999906688928604,0.032999902963638306,1.0,3.0,success
1987,0.2279740571975708,-2.7947468757629395,-0.000246974901529029,0.032997239381074905,0.032997239381074905,1.0,3.0,success
1988,0.227690652012825,-2.793729543685913,-0.00024712790036574006,0.03300217539072037,0.03300217539072037,1.0,3.0,success
1989,0.22740498185157776,-2.792712926864624,-0.0002472503110766411,0.03299972042441368,0.03299972042441368,1.0,3.0,success
1990,0.22739925980567932,-2.7926926612854004,-0.0002522187423892319,0.0006761280819773674,0.0006580596091225743,0.0,-3.0,success
1991,0.22711898386478424,-2.791696310043335,-0.00024676305474713445,0.03234488144516945,0.03234443441033363,1.0,3.0,success
1992,0.2268310934305191,-2.790680408477783,-0.00024665851378813386,0.03299705311655998,0.03299705311655998,1.0,3.0,success
1993,0.2265409678220749,-2.7896649837493896,-0.0002468603488523513,0.03300183638930321,0.03300183638930321,1.0,3.0,success
1994,0.2262486070394516,-2.7886502742767334,-0.00024703575763851404,0.032999616116285324,0.032999616116285324,1.0,3.0,success
1995,0.22624199092388153,-2.788630247116089,-0.00025205942802131176,0.0006775539950467646,0.0006591158453375101,0.0,3.0,success
1996,0.22624097764492035,-2.788630485534668,-0.0002515091036912054,3.679592191474512e-05,3.2529696909477934e-05,0.0,3.0,success
1997,0.2262401133775711,-2.788630723953247,-0.0002507695462554693,3.631925574154593e-05,2.8017178919981234e-05,0.0,3.0,success
1998,0.22594471275806427,-2.7876389026641846,-0.00024527855566702783,0.03234036639332771,0.0323399119079113,1.0,3.0,success
1999,0.22564128041267395,-2.7866275310516357,-0.0002454552159179002,0.03299715369939804,0.03299715369939804,1.0,3.0,success
2000,0.2256346195936203,-2.786607503890991,-0.0002507804601918906,0.0006802256102673709,0.0006595554295927286,0.0,3.0,success
2001,0.2253323495388031,-2.7856175899505615,-0.00024560082238167524,0.0323452353477478,0.03234483301639557,1.0,3.0,success
2002,0.22532621026039124,-2.785597562789917,-0.00025060042389668524,0.0006729815504513681,0.0006545945070683956,0.0,-3.0,success
2003,0.22502385079860687,-2.7846078872680664,-0.0002454529458191246,0.03233892470598221,0.032338522374629974,1.0,3.0,success
2004,0.22471338510513306,-2.7835984230041504,-0.00024560996098443866,0.03300400823354721,0.03300400823354721,1.0,3.0,success
2005,0.22440066933631897,-2.7825896739959717,-0.00024602178018540144,0.03300340101122856,0.03300339728593826,1.0,3.0,success
2006,0.2240857481956482,-2.7815818786621094,-0.00024636514717713,0.032995421439409256,0.032995421439409256,1.0,3.0,success
2007,0.22376860678195953,-2.7805745601654053,-0.00024664049851708114,0.03300197049975395,0.033001966774463654,1.0,3.0,success
2008,0.22344927489757538,-2.7795679569244385,-0.0002468607563059777,0.033001285046339035,0.033001285046339035,1.0,3.0,success
2009,0.22312776744365692,-2.778562068939209,-0.00024703695089556277,0.03300061449408531,0.03300061449408531,1.0,3.0,success
2010,0.22280408442020416,-2.777556896209717,-0.0002471778425388038,0.033000100404024124,0.033000100404024124,1.0,3.0,success
2011,0.2224782109260559,-2.776552438735962,-0.00024729056167416275,0.032999880611896515,0.032999880611896515,1.0,3.0,success
2012,0.2224714159965515,-2.7765328884124756,-0.0002522525901440531,0.0006651243893429637,0.0006467966013588011,0.0,-3.0,success
2013,0.22215279936790466,-2.775548219680786,-0.00024677583132870495,0.032342150807380676,0.032341696321964264,1.0,-3.0,success
2014,0.2218300849199295,-2.774542808532715,-0.0002466790028847754,0.03299792855978012,0.03299792855978012,1.0,3.0,success
2015,0.22150513529777527,-2.773538112640381,-0.00024687699624337256,0.03299807757139206,0.03299807384610176,1.0,3.0,success
2016,0.22117860615253448,-2.772533655166626,-0.00024703796952962875,0.0330062136054039,0.0330062136054039,1.0,-3.0,success
2017,0.22085385024547577,-2.771528959274292,-0.00024718785425648093,0.03299621492624283,0.03299621492624283,1.0,3.0,success
2018,0.2205274999141693,-2.770524501800537,-0.0002472879132255912,0.03300448879599571,0.03300448879599571,1.0,-3.0,success
2019,0.22020289301872253,-2.769519805908203,-0.00024738768115639687,0.03299478068947792,0.03299478068947792,1.0,3.0,success
2020,0.2198760062456131,-2.7685155868530273,-0.00024745819973759353,0.0330025851726532,0.0330025851726532,1.0,3.0,success
2021,0.2195468246936798,-2.767512321472168,-0.0002475142537150532,0.032996535301208496,0.032996535301208496,1.0,3.0,success
2022,0.21921536326408386,-2.766509532928467,-0.00024755921913310885,0.03300466760993004,0.03300466760993004,1.0,3.0,success
2023,0.21888233721256256,-2.765507459640503,-0.00024758424842730165,0.03299883008003235,0.03299883008003235,1.0,-3.0,success
2024,0.21855176985263824,-2.7645044326782227,-0.0002476137597113848,0.033002983778715134,0.033002983778715134,1.0,-3.0,success
2025,0.2182229608297348,-2.763500928878784,-0.00024764862610027194,0.03299998864531517,0.03299998864531517,1.0,3.0,success
2026,0.2178918421268463,-2.762498378753662,-0.00024766678689047694,0.03299423307180405,0.03299423307180405,1.0,3.0,success
2027,0.2175590842962265,-2.761496067047119,-0.0002476705121807754,0.03300326317548752,0.03300326317548752,1.0,-3.0,success
2028,0.21722805500030518,-2.760493278503418,-0.00024769362062215805,0.03300043195486069,0.03300043195486069,1.0,3.0,success
2029,0.21689540147781372,-2.759490966796875,-0.0002476924564689398,0.033002231270074844,0.033002231270074844,1.0,-3.0,success
2030,0.21656513214111328,-2.7584879398345947,-0.00024770069285295904,0.033000070601701736,0.033000070601701736,1.0,-3.0,success
2031,0.21623656153678894,-2.7574844360351562,-0.00024771798052825034,0.03299766778945923,0.03299766778945923,1.0,3.0,success
2032,0.2159062922000885,-2.756481409072876,-0.00024771213065832853,0.033000070601701736,0.033000070601701736,1.0,-3.0,success
2033,0.21557770669460297,-2.7554779052734375,-0.0002477267407812178,0.03299781307578087,0.03299781307578087,1.0,3.0,success
2034,0.2155710607767105,-2.755457878112793,-0.0002526115858927369,0.0006768471794202924,0.0006594085716642439,0.0,3.0,success
2035,0.21524403989315033,-2.7544760704040527,-0.0002470662584528327,0.03233914077281952,0.03233867511153221,1.0,3.0,success
2036,0.21523773670196533,-2.754456043243408,-0.00025177147472277284,0.0006723881815560162,0.0006561140762642026,0.0,-3.0,success
2037,0.21491128206253052,-2.753473997116089,-0.0002463787095621228,0.03234059736132622,0.032340157777071,1.0,-3.0,success
2038,0.21458040177822113,-2.7524709701538086,-0.00024636040325276554,0.03300604969263077,0.03300604969263077,1.0,3.0,success
2039,0.2142472118139267,-2.7514688968658447,-0.0002466218138579279,0.03300045058131218,0.03300044685602188,1.0,3.0,success
2040,0.21391169726848602,-2.7504677772521973,-0.0002468445454724133,0.032995183020830154,0.032995183020830154,1.0,3.0,success
2041,0.2135739028453827,-2.749467134475708,-0.00024702350492589176,0.03300376981496811,0.03300376981496811,1.0,3.0,success
2042,0.2132338434457779,-2.748467445373535,-0.00024716678308323026,0.03299826383590698,0.03299826383590698,1.0,3.0,success
2043,0.21322643756866455,-2.7484476566314697,-0.00025216423091478646,0.0006785034784115851,0.0006602861685678363,0.0,3.0,success
2044,0.21288834512233734,-2.747469425201416,-0.000246708543272689,0.03234447166323662,0.0323440246284008,1.0,3.0,success
2045,0.21288146078586578,-2.7474498748779297,-0.0002514862280804664,0.0006647040718235075,0.0006477192509919405,0.0,-3.0,success
2046,0.2125432938337326,-2.746471643447876,-0.0002461613912601024,0.032345209270715714,0.03234478458762169,1.0,3.0,success
2047,0.21219629049301147,-2.745474338531494,-0.00024617661256343126,0.032998405396938324,0.032998405396938324,1.0,3.0,success
2048,0.21184775233268738,-2.7444775104522705,-0.00024646378005854785,0.03300013393163681,0.03300013020634651,1.0,-3.0,success
2049,0.21150098741054535,-2.7434799671173096,-0.00024672801373526454,0.03300299495458603,0.03300299495458603,1.0,3.0,success
2050,0.21115267276763916,-2.742483139038086,-0.0002469200699124485,0.03299782797694206,0.03299782797694206,1.0,-3.0,success
2051,0.21080610156059265,-2.741485595703125,-0.00024709358694963157,0.03300100937485695,0.03300100937485695,1.0,3.0,success
2052,0.2104579359292984,-2.7404885292053223,-0.0002472125634085387,0.033003322780132294,0.033003322780132294,1.0,-3.0,success
2053,0.21011213958263397,-2.7394907474517822,-0.0002473168424330652,0.03300010785460472,0.03300010785460472,1.0,-3.0,success
2054,0.20976871252059937,-2.738492250442505,-0.0002474008942954242,0.03299707546830177,0.03299707546830177,1.0,-3.0,success
2055,0.209427610039711,-2.737492799758911,-0.000247468298766762,0.033001724630594254,0.033001724630594254,1.0,-3.0,success
2056,0.20908813178539276,-2.736492872238159,-0.00024753197794780135,0.03299947455525398,0.03299947455525398,1.0,3.0,success
2057,0.20874692499637604,-2.7354934215545654,-0.00024756352650001645,0.03300277516245842,0.03300277516245842,1.0,-3.0,success
2058,0.20840731263160706,-2.7344934940338135,-0.00024760779342614114,0.03300081938505173,0.03300081938505173,1.0,3.0,success
2059,0.20840053260326385,-2.734473705291748,-0.000252516329055652,0.0006714437622576952,0.0006536877481266856,0.0,3.0,success
2060,0.20806345343589783,-2.733494997024536,-0.0002469786850269884,0.03234824538230896,0.03234778344631195,1.0,-3.0,success
2061,0.20772162079811096,-2.7324960231781006,-0.0002468409948050976,0.03299500420689583,0.03299500420689583,1.0,3.0,success
2062,0.2077154517173767,-2.732475757598877,-0.0002518778492230922,0.000680447556078434,0.0006619921769015491,0.0,-3.0,success
2063,0.20738081634044647,-2.731496572494507,-0.00024647809914313257,0.03233753517270088,0.032337091863155365,1.0,-3.0,success
2064,0.20704156160354614,-2.730496406555176,-0.00024644049699418247,0.0330042839050293,0.0330042839050293,1.0,3.0,success
2065,0.20703472197055817,-2.7304766178131104,-0.00025156873743981123,0.000673634116537869,0.0006542938644997776,0.0,3.0,success
2066,0.2066972553730011,-2.7294981479644775,-0.0002462310076225549,0.032345112413167953,0.03234468773007393,1.0,3.0,success
2067,0.2063506841659546,-2.7285006046295166,-0.0002462318807374686,0.03300100937485695,0.03300100937485695,1.0,3.0,success
2068,0.20634399354457855,-2.728480815887451,-0.00025139012723229825,0.0006723952828906476,0.0006527875084429979,0.0,-3.0,success
2069,0.20600397884845734,-2.7275030612945557,-0.0002460991672705859,0.03235004097223282,0.03234962001442909,1.0,3.0,success
2070,0.20565567910671234,-2.726506233215332,-0.00024611674598418176,0.032997675240039825,0.032997675240039825,1.0,-3.0,success
2071,0.20530979335308075,-2.725508451461792,-0.00024642568314448,0.03300102427601814,0.03300102427601814,1.0,-3.0,success
2072,0.20496560633182526,-2.7245101928710938,-0.0002466976875439286,0.03299776092171669,0.03299776092171669,1.0,3.0,success
2073,0.2046191245317459,-2.723512649536133,-0.0002469062164891511,0.03300009295344353,0.03300009295344353,1.0,3.0,success
2074,0.20427031815052032,-2.722515821456909,-0.00024707274860702455,0.03300290182232857,0.03300289809703827,1.0,3.0,success
2075,0.20426350831985474,-2.7224960327148438,-0.00025207700673490763,0.0006724275881424546,0.000653990195132792,0.0,-3.0,success
2076,0.2039213478565216,-2.7215192317962646,-0.00024664949160069227,0.0323440246284008,0.032343581318855286,1.0,3.0,success
2077,0.2035708725452423,-2.7205231189727783,-0.0002465568541083485,0.032999079674482346,0.032999079674482346,1.0,-3.0,success
2078,0.2032221406698227,-2.7195262908935547,-0.00024678840418346226,0.033002130687236786,0.033002130687236786,1.0,3.0,success
2079,0.20321543514728546,-2.71950626373291,-0.00025184950209222734,0.0006786834564991295,0.0006599975749850273,0.0,-3.0,success
2080,0.20287421345710754,-2.718529224395752,-0.0002464556891936809,0.032341368496418,0.03234092891216278,1.0,-3.0,success
2081,0.2025289535522461,-2.717531204223633,-0.00024641232448630035,0.03300166502594948,0.03300166502594948,1.0,-3.0,success
2082,0.20218603312969208,-2.7165324687957764,-0.0002466629375703633,0.03299897536635399,0.03299897164106369,1.0,-3.0,success
2083,0.2018454372882843,-2.7155330181121826,-0.00024687746190465987,0.032996613532304764,0.032996613532304764,1.0,-3.0,success
2084,0.20150712132453918,-2.7145326137542725,-0.00024704987299628556,0.03300192952156067,0.03300192952156067,1.0,-3.0,success
2085,0.20117105543613434,-2.713531494140625,-0.00024718791246414185,0.03300065919756889,0.03300065919756889,1.0,-3.0,success
2086,0.20083656907081604,-2.7125298976898193,-0.0002473075583111495,0.03299911692738533,0.03299911692738533,1.0,3.0,success
2087,0.20083096623420715,-2.7125096321105957,-0.0002522657159715891,0.0006750786560587585,0.0006570571567863226,0.0,-3.0,success
2088,0.20050334930419922,-2.7115278244018555,-0.0002467894519213587,0.03234501928091049,0.03234456479549408,1.0,-3.0,success
2089,0.20017121732234955,-2.7105255126953125,-0.000246689363848418,0.03299710527062416,0.03299710527062416,1.0,3.0,success
2090,0.19983667135238647,-2.709523916244507,-0.0002468845632392913,0.032999709248542786,0.032999709248542786,1.0,3.0,success
2091,0.19949974119663239,-2.7085230350494385,-0.00024705438409000635,0.033002205193042755,0.03300220146775246,1.0,3.0,success
2092,0.1994933784008026,-2.708503007888794,-0.000252062309300527,0.0006750662578269839,0.0006566756637766957,0.0,-3.0,success
2093,0.19916276633739471,-2.70752215385437,-0.00024663773365318775,0.032346516847610474,0.03234607353806496,1.0,3.0,success
2094,0.19882403314113617,-2.706521987915039,-0.00024654754088260233,0.032999053597450256,0.032999053597450256,1.0,-3.0,success
2095,0.19848768413066864,-2.7055208683013916,-0.0002467702724970877,0.03300347551703453,0.03300347551703453,1.0,-3.0,success
2096,0.19848106801509857,-2.705501079559326,-0.00025185607955791056,0.0006711352616548538,0.000652045477181673,0.0,3.0,success
2097,0.19815121591091156,-2.7045199871063232,-0.0002464511780999601,0.03234599530696869,0.03234555572271347,1.0,-3.0,success
2098,0.19781677424907684,-2.7035183906555176,-0.00024641884374432266,0.03299867361783981,0.03299867361783981,1.0,3.0,success
2099,0.19748063385486603,-2.70251727104187,-0.00024665860109962523,0.033001404255628586,0.033001404255628586,1.0,-3.0,success
2100,0.19714613258838654,-2.7015156745910645,-0.0002468834281899035,0.03299926593899727,0.03299926221370697,1.0,3.0,success
2101,0.19680927693843842,-2.700514793395996,-0.00024705461692065,0.03300146013498306,0.03300146013498306,1.0,3.0,success
2102,0.19647005200386047,-2.699514627456665,-0.0002471912885084748,0.03300398588180542,0.03300398588180542,1.0,3.0,success
2103,0.19612854719161987,-2.6985154151916504,-0.00024730077711865306,0.03299873694777489,0.03299873694777489,1.0,3.0,success
2104,0.19578474760055542,-2.697516918182373,-0.00024738843785598874,0.03300086408853531,0.03300086408853531,1.0,3.0,success
2105,0.1954387128353119,-2.696519374847412,-0.00024745866539888084,0.03299551457166672,0.03299551457166672,1.0,3.0,success
2106,0.1950911283493042,-2.6955220699310303,-0.0002475037763360888,0.03300437703728676,0.03300437703728676,1.0,-3.0,success
2107,0.19474531710147858,-2.6945242881774902,-0.0002475604705978185,0.033000264316797256,0.03300026059150696,1.0,3.0,success
2108,0.1943979561328888,-2.6935272216796875,-0.0002475858200341463,0.03299504891037941,0.03299504891037941,1.0,-3.0,success
2109,0.19439084827899933,-2.693507194519043,-0.0002525085583329201,0.0006816813838668168,0.0006640964420512319,0.0,3.0,success
2110,0.19404950737953186,-2.692530393600464,-0.0002469843893777579,0.03233557939529419,0.03233512118458748,1.0,3.0,success
2111,0.1940421611070633,-2.6925106048583984,-0.00025171751622110605,0.0006760152173228562,0.0006596356397494674,0.0,3.0,success
2112,0.19369682669639587,-2.6915347576141357,-0.0002463238488417119,0.03234884887933731,0.03234840929508209,1.0,-3.0,success
2113,0.19334664940834045,-2.6905384063720703,-0.00024631747510284185,0.03300301358103752,0.03300301358103752,1.0,3.0,success
2114,0.1929941624403,-2.6895430088043213,-0.0002465875877533108,0.03299892321228981,0.03299892321228981,1.0,3.0,success
2115,0.1926400512456894,-2.6885480880737305,-0.00024680671049281955,0.0330018624663353,0.0330018624663353,1.0,-3.0,success
2116,0.19228830933570862,-2.6875524520874023,-0.00024699216010048985,0.032998181879520416,0.032998181879520416,1.0,-3.0,success
2117,0.19193828105926514,-2.686556100845337,-0.00024715144536457956,0.03300147131085396,0.03300147131085396,1.0,3.0,success
2118,0.19158591330051422,-2.685560464859009,-0.0002472690539434552,0.03300470486283302,0.03300470486283302,1.0,3.0,success
2119,0.1912318915128708,-2.684565782546997,-0.0002473524946253747,0.03299390524625778,0.03299390524625778,1.0,-3.0,success
2120,0.19087955355644226,-2.683570146560669,-0.00024743928224779665,0.03300439193844795,0.03300439193844795,1.0,3.0,success
2121,0.1905255913734436,-2.682575225830078,-0.0002474891080055386,0.03300030156970024,0.03300030156970024,1.0,-3.0,success
2122,0.19017331302165985,-2.681579828262329,-0.0002475485089235008,0.03299675136804581,0.03299675136804581,1.0,3.0,success
2123,0.19016607105731964,-2.6815600395202637,-0.0002524692681618035,0.0006762244156561792,0.0006585082155652344,0.0,3.0,success
2124,0.1898159384727478,-2.680586099624634,-0.0002469524333719164,0.03234310448169708,0.03234264254570007,1.0,3.0,success
2125,0.18945713341236115,-2.6795928478240967,-0.0002467985323164612,0.033002279698848724,0.033002279698848724,1.0,-3.0,success
2126,0.18910002708435059,-2.6785991191864014,-0.0002469815663062036,0.032998304814100266,0.032998304814100266,1.0,3.0,success
2127,0.18874062597751617,-2.6776061058044434,-0.0002471326442901045,0.0330016054213047,0.0330016054213047,1.0,3.0,success
2128,0.1883789598941803,-2.6766140460968018,-0.00024725389084778726,0.03299776092171669,0.03299776092171669,1.0,3.0,success
2129,0.18801504373550415,-2.6756227016448975,-0.0002473509812261909,0.03300092741847038,0.03300092741847038,1.0,3.0,success
2130,0.18764890730381012,-2.6746323108673096,-0.0002474287466611713,0.03299694508314133,0.03299694508314133,1.0,3.0,success
2131,0.1872805655002594,-2.67364239692688,-0.00024749102885834873,0.0330069400370121,0.0330069400370121,1.0,3.0,success
2132,0.18691004812717438,-2.6726536750793457,-0.0002475408837199211,0.03299582749605179,0.03299582749605179,1.0,3.0,success
2133,0.18653801083564758,-2.6716654300689697,-0.0002475694054737687,0.03299857676029205,0.03299857676029205,1.0,-3.0,success
2134,0.18616844713687897,-2.6706762313842773,-0.0002476017107255757,0.03299933671951294,0.03299933671951294,1.0,-3.0,success
2135,0.18580062687397003,-2.6696863174438477,-0.0002476390509400517,0.033001262694597244,0.033001262694597244,1.0,3.0,success
2136,0.18543057143688202,-2.6686971187591553,-0.0002476592781022191,0.03300471603870392,0.03300471603870392,1.0,3.0,success
2137,0.18505825102329254,-2.6677091121673584,-0.000247675139689818,0.032994724810123444,0.032994724810123444,1.0,3.0,success
2138,0.1846843659877777,-2.6667213439941406,-0.0002476769732311368,0.03300502523779869,0.03300502523779869,1.0,-3.0,success
2139,0.1843128651380539,-2.6657328605651855,-0.00024768797447904944,0.03299964964389801,0.03299964964389801,1.0,-3.0,success
2140,0.1839437633752823,-2.664743661880493,-0.00024769746232777834,0.032994285225868225,0.032994285225868225,1.0,-3.0,success
2141,0.18393656611442566,-2.6647238731384277,-0.0002525979361962527,0.0006756141665391624,0.0006580294575542212,0.0,3.0,success
2142,0.1839364618062973,-2.6647238731384277,-0.0002519393456168473,2.0837487682001665e-05,3.2596287837804994e-06,0.0,3.0,success
2143,0.18357235193252563,-2.663754940032959,-0.0002462171541992575,0.032346997410058975,0.03234650194644928,1.0,-3.0,success
2144,0.18320292234420776,-2.6627657413482666,-0.00024621764896437526,0.032997868955135345,0.032997868955135345,1.0,3.0,success
2145,0.18283113837242126,-2.6617772579193115,-0.000246506737312302,0.033002763986587524,0.033002763986587524,1.0,3.0,success
2146,0.18245767056941986,-2.6607894897460938,-0.0002467421581968665,0.03300041705369949,0.033000413328409195,1.0,-3.0,success
2147,0.18245095014572144,-2.660769462585449,-0.0002518224064260721,0.0006789670442231,0.0006601455970667303,0.0,-3.0,success
2148,0.18208838999271393,-2.6598000526428223,-0.00024644561926834285,0.032343894243240356,0.03234345093369484,1.0,3.0,success
2149,0.18171635270118713,-2.6588118076324463,-0.0002464045537635684,0.03299857676029205,0.03299857676029205,1.0,3.0,success
2150,0.1813426911830902,-2.6578240394592285,-0.00024664640659466386,0.03300255537033081,0.03300255537033081,1.0,-3.0,success
2151,0.18097072839736938,-2.6568357944488525,-0.0002468738821335137,0.03299775719642639,0.03299775719642639,1.0,3.0,success
2152,0.1805964857339859,-2.655848264694214,-0.00024704725365154445,0.03300202265381813,0.03300201892852783,1.0,3.0,success
2153,0.18022064864635468,-2.6548614501953125,-0.00024717499036341906,0.03299881890416145,0.03299881890416145,1.0,-3.0,success
2154,0.17984651029109955,-2.653873920440674,-0.0002472974010743201,0.03300086408853531,0.03300086408853531,1.0,3.0,success
2155,0.17947012186050415,-2.6528871059417725,-0.00024738602223806083,0.03300495445728302,0.03300495445728302,1.0,3.0,success
2156,0.1790914684534073,-2.6519014835357666,-0.0002474565990269184,0.032995469868183136,0.032995469868183136,1.0,3.0,success
2157,0.17871059477329254,-2.650916576385498,-0.00024751314776949584,0.032999563962221146,0.032999563962221146,1.0,3.0,success
2158,0.1783275157213211,-2.649932384490967,-0.000247558462433517,0.033003658056259155,0.033003658056259155,1.0,3.0,success
2159,0.17794226109981537,-2.648949146270752,-0.0002475947549100965,0.033000629395246506,0.033000629395246506,1.0,3.0,success
2160,0.17755483090877533,-2.6479668617248535,-0.00024762385874055326,0.03299776464700699,0.03299776464700699,1.0,3.0,success
2161,0.1771659255027771,-2.6469850540161133,-0.00024763576220721006,0.03300085291266441,0.03300085291266441,1.0,-3.0,success
2162,0.17677879333496094,-2.6460025310516357,-0.000247666088398546,0.03300127759575844,0.03300127759575844,1.0,3.0,success
2163,0.17638948559761047,-2.6450209617614746,-0.0002476811350788921,0.03299855813384056,0.03299855813384056,1.0,3.0,success
2164,0.1759980022907257,-2.644040107727051,-0.0002476928348187357,0.03300292417407036,0.03300292417407036,1.0,3.0,success
2165,0.17560432851314545,-2.6430602073669434,-0.00024770223535597324,0.033000703901052475,0.033000703901052475,1.0,3.0,success
2166,0.17520850896835327,-2.6420812606811523,-0.000247709802351892,0.03299812972545624,0.03299812972545624,1.0,3.0,success
2167,0.17481054365634918,-2.6411030292510986,-0.0002477159141562879,0.033002618700265884,0.033002618700265884,1.0,3.0,success
2168,0.17441044747829437,-2.6401257514953613,-0.0002477208327036351,0.03300018608570099,0.03300018608570099,1.0,3.0,success
2169,0.17400889098644257,-2.6391491889953613,-0.0002477132366038859,0.032996829599142075,0.032996829599142075,1.0,-3.0,success
2170,0.17360977828502655,-2.638171434402466,-0.0002477166417520493,0.033002350479364395,0.033002350479364395,1.0,-3.0,success
2171,0.17321240901947021,-2.637193202972412,-0.00024773101904429495,0.03299560397863388,0.03299560397863388,1.0,3.0,success
2172,0.1728128343820572,-2.6362156867980957,-0.00024773285258561373,0.03300091251730919,0.03300091251730919,1.0,3.0,success
2173,0.17241168022155762,-2.6352388858795166,-0.00024772321921773255,0.0329989418387413,0.0329989418387413,1.0,-3.0,success
2174,0.17240414023399353,-2.6352193355560303,-0.000252606492722407,0.0006723565747961402,0.0006548098172061145,0.0,-3.0,success
2175,0.17201173305511475,-2.63425350189209,-0.00024703869712539017,0.032578762620687485,0.032578300684690475,1.0,3.0,success
2176,0.17161226272583008,-2.6332759857177734,-0.0002469118044245988,0.0329996794462204,0.0329996794462204,1.0,3.0,success
2177,0.17121055722236633,-2.6322994232177734,-0.0002470641629770398,0.03299860283732414,0.03299860283732414,1.0,3.0,success
2178,0.1708066463470459,-2.6313235759735107,-0.0002471986226737499,0.03300422430038452,0.03300422430038452,1.0,3.0,success
2179,0.17040055990219116,-2.6303489208221436,-0.00024730691802687943,0.03299589827656746,0.03299589827656746,1.0,3.0,success
2180,0.16999231278896332,-2.6293749809265137,-0.00024739361833781004,0.033001311123371124,0.033001311123371124,1.0,3.0,success
2181,0.16958193480968475,-2.6284019947052,-0.00024746303097344935,0.03299964591860771,0.03299964591860771,1.0,3.0,success
2182,0.16957353055477142,-2.628382921218872,-0.0002523901348467916,0.0006692942115478218,0.0006513427942991257,0.0,-3.0,success
2183,0.16916720569133759,-2.627419948577881,-0.00024685118114575744,0.03266255557537079,0.03266209736466408,1.0,3.0,success
2184,0.16875489056110382,-2.6264476776123047,-0.00024677460896782577,0.033002641052007675,0.033002641052007675,1.0,3.0,success
2185,0.1687464863061905,-2.6264288425445557,-0.0002518266555853188,0.000663585786242038,0.0006445316830649972,0.0,-3.0,success
2186,0.16833800077438354,-2.6254658699035645,-0.00024639719049446285,0.032688844949007034,0.032688405364751816,1.0,3.0,success
2187,0.16792374849319458,-2.6244945526123047,-0.00024641441996209323,0.032998908311128616,0.032998908311128616,1.0,3.0,success
2188,0.1675073504447937,-2.6235241889953613,-0.00024666739045642316,0.03299788013100624,0.03299788013100624,1.0,3.0,success
2189,0.16708949208259583,-2.622554302215576,-0.00024687021505087614,0.03300221636891365,0.03300221636891365,1.0,-3.0,success
2190,0.1670813262462616,-2.622534990310669,-0.0002519243280403316,0.0006739970413036644,0.0006552302511408925,0.0,-3.0,success
2191,0.16667082905769348,-2.6215720176696777,-0.0002464723656885326,0.032713450491428375,0.03271300718188286,1.0,3.0,success
2192,0.16625484824180603,-2.6206014156341553,-0.00024647879763506353,0.032999590039253235,0.032999590039253235,1.0,3.0,success
2193,0.1658373475074768,-2.619631290435791,-0.00024670790298841894,0.03300464153289795,0.03300464153289795,1.0,-3.0,success
2194,0.1654222011566162,-2.6186604499816895,-0.00024691232829354703,0.032996173948049545,0.032996173948049545,1.0,-3.0,success
2195,0.16500939428806305,-2.6176884174346924,-0.000247077172389254,0.03300178423523903,0.03300178423523903,1.0,-3.0,success
2196,0.1645982414484024,-2.616715669631958,-0.0002472193737048656,0.03300220146775246,0.03300220146775246,1.0,3.0,success
2197,0.1641848087310791,-2.615744113922119,-0.00024732333258725703,0.03299572318792343,0.03299572318792343,1.0,3.0,success
2198,0.16376909613609314,-2.6147732734680176,-0.0002474062202963978,0.03300313651561737,0.03300313651561737,1.0,3.0,success
2199,0.1633511483669281,-2.6138033866882324,-0.00024747266434133053,0.033003322780132294,0.033003322780132294,1.0,3.0,success
2200,0.16293099522590637,-2.6128346920013428,-0.0002475259534548968,0.03299647569656372,0.03299647569656372,1.0,3.0,success
2201,0.16250868141651154,-2.6118667125701904,-0.00024756864877417684,0.03300291672348976,0.03300291672348976,1.0,3.0,success
2202,0.1620842069387436,-2.6108999252319336,-0.0002476029039826244,0.032995857298374176,0.032995857298374176,1.0,3.0,success
2203,0.16165760159492493,-2.609933853149414,-0.0002476303488947451,0.03300223872065544,0.03300223872065544,1.0,3.0,success
2204,0.16122888028621674,-2.608968734741211,-0.0002476523513905704,0.03300176560878754,0.03300176560878754,1.0,3.0,success
2205,0.16079804301261902,-2.608004570007324,-0.0002476699883118272,0.033001452684402466,0.033001452684402466,1.0,3.0,success
2206,0.16036511957645416,-2.607041358947754,-0.00024768413277342916,0.033000919967889786,0.033000919967889786,1.0,3.0,success
2207,0.15993010997772217,-2.6060791015625,-0.0002476954832673073,0.03300053998827934,0.03300053998827934,1.0,3.0,success
2208,0.15949301421642303,-2.6051177978515625,-0.0002477045636624098,0.033000316470861435,0.033000316470861435,1.0,3.0,success
2209,0.15905450284481049,-2.6041572093963623,-0.0002477001689840108,0.03299831971526146,0.03299831971526146,1.0,-3.0,success
2210,0.1586177498102188,-2.603195905685425,-0.0002477176603861153,0.032995883375406265,0.032995883375406265,1.0,3.0,success
2211,0.15817953646183014,-2.6022350788116455,-0.00024771137395873666,0.03300122916698456,0.03300122916698456,1.0,-3.0,success
2212,0.1577436774969101,-2.60127329826355,-0.00024771541939117014,0.03299790993332863,0.03299790993332863,1.0,-3.0,success
2213,0.15730950236320496,-2.6003105640411377,-0.0002477299130987376,0.033003389835357666,0.033003389835357666,1.0,3.0,success
2214,0.15730120241641998,-2.6002914905548096,-0.00025260375696234405,0.0006676402408629656,0.0006500352756120265,0.0,-3.0,success
2215,0.15686844289302826,-2.599332809448242,-0.0002469916653353721,0.03287021443247795,0.032869745045900345,1.0,3.0,success
2216,0.15643210709095,-2.5983710289001465,-0.00024691602448001504,0.03300406411290169,0.03300406411290169,1.0,3.0,success
2217,0.15599358081817627,-2.5974104404449463,-0.000247069401666522,0.03299850970506668,0.03299850970506668,1.0,3.0,success
2218,0.15555289387702942,-2.5964508056640625,-0.0002472029300406575,0.03299952670931816,0.03299952670931816,1.0,3.0,success
2219,0.15511006116867065,-2.595492124557495,-0.0002473103813827038,0.033000506460666656,0.033000506460666656,1.0,3.0,success
2220,0.15466511249542236,-2.594534397125244,-0.00024739638320170343,0.033001258969306946,0.033001258969306946,1.0,3.0,success
2221,0.15421806275844574,-2.5935776233673096,-0.00024746524286456406,0.03300197422504425,0.03300197422504425,1.0,3.0,success
2222,0.1537695676088333,-2.5926218032836914,-0.0002475088695064187,0.03299413621425629,0.03299413621425629,1.0,-3.0,success
2223,0.15376016497612,-2.5926029682159424,-0.0002524473820813,0.0006757216178812087,0.000657862052321434,0.0,3.0,success
2224,0.15331988036632538,-2.5916662216186523,-0.00024693532031960785,0.03234601393342018,0.03234555572271347,1.0,3.0,success
2225,0.15286856889724731,-2.5907115936279297,-0.0002467957092449069,0.03299793601036072,0.03299793601036072,1.0,3.0,success
2226,0.15241511166095734,-2.5897579193115234,-0.00024696995387785137,0.032999731600284576,0.032999731600284576,1.0,3.0,success
2227,0.15195952355861664,-2.5888051986694336,-0.0002471233601681888,0.03300149366259575,0.03300149366259575,1.0,3.0,success
2228,0.1515018492937088,-2.58785343170166,-0.00024724684772081673,0.033002812415361404,0.033002812415361404,1.0,3.0,success
2229,0.15104208886623383,-2.5869028568267822,-0.00024734565522521734,0.03299757465720177,0.03299757465720177,1.0,3.0,success
2230,0.1505802571773529,-2.5859529972076416,-0.0002474247303325683,0.03300570696592331,0.03300570696592331,1.0,3.0,success
2231,0.15011699497699738,-2.5850040912628174,-0.0002474764478392899,0.03299849480390549,0.03299849480390549,1.0,-3.0,success
2232,0.1501072645187378,-2.5849854946136475,-0.00025242147967219353,0.0006738491938449442,0.0006558906752616167,0.0,3.0,success
2233,0.14965254068374634,-2.5840559005737305,-0.00024691459839232266,0.03233958035707474,0.032339125871658325,1.0,3.0,success
2234,0.14918649196624756,-2.5831081867218018,-0.0002467791782692075,0.03300335630774498,0.03300335630774498,1.0,3.0,success
2235,0.14871834218502045,-2.5821616649627686,-0.00024695676984265447,0.032998986542224884,0.032998986542224884,1.0,3.0,success
2236,0.1487082540988922,-2.5821430683135986,-0.0002519957488402724,0.0006796397501602769,0.00066114601213485,0.0,3.0,success
2237,0.14824499189853668,-2.5812175273895264,-0.000246573647018522,0.03234438598155975,0.032343942672014236,1.0,3.0,success
2238,0.14777028560638428,-2.5802743434906006,-0.0002465066500008106,0.03299712762236595,0.03299712762236595,1.0,3.0,success
2239,0.14729411900043488,-2.579331874847412,-0.00024672766448929906,0.03299771621823311,0.03299771621823311,1.0,-3.0,success
2240,0.14728416502475739,-2.579313278198242,-0.0002518220280762762,0.0006781102274544537,0.0006591579876840115,0.0,3.0,success
2241,0.14681680500507355,-2.578389883041382,-0.00024643505457788706,0.032342057675123215,0.032341618090867996,1.0,3.0,success
2242,0.1463378220796585,-2.577448606491089,-0.00024639550247229636,0.033004291355609894,0.033004291355609894,1.0,3.0,success
2243,0.14632758498191833,-2.577430248260498,-0.00025153293972834945,0.0006761968834325671,0.0006568618700839579,0.0,3.0,success
2244,0.14585374295711517,-2.576510190963745,-0.0002462026895955205,0.032341260462999344,0.03234082832932472,1.0,3.0,success
2245,0.14536815881729126,-2.5755724906921387,-0.00024620979093015194,0.032999079674482346,0.032999079674482346,1.0,3.0,success
2246,0.144880473613739,-2.5746357440948486,-0.0002465014986228198,0.033002883195877075,0.033002883195877075,1.0,3.0,success
2247,0.14486992359161377,-2.574617385864258,-0.00025163180544041097,0.0006808252655901015,0.0006616796017624438,0.0,3.0,success
2248,0.1443876475095749,-2.573701858520508,-0.00024628257961012423,0.03233747184276581,0.032337039709091187,1.0,3.0,success
2249,0.1438935101032257,-2.572768449783325,-0.0002462739066686481,0.03300425410270691,0.03300425410270691,1.0,3.0,success
2250,0.1433979570865631,-2.571835994720459,-0.00024654148728586733,0.03299865499138832,0.03299865499138832,1.0,-3.0,success
2251,0.14338825643062592,-2.571817398071289,-0.0002516609965823591,0.0006747014704160392,0.0006554593564942479,0.0,-3.0,success
2252,0.14290691912174225,-2.5709011554718018,-0.0002463047276251018,0.03234359622001648,0.03234316036105156,1.0,-3.0,success
2253,0.14241783320903778,-2.569965124130249,-0.00024630234111100435,0.0330033078789711,0.0330033078789711,1.0,3.0,success
2254,0.1419266015291214,-2.569030284881592,-0.00024657550966367126,0.033001434057950974,0.033001430332660675,1.0,3.0,success
2255,0.1414332091808319,-2.56809663772583,-0.0002468076127115637,0.032999955117702484,0.032999955117702484,1.0,3.0,success
2256,0.14093832671642303,-2.5671639442443848,-0.00024698322522453964,0.03299540653824806,0.03299540653824806,1.0,-3.0,success
2257,0.1404450684785843,-2.566230058670044,-0.000247144082095474,0.03300458565354347,0.033004581928253174,1.0,3.0,success
2258,0.13994969427585602,-2.5652976036071777,-0.0002472634660080075,0.032996032387018204,0.032996032387018204,1.0,3.0,success
2259,0.13945284485816956,-2.5643656253814697,-0.0002473478380125016,0.033004533499479294,0.033004533499479294,1.0,-3.0,success
2260,0.13895760476589203,-2.5634329319000244,-0.00024743564426898956,0.033000648021698,0.033000648021698,1.0,3.0,success
2261,0.13846024870872498,-2.5625014305114746,-0.0002474966167937964,0.032998841255903244,0.032998841255903244,1.0,3.0,success
2262,0.1379607766866684,-2.5615711212158203,-0.0002475450746715069,0.032997213304042816,0.032997213304042816,1.0,3.0,success
2263,0.13745921850204468,-2.5606417655944824,-0.0002475839282851666,0.03300187364220619,0.033001869916915894,1.0,3.0,success
2264,0.13695557415485382,-2.55971360206604,-0.0002476150984875858,0.03300013393163681,0.03300013393163681,1.0,3.0,success
2265,0.1364498883485794,-2.558786630630493,-0.0002476400986779481,0.03299789875745773,0.03299789875745773,1.0,3.0,success
2266,0.13594217598438263,-2.5578606128692627,-0.00024766012211330235,0.03300214186310768,0.03300214186310768,1.0,3.0,success
2267,0.1354324221611023,-2.5569357872009277,-0.0002476762165315449,0.03300022706389427,0.03300022706389427,1.0,3.0,success
2268,0.13492067158222198,-2.556011915206909,-0.00024768910952843726,0.03300432115793228,0.03300432115793228,1.0,3.0,success
2269,0.13490958511829376,-2.5559942722320557,-0.000252582278335467,0.0006688721477985382,0.0006511589745059609,0.0,3.0,success
2270,0.1343946009874344,-2.555072784423828,-0.00024693566956557333,0.03298881649971008,0.03298834338784218,1.0,-3.0,success
2271,0.1338810920715332,-2.554149866104126,-0.0002468976308591664,0.03300493583083153,0.03300493583083153,1.0,3.0,success
2272,0.13336552679538727,-2.5532283782958984,-0.00024705592659302056,0.03299720957875252,0.03299720585346222,1.0,3.0,success
2273,0.13284850120544434,-2.552307605743408,-0.0002471812185831368,0.033000022172927856,0.033000022172927856,1.0,-3.0,success
2274,0.13233311474323273,-2.5513858795166016,-0.0002473024360369891,0.03300097957253456,0.03300097957253456,1.0,3.0,success
2275,0.13181626796722412,-2.5504651069641113,-0.0002473795029800385,0.032997287809848785,0.032997287809848785,1.0,-3.0,success
2276,0.13130101561546326,-2.5495431423187256,-0.00024746093549765646,0.03300544247031212,0.03300544247031212,1.0,3.0,success
2277,0.1307842880487442,-2.5486223697662354,-0.0002475063665769994,0.03299546241760254,0.03299546241760254,1.0,-3.0,success
2278,0.1302691251039505,-2.5477004051208496,-0.0002475623332429677,0.03300407528877258,0.03300407528877258,1.0,3.0,success
2279,0.12975184619426727,-2.5467798709869385,-0.000247597781708464,0.03299739956855774,0.03299739956855774,1.0,3.0,success
2280,0.12923243641853333,-2.5458602905273438,-0.0002476258669048548,0.03300412371754646,0.03300412371754646,1.0,3.0,success
2281,0.12871095538139343,-2.5449421405792236,-0.0002476484514772892,0.03299712389707565,0.03299712389707565,1.0,3.0,success
2282,0.12818801403045654,-2.544024705886841,-0.0002476555819157511,0.033000264316797256,0.033000264316797256,1.0,-3.0,success
2283,0.12766671180725098,-2.5431063175201416,-0.0002476818335708231,0.033000845462083817,0.033000845462083817,1.0,3.0,success
2284,0.12714333832263947,-2.542189121246338,-0.00024769356241449714,0.033000487834215164,0.033000484108924866,1.0,3.0,success
2285,0.12661787867546082,-2.5412731170654297,-0.00024770264280959964,0.03300052136182785,0.03300052136182785,1.0,3.0,success
2286,0.1260903924703598,-2.540358304977417,-0.0002477100060787052,0.03299980238080025,0.03299980238080025,1.0,3.0,success
2287,0.12556147575378418,-2.5394444465637207,-0.00024770470918156207,0.03299636021256447,0.03299636021256447,1.0,-3.0,success
2288,0.12503419816493988,-2.538529396057129,-0.0002477211819496006,0.033003002405166626,0.033003002405166626,1.0,3.0,success
2289,0.12502670288085938,-2.5385165214538574,-0.0002526241878513247,0.0004901112988591194,0.0004655459779314697,0.0,-3.0,success
2290,0.12449972331523895,-2.537602424621582,-0.00024696640321053565,0.03297300636768341,0.032972533255815506,1.0,3.0,success
2291,0.12397052347660065,-2.5366885662078857,-0.0002469094761181623,0.03300079330801964,0.03300079330801964,1.0,3.0,success
2292,0.12343988567590714,-2.535775661468506,-0.00024705386022105813,0.03299756348133087,0.03299756348133087,1.0,-3.0,success
2293,0.12291086465120316,-2.5348618030548096,-0.00024720007786527276,0.03299799561500549,0.03299799561500549,1.0,3.0,success
2294,0.12237979471683502,-2.5339488983154297,-0.0002473082859069109,0.03300435468554497,0.03300435468554497,1.0,3.0,success
2295,0.12184727191925049,-2.533036947250366,-0.0002473836357239634,0.03300146758556366,0.03300146758556366,1.0,-3.0,success
2296,0.12131696194410324,-2.5321238040924072,-0.00024745342670939863,0.032998859882354736,0.032998859882354736,1.0,-3.0,success
2297,0.12078823894262314,-2.531209707260132,-0.00024752033641561866,0.03299977630376816,0.03299977630376816,1.0,3.0,success
2298,0.12025739997625351,-2.530296802520752,-0.0002475641667842865,0.033000726252794266,0.033000726252794266,1.0,3.0,success
2299,0.11972445994615555,-2.5293853282928467,-0.0002475989458616823,0.032995183020830154,0.032995183020830154,1.0,3.0,success
2300,0.11971328407526016,-2.529367446899414,-0.0002525096933823079,0.0006765893194824457,0.0006589559488929808,0.0,3.0,success
2301,0.1191866472363472,-2.5284764766693115,-0.0002469845348969102,0.03234344720840454,0.03234298154711723,1.0,3.0,success
2302,0.1186472550034523,-2.5275685787200928,-0.0002468351449351758,0.03300127759575844,0.03300127759575844,1.0,3.0,success
2303,0.11810582131147385,-2.5266618728637695,-0.0002470015315338969,0.033001918345689774,0.033001918345689774,1.0,3.0,success
2304,0.11756238341331482,-2.525756597518921,-0.0002471486513968557,0.032995741814374924,0.032995738089084625,1.0,3.0,success
2305,0.11701694875955582,-2.5248522758483887,-0.00024726707488298416,0.033002372831106186,0.033002372831106186,1.0,3.0,success
2306,0.11646953225135803,-2.523949146270752,-0.0002473618951626122,0.03300254046916962,0.03300254046916962,1.0,3.0,success
2307,0.11646857112646103,-2.523949384689331,-0.0002524100709706545,0.000160761977895163,3.094545900239609e-05,0.0,0.0,success
2308,0.11646824330091476,-2.52394962310791,-0.000251692341407761,2.5758961783139966e-05,1.2667356713791378e-05,0.0,-3.0,success
2309,0.11593242734670639,-2.523064136505127,-0.0002460250398144126,0.032343633472919464,0.032343145459890366,1.0,-3.0,success
2310,0.11593175679445267,-2.523063898086548,-0.00025104114320129156,0.00015832303324714303,2.2239895770326257e-05,0.0,3.0,success
2311,0.1159319207072258,-2.523063898086548,-0.00025057944003492594,1.5310497474274598e-05,5.122273705637781e-06,0.0,-3.0,success
2312,0.1153985857963562,-2.52217698097229,-0.00024513420066796243,0.03234182670712471,0.032341379672288895,1.0,-3.0,success
2313,0.11485690623521805,-2.521270275115967,-0.0002453409251756966,0.033005863428115845,0.033005863428115845,1.0,-3.0,success
2314,0.11431673169136047,-2.5203630924224854,-0.0002458153758198023,0.03299457207322121,0.03299456834793091,1.0,3.0,success
2315,0.11377501487731934,-2.519456386566162,-0.00024618991301395,0.0330064594745636,0.0330064557492733,1.0,-3.0,success
2316,0.11323478072881699,-2.5185492038726807,-0.00024650932755321264,0.032995522022247314,0.032995522022247314,1.0,3.0,success
2317,0.11269301176071167,-2.5176427364349365,-0.00024674556334502995,0.033000897616147995,0.033000897616147995,1.0,-3.0,success
2318,0.11215274780988693,-2.516735315322876,-0.0002469537721481174,0.033002398908138275,0.033002398908138275,1.0,3.0,success
2319,0.11161094903945923,-2.515828847885132,-0.0002471009502187371,0.0330013781785965,0.0330013781785965,1.0,-3.0,success
2320,0.1110706552863121,-2.5149216651916504,-0.00024723797105252743,0.03299647197127342,0.03299647197127342,1.0,3.0,success
2321,0.11052823066711426,-2.5140156745910645,-0.0002473382337484509,0.03299863263964653,0.03299863263964653,1.0,3.0,success
2322,0.10998369753360748,-2.513110876083374,-0.00024741815286688507,0.03300059959292412,0.03300059959292412,1.0,3.0,success
2323,0.10997726023197174,-2.5130999088287354,-0.0002523924340493977,0.00042672327253967524,0.0003974030842073262,0.0,-3.0,success
2324,0.10944406688213348,-2.5122129917144775,-0.0002468522870913148,0.032339565455913544,0.032339099794626236,1.0,-3.0,success
2325,0.1094435602426529,-2.5122125148773193,-0.00025171556626446545,0.00015352478658314794,2.174194378312677e-05,0.0,3.0,success
2326,0.10891019552946091,-2.5113255977630615,-0.00024624503566883504,0.03234231099486351,0.032341860234737396,1.0,3.0,success
2327,0.10836385190486908,-2.5104219913482666,-0.00024623863282613456,0.03299792483448982,0.03299792483448982,1.0,3.0,success
2328,0.10781542211771011,-2.509519577026367,-0.0002465240249875933,0.03299986571073532,0.03299986571073532,1.0,3.0,success
2329,0.107264943420887,-2.5086183547973633,-0.0002467665763106197,0.0330013670027256,0.0330013632774353,1.0,3.0,success
2330,0.1067124530673027,-2.507718324661255,-0.0002469613973516971,0.033002421259880066,0.033002421259880066,1.0,3.0,success
2331,0.10615795850753784,-2.506819486618042,-0.0002471173065714538,0.03300352022051811,0.03300352022051811,1.0,3.0,success
2332,0.1056014820933342,-2.5059220790863037,-0.00024724207469262183,0.03299807757139206,0.03299807757139206,1.0,3.0,success
2333,0.10504304617643356,-2.505025863647461,-0.0002473419008310884,0.032998766750097275,0.032998766750097275,1.0,3.0,success
2334,0.10448265075683594,-2.5041308403015137,-0.0002474217617418617,0.032999612390995026,0.032999612390995026,1.0,3.0,success
2335,0.10392092168331146,-2.5032365322113037,-0.000247474032221362,0.033002819865942,0.033002819865942,1.0,-3.0,success
2336,0.10336081683635712,-2.5023412704467773,-0.00024753680918365717,0.03300110995769501,0.03300110995769501,1.0,3.0,success
2337,0.10336010158061981,-2.5023415088653564,-0.0002525503223296255,0.00015843394794501364,2.3560804038424976e-05,0.0,0.0,success
2338,0.10280902683734894,-2.501465320587158,-0.00024693147861398757,0.032346706837415695,0.03234623000025749,1.0,3.0,success
2339,0.10224483162164688,-2.500572681427002,-0.00024678921909071505,0.03299977257847786,0.03299977257847786,1.0,3.0,success
2340,0.10167864710092545,-2.499681234359741,-0.0002469646860845387,0.03300158306956291,0.033001579344272614,1.0,3.0,success
2341,0.10111049562692642,-2.498791217803955,-0.00024711922742426395,0.03299688547849655,0.03299688547849655,1.0,3.0,success
2342,0.100540392100811,-2.4979021549224854,-0.00024724361719563603,0.03300465643405914,0.03300465643405914,1.0,3.0,success
2343,0.09996895492076874,-2.497014284133911,-0.00024733159807510674,0.032995838671922684,0.032995838671922684,1.0,-3.0,success
2344,0.09939972311258316,-2.496124744415283,-0.00024741145898588,0.03300251066684723,0.03300251066684723,1.0,-3.0,success
2345,0.09883266687393188,-2.4952340126037598,-0.0002474761276971549,0.03299733251333237,0.03299733251333237,1.0,-3.0,success
2346,0.09882194548845291,-2.495215892791748,-0.00025240989634767175,0.0006757646915502846,0.0006579409819096327,0.0,-3.0,success
2347,0.0982702299952507,-2.494340181350708,-0.00024690432474017143,0.032344743609428406,0.032344285398721695,1.0,-3.0,success
2348,0.09770914912223816,-2.493445634841919,-0.0002467817103024572,0.03299836069345474,0.03299836069345474,1.0,3.0,success
2349,0.0971459448337555,-2.4925522804260254,-0.0002469585742801428,0.03300214558839798,0.03300214558839798,1.0,3.0,success
2350,0.09658122807741165,-2.4916601181030273,-0.0002471035113558173,0.03299589455127716,0.03299589455127716,1.0,-3.0,success
2351,0.09657052159309387,-2.4916419982910156,-0.0002521114656701684,0.0006760668475180864,0.000657704018522054,0.0,-3.0,success
2352,0.09657026827335358,-2.4916422367095947,-0.000251561141340062,2.0345432858448476e-05,1.0870971891563386e-05,0.0,3.0,success
2353,0.09601831436157227,-2.490766763687134,-0.0002459264360368252,0.03234243392944336,0.03234195336699486,1.0,3.0,success
2354,0.09545360505580902,-2.4898743629455566,-0.0002459636889398098,0.033002063632011414,0.033002063632011414,1.0,-3.0,success
2355,0.09489037841558456,-2.488981008529663,-0.0002463131386321038,0.033002518117427826,0.033002518117427826,1.0,3.0,success
2356,0.09432508796453476,-2.488089084625244,-0.0002465979487169534,0.0329991951584816,0.0329991914331913,1.0,3.0,success
2357,0.09431975334882736,-2.4880805015563965,-0.00025174798793159425,0.0003544500796124339,0.00031580624636262655,0.0,-3.0,success
2358,0.0937546119093895,-2.487189292907715,-0.00024624349316582084,0.03297827020287514,0.03297782316803932,1.0,3.0,success
2359,0.09374279528856277,-2.4871718883514404,-0.0002512144565116614,0.0006755072390660644,0.0006574030267074704,0.0,3.0,success
2360,0.09317420423030853,-2.4862825870513916,-0.0002458312374074012,0.0329858735203743,0.032985441386699677,1.0,-3.0,success
2361,0.0926075428724289,-2.48539137840271,-0.00024600274628028274,0.03300328552722931,0.03300328180193901,1.0,-3.0,success
2362,0.09204239398241043,-2.484499216079712,-0.0002463495184201747,0.03300312161445618,0.03300312161445618,1.0,3.0,success
2363,0.09147576242685318,-2.4836082458496094,-0.0002466171863488853,0.03299649432301521,0.03299649432301521,1.0,-3.0,success
2364,0.09091120213270187,-2.4827158451080322,-0.00024684093659743667,0.03299957513809204,0.03299957141280174,1.0,-3.0,success
2365,0.09034871309995651,-2.4818220138549805,-0.00024702047812752426,0.03300284221768379,0.03300284221768379,1.0,-3.0,success
2366,0.08978769183158875,-2.4809274673461914,-0.0002471738262102008,0.03299736976623535,0.03299736976623535,1.0,3.0,success
2367,0.08922510594129562,-2.4800336360931396,-0.00024727711570449173,0.033004455268383026,0.033004455268383026,1.0,-3.0,success
2368,0.08921822160482407,-2.480022668838501,-0.00025229790480807424,0.00043400732101872563,0.0004046540125273168,0.0,3.0,success
2369,0.08866608142852783,-2.47914719581604,-0.0002467803133185953,0.032345518469810486,0.03234505653381348,1.0,3.0,success
2370,0.08810050040483475,-2.4782555103302,-0.0002466696023475379,0.03299776092171669,0.03299776092171669,1.0,3.0,success
2371,0.08753340691328049,-2.4773645401000977,-0.0002468582824803889,0.033004242926836014,0.033004242926836014,1.0,-3.0,success
2372,0.0869678184390068,-2.476472854614258,-0.0002470432664267719,0.03299788758158684,0.03299788758158684,1.0,3.0,success
2373,0.08640016615390778,-2.4755823612213135,-0.0002471826155669987,0.03300105780363083,0.03300105780363083,1.0,3.0,success
2374,0.0858304500579834,-2.4746932983398438,-0.00024729385040700436,0.03299812227487564,0.03299812227487564,1.0,3.0,success
2375,0.08525930345058441,-2.4738049507141113,-0.00024737208150327206,0.03300345689058304,0.03300345689058304,1.0,-3.0,success
2376,0.08469029515981674,-2.4729154109954834,-0.0002474442298989743,0.032998744398355484,0.032998744398355484,1.0,-3.0,success
2377,0.08412282913923264,-2.472024917602539,-0.0002475129731465131,0.03299792855978012,0.03299792855978012,1.0,3.0,success
2378,0.08355329930782318,-2.4711356163024902,-0.00024755828781053424,0.033001258969306946,0.033001258969306946,1.0,3.0,success
2379,0.08298230171203613,-2.470247268676758,-0.0002475837245583534,0.03300094231963158,0.03300094231963158,1.0,-3.0,success
2380,0.08241340517997742,-2.46935772895813,-0.0002476136141922325,0.03299686312675476,0.03299686312675476,1.0,-3.0,success
2381,0.08184661716222763,-2.4684665203094482,-0.00024763820692896843,0.033005405217409134,0.033005405217409134,1.0,-3.0,success
2382,0.08128190040588379,-2.46757435798645,-0.00024765811394900084,0.03299589455127716,0.03299589455127716,1.0,-3.0,success
2383,0.08071864396333694,-2.4666810035705566,-0.00024768372531980276,0.03300301358103752,0.03300301358103752,1.0,3.0,success
2384,0.08015381544828415,-2.4657888412475586,-0.00024768488947302103,0.03299776092171669,0.03299776092171669,1.0,-3.0,success
2385,0.07959043979644775,-2.464895725250244,-0.0002477048255968839,0.0329986996948719,0.0329986996948719,1.0,3.0,success
2386,0.07902493327856064,-2.464003801345825,-0.0002477114030625671,0.033002808690071106,0.033002808690071106,1.0,3.0,success
2387,0.07845790684223175,-2.4631130695343018,-0.0002477063098922372,0.03299683332443237,0.03299683332443237,1.0,-3.0,success
2388,0.0778929591178894,-2.4622209072113037,-0.0002477118105161935,0.03299975395202637,0.03299975395202637,1.0,-3.0,success
2389,0.0773300901055336,-2.461327314376831,-0.000247716874582693,0.03300286456942558,0.03300286456942558,1.0,-3.0,success
2390,0.07676870375871658,-2.460433006286621,-0.00024773075710982084,0.032997120171785355,0.032997120171785355,1.0,3.0,success
2391,0.07620517164468765,-2.4595398902893066,-0.00024773209588602185,0.033001311123371124,0.033001311123371124,1.0,3.0,success
2392,0.07564009726047516,-2.4586477279663086,-0.00024772286997176707,0.03300187364220619,0.03300187364220619,1.0,-3.0,success
2393,0.07507651299238205,-2.4577548503875732,-0.000247735355515033,0.03299587592482567,0.03299587592482567,1.0,3.0,success
2394,0.07451143115758896,-2.456862688064575,-0.0002477259549777955,0.03300199657678604,0.03300199657678604,1.0,-3.0,success
2395,0.07450076937675476,-2.4568445682525635,-0.0002526091120671481,0.0006744835409335792,0.0006569944671355188,0.0,-3.0,success
2396,0.07393946498632431,-2.455950975418091,-0.00024698040215298533,0.03297730162739754,0.03297683224081993,1.0,3.0,success
2397,0.0733758807182312,-2.4550578594207764,-0.00024692248553037643,0.033002182841300964,0.033002182841300964,1.0,3.0,success
2398,0.07281022518873215,-2.4541661739349365,-0.00024707510601729155,0.032999008893966675,0.032999008893966675,1.0,3.0,success
2399,0.07280965149402618,-2.4541661739349365,-0.0002521802089177072,0.00016053863510023803,1.792795956134796e-05,0.0,0.0,success
2400,0.07225381582975388,-2.4532930850982666,-0.00024662341456860304,0.03234440088272095,0.03234393522143364,1.0,-3.0,success
2401,0.07168855518102646,-2.4524011611938477,-0.0002465531579218805,0.032998695969581604,0.032998695969581604,1.0,3.0,success
2402,0.07112124562263489,-2.451510429382324,-0.0002467759477440268,0.03300158306956291,0.03300158306956291,1.0,3.0,success
2403,0.07055249065160751,-2.450620651245117,-0.0002469572355039418,0.03300075978040695,0.03300075978040695,1.0,-3.0,success
2404,0.06998526304960251,-2.4497299194335938,-0.0002471232146490365,0.03300020843744278,0.03300020843744278,1.0,3.0,success
2405,0.06917376071214676,-2.4494831562042236,-0.00022098417684901506,0.026518553495407104,0.0265059694647789,1.0,-3.0,success
