step,x,y,z,speed_3d,speed_xy,command_v,command_w,outcome
0,0.26758792996406555,-4.549923419952393,-0.009885440580546856,0.0,0.0,0.0,0.0,success
1,0.26759061217308044,-4.549941062927246,-0.0049981712363660336,0.15272818505764008,0.0005576779367402196,1.0,-3.0,success
2,0.26751211285591125,-4.548908710479736,-0.0040250481106340885,0.04440230503678322,0.032354146242141724,1.0,-3.0,success
3,0.26743459701538086,-4.547855377197266,-0.003268530825152993,0.04059900343418121,0.03300567343831062,1.0,3.0,success
4,0.26743581891059875,-4.547834396362305,-0.0026684983167797327,0.018762513995170593,0.0006567619857378304,0.0,-3.0,success
5,0.2673572599887848,-4.546802043914795,-0.0021792033221572638,0.03578544780611992,0.032354287803173065,1.0,3.0,success
6,0.2672770917415619,-4.545749187469482,-0.0017921380931511521,0.0351441353559494,0.0329970046877861,1.0,3.0,success
7,0.2672780156135559,-4.545727729797363,-0.0014877315843477845,0.009536351077258587,0.0006711734458804131,0.0,-3.0,success
8,0.2671968936920166,-4.544695854187012,-0.0012348731979727745,0.03329680487513542,0.03234560787677765,1.0,3.0,success
9,0.26719483733177185,-4.544674873352051,-0.0010417844168841839,0.006069880910217762,0.0006587926764041185,0.0,3.0,success
10,0.2671947181224823,-4.544674873352051,-0.0008830703445710242,0.004959816113114357,3.7252900710882386e-06,0.0,-3.0,success
11,0.2671946585178375,-4.544674873352051,-0.0007558614597655833,0.00397527776658535,1.8626450355441193e-06,0.0,-3.0,success
12,0.267194002866745,-4.544674873352051,-0.0006541230832226574,0.0031793899834156036,2.0489094822551124e-05,0.0,3.0,success
13,0.26719412207603455,-4.544674873352051,-0.0005727364332415164,0.0025433353148400784,3.7252900710882386e-06,0.0,-3.0,success
14,0.2671126127243042,-4.543642997741699,-0.0005027822917327285,0.03242034465074539,0.03234655410051346,1.0,3.0,success
15,0.2670295536518097,-4.542590141296387,-0.0004513954627327621,0.0330430269241333,0.03300398588180542,1.0,3.0,success
16,0.26703059673309326,-4.542569160461426,-0.0004154701891820878,0.001300506410188973,0.000656460877507925,0.0,-3.0,success
17,0.26694968342781067,-4.541537284851074,-0.0003773112839553505,0.03236706927418709,0.03234509751200676,1.0,-3.0,success
18,0.26687031984329224,-4.540484428405762,-0.00035106396535411477,0.03300530090928078,0.03299510478973389,1.0,-3.0,success
19,0.26686975359916687,-4.540463447570801,-0.0003352397179696709,0.0008214190602302551,0.000655889802146703,0.0,-3.0,success
20,0.2668701708316803,-4.540463447570801,-0.0003180329513270408,0.0005378694622777402,1.3038515135121997e-05,0.0,-3.0,success
21,0.26679903268814087,-4.539430618286133,-0.0002990868524648249,0.032357797026634216,0.03235238417983055,1.0,-3.0,success
22,0.2667296230792999,-4.538377285003662,-0.00028848947840742767,0.03298971429467201,0.0329880528151989,1.0,-3.0,success
23,0.2667296230792999,-4.538355827331543,-0.00028519521583803,0.0006784084835089743,0.0006705521955154836,0.0,-3.0,success
24,0.266663521528244,-4.537322998046875,-0.00027313566533848643,0.03234414383769035,0.03234194964170456,1.0,3.0,success
25,0.2665954530239105,-4.536269187927246,-0.000267749244812876,0.03300062194466591,0.03300018981099129,1.0,3.0,success
26,0.26652559638023376,-4.535215377807617,-0.00026371708372607827,0.03300408273935318,0.03300384059548378,1.0,-3.0,success
27,0.26652517914772034,-4.535194396972656,-0.0002653971023391932,0.000657878874335438,0.0006557807209901512,0.0,-3.0,success
28,0.2664611339569092,-4.534161567687988,-0.00025729218032211065,0.03233890235424042,0.03233790770173073,1.0,-3.0,success
29,0.26639825105667114,-4.533107280731201,-0.00025508878752589226,0.033005088567733765,0.033005017787218094,1.0,3.0,success
30,0.266397088766098,-4.53308629989624,-0.0002584847970865667,0.0006651767762377858,0.0006566563388332725,0.0,3.0,success
31,0.26633086800575256,-4.532053470611572,-0.00025175235350616276,0.03234286978840828,0.03234218806028366,1.0,-3.0,success
32,0.2662660479545593,-4.530999660491943,-0.00025065260706469417,0.03299381956458092,0.032993804663419724,1.0,0.0,success
33,0.26620084047317505,-4.529945373535156,-0.00025005993666127324,0.03300942853093147,0.033009421080350876,1.0,3.0,success
34,0.2661331593990326,-4.528891563415527,-0.00024959418806247413,0.03299941495060921,0.03299941122531891,1.0,3.0,success
35,0.2660636901855469,-4.527837753295898,-0.0002492120547685772,0.03300304338335991,0.03300304338335991,1.0,-3.0,success
36,0.2659967243671417,-4.5267839431762695,-0.0002489160106051713,0.032997991889715195,0.032997988164424896,1.0,-3.0,success
37,0.26599571108818054,-4.526762962341309,-0.00025357227423228323,0.000672349298838526,0.0006564152427017689,0.0,3.0,success
38,0.2659962475299835,-4.526762962341309,-0.00025270943297073245,3.1750136258779094e-05,1.6763806343078613e-05,0.0,-3.0,success
39,0.2659298777580261,-4.525730133056641,-0.00024685461539775133,0.032343000173568726,0.03234248608350754,1.0,3.0,success
40,0.2659284770488739,-4.52570915222168,-0.0002515991509426385,0.0006736299255862832,0.0006571105914190412,0.0,3.0,success
41,0.2659287452697754,-4.52570915222168,-0.0002511153870727867,1.7285794456256554e-05,8.381903171539307e-06,0.0,-3.0,success
42,0.26585936546325684,-4.524676322937012,-0.0002455786452628672,0.0323491171002388,0.03234865143895149,1.0,3.0,success
43,0.26578816771507263,-4.523622989654541,-0.0002456960210110992,0.03299177438020706,0.03299177438020706,1.0,3.0,success
44,0.265714555978775,-4.522569179534912,-0.00024608959211036563,0.03301181644201279,0.03301181271672249,1.0,3.0,success
45,0.2656385600566864,-4.521515846252441,-0.00024641904747113585,0.03300222381949425,0.03300222381949425,1.0,3.0,success
46,0.26563647389411926,-4.5214948654174805,-0.00025156582705676556,0.0006782307173125446,0.0006588841788470745,0.0,3.0,success
47,0.26563626527786255,-4.5214948654174805,-0.0002511039492674172,1.5837671526242048e-05,6.519257567560999e-06,0.0,-3.0,success
48,0.26555970311164856,-4.520462989807129,-0.00024555911659263074,0.03233521431684494,0.03233475238084793,1.0,-3.0,success
49,0.26548415422439575,-4.519409656524658,-0.00024569069501012564,0.03300122171640396,0.03300122171640396,1.0,3.0,success
50,0.26548245549201965,-4.519388675689697,-0.0002509683254174888,0.0006781570264138281,0.0006577966269105673,0.0,3.0,success
51,0.2654825448989868,-4.519388675689697,-0.0002506254822947085,1.1072162124037277e-05,2.79396749647276e-06,0.0,-3.0,success
52,0.2654047906398773,-4.518335819244385,-0.00024508536444045603,0.032991815358400345,0.03299136087298393,1.0,0.0,success
53,0.2653270661830902,-4.517282485961914,-0.00024539438891224563,0.03300615772604942,0.033006154000759125,1.0,0.0,success
54,0.2653254568576813,-4.517261505126953,-0.00025074087898246944,0.0006784707657061517,0.0006575770094059408,0.0,3.0,success
55,0.2653256952762604,-4.517261505126953,-0.00025044407811947167,1.189694376080297e-05,7.450580142176477e-06,0.0,-3.0,success
56,0.2653259336948395,-4.517261505126953,-0.0002499166876077652,1.8086817362927832e-05,7.450580142176477e-06,0.0,-3.0,success
57,0.2652489244937897,-4.516229152679443,-0.000244606111664325,0.03235107287764549,0.03235064446926117,1.0,3.0,success
58,0.26517021656036377,-4.515176296234131,-0.00024491772637702525,0.03299356997013092,0.03299356997013092,1.0,3.0,success
59,0.26517125964164734,-4.51515531539917,-0.0002503392461221665,0.0006779711111448705,0.000656460877507925,0.0,-3.0,success
60,0.26517054438591003,-4.51515531539917,-0.0002501427079550922,2.3180211428552866e-05,2.235173997178208e-05,0.0,3.0,success
61,0.26509174704551697,-4.514123439788818,-0.0002447814040351659,0.03234042972326279,0.03233999386429787,1.0,-3.0,success
62,0.26501452922821045,-4.513070106506348,-0.0002450578031130135,0.0330049954354763,0.0330049954354763,1.0,-3.0,success
63,0.26501473784446716,-4.5130696296691895,-0.00025056287995539606,0.00017280082101933658,1.6264848454738967e-05,0.0,0.0,success
64,0.2649410665035248,-4.512037754058838,-0.00024533053510822356,0.03232860192656517,0.03232819214463234,1.0,-3.0,success
65,0.2649407982826233,-4.512016296386719,-0.00025038994499482214,0.0006889907526783645,0.0006706046406179667,0.0,-3.0,success
66,0.2648695111274719,-4.510983943939209,-0.0002452855696901679,0.032338231801986694,0.03233783692121506,1.0,3.0,success
67,0.2648681402206421,-4.510962963104248,-0.00025035854196175933,0.0006759034586139023,0.0006570491823367774,0.0,3.0,success
68,0.26479431986808777,-4.509930610656738,-0.00024523900356143713,0.032343778759241104,0.032343387603759766,1.0,-3.0,success
69,0.26472175121307373,-4.508877277374268,-0.0002454428467899561,0.03299469128251076,0.03299469128251076,1.0,0.0,success
70,0.26464951038360596,-4.507823467254639,-0.0002458835078869015,0.03300885856151581,0.03300885483622551,1.0,-3.0,success
71,0.26464930176734924,-4.507802486419678,-0.0002511352358851582,0.0006759105017408729,0.0006556834559887648,0.0,-3.0,success
72,0.2646499276161194,-4.507802486419678,-0.00025077094323933125,2.2629741579294205e-05,1.9557772247935645e-05,0.0,-3.0,success
73,0.26458555459976196,-4.50676965713501,-0.0002452938642818481,0.03233899548649788,0.03233854100108147,1.0,-3.0,success
74,0.2645230293273926,-4.505715370178223,-0.0002454683999530971,0.03300435468554497,0.03300435468554497,1.0,-3.0,success
75,0.2644622027873993,-4.5046610832214355,-0.00024591723922640085,0.033001258969306946,0.03300125524401665,1.0,3.0,success
76,0.26439884305000305,-4.503607273101807,-0.00024628094979561865,0.03299103304743767,0.03299103304743767,1.0,3.0,success
77,0.26439759135246277,-4.5035858154296875,-0.00025145485415123403,0.0006908778450451791,0.000671692076139152,0.0,3.0,success
78,0.26433005928993225,-4.502553462982178,-0.0002461416879668832,0.03233039379119873,0.03232996165752411,1.0,3.0,success
79,0.2642589211463928,-4.501499652862549,-0.00024615996517241,0.033006515353918076,0.033006515353918076,1.0,3.0,success
80,0.2641860544681549,-4.500446319580078,-0.0002464507706463337,0.03299533203244209,0.03299533203244209,1.0,-3.0,success
81,0.26411569118499756,-4.499392509460449,-0.0002467067970428616,0.033004891127347946,0.033004891127347946,1.0,-3.0,success
82,0.26404714584350586,-4.49833869934082,-0.00024692321312613785,0.03300115838646889,0.03300115466117859,1.0,3.0,success
83,0.26404833793640137,-4.498317718505859,-0.0002519582340028137,0.0006752950139343739,0.0006567084928974509,0.0,-3.0,success
84,0.2639801800251007,-4.4972639083862305,-0.00024645228404551744,0.03300081938505173,0.03300037235021591,1.0,0.0,success
85,0.26398134231567383,-4.4972429275512695,-0.00025137915508821607,0.0006744647398591042,0.0006566563388332725,0.0,-3.0,success
86,0.26398158073425293,-4.4972429275512695,-0.00025095450109802186,1.5218924090731889e-05,7.450580142176477e-06,0.0,-3.0,success
87,0.26398152112960815,-4.4972429275512695,-0.0002503299620002508,1.9605526176746935e-05,1.8626450355441193e-06,0.0,0.0,success
88,0.2639193832874298,-4.496210098266602,-0.0002449220628477633,0.032334715127944946,0.03233427554368973,1.0,-3.0,success
89,0.2638591527938843,-4.4951558113098145,-0.0002451698819641024,0.03300018608570099,0.03300018608570099,1.0,-3.0,success
90,0.263858437538147,-4.495134353637695,-0.0002505615120753646,0.0006917573628015816,0.0006709246663376689,0.0,3.0,success
91,0.2637980878353119,-4.494101524353027,-0.0002454263740219176,0.03233136236667633,0.032330963760614395,1.0,3.0,success
92,0.2637980878353119,-4.494101047515869,-0.0002505617158021778,0.0001611697516636923,1.4901160284352954e-05,0.0,0.0,success
93,0.26379844546318054,-4.494101047515869,-0.0002502000716049224,1.5894063835730776e-05,1.117586998589104e-05,0.0,-3.0,success
94,0.2637987732887268,-4.494101047515869,-0.00024971700622700155,1.824373066483531e-05,1.0244547411275562e-05,0.0,-3.0,success
95,0.2637387216091156,-4.493068218231201,-0.00024444644805043936,0.032330844551324844,0.03233042359352112,1.0,3.0,success
96,0.26367732882499695,-4.492013931274414,-0.0002447794540785253,0.033002279698848724,0.033002275973558426,1.0,-3.0,success
97,0.2636184096336365,-4.490959644317627,-0.0002453556808177382,0.03299787640571594,0.032997872680425644,1.0,-3.0,success
98,0.26356127858161926,-4.489904880523682,-0.0002458419185131788,0.03300968557596207,0.03300968185067177,1.0,3.0,success
99,0.2635602056980133,-4.489883899688721,-0.0002511043567210436,0.0006767914164811373,0.0006565077346749604,0.0,3.0,success
100,0.26355987787246704,-4.489883899688721,-0.0002507450117263943,1.5200432244455442e-05,1.0244547411275562e-05,0.0,3.0,success
101,0.2634963095188141,-4.488851070404053,-0.0002452738699503243,0.03233744204044342,0.03233698755502701,1.0,3.0,success
102,0.2634299099445343,-4.487797260284424,-0.0002454410132486373,0.03299687057733536,0.03299687057733536,1.0,-3.0,success
103,0.2634294927120209,-4.487775802612305,-0.00025076628662645817,0.0006910167867317796,0.0006706789718009531,0.0,-3.0,success
104,0.26342982053756714,-4.487775802612305,-0.00025047484086826444,1.3707683137909044e-05,1.0244547411275562e-05,0.0,-3.0,success
105,0.2634294629096985,-4.487775802612305,-0.0002499522524885833,1.9788833014899865e-05,1.117586998589104e-05,0.0,3.0,success
106,0.2633680999279022,-4.486742973327637,-0.0002446253492962569,0.03233325481414795,0.032332830131053925,1.0,3.0,success
107,0.2633032500743866,-4.485689163208008,-0.00024493184173479676,0.0329938605427742,0.0329938605427742,1.0,3.0,success
108,0.26323598623275757,-4.484634876251221,-0.0002454782952554524,0.03301345556974411,0.03301345184445381,1.0,3.0,success
109,0.2632366716861725,-4.48461389541626,-0.00025080173509195447,0.0006767657469026744,0.0006560008623637259,0.0,-3.0,success
110,0.26317113637924194,-4.483581066131592,-0.00024561784812249243,0.032341230660676956,0.032340820878744125,1.0,-3.0,success
111,0.26317098736763,-4.483581066131592,-0.00025072594871744514,0.00015969605010468513,4.656612873077393e-06,0.0,0.0,success
112,0.26310834288597107,-4.482548236846924,-0.00024544697953388095,0.03233565017580986,0.032335225492715836,1.0,-3.0,success
113,0.2631073594093323,-4.482526779174805,-0.00025049361283890903,0.0006895334809087217,0.0006712561589665711,0.0,3.0,success
114,0.26304495334625244,-4.481493949890137,-0.00024534741532988846,0.032335177063941956,0.03233477845788002,1.0,-3.0,success
115,0.263044148683548,-4.481472969055176,-0.0002504178264643997,0.0006749941385351121,0.0006561331101693213,0.0,3.0,success
116,0.2629818916320801,-4.48043966293335,-0.00024528702488169074,0.03234976902604103,0.032349370419979095,1.0,-3.0,success
117,0.26292142271995544,-4.4793853759765625,-0.000245476549025625,0.03300061449408531,0.03300061449408531,1.0,-3.0,success
118,0.2628633379936218,-4.478331089019775,-0.0002459147945046425,0.03299643471837044,0.03299643099308014,1.0,-3.0,success
119,0.2628072500228882,-4.47727632522583,-0.0002462839474901557,0.03300793841481209,0.03300793841481209,1.0,0.0,success
120,0.26280781626701355,-4.47727632522583,-0.0002515542437322438,0.00016564461111556739,1.7695128917694092e-05,0.0,0.0,success
121,0.2627525329589844,-4.476243019104004,-0.00024612454581074417,0.03233744204044342,0.032336995005607605,1.0,-3.0,success
122,0.2626992166042328,-4.475188255310059,-0.0002461432304698974,0.03300344944000244,0.03300344944000244,1.0,-3.0,success
123,0.26269978284835815,-4.4751667976379395,-0.0002513290091883391,0.0006900836015120149,0.0006707856664434075,0.0,-3.0,success
124,0.2627006471157074,-4.4751667976379395,-0.00025092551368288696,2.9806775273755193e-05,2.7008352844859473e-05,0.0,-3.0,success
125,0.26270076632499695,-4.4751667976379395,-0.00025031244149431586,1.9517328837537207e-05,3.7252900710882386e-06,0.0,3.0,success
126,0.26270148158073425,-4.4751667976379395,-0.0002497880777809769,2.7714857424143702e-05,2.235173997178208e-05,0.0,-3.0,success
127,0.26265451312065125,-4.474112033843994,-0.0002444000565446913,0.03299446031451225,0.03299402818083763,1.0,0.0,success
128,0.2626078724861145,-4.473057270050049,-0.00024484077584929764,0.03299357742071152,0.03299357742071152,1.0,-3.0,success
129,0.26256293058395386,-4.472002029418945,-0.0002454193017911166,0.03300616517663002,0.03300616145133972,1.0,3.0,success
130,0.26251617074012756,-4.470947265625,-0.00024587337975390255,0.03299374505877495,0.03299374133348465,1.0,-3.0,success
131,0.2624717950820923,-4.4698920249938965,-0.0002462461998220533,0.03300541639328003,0.03300541266798973,1.0,-3.0,success
132,0.2624291777610779,-4.468836784362793,-0.00024655472952872515,0.033003151416778564,0.033003147691488266,1.0,3.0,success
133,0.26238471269607544,-4.467782020568848,-0.0002467819722369313,0.03299064561724663,0.03299064189195633,1.0,-3.0,success
134,0.2623426616191864,-4.466726779937744,-0.00024697286426089704,0.03300243988633156,0.03300243988633156,1.0,-3.0,success
135,0.2623431384563446,-4.466726303100586,-0.00025210913736373186,0.0001618859969312325,2.1073423340567388e-05,0.0,0.0,success
136,0.2623438537120819,-4.466726303100586,-0.0002514531079214066,3.032965469174087e-05,2.235173997178208e-05,0.0,-3.0,success
137,0.26230648159980774,-4.465692520141602,-0.000245835428358987,0.03232729807496071,0.032326821237802505,1.0,-3.0,success
138,0.26227089762687683,-4.46463680267334,-0.000245911069214344,0.033009905368089676,0.033009905368089676,1.0,3.0,success
139,0.2622334957122803,-4.463581562042236,-0.000246251787757501,0.032996974885463715,0.032996974885463715,1.0,-3.0,success
140,0.26223406195640564,-4.463560581207275,-0.00025142921367660165,0.0006755507783964276,0.000655889802146703,0.0,-3.0,success
141,0.26220059394836426,-4.462526321411133,-0.00024613263667561114,0.03233795985579491,0.03233753517270088,1.0,3.0,success
142,0.2622000575065613,-4.462504863739014,-0.000251035817200318,0.0006880399887450039,0.0006707617430947721,0.0,3.0,success
143,0.2622000575065613,-4.462504863739014,-0.0002506704186089337,1.1418705071264412e-05,0.0,0.0,0.0,success
144,0.2621611952781677,-4.461470603942871,-0.0002452189801260829,0.032343875616788864,0.03234342485666275,1.0,3.0,success
145,0.26212024688720703,-4.460415363311768,-0.0002454024215694517,0.03300108760595322,0.03300108760595322,1.0,0.0,success
146,0.26212069392204285,-4.460394382476807,-0.0002507313620299101,0.0006766132428310812,0.0006557998713105917,0.0,-3.0,success
147,0.2620816230773926,-4.459360122680664,-0.00024557331926189363,0.03234407305717468,0.03234367072582245,1.0,3.0,success
148,0.26204022765159607,-4.4583048820495605,-0.0002457060618326068,0.03300163149833679,0.03300163149833679,1.0,3.0,success
149,0.26204046607017517,-4.4582839012146,-0.00025096943136304617,0.000676008581649512,0.000655693409498781,0.0,-3.0,success
150,0.2620396614074707,-4.4582839012146,-0.00025064742658287287,2.7084377506980672e-05,2.5145707695628516e-05,0.0,3.0,success
151,0.2620396912097931,-4.4582839012146,-0.0002500703267287463,1.805840111046564e-05,9.313225177720597e-07,0.0,-3.0,success
152,0.26203975081443787,-4.4582839012146,-0.00024960297741927207,1.4722964806423988e-05,1.8626450355441193e-06,0.0,-3.0,success
153,0.2620006203651428,-4.457250118255615,-0.0002443550620228052,0.032329268753528595,0.03232885152101517,1.0,3.0,success
154,0.26195913553237915,-4.456194877624512,-0.0002447163569740951,0.03300173953175545,0.03300173953175545,1.0,3.0,success
155,0.26191526651382446,-4.455139636993408,-0.0002453060878906399,0.0330047570168972,0.0330047532916069,1.0,3.0,success
156,0.26186904311180115,-4.454084396362305,-0.0002457925002090633,0.033007893711328506,0.03300788998603821,1.0,3.0,success
157,0.2618204653263092,-4.453029632568359,-0.0002461823169142008,0.03299630433320999,0.03299630433320999,1.0,3.0,success
158,0.261769562959671,-4.451974868774414,-0.00024649413535371423,0.03299972787499428,0.03299972414970398,1.0,3.0,success
159,0.2617170512676239,-4.450920104980469,-0.0002467324957251549,0.03300219401717186,0.03300219029188156,1.0,-3.0,success
160,0.2616671323776245,-4.449865341186523,-0.00024693255545571446,0.032998260110616684,0.032998260110616684,1.0,-3.0,success
161,0.2616668939590454,-4.4498443603515625,-0.00025197435752488673,0.0006743573467247188,0.000655693409498781,0.0,-3.0,success
162,0.26166707277297974,-4.4498443603515625,-0.00025144167011603713,1.7559337720740587e-05,5.58793499294552e-06,0.0,-3.0,success
163,0.2616666257381439,-4.4498443603515625,-0.0002507255703676492,2.6380606868769974e-05,1.3969837709737476e-05,0.0,3.0,success
164,0.2616215646266937,-4.448810577392578,-0.00024524415493942797,0.032336845993995667,0.032336391508579254,1.0,3.0,success
165,0.2616215646266937,-4.448810577392578,-0.00024659463088028133,4.220236951368861e-05,0.0,0.0,0.0,success
166,0.2616215646266937,-4.448810577392578,-0.00024682533694431186,7.209564046206651e-06,0.0,0.0,0.0,success
167,0.2616219222545624,-4.448810577392578,-0.00024700319045223296,1.2481609701353591e-05,1.117586998589104e-05,0.0,-3.0,success
168,0.261575847864151,-4.447776794433594,-0.00024227445828728378,0.03233812376856804,0.03233778476715088,1.0,3.0,success
169,0.26152825355529785,-4.446722030639648,-0.000243042319198139,0.03299491107463837,0.03299490734934807,1.0,-3.0,success
170,0.26152825355529785,-4.446722030639648,-0.00024451533681713045,4.603179695550352e-05,0.0,0.0,0.0,success
171,0.2615286111831665,-4.446722030639648,-0.00024515530094504356,2.290971860929858e-05,1.117586998589104e-05,0.0,-3.0,success
172,0.2614845931529999,-4.445688247680664,-0.00024079585273284465,0.032335273921489716,0.032334987074136734,1.0,3.0,success
173,0.2614382803440094,-4.4446330070495605,-0.00024187010421883315,0.03300803154706955,0.03300801292061806,1.0,3.0,success
174,0.26143699884414673,-4.4446120262146,-0.00024791405303403735,0.0006834875675849617,0.0006568729877471924,0.0,3.0,success
175,0.2614363133907318,-4.4446120262146,-0.0002481931005604565,2.3127402528189123e-05,2.1420417397166602e-05,0.0,3.0,success
176,0.26143643260002136,-4.4446120262146,-0.00024810698232613504,4.5956844587635715e-06,3.7252900710882386e-06,0.0,-3.0,success
177,0.2613847851753235,-4.443578720092773,-0.00024315826885867864,0.032331496477127075,0.03233112394809723,1.0,3.0,success
178,0.26133137941360474,-4.442523956298828,-0.00024375416978728026,0.03300359845161438,0.03300359472632408,1.0,0.0,success
179,0.2613300383090973,-4.442502498626709,-0.00024942547315731645,0.0006948427762836218,0.0006718606455251575,0.0,3.0,success
180,0.2612745463848114,-4.441469192504883,-0.0002445177815388888,0.03233770653605461,0.03233734518289566,1.0,3.0,success
181,0.26121577620506287,-4.440414905548096,-0.000244861381361261,0.03299761563539505,0.03299761563539505,1.0,3.0,success
182,0.26121625304222107,-4.440393924713135,-0.0002502945135347545,0.0006774418288841844,0.0006558204186148942,0.0,-3.0,success
183,0.2612154185771942,-4.440393924713135,-0.0002501074050087482,2.6724532290245406e-05,2.6077030270243995e-05,0.0,3.0,success
184,0.2612154185771942,-4.440393924713135,-0.00024963836767710745,1.465741570427781e-05,0.0,0.0,-3.0,success
185,0.2612147331237793,-4.440393924713135,-0.0002492683124728501,2.4342671167687513e-05,2.1420417397166602e-05,0.0,3.0,success
186,0.26121416687965393,-4.440393924713135,-0.0002489621110726148,2.0116644009249285e-05,1.7695128917694092e-05,0.0,3.0,success
187,0.2611519992351532,-4.439361095428467,-0.0002438320079818368,0.03233472630381584,0.032334327697753906,1.0,3.0,success
188,0.26108723878860474,-4.438307285308838,-0.00024428716278634965,0.03299369290471077,0.03299368917942047,1.0,-3.0,success
189,0.26108673214912415,-4.438285827636719,-0.00024984386982396245,0.0006928522489033639,0.0006707391003146768,0.0,-3.0,success
190,0.2610255479812622,-4.437252998352051,-0.00024486315669491887,0.03233287110924721,0.03233249485492706,1.0,3.0,success
191,0.2609623670578003,-4.436198711395264,-0.0002451383916195482,0.03300557658076286,0.033005572855472565,1.0,3.0,success
192,0.26096078753471375,-4.436177730560303,-0.00025052716955542564,0.0006787290330976248,0.0006575064035132527,0.0,3.0,success
193,0.2608936131000519,-4.435144901275635,-0.0002453990455251187,0.032344505190849304,0.03234410658478737,1.0,3.0,success
194,0.26089179515838623,-4.435123920440674,-0.0002504492294974625,0.0006767660961486399,0.0006581077468581498,0.0,3.0,success
195,0.2608204782009125,-4.434091567993164,-0.000245311384787783,0.03233829885721207,0.03233790025115013,1.0,-3.0,success
196,0.260750949382782,-4.433037757873535,-0.0002454954956192523,0.03300316631793976,0.03300316631793976,1.0,-3.0,success
197,0.26075053215026855,-4.433016777038574,-0.00025081116473302245,0.0006764926947653294,0.0006557807209901512,0.0,-3.0,success
198,0.26075029373168945,-4.433016777038574,-0.00025052117416635156,1.1731782251445111e-05,7.450580142176477e-06,0.0,3.0,success
199,0.2606835961341858,-4.431983947753906,-0.00024509517243131995,0.03234358876943588,0.03234314173460007,1.0,3.0,success
200,0.2606821656227112,-4.431962966918945,-0.00025019136955961585,0.0006761946715414524,0.000657173281069845,0.0,3.0,success
201,0.26068171858787537,-4.431962966918945,-0.00024999945890158415,1.5202725080598611e-05,1.3969837709737476e-05,0.0,3.0,success
202,0.2606085240840912,-4.4309306144714355,-0.00024466559989377856,0.03234242647886276,0.03234199807047844,1.0,-3.0,success
203,0.2605369985103607,-4.429876804351807,-0.00024496534024365246,0.03300733119249344,0.03300733119249344,1.0,-3.0,success
204,0.260467529296875,-4.428822994232178,-0.00024550993111915886,0.03300304710865021,0.03300304338335991,1.0,0.0,success
205,0.26039770245552063,-4.427769660949707,-0.00024596095317974687,0.03298891335725784,0.032988909631967545,1.0,3.0,success
206,0.2603253424167633,-4.426715850830078,-0.00024631666019558907,0.033009108155965805,0.033009108155965805,1.0,3.0,success
207,0.2603251039981842,-4.426715850830078,-0.0002515744708944112,0.00016447542293462902,7.450580142176477e-06,0.0,0.0,success
208,0.2602520287036896,-4.425683498382568,-0.00024614002904854715,0.032342180609703064,0.03234173730015755,1.0,-3.0,success
209,0.26018068194389343,-4.4246296882629395,-0.00024615522124804556,0.033006954938173294,0.033006954938173294,1.0,-3.0,success
210,0.26018041372299194,-4.4246087074279785,-0.00025133840972557664,0.0006754142232239246,0.0006557046435773373,0.0,-3.0,success
211,0.26011237502098083,-4.4235758781433105,-0.0002460586547385901,0.032346293330192566,0.03234587237238884,1.0,3.0,success
212,0.2601110637187958,-4.42355489730835,-0.0002509772020857781,0.0006746722501702607,0.0006569303805008531,0.0,3.0,success
213,0.26004040241241455,-4.42252254486084,-0.00024573400150984526,0.03233691304922104,0.03233649581670761,1.0,-3.0,success
214,0.2600392699241638,-4.422501564025879,-0.00025072693824768066,0.0006748895393684506,0.000656605523545295,0.0,3.0,success
215,0.2599688172340393,-4.421468734741211,-0.0002455342619214207,0.03235132619738579,0.03235091641545296,1.0,-3.0,success
216,0.2599686086177826,-4.42144775390625,-0.00025055595324374735,0.0006742011173628271,0.0006556834559887648,0.0,-3.0,success
217,0.25996923446655273,-4.42144775390625,-0.00025029300013557076,2.121391662512906e-05,1.9557772247935645e-05,0.0,-3.0,success
218,0.2599059045314789,-4.420414924621582,-0.0002449107123538852,0.032336968928575516,0.0323365293443203,1.0,-3.0,success
219,0.2598443925380707,-4.419360637664795,-0.00024516196572221816,0.033002499490976334,0.033002495765686035,1.0,-3.0,success
220,0.25984495878219604,-4.419360160827637,-0.00025064623332582414,0.00017293760902248323,2.313357254024595e-05,0.0,0.0,success
221,0.25984540581703186,-4.419360160827637,-0.0002502870047464967,1.79214130184846e-05,1.3969837709737476e-05,0.0,0.0,success
222,0.2597846984863281,-4.4183268547058105,-0.0002449085586704314,0.0323469303548336,0.03234649449586868,1.0,3.0,success
223,0.25972190499305725,-4.417273044586182,-0.00024515920085832477,0.0329899787902832,0.032989975064992905,1.0,3.0,success
224,0.2596573233604431,-4.4162187576293945,-0.00024564986233599484,0.03300822526216507,0.03300822153687477,1.0,-3.0,success
225,0.25959521532058716,-4.415164947509766,-0.000246066483668983,0.032988712191581726,0.03298870846629143,1.0,-3.0,success
226,0.2595355808734894,-4.41411018371582,-0.0002464010030962527,0.03301400691270828,0.033014003187417984,1.0,-3.0,success
227,0.25953495502471924,-4.414089202880859,-0.0002515610831324011,0.0006754726055078208,0.0006559426547028124,0.0,3.0,success
228,0.2594759464263916,-4.413055896759033,-0.000246216484811157,0.03234385699033737,0.03234342485666275,1.0,-3.0,success
229,0.2594188153743744,-4.412001609802246,-0.0002462206466589123,0.03299480304121971,0.03299480304121971,1.0,-3.0,success
230,0.2593633234500885,-4.410947322845459,-0.00024651948479004204,0.03299207240343094,0.03299207240343094,1.0,3.0,success
231,0.25936466455459595,-4.41092586517334,-0.0002516346285119653,0.000690614280756563,0.0006718606455251575,0.0,-3.0,success
232,0.25931036472320557,-4.409892559051514,-0.0002462851698510349,0.0323358029127121,0.032335370779037476,1.0,-3.0,success
233,0.25925812125205994,-4.408837795257568,-0.00024627582752145827,0.033001773059368134,0.033001773059368134,1.0,-3.0,success
234,0.2592076063156128,-4.407783031463623,-0.0002465636935085058,0.03299914672970772,0.03299914672970772,1.0,3.0,success
235,0.2592068910598755,-4.407762050628662,-0.00025168037973344326,0.0006752368644811213,0.0006560319452546537,0.0,3.0,success
236,0.2591516077518463,-4.406707286834717,-0.00024621968623250723,0.033007051795721054,0.03300660848617554,1.0,0.0,success
237,0.25909659266471863,-4.40565299987793,-0.00024631089763715863,0.03299129381775856,0.03299129381775856,1.0,-3.0,success
238,0.25904402136802673,-4.404598236083984,-0.000246585754211992,0.03300228342413902,0.03300228342413902,1.0,-3.0,success
239,0.25899386405944824,-4.403543472290039,-0.00024681593640707433,0.03299861401319504,0.03299861401319504,1.0,-3.0,success
240,0.258994460105896,-4.40352201461792,-0.0002518816036172211,0.0006892363890074193,0.0006708108703605831,0.0,-3.0,success
241,0.2589494585990906,-4.4024882316589355,-0.0002464837452862412,0.032336752861738205,0.03233630955219269,1.0,-3.0,success
242,0.2589067220687866,-4.401432991027832,-0.0002464348799549043,0.0330033004283905,0.0330033004283905,1.0,-3.0,success
243,0.258906751871109,-4.401412010192871,-0.0002515733358450234,0.0006750289467163384,0.0006556517328135669,0.0,3.0,success
244,0.25886332988739014,-4.400378227233887,-0.00024623569333925843,0.03233462944626808,0.03233420103788376,1.0,3.0,success
245,0.25881677865982056,-4.399322986602783,-0.0002462345873937011,0.03300834074616432,0.03300834074616432,1.0,3.0,success
246,0.25876766443252563,-4.398268222808838,-0.0002465205325279385,0.03299708291888237,0.03299707919359207,1.0,3.0,success
247,0.25876739621162415,-4.398268222808838,-0.0002517366665415466,0.00016321954899467528,8.381903171539307e-06,0.0,0.0,success
248,0.2587675154209137,-4.398268222808838,-0.00025115429889410734,1.857635288615711e-05,3.7252900710882386e-06,0.0,-3.0,success
249,0.2587195038795471,-4.3972344398498535,-0.00024559596204198897,0.03234100341796875,0.03234053775668144,1.0,-3.0,success
250,0.2587187588214874,-4.397213459014893,-0.0002506027522031218,0.0006744634010829031,0.0006560643087141216,0.0,3.0,success
251,0.2586701512336731,-4.396158695220947,-0.00024534258409403265,0.032996758818626404,0.03299634903669357,1.0,0.0,success
252,0.25862184166908264,-4.395103454589844,-0.00024560862220823765,0.033010806888341904,0.033010806888341904,1.0,-3.0,success
253,0.2585756480693817,-4.394048690795898,-0.0002460289979353547,0.03299296274781227,0.03299296274781227,1.0,0.0,success
254,0.25852903723716736,-4.392993450164795,-0.0002463762939441949,0.03300842270255089,0.03300841897726059,1.0,3.0,success
255,0.2585298717021942,-4.392972469329834,-0.0002515203959774226,0.0006755737704224885,0.0006561694317497313,0.0,-3.0,success
256,0.25848445296287537,-4.39193868637085,-0.00024619369651190937,0.032337307929992676,0.03233687952160835,1.0,-3.0,success
257,0.2584846317768097,-4.391938209533691,-0.0002511862840037793,0.0001568279112689197,1.5914445611997508e-05,0.0,0.0,success
258,0.25844189524650574,-4.390904426574707,-0.00024581552133895457,0.032333746552467346,0.032333310693502426,1.0,-3.0,success
259,0.25840067863464355,-4.3898491859436035,-0.0002459051029291004,0.03300141543149948,0.03300141543149948,1.0,3.0,success
260,0.2583569884300232,-4.388794422149658,-0.00024625720106996596,0.032989632338285446,0.03298962861299515,1.0,3.0,success
261,0.25835612416267395,-4.388772964477539,-0.0002514351799618453,0.0006903280736878514,0.0006710959132760763,0.0,3.0,success
262,0.2583078145980835,-4.387739658355713,-0.00024612603010609746,0.03232651203870773,0.03232608363032341,1.0,3.0,success
263,0.2582564055919647,-4.386684894561768,-0.00024614747962914407,0.03300049528479576,0.03300049528479576,1.0,3.0,success
264,0.25825589895248413,-4.386684417724609,-0.00025142449885606766,0.00016633393533993512,2.174194378312677e-05,0.0,0.0,success
265,0.2582551836967468,-4.386684417724609,-0.0002509144542273134,2.745266283454839e-05,2.235173997178208e-05,0.0,3.0,success
266,0.2582545280456543,-4.386684417724609,-0.0002502897987142205,2.8299335099291056e-05,2.0489094822551124e-05,0.0,3.0,success
267,0.25819680094718933,-4.385630130767822,-0.0002447923179715872,0.03299626335501671,0.03299581632018089,1.0,0.0,success
268,0.2581387460231781,-4.384575843811035,-0.0002451641485095024,0.03299637883901596,0.03299637883901596,1.0,3.0,success
269,0.2580782473087311,-4.383521556854248,-0.0002456684596836567,0.03300066664814949,0.03300066664814949,1.0,3.0,success
270,0.2580786645412445,-4.383500576019287,-0.00025095377350226045,0.0006762604461982846,0.0006557807209901512,0.0,-3.0,success
271,0.25807854533195496,-4.383500576019287,-0.0002506243181414902,1.0948730050586164e-05,3.7252900710882386e-06,0.0,-3.0,success
272,0.25802192091941833,-4.382467269897461,-0.0002451760519761592,0.032339710742235184,0.03233925998210907,1.0,-3.0,success
273,0.25802090764045715,-4.3824462890625,-0.0002502674178685993,0.0006754223722964525,0.0006564152427017689,0.0,3.0,success
274,0.2580212652683258,-4.3824462890625,-0.00025005085626617074,1.3065214261587244e-05,1.117586998589104e-05,0.0,-3.0,success
275,0.25796523690223694,-4.381412982940674,-0.0002447273873258382,0.03233867511153221,0.03233824670314789,1.0,3.0,success
276,0.25790783762931824,-4.3803582191467285,-0.0002450047468300909,0.03301013633608818,0.03301013633608818,1.0,-3.0,success
277,0.25790756940841675,-4.380337238311768,-0.00025041759363375604,0.0006771711050532758,0.0006557046435773373,0.0,-3.0,success
278,0.2578538656234741,-4.379303932189941,-0.0002453222987242043,0.03233478590846062,0.03233439847826958,1.0,3.0,success
279,0.2578546404838562,-4.379282474517822,-0.00025037748855538666,0.0006893349345773458,0.0006709892768412828,0.0,-3.0,success
280,0.25780266523361206,-4.378249168395996,-0.0002452643238939345,0.032332032918930054,0.03233163803815842,1.0,-3.0,success
281,0.2577521502971649,-4.377194404602051,-0.00024546872009523213,0.03299914672970772,0.03299914672970772,1.0,3.0,success
282,0.2576998770236969,-4.3761396408081055,-0.000245898641878739,0.03300182521343231,0.033001821488142014,1.0,-3.0,success
283,0.25764936208724976,-4.37508487701416,-0.00024627582752145827,0.03299914672970772,0.03299914672970772,1.0,3.0,success
284,0.2576501965522766,-4.375063419342041,-0.0002514403604436666,0.000690193846821785,0.0006710590678267181,0.0,-3.0,success
285,0.25760096311569214,-4.374030113220215,-0.00024612952256575227,0.03232787176966667,0.03232744708657265,1.0,-3.0,success
286,0.25755396485328674,-4.372974872589111,-0.00024615111760795116,0.03300895914435387,0.03300895914435387,1.0,-3.0,success
287,0.2575087249279022,-4.371920108795166,-0.0002464640710968524,0.032991670072078705,0.032991670072078705,1.0,3.0,success
288,0.25750961899757385,-4.371898651123047,-0.00025159009965136647,0.0006899863365106285,0.0006711340975016356,0.0,-3.0,success
289,0.2574654817581177,-4.3708648681640625,-0.00024624954676255584,0.03233557939529419,0.03233514726161957,1.0,-3.0,success
290,0.25742292404174805,-4.369809627532959,-0.00024625728838145733,0.033003076910972595,0.033003076910972595,1.0,3.0,success
291,0.25737854838371277,-4.3687543869018555,-0.0002465293509885669,0.03300541639328003,0.03300541266798973,1.0,-3.0,success
292,0.2573787569999695,-4.3687334060668945,-0.0002516511012800038,0.0006749358144588768,0.0006556834559887648,0.0,-3.0,success
293,0.2573792636394501,-4.3687334060668945,-0.00025118349003605545,2.1545369236264378e-05,1.5832483768463135e-05,0.0,-3.0,success
294,0.2573416829109192,-4.367678165435791,-0.0002455324574839324,0.03299764543771744,0.03299717605113983,1.0,0.0,success
295,0.25730371475219727,-4.3666229248046875,-0.000245757051743567,0.03299760818481445,0.032997604459524155,1.0,3.0,success
296,0.25726398825645447,-4.365567684173584,-0.0002461324038449675,0.03299963101744652,0.03299962729215622,1.0,-3.0,success
297,0.2572641968727112,-4.365546703338623,-0.00025133384042419493,0.0006755306385457516,0.0006556834559887648,0.0,-3.0,success
298,0.25722846388816833,-4.3645124435424805,-0.00024605635553598404,0.03234032168984413,0.032339900732040405,1.0,3.0,success
299,0.2571909427642822,-4.363456726074219,-0.0002460821997374296,0.03301199525594711,0.03301199525594711,1.0,-3.0,success
300,0.2571559250354767,-4.362401485443115,-0.0002463982964400202,0.03299442306160927,0.03299442306160927,1.0,-3.0,success
301,0.2571556568145752,-4.362380504608154,-0.000251558143645525,0.0006752396584488451,0.0006557046435773373,0.0,3.0,success
302,0.2571199834346771,-4.361346244812012,-0.00024622472119517624,0.032340265810489655,0.03233983740210533,1.0,3.0,success
303,0.2571205794811249,-4.361324787139893,-0.00025109786656685174,0.0006878795102238655,0.0006708108703605831,0.0,-3.0,success
304,0.257085382938385,-4.360291004180908,-0.0002458409871906042,0.03232485055923462,0.03232443332672119,1.0,-3.0,success
305,0.2570527195930481,-4.3592352867126465,-0.0002459196257404983,0.03300695866346359,0.033006954938173294,1.0,-3.0,success
306,0.25702181458473206,-4.358179569244385,-0.0002462789125274867,0.033005304634571075,0.033005304634571075,1.0,3.0,success
307,0.25698837637901306,-4.357124328613281,-0.0002465703582856804,0.03299282118678093,0.03299282118678093,1.0,3.0,success
308,0.2569524347782135,-4.3560686111450195,-0.00024680388742126524,0.03301028162240982,0.03301028162240982,1.0,3.0,success
309,0.2569515109062195,-4.356047630310059,-0.00025187304709106684,0.0006751340115442872,0.0006562864291481674,0.0,3.0,success
310,0.2569117844104767,-4.355013847351074,-0.00024646552628837526,0.03233000263571739,0.032329559326171875,1.0,-3.0,success
311,0.25691190361976624,-4.354992389678955,-0.00025130066205747426,0.0006873752572573721,0.0006705625564791262,0.0,-3.0,success
312,0.2568760812282562,-4.3539581298828125,-0.00024601517361588776,0.03234041854739189,0.032340001314878464,1.0,3.0,success
313,0.2568378150463104,-4.352902889251709,-0.00024605856742709875,0.032997943460941315,0.032997943460941315,1.0,3.0,success
314,0.2568380832672119,-4.352881908416748,-0.0002512511855456978,0.0006754849455319345,0.0006557046435773373,0.0,-3.0,success
315,0.256837397813797,-4.352881908416748,-0.00025087277754209936,2.4467750336043537e-05,2.1420417397166602e-05,0.0,3.0,success
316,0.25679811835289,-4.3518476486206055,-0.00024536566343158484,0.032344378530979156,0.03234391659498215,1.0,-3.0,success
317,0.25676125288009644,-4.350792407989502,-0.00024552500690333545,0.03299638628959656,0.03299638628959656,1.0,-3.0,success
318,0.2567608952522278,-4.350771427154541,-0.00025084539083763957,0.0006764955469407141,0.0006557463202625513,0.0,3.0,success
319,0.25676146149635315,-4.350771427154541,-0.00025052789715118706,2.0286874132580124e-05,1.7695128917694092e-05,0.0,-3.0,success
320,0.25676193833351135,-4.350771427154541,-0.0002499839465599507,2.2605132471653633e-05,1.4901160284352954e-05,0.0,-3.0,success
321,0.2567620277404785,-4.350770950317383,-0.00024953961838036776,2.055848017334938e-05,1.5160831935645547e-05,0.0,0.0,success
322,0.2567286491394043,-4.34973669052124,-0.000244300055783242,0.03233785927295685,0.03233744204044342,1.0,3.0,success
323,0.25669270753860474,-4.348681449890137,-0.00024467185721732676,0.03299539163708687,0.03299538791179657,1.0,3.0,success
324,0.2566550076007843,-4.347626209259033,-0.0002452600165270269,0.032997310161590576,0.03299730643630028,1.0,-3.0,success
325,0.25665509700775146,-4.347604751586914,-0.0002506361634004861,0.0006912840181030333,0.000670558016281575,0.0,-3.0,success
326,0.25662264227867126,-4.3465704917907715,-0.00024548679357394576,0.03233692795038223,0.03233652561903,1.0,-3.0,success
327,0.2566230893135071,-4.3465495109558105,-0.0002505188749637455,0.0006743900012224913,0.0006557998713105917,0.0,-3.0,success
328,0.25662288069725037,-4.3465495109558105,-0.00025027355877682567,1.0063313311547972e-05,6.519257567560999e-06,0.0,3.0,success
329,0.2565925717353821,-4.345515251159668,-0.00024489639326930046,0.03233492746949196,0.03233449161052704,1.0,3.0,success
330,0.25659191608428955,-4.345493793487549,-0.00025003228802233934,0.0006897965795360506,0.0006708651781082153,0.0,3.0,success
331,0.25655725598335266,-4.344459533691406,-0.00024497733102180064,0.032339148223400116,0.032338760793209076,1.0,-3.0,success
332,0.25652432441711426,-4.343404293060303,-0.000245238741626963,0.032992321997880936,0.032992321997880936,1.0,3.0,success
333,0.2564889192581177,-4.342348575592041,-0.00024572474649176,0.03300971910357475,0.033009715378284454,1.0,3.0,success
334,0.25648921728134155,-4.34232759475708,-0.00025099836057052016,0.0006761096301488578,0.0006557172164320946,0.0,-3.0,success
335,0.2564885914325714,-4.34232759475708,-0.00025067132082767785,2.206704994023312e-05,1.9557772247935645e-05,0.0,3.0,success
336,0.2564520537853241,-4.3412933349609375,-0.00024520454462617636,0.032341230660676956,0.03234077990055084,1.0,-3.0,success
337,0.25641730427742004,-4.340238094329834,-0.000245406583417207,0.032994143664836884,0.032994143664836884,1.0,3.0,success
338,0.2563808262348175,-4.3391828536987305,-0.0002458482049405575,0.03299596905708313,0.03299596533179283,1.0,-3.0,success
339,0.25634679198265076,-4.338127136230469,-0.00024622512864880264,0.033008310943841934,0.033008307218551636,1.0,-3.0,success
340,0.2563152313232422,-4.337071418762207,-0.0002465278666932136,0.033005911856889725,0.033005911856889725,1.0,-3.0,success
341,0.2563159167766571,-4.337050437927246,-0.0002516512176953256,0.0006752560148015618,0.0006560008623637259,0.0,-3.0,success
342,0.2562883794307709,-4.3360161781311035,-0.00024631034466437995,0.03233250230550766,0.03233207017183304,1.0,3.0,success
343,0.25625887513160706,-4.334960460662842,-0.00024628531537018716,0.03300405293703079,0.03300405293703079,1.0,-3.0,success
344,0.25623106956481934,-4.33390474319458,-0.00024657096946612,0.03300261124968529,0.03300261124968529,1.0,3.0,success
345,0.25623059272766113,-4.333883762359619,-0.00025168631691485643,0.0006750213797204196,0.0006558204186148942,0.0,3.0,success
346,0.2561979591846466,-4.332849502563477,-0.00024632702115923166,0.03233713656663895,0.032336700707674026,1.0,3.0,success
347,0.25616276264190674,-4.331793785095215,-0.0002463028649799526,0.033009499311447144,0.033009499311447144,1.0,0.0,success
348,0.2561279535293579,-4.330738544464111,-0.00024657053290866315,0.03299420699477196,0.03299420326948166,1.0,-3.0,success
349,0.25609561800956726,-4.32968282699585,-0.0002468029852025211,0.03300664201378822,0.03300664201378822,1.0,-3.0,success
350,0.25609588623046875,-4.329682350158691,-0.00025197325157932937,0.00016247286112047732,1.7096808733185753e-05,0.0,0.0,success
351,0.2560652196407318,-4.328648090362549,-0.00024647076497785747,0.032335277646780014,0.0323348194360733,1.0,3.0,success
352,0.2560325562953949,-4.327592849731445,-0.00024640915216878057,0.03299206495285034,0.03299206122756004,1.0,-3.0,success
353,0.25600236654281616,-4.326537132263184,-0.0002466595615260303,0.03300465643405914,0.03300465643405914,1.0,-3.0,success
354,0.25600308179855347,-4.326516151428223,-0.00025175558403134346,0.0006750842439942062,0.0006560319452546537,0.0,-3.0,success
355,0.2559770345687866,-4.325481414794922,-0.0002463938726577908,0.032346196472644806,0.032345764338970184,1.0,3.0,success
356,0.2559482455253601,-4.32442569732666,-0.00024636188754811883,0.03300343453884125,0.03300343453884125,1.0,3.0,success
357,0.2559170126914978,-4.323370456695557,-0.0002466225123498589,0.032990712672472,0.0329907089471817,1.0,3.0,success
358,0.2558833062648773,-4.322314739227295,-0.0002468450693413615,0.03300797939300537,0.03300797939300537,1.0,3.0,success
359,0.2558472156524658,-4.321259498596191,-0.0002470238832756877,0.032995548099279404,0.032995548099279404,1.0,3.0,success
360,0.2558094561100006,-4.320204257965088,-0.0002471562766004354,0.03299737349152565,0.03299737349152565,1.0,-3.0,success
361,0.25580930709838867,-4.320182800292969,-0.0002521525602787733,0.0006885054754093289,0.0006705683772452176,0.0,-3.0,success
362,0.2557763457298279,-4.319127559661865,-0.00024660868803039193,0.032992806285619736,0.03299235180020332,1.0,0.0,success
363,0.2557438015937805,-4.318072319030762,-0.0002466222795192152,0.03299194946885109,0.03299194946885109,1.0,-3.0,success
364,0.255744069814682,-4.318050861358643,-0.00025171562447212636,0.0006892348174005747,0.0006706046406179667,0.0,-3.0,success
365,0.25574445724487305,-4.318050861358643,-0.00025123442173935473,1.9305776731926017e-05,1.2107192560506519e-05,0.0,-3.0,success
366,0.2557183802127838,-4.3170166015625,-0.0002456759102642536,0.032331354916095734,0.03233088552951813,1.0,3.0,success
367,0.25571775436401367,-4.316995620727539,-0.00025065598310902715,0.0006741518154740334,0.0006559426547028124,0.0,3.0,success
368,0.2556866407394409,-4.315960884094238,-0.00024548734654672444,0.032350536435842514,0.03235013037919998,1.0,3.0,success
369,0.2556527256965637,-4.314905643463135,-0.0002456358924973756,0.03299329802393913,0.03299329802393913,1.0,3.0,success
370,0.25565221905708313,-4.314905166625977,-0.0002510155609343201,0.000169514722074382,2.174194378312677e-05,0.0,0.0,success
371,0.2556157410144806,-4.313871383666992,-0.00024570358800701797,0.03232624754309654,0.03232581913471222,1.0,3.0,success
372,0.2556145191192627,-4.313849925994873,-0.00025068881222978234,0.0006894695688970387,0.0006716385832987726,0.0,3.0,success
373,0.25561439990997314,-4.313849925994873,-0.0002503877622075379,1.0118534191860817e-05,3.7252900710882386e-06,0.0,-3.0,success
374,0.2555764615535736,-4.312816143035889,-0.0002449855674058199,0.03232790529727936,0.03232746198773384,1.0,-3.0,success
375,0.255541056394577,-4.311760425567627,-0.0002452212502248585,0.03300971910357475,0.033009715378284454,1.0,-3.0,success
376,0.25550776720046997,-4.310705184936523,-0.0002457145892549306,0.03299267590045929,0.03299267217516899,1.0,0.0,success
377,0.2554744780063629,-4.309649467468262,-0.0002461195981595665,0.03300756961107254,0.03300756588578224,1.0,0.0,success
378,0.25547507405281067,-4.309628486633301,-0.00025132045266218483,0.0006757515948265791,0.0006559155881404877,0.0,-3.0,success
379,0.2554436922073364,-4.30859375,-0.00024604552891105413,0.032350804656744,0.032350387424230576,1.0,3.0,success
380,0.25541046261787415,-4.3075385093688965,-0.0002460734103806317,0.032992612570524216,0.032992612570524216,1.0,-3.0,success
381,0.25541001558303833,-4.3075175285339355,-0.00025128413108177483,0.0006757134688086808,0.0006557998713105917,0.0,3.0,success
382,0.25537699460983276,-4.306483268737793,-0.000245994160650298,0.03233750909566879,0.03233708441257477,1.0,-3.0,success
383,0.25534573197364807,-4.305427551269531,-0.0002460526302456856,0.03300562873482704,0.03300562873482704,1.0,3.0,success
384,0.2553463280200958,-4.30540657043457,-0.00025124705280177295,0.0006757032824680209,0.0006559155881404877,0.0,-3.0,success
385,0.2553148865699768,-4.3043718338012695,-0.0002459858078509569,0.03235086053609848,0.03235044330358505,1.0,3.0,success
386,0.25531408190727234,-4.304350852966309,-0.00025091852876357734,0.0006739970995113254,0.0006561331101693213,0.0,3.0,success
387,0.25531357526779175,-4.304350852966309,-0.0002505818847566843,1.9008959498023614e-05,1.5832483768463135e-05,0.0,3.0,success
388,0.2552759349346161,-4.303316593170166,-0.0002451317268423736,0.03234246373176575,0.03234201297163963,1.0,-3.0,success
389,0.25524070858955383,-4.3022613525390625,-0.00024533792748115957,0.03299463540315628,0.03299463540315628,1.0,-3.0,success
390,0.2552410066127777,-4.302260875701904,-0.0002507867757230997,0.00017118079995270818,1.7572157958056778e-05,0.0,0.0,success
391,0.25524160265922546,-4.302260875701904,-0.0002503946307115257,2.2296148017630912e-05,1.862645149230957e-05,0.0,-3.0,success
392,0.25524210929870605,-4.302260875701904,-0.00024987352662719786,2.271238736284431e-05,1.5832483768463135e-05,0.0,-3.0,success
393,0.25524193048477173,-4.302260875701904,-0.00024945635232143104,1.4183809980750084e-05,5.58793499294552e-06,0.0,3.0,success
394,0.25521063804626465,-4.301226615905762,-0.0002442277909722179,0.03233582153916359,0.03233540430665016,1.0,3.0,success
395,0.25517719984054565,-4.300171375274658,-0.0002446036960463971,0.03299282118678093,0.03299282118678093,1.0,-3.0,success
396,0.2551775872707367,-4.300149917602539,-0.00025009692762978375,0.0006922826287336648,0.0006706615095026791,0.0,-3.0,success
397,0.25514915585517883,-4.2991156578063965,-0.00024505474721081555,0.03233321011066437,0.032332826405763626,1.0,-3.0,success
398,0.2551490068435669,-4.2990946769714355,-0.0002501849376130849,0.0006749829626642168,0.0006556676235049963,0.0,3.0,success
399,0.2551489770412445,-4.2990946769714355,-0.00024999529705382884,5.999000222800532e-06,9.313225177720597e-07,0.0,3.0,success
400,0.2551495432853699,-4.2990946769714355,-0.00024954782566055655,2.2553387680090964e-05,1.7695128917694092e-05,0.0,-3.0,success
401,0.25512027740478516,-4.298059940338135,-0.0002443112316541374,0.032348863780498505,0.032348450273275375,1.0,3.0,success
402,0.2550891041755676,-4.297004699707031,-0.00024467098410241306,0.03299065679311752,0.032990653067827225,1.0,-3.0,success
403,0.2550891935825348,-4.297004222869873,-0.00025025318609550595,0.00017510137695353478,1.5160831935645547e-05,0.0,0.0,success
404,0.2550889849662781,-4.297004222869873,-0.0002499777765478939,1.0796915375976823e-05,6.519257567560999e-06,0.0,3.0,success
405,0.2550581991672516,-4.2959699630737305,-0.00024464537273161113,0.03233536332845688,0.03233493119478226,1.0,-3.0,success
406,0.25502994656562805,-4.294914245605469,-0.0002449489838909358,0.033002980053424835,0.033002980053424835,1.0,-3.0,success
407,0.25500407814979553,-4.293858528137207,-0.00024549206136725843,0.03300107643008232,0.03300107270479202,1.0,-3.0,success
408,0.25498026609420776,-4.292802810668945,-0.0002459458482917398,0.032999563962221146,0.032999563962221146,1.0,0.0,success
409,0.2549811005592346,-4.292781352996826,-0.00025118186022154987,0.0006907195784151554,0.0006710590678267181,0.0,-3.0,success
410,0.25495997071266174,-4.291747093200684,-0.00024592375848442316,0.03232777491211891,0.03232736140489578,1.0,-3.0,success
411,0.254941463470459,-4.290690898895264,-0.0002459868264850229,0.03301113843917847,0.03301113843917847,1.0,-3.0,success
412,0.2549249827861786,-4.289635181427002,-0.0002463276032358408,0.03299519047141075,0.03299519047141075,1.0,0.0,success
413,0.2549258768558502,-4.289613723754883,-0.00025148625718429685,0.0006902238237671554,0.0006711340975016356,0.0,-3.0,success
414,0.25491204857826233,-4.288578987121582,-0.0002461673866491765,0.03233883157372475,0.03233840689063072,1.0,-3.0,success
415,0.25490015745162964,-4.28752326965332,-0.0002461913973093033,0.03299326077103615,0.03299326077103615,1.0,3.0,success
416,0.2548857033252716,-4.286467552185059,-0.0002464862773194909,0.032994262874126434,0.032994262874126434,1.0,3.0,success
417,0.25488531589508057,-4.2864460945129395,-0.0002516181266400963,0.0006895690457895398,0.0006706615095026791,0.0,3.0,success
418,0.2548657953739166,-4.285411834716797,-0.0002462724514771253,0.03232680633664131,0.03232637420296669,1.0,3.0,success
419,0.2548651695251465,-4.285390377044678,-0.00025114711024798453,0.0006879158318042755,0.0006708374130539596,0.0,3.0,success
420,0.25486528873443604,-4.285390377044678,-0.00025075458688661456,1.2819564290111884e-05,3.7252900710882386e-06,0.0,-3.0,success
421,0.25484320521354675,-4.284335136413574,-0.0002451879845466465,0.03298394754528999,0.03298348933458328,1.0,0.0,success
422,0.2548215389251709,-4.283278942108154,-0.00024547133943997324,0.03301301598548889,0.03301301598548889,1.0,-3.0,success
423,0.2548016309738159,-4.282223224639893,-0.00024592375848442316,0.03299703821539879,0.03299703449010849,1.0,3.0,success
424,0.2547796368598938,-4.281167507171631,-0.00024628156097605824,0.032998327165842056,0.032998327165842056,1.0,0.0,success
425,0.25477951765060425,-4.281167030334473,-0.0002515518863219768,0.0001654123334446922,1.5359764802269638e-05,0.0,0.0,success
426,0.25475791096687317,-4.28013277053833,-0.00024612239212729037,0.03232811391353607,0.032327666878700256,1.0,-3.0,success
427,0.25473833084106445,-4.279077053070068,-0.0002461512922309339,0.03299684077501297,0.03299684077501297,1.0,3.0,success
428,0.25471699237823486,-4.278020858764648,-0.0002464443095959723,0.03301280736923218,0.03301280364394188,1.0,-3.0,success
429,0.2546980679035187,-4.276965141296387,-0.0002467018784955144,0.032996468245983124,0.032996468245983124,1.0,-3.0,success
430,0.25468161702156067,-4.275909423828125,-0.00024690915597602725,0.03299517557024956,0.03299517557024956,1.0,-3.0,success
431,0.2546824812889099,-4.275887966156006,-0.00025195596390403807,0.0006893787649460137,0.0006710959132760763,0.0,-3.0,success
432,0.2546708881855011,-4.274853229522705,-0.0002465433208271861,0.032337989658117294,0.032337550073862076,1.0,-3.0,success
433,0.2546619176864624,-4.273797512054443,-0.00024648234830237925,0.03299235925078392,0.03299235925078392,1.0,-3.0,success
434,0.2546622157096863,-4.273776531219482,-0.0002516111999284476,0.0006750212050974369,0.0006557172164320946,0.0,3.0,success
435,0.25465306639671326,-4.272741317749023,-0.0002462560951244086,0.03235211595892906,0.03235168009996414,1.0,-3.0,success
436,0.25465336441993713,-4.2727203369140625,-0.00025114460731856525,0.0006732774199917912,0.0006557172164320946,0.0,3.0,success
437,0.2546442151069641,-4.271685600280762,-0.00024586881045252085,0.03233720362186432,0.032336778938770294,1.0,-3.0,success
438,0.25463762879371643,-4.270629405975342,-0.00024594180285930634,0.033006712794303894,0.033006712794303894,1.0,-3.0,success
439,0.25463876128196716,-4.270608425140381,-0.00025116809410974383,0.0006766127189621329,0.000656605523545295,0.0,-3.0,success
440,0.2546369135379791,-4.26957368850708,-0.00024591240799054503,0.03233598917722702,0.032335568219423294,1.0,-3.0,success
441,0.2546376585960388,-4.26851749420166,-0.0002459778916090727,0.033006079494953156,0.033006079494953156,1.0,-3.0,success
442,0.25463807582855225,-4.268496513366699,-0.0002512079372536391,0.0006758406525477767,0.0006557807209901512,0.0,3.0,success
443,0.2546390891075134,-4.268496513366699,-0.00025081803323701024,3.392833605175838e-05,3.166496753692627e-05,0.0,-3.0,success
444,0.25463926792144775,-4.268496513366699,-0.00025022600311785936,1.9326402252772823e-05,5.58793499294552e-06,0.0,3.0,success
445,0.25463953614234924,-4.267461776733398,-0.000244833790929988,0.03233595937490463,0.032335519790649414,1.0,-3.0,success
446,0.2546420097351074,-4.2664055824279785,-0.0002451040199957788,0.03300616145133972,0.03300616145133972,1.0,0.0,success
447,0.2546440660953522,-4.265349388122559,-0.00024562151520513,0.03300613537430763,0.033006131649017334,1.0,3.0,success
448,0.2546442449092865,-4.265349388122559,-0.00025101820938289165,0.00016873922140803188,5.58793499294552e-06,0.0,0.0,success
449,0.25464364886283875,-4.264314651489258,-0.00024570623645558953,0.03233594819903374,0.03233552351593971,1.0,3.0,success
450,0.25464102625846863,-4.263258457183838,-0.00024579765158705413,0.03300617262721062,0.03300617262721062,1.0,-3.0,success
451,0.2546409070491791,-4.262202262878418,-0.00024617050075903535,0.03300607204437256,0.03300607204437256,1.0,-3.0,success
452,0.25464117527008057,-4.262202262878418,-0.00025146696134470403,0.00016572648019064218,8.381903171539307e-06,0.0,0.0,success
453,0.2546410858631134,-4.262202262878418,-0.0002509491750970483,1.6420266547356732e-05,2.79396749647276e-06,0.0,3.0,success
454,0.2546411156654358,-4.261167526245117,-0.0002454227360431105,0.03233598172664642,0.032335519790649414,1.0,-3.0,success
455,0.25464311242103577,-4.260111331939697,-0.00024558062432333827,0.033006127923727036,0.033006127923727036,1.0,3.0,success
456,0.2546432316303253,-4.2590556144714355,-0.00024598746676929295,0.03299117460846901,0.03299117088317871,1.0,-3.0,success
457,0.25464388728141785,-4.259034156799316,-0.00025121780345216393,0.0006904891924932599,0.0006708651781082153,0.0,-3.0,success
458,0.2546481788158417,-4.257999420166016,-0.00024596371804364026,0.03233621269464493,0.0323357954621315,1.0,3.0,success
459,0.2546485364437103,-4.257978439331055,-0.00025088954134844244,0.0006735713104717433,0.0006557463202625513,0.0,-3.0,success
460,0.2546488046646118,-4.257978439331055,-0.00025055918376892805,1.329791484749876e-05,8.381903171539307e-06,0.0,-3.0,success
461,0.2546558380126953,-4.256943702697754,-0.00024512363597750664,0.03233671188354492,0.032336264848709106,1.0,-3.0,success
462,0.2546655833721161,-4.255887508392334,-0.00024533187388442457,0.03300747647881508,0.03300747647881508,1.0,-3.0,success
463,0.25466635823249817,-4.255866527557373,-0.00025067964452318847,0.0006770472973585129,0.0006560980691574514,0.0,-3.0,success
464,0.25468024611473083,-4.254831790924072,-0.00024553234106861055,0.03233883157372475,0.03233843296766281,1.0,3.0,success
465,0.25469139218330383,-4.253775596618652,-0.00024567279615439475,0.0330079086124897,0.0330079086124897,1.0,3.0,success
466,0.2547004222869873,-4.252719879150391,-0.0002460662799421698,0.03299238160252571,0.03299237787723541,1.0,0.0,success
467,0.254700243473053,-4.252719402313232,-0.00025137903867289424,0.00016678471001796424,1.5914445611997508e-05,0.0,0.0,success
468,0.2547096908092499,-4.251684665679932,-0.0002459841198287904,0.03233730420470238,0.03233686462044716,1.0,-3.0,success
469,0.25472187995910645,-4.25062894821167,-0.00024603039491921663,0.032993365079164505,0.032993365079164505,1.0,-3.0,success
470,0.25472259521484375,-4.250607490539551,-0.00025123849627561867,0.000690382847096771,0.0006709246663376689,0.0,-3.0,success
471,0.2547389268875122,-4.24957275390625,-0.0002459794923197478,0.03233996406197548,0.03233954682946205,1.0,3.0,success
472,0.25473928451538086,-4.249551773071289,-0.0002509021433070302,0.000673548667691648,0.0006557463202625513,0.0,-3.0,success
473,0.2547553479671478,-4.248517036437988,-0.0002456960501149297,0.03233982250094414,0.03233941271901131,1.0,3.0,success
474,0.2547547221183777,-4.248496055603027,-0.0002506860182620585,0.0006742232944816351,0.0006559426547028124,0.0,3.0,success
475,0.2547541856765747,-4.248496055603027,-0.00025039594038389623,1.9057759345741943e-05,1.6763806343078613e-05,0.0,3.0,success
476,0.2547636330127716,-4.247461318969727,-0.00024498303537257016,0.032337307929992676,0.03233686462044716,1.0,-3.0,success
477,0.25477510690689087,-4.246405124664307,-0.00024522931198589504,0.033008020371198654,0.033008016645908356,1.0,3.0,success
478,0.25478479266166687,-4.245349407196045,-0.00024570644018240273,0.03299256041646004,0.03299256041646004,1.0,-3.0,success
479,0.25479698181152344,-4.244293212890625,-0.0002461117983330041,0.03300826996564865,0.03300826624035835,1.0,-3.0,success
480,0.2548108994960785,-4.243237495422363,-0.00024644730729050934,0.03299403935670853,0.03299403563141823,1.0,3.0,success
481,0.2548113167285919,-4.243216037750244,-0.0002515771775506437,0.00068957160692662,0.0006706789718009531,0.0,-3.0,success
482,0.2548259496688843,-4.242181301116943,-0.0002462395350448787,0.0323391817510128,0.03233875334262848,1.0,-3.0,success
483,0.25484293699264526,-4.241125583648682,-0.0002462440461385995,0.03299544006586075,0.03299544006586075,1.0,0.0,success
484,0.2548427879810333,-4.2411041259765625,-0.0002514165826141834,0.0006897753337398171,0.0006705683772452176,0.0,3.0,success
485,0.25485682487487793,-4.24006986618042,-0.00024611069238744676,0.03232401981949806,0.03232359141111374,1.0,3.0,success
486,0.2548688054084778,-4.239013671875,-0.00024612489505670965,0.03300819545984268,0.03300819545984268,1.0,-3.0,success
487,0.2548825442790985,-4.237957954406738,-0.0002464427088852972,0.03299396485090256,0.03299396485090256,1.0,3.0,success
488,0.25489380955696106,-4.236901760101318,-0.00024670150014571846,0.033007945865392685,0.033007945865392685,1.0,3.0,success
489,0.2548938989639282,-4.236880779266357,-0.0002517797111067921,0.0006745886639691889,0.00065565702971071,0.0,-3.0,success
490,0.25490596890449524,-4.235846042633057,-0.00024640135234221816,0.032338157296180725,0.03233771398663521,1.0,-3.0,success
491,0.2549208104610443,-4.234790325164795,-0.00024636831949464977,0.032994430512189865,0.032994430512189865,1.0,-3.0,success
492,0.25493815541267395,-4.233734130859375,-0.0002466276928316802,0.03301052376627922,0.03301052004098892,1.0,-3.0,success
493,0.2549571990966797,-4.232678413391113,-0.00024685909738764167,0.032996535301208496,0.032996535301208496,1.0,3.0,success
494,0.2549744248390198,-4.231622695922852,-0.000247025367571041,0.0329955592751503,0.0329955592751503,1.0,-3.0,success
495,0.254974365234375,-4.231601238250732,-0.00025205971905961633,0.0006887629861012101,0.0006705548148602247,0.0,3.0,success
496,0.2549746632575989,-4.231601238250732,-0.00025150447618216276,1.96927685465198e-05,9.313225746154785e-06,0.0,0.0,success
497,0.25497519969940186,-4.231601238250732,-0.00025076098972931504,2.865033457055688e-05,1.6763806343078613e-05,0.0,-3.0,success
498,0.2549937069416046,-4.230566501617432,-0.00024528216454200447,0.03234114125370979,0.03234069049358368,1.0,3.0,success
499,0.2550095021724701,-4.22951078414917,-0.00024545734049752355,0.03299486264586449,0.03299486264586449,1.0,3.0,success
500,0.2550235092639923,-4.228455066680908,-0.0002458881644997746,0.03299407660961151,0.03299407288432121,1.0,-3.0,success
501,0.25503936409950256,-4.227398872375488,-0.00024626744561828673,0.03300979360938072,0.033009789884090424,1.0,3.0,success
502,0.25505346059799194,-4.226343154907227,-0.0002465519937686622,0.032994113862514496,0.0329941101372242,1.0,-3.0,success
503,0.255053848028183,-4.226322174072266,-0.00025166975683532655,0.0006749833119101822,0.0006557627930305898,0.0,-3.0,success
504,0.25505417585372925,-4.226322174072266,-0.0002511983329895884,1.7943868442671373e-05,1.0244547411275562e-05,0.0,-3.0,success
505,0.25507479906082153,-4.225287437438965,-0.000245647068368271,0.03234240412712097,0.032341938465833664,1.0,3.0,success
506,0.25507494807243347,-4.225266456604004,-0.00025062172790057957,0.0006738451193086803,0.0006556676235049963,0.0,-3.0,success
507,0.25509536266326904,-4.224231719970703,-0.00024547093198634684,0.03234221041202545,0.032341811805963516,1.0,3.0,success
508,0.2551131546497345,-4.223175525665283,-0.0002456232614349574,0.03301075100898743,0.03301075100898743,1.0,3.0,success
509,0.25511226058006287,-4.223154544830322,-0.0002509145706426352,0.0006767574814148247,0.0006562460912391543,0.0,3.0,success
510,0.2551115155220032,-4.223154544830322,-0.00025059294421225786,2.535981184337288e-05,2.328306254639756e-05,0.0,3.0,success
511,0.2551230490207672,-4.2221198081970215,-0.0002451413020025939,0.0323379747569561,0.032337527722120285,1.0,-3.0,success
512,0.2551373243331909,-4.22106409072876,-0.00024534546537324786,0.03299418464303017,0.03299418464303017,1.0,-3.0,success
513,0.2551378905773163,-4.221042633056641,-0.000250690383836627,0.0006912684184499085,0.0006707856664434075,0.0,-3.0,success
514,0.25515639781951904,-4.22000789642334,-0.00024554095580242574,0.03234109282493591,0.03234069049358368,1.0,3.0,success
515,0.25515666604042053,-4.219986915588379,-0.0002505516167730093,0.0006741415709257126,0.0006557046435773373,0.0,-3.0,success
516,0.2551749050617218,-4.218952178955078,-0.0002454156056046486,0.032340940088033676,0.03234054148197174,1.0,3.0,success
517,0.25519049167633057,-4.217896461486816,-0.0002455789945088327,0.03299476206302643,0.03299476206302643,1.0,3.0,success
518,0.2551896572113037,-4.217875003814697,-0.0002508791512809694,0.0006911971722729504,0.0006710590678267181,0.0,3.0,success
519,0.2552007734775543,-4.2168192863464355,-0.0002455781796015799,0.032993413507938385,0.032993000000715256,1.0,0.0,success
520,0.25520047545433044,-4.216818809509277,-0.00025078171165660024,0.00016355706611648202,1.7572157958056778e-05,0.0,0.0,success
521,0.25521132349967957,-4.215784072875977,-0.0002455069334246218,0.03233771398663521,0.03233729302883148,1.0,3.0,success
522,0.2552194893360138,-4.214728355407715,-0.00024564791237935424,0.032992154359817505,0.032992154359817505,1.0,3.0,success
523,0.2552253007888794,-4.213672161102295,-0.00024605158250778913,0.03300657123327255,0.033006567507982254,1.0,3.0,success
524,0.2552250027656555,-4.213651180267334,-0.00025125930551439524,0.0006756106740795076,0.0006557172164320946,0.0,-3.0,success
525,0.2552317678928375,-4.212616443634033,-0.0002459846145939082,0.03233662620186806,0.03233620896935463,1.0,-3.0,success
526,0.25524067878723145,-4.211560249328613,-0.00024604552891105413,0.033007245510816574,0.033007245510816574,1.0,3.0,success
527,0.25523993372917175,-4.211539268493652,-0.00025125249521806836,0.0006759418756701052,0.0006560643087141216,0.0,3.0,success
528,0.255239337682724,-4.211539268493652,-0.0002508631441742182,2.22482794924872e-05,1.862645149230957e-05,0.0,3.0,success
529,0.25524115562438965,-4.210504531860352,-0.0002453686611261219,0.032336022704839706,0.032335568219423294,1.0,3.0,success
530,0.2552403509616852,-4.210483074188232,-0.0002504098229110241,0.0006892679375596344,0.0006710235029459,0.0,3.0,success
531,0.2552378475666046,-4.209448337554932,-0.00024527948698960245,0.03233600780367851,0.032335612922906876,1.0,-3.0,success
532,0.2552373707294464,-4.20839262008667,-0.0002454803907312453,0.03299117460846901,0.03299117460846901,1.0,3.0,success
533,0.2552344501018524,-4.20733642578125,-0.0002459180832374841,0.033006202429533005,0.033006198704242706,1.0,3.0,success
534,0.25522908568382263,-4.20628023147583,-0.00024628176470287144,0.03300649672746658,0.03300649672746658,1.0,3.0,success
535,0.25522205233573914,-4.205224514007568,-0.0002465628494974226,0.03299190476536751,0.03299190104007721,1.0,-3.0,success
536,0.2552168667316437,-4.204168319702148,-0.0002468078746460378,0.033006470650434494,0.033006470650434494,1.0,3.0,success
537,0.2552092969417572,-4.203112602233887,-0.0002469944884069264,0.03299201652407646,0.03299201652407646,1.0,3.0,success
538,0.2551993131637573,-4.202056407928467,-0.0002471434127073735,0.03300754353404045,0.03300754353404045,1.0,3.0,success
539,0.25518694519996643,-4.201000690460205,-0.00024726256378926337,0.032993435859680176,0.032993435859680176,1.0,3.0,success
540,0.2551722228527069,-4.199944496154785,-0.00024735790793783963,0.033009279519319534,0.033009279519319534,1.0,3.0,success
541,0.25515589118003845,-4.198888778686523,-0.00024742333334870636,0.03299511596560478,0.03299511596560478,1.0,-3.0,success
542,0.2551421523094177,-4.197833061218262,-0.0002474850625731051,0.03299396485090256,0.03299396485090256,1.0,-3.0,success
543,0.2551306486129761,-4.196776866912842,-0.000247540301643312,0.03300802782177925,0.03300802782177925,1.0,0.0,success
544,0.2551305592060089,-4.196776390075684,-0.00025255855871364474,0.000157551679876633,1.5160831935645547e-05,0.0,0.0,success
545,0.255130797624588,-4.196776390075684,-0.00025181201635859907,2.4490289433742873e-05,7.450580142176477e-06,0.0,-3.0,success
546,0.2551310360431671,-4.196776866912842,-0.00025100691709667444,3.0175298888934776e-05,1.6660003893775865e-05,0.0,-3.0,success
547,0.2551313042640686,-4.196776866912842,-0.00025035240105353296,2.2104459276306443e-05,8.381903171539307e-06,0.0,-3.0,success
548,0.25512704253196716,-4.195742130279541,-0.00024494336685165763,0.03233623504638672,0.0323357954621315,1.0,-3.0,success
549,0.2551255226135254,-4.194685935974121,-0.00024518699501641095,0.033006105571985245,0.033006101846694946,1.0,-3.0,success
550,0.2551264464855194,-4.193629741668701,-0.0002456823131069541,0.03300608694553375,0.033006083220243454,1.0,-3.0,success
551,0.25512975454330444,-4.1925740242004395,-0.0002460932591930032,0.03299133479595184,0.032991331070661545,1.0,-3.0,success
552,0.2551354467868805,-4.1915178298950195,-0.0002464227145537734,0.03300654888153076,0.03300654888153076,1.0,-3.0,success
553,0.25513580441474915,-4.191496849060059,-0.00025157819618470967,0.0006752475164830685,0.0006557463202625513,0.0,3.0,success
554,0.255140483379364,-4.190462112426758,-0.0002462406118866056,0.0323362797498703,0.03233584761619568,1.0,3.0,success
555,0.25514304637908936,-4.189405918121338,-0.00024622894125059247,0.03300616890192032,0.03300616890192032,1.0,-3.0,success
556,0.25514379143714905,-4.189384937286377,-0.00025139693752862513,0.0006756497896276414,0.0006560643087141216,0.0,-3.0,success
557,0.25514379143714905,-4.189384937286377,-0.00025098974583670497,1.2724739463010337e-05,0.0,0.0,3.0,success
558,0.25514888763427734,-4.188350200653076,-0.0002454595814924687,0.03233637288212776,0.03233591094613075,1.0,-3.0,success
559,0.25515592098236084,-4.187294006347656,-0.0002456102811265737,0.03300680220127106,0.03300680220127106,1.0,3.0,success
560,0.25516045093536377,-4.1862382888793945,-0.0002460208779666573,0.032991476356983185,0.032991472631692886,1.0,3.0,success
561,0.25516313314437866,-4.185182094573975,-0.0002463537093717605,0.033006180077791214,0.033006176352500916,1.0,-3.0,success
562,0.25516828894615173,-4.184125900268555,-0.00024663013755343854,0.0330064631998539,0.0330064631998539,1.0,-3.0,success
563,0.255175918340683,-4.183070182800293,-0.0002468518214300275,0.032992031425237656,0.032992031425237656,1.0,-3.0,success
564,0.255185604095459,-4.182013988494873,-0.0002470340405125171,0.033007457852363586,0.033007457852363586,1.0,0.0,success
565,0.2551863491535187,-4.181993007659912,-0.00025205168640241027,0.0006745420978404582,0.0006560643087141216,0.0,-3.0,success
566,0.25519874691963196,-4.180958271026611,-0.0002466196892783046,0.03233828768134117,0.032337840646505356,1.0,-3.0,success
567,0.2551996111869812,-4.180936813354492,-0.0002514245279598981,0.0006876882398501039,0.0006710959132760763,0.0,-3.0,success
568,0.2552163302898407,-4.179902076721191,-0.0002461143594700843,0.032340165227651596,0.03233973681926727,1.0,3.0,success
569,0.2552160620689392,-4.1798810958862305,-0.0002510201884433627,0.0006733881891705096,0.0006557046435773373,0.0,3.0,success
570,0.2552157938480377,-4.1798810958862305,-0.0002506629389245063,1.3960381693323143e-05,8.381903171539307e-06,0.0,3.0,success
571,0.25521552562713623,-4.1798810958862305,-0.0002500914561096579,1.9728007828234695e-05,8.381903171539307e-06,0.0,3.0,success
572,0.25522318482398987,-4.17884635925293,-0.0002447254955768585,0.03233683854341507,0.03233640268445015,1.0,-3.0,success
573,0.25522381067276,-4.178825378417969,-0.0002498943358659744,0.0006755379727110267,0.0006559426547028124,0.0,-3.0,success
574,0.25523585081100464,-4.177790641784668,-0.0002448893792461604,0.032338082790374756,0.03233770653605461,1.0,3.0,success
575,0.2552361786365509,-4.177769184112549,-0.0002500299597159028,0.0006896023987792432,0.0006706304848194122,0.0,-3.0,success
576,0.25524792075157166,-4.176734447479248,-0.00024499822757206857,0.0323379822075367,0.032337598502635956,1.0,3.0,success
577,0.2552577257156372,-4.175678730010986,-0.000245235045440495,0.032992590218782425,0.032992590218782425,1.0,-3.0,success
578,0.2552696466445923,-4.174622535705566,-0.00024572585243731737,0.03300817683339119,0.03300817310810089,1.0,0.0,success
579,0.2552819848060608,-4.173566818237305,-0.00024612367269583046,0.03299342468380928,0.03299342095851898,1.0,-3.0,success
580,0.25528180599212646,-4.1735453605651855,-0.00025133913732133806,0.0006900978041812778,0.0006705755367875099,0.0,3.0,success
581,0.2552941143512726,-4.172510623931885,-0.0002460390969645232,0.032338231801986694,0.03233780711889267,1.0,-3.0,success
582,0.2552948594093323,-4.172489643096924,-0.00025095997261814773,0.0006738456431776285,0.0006560643087141216,0.0,-3.0,success
583,0.25529545545578003,-4.172489643096924,-0.0002506162563804537,2.1501547962543555e-05,1.862645149230957e-05,0.0,-3.0,success
584,0.25531506538391113,-4.171454906463623,-0.00024516944540664554,0.03234177082777023,0.03234132379293442,1.0,-3.0,success
585,0.25533735752105713,-4.170399188995361,-0.00024536874843761325,0.032998520880937576,0.032998520880937576,1.0,-3.0,success
586,0.2553617060184479,-4.1693434715271,-0.0002458325761836022,0.03299994766712189,0.03299994394183159,1.0,0.0,success
587,0.25536179542541504,-4.1693220138549805,-0.00025110147544182837,0.0006904771435074508,0.000670558016281575,0.0,3.0,success
588,0.25538381934165955,-4.168287754058838,-0.00024584869970567524,0.03232835978269577,0.03232794255018234,1.0,-3.0,success
589,0.25540846586227417,-4.167232036590576,-0.00024592637782916427,0.0330001600086689,0.0330001600086689,1.0,-3.0,success
590,0.2554347813129425,-4.1661763191223145,-0.00024628418032079935,0.03300141915678978,0.03300141915678978,1.0,3.0,success
591,0.2554354667663574,-4.166154861450195,-0.00025144609389826655,0.0006900144508108497,0.0006708942237310112,0.0,-3.0,success
592,0.25546154379844666,-4.165120601654053,-0.00024614582071080804,0.03233131393790245,0.03233088552951813,1.0,3.0,success
593,0.2554856240749359,-4.164064884185791,-0.00024615367874503136,0.03299975022673607,0.03299975022673607,1.0,-3.0,success
594,0.25551214814186096,-4.163009166717529,-0.0002464555436745286,0.03300158306956291,0.03300158306956291,1.0,-3.0,success
595,0.2555404305458069,-4.161953449249268,-0.0002467214362695813,0.033003006130456924,0.033003006130456924,1.0,3.0,success
596,0.25556689500808716,-4.160897731781006,-0.0002469152386765927,0.03300153464078903,0.03300153464078903,1.0,-3.0,success
597,0.25559544563293457,-4.159842014312744,-0.0002470843028277159,0.03300323337316513,0.03300323337316513,1.0,0.0,success
598,0.25562429428100586,-4.158786773681641,-0.0002472109335940331,0.03298858925700188,0.03298858553171158,1.0,-3.0,success
599,0.25565558671951294,-4.157731056213379,-0.00024731617304496467,0.03300565853714943,0.03300565853714943,1.0,-3.0,success
600,0.25568926334381104,-4.156675338745117,-0.00024740060325711966,0.03300794959068298,0.03300794959068298,1.0,-3.0,success
601,0.25572529435157776,-4.155620098114014,-0.0002474682405591011,0.03299548476934433,0.03299548476934433,1.0,-3.0,success
602,0.2557637095451355,-4.15456485748291,-0.0002475224027875811,0.032998114824295044,0.032998114824295044,1.0,-3.0,success
603,0.2558044195175171,-4.153509616851807,-0.0002475657674949616,0.033000800758600235,0.033000800758600235,1.0,-3.0,success
604,0.2558474838733673,-4.152454376220703,-0.0002476004883646965,0.03300371766090393,0.03300371766090393,1.0,-3.0,success
605,0.255892813205719,-4.151399612426758,-0.00024762831162661314,0.032991793006658554,0.032991793006658554,1.0,-3.0,success
606,0.2559404671192169,-4.150344371795654,-0.00024765057605691254,0.03300987556576729,0.03300987556576729,1.0,-3.0,success
607,0.25599005818367004,-4.149289608001709,-0.0002476728113833815,0.03299777954816818,0.03299777954816818,1.0,0.0,success
608,0.25599029660224915,-4.149268627166748,-0.0002525733143556863,0.0006733393529430032,0.000655693409498781,0.0,3.0,success
609,0.2560376524925232,-4.148234844207764,-0.00024702600785531104,0.03234005719423294,0.03233959153294563,1.0,-3.0,success
610,0.2560376822948456,-4.148213863372803,-0.00025176050257869065,0.0006721378304064274,0.0006556517328135669,0.0,3.0,success
611,0.25608372688293457,-4.147180080413818,-0.0002463712589815259,0.032338179647922516,0.032337743788957596,1.0,3.0,success
612,0.2560839056968689,-4.147158622741699,-0.0002512251085136086,0.0006875167018733919,0.0006705755367875099,0.0,3.0,success
613,0.2561245560646057,-4.146124839782715,-0.00024594293790869415,0.03233110532164574,0.03233068436384201,1.0,3.0,success
614,0.25616270303726196,-4.145069599151611,-0.0002460000978317112,0.03299780935049057,0.03299780935049057,1.0,3.0,success
615,0.2561984062194824,-4.14401388168335,-0.00024633322027511895,0.033010032027959824,0.033010032027959824,1.0,3.0,success
616,0.2562316656112671,-4.142958641052246,-0.00024661378120072186,0.0329926460981369,0.0329926423728466,1.0,3.0,success
617,0.25626254081726074,-4.141902923583984,-0.00024683898664079607,0.033005278557538986,0.03300527483224869,1.0,3.0,success
618,0.25629106163978577,-4.140847206115723,-0.0002470191684551537,0.03300320729613304,0.03300320729613304,1.0,3.0,success
619,0.25631794333457947,-4.139791488647461,-0.0002471524348948151,0.0330018624663353,0.0330018624663353,1.0,-3.0,success
620,0.256346732378006,-4.138736248016357,-0.0002472794440109283,0.032988540828228,0.032988540828228,1.0,3.0,success
621,0.2563731372356415,-4.137680530548096,-0.00024737176136113703,0.03300148621201515,0.03300148621201515,1.0,3.0,success
622,0.25639790296554565,-4.136624813079834,-0.0002474344801157713,0.033000245690345764,0.033000245690345764,1.0,-3.0,success
623,0.25642451643943787,-4.135569095611572,-0.00024750494048930705,0.033001650124788284,0.033001650124788284,1.0,3.0,success
624,0.2564244568347931,-4.135548114776611,-0.0002524224983062595,0.0006734221242368221,0.000655653711874038,0.0,-3.0,success
625,0.25645196437835693,-4.1345133781433105,-0.00024691526778042316,0.03234739974141121,0.0323469415307045,1.0,-3.0,success
626,0.2564823031425476,-4.133458137512207,-0.00024677932378835976,0.03298989310860634,0.03298989310860634,1.0,-3.0,success
627,0.2564829885959625,-4.133436679840088,-0.0002518373657949269,0.000689262873493135,0.0006708942237310112,0.0,-3.0,success
628,0.25651809573173523,-4.132402420043945,-0.0002464472781866789,0.0323396697640419,0.03233923390507698,1.0,-3.0,success
629,0.25651779770851135,-4.132381439208984,-0.00025129818823188543,0.0006730117602273822,0.0006557172164320946,0.0,3.0,success
630,0.25655293464660645,-4.131326198577881,-0.00024589968961663544,0.03299497440457344,0.03299454599618912,1.0,0.0,success
631,0.2565537691116333,-4.13130521774292,-0.0002509358455426991,0.0006747790612280369,0.0006561694317497313,0.0,-3.0,success
632,0.2565906047821045,-4.130270957946777,-0.0002457271912135184,0.032341521233320236,0.032341111451387405,1.0,3.0,success
633,0.2565903663635254,-4.130249500274658,-0.00025071107666008174,0.0006884422618895769,0.0006705935811623931,0.0,3.0,success
634,0.2566220462322235,-4.129215240478516,-0.0002455321082379669,0.03233617916703224,0.03233577683568001,1.0,3.0,success
635,0.25665193796157837,-4.128159999847412,-0.00024566141655668616,0.0329894945025444,0.0329894945025444,1.0,-3.0,success
636,0.256651371717453,-4.128138542175293,-0.00025095485034398735,0.0006908813375048339,0.0006707856664434075,0.0,3.0,success
637,0.2566814124584198,-4.12710428237915,-0.0002457306254655123,0.03233465924859047,0.03233424946665764,1.0,-3.0,success
638,0.256713330745697,-4.126048564910889,-0.0002458419476170093,0.03300624340772629,0.03300624340772629,1.0,3.0,success
639,0.256743460893631,-4.124992847442627,-0.0002461971598677337,0.033004604279994965,0.033004600554704666,1.0,-3.0,success
640,0.25677603483200073,-4.123937606811523,-0.00024650429259054363,0.03299197554588318,0.03299197554588318,1.0,-3.0,success
641,0.25681108236312866,-4.122881889343262,-0.0002467511803843081,0.03300934284925461,0.03300934284925461,1.0,-3.0,success
642,0.2568477988243103,-4.121826648712158,-0.0002469585742801428,0.032996222376823425,0.032996222376823425,1.0,3.0,success
643,0.2568820118904114,-4.120771408081055,-0.0002471145708113909,0.03299359604716301,0.03299359604716301,1.0,3.0,success
644,0.2568817436695099,-4.1207499504089355,-0.00025212118634954095,0.0006886139744892716,0.0006706046406179667,0.0,3.0,success
645,0.2569117546081543,-4.119715690612793,-0.00024666415993124247,0.032334670424461365,0.03233421966433525,1.0,-3.0,success
646,0.25694364309310913,-4.1186604499816895,-0.00024658848997205496,0.03299132362008095,0.03299132362008095,1.0,3.0,success
647,0.2569730579853058,-4.117604732513428,-0.0002468041202519089,0.033003970980644226,0.033003970980644226,1.0,3.0,success
648,0.25699999928474426,-4.116549015045166,-0.00024699021014384925,0.03300191089510918,0.03300190716981888,1.0,3.0,success
649,0.2569999396800995,-4.116528034210205,-0.00025201047537848353,0.0006741618271917105,0.000655653711874038,0.0,-3.0,success
650,0.25702694058418274,-4.115493297576904,-0.000246597541263327,0.03234696760773659,0.03234652802348137,1.0,3.0,success
651,0.25705206394195557,-4.114437580108643,-0.00024651471176184714,0.033000506460666656,0.033000506460666656,1.0,-3.0,success
652,0.25707903504371643,-4.113381862640381,-0.00024675464374013245,0.03300193324685097,0.03300193324685097,1.0,3.0,success
653,0.25707828998565674,-4.11336088180542,-0.00025183334946632385,0.000674988201353699,0.0006560643087141216,0.0,3.0,success
654,0.2571011483669281,-4.112326145172119,-0.0002464338031131774,0.032343845814466476,0.032343409955501556,1.0,-3.0,success
655,0.25710150599479675,-4.112305164337158,-0.000251275283517316,0.0006729738088324666,0.0006557463202625513,0.0,-3.0,success
656,0.2571011483669281,-4.112305164337158,-0.0002508785401005298,1.669180164753925e-05,1.117586998589104e-05,0.0,3.0,success
657,0.2571271061897278,-4.111270427703857,-0.0002453696506563574,0.032346148043870926,0.032345689833164215,1.0,-3.0,success
658,0.2571553587913513,-4.110214710235596,-0.0002455333305988461,0.033002980053424835,0.033002980053424835,1.0,0.0,success
659,0.2571839690208435,-4.109159469604492,-0.0002459551324136555,0.03298838809132576,0.03298838809132576,1.0,-3.0,success
660,0.25718483328819275,-4.109138011932373,-0.0002511923376005143,0.000690764223691076,0.0006710959132760763,0.0,-3.0,success
661,0.2572173476219177,-4.1081037521362305,-0.00024594319984316826,0.0323369987308979,0.032336585223674774,1.0,3.0,success
662,0.25724729895591736,-4.107048034667969,-0.00024600146571174264,0.03300444409251213,0.03300444409251213,1.0,3.0,success
663,0.2572747766971588,-4.105992794036865,-0.00024633429711684585,0.03298744931817055,0.03298744559288025,1.0,3.0,success
664,0.25730055570602417,-4.1049370765686035,-0.00024660417693667114,0.03300100192427635,0.03300100192427635,1.0,-3.0,success
665,0.2573288083076477,-4.103881359100342,-0.0002468302263878286,0.033002980053424835,0.033002980053424835,1.0,-3.0,success
666,0.25735923647880554,-4.10282564163208,-0.0002470166946295649,0.033004868775606155,0.033004868775606155,1.0,0.0,success
667,0.2573893070220947,-4.101769924163818,-0.0002471668121870607,0.03300454840064049,0.03300454840064049,1.0,3.0,success
668,0.25741755962371826,-4.100714206695557,-0.00024727112031541765,0.033002980053424835,0.033002980053424835,1.0,-3.0,success
669,0.257418155670166,-4.100693225860596,-0.0002522446447983384,0.0006740782409906387,0.0006559155881404877,0.0,-3.0,success
670,0.2574178874492645,-4.100693225860596,-0.000251668447162956,1.986148527066689e-05,8.381903171539307e-06,0.0,3.0,success
671,0.25744906067848206,-4.099658966064453,-0.0002460024261381477,0.032335780560970306,0.032335296273231506,1.0,-3.0,success
672,0.25748273730278015,-4.09860372543335,-0.0002460345276631415,0.03299305588006973,0.03299305588006973,1.0,-3.0,success
673,0.25751814246177673,-4.097548007965088,-0.0002463699784129858,0.03300971910357475,0.033009715378284454,1.0,3.0,success
674,0.257551372051239,-4.096492767333984,-0.0002466381702106446,0.032992612570524216,0.032992612570524216,1.0,0.0,success
675,0.25758489966392517,-4.095437049865723,-0.0002468536258675158,0.033007800579071045,0.033007800579071045,1.0,-3.0,success
676,0.2576201558113098,-4.094381809234619,-0.0002470403560437262,0.03299466893076897,0.03299466893076897,1.0,3.0,success
677,0.2576535940170288,-4.093326091766357,-0.00024717027554288507,0.03300771489739418,0.03300771489739418,1.0,-3.0,success
678,0.25765323638916016,-4.0933051109313965,-0.00025217566872015595,0.0006741438992321491,0.0006557463202625513,0.0,3.0,success
679,0.2576868236064911,-4.092270851135254,-0.00024670816492289305,0.032338108867406845,0.03233765438199043,1.0,-3.0,success
680,0.2576877772808075,-4.092249870300293,-0.0002514949592296034,0.0006731588509865105,0.0006563279894180596,0.0,-3.0,success
681,0.2577260136604309,-4.09121561050415,-0.0002461595577187836,0.03234312683343887,0.03234269469976425,1.0,-3.0,success
682,0.257766455411911,-4.090160369873047,-0.00024618449970148504,0.03300047665834427,0.03300047665834427,1.0,3.0,success
683,0.25780436396598816,-4.089105129241943,-0.00024648080579936504,0.03299754112958908,0.03299754112958908,1.0,3.0,success
684,0.25784048438072205,-4.088049411773682,-0.0002467215235810727,0.03301047533750534,0.03301047161221504,1.0,-3.0,success
685,0.257840633392334,-4.088049411773682,-0.00025190773885697126,0.00016213610069826245,4.656612873077393e-06,0.0,0.0,success
686,0.2578410804271698,-4.088049411773682,-0.0002512918144930154,2.3782931748428382e-05,1.3969837709737476e-05,0.0,-3.0,success
687,0.2578807473182678,-4.087015151977539,-0.0002457174414303154,0.03234484791755676,0.032344378530979156,1.0,3.0,success
688,0.2579187750816345,-4.0859599113464355,-0.0002457961090840399,0.032997675240039825,0.032997675240039825,1.0,-3.0,success
689,0.25791820883750916,-4.085938930511475,-0.0002510618360247463,0.0006762170232832432,0.000655889802146703,0.0,3.0,success
690,0.25795647501945496,-4.084904670715332,-0.0002458160452079028,0.032343145459890366,0.032342731952667236,1.0,-3.0,success
691,0.2579560875892639,-4.084883689880371,-0.000250793294981122,0.0006739564705640078,0.0006557627930305898,0.0,3.0,success
692,0.25795602798461914,-4.084883689880371,-0.0002504817093722522,9.91360593616264e-06,1.8626450355441193e-06,0.0,3.0,success
693,0.2579559087753296,-4.084883689880371,-0.000249946431722492,1.7137228496721946e-05,3.7252900710882386e-06,0.0,3.0,success
694,0.2579891085624695,-4.083828449249268,-0.00024451769422739744,0.032993022352457047,0.03299258276820183,1.0,0.0,success
695,0.258022665977478,-4.082772731781006,-0.0002449343155603856,0.03300783410668373,0.03300783038139343,1.0,-3.0,success
696,0.2580586373806,-4.081717491149902,-0.00024548411602154374,0.032995425164699554,0.032995421439409256,1.0,-3.0,success
697,0.2580970227718353,-4.080662250518799,-0.00024593487614765763,0.03299808129668236,0.03299807757139206,1.0,-3.0,success
698,0.2581377923488617,-4.079607009887695,-0.0002462960546836257,0.033000871539115906,0.03300086781382561,1.0,-3.0,success
699,0.25813910365104675,-4.079585552215576,-0.00025146608822979033,0.0006909574731253088,0.0006718031945638359,0.0,-3.0,success
700,0.25813931226730347,-4.079585552215576,-0.00025104559608735144,1.4668683434138075e-05,6.519257567560999e-06,0.0,3.0,success
701,0.2581828236579895,-4.078551769256592,-0.0002455041103530675,0.03233478218317032,0.03233431652188301,1.0,-3.0,success
702,0.2582278847694397,-4.0774970054626465,-0.000245646049734205,0.0329914353787899,0.0329914316534996,1.0,3.0,success
703,0.25827038288116455,-4.076441764831543,-0.0002460493997205049,0.033003002405166626,0.03300299867987633,1.0,3.0,success
704,0.25831037759780884,-4.0753865242004395,-0.0002463863929733634,0.03299994766712189,0.03299994394183159,1.0,3.0,success
705,0.2583099901676178,-4.07536506652832,-0.0002515392261557281,0.0006897218408994377,0.0006706615095026791,0.0,3.0,success
706,0.2583101689815521,-4.07536506652832,-0.000251082907197997,1.5315732525778003e-05,5.58793499294552e-06,0.0,-3.0,success
707,0.25834712386131287,-4.074331283569336,-0.000245554227149114,0.03232681378722191,0.0323263518512249,1.0,3.0,success
708,0.25834739208221436,-4.074309825897217,-0.0002505475131329149,0.0006885194452479482,0.0006706046406179667,0.0,-3.0,success
709,0.25838419795036316,-4.073275566101074,-0.00024541153106838465,0.032341472804546356,0.03234107792377472,1.0,3.0,success
710,0.2583843767642975,-4.073254585266113,-0.0002504473377484828,0.0006742955883964896,0.0006556748994626105,0.0,-3.0,success
711,0.2584210932254791,-4.072220325469971,-0.0002453321358188987,0.0323413722217083,0.03234097361564636,1.0,3.0,success
712,0.2584555149078369,-4.071165084838867,-0.0002455125213600695,0.03299380838871002,0.03299380838871002,1.0,3.0,success
713,0.2584546208381653,-4.071143627166748,-0.0002508262114133686,0.0006913713878020644,0.0006711340975016356,0.0,3.0,success
714,0.25848516821861267,-4.0701093673706055,-0.00024562713224440813,0.03233512118458748,0.03233471140265465,1.0,-3.0,success
715,0.25851765275001526,-4.069053649902344,-0.0002457593218423426,0.033006783574819565,0.033006783574819565,1.0,3.0,success
716,0.2585178017616272,-4.069032669067383,-0.0002510124468244612,0.000675905728712678,0.0006556676235049963,0.0,-3.0,success
717,0.258550226688385,-4.06799840927124,-0.0002457982627674937,0.03233690932393074,0.03233649581670761,1.0,3.0,success
718,0.25858092308044434,-4.0669426918029785,-0.00024587547522969544,0.033005110919475555,0.033005110919475555,1.0,-3.0,success
719,0.2586134076118469,-4.065887451171875,-0.0002462434349581599,0.032991889864206314,0.032991889864206314,1.0,3.0,success
720,0.2586435377597809,-4.064831733703613,-0.0002465423312969506,0.033004604279994965,0.033004600554704666,1.0,3.0,success
721,0.25867193937301636,-4.063776016235352,-0.00024677126202732325,0.03300310671329498,0.03300310671329498,1.0,-3.0,success
722,0.2587028741836548,-4.06272029876709,-0.00024696384207345545,0.033005330711603165,0.033005330711603165,1.0,-3.0,success
723,0.25873634219169617,-4.061665058135986,-0.00024711849982850254,0.03299285098910332,0.03299285098910332,1.0,-3.0,success
724,0.2587719261646271,-4.060609340667725,-0.0002472472551744431,0.033009905368089676,0.033009905368089676,1.0,0.0,success
725,0.25880712270736694,-4.059554100036621,-0.00024735109764151275,0.03299460560083389,0.03299460560083389,1.0,3.0,success
726,0.25884050130844116,-4.058498382568359,-0.00024741856032051146,0.033007651567459106,0.033007651567459106,1.0,-3.0,success
727,0.25887563824653625,-4.057443141937256,-0.00024749196018092334,0.03299454599618912,0.03299454599618912,1.0,3.0,success
728,0.25890830159187317,-4.056387901306152,-0.0002475412911735475,0.03299206495285034,0.03299206122756004,1.0,3.0,success
729,0.2589384913444519,-4.055332183837891,-0.00024758046492934227,0.03300465643405914,0.03300465643405914,1.0,3.0,success
730,0.2589377164840698,-4.0553107261657715,-0.00025249383179470897,0.0006883327732793987,0.0006709892768412828,0.0,3.0,success
731,0.25896379351615906,-4.054276466369629,-0.0002469622122589499,0.032331351190805435,0.03233088552951813,1.0,-3.0,success
732,0.25896328687667847,-4.054255485534668,-0.0002517094253562391,0.000672411173582077,0.0006558421882800758,0.0,3.0,success
733,0.2589893043041229,-4.0532002449035645,-0.00024685930111445487,0.03298663720488548,0.032986290752887726,1.0,0.0,success
734,0.2590157091617584,-4.052144527435303,-0.0002468102320563048,0.03300148621201515,0.03300148621201515,1.0,-3.0,success
735,0.2590445280075073,-4.051088809967041,-0.00024698395282030106,0.03300345689058304,0.03300345689058304,1.0,-3.0,success
736,0.2590758204460144,-4.050033092498779,-0.0002471341867931187,0.03300565853714943,0.03300565853714943,1.0,-3.0,success
737,0.2591087818145752,-4.048977851867676,-0.0002472647465765476,0.03299235180020332,0.03299235180020332,1.0,3.0,success
738,0.2591090500354767,-4.048977375030518,-0.0002523328294046223,0.0001592977059772238,1.7096808733185753e-05,0.0,0.0,success
739,0.2591392695903778,-4.047943115234375,-0.0002467578451614827,0.03233487904071808,0.03233441337943077,1.0,3.0,success
740,0.2591675817966461,-4.0468878746032715,-0.00024663866497576237,0.032988134771585464,0.032988134771585464,1.0,-3.0,success
741,0.2591983377933502,-4.04583215713501,-0.00024684309028089046,0.03300516679883003,0.033005163073539734,1.0,-3.0,success
742,0.2592308521270752,-4.044776439666748,-0.0002470313338562846,0.03300681337714195,0.03300681337714195,1.0,3.0,success
743,0.2592608630657196,-4.0437211990356445,-0.0002471728075761348,0.03298960253596306,0.03298960253596306,1.0,3.0,success
744,0.2592611312866211,-4.043699741363525,-0.0002521566057112068,0.0006884523318149149,0.0006706046406179667,0.0,-3.0,success
745,0.25929176807403564,-4.042665481567383,-0.0002467028680257499,0.03233524039387703,0.032334793359041214,1.0,-3.0,success
746,0.2592924237251282,-4.042644500732422,-0.000251490855589509,0.0006728192092850804,0.0006559711182489991,0.0,-3.0,success
747,0.25932741165161133,-4.041610240936279,-0.0002461673866491765,0.032339535653591156,0.032339103519916534,1.0,3.0,success
748,0.2593607008457184,-4.040554523468018,-0.0002461701224092394,0.03300756588578224,0.03300756588578224,1.0,-3.0,success
749,0.25939643383026123,-4.039499282836914,-0.0002464685821905732,0.03299517184495926,0.03299516811966896,1.0,-3.0,success
750,0.25943392515182495,-4.0384440422058105,-0.00024673191364854574,0.03299707546830177,0.03299707546830177,1.0,3.0,success
751,0.25946927070617676,-4.037388324737549,-0.0002469283645041287,0.03300965204834938,0.03300965204834938,1.0,0.0,success
752,0.2594687044620514,-4.037367343902588,-0.0002519780828151852,0.000674606126267463,0.000655889802146703,0.0,3.0,success
753,0.2594687342643738,-4.037367343902588,-0.0002514389343559742,1.687410804152023e-05,9.313225177720597e-07,0.0,0.0,success
754,0.25946909189224243,-4.037367343902588,-0.0002507084282115102,2.5417160941287875e-05,1.117586998589104e-05,0.0,-3.0,success
755,0.2594687342643738,-4.037367343902588,-0.0002501241397112608,2.1407748135970905e-05,1.117586998589104e-05,0.0,3.0,success
756,0.25950101017951965,-4.036333084106445,-0.00024476213729940355,0.03233678266406059,0.03233635053038597,1.0,3.0,success
757,0.2595307230949402,-4.035277366638184,-0.00024504109751433134,0.03300423175096512,0.03300423175096512,1.0,3.0,success
758,0.25955870747566223,-4.034221649169922,-0.00024555521667934954,0.033002763986587524,0.03300275653600693,1.0,-3.0,success
759,0.2595590651035309,-4.034200668334961,-0.00025087210815399885,0.0006764687714166939,0.0006557463202625513,0.0,-3.0,success
760,0.2595919966697693,-4.033166408538818,-0.0002456755319144577,0.032337404787540436,0.032336995005607605,1.0,-3.0,success
761,0.25959154963493347,-4.033145427703857,-0.00025068133254535496,0.0006741989636793733,0.0006557998713105917,0.0,3.0,success
762,0.2596239447593689,-4.032111167907715,-0.00024550859234295785,0.032336872071027756,0.03233646601438522,1.0,3.0,success
763,0.25962358713150024,-4.032089710235596,-0.00025053558056242764,0.0006887986091896892,0.0006706453277729452,0.0,3.0,success
764,0.2596517503261566,-4.031055450439453,-0.0002453807392157614,0.032332997769117355,0.03233259543776512,1.0,-3.0,success
765,0.2596825659275055,-4.029999732971191,-0.0002455511421430856,0.03300522267818451,0.03300522267818451,1.0,-3.0,success
766,0.25971508026123047,-4.02894401550293,-0.00024598423624411225,0.03300681710243225,0.03300681337714195,1.0,3.0,success
767,0.2597458064556122,-4.027888774871826,-0.0002463249838910997,0.03299024701118469,0.03299024701118469,1.0,-3.0,success
768,0.2597782611846924,-4.0268330574035645,-0.0002466173900756985,0.033006757497787476,0.03300675377249718,1.0,3.0,success
769,0.25977805256843567,-4.0268120765686035,-0.0002517241518944502,0.0006748248706571758,0.0006556834559887648,0.0,3.0,success
770,0.2597784101963043,-4.0268120765686035,-0.0002512309583835304,1.9037830497836694e-05,1.117586998589104e-05,0.0,-3.0,success
771,0.2597780227661133,-4.0268120765686035,-0.0002505565353203565,2.4305762053700164e-05,1.2107192560506519e-05,0.0,3.0,success
772,0.259777694940567,-4.0268120765686035,-0.00024999293964356184,2.0375135136418976e-05,1.0244547411275562e-05,0.0,3.0,success
773,0.25977739691734314,-4.0268120765686035,-0.0002495409862603992,1.6917760149226524e-05,9.313225746154785e-06,0.0,3.0,success
774,0.2598002851009369,-4.025777339935303,-0.0002442951372358948,0.03234384208917618,0.03234342858195305,1.0,3.0,success
775,0.25982117652893066,-4.024721622467041,-0.0002446574508212507,0.032997630536556244,0.032997626811265945,1.0,-3.0,success
776,0.2598438262939453,-4.023665904998779,-0.0002452684857416898,0.032998766750097275,0.032998763024806976,1.0,3.0,success
777,0.25986477732658386,-4.022610187530518,-0.00024575242423452437,0.03299767151474953,0.03299766778945923,1.0,-3.0,success
778,0.2598882019519806,-4.021554470062256,-0.0002461492840666324,0.03299929201602936,0.03299928829073906,1.0,-3.0,success
779,0.25991374254226685,-4.020498752593994,-0.0002464721619617194,0.033000823110342026,0.033000823110342026,1.0,0.0,success
780,0.2599135935306549,-4.020477294921875,-0.0002516136155463755,0.0006895483238622546,0.0006705683772452176,0.0,3.0,success
781,0.2599361836910248,-4.019443035125732,-0.0002462690754327923,0.032328758388757706,0.032328326255083084,1.0,3.0,success
782,0.2599567174911499,-4.0183868408203125,-0.00024625161313451827,0.033012308180332184,0.033012308180332184,1.0,-3.0,success
783,0.2599797248840332,-4.017331123352051,-0.0002465337747707963,0.032999005168676376,0.03299900144338608,1.0,-3.0,success
784,0.2599804103374481,-4.01731014251709,-0.00025165508850477636,0.0006752408808097243,0.0006560008623637259,0.0,-3.0,success
785,0.25998032093048096,-4.01731014251709,-0.0002511968486942351,1.4590013051929418e-05,2.79396749647276e-06,0.0,3.0,success
786,0.2600052058696747,-4.016275882720947,-0.00024563580518588424,0.03233043849468231,0.032329969108104706,1.0,3.0,success
787,0.26002731919288635,-4.015219688415527,-0.0002457403752487153,0.03301330283284187,0.03301330283284187,1.0,3.0,success
788,0.26004698872566223,-4.014163970947266,-0.00024612474953755736,0.03299689665436745,0.03299689665436745,1.0,3.0,success
789,0.26004618406295776,-4.014142990112305,-0.0002513293584343046,0.0006759908865205944,0.0006561331101693213,0.0,3.0,success
790,0.26006171107292175,-4.013108253479004,-0.00024603059864602983,0.03233958035707474,0.03233915939927101,1.0,-3.0,success
791,0.2600800096988678,-4.012052536010742,-0.00024607134400866926,0.032996125519275665,0.032996125519275665,1.0,-3.0,success
792,0.26007983088493347,-4.012031078338623,-0.0002512828214094043,0.0006900684675201774,0.0006705755367875099,0.0,3.0,success
793,0.26008033752441406,-4.012031078338623,-0.00025087781250476837,2.0269562810426578e-05,1.5832483768463135e-05,0.0,-3.0,success
794,0.26010045409202576,-4.010975360870361,-0.0002452873741276562,0.03299761936068535,0.03299715742468834,1.0,0.0,success
795,0.2601202130317688,-4.0099196434021,-0.00024556106654927135,0.032996948808431625,0.03299694508314133,1.0,3.0,success
796,0.2601204514503479,-4.009898662567139,-0.0002508571487851441,0.0006762580596841872,0.000655693409498781,0.0,-3.0,success
797,0.2601199746131897,-4.009898662567139,-0.0002505578740965575,1.7592916265130043e-05,1.4901160284352954e-05,0.0,3.0,success
798,0.26011958718299866,-4.009898662567139,-0.0002500087721273303,2.1000721972086467e-05,1.2107192560506519e-05,0.0,3.0,success
799,0.2601191997528076,-4.009898662567139,-0.0002495544613339007,1.865864214778412e-05,1.2107192560506519e-05,0.0,3.0,success
800,0.2601322531700134,-4.008863925933838,-0.0002443060220684856,0.03233850747346878,0.03233809024095535,1.0,3.0,success
801,0.26013195514678955,-4.00886344909668,-0.0002496506494935602,0.00016794144175946712,1.7572157958056778e-05,0.0,0.0,success
802,0.26014232635498047,-4.007828712463379,-0.0002445967693347484,0.032337531447410583,0.032337140291929245,1.0,3.0,success
803,0.26015037298202515,-4.006772994995117,-0.00024491449585184455,0.032992128282785416,0.032992128282785416,1.0,0.0,success
804,0.26015886664390564,-4.005716800689697,-0.00024545995984226465,0.03300714120268822,0.03300714120268822,1.0,-3.0,success
805,0.2601591646671295,-4.005695819854736,-0.0002507962053641677,0.0006765893194824457,0.0006557172164320946,0.0,-3.0,success
806,0.2601727247238159,-4.0046610832214355,-0.00024561493773944676,0.0323387011885643,0.03233829513192177,1.0,-3.0,success
807,0.2601883113384247,-4.003604888916016,-0.00024574980488978326,0.033009663224220276,0.033009663224220276,1.0,3.0,success
808,0.26018866896629333,-4.003583908081055,-0.00025100490893237293,0.0006759970565326512,0.0006557463202625513,0.0,-3.0,success
809,0.26018860936164856,-4.003583908081055,-0.00025067050592042506,1.0614796337904409e-05,1.8626450355441193e-06,0.0,0.0,success
810,0.260204941034317,-4.002549171447754,-0.0002452093467582017,0.032339997589588165,0.03233954682946205,1.0,-3.0,success
811,0.26022329926490784,-4.001493453979492,-0.0002454104833304882,0.03299615532159805,0.03299615532159805,1.0,3.0,success
812,0.2602391541004181,-4.0004377365112305,-0.00024586127256043255,0.032994892448186874,0.032994892448186874,1.0,3.0,success
813,0.260238915681839,-4.000437259674072,-0.0002512096834834665,0.00016796609270386398,1.6660003893775865e-05,0.0,0.0,success
814,0.26023903489112854,-4.000437259674072,-0.0002507328463252634,1.5359764802269638e-05,3.7252900710882386e-06,0.0,-3.0,success
815,0.26025548577308655,-3.9994025230407715,-0.00024525882326997817,0.03234005719423294,0.03233960270881653,1.0,-3.0,success
816,0.2602746784687042,-3.9983468055725098,-0.0002454397326800972,0.03299661725759506,0.03299661725759506,1.0,-3.0,success
817,0.26027461886405945,-3.9983255863189697,-0.000250777171459049,0.0006837600958533585,0.0006631042342633009,0.0,3.0,success
818,0.2602752149105072,-3.9983255863189697,-0.0002504733856767416,2.0906159988953732e-05,1.862645149230957e-05,0.0,-3.0,success
819,0.2602965533733368,-3.997291088104248,-0.0002450553292874247,0.03233538568019867,0.03233494237065315,1.0,-3.0,success
820,0.2603198289871216,-3.9962353706359863,-0.00024528743233531713,0.032999187707901,0.032999187707901,1.0,3.0,success
821,0.2603195905685425,-3.9962141513824463,-0.0002506455057300627,0.0006839556735940278,0.0006631434662267566,0.0,3.0,success
822,0.2603200376033783,-3.9962141513824463,-0.0002503675641492009,1.6449841496068984e-05,1.3969837709737476e-05,0.0,-3.0,success
823,0.26034045219421387,-3.9951796531677246,-0.00024498184211552143,0.03233479708433151,0.03233436122536659,1.0,3.0,success
824,0.26035887002944946,-3.994123697280884,-0.00024520797887817025,0.033003635704517365,0.033003635704517365,1.0,-3.0,success
825,0.2603797912597656,-3.993067979812622,-0.00024569840752519667,0.032997649163007736,0.03299764543771744,1.0,-3.0,success
826,0.26037970185279846,-3.993046760559082,-0.00025099865160882473,0.000683480640873313,0.000663107552099973,0.0,3.0,success
827,0.26038026809692383,-3.993046760559082,-0.0002506512391846627,2.076015698548872e-05,1.7695128917694092e-05,0.0,-3.0,success
828,0.2604025602340698,-3.9920122623443604,-0.00024520885199308395,0.03233601897954941,0.03233557194471359,1.0,3.0,success
829,0.26042285561561584,-3.9909563064575195,-0.00024538952857255936,0.03300471231341362,0.03300471231341362,1.0,-3.0,success
830,0.26042261719703674,-3.9909350872039795,-0.00025073668803088367,0.0006838722620159388,0.0006631434662267566,0.0,3.0,success
831,0.2604421377182007,-3.989900588989258,-0.00024556691641919315,0.03233422711491585,0.032333824783563614,1.0,3.0,success
832,0.2604596018791199,-3.988844633102417,-0.00024569002562202513,0.03300313279032707,0.03300313279032707,1.0,-3.0,success
833,0.2604788541793823,-3.9877889156341553,-0.0002460949763190001,0.032996658235788345,0.03299665451049805,1.0,3.0,success
834,0.2604963481426239,-3.9867329597473145,-0.0002464134304318577,0.033003147691488266,0.03300314396619797,1.0,-3.0,success
835,0.26051563024520874,-3.9856772422790527,-0.0002466882287990302,0.03299667313694954,0.03299666941165924,1.0,3.0,success
836,0.2605331242084503,-3.984621286392212,-0.0002468886086717248,0.03300314396619797,0.03300314396619797,1.0,-3.0,success
837,0.26053357124328613,-3.984600067138672,-0.00025193887995555997,0.0006817671237513423,0.000663248763885349,0.0,-3.0,success
838,0.26055529713630676,-3.98356556892395,-0.0002465406432747841,0.032335635274648666,0.03233519569039345,1.0,3.0,success
839,0.2605555057525635,-3.98354434967041,-0.00025135077885352075,0.0006799569237045944,0.0006631336873397231,0.0,-3.0,success
840,0.26057738065719604,-3.9824888706207275,-0.0002459521347191185,0.032991230487823486,0.03299080207943916,1.0,0.0,success
841,0.26059967279434204,-3.9814329147338867,-0.00024609651882201433,0.0330059714615345,0.0330059714615345,1.0,-3.0,success
842,0.2606237232685089,-3.980377197265625,-0.0002464244025759399,0.03299972787499428,0.03299972787499428,1.0,3.0,success
843,0.2606239914894104,-3.980356216430664,-0.0002515582600608468,0.0006750461761839688,0.0006557046435773373,0.0,-3.0,success
844,0.2606480121612549,-3.9793214797973633,-0.00024623569333925843,0.03234465792775154,0.03234422951936722,1.0,3.0,success
845,0.26064735651016235,-3.9793004989624023,-0.00025111823924817145,0.0006734824855811894,0.0006559711182489991,0.0,3.0,success
846,0.260646790266037,-3.9793004989624023,-0.00025074166478589177,2.1250936697470024e-05,1.7695128917694092e-05,0.0,3.0,success
847,0.26064661145210266,-3.9793002605438232,-0.00025014946004375815,2.0717694496852346e-05,9.313225746154785e-06,0.0,0.0,success
848,0.26064610481262207,-3.9793002605438232,-0.00024967262288555503,2.174194378312677e-05,1.5832483768463135e-05,0.0,3.0,success
849,0.2606605887413025,-3.9782657623291016,-0.0002444008714519441,0.03233165293931961,0.03233123570680618,1.0,3.0,success
850,0.2606602609157562,-3.9782652854919434,-0.0002497264649719,0.00016740431601647288,1.8083013856085017e-05,0.0,0.0,success
851,0.2606728672981262,-3.9772305488586426,-0.00024464604211971164,0.03233831003308296,0.032337918877601624,1.0,-3.0,success
852,0.26067325472831726,-3.9772095680236816,-0.0002498414251022041,0.0006755622453056276,0.0006557627930305898,0.0,-3.0,success
853,0.2606735825538635,-3.9772095680236816,-0.0002497211389709264,1.0912396646745037e-05,1.0244547411275562e-05,0.0,-3.0,success
854,0.26067325472831726,-3.9772095680236816,-0.0002493487554602325,1.550387605675496e-05,1.0244547411275562e-05,0.0,3.0,success
855,0.2606736123561859,-3.9772095680236816,-0.00024901714641600847,1.5240975699271075e-05,1.117586998589104e-05,0.0,-3.0,success
856,0.2606929838657379,-3.976174831390381,-0.00024388605379499495,0.03234158456325531,0.032341185957193375,1.0,3.0,success
857,0.260709673166275,-3.975119113922119,-0.0002443409466650337,0.03299529477953911,0.03299529105424881,1.0,3.0,success
858,0.26072391867637634,-3.9740631580352783,-0.00024500576546415687,0.033001627773046494,0.0330016203224659,1.0,3.0,success
859,0.2607230246067047,-3.9740419387817383,-0.00025043493951670825,0.000685032457113266,0.0006636899779550731,0.0,3.0,success
860,0.2607332170009613,-3.9730072021484375,-0.00024531499366275966,0.032337483018636703,0.03233708441257477,1.0,-3.0,success
861,0.26074618101119995,-3.9719512462615967,-0.00024549898807890713,0.03300110995769501,0.03300110623240471,1.0,-3.0,success
862,0.26074594259262085,-3.9719300270080566,-0.0002508253382984549,0.0006837137043476105,0.0006631434662267566,0.0,3.0,success
863,0.2607589364051819,-3.970895290374756,-0.00024562724865972996,0.03233847767114639,0.03233806788921356,1.0,-3.0,success
864,0.2607746124267578,-3.969839334487915,-0.0002457491063978523,0.033002253621816635,0.033002253621816635,1.0,-3.0,success
865,0.26077547669410706,-3.969818115234375,-0.00025101398932747543,0.000683741585817188,0.0006636514444835484,0.0,-3.0,success
866,0.2607952356338501,-3.9687836170196533,-0.0002457998343743384,0.03233437240123749,0.03233396261930466,1.0,3.0,success
867,0.26079532504081726,-3.968783378601074,-0.0002508606994524598,0.00015835209342185408,7.957222805998754e-06,0.0,0.0,success
868,0.26081302762031555,-3.9677486419677734,-0.0002455545181874186,0.03234067186713219,0.03234025090932846,1.0,-3.0,success
869,0.2608327269554138,-3.9666929244995117,-0.0002456963702570647,0.03299691528081894,0.03299691155552864,1.0,3.0,success
870,0.2608506381511688,-3.965636968612671,-0.00024608051171526313,0.033003367483615875,0.033003367483615875,1.0,-3.0,success
871,0.2608504593372345,-3.965615749359131,-0.0002513037179596722,0.0006829183548688889,0.0006631251890212297,0.0,3.0,success
872,0.26085034012794495,-3.965615749359131,-0.0002509047626517713,1.3012019735469949e-05,3.7252900710882386e-06,0.0,3.0,success
873,0.26086512207984924,-3.964581251144409,-0.00024540169397369027,0.03233182057738304,0.03233136609196663,1.0,3.0,success
874,0.2608778774738312,-3.9635252952575684,-0.0002455431967973709,0.03300102427601814,0.03300102427601814,1.0,-3.0,success
875,0.260892391204834,-3.9624693393707275,-0.0002459768147673458,0.03300173580646515,0.03300173580646515,1.0,3.0,success
876,0.2608919143676758,-3.9624481201171875,-0.00025121134240180254,0.0006831426871940494,0.0006632690201513469,0.0,3.0,success
877,0.26090142130851746,-3.9614133834838867,-0.00024594724527560174,0.03233730047941208,0.03233688324689865,1.0,3.0,success
878,0.26090824604034424,-3.960357427597046,-0.00024600434699095786,0.03299930691719055,0.03299930691719055,1.0,3.0,success
879,0.2609126567840576,-3.959301233291626,-0.00024633677094243467,0.03300636261701584,0.03300635889172554,1.0,3.0,success
880,0.2609117031097412,-3.959280252456665,-0.000251498946454376,0.0006758624222129583,0.0006563279894180596,0.0,3.0,success
881,0.2609112858772278,-3.958245277404785,-0.00024617768940515816,0.03234339877963066,0.032342974096536636,1.0,3.0,success
882,0.260910302400589,-3.958224058151245,-0.00025107141118496656,0.000681201578117907,0.0006638134946115315,0.0,3.0,success
883,0.26090487837791443,-3.9571893215179443,-0.0002458209346514195,0.03233637660741806,0.03233596310019493,1.0,3.0,success
884,0.2609042227268219,-3.9571890830993652,-0.00025087641552090645,0.00015948100190144032,2.180170122301206e-05,0.0,0.0,success
885,0.2608970105648041,-3.9561543464660645,-0.0002455666835885495,0.032336730509996414,0.03233630582690239,1.0,-3.0,success
886,0.26089683175086975,-3.9561538696289062,-0.0002506798773538321,0.0001605778670636937,1.5914445611997508e-05,0.0,0.0,success
887,0.2608970105648041,-3.9561538696289062,-0.0002502947172615677,1.3270130693854298e-05,5.58793499294552e-06,0.0,-3.0,success
888,0.26089420914649963,-3.9551191329956055,-0.00024491912336088717,0.032336071133613586,0.032335638999938965,1.0,3.0,success
889,0.2608887255191803,-3.9540631771087646,-0.0002451676700729877,0.03299906477332115,0.03299906477332115,1.0,3.0,success
890,0.26088082790374756,-3.953007221221924,-0.00024566694628447294,0.03299954906105995,0.03299954533576965,1.0,3.0,success
891,0.2608705461025238,-3.951951265335083,-0.00024608103558421135,0.03300018608570099,0.03300018608570099,1.0,3.0,success
892,0.2608586251735687,-3.950895309448242,-0.00024640222545713186,0.03300072252750397,0.03300072252750397,1.0,-3.0,success
893,0.26085788011550903,-3.950874090194702,-0.0002515616943128407,0.0006828192272223532,0.0006635102909058332,0.0,3.0,success
894,0.26084578037261963,-3.9498183727264404,-0.0002461255353409797,0.032993774861097336,0.032993339002132416,1.0,0.0,success
895,0.26083406805992126,-3.9487624168395996,-0.0002462353731971234,0.033000651746988297,0.033000651746988297,1.0,-3.0,success
896,0.26082417368888855,-3.947706460952759,-0.0002465355210006237,0.03300006687641144,0.03300006687641144,1.0,3.0,success
897,0.26081252098083496,-3.946650505065918,-0.00024676587781868875,0.033000629395246506,0.033000629395246506,1.0,-3.0,success
898,0.26080337166786194,-3.945594549179077,-0.00024695973843336105,0.03299986198544502,0.032999858260154724,1.0,-3.0,success
899,0.2607959806919098,-3.9445385932922363,-0.00024712542654015124,0.0329994261264801,0.0329994261264801,1.0,3.0,success
900,0.26079562306404114,-3.9445176124572754,-0.0002521301794331521,0.0006741391844116151,0.0006557463202625513,0.0,3.0,success
901,0.26078397035598755,-3.9434828758239746,-0.000246671523200348,0.032338015735149384,0.03233756497502327,1.0,-3.0,success
902,0.2607746124267578,-3.9424266815185547,-0.00024658910115249455,0.033007364720106125,0.033007364720106125,1.0,0.0,success
903,0.2607648968696594,-3.941370725631714,-0.00024681008653715253,0.03300001844763756,0.03300001844763756,1.0,3.0,success
904,0.26075267791748047,-3.940314769744873,-0.00024699507048353553,0.033000826835632324,0.033000826835632324,1.0,3.0,success
905,0.26075276732444763,-3.940293788909912,-0.00025201437529176474,0.0006741580436937511,0.00065565702971071,0.0,-3.0,success
906,0.26074057817459106,-3.9392590522766113,-0.0002466007135808468,0.03233820199966431,0.03233776241540909,1.0,3.0,success
907,0.2607264220714569,-3.9382030963897705,-0.0002465172437950969,0.03300158306956291,0.03300158306956291,1.0,-3.0,success
908,0.2607141137123108,-3.9371471405029297,-0.0002467566228006035,0.03300086036324501,0.03300086036324501,1.0,3.0,success
909,0.2606993615627289,-3.936091184616089,-0.0002469526953063905,0.033001840114593506,0.033001840114593506,1.0,3.0,success
910,0.2606992721557617,-3.936070203781128,-0.00025198046932928264,0.0006742196273989975,0.00065565702971071,0.0,-3.0,success
911,0.26068463921546936,-3.935035467147827,-0.000246573647018522,0.0323391929268837,0.03233875334262848,1.0,3.0,success
912,0.2606680989265442,-3.9339795112609863,-0.00024649553233757615,0.033002667129039764,0.033002667129039764,1.0,-3.0,success
913,0.2606537938117981,-3.9329235553741455,-0.00024673380539752543,0.033001646399497986,0.033001646399497986,1.0,0.0,success
914,0.26063916087150574,-3.9318675994873047,-0.00024693997693248093,0.03300178796052933,0.03300178423523903,1.0,3.0,success
915,0.2606228291988373,-3.930811882019043,-0.00024708957062102854,0.03299511596560478,0.03299511596560478,1.0,-3.0,success
916,0.2606227397918701,-3.9308114051818848,-0.00025220192037522793,0.00016047866665758193,1.5160831935645547e-05,0.0,0.0,success
917,0.2606082260608673,-3.929776906967163,-0.00024665394448675215,0.032331712543964386,0.03233124688267708,1.0,3.0,success
918,0.2605910003185272,-3.9287209510803223,-0.0002465656434651464,0.03300300985574722,0.03300300985574722,1.0,3.0,success
919,0.26057136058807373,-3.9276652336120605,-0.0002467854064889252,0.032996878027915955,0.032996878027915955,1.0,3.0,success
920,0.26054930686950684,-3.9266092777252197,-0.0002469754545018077,0.033005814999341965,0.033005814999341965,1.0,3.0,success
921,0.2605256140232086,-3.925553560256958,-0.00024711748119443655,0.03299947828054428,0.03299947828054428,1.0,-3.0,success
922,0.26050448417663574,-3.9244978427886963,-0.0002472405321896076,0.032997775822877884,0.032997775822877884,1.0,-3.0,success
923,0.2604859173297882,-3.9234421253204346,-0.0002473396307323128,0.032996270805597305,0.032996270805597305,1.0,-3.0,success
924,0.2604857385158539,-3.9234209060668945,-0.0002523113216739148,0.000681082543451339,0.0006631251890212297,0.0,3.0,success
925,0.26046642661094666,-3.9223861694335938,-0.00024682763614691794,0.0323416031897068,0.03234114870429039,1.0,3.0,success
926,0.26046669483184814,-3.922365188598633,-0.00025157962227240205,0.0006723100086674094,0.0006557046435773373,0.0,-3.0,success
927,0.26044708490371704,-3.921330451965332,-0.00024623805074952543,0.03234175592660904,0.03234132379293442,1.0,3.0,success
928,0.26042553782463074,-3.9202747344970703,-0.0002462264965288341,0.032998040318489075,0.032998040318489075,1.0,-3.0,success
929,0.2604064643383026,-3.9192187786102295,-0.0002465135185047984,0.03300400450825691,0.033004000782966614,1.0,-3.0,success
930,0.26038920879364014,-3.9181630611419678,-0.0002467679150868207,0.03299557790160179,0.03299557417631149,1.0,3.0,success
931,0.2603694498538971,-3.917107105255127,-0.0002469622704666108,0.03300439566373825,0.03300439566373825,1.0,3.0,success
932,0.26034724712371826,-3.9160513877868652,-0.0002471174520906061,0.0329984650015831,0.0329984650015831,1.0,3.0,success
933,0.2603229284286499,-3.9149956703186035,-0.0002472363121341914,0.0329999215900898,0.0329999215900898,1.0,0.0,success
934,0.2603229284286499,-3.9149744510650635,-0.0002522125723771751,0.0006810922059230506,0.0006631016149185598,0.0,-3.0,success
935,0.2603016495704651,-3.913939952850342,-0.0002467477461323142,0.03233535587787628,0.032334908843040466,1.0,-3.0,success
936,0.26028314232826233,-3.912883996963501,-0.00024664532975293696,0.03300368785858154,0.03300368785858154,1.0,-3.0,success
937,0.2602829933166504,-3.91286301612854,-0.0002517416432965547,0.0006747322622686625,0.0006556676235049963,0.0,3.0,success
938,0.26028352975845337,-3.91286301612854,-0.00025124475359916687,2.285033588123042e-05,1.6763806343078613e-05,0.0,-3.0,success
939,0.26026642322540283,-3.9118282794952393,-0.000245683710090816,0.0323404036462307,0.03233993798494339,1.0,3.0,success
940,0.2602666914463043,-3.911807060241699,-0.0002506509772501886,0.0006810796912759542,0.000663154642097652,0.0,-3.0,success
941,0.2602669298648834,-3.911807060241699,-0.00025036750594154,1.157513543148525e-05,7.450580142176477e-06,0.0,-3.0,success
942,0.26026681065559387,-3.911807060241699,-0.00024986028438434005,1.6282554497593082e-05,3.7252900710882386e-06,0.0,0.0,success
943,0.26026707887649536,-3.911807060241699,-0.0002494315558578819,1.5803685528226197e-05,8.381903171539307e-06,0.0,-3.0,success
944,0.2602550983428955,-3.9107723236083984,-0.00024420645786449313,0.03233809769153595,0.03233768790960312,1.0,-3.0,success
945,0.2602548897266388,-3.9107511043548584,-0.0002494912769179791,0.0006833893130533397,0.0006631336873397231,0.0,3.0,success
946,0.2602550685405731,-3.9107511043548584,-0.0002494349319022149,5.858786153112305e-06,5.58793499294552e-06,0.0,0.0,success
947,0.2602424919605255,-3.9097163677215576,-0.0002442306140437722,0.03233831748366356,0.03233790397644043,1.0,3.0,success
948,0.260242760181427,-3.9096953868865967,-0.0002494891232345253,0.0006759825046174228,0.0006557046435773373,0.0,-3.0,success
949,0.26023069024086,-3.908660650253296,-0.00024455328821204603,0.032338086515665054,0.03233771398663521,1.0,-3.0,success
950,0.26022064685821533,-3.907604694366455,-0.00024489997304044664,0.03300011157989502,0.03300011157989502,1.0,3.0,success
951,0.2602081298828125,-3.9065487384796143,-0.0002454538189340383,0.03300094231963158,0.03300093859434128,1.0,3.0,success
952,0.2601938545703888,-3.9054927825927734,-0.0002459001843817532,0.03300163522362709,0.03300163522362709,1.0,-3.0,success
953,0.26018136739730835,-3.9044368267059326,-0.0002462778065819293,0.03300093114376068,0.03300092741847038,1.0,3.0,success
954,0.2601664662361145,-3.903380870819092,-0.0002465705038048327,0.03300190344452858,0.03300190344452858,1.0,3.0,success
955,0.2601656913757324,-3.9033596515655518,-0.0002516864624340087,0.0006825318560004234,0.0006635435856878757,0.0,3.0,success
956,0.2601466476917267,-3.90232515335083,-0.00024631634005345404,0.03233398124575615,0.03233354166150093,1.0,-3.0,success
957,0.26014697551727295,-3.90230393409729,-0.00025118127814494073,0.0006803834694437683,0.0006631807773374021,0.0,-3.0,success
958,0.26014694571495056,-3.90230393409729,-0.000250798009801656,1.2013289051537868e-05,9.313225177720597e-07,0.0,0.0,success
959,0.2601466178894043,-3.90230393409729,-0.000250205717748031,2.1155105059733614e-05,1.0244547411275562e-05,0.0,3.0,success
960,0.2601306438446045,-3.9012691974639893,-0.0002448171435389668,0.03233981132507324,0.032339371740818024,1.0,-3.0,success
961,0.26011738181114197,-3.9002132415771484,-0.0002450857136864215,0.03300122544169426,0.03300122171640396,1.0,-3.0,success
962,0.26011741161346436,-3.9001920223236084,-0.00025049407850019634,0.0006843022420071065,0.0006631023134104908,0.0,3.0,success
963,0.26010367274284363,-3.8991363048553467,-0.0002452703774906695,0.03299436718225479,0.03299396485090256,1.0,0.0,success
964,0.2600894868373871,-3.898080587387085,-0.00024556159041821957,0.03299414739012718,0.03299414739012718,1.0,3.0,success
965,0.26007279753685,-3.897024631500244,-0.000245986768277362,0.03300274536013603,0.033002741634845734,1.0,3.0,success
966,0.2600543200969696,-3.8959686756134033,-0.00024632655549794436,0.03300367295742035,0.03300366923213005,1.0,-3.0,success
967,0.26003798842430115,-3.8949127197265625,-0.0002466134319547564,0.033002566546201706,0.033002566546201706,1.0,0.0,success
968,0.26002129912376404,-3.893857002258301,-0.00024684437084943056,0.03299529105424881,0.03299529105424881,1.0,3.0,success
969,0.26000216603279114,-3.892801284790039,-0.000247023330302909,0.032996587455272675,0.032996587455272675,1.0,3.0,success
970,0.25998127460479736,-3.8917453289031982,-0.0002471559855621308,0.03300507739186287,0.03300507739186287,1.0,-3.0,success
971,0.25996220111846924,-3.8906896114349365,-0.0002472821215633303,0.03299655392765999,0.03299655392765999,1.0,3.0,success
972,0.2599407136440277,-3.889633893966675,-0.0002473736822139472,0.03299800306558609,0.03299800306558609,1.0,3.0,success
973,0.2599174976348877,-3.888577938079834,-0.00024743613903410733,0.03300659358501434,0.03300659358501434,1.0,-3.0,success
974,0.25989681482315063,-3.8875222206115723,-0.0002474955399520695,0.0329975001513958,0.0329975001513958,1.0,-3.0,success
975,0.25989726185798645,-3.8875010013580322,-0.0002524244482629001,0.0006808991311118007,0.000663248763885349,0.0,-3.0,success
976,0.2598816156387329,-3.8864665031433105,-0.0002469177998136729,0.032332222908735275,0.032331764698028564,1.0,-3.0,success
977,0.25988227128982544,-3.8864452838897705,-0.0002516628010198474,0.0006797874229960144,0.0006634180899709463,0.0,-3.0,success
978,0.25988221168518066,-3.8864452838897705,-0.00025118840858340263,1.494131993240444e-05,1.8626450355441193e-06,0.0,3.0,success
979,0.25986868143081665,-3.8854105472564697,-0.00024562838370911777,0.03233874961733818,0.03233828395605087,1.0,3.0,success
980,0.2598531246185303,-3.884354591369629,-0.0002457244845572859,0.03300220146775246,0.03300220146775246,1.0,-3.0,success
981,0.2598400115966797,-3.883298635482788,-0.00024611150729469955,0.033001165837049484,0.033001162111759186,1.0,-3.0,success
982,0.25982865691185,-3.8822426795959473,-0.00024644628865644336,0.03300052881240845,0.03300052508711815,1.0,3.0,success
983,0.2598147988319397,-3.8811869621276855,-0.0002467049635015428,0.03299401327967644,0.03299400955438614,1.0,3.0,success
984,0.25979840755462646,-3.8801310062408447,-0.0002469116006977856,0.033002596348524094,0.033002592623233795,1.0,3.0,success
985,0.25977960228919983,-3.879075050354004,-0.0002470769686624408,0.033003851771354675,0.033003851771354675,1.0,3.0,success
986,0.2597590684890747,-3.878019332885742,-0.00024719879729673266,0.032997407019138336,0.032997407019138336,1.0,-3.0,success
987,0.2597403824329376,-3.8769636154174805,-0.0002473164349794388,0.03299633413553238,0.03299633413553238,1.0,3.0,success
988,0.25971999764442444,-3.8759076595306396,-0.00024739085347391665,0.0330047681927681,0.0330047681927681,1.0,-3.0,success
989,0.2597021460533142,-3.874851942062378,-0.0002474594220984727,0.032995883375406265,0.032995883375406265,1.0,-3.0,success
990,0.25968608260154724,-3.873795986175537,-0.00024752510944381356,0.03300243616104126,0.03300243616104126,1.0,3.0,success
991,0.2596856355667114,-3.873774766921997,-0.000252449739491567,0.0006808689795434475,0.000663248763885349,0.0,3.0,success
992,0.2596852481365204,-3.873774766921997,-0.0002518212131690234,2.3073156626196578e-05,1.2107192560506519e-05,0.0,3.0,success
993,0.2596619725227356,-3.8727402687072754,-0.0002461350813973695,0.03233673796057701,0.03233624994754791,1.0,3.0,success
994,0.2596362829208374,-3.8716845512390137,-0.0002461346157360822,0.03300093486905098,0.03300093486905098,1.0,0.0,success
995,0.25961101055145264,-3.870628833770752,-0.00024643520009703934,0.03300062194466591,0.03300062194466591,1.0,-3.0,success
996,0.25958824157714844,-3.8695731163024902,-0.0002466946898493916,0.032998841255903244,0.032998841255903244,1.0,-3.0,success
997,0.2595672607421875,-3.8685173988342285,-0.00024691346334293485,0.03299768641591072,0.03299768641591072,1.0,3.0,success
998,0.25956687331199646,-3.8684961795806885,-0.0002519607951398939,0.0006817102548666298,0.0006632121512666345,0.0,3.0,success
999,0.25954166054725647,-3.867461681365967,-0.00024653589935041964,0.032338112592697144,0.03233766928315163,1.0,-3.0,success
1000,0.2595183849334717,-3.866405963897705,-0.00024648589896969497,0.032999187707901,0.032999187707901,1.0,3.0,success
1001,0.2594926357269287,-3.8653502464294434,-0.0002467220474500209,0.03300097957253456,0.03300097957253456,1.0,3.0,success
1002,0.25949203968048096,-3.8653290271759033,-0.00025180677766911685,0.0006821284769102931,0.0006633632001467049,0.0,3.0,success
1003,0.25946134328842163,-3.8642947673797607,-0.00024642355856485665,0.03233528509736061,0.03233484923839569,1.0,3.0,success
1004,0.2594604790210724,-3.8642735481262207,-0.0002512680075597018,0.0006806995370425284,0.0006636514444835484,0.0,3.0,success
1005,0.2594605088233948,-3.8642735481262207,-0.0002508512407075614,1.305721980315866e-05,9.313225177720597e-07,0.0,-3.0,success
1006,0.2594267427921295,-3.863239288330078,-0.0002453681663610041,0.03233829140663147,0.03233783692121506,1.0,3.0,success
1007,0.25942689180374146,-3.863218069076538,-0.00025039882166311145,0.0006814982043579221,0.0006631180294789374,0.0,-3.0,success
1008,0.25939416885375977,-3.8621838092803955,-0.00024528070935048163,0.03233718499541283,0.03233679011464119,1.0,-3.0,success
1009,0.2593633234500885,-3.861128330230713,-0.00024548181681893766,0.03299780189990997,0.03299780189990997,1.0,3.0,success
1010,0.25933006405830383,-3.8600728511810303,-0.00024591924739070237,0.03300009295344353,0.03300008922815323,1.0,3.0,success
1011,0.25929510593414307,-3.8590173721313477,-0.000246272305957973,0.03300180658698082,0.03300180286169052,1.0,-3.0,success
1012,0.25929495692253113,-3.8590171337127686,-0.00025154859758913517,0.0001651180355111137,8.786078979028389e-06,0.0,0.0,success
1013,0.25926274061203003,-3.857982635498047,-0.00024611991830170155,0.032344184815883636,0.03234374150633812,1.0,-3.0,success
1014,0.25923237204551697,-3.8569271564483643,-0.0002461494004819542,0.03299736976623535,0.03299736976623535,1.0,3.0,success
1015,0.2592323124408722,-3.856926918029785,-0.000251426303293556,0.00016508193220943213,7.679882401134819e-06,0.0,0.0,success
1016,0.2591993510723114,-3.8558926582336426,-0.00024603205383755267,0.03233746439218521,0.03233702853322029,1.0,3.0,success
1017,0.25919851660728455,-3.8558714389801025,-0.0002509510959498584,0.000681185454595834,0.0006636141915805638,0.0,3.0,success
1018,0.2591615617275238,-3.854837417602539,-0.00024571295944042504,0.032334208488464355,0.032333794981241226,1.0,-3.0,success
1019,0.25916096568107605,-3.854816198348999,-0.00025070999981835485,0.0006814952939748764,0.0006633632001467049,0.0,3.0,success
1020,0.25912347435951233,-3.8537821769714355,-0.00024553161347284913,0.03233480453491211,0.03233439847826958,1.0,3.0,success
1021,0.25912395119667053,-3.8537609577178955,-0.000250543060246855,0.00068150699371472,0.0006632690201513469,0.0,-3.0,success
1022,0.25912410020828247,-3.8537609577178955,-0.00025028164964169264,9.403080184711143e-06,4.656612873077393e-06,0.0,-3.0,success
1023,0.2590893805027008,-3.852726697921753,-0.00024490137002430856,0.03233925998210907,0.03233882039785385,1.0,-3.0,success
1024,0.2590564787387848,-3.8516712188720703,-0.000245164439547807,0.03299973905086517,0.03299973905086517,1.0,3.0,success
1025,0.2590211033821106,-3.8506157398223877,-0.0002456646179780364,0.03300224244594574,0.03300223872065544,1.0,3.0,success
1026,0.2589839696884155,-3.849560499191284,-0.0002460686955600977,0.032996680587530136,0.032996680587530136,1.0,-3.0,success
1027,0.25894901156425476,-3.8485047817230225,-0.0002464072313159704,0.033009253442287445,0.03300924971699715,1.0,0.0,success
1028,0.25891369581222534,-3.847449541091919,-0.0002466794685460627,0.03299473226070404,0.03299473226070404,1.0,3.0,success
1029,0.25887593626976013,-3.8463940620422363,-0.00024689151905477047,0.033004820346832275,0.033004820346832275,1.0,3.0,success
1030,0.2588364779949188,-3.845338821411133,-0.00024705054238438606,0.03299931436777115,0.03299931436777115,1.0,-3.0,success
1031,0.2587994933128357,-3.8442835807800293,-0.00024718724307604134,0.032996516674757004,0.032996516674757004,1.0,-3.0,success
1032,0.25876468420028687,-3.8432281017303467,-0.000247302174102515,0.033001650124788284,0.033001650124788284,1.0,0.0,success
1033,0.2587295174598694,-3.842172622680664,-0.00024739510263316333,0.03300202265381813,0.03300202265381813,1.0,3.0,success
1034,0.25873002409935,-3.842151641845703,-0.0002523346629459411,0.0006737628718838096,0.0006558421882800758,0.0,-3.0,success
1035,0.2587299048900604,-3.842151403427124,-0.0002517345710657537,2.051972296612803e-05,8.330001946887933e-06,0.0,0.0,success
1036,0.258694589138031,-3.8411173820495605,-0.00024607175146229565,0.032332491129636765,0.032332006841897964,1.0,3.0,success
1037,0.258656769990921,-3.840061902999878,-0.0002460896212141961,0.03300488367676735,0.03300488367676735,1.0,3.0,success
1038,0.25861650705337524,-3.8390066623687744,-0.0002464042045176029,0.033000264316797256,0.033000264316797256,1.0,3.0,success
1039,0.25861531496047974,-3.8389856815338135,-0.0002515528758522123,0.0006761313416063786,0.0006567084928974509,0.0,3.0,success
1040,0.25861451029777527,-3.8389856815338135,-0.00025110412389039993,2.879175553971436e-05,2.5145707695628516e-05,0.0,3.0,success
1041,0.2586144804954529,-3.8389856815338135,-0.00025043508503586054,2.0928195226588286e-05,9.313225177720597e-07,0.0,-3.0,success
1042,0.25857070088386536,-3.837951898574829,-0.0002450095198582858,0.03233511745929718,0.032334670424461365,1.0,-3.0,success
1043,0.25852859020233154,-3.8368966579437256,-0.0002452502667438239,0.03300251439213753,0.03300251439213753,1.0,3.0,success
1044,0.2584840953350067,-3.835841655731201,-0.00024573327391408384,0.03299812972545624,0.03299812600016594,1.0,3.0,success
1045,0.2584371268749237,-3.8347866535186768,-0.0002461339463479817,0.03300147503614426,0.03300147131085396,1.0,3.0,success
1046,0.2583877742290497,-3.8337316513061523,-0.0002464551944285631,0.033004868775606155,0.033004868775606155,1.0,3.0,success
1047,0.25833675265312195,-3.832676887512207,-0.00024670150014571846,0.032999906688928604,0.032999906688928604,1.0,-3.0,success
1048,0.25828760862350464,-3.8316221237182617,-0.00024691876024007797,0.03299712389707565,0.03299712389707565,1.0,3.0,success
1049,0.2582367956638336,-3.8305673599243164,-0.000247072777710855,0.032999590039253235,0.032999590039253235,1.0,-3.0,success
1050,0.25818848609924316,-3.829512357711792,-0.00024720499641261995,0.03300336375832558,0.03300336375832558,1.0,-3.0,success
1051,0.25814270973205566,-3.8284573554992676,-0.0002473113709129393,0.03299983963370323,0.03299983963370323,1.0,-3.0,success
1052,0.25809937715530396,-3.827402353286743,-0.0002473966160323471,0.032996613532304764,0.032996613532304764,1.0,-3.0,success
1053,0.25809910893440247,-3.827381134033203,-0.0002523568400647491,0.0006810295162722468,0.000663154642097652,0.0,3.0,success
1054,0.25805532932281494,-3.8263473510742188,-0.00024686369579285383,0.03233512490987778,0.032334670424461365,1.0,3.0,success
1055,0.25800836086273193,-3.8252923488616943,-0.00024673694861121476,0.03300147131085396,0.03300147131085396,1.0,3.0,success
1056,0.25800731778144836,-3.8252711296081543,-0.0002518046530894935,0.0006825291202403605,0.0006639023195020854,0.0,3.0,success
1057,0.2579559087753296,-3.824237585067749,-0.0002464210265316069,0.03233863413333893,0.03233819454908371,1.0,3.0,success
1058,0.2579019367694855,-3.823183059692383,-0.00024637303431518376,0.032997049391269684,0.032997049391269684,1.0,-3.0,success
1059,0.257849782705307,-3.8221282958984375,-0.000246641255216673,0.03300163522362709,0.03300163522362709,1.0,3.0,success
1060,0.2578504681587219,-3.8221070766448975,-0.00025173171889036894,0.0006822522263973951,0.0006634475430473685,0.0,-3.0,success
1061,0.25784990191459656,-3.8221073150634766,-0.00025125755928456783,2.4252560251625255e-05,1.9199706002837047e-05,0.0,3.0,success
1062,0.2577960193157196,-3.8210527896881104,-0.00024558205041103065,0.032997384667396545,0.03299690783023834,1.0,0.0,success
1063,0.2577424943447113,-3.819998025894165,-0.0002457860973663628,0.033003777265548706,0.033003777265548706,1.0,-3.0,success
1064,0.25769075751304626,-3.818943500518799,-0.000246175448410213,0.03299355506896973,0.03299355134367943,1.0,3.0,success
1065,0.2576915919780731,-3.818922281265259,-0.0002513595682103187,0.0006831025239080191,0.0006636141915805638,0.0,-3.0,success
1066,0.25769180059432983,-3.818922281265259,-0.000250949349720031,1.4381789696926717e-05,6.519257567560999e-06,0.0,-3.0,success
1067,0.257691353559494,-3.818922281265259,-0.0002503317955415696,2.382417005719617e-05,1.3969837709737476e-05,0.0,3.0,success
1068,0.25764018297195435,-3.8178887367248535,-0.0002449290477670729,0.03233826532959938,0.03233782574534416,1.0,3.0,success
1069,0.25764086842536926,-3.8178675174713135,-0.0002500468981452286,0.0006824522861279547,0.0006634475430473685,0.0,-3.0,success
1070,0.2575884759426117,-3.816833972930908,-0.00024501036386936903,0.032340120524168015,0.032339733093976974,1.0,3.0,success
1071,0.25758904218673706,-3.8168129920959473,-0.00025012725382111967,0.0006751002511009574,0.000655889802146703,0.0,-3.0,success
1072,0.2575889825820923,-3.8168129920959473,-0.0002499488473404199,5.878122465219349e-06,1.8626450355441193e-06,0.0,-3.0,success
1073,0.25754061341285706,-3.815779209136963,-0.0002446349826641381,0.03234148398041725,0.03234105929732323,1.0,-3.0,success
1074,0.25749415159225464,-3.8147242069244385,-0.000244946131715551,0.033000774681568146,0.033000774681568146,1.0,0.0,success
1075,0.25744736194610596,-3.813669204711914,-0.0002454955829307437,0.03300122916698456,0.03300122544169426,1.0,3.0,success
1076,0.257398784160614,-3.8126142024993896,-0.00024593385751359165,0.03300375118851662,0.03300375118851662,1.0,-3.0,success
1077,0.25735270977020264,-3.8115592002868652,-0.0002462943666614592,0.033000241965055466,0.033000241965055466,1.0,-3.0,success
1078,0.25730839371681213,-3.810504198074341,-0.0002465933212079108,0.032997891306877136,0.032997891306877136,1.0,3.0,success
1079,0.25730758905410767,-3.81048321723938,-0.00025170494336634874,0.000675297633279115,0.0006561331101693213,0.0,3.0,success
1080,0.2572586238384247,-3.8094284534454346,-0.00024623950594104826,0.03299730643630028,0.03299686312675476,1.0,0.0,success
1081,0.2572594881057739,-3.8094072341918945,-0.00025120831560343504,0.0006815743981860578,0.0006636514444835484,0.0,-3.0,success
1082,0.2572591304779053,-3.8094072341918945,-0.00025082865613512695,1.629917460377328e-05,1.117586998589104e-05,0.0,3.0,success
1083,0.2572113275527954,-3.8083736896514893,-0.00024532992392778397,0.03233324736356735,0.03233279287815094,1.0,-3.0,success
1084,0.25721150636672974,-3.808352470397949,-0.0002503784198779613,0.0006816340610384941,0.0006631251890212297,0.0,-3.0,success
1085,0.2571672201156616,-3.8073184490203857,-0.0002452763728797436,0.03234318271279335,0.03234279155731201,1.0,3.0,success
1086,0.2571205794811249,-3.8062634468078613,-0.0002454676141496748,0.033001020550727844,0.033001020550727844,1.0,3.0,success
1087,0.257120281457901,-3.8062632083892822,-0.00025088104302994907,0.00016958954802248627,1.1926747902180068e-05,0.0,0.0,success
1088,0.25707077980041504,-3.805229663848877,-0.0002455956710036844,0.032335709780454636,0.03233528882265091,1.0,3.0,success
1089,0.2570197284221649,-3.8041749000549316,-0.0002457093505654484,0.032999951392412186,0.032999951392412186,1.0,-3.0,success
1090,0.25697049498558044,-3.8031198978424072,-0.0002461103431414813,0.033004697412252426,0.03300469368696213,1.0,3.0,success
1091,0.25697019696235657,-3.803119659423828,-0.00025140921934507787,0.00016601882816758007,1.1926747902180068e-05,0.0,0.0,success
1092,0.25697025656700134,-3.803119659423828,-0.00025089242262765765,1.625695585971698e-05,1.8626450355441193e-06,0.0,-3.0,success
1093,0.2569204270839691,-3.802086114883423,-0.0002453977649565786,0.03233623504638672,0.032335780560970306,1.0,3.0,success
1094,0.25686880946159363,-3.8010311126708984,-0.00024554558331146836,0.03300825506448746,0.03300825506448746,1.0,0.0,success
1095,0.25681689381599426,-3.7999765872955322,-0.00024597469018772244,0.032993827015161514,0.032993827015161514,1.0,3.0,success
1096,0.2567625939846039,-3.798921823501587,-0.0002463272539898753,0.033005017787218094,0.033005014061927795,1.0,3.0,success
1097,0.25676295161247253,-3.798900842666626,-0.0002514808438718319,0.0006752334302291274,0.0006557463202625513,0.0,-3.0,success
1098,0.2567082941532135,-3.7978672981262207,-0.00024617317831143737,0.032343823462724686,0.03234339877963066,1.0,3.0,success
1099,0.25670865178108215,-3.7978463172912598,-0.0002510575286578387,0.000673276255838573,0.0006557463202625513,0.0,-3.0,success
1100,0.25665396451950073,-3.7968127727508545,-0.00024581977049820125,0.03234386071562767,0.03234344720840454,1.0,3.0,success
1101,0.25659722089767456,-3.7957582473754883,-0.0002459028037264943,0.03300158679485321,0.03300158679485321,1.0,3.0,success
1102,0.25653815269470215,-3.794703960418701,-0.0002462557749822736,0.032998137176036835,0.032998137176036835,1.0,3.0,success
1103,0.2564767599105835,-3.793649673461914,-0.00024655211018398404,0.033002279698848724,0.033002275973558426,1.0,3.0,success
1104,0.2564137279987335,-3.792595624923706,-0.000246778829023242,0.03299785777926445,0.03299785777926445,1.0,-3.0,success
1105,0.25641217827796936,-3.792574405670166,-0.0002518629189580679,0.0006835871026851237,0.0006648677517659962,0.0,3.0,success
1106,0.2563493847846985,-3.791541576385498,-0.00024646910605952144,0.03233594819903374,0.03233551234006882,1.0,3.0,success
1107,0.2562839686870575,-3.79048752784729,-0.00024641145137138665,0.03300238773226738,0.03300238773226738,1.0,-3.0,success
1108,0.2562832832336426,-3.790466547012329,-0.00025154263130389154,0.0006753140478394926,0.0006560008623637259,0.0,-3.0,success
1109,0.2562215030193329,-3.789433479309082,-0.0002462223346810788,0.03234146535396576,0.032341040670871735,1.0,3.0,success
1110,0.2561584711074829,-3.788379192352295,-0.0002462150587234646,0.03300529718399048,0.03300529718399048,1.0,-3.0,success
1111,0.25609728693962097,-3.787325143814087,-0.00024651497369632125,0.03299446031451225,0.03299446031451225,1.0,3.0,success
1112,0.25609585642814636,-3.787303924560547,-0.0002516417589504272,0.0006836446700617671,0.0006646068068221211,0.0,3.0,success
1113,0.2560305893421173,-3.786271095275879,-0.00024629151448607445,0.032340724021196365,0.03234029561281204,1.0,3.0,success
1114,0.2559625208377838,-3.78521728515625,-0.0002462694828864187,0.03300018981099129,0.03300018981099129,1.0,-3.0,success
1115,0.25596192479133606,-3.785196304321289,-0.00025142921367660165,0.0006754436763003469,0.0006559155881404877,0.0,-3.0,success
1116,0.2558973729610443,-3.784163236618042,-0.0002461315016262233,0.03234675154089928,0.03234632685780525,1.0,3.0,success
1117,0.25589826703071594,-3.784142255783081,-0.00025102472864091396,0.0006738259689882398,0.0006562460912391543,0.0,-3.0,success
1118,0.2558983266353607,-3.784142255783081,-0.0002506665186956525,1.1347970030328725e-05,1.8626450355441193e-06,0.0,-3.0,success
1119,0.25583821535110474,-3.783109188079834,-0.000245209172135219,0.03233841806650162,0.0323379710316658,1.0,-3.0,success
1120,0.25583717226982117,-3.783087968826294,-0.000250293844146654,0.0006826523458585143,0.0006639023195020854,0.0,3.0,success
1121,0.25577661395072937,-3.782054901123047,-0.0002451977925375104,0.032339174300432205,0.03233878314495087,1.0,3.0,success
1122,0.2557133138179779,-3.781000852584839,-0.000245394156081602,0.032998356968164444,0.032998356968164444,1.0,-3.0,success
1123,0.2556517720222473,-3.7799465656280518,-0.0002458583621773869,0.03300255164504051,0.033002547919750214,1.0,3.0,success
1124,0.25558847188949585,-3.7788925170898438,-0.000246224197326228,0.03299836069345474,0.032998356968164444,1.0,-3.0,success
1125,0.25558820366859436,-3.7788712978363037,-0.00025140788056887686,0.0006826527533121407,0.000663154642097652,0.0,-3.0,success
1126,0.255588561296463,-3.7788712978363037,-0.0002509888436179608,1.7215592379216105e-05,1.117586998589104e-05,0.0,-3.0,success
1127,0.25558826327323914,-3.7788712978363037,-0.0002503633440937847,2.1652156647178344e-05,9.313225746154785e-06,0.0,3.0,success
1128,0.2555307149887085,-3.7778382301330566,-0.000244943454163149,0.0323338583111763,0.03233341500163078,1.0,-3.0,success
1129,0.2555299401283264,-3.7778170108795166,-0.00025008025113493204,0.0006826846511103213,0.0006635435856878757,0.0,3.0,success
1130,0.2554725408554077,-3.7767837047576904,-0.0002450161846354604,0.03234098106622696,0.03234059736132622,1.0,-3.0,success
1131,0.2554170787334442,-3.775729179382324,-0.00024525984190404415,0.03299946337938309,0.03299945965409279,1.0,-3.0,success
1132,0.2553636431694031,-3.774674415588379,-0.00024574619601480663,0.03300363942980766,0.033003635704517365,1.0,0.0,success
1133,0.2553104758262634,-3.7736196517944336,-0.00024614029098302126,0.03300321847200394,0.03300321474671364,1.0,-3.0,success
1134,0.25531092286109924,-3.7735984325408936,-0.00025134129100479186,0.0006828728364780545,0.000663248763885349,0.0,-3.0,success
1135,0.25526130199432373,-3.7725648880004883,-0.0002460620307829231,0.03233588486909866,0.032335467636585236,1.0,3.0,success
1136,0.25520938634872437,-3.771510124206543,-0.00024609663523733616,0.03300127014517784,0.03300127014517784,1.0,3.0,success
1137,0.2552102506160736,-3.771488904953003,-0.0002512819482944906,0.0006831475184299052,0.0006636514444835484,0.0,-3.0,success
1138,0.2551577389240265,-3.7704553604125977,-0.00024601322365924716,0.03234034404158592,0.032339923083782196,1.0,3.0,success
1139,0.25515642762184143,-3.7704343795776367,-0.0002509408222977072,0.0006747367442585528,0.0006569303805008531,0.0,3.0,success
1140,0.25515586137771606,-3.7704343795776367,-0.0002505997254047543,2.065763146674726e-05,1.7695128917694092e-05,0.0,3.0,success
1141,0.25509804487228394,-3.7694010734558105,-0.0002451459295116365,0.03234177082777023,0.03234132006764412,1.0,-3.0,success
1142,0.25509703159332275,-3.7693800926208496,-0.0002502428542356938,0.0006754633504897356,0.0006564152427017689,0.0,3.0,success
1143,0.2550395131111145,-3.7683467864990234,-0.0002451462496537715,0.03234119340777397,0.03234080597758293,1.0,-3.0,success
1144,0.25498318672180176,-3.7672922611236572,-0.0002453738416079432,0.0330008901655674,0.0330008901655674,1.0,3.0,success
1145,0.2549842298030853,-3.767271041870117,-0.00025070481933653355,0.000684484897647053,0.0006639023195020854,0.0,-3.0,success
1146,0.25492727756500244,-3.766237735748291,-0.0002455513458698988,0.03234022483229637,0.032339826226234436,1.0,3.0,success
1147,0.2549281120300293,-3.766216516494751,-0.00025056066806428134,0.0006818276597186923,0.0006636141915805638,0.0,-3.0,success
1148,0.2548729479312897,-3.765183210372925,-0.0002454108325764537,0.03233719617128372,0.032336797565221786,1.0,-3.0,success
1149,0.2548191547393799,-3.7641286849975586,-0.00024558589211665094,0.032996766269207,0.032996766269207,1.0,3.0,success
1150,0.2548180818557739,-3.7641074657440186,-0.00025088508846238256,0.0006842888542450964,0.0006639487110078335,0.0,3.0,success
1151,0.25476083159446716,-3.7630741596221924,-0.0002456743095535785,0.032340750098228455,0.032340340316295624,1.0,-3.0,success
1152,0.2547055780887604,-3.762019634246826,-0.0002457866503391415,0.03299912065267563,0.03299912065267563,1.0,-3.0,success
1153,0.2546520531177521,-3.760964870452881,-0.00024617259623482823,0.033003780990839005,0.033003777265548706,1.0,3.0,success
1154,0.2545960545539856,-3.7599103450775146,-0.00024648537510074675,0.03300034627318382,0.03300034627318382,1.0,3.0,success
1155,0.2545378804206848,-3.7588560581207275,-0.0002467308077029884,0.032996587455272675,0.032996583729982376,1.0,0.0,success
1156,0.2544800937175751,-3.7578015327453613,-0.0002469275495968759,0.03300335630774498,0.03300335630774498,1.0,-3.0,success
1157,0.25447991490364075,-3.7577803134918213,-0.0002519702829886228,0.0006815923843532801,0.0006631251890212297,0.0,-3.0,success
1158,0.2544277012348175,-3.756747007369995,-0.00024655432207509875,0.03233245760202408,0.03233201056718826,1.0,-3.0,success
1159,0.25437605381011963,-3.75571346282959,-0.00024276779731735587,0.03233878314495087,0.032338567078113556,1.0,3.0,success
1160,0.25432297587394714,-3.7546589374542236,-0.0002434369525872171,0.032995641231536865,0.03299563378095627,1.0,-3.0,success
1161,0.25427234172821045,-3.7536041736602783,-0.0002442817494738847,0.03299933671951294,0.032999325543642044,1.0,-3.0,success
1162,0.2542242109775543,-3.752549171447754,-0.00024497293634340167,0.03300311788916588,0.03300311043858528,1.0,-3.0,success
1163,0.25422462821006775,-3.752528190612793,-0.00025040842592716217,0.000677421863656491,0.0006557807209901512,0.0,-3.0,success
1164,0.25418171286582947,-3.7514941692352295,-0.00024530472001060843,0.032341375946998596,0.03234098106622696,1.0,-3.0,success
1165,0.2541407346725464,-3.750438928604126,-0.0002454966015648097,0.0330011211335659,0.0330011211335659,1.0,0.0,success
1166,0.2541000545024872,-3.7493836879730225,-0.00024592666886746883,0.03300076723098755,0.03300076350569725,1.0,-3.0,success
1167,0.25409993529319763,-3.7493624687194824,-0.0002511809580028057,0.0006831384962424636,0.0006631120922975242,0.0,3.0,success
1168,0.2540586292743683,-3.748328685760498,-0.0002459225943312049,0.0323319137096405,0.032331496477127075,1.0,3.0,success
1169,0.25401490926742554,-3.7472734451293945,-0.000245974661083892,0.033004555851221085,0.033004555851221085,1.0,-3.0,success
1170,0.2540152966976166,-3.7472522258758545,-0.00025119376368820667,0.0006829721387475729,0.0006632121512666345,0.0,-3.0,success
1171,0.25401586294174194,-3.7472522258758545,-0.0002508170437067747,2.1253452359815128e-05,1.7695128917694092e-05,0.0,-3.0,success
1172,0.25401604175567627,-3.7472522258758545,-0.00025022061890922487,1.9457909729680978e-05,5.58793499294552e-06,0.0,0.0,success
1173,0.2540165185928345,-3.7472522258758545,-0.0002497199166100472,2.1607209419016726e-05,1.4901160284352954e-05,0.0,-3.0,success
1174,0.25398218631744385,-3.746217966079712,-0.0002444372221361846,0.032338839024305344,0.03233841806650162,1.0,-3.0,success
1175,0.25394973158836365,-3.7451624870300293,-0.0002447923761792481,0.03299930691719055,0.03299930691719055,1.0,3.0,success
1176,0.2539147734642029,-3.7441070079803467,-0.000245366885792464,0.03300180658698082,0.03300180286169052,1.0,3.0,success
1177,0.25387802720069885,-3.743051767349243,-0.00024583065533079207,0.03299625962972641,0.03299625590443611,1.0,-3.0,success
1178,0.25384339690208435,-3.7419962882995605,-0.0002462168922647834,0.03300146758556366,0.03300146758556366,1.0,0.0,success
1179,0.25384286046028137,-3.7419750690460205,-0.0002514096850063652,0.0006828747573308647,0.0006633134908042848,0.0,3.0,success
1180,0.25384292006492615,-3.7419750690460205,-0.0002509844198357314,1.3419434253592044e-05,1.8626450355441193e-06,0.0,0.0,success
1181,0.25380516052246094,-3.740941047668457,-0.00024547099019400775,0.03233516216278076,0.03233470395207405,1.0,3.0,success
1182,0.25376564264297485,-3.7398855686187744,-0.0002455990179441869,0.033006828278303146,0.033006828278303146,1.0,-3.0,success
1183,0.2537658214569092,-3.7398645877838135,-0.000250892509939149,0.0006762202247045934,0.0006556748994626105,0.0,-3.0,success
1184,0.25373148918151855,-3.738830327987671,-0.0002456911897752434,0.03233882784843445,0.03233841806650162,1.0,-3.0,success
1185,0.2536996603012085,-3.7377748489379883,-0.0002458006492815912,0.0329987108707428,0.0329987108707428,1.0,-3.0,success
1186,0.25367027521133423,-3.7367191314697266,-0.00024617387680336833,0.033003948628902435,0.03300394490361214,1.0,-3.0,success
1187,0.25367045402526855,-3.7366979122161865,-0.0002513786603230983,0.0006827809847891331,0.0006631251890212297,0.0,3.0,success
1188,0.25364020466804504,-3.735663652420044,-0.0002460809191688895,0.032334864139556885,0.03233443945646286,1.0,3.0,success
1189,0.2536070644855499,-3.7346081733703613,-0.0002461109252180904,0.032999973744153976,0.032999973744153976,1.0,3.0,success
1190,0.25357145071029663,-3.7335526943206787,-0.0002464217250235379,0.03300249204039574,0.03300248831510544,1.0,3.0,success
1191,0.2535336911678314,-3.732497453689575,-0.0002466791484039277,0.03299737721681595,0.03299737349152565,1.0,0.0,success
1192,0.25353407859802246,-3.732476234436035,-0.0002517673128750175,0.0006820065900683403,0.0006632121512666345,0.0,-3.0,success
1193,0.2534983158111572,-3.7314419746398926,-0.00024640304036438465,0.03234036639332771,0.03233993425965309,1.0,3.0,success
1194,0.25349855422973633,-3.7314207553863525,-0.0002512408827897161,0.0006801584386266768,0.0006631434662267566,0.0,-3.0,success
1195,0.2534978687763214,-3.7314209938049316,-0.0002508506295271218,2.5750214263098314e-05,2.2679185349261388e-05,0.0,3.0,success
1196,0.25346025824546814,-3.730386734008789,-0.0002453583001624793,0.03234243765473366,0.03234197944402695,1.0,3.0,success
1197,0.25341978669166565,-3.7293314933776855,-0.0002455188659951091,0.033000510185956955,0.033000510185956955,1.0,3.0,success
1198,0.25337690114974976,-3.728276252746582,-0.0002459478855598718,0.033003490418195724,0.033003490418195724,1.0,3.0,success
1199,0.25333166122436523,-3.7272212505340576,-0.00024630577536299825,0.03299911692738533,0.03299911320209503,1.0,3.0,success
1200,0.2533302307128906,-3.7272002696990967,-0.0002514751104172319,0.0006767366430722177,0.000657173281069845,0.0,3.0,success
1201,0.2533293068408966,-3.7272002696990967,-0.0002510421327315271,3.188432674505748e-05,2.887099799409043e-05,0.0,3.0,success
1202,0.25332847237586975,-3.7272002696990967,-0.0002503959694877267,3.298109368188307e-05,2.6077030270243995e-05,0.0,3.0,success
1203,0.25332775712013245,-3.7272002696990967,-0.0002498644171282649,2.7848265744978562e-05,2.235173997178208e-05,0.0,3.0,success
1204,0.2533278167247772,-3.7272002696990967,-0.0002494281798135489,1.3759076864516828e-05,1.8626450355441193e-06,0.0,-3.0,success
1205,0.2532740533351898,-3.7261459827423096,-0.00024411195772700012,0.03298969566822052,0.03298927843570709,1.0,0.0,success
1206,0.25321999192237854,-3.7250912189483643,-0.0002446205180604011,0.03300463780760765,0.03300463408231735,1.0,3.0,success
1207,0.25316354632377625,-3.724036693572998,-0.00024523373576812446,0.03300109878182411,0.033001091331243515,1.0,3.0,success
1208,0.253162145614624,-3.724015712738037,-0.00025061756605282426,0.000678307143971324,0.0006571105914190412,0.0,3.0,success
1209,0.25310230255126953,-3.72298264503479,-0.00024546077474951744,0.03233788162469864,0.032337483018636703,1.0,-3.0,success
1210,0.2530438303947449,-3.721928119659424,-0.0002456263464409858,0.033004533499479294,0.033004533499479294,1.0,3.0,success
1211,0.2529836595058441,-3.7208738327026367,-0.00024602460325695574,0.03300008177757263,0.03300008177757263,1.0,-3.0,success
1212,0.25298261642456055,-3.720852851867676,-0.0002512591890990734,0.0006765349535271525,0.000656460877507925,0.0,3.0,success
1213,0.2529822885990143,-3.720852851867676,-0.00025086928508244455,1.591894579178188e-05,1.0244547411275562e-05,0.0,3.0,success
1214,0.2529198229312897,-3.7198197841644287,-0.00024537331773899496,0.032342784106731415,0.032342325896024704,1.0,3.0,success
1215,0.2529195547103882,-3.7198195457458496,-0.0002505047305021435,0.00016074831364676356,1.1214608093723655e-05,0.0,0.0,success
1216,0.2529190182685852,-3.7198195457458496,-0.0002501640119589865,1.9859342501149513e-05,1.6763806343078613e-05,0.0,3.0,success
1217,0.2529192268848419,-3.7198195457458496,-0.00024967864737845957,1.6509333363501355e-05,6.519257567560999e-06,0.0,-3.0,success
1218,0.25291940569877625,-3.7198195457458496,-0.0002492895582690835,1.3381596545514185e-05,5.58793499294552e-06,0.0,-3.0,success
1219,0.2528574764728546,-3.7187867164611816,-0.00024409279285464436,0.03233429044485092,0.03233388066291809,1.0,-3.0,success
1220,0.2527974843978882,-3.7177324295043945,-0.0002445068384986371,0.03299976512789726,0.032999761402606964,1.0,-3.0,success
1221,0.25273919105529785,-3.7166779041290283,-0.00024514837423339486,0.03300423175096512,0.03300422430038452,1.0,3.0,success
1222,0.2526787519454956,-3.715623617172241,-0.00024566130014136434,0.03300056234002113,0.033000558614730835,1.0,0.0,success
1223,0.25267988443374634,-3.715602397918701,-0.0002509542100597173,0.0006843351875431836,0.0006640453357249498,0.0,-3.0,success
1224,0.2526208758354187,-3.714569330215454,-0.0002457517839502543,0.03233639523386955,0.03233598545193672,1.0,3.0,success
1225,0.2525598108768463,-3.713515043258667,-0.00024584896164014935,0.03300168365240097,0.03300168365240097,1.0,3.0,success
1226,0.2524963319301605,-3.712460994720459,-0.0002462124975863844,0.032998695969581604,0.032998695969581604,1.0,3.0,success
1227,0.25243043899536133,-3.711406946182251,-0.0002465173020027578,0.0330033153295517,0.0330033153295517,1.0,3.0,success
1228,0.2523621916770935,-3.710353136062622,-0.0002467618614900857,0.033000554889440536,0.033000554889440536,1.0,3.0,success
1229,0.25229156017303467,-3.7092995643615723,-0.0002469575556460768,0.032998014241456985,0.032998014241456985,1.0,3.0,success
1230,0.25228962302207947,-3.7092783451080322,-0.00025199627270922065,0.0006842236616648734,0.0006658591446466744,0.0,3.0,success
1231,0.2522886395454407,-3.7092785835266113,-0.0002514588995836675,3.580600241548382e-05,3.162385110044852e-05,0.0,3.0,success
1232,0.2522121071815491,-3.7082464694976807,-0.0002458453527651727,0.032342586666345596,0.03234210982918739,1.0,3.0,success
1233,0.252132773399353,-3.707193374633789,-0.00024589794338680804,0.03300246223807335,0.03300246223807335,1.0,-3.0,success
1234,0.25205567479133606,-3.7061402797698975,-0.0002462551055941731,0.032997291535139084,0.032997287809848785,1.0,0.0,success
1235,0.2519782781600952,-3.7050869464874268,-0.00024655720335431397,0.033005401492118835,0.033005401492118835,1.0,3.0,success
1236,0.25189921259880066,-3.7040340900421143,-0.00024678342742845416,0.032994408160448074,0.032994408160448074,1.0,-3.0,success
1237,0.2518976330757141,-3.704012870788574,-0.00025186652783304453,0.0006836464744992554,0.0006649362621828914,0.0,3.0,success
1238,0.25189757347106934,-3.704012870788574,-0.0002513499930500984,1.6248823158093728e-05,1.8626450355441193e-06,0.0,0.0,success
1239,0.2518978416919708,-3.704012870788574,-0.00025063721113838255,2.379930083407089e-05,8.381903171539307e-06,0.0,-3.0,success
1240,0.25181928277015686,-3.7029809951782227,-0.00024518242571502924,0.032339878380298615,0.0323394238948822,1.0,3.0,success
1241,0.25173985958099365,-3.701927900314331,-0.00024536834098398685,0.03300267085433006,0.03300267085433006,1.0,-3.0,success
1242,0.2516621947288513,-3.7008748054504395,-0.0002458370290696621,0.03299858793616295,0.03299858793616295,1.0,3.0,success
1243,0.25158244371414185,-3.699821710586548,-0.00024621200282126665,0.03300344571471214,0.03300344571471214,1.0,0.0,success
1244,0.2515030801296234,-3.6987686157226562,-0.00024651261628605425,0.03300253301858902,0.03300253301858902,1.0,-3.0,success
1245,0.25142619013786316,-3.6977155208587646,-0.00024675740860402584,0.03299681469798088,0.03299681469798088,1.0,-3.0,success
1246,0.2513517737388611,-3.696662187576294,-0.0002469535684213042,0.0329987071454525,0.0329987071454525,1.0,-3.0,success
1247,0.2512798011302948,-3.695608615875244,-0.0002471105835866183,0.033000845462083817,0.033000845462083817,1.0,-3.0,success
1248,0.2512098252773285,-3.6945548057556152,-0.000247240939643234,0.03300408646464348,0.03300408646464348,1.0,0.0,success
1249,0.25114014744758606,-3.6935012340545654,-0.00024733637110330164,0.0329960361123085,0.0329960361123085,1.0,-3.0,success
1250,0.25107279419898987,-3.6924474239349365,-0.0002474166394677013,0.03299875929951668,0.03299875929951668,1.0,-3.0,success
1251,0.2510071396827698,-3.6913933753967285,-0.0002474905923008919,0.03300284966826439,0.03300284966826439,1.0,3.0,success
1252,0.25093957781791687,-3.6903395652770996,-0.0002475304645486176,0.032999176532030106,0.032999176532030106,1.0,-3.0,success
1253,0.2508736848831177,-3.6892855167388916,-0.0002475813089404255,0.0330033153295517,0.0330033153295517,1.0,3.0,success
1254,0.2508726418018341,-3.6892645359039307,-0.0002524946758057922,0.0006741781253367662,0.000656460877507925,0.0,3.0,success
1255,0.250802606344223,-3.688232183456421,-0.0002469734463375062,0.03233562782406807,0.03233516588807106,1.0,3.0,success
1256,0.25080376863479614,-3.688210964202881,-0.00025169699802063406,0.000680302910041064,0.00066409568535164,0.0,-3.0,success
1257,0.25080397725105286,-3.688210964202881,-0.0002512041537556797,1.6724332454032265e-05,6.519257567560999e-06,0.0,-3.0,success
1258,0.2507353723049164,-3.687157392501831,-0.0002455481153447181,0.032994311302900314,0.03299383819103241,1.0,0.0,success
1259,0.25066712498664856,-3.686103582382202,-0.000245759409153834,0.033000554889440536,0.033000554889440536,1.0,-3.0,success
1260,0.2506013810634613,-3.685049533843994,-0.000246143841650337,0.03300302475690842,0.03300302475690842,1.0,-3.0,success
1261,0.2505377233028412,-3.683995485305786,-0.0002464672434143722,0.032999031245708466,0.032999031245708466,1.0,0.0,success
1262,0.2504740059375763,-3.682941436767578,-0.0002467222511768341,0.03299914300441742,0.03299914300441742,1.0,0.0,success
1263,0.2504105865955353,-3.681887149810791,-0.00024692120496183634,0.03300601989030838,0.03300601989030838,1.0,-3.0,success
1264,0.25034886598587036,-3.680833101272583,-0.0002470943727530539,0.03299543634057045,0.03299543634057045,1.0,3.0,success
1265,0.2503478527069092,-3.680812120437622,-0.00025210544117726386,0.0006748356972821057,0.0006564152427017689,0.0,3.0,success
1266,0.2502814829349518,-3.679758310317993,-0.0002465598226990551,0.032997265458106995,0.03299681097269058,1.0,0.0,success
1267,0.2502826452255249,-3.679737091064453,-0.0002514646330382675,0.0006815543747507036,0.00066409568535164,0.0,-3.0,success
1268,0.2502175271511078,-3.678704261779785,-0.00024614931317046285,0.03234042599797249,0.032340001314878464,1.0,3.0,success
1269,0.2502185106277466,-3.678683280944824,-0.00025103846564888954,0.0006739186937920749,0.0006563710048794746,0.0,-3.0,success
1270,0.250155508518219,-3.677650213241577,-0.00024579293676652014,0.03234376013278961,0.032343342900276184,1.0,-3.0,success
1271,0.2500937581062317,-3.676596164703369,-0.0002458914532326162,0.03299549221992493,0.03299549221992493,1.0,3.0,success
1272,0.2500302493572235,-3.675542116165161,-0.00024623668286949396,0.03299875184893608,0.03299875184893608,1.0,-3.0,success
1273,0.250029981136322,-3.675520896911621,-0.00025141710648313165,0.0006826286553405225,0.000663154642097652,0.0,-3.0,success
1274,0.2499699741601944,-3.674487590789795,-0.0002461225667502731,0.032345641404390335,0.03234521672129631,1.0,3.0,success
1275,0.249907985329628,-3.673433542251587,-0.000246145500568673,0.03299592807888985,0.03299592807888985,1.0,3.0,success
1276,0.2498435378074646,-3.672379493713379,-0.0002464496064931154,0.03300052881240845,0.03300052508711815,1.0,3.0,success
1277,0.2498418688774109,-3.672358274459839,-0.0002515892847441137,0.0006842667935416102,0.0006651494768448174,0.0,3.0,success
1278,0.24984115362167358,-3.672358274459839,-0.0002511331404093653,2.6510213501751423e-05,2.235173997178208e-05,0.0,3.0,success
1279,0.24977056682109833,-3.671325922012329,-0.0002455845824442804,0.032336797565221786,0.03233633562922478,1.0,3.0,success
1280,0.24969717860221863,-3.6702725887298584,-0.000245689443545416,0.03299646079540253,0.03299646079540253,1.0,-3.0,success
1281,0.24969695508480072,-3.6702721118927,-0.0002510672202333808,0.0001688593765720725,1.6457024685223587e-05,0.0,0.0,success
1282,0.24969680607318878,-3.6702721118927,-0.0002506236487533897,1.4622866729041561e-05,4.656612873077393e-06,0.0,0.0,success
1283,0.2496270388364792,-3.6692397594451904,-0.00024516729172319174,0.03233505040407181,0.032334599643945694,1.0,-3.0,success
1284,0.24955829977989197,-3.6681859493255615,-0.0002453768393024802,0.033001549541950226,0.033001549541950226,1.0,3.0,success
1285,0.24948781728744507,-3.6671323776245117,-0.00024582442711107433,0.03299770876765251,0.03299770504236221,1.0,-3.0,success
1286,0.24941907823085785,-3.666078567504883,-0.0002462163974996656,0.033001553267240524,0.033001549541950226,1.0,3.0,success
1287,0.24942027032375336,-3.6660573482513428,-0.0002513931831344962,0.0006835660897195339,0.0006641471991315484,0.0,-3.0,success
1288,0.24935317039489746,-3.665024757385254,-0.00024609139654785395,0.032336942851543427,0.0323365218937397,1.0,-3.0,success
1289,0.2492879182100296,-3.663970947265625,-0.00024612064589746296,0.03299463540315628,0.03299463540315628,1.0,-3.0,success
1290,0.24928824603557587,-3.663970470428467,-0.0002514132356736809,0.0001663790171733126,1.8083013856085017e-05,0.0,0.0,success
1291,0.24922388792037964,-3.662937641143799,-0.00024602137273177505,0.0323389507830143,0.03233851119875908,1.0,3.0,success
1292,0.24915826320648193,-3.661883592605591,-0.0002460502437315881,0.03300279378890991,0.03300279378890991,1.0,-3.0,success
1293,0.24915724992752075,-3.66186261177063,-0.00025126541731879115,0.00067634426523,0.0006564152427017689,0.0,3.0,success
1294,0.24915711581707,-3.66186261177063,-0.0002508733014110476,1.2950494237884413e-05,4.190951585769653e-06,0.0,3.0,success
1295,0.2490893006324768,-3.660830020904541,-0.00024537634453736246,0.03233843296766281,0.0323379784822464,1.0,3.0,success
1296,0.24909049272537231,-3.660808801651001,-0.00025040560285560787,0.0006824896554462612,0.0006641471991315484,0.0,-3.0,success
1297,0.24902057647705078,-3.659776210784912,-0.0002452966873534024,0.03234273940324783,0.032342348247766495,1.0,3.0,success
1298,0.24894961714744568,-3.6587226390838623,-0.00024547422071918845,0.0329987034201622,0.0329987034201622,1.0,-3.0,success
1299,0.24888044595718384,-3.6576688289642334,-0.0002459225070197135,0.03300243243575096,0.03300243243575096,1.0,3.0,success
1300,0.2488088458776474,-3.6566152572631836,-0.0002462856355123222,0.03300005570054054,0.03300005570054054,1.0,3.0,success
1301,0.24873481690883636,-3.655561923980713,-0.00024657644098624587,0.03299785777926445,0.03299785777926445,1.0,3.0,success
1302,0.24865840375423431,-3.654508590698242,-0.00024680912611074746,0.03300316631793976,0.03300316259264946,1.0,3.0,success
1303,0.24857962131500244,-3.6534554958343506,-0.0002469953033141792,0.03300117328763008,0.03300117328763008,1.0,3.0,success
1304,0.24849919974803925,-3.652402639389038,-0.00024713334278203547,0.032997604459524155,0.032997604459524155,1.0,-3.0,success
1305,0.24842067062854767,-3.6513495445251465,-0.0002472641644999385,0.033000584691762924,0.033000584691762924,1.0,3.0,success
1306,0.24841877818107605,-3.6513285636901855,-0.0002522416179999709,0.0006764393183402717,0.0006583128124475479,0.0,3.0,success
1307,0.24833740293979645,-3.650296926498413,-0.0002467601443640888,0.03233925253152847,0.03233879804611206,1.0,-3.0,success
1308,0.24825690686702728,-3.6492438316345215,-0.00024666552781127393,0.033005211502313614,0.033005211502313614,1.0,3.0,success
1309,0.2481740117073059,-3.648191213607788,-0.00024686590768396854,0.03299615532159805,0.032996151596307755,1.0,3.0,success
1310,0.2481735348701477,-3.648190975189209,-0.00025201280368492007,0.0001617010129848495,1.6660003893775865e-05,0.0,0.0,success
1311,0.24817350506782532,-3.648190975189209,-0.00025137505144812167,1.9951507056248374e-05,9.313225177720597e-07,0.0,-3.0,success
1312,0.2480894774198532,-3.6471593379974365,-0.00024578330339863896,0.03234589472413063,0.032345421612262726,1.0,3.0,success
1313,0.24800388514995575,-3.646106719970703,-0.00024585993378423154,0.03300287947058678,0.03300287947058678,1.0,3.0,success
1314,0.24791590869426727,-3.645054578781128,-0.0002462207048665732,0.03299415111541748,0.03299415111541748,1.0,3.0,success
1315,0.24782559275627136,-3.6440021991729736,-0.0002465239667799324,0.033007748425006866,0.033007748425006866,1.0,3.0,success
1316,0.24773292243480682,-3.6429502964019775,-0.00024676730390638113,0.032999277114868164,0.032999277114868164,1.0,3.0,success
1317,0.24773205816745758,-3.6429500579833984,-0.0002519347472116351,0.0001638950634514913,2.8017178919981234e-05,0.0,0.0,success
1318,0.24763928353786469,-3.6419196128845215,-0.0002464278368279338,0.03233211860060692,0.03233165666460991,1.0,-3.0,success
1319,0.24754802882671356,-3.6408674716949463,-0.0002463851124048233,0.03300284594297409,0.03300284594297409,1.0,-3.0,success
1320,0.24754634499549866,-3.6408464908599854,-0.0002515336382202804,0.000677150790579617,0.0006577591993845999,0.0,3.0,success
1321,0.24754668772220612,-3.6408464908599854,-0.0002510781632736325,1.7813021258916706e-05,1.0710208698583301e-05,0.0,-3.0,success
1322,0.24754633009433746,-3.6408464908599854,-0.0002504342992324382,2.301618405908812e-05,1.117586998589104e-05,0.0,3.0,success
1323,0.24745573103427887,-3.63981556892395,-0.0002450109750498086,0.032340921461582184,0.03234047815203667,1.0,3.0,success
1324,0.24736182391643524,-3.638763666152954,-0.00024523009778931737,0.033002689480781555,0.033002689480781555,1.0,-3.0,success
1325,0.2472696751356125,-3.637711763381958,-0.0002457264345139265,0.03299785405397415,0.03299785032868385,1.0,3.0,success
1326,0.24717581272125244,-3.636659860610962,-0.000246118608629331,0.033002566546201706,0.033002566546201706,1.0,-3.0,success
1327,0.24708370864391327,-3.635607957839966,-0.0002464524586685002,0.0329977311193943,0.032997727394104004,1.0,3.0,success
1328,0.24708180129528046,-3.635586977005005,-0.0002515925734769553,0.0006776669761165977,0.0006583547801710665,0.0,3.0,success
1329,0.2470816820859909,-3.635586738586426,-0.00025113040464930236,1.6672813217155635e-05,8.330001946887933e-06,0.0,0.0,success
1330,0.2469850480556488,-3.634535551071167,-0.000245485280174762,0.03298858925700188,0.03298811614513397,1.0,0.0,success
1331,0.24688878655433655,-3.63348388671875,-0.00024570897221565247,0.033001892268657684,0.033001892268657684,1.0,-3.0,success
1332,0.24688708782196045,-3.633462905883789,-0.00025099649792537093,0.0006782322889193892,0.0006577966269105673,0.0,3.0,success
1333,0.24679234623908997,-3.632432460784912,-0.0002457639784552157,0.03233763948082924,0.03233722969889641,1.0,-3.0,success
1334,0.2466980218887329,-3.631380558013916,-0.0002458686358295381,0.033003855496644974,0.033003855496644974,1.0,3.0,success
1335,0.2466019243001938,-3.630328893661499,-0.0002462185511831194,0.03300142660737038,0.03300142660737038,1.0,-3.0,success
1336,0.24650752544403076,-3.629277229309082,-0.0002465315628796816,0.03299663960933685,0.032996635884046555,1.0,3.0,success
1337,0.2465093433856964,-3.629256010055542,-0.0002516458625905216,0.0006844517774879932,0.0006655307952314615,0.0,-3.0,success
1338,0.2464170902967453,-3.628225326538086,-0.00024629294057376683,0.03233804926276207,0.03233762085437775,1.0,-3.0,success
1339,0.24632541835308075,-3.62717342376709,-0.0002462920674588531,0.03299655392765999,0.03299655392765999,1.0,3.0,success
1340,0.24632537364959717,-3.6271729469299316,-0.00025154053582809865,0.00016469607362523675,1.4966500202717725e-05,0.0,0.0,success
1341,0.24632501602172852,-3.6271731853485107,-0.00025100703351199627,2.1409461623989046e-05,1.3431724255497102e-05,0.0,3.0,success
1342,0.24622899293899536,-3.626121759414673,-0.00024537715944461524,0.03299426659941673,0.03299379721283913,1.0,0.0,success
1343,0.24622796475887299,-3.626100540161133,-0.0002505040029063821,0.0006829382036812603,0.0006638796767219901,0.0,-3.0,success
1344,0.24622826278209686,-3.626100540161133,-0.0002502542338334024,1.2151485861977562e-05,9.313225746154785e-06,0.0,-3.0,success
1345,0.24622823297977448,-3.626100540161133,-0.00024976988788694143,1.5164436263148673e-05,9.313225177720597e-07,0.0,0.0,success
1346,0.24613870680332184,-3.6250696182250977,-0.0002444739220663905,0.0323379822075367,0.03233755752444267,1.0,-3.0,success
1347,0.24605049192905426,-3.6240172386169434,-0.00024481161381118,0.03300220146775246,0.03300220146775246,1.0,-3.0,success
1348,0.24604922533035278,-3.6239962577819824,-0.0002502751594875008,0.0006786720477975905,0.0006568446988239884,0.0,3.0,success
1349,0.24596227705478668,-3.622965097427368,-0.00024518673308193684,0.032338500022888184,0.032338112592697144,1.0,-3.0,success
1350,0.24587656557559967,-3.6219124794006348,-0.00024539712467230856,0.03300318121910095,0.03300318121910095,1.0,-3.0,success
1351,0.24587556719779968,-3.621891498565674,-0.0002507438766770065,0.0006773251807317138,0.0006563930073752999,0.0,3.0,success
1352,0.2457909882068634,-3.6208600997924805,-0.0002455618523526937,0.032339807599782944,0.03233940154314041,1.0,-3.0,success
1353,0.2457069754600525,-3.619807243347168,-0.00024570681853219867,0.033006343990564346,0.033006343990564346,1.0,3.0,success
1354,0.2457089126110077,-3.619786262512207,-0.0002509717596694827,0.0006786846206523478,0.0006584397633560002,0.0,-3.0,success
1355,0.24562351405620575,-3.6187546253204346,-0.00024576354189775884,0.03234934061765671,0.03234892711043358,1.0,3.0,success
1356,0.24553659558296204,-3.6177022457122803,-0.0002458587405271828,0.032998837530612946,0.032998837530612946,1.0,3.0,success
1357,0.24553467333316803,-3.6176812648773193,-0.00025110295973718166,0.0006784865399822593,0.0006583970971405506,0.0,3.0,success
1358,0.24544496834278107,-3.616650342941284,-0.0002458484086673707,0.0323384590446949,0.03233804181218147,1.0,-3.0,success
1359,0.24544405937194824,-3.616629123687744,-0.0002508075558580458,0.0006815624656155705,0.0006637097685597837,0.0,-3.0,success
1360,0.2453562170267105,-3.615597724914551,-0.0002456195652484894,0.03234830126166344,0.032347895205020905,1.0,3.0,success
1361,0.24535433948040009,-3.61557674407959,-0.00025062612257897854,0.0006766084698028862,0.0006582711357623339,0.0,3.0,success
1362,0.24526390433311462,-3.6145458221435547,-0.0002454639470670372,0.03234042972326279,0.03234003111720085,1.0,3.0,success
1363,0.24517011642456055,-3.6134939193725586,-0.00024560702149756253,0.03300235792994499,0.03300235792994499,1.0,-3.0,success
1364,0.24507881700992584,-3.6124420166015625,-0.0002460181131027639,0.032995544373989105,0.032995544373989105,1.0,-3.0,success
1365,0.2450772374868393,-3.6124207973480225,-0.0002512544160708785,0.0006847747135907412,0.0006649362621828914,0.0,3.0,success
1366,0.2449873983860016,-3.6113898754119873,-0.00024597090668976307,0.03233882412314415,0.03233840689063072,1.0,-3.0,success
1367,0.24489808082580566,-3.610337734222412,-0.000246034178417176,0.03299767151474953,0.03299767151474953,1.0,3.0,success
1368,0.24480625987052917,-3.609285593032837,-0.0002463606942910701,0.03300438076257706,0.03300437703728676,1.0,3.0,success
1369,0.24471230804920197,-3.608233690261841,-0.0002466303703840822,0.0330028161406517,0.0330028161406517,1.0,0.0,success
1370,0.24471037089824677,-3.60821270942688,-0.0002517399552743882,0.0006775240763090551,0.0006584397633560002,0.0,3.0,success
1371,0.2447102665901184,-3.60821270942688,-0.00025124847888946533,1.5700728908996098e-05,3.2596287837804994e-06,0.0,0.0,success
1372,0.24461577832698822,-3.607182264328003,-0.0002456710790283978,0.032336972653865814,0.03233650326728821,1.0,-3.0,success
1373,0.24452176690101624,-3.606130361557007,-0.000245779927354306,0.033002980053424835,0.033002980053424835,1.0,3.0,success
1374,0.24452348053455353,-3.606109380722046,-0.00025102958898060024,0.0006779815885238349,0.0006578343454748392,0.0,-3.0,success
1375,0.24443164467811584,-3.6050784587860107,-0.0002457990194670856,0.03234429284930229,0.03234388306736946,1.0,-3.0,success
1376,0.24434112012386322,-3.6040263175964355,-0.000245886854827404,0.0330008827149868,0.0330008827149868,1.0,-3.0,success
1377,0.24434052407741547,-3.6040053367614746,-0.00025112423463724554,0.0006760270334780216,0.0006559155881404877,0.0,-3.0,success
1378,0.2442561686038971,-3.6029739379882812,-0.0002458767266944051,0.032339248806238174,0.03233883157372475,1.0,-3.0,success
1379,0.2441728413105011,-3.6019210815429688,-0.0002459540846757591,0.03300464525818825,0.03300464525818825,1.0,0.0,success
1380,0.24408979713916779,-3.6008682250976562,-0.0002462925622239709,0.033003948628902435,0.033003948628902435,1.0,-3.0,success
1381,0.244008406996727,-3.5998153686523438,-0.0002465908182784915,0.032999925315380096,0.032999925315380096,1.0,3.0,success
1382,0.24392449855804443,-3.5987627506256104,-0.00024682036018930376,0.03299865499138832,0.03299865499138832,1.0,3.0,success
1383,0.2439260333776474,-3.5987417697906494,-0.00025187592837028205,0.0006761202239431441,0.0006574030267074704,0.0,-3.0,success
1384,0.24384401738643646,-3.597710132598877,-0.00024647737154737115,0.03234081715345383,0.03234037756919861,1.0,-3.0,success
1385,0.24384264647960663,-3.597689151763916,-0.0002513223444111645,0.0006742678815498948,0.0006570491823367774,0.0,3.0,success
1386,0.24384282529354095,-3.597688913345337,-0.0002508999314159155,1.6155086996150203e-05,9.313225746154785e-06,0.0,0.0,success
1387,0.24375943839550018,-3.5966365337371826,-0.00024530015070922673,0.03299040347337723,0.03298994153738022,1.0,0.0,success
1388,0.2436763495206833,-3.59558367729187,-0.00024556100834161043,0.03300406411290169,0.03300406038761139,1.0,-3.0,success
1389,0.2435949742794037,-3.5945308208465576,-0.00024599532480351627,0.03299989178776741,0.03299988806247711,1.0,3.0,success
1390,0.2435111254453659,-3.593478202819824,-0.00024634378496557474,0.03299850970506668,0.03299850597977638,1.0,3.0,success
1391,0.2435109168291092,-3.593477964401245,-0.00025159609504044056,0.00016443297499790788,9.9000944828731e-06,0.0,0.0,success
1392,0.24342574179172516,-3.5924465656280518,-0.00024616855080239475,0.0323413722217083,0.03234092891216278,1.0,3.0,success
1393,0.24342535436153412,-3.5924463272094727,-0.00025115138851106167,0.00015636126045137644,1.4216021554602776e-05,0.0,0.0,success
1394,0.2433367669582367,-3.5913944244384766,-0.00024569526431150734,0.032988764345645905,0.032988324761390686,1.0,0.0,success
1395,0.2432485818862915,-3.5903420448303223,-0.0002458865928929299,0.03300211951136589,0.03300211951136589,1.0,-3.0,success
1396,0.24316288530826569,-3.589289426803589,-0.0002462459378875792,0.03300314396619797,0.03300314396619797,1.0,-3.0,success
1397,0.24307967722415924,-3.5882368087768555,-0.00024654396111145616,0.032996926456689835,0.032996926456689835,1.0,-3.0,success
1398,0.2429988831281662,-3.587183952331543,-0.0002467829908709973,0.03299849480390549,0.03299849480390549,1.0,-3.0,success
1399,0.24299874901771545,-3.587162733078003,-0.00025185535196214914,0.0006817970424890518,0.0006631148862652481,0.0,-3.0,success
1400,0.24292100965976715,-3.5861306190490723,-0.0002464726858306676,0.03234535828232765,0.03234492242336273,1.0,3.0,success
1401,0.24292254447937012,-3.5861096382141113,-0.0002512982173357159,0.0006744766724295914,0.0006574030267074704,0.0,-3.0,success
1402,0.24284441769123077,-3.5850775241851807,-0.00024601121549494565,0.03234625235199928,0.032345835119485855,1.0,3.0,success
1403,0.24276533722877502,-3.584024429321289,-0.000246045965468511,0.033001869916915894,0.033001869916915894,1.0,-3.0,success
1404,0.24276475608348846,-3.584003210067749,-0.0002512507198844105,0.0006829993217252195,0.0006633502780459821,0.0,-3.0,success
1405,0.24268890917301178,-3.5829710960388184,-0.0002459883689880371,0.03234095126390457,0.032340534031391144,1.0,3.0,success
1406,0.2426120638847351,-3.5819180011749268,-0.0002460284158587456,0.03299671411514282,0.03299671411514282,1.0,-3.0,success
1407,0.2426120936870575,-3.5819175243377686,-0.00025133902090601623,0.00016662664711475372,1.4930235920473933e-05,0.0,0.0,success
1408,0.24253875017166138,-3.580885410308838,-0.0002459515235386789,0.03233533352613449,0.03233489766716957,1.0,-3.0,success
1409,0.24253763258457184,-3.580864191055298,-0.00025089766131713986,0.0006817730027250946,0.0006640207138843834,0.0,3.0,success
1410,0.2425382286310196,-3.580864191055298,-0.00025055548758246005,2.1477508198586293e-05,1.862645149230957e-05,0.0,-3.0,success
1411,0.2424645870923996,-3.579831838607788,-0.0002451307082083076,0.032343436032533646,0.03234298527240753,1.0,3.0,success
1412,0.24238984286785126,-3.5787785053253174,-0.00024532771203666925,0.0329994298517704,0.0329994298517704,1.0,-3.0,success
1413,0.2423175424337387,-3.5777249336242676,-0.00024579427554272115,0.033001549541950226,0.03300154581665993,1.0,-3.0,success
1414,0.24224700033664703,-3.5766713619232178,-0.000246192590566352,0.03299783170223236,0.03299783170223236,1.0,3.0,success
1415,0.2422483265399933,-3.5766501426696777,-0.0002513742947485298,0.0006838436820544302,0.0006643955130130053,0.0,-3.0,success
1416,0.24224866926670074,-3.5766501426696777,-0.0002509609912522137,1.6778700228314847e-05,1.0710208698583301e-05,0.0,-3.0,success
1417,0.24218186736106873,-3.575617551803589,-0.00024544569896534085,0.03233637660741806,0.03233591839671135,1.0,-3.0,success
1418,0.24211695790290833,-3.574563503265381,-0.00024558970471844077,0.03300141170620918,0.03300141170620918,1.0,-3.0,success
1419,0.24211706221103668,-3.574542284011841,-0.0002508859324734658,0.0006834522937424481,0.0006631096475757658,0.0,-3.0,success
1420,0.2420576959848404,-3.5735092163085938,-0.0002456861548125744,0.03233703225851059,0.03233662247657776,1.0,-3.0,success
1421,0.24199995398521423,-3.5724546909332275,-0.00024580166791565716,0.03300328180193901,0.03300328180193901,1.0,0.0,success
1422,0.2419421225786209,-3.5714001655578613,-0.00024617533199489117,0.033003438264131546,0.03300343453884125,1.0,0.0,success
1423,0.2419413924217224,-3.5713791847229004,-0.0002513754297979176,0.0006758744129911065,0.0006560480105690658,0.0,3.0,success
1424,0.2418820708990097,-3.570345878601074,-0.0002460676769260317,0.032344408333301544,0.03234398365020752,1.0,-3.0,success
1425,0.24188223481178284,-3.570324659347534,-0.0002509830519556999,0.0006806795718148351,0.0006631214055232704,0.0,-3.0,success
1426,0.2418278455734253,-3.569291353225708,-0.00024574995040893555,0.032335929572582245,0.032335519790649414,1.0,-3.0,success
1427,0.2417747676372528,-3.568236827850342,-0.0002458569360896945,0.03299563378095627,0.03299563378095627,1.0,3.0,success
1428,0.24171985685825348,-3.5671820640563965,-0.0002462092670612037,0.033006004989147186,0.033006004989147186,1.0,-3.0,success
1429,0.24172021448612213,-3.5671818256378174,-0.0002514975785743445,0.0001658046676311642,1.3431724255497102e-05,0.0,0.0,success
1430,0.24166633188724518,-3.566148281097412,-0.00024608970852568746,0.032342568039894104,0.032342128455638885,1.0,3.0,success
1431,0.24161097407341003,-3.565093755722046,-0.00024610478430986404,0.03299929201602936,0.03299929201602936,1.0,-3.0,success
1432,0.2415580451488495,-3.5640392303466797,-0.000246416253503412,0.032995399087667465,0.032995399087667465,1.0,-3.0,success
1433,0.24155840277671814,-3.5640387535095215,-0.00025166344130411744,0.0001650291378609836,1.862645149230957e-05,0.0,0.0,success
1434,0.2415066659450531,-3.563005208969116,-0.0002462224510964006,0.032339151948690414,0.0323387049138546,1.0,3.0,success
1435,0.24145331978797913,-3.56195068359375,-0.0002462108968757093,0.032996054738759995,0.032996054738759995,1.0,-3.0,success
1436,0.24145351350307465,-3.561950206756592,-0.0002514846564736217,0.00016558796050958335,1.608386264706496e-05,0.0,0.0,success
1437,0.24145370721817017,-3.561950206756592,-0.0002509574987925589,1.7550728443893604e-05,6.0535962802532595e-06,0.0,0.0,success
1438,0.2414015233516693,-3.5609166622161865,-0.0002454453206155449,0.03233986720442772,0.03233940899372101,1.0,3.0,success
1439,0.24134708940982819,-3.5598621368408203,-0.0002455884823575616,0.03299779072403908,0.03299779072403908,1.0,3.0,success
1440,0.24134573340415955,-3.5598411560058594,-0.0002508859906811267,0.0006775542860850692,0.0006570189725607634,0.0,3.0,success
1441,0.24128708243370056,-3.558807849884033,-0.0002456860092934221,0.032343197613954544,0.03234279155731201,1.0,3.0,success
1442,0.241285502910614,-3.5587868690490723,-0.00025067850947380066,0.0006757630035281181,0.0006575064035132527,0.0,3.0,success
1443,0.24128548800945282,-3.5587868690490723,-0.0002503797004465014,9.349385436507873e-06,4.6566125888602983e-07,0.0,-3.0,success
1444,0.2412225753068924,-3.557753801345825,-0.0002449904859531671,0.032343607395887375,0.032343171536922455,1.0,3.0,success
1445,0.241222083568573,-3.557753562927246,-0.0002501996059436351,0.00016367835632991046,1.7077773009077646e-05,0.0,0.0,success
1446,0.24115890264511108,-3.556720733642578,-0.0002450244501233101,0.03233664855360985,0.032336246222257614,1.0,-3.0,success
1447,0.24109768867492676,-3.555666446685791,-0.0002452621120028198,0.03300195559859276,0.03300195187330246,1.0,-3.0,success
1448,0.2410389482975006,-3.554612159729004,-0.0002457427326589823,0.03299756348133087,0.03299755975604057,1.0,-3.0,success
1449,0.2410382777452469,-3.554590940475464,-0.0002510341291781515,0.0006837291293777525,0.0006634326418861747,0.0,3.0,success
1450,0.24103857576847076,-3.554590940475464,-0.00025068415561690927,1.4364782146003563e-05,9.313225746154785e-06,0.0,0.0,success
1451,0.24097831547260284,-3.553557872772217,-0.0002452303597237915,0.032338690012693405,0.03233823925256729,1.0,3.0,success
1452,0.2409166544675827,-3.5525035858154297,-0.0002454069326631725,0.03300276771187782,0.03300276771187782,1.0,-3.0,success
1453,0.24091680347919464,-3.5525033473968506,-0.0002508414618205279,0.00017005614063236862,8.786078979028389e-06,0.0,0.0,success
1454,0.24091660976409912,-3.5525033473968506,-0.0002504482108633965,1.3699190276383888e-05,6.0535962802532595e-06,0.0,3.0,success
1455,0.2408551424741745,-3.5514702796936035,-0.00024503242457285523,0.03234090283513069,0.032340459525585175,1.0,3.0,success
1456,0.24079015851020813,-3.5504162311553955,-0.0002452578046359122,0.03300155699253082,0.03300155699253082,1.0,3.0,success
1457,0.24079105257987976,-3.5503952503204346,-0.0002506108139641583,0.0006772311753593385,0.0006562460912391543,0.0,-3.0,success
1458,0.2407277226448059,-3.5493624210357666,-0.00024546452914364636,0.03233692795038223,0.0323365293443203,1.0,-3.0,success
1459,0.24072732031345367,-3.5493412017822266,-0.0002505009470041841,0.0006816398235969245,0.0006632208242081106,0.0,-3.0,success
1460,0.24066700041294098,-3.5483081340789795,-0.000245374976657331,0.03233874589204788,0.03233834728598595,1.0,3.0,success
1461,0.2406046986579895,-3.5472538471221924,-0.00024554692208766937,0.03300394117832184,0.03300394117832184,1.0,3.0,success
1462,0.24053996801376343,-3.5461997985839844,-0.0002459709357935935,0.03300107270479202,0.033001068979501724,1.0,3.0,success
1463,0.24053826928138733,-3.5461788177490234,-0.000251206656685099,0.0006778397364541888,0.0006577966269105673,0.0,3.0,success
1464,0.2404695749282837,-3.5451462268829346,-0.0002459434326738119,0.03234020620584488,0.03233978897333145,1.0,3.0,success
1465,0.2403980940580368,-3.5440926551818848,-0.0002459910756442696,0.03299980238080025,0.03299980238080025,1.0,-3.0,success
1466,0.24032916128635406,-3.543038845062256,-0.0002463251003064215,0.03300194442272186,0.03300194442272186,1.0,-3.0,success
1467,0.24026276171207428,-3.541984796524048,-0.00024660685448907316,0.03300430625677109,0.03300430625677109,1.0,-3.0,success
1468,0.24019885063171387,-3.54093074798584,-0.00024683313677087426,0.03299950808286667,0.03299950808286667,1.0,-3.0,success
1469,0.24013665318489075,-3.539876699447632,-0.0002470241452101618,0.03299630805850029,0.03299630805850029,1.0,3.0,success
1470,0.24007265269756317,-3.538822650909424,-0.00024715738254599273,0.0329996794462204,0.0329996794462204,1.0,-3.0,success
1471,0.240011066198349,-3.5377683639526367,-0.0002472730411682278,0.03300263360142708,0.03300263360142708,1.0,-3.0,success
1472,0.23995187878608704,-3.5367140769958496,-0.00024736608611419797,0.03299834206700325,0.03299834206700325,1.0,-3.0,success
1473,0.23989439010620117,-3.5356595516204834,-0.00024745025439187884,0.03300284966826439,0.03300284966826439,1.0,3.0,success
1474,0.23983505368232727,-3.5346052646636963,-0.0002474981884006411,0.03299860656261444,0.03299860656261444,1.0,-3.0,success
1475,0.2398352473974228,-3.5345840454101562,-0.00025242645642720163,0.0006807782338000834,0.0006631292635574937,0.0,-3.0,success
1476,0.23983588814735413,-3.5345840454101562,-0.00025180375087074935,2.7921531000174582e-05,2.0023433535243385e-05,0.0,-3.0,success
1477,0.23983615636825562,-3.5345840454101562,-0.00025100979837588966,2.618859798531048e-05,8.381903171539307e-06,0.0,0.0,success
1478,0.23978255689144135,-3.533550500869751,-0.0002454767527524382,0.032342132180929184,0.032341666519641876,1.0,3.0,success
1479,0.23972740769386292,-3.5324959754943848,-0.00024560317979194224,0.0329989492893219,0.0329989492893219,1.0,-3.0,success
1480,0.23967398703098297,-3.5314412117004395,-0.0002460246905684471,0.03300361707806587,0.033003613352775574,1.0,3.0,success
1481,0.23961880803108215,-3.5303866863250732,-0.0002463572018314153,0.03299900144338608,0.03299899771809578,1.0,-3.0,success
1482,0.23956607282161713,-3.529331922531128,-0.00024663296062499285,0.03300254046916962,0.03300253674387932,1.0,-3.0,success
1483,0.23951509594917297,-3.5282771587371826,-0.00024686407414264977,0.03299983963370323,0.03299983963370323,1.0,3.0,success
1484,0.23946231603622437,-3.5272226333618164,-0.0002470293256919831,0.03299516811966896,0.03299516439437866,1.0,-3.0,success
1485,0.23941126465797424,-3.526167869567871,-0.0002471806947141886,0.032999951392412186,0.032999951392412186,1.0,3.0,success
1486,0.23935841023921967,-3.525113105773926,-0.0002472824708092958,0.03300272300839424,0.03300272300839424,1.0,-3.0,success
1487,0.23935768008232117,-3.525092124938965,-0.0002522653667256236,0.0006742746336385608,0.0006560480105690658,0.0,3.0,success
1488,0.23930539190769196,-3.5240585803985596,-0.00024677993496879935,0.03234002739191055,0.03233956918120384,1.0,-3.0,success
1489,0.2393057495355606,-3.5240581035614014,-0.0002516545937396586,0.0001534676121082157,1.862645149230957e-05,0.0,0.0,success
1490,0.23925423622131348,-3.523024559020996,-0.00024620076874271035,0.03233880549669266,0.032338354736566544,1.0,3.0,success
1491,0.23925329744815826,-3.523003578186035,-0.00025108535191975534,0.0006738240481354296,0.0006563070346601307,0.0,3.0,success
1492,0.2392529845237732,-3.523003578186035,-0.00025071483105421066,1.5155682376644108e-05,9.778886123967823e-06,0.0,3.0,success
1493,0.23919589817523956,-3.521970272064209,-0.0002452380722388625,0.032340507954359055,0.03234005346894264,1.0,-3.0,success
1494,0.2391958385705948,-3.521949052810669,-0.00025030499091371894,0.0006817472167313099,0.0006631042342633009,0.0,-3.0,success
1495,0.23914380371570587,-3.5209157466888428,-0.0002452065236866474,0.03233212232589722,0.03233173117041588,1.0,-3.0,success
1496,0.23914401233196259,-3.5208945274353027,-0.0002502942516002804,0.0006819270784035325,0.0006631336873397231,0.0,-3.0,success
1497,0.239143967628479,-3.5208945274353027,-0.0002500937844160944,6.41847100268933e-06,1.39698374823638e-06,0.0,3.0,success
1498,0.23914459347724915,-3.5208942890167236,-0.00024962713359855115,2.5508366888971068e-05,2.0928870071657002e-05,0.0,-3.0,success
1499,0.23909571766853333,-3.5198607444763184,-0.0002443744451738894,0.03233477473258972,0.032334357500076294,1.0,3.0,success
1500,0.23904460668563843,-3.518805980682373,-0.00024473172379657626,0.03300004079937935,0.03300004079937935,1.0,3.0,success
1501,0.2389913648366928,-3.5177512168884277,-0.0002453129563946277,0.03300333768129349,0.03300333023071289,1.0,0.0,success
1502,0.23893782496452332,-3.5166964530944824,-0.0002458033268339932,0.033003807067871094,0.033003803342580795,1.0,3.0,success
1503,0.23888257145881653,-3.515641927719116,-0.0002461805415805429,0.03299912065267563,0.03299912065267563,1.0,-3.0,success
1504,0.2388298362493515,-3.514587163925171,-0.00024649148690514266,0.03300254046916962,0.03300253674387932,1.0,-3.0,success
1505,0.23877890408039093,-3.5135324001312256,-0.00024675106396898627,0.03299977257847786,0.03299977257847786,1.0,3.0,success
1506,0.23872551321983337,-3.5124778747558594,-0.00024694885360077024,0.032996125519275665,0.032996125519275665,1.0,3.0,success
1507,0.2387261539697647,-3.5124566555023193,-0.000251977879088372,0.000681764620821923,0.0006634038873016834,0.0,-3.0,success
1508,0.2386741042137146,-3.511423349380493,-0.0002465593861415982,0.032332196831703186,0.03233175724744797,1.0,-3.0,success
1509,0.23862427473068237,-3.5103683471679688,-0.0002464947756379843,0.033005572855472565,0.033005569130182266,1.0,-3.0,success
1510,0.23857656121253967,-3.5093133449554443,-0.0002467337471898645,0.033002518117427826,0.03300251439213753,1.0,0.0,success
1511,0.2385767698287964,-3.5093131065368652,-0.00025191306485794485,0.00016215616778936237,9.9000944828731e-06,0.0,0.0,success
1512,0.23852814733982086,-3.508279323577881,-0.0002464221615809947,0.032341886311769485,0.03234143182635307,1.0,3.0,success
1513,0.2385280430316925,-3.5082790851593018,-0.0002513541257940233,0.00015433828230015934,8.132424227369484e-06,0.0,0.0,success
1514,0.23847843706607819,-3.5072455406188965,-0.0002459489041939378,0.03233588486909866,0.032335445284843445,1.0,-3.0,success
1515,0.23843027651309967,-3.506190776824951,-0.0002460118557792157,0.03299570828676224,0.03299570828676224,1.0,3.0,success
1516,0.23838037252426147,-3.5051357746124268,-0.00024633275461383164,0.03300568088889122,0.03300568088889122,1.0,-3.0,success
1517,0.23837962746620178,-3.505114793777466,-0.0002515054075047374,0.0006756845396012068,0.0006560643087141216,0.0,3.0,success
1518,0.23832949995994568,-3.5040812492370605,-0.00024618254974484444,0.032336656004190445,0.03233623132109642,1.0,3.0,success
1519,0.238276407122612,-3.5030264854431152,-0.0002461873518768698,0.033003099262714386,0.033003099262714386,1.0,0.0,success
1520,0.23827722668647766,-3.503005266189575,-0.0002513597719371319,0.000682998273987323,0.0006635960889980197,0.0,-3.0,success
1521,0.2382257580757141,-3.50197172164917,-0.0002460757677908987,0.0323387086391449,0.03233828768134117,1.0,3.0,success
1522,0.23822639882564545,-3.50195050239563,-0.00025097967591136694,0.000680874043609947,0.0006634038873016834,0.0,-3.0,success
1523,0.2381765991449356,-3.5009169578552246,-0.00024574605049565434,0.032336149364709854,0.032335732132196426,1.0,-3.0,success
1524,0.23817574977874756,-3.5008957386016846,-0.0002507369499653578,0.0006817136891186237,0.0006636327016167343,0.0,3.0,success
1525,0.2381255030632019,-3.4998621940612793,-0.00024555312120355666,0.03233681619167328,0.032336410135030746,1.0,3.0,success
1526,0.2380727082490921,-3.498807668685913,-0.00024567829677835107,0.03299519047141075,0.03299519047141075,1.0,-3.0,success
1527,0.23802238702774048,-3.4977526664733887,-0.00024607521481812,0.033006299287080765,0.033006299287080765,1.0,-3.0,success
1528,0.23797453939914703,-3.4966979026794434,-0.0002464072313159704,0.03299526497721672,0.03299526497721672,1.0,-3.0,success
1529,0.23797497153282166,-3.4966766834259033,-0.00025155479670502245,0.0006824679439887404,0.0006632391596212983,0.0,-3.0,success
1530,0.23793232440948486,-3.49564266204834,-0.00024622210185043514,0.032341066747903824,0.0323406383395195,1.0,-3.0,success
1531,0.2378920018672943,-3.4945874214172363,-0.0002462255069985986,0.03300033509731293,0.03300033509731293,1.0,-3.0,success
1532,0.23789280652999878,-3.4945662021636963,-0.00025139495846815407,0.0006829589838162065,0.0006635782774537802,0.0,-3.0,success
1533,0.2378568947315216,-3.4935109615325928,-0.0002460020477883518,0.032995790243148804,0.03299536183476448,1.0,0.0,success
1534,0.23782125115394592,-3.49245548248291,-0.0002461374970152974,0.033002518117427826,0.033002518117427826,1.0,-3.0,success
1535,0.23782207071781158,-3.49243426322937,-0.00025132842711173,0.0006831353530287743,0.0006635960889980197,0.0,-3.0,success
1536,0.2377912998199463,-3.4914000034332275,-0.0002460406394675374,0.03233534097671509,0.03233491629362106,1.0,-3.0,success
1537,0.23776237666606903,-3.490344285964966,-0.0002460900868754834,0.0330035500228405,0.0330035500228405,1.0,3.0,success
1538,0.23773090541362762,-3.489288806915283,-0.00024640525225549936,0.032998379319906235,0.032998375594615936,1.0,3.0,success
1539,0.23769760131835938,-3.4882333278656006,-0.00024666113313287497,0.03300013393163681,0.03300013393163681,1.0,-3.0,success
1540,0.2376977801322937,-3.4882330894470215,-0.00025185945560224354,0.0001627143210498616,9.313225746154785e-06,0.0,0.0,success
1541,0.2376660406589508,-3.487198829650879,-0.00024637964088469744,0.0323362872004509,0.032335832715034485,1.0,3.0,success
1542,0.23766650259494781,-3.487177610397339,-0.00025121786165982485,0.0006802733987569809,0.0006632587756030262,0.0,-3.0,success
1543,0.23763500154018402,-3.4861221313476562,-0.00024584552738815546,0.03299883008003235,0.032998405396938324,1.0,0.0,success
1544,0.23760317265987396,-3.4850666522979736,-0.00024602148914709687,0.0329987108707428,0.0329987108707428,1.0,3.0,success
1545,0.23760347068309784,-3.4850456714630127,-0.0002512258943170309,0.0006755857029929757,0.0006557172164320946,0.0,-3.0,success
1546,0.23757155239582062,-3.484011173248291,-0.00024596916045993567,0.03234386816620827,0.03234344720840454,1.0,3.0,success
1547,0.23753714561462402,-3.4829556941986084,-0.0002460226241964847,0.033001240342855453,0.033001240342855453,1.0,3.0,success
1548,0.2375371754169464,-3.4829347133636475,-0.0002512223436497152,0.0006754869245924056,0.0006556517328135669,0.0,-3.0,success
1549,0.23753702640533447,-3.4829347133636475,-0.00025083875516429543,1.2859843081969302e-05,4.656612873077393e-06,0.0,-3.0,success
1550,0.23753629624843597,-3.4829347133636475,-0.00025024343631230295,2.9440312573569827e-05,2.281740125908982e-05,0.0,3.0,success
1551,0.23750261962413788,-3.481879472732544,-0.00024475593818351626,0.03299350291490555,0.03299305588006973,1.0,0.0,success
1552,0.23746934533119202,-3.4808239936828613,-0.00024512462550774217,0.03300010785460472,0.03300010412931442,1.0,-3.0,success
1553,0.23743784427642822,-3.4797685146331787,-0.00024564648629166186,0.03299840912222862,0.032998405396938324,1.0,3.0,success
1554,0.23743821680545807,-3.4797472953796387,-0.0002509364567231387,0.0006834962987340987,0.0006632038275711238,0.0,-3.0,success
1555,0.2374076396226883,-3.478712797164917,-0.0002457265218254179,0.03234259411692619,0.03234218806028366,1.0,-3.0,success
1556,0.23740805685520172,-3.478691816329956,-0.0002507103781681508,0.0006740214885212481,0.0006557807209901512,0.0,-3.0,success
1557,0.2373826503753662,-3.4776573181152344,-0.0002455317007843405,0.0323382206261158,0.03233781456947327,1.0,-3.0,success
1558,0.23738296329975128,-3.477656841278076,-0.000250656419666484,0.00016113622405100614,1.7823333109845407e-05,0.0,0.0,success
1559,0.23736023902893066,-3.4766223430633545,-0.00024539162404835224,0.0323362834751606,0.03233586251735687,1.0,-3.0,success
1560,0.23734015226364136,-3.4755666255950928,-0.00024555614800192416,0.03299713879823685,0.03299713879823685,1.0,-3.0,success
1561,0.23734110593795776,-3.4755454063415527,-0.00025085953529924154,0.0006841481663286686,0.0006637710030190647,0.0,-3.0,success
1562,0.23732583224773407,-3.474510669708252,-0.0002456653746776283,0.03233944624662399,0.03233904018998146,1.0,-3.0,success
1563,0.23732607066631317,-3.474489450454712,-0.00025067286333069205,0.0006813564104959369,0.0006631434662267566,0.0,3.0,success
1564,0.23731087148189545,-3.473454713821411,-0.0002454913919791579,0.03233941271901131,0.032339006662368774,1.0,-3.0,success
1565,0.23729754984378815,-3.4723987579345703,-0.0002456496295053512,0.03300124779343605,0.03300124779343605,1.0,3.0,success
1566,0.2372816503047943,-3.4713430404663086,-0.0002460529503878206,0.03299491107463837,0.03299491107463837,1.0,3.0,success
1567,0.23726356029510498,-3.4702870845794678,-0.0002463842392899096,0.03300346061587334,0.03300346061587334,1.0,0.0,success
1568,0.23724579811096191,-3.469231128692627,-0.00024665045202709734,0.03300328925251961,0.03300328925251961,1.0,-3.0,success
1569,0.23722979426383972,-3.4681754112243652,-0.00024687795666977763,0.03299495950341225,0.03299495950341225,1.0,3.0,success
1570,0.23722940683364868,-3.468154191970825,-0.00025193244800902903,0.0006817620014771819,0.0006632121512666345,0.0,3.0,success
1571,0.23722971975803375,-3.468154191970825,-0.00025139751960523427,1.9366681954124942e-05,9.778886123967823e-06,0.0,-3.0,success
1572,0.2372293472290039,-3.468154191970825,-0.00025068974355235696,2.49946242547594e-05,1.164153127319878e-05,0.0,3.0,success
1573,0.23720909655094147,-3.4671196937561035,-0.0002452046610414982,0.032334715127944946,0.032334260642528534,1.0,-3.0,success
1574,0.23720967769622803,-3.4670984745025635,-0.00025027734227478504,0.000682028301525861,0.0006633502780459821,0.0,-3.0,success
1575,0.23719385266304016,-3.4660637378692627,-0.0002451957843732089,0.03233969211578369,0.03233930096030235,1.0,3.0,success
1576,0.23717530071735382,-3.465008020401001,-0.0002454030036460608,0.03299626335501671,0.03299626335501671,1.0,3.0,success
1577,0.23717500269412994,-3.4650075435638428,-0.00025082938373088837,0.00017048239533323795,1.7572157958056778e-05,0.0,0.0,success
1578,0.23715439438819885,-3.46395206451416,-0.0002454518398735672,0.03299042955040932,0.03299000486731529,1.0,0.0,success
1579,0.2371334582567215,-3.4628961086273193,-0.00024570312234573066,0.03300510719418526,0.03300510719418526,1.0,3.0,success
1580,0.23711010813713074,-3.4618403911590576,-0.0002461000403854996,0.03299923986196518,0.03299923986196518,1.0,3.0,success
1581,0.23708435893058777,-3.460784673690796,-0.0002464275457896292,0.03300097957253456,0.03300097957253456,1.0,3.0,success
1582,0.23705622553825378,-3.4597291946411133,-0.0002466900332365185,0.03299543261528015,0.03299543261528015,1.0,3.0,success
1583,0.23702643811702728,-3.4586734771728516,-0.00024688924895599484,0.03300429880619049,0.03300429880619049,1.0,-3.0,success
1584,0.2369985431432724,-3.457617998123169,-0.0002470689360052347,0.03299523517489433,0.032995231449604034,1.0,3.0,success
1585,0.23699766397476196,-3.457596778869629,-0.00025208538863807917,0.0006819337722845376,0.000663670536596328,0.0,3.0,success
1586,0.23696498572826385,-3.4565625190734863,-0.0002466467849444598,0.03233719244599342,0.03233674541115761,1.0,3.0,success
1587,0.23692965507507324,-3.4555070400238037,-0.0002465640427544713,0.03300219401717186,0.03300219401717186,1.0,3.0,success
1588,0.23689265549182892,-3.4544517993927,-0.0002467737649567425,0.0329965315759182,0.0329965315759182,1.0,-3.0,success
1589,0.23685823380947113,-3.4533963203430176,-0.00024696491891518235,0.03300125524401665,0.03300125524401665,1.0,-3.0,success
1590,0.23682601749897003,-3.452340602874756,-0.0002471243205945939,0.03300653025507927,0.03300652652978897,1.0,0.0,success
1591,0.23679417371749878,-3.4512851238250732,-0.00024724280228838325,0.03299872577190399,0.03299872577190399,1.0,-3.0,success
1592,0.2367647886276245,-3.4502296447753906,-0.00024734149337746203,0.03299649804830551,0.03299649804830551,1.0,-3.0,success
1593,0.23676550388336182,-3.4502084255218506,-0.00025230154278688133,0.0006813434301875532,0.0006634782184846699,0.0,-3.0,success
1594,0.23674103617668152,-3.449173927307129,-0.0002468195743858814,0.03233756124973297,0.03233710676431656,1.0,-3.0,success
1595,0.23674114048480988,-3.449152708053589,-0.0002515956584829837,0.0006796990055590868,0.0006631096475757658,0.0,3.0,success
1596,0.23671604692935944,-3.448118209838867,-0.00024624000070616603,0.032338012009859085,0.032337576150894165,1.0,3.0,success
1597,0.2367161363363266,-3.448117971420288,-0.0002512112841941416,0.0001555562630528584,7.957222805998754e-06,0.0,0.0,success
1598,0.2366890162229538,-3.4470834732055664,-0.0002458349335938692,0.032339610159397125,0.032339174300432205,1.0,-3.0,success
1599,0.23668886721134186,-3.4470624923706055,-0.00025080351042561233,0.0006738012889400125,0.0006556676235049963,0.0,3.0,success
1600,0.2366611659526825,-3.446027994155884,-0.0002456060901749879,0.03234006091952324,0.03233965486288071,1.0,3.0,success
1601,0.2366306185722351,-3.444972515106201,-0.00024573056725785136,0.032997529953718185,0.032997529953718185,1.0,3.0,success
1602,0.23662984371185303,-3.444951295852661,-0.0002510002232156694,0.0006836729007773101,0.0006635435856878757,0.0,3.0,success
1603,0.23659533262252808,-3.4439170360565186,-0.0002457664522808045,0.03233901783823967,0.03233860433101654,1.0,-3.0,success
1604,0.23656296730041504,-3.442861318588257,-0.0002458652888890356,0.03300667181611061,0.03300667181611061,1.0,0.0,success
1605,0.23656247556209564,-3.442840337753296,-0.0002511139027774334,0.000676030176691711,0.0006558311288245022,0.0,3.0,success
1606,0.23652824759483337,-3.4418060779571533,-0.00024585778010077775,0.03233872726559639,0.03233831375837326,1.0,-3.0,success
1607,0.2364957183599472,-3.4407505989074707,-0.0002459435781929642,0.03299938142299652,0.03299938142299652,1.0,3.0,success
1608,0.23649631440639496,-3.4407293796539307,-0.0002511599159333855,0.0006830982165411115,0.0006633632001467049,0.0,-3.0,success
1609,0.23646360635757446,-3.439695119857788,-0.0002459160750731826,0.03233719244599342,0.032336775213479996,1.0,3.0,success
1610,0.23642869293689728,-3.4386396408081055,-0.0002459747774992138,0.03300175815820694,0.03300175815820694,1.0,0.0,success
1611,0.23639346659183502,-3.437584161758423,-0.00024631861015222967,0.033002082258462906,0.033002082258462906,1.0,3.0,success
1612,0.23639369010925293,-3.437562942504883,-0.00025147327687591314,0.0006824224255979061,0.0006631384021602571,0.0,-3.0,success
1613,0.2363583892583847,-3.4365286827087402,-0.0002461675612721592,0.03233986347913742,0.0323394350707531,1.0,3.0,success
1614,0.2363206446170807,-3.4354734420776367,-0.0002461813564877957,0.03299735486507416,0.03299735486507416,1.0,3.0,success
1615,0.23628050088882446,-3.434418201446533,-0.00024647844838909805,0.033000122755765915,0.033000122755765915,1.0,3.0,success
1616,0.2362380027770996,-3.4333629608154297,-0.0002467301092110574,0.03300299867987633,0.03300299867987633,1.0,3.0,success
1617,0.23623783886432648,-3.4333419799804688,-0.0002518025867175311,0.0006745602586306632,0.0006556710577569902,0.0,-3.0,success
1618,0.2361953854560852,-3.4323079586029053,-0.00024643100914545357,0.032340820878744125,0.032340388745069504,1.0,3.0,success
1619,0.2361939698457718,-3.4322867393493652,-0.00025127484695985913,0.0006815964006818831,0.0006645756657235324,0.0,3.0,success
1620,0.23614716529846191,-3.431252956390381,-0.00024598356685601175,0.03233923390507698,0.032338809221982956,1.0,3.0,success
1621,0.23614563047885895,-3.431231737136841,-0.00025091576389968395,0.0006824666052125394,0.0006648339913226664,0.0,3.0,success
1622,0.23609396815299988,-3.4301981925964355,-0.0002456962247379124,0.03233899921178818,0.03233858942985535,1.0,3.0,success
1623,0.23603953421115875,-3.4291436672210693,-0.0002457977388985455,0.03299779072403908,0.03299779072403908,1.0,0.0,success
1624,0.2359848916530609,-3.428088903427124,-0.00024617722374387085,0.033005572855472565,0.033005569130182266,1.0,3.0,success
1625,0.23592859506607056,-3.427034616470337,-0.0002464786812197417,0.03299340233206749,0.03299340233206749,1.0,-3.0,success
1626,0.23587417602539062,-3.4259798526763916,-0.0002467405574861914,0.033005207777023315,0.033005207777023315,1.0,3.0,success
1627,0.23581808805465698,-3.4249253273010254,-0.0002469302562531084,0.03300049528479576,0.03300049528479576,1.0,-3.0,success
1628,0.2357645183801651,-3.423870801925659,-0.0002470910258125514,0.03299640864133835,0.03299640864133835,1.0,-3.0,success
1629,0.23576366901397705,-3.423849582672119,-0.0002521126589272171,0.0006819340633228421,0.0006636327016167343,0.0,3.0,success
1630,0.23576410114765167,-3.423849582672119,-0.0002515421947464347,2.2364365577232093e-05,1.3504176422429737e-05,0.0,-3.0,success
1631,0.235763818025589,-3.423849582672119,-0.000250805402174592,2.46661566052353e-05,8.847564458847046e-06,0.0,3.0,success
1632,0.23576387763023376,-3.423849582672119,-0.00025018691667355597,1.9417217117734253e-05,1.8626450355441193e-06,0.0,0.0,success
1633,0.23570898175239563,-3.422816276550293,-0.00024481728905811906,0.03233678638935089,0.03233635053038597,1.0,3.0,success
1634,0.23565194010734558,-3.4217617511749268,-0.0002450857136864215,0.0330020934343338,0.0330020897090435,1.0,3.0,success
1635,0.23559319972991943,-3.4207074642181396,-0.0002455909561831504,0.03299756720662117,0.03299755975604057,1.0,-3.0,success
1636,0.23553694784641266,-3.4196529388427734,-0.00024601921904832125,0.03300077095627785,0.03300076723098755,1.0,-3.0,success
1637,0.23548319935798645,-3.418598175048828,-0.000246363109908998,0.03300413489341736,0.03300413489341736,1.0,-3.0,success
1638,0.23543120920658112,-3.417543411254883,-0.00024664829834364355,0.033001385629177094,0.033001385629177094,1.0,3.0,success
1639,0.2354312688112259,-3.4175431728363037,-0.000251839985139668,0.00016242187120951712,7.679882401134819e-06,0.0,0.0,success
1640,0.23543164134025574,-3.4175431728363037,-0.00025123715749941766,2.214518463006243e-05,1.164153127319878e-05,0.0,-3.0,success
1641,0.23537877202033997,-3.4165096282958984,-0.00024567346554249525,0.03234096243977547,0.03234049677848816,1.0,3.0,success
1642,0.2353244572877884,-3.4154551029205322,-0.0002457611553836614,0.03299759700894356,0.03299759700894356,1.0,-3.0,success
1643,0.235272616147995,-3.414400339126587,-0.00024614075664430857,0.03300115838646889,0.03300115466117859,1.0,-3.0,success
1644,0.23522324860095978,-3.4133455753326416,-0.00024645961821079254,0.03299745172262192,0.03299744799733162,1.0,-3.0,success
1645,0.2351759672164917,-3.412290573120117,-0.0002467203594278544,0.03300191089510918,0.03300190716981888,1.0,0.0,success
1646,0.23517629504203796,-3.412290096282959,-0.00025190311134792864,0.00016296736430376768,1.8083013856085017e-05,0.0,0.0,success
1647,0.23512965440750122,-3.4112565517425537,-0.00024640356423333287,0.032331593334674835,0.032331135123968124,1.0,-3.0,success
1648,0.23512932658195496,-3.4112353324890137,-0.0002512588689569384,0.0006803162978030741,0.0006631807773374021,0.0,3.0,success
1649,0.23508204519748688,-3.4102015495300293,-0.0002459701499901712,0.032339908182621,0.032339487224817276,1.0,3.0,success
1650,0.2350812703371048,-3.4101805686950684,-0.0002509045007172972,0.0006739746313542128,0.0006560980691574514,0.0,3.0,success
1651,0.23502959311008453,-3.409147024154663,-0.0002456758520565927,0.03233902528882027,0.03233861178159714,1.0,-3.0,success
1652,0.23502972722053528,-3.409125804901123,-0.00025066890520974994,0.0006812250940129161,0.0006631148862652481,0.0,-3.0,success
1653,0.23498137295246124,-3.4080920219421387,-0.0002455094363540411,0.03234143555164337,0.032341036945581436,1.0,3.0,success
1654,0.23493076860904694,-3.4070372581481934,-0.00024565408239141107,0.032999277114868164,0.032999277114868164,1.0,3.0,success
1655,0.23487840592861176,-3.405982494354248,-0.00024604631471447647,0.033001963049173355,0.03300195932388306,1.0,-3.0,success
1656,0.23487825691699982,-3.405961275100708,-0.000251264835242182,0.0006828763871453702,0.0006631180294789374,0.0,-3.0,success
1657,0.23483137786388397,-3.4049277305603027,-0.0002459897950757295,0.03233189135789871,0.032331474125385284,1.0,-3.0,success
1658,0.2347860485315323,-3.403872489929199,-0.00024604963255114853,0.03300667926669121,0.03300667926669121,1.0,3.0,success
1659,0.23473824560642242,-3.402817726135254,-0.0002463731507305056,0.032995205372571945,0.03299520164728165,1.0,3.0,success
1660,0.23473887145519257,-3.402796506881714,-0.00025151687441393733,0.0006825863383710384,0.000663390033878386,0.0,-3.0,success
1661,0.2346922755241394,-3.4017627239227295,-0.0002461906988173723,0.0323389433324337,0.03233851492404938,1.0,-3.0,success
1662,0.2346479892730713,-3.400707721710205,-0.00024619995383545756,0.03299785405397415,0.03299785405397415,1.0,-3.0,success
1663,0.23460617661476135,-3.3996524810791016,-0.0002464931458234787,0.03300214558839798,0.03300214558839798,1.0,-3.0,success
1664,0.23460660874843597,-3.3996522426605225,-0.0002517249376978725,0.00016421935288235545,1.542316203995142e-05,0.0,0.0,success
1665,0.2345661073923111,-3.398618221282959,-0.00024627181119285524,0.03233839198946953,0.03233794495463371,1.0,3.0,success
1666,0.23456543684005737,-3.398597002029419,-0.00025114265736192465,0.0006806702585890889,0.0006634326418861747,0.0,3.0,success
1667,0.23452113568782806,-3.3975632190704346,-0.0002458662784192711,0.0323357880115509,0.03233536705374718,1.0,-3.0,success
1668,0.23447833955287933,-3.396507978439331,-0.00024594960268586874,0.03300337493419647,0.03300337493419647,1.0,3.0,success
1669,0.2344333976507187,-3.3954529762268066,-0.0002462880511302501,0.032998718321323395,0.032998718321323395,1.0,0.0,success
1670,0.2343888133764267,-3.394397735595703,-0.00024657283211126924,0.03300568833947182,0.03300568833947182,1.0,-3.0,success
1671,0.2343466728925705,-3.3933427333831787,-0.00024680569185875356,0.032995108515024185,0.03299510478973389,1.0,-3.0,success
1672,0.23434633016586304,-3.3933215141296387,-0.0002518845140002668,0.0006819152040407062,0.0006631881697103381,0.0,3.0,success
1673,0.23434701561927795,-3.3933215141296387,-0.0002513597428333014,2.6977113520842977e-05,2.1420417397166602e-05,0.0,-3.0,success
1674,0.23434758186340332,-3.3933215141296387,-0.000250649347435683,2.838927866832819e-05,1.7695128917694092e-05,0.0,-3.0,success
1675,0.23430991172790527,-3.392287492752075,-0.00024518181453458965,0.032335054129362106,0.032334599643945694,1.0,-3.0,success
1676,0.2343102991580963,-3.392287015914917,-0.00025036203442141414,0.0001630164624657482,1.9199706002837047e-05,0.0,0.0,success
1677,0.2343102991580963,-3.392287015914917,-0.00025004998315125704,9.751601282914635e-06,0.0,0.0,3.0,success
1678,0.23427310585975647,-3.3912529945373535,-0.0002447024453431368,0.03233449533581734,0.032334063202142715,1.0,-3.0,success
1679,0.23427291214466095,-3.3912317752838135,-0.00024988793302327394,0.0006826415774412453,0.0006631292635574937,0.0,3.0,success
1680,0.234235018491745,-3.39019775390625,-0.00024487284827046096,0.03233523666858673,0.03233485668897629,1.0,3.0,success
1681,0.2341947704553604,-3.3891425132751465,-0.0002451343461871147,0.033000245690345764,0.033000245690345764,1.0,-3.0,success
1682,0.23415659368038177,-3.388087034225464,-0.0002456453221384436,0.03300528973340988,0.03300528973340988,1.0,0.0,success
1683,0.2341187298297882,-3.3870317935943604,-0.000246059411438182,0.0329974927008152,0.0329974889755249,1.0,-3.0,success
1684,0.2341185063123703,-3.3870105743408203,-0.0002512877981644124,0.0006829698686487973,0.0006631384021602571,0.0,3.0,success
1685,0.23411917686462402,-3.3870105743408203,-0.0002508824982214719,2.4485094400006346e-05,2.0954756109858863e-05,0.0,-3.0,success
1686,0.23411940038204193,-3.3870105743408203,-0.0002502725401427597,2.0300689357100055e-05,6.984918854868738e-06,0.0,0.0,success
1687,0.23408377170562744,-3.3859763145446777,-0.00024487628252245486,0.03234022855758667,0.03233978897333145,1.0,-3.0,success
1688,0.23404988646507263,-3.384920835494995,-0.0002451433683745563,0.03300071135163307,0.03300071135163307,1.0,3.0,success
1689,0.23401349782943726,-3.3838655948638916,-0.00024564750492572784,0.03299587219953537,0.03299586847424507,1.0,3.0,success
1690,0.23401401937007904,-3.3838443756103516,-0.0002509366604499519,0.0006835853564552963,0.000663301907479763,0.0,-3.0,success
1691,0.23397861421108246,-3.382810115814209,-0.0002457267255522311,0.03233996033668518,0.03233955055475235,1.0,-3.0,success
1692,0.23394568264484406,-3.3817546367645264,-0.0002458289382047951,0.03299976885318756,0.03299976885318756,1.0,-3.0,success
1693,0.23391520977020264,-3.3806991577148438,-0.0002461964322719723,0.03299746289849281,0.03299746289849281,1.0,-3.0,success
1694,0.2338864505290985,-3.379643440246582,-0.0002465141878928989,0.03300341218709946,0.03300340846180916,1.0,3.0,success
1695,0.23388716578483582,-3.379622220993042,-0.00025163072859868407,0.0006824725423939526,0.0006634782184846699,0.0,-3.0,success
1696,0.233859121799469,-3.3785879611968994,-0.0002462824049871415,0.032332926988601685,0.03233249485492706,1.0,-3.0,success
1697,0.2338336706161499,-3.3775322437286377,-0.00024627349921502173,0.03300075605511665,0.03300075605511665,1.0,-3.0,success
1698,0.23383377492427826,-3.3775110244750977,-0.00025144440587610006,0.0006825144519098103,0.0006631096475757658,0.0,3.0,success
1699,0.23380783200263977,-3.376455545425415,-0.0002460306277498603,0.032994113862514496,0.032993678003549576,1.0,0.0,success
1700,0.23378142714500427,-3.3753998279571533,-0.00024616948212496936,0.03300148621201515,0.03300148621201515,1.0,3.0,success
1701,0.23375320434570312,-3.3743441104888916,-0.000246463023358956,0.033002957701683044,0.033002957701683044,1.0,-3.0,success
1702,0.2337529957294464,-3.3743231296539307,-0.0002516097156330943,0.0006751210312359035,0.0006556834559887648,0.0,3.0,success
1703,0.23372483253479004,-3.373288631439209,-0.0002462554257363081,0.03234047815203667,0.03234004229307175,1.0,-3.0,success
1704,0.23369884490966797,-3.3722329139709473,-0.0002462564152665436,0.033001162111759186,0.033001162111759186,1.0,0.0,success
1705,0.23367314040660858,-3.3711771965026855,-0.00024653421132825315,0.03300094977021217,0.03300094977021217,1.0,-3.0,success
1706,0.2336498200893402,-3.370121479034424,-0.0002467743179295212,0.03299921751022339,0.03299921751022339,1.0,-3.0,success
1707,0.2336507886648178,-3.370100259780884,-0.0002518481924198568,0.0006824666634202003,0.0006637920741923153,0.0,-3.0,success
1708,0.23363228142261505,-3.369065523147583,-0.0002464571734890342,0.0323411263525486,0.03234069049358368,1.0,-3.0,success
1709,0.2336157113313675,-3.3680098056793213,-0.00024642315111123025,0.032995231449604034,0.032995231449604034,1.0,3.0,success
1710,0.23359690606594086,-3.3669538497924805,-0.00024666672106832266,0.033003851771354675,0.033003851771354675,1.0,0.0,success
1711,0.2335776686668396,-3.3658981323242188,-0.0002468856400810182,0.03299664705991745,0.03299664333462715,1.0,3.0,success
1712,0.23355628550052643,-3.364842176437378,-0.0002470510662533343,0.03300538286566734,0.03300538286566734,1.0,0.0,success
1713,0.23353523015975952,-3.363786458969116,-0.00024718375061638653,0.0329977311193943,0.0329977311193943,1.0,-3.0,success
1714,0.23351629078388214,-3.3627305030822754,-0.0002472992055118084,0.033003926277160645,0.033003926277160645,1.0,0.0,success
1715,0.23351681232452393,-3.3627092838287354,-0.0002522635040804744,0.0006812019273638725,0.000663301907479763,0.0,-3.0,success
1716,0.23351658880710602,-3.3627095222473145,-0.0002516833774279803,2.080767444567755e-05,1.0212749657512177e-05,0.0,3.0,success
1717,0.2335163801908493,-3.3627095222473145,-0.0002509088080842048,2.5067845854209736e-05,6.519257567560999e-06,0.0,3.0,success
1718,0.23351648449897766,-3.3627095222473145,-0.00025026913499459624,2.025380490522366e-05,3.2596287837804994e-06,0.0,0.0,success
1719,0.2334958165884018,-3.3616747856140137,-0.0002448722952976823,0.03234240785241127,0.03234196826815605,1.0,-3.0,success
1720,0.23349647223949432,-3.3616538047790527,-0.00025001191534101963,0.0006753478082828224,0.0006559711182489991,0.0,-3.0,success
1721,0.2334970235824585,-3.3616538047790527,-0.0002498571702744812,1.7895232303999364e-05,1.7229467630386353e-05,0.0,-3.0,success
1722,0.23349720239639282,-3.3616535663604736,-0.00024945219047367573,1.571307802805677e-05,9.313225746154785e-06,0.0,0.0,success
1723,0.23348389565944672,-3.360619068145752,-0.0002442199911456555,0.03233115375041962,0.03233074024319649,1.0,-3.0,success
1724,0.2334732711315155,-3.359563112258911,-0.00024460849817842245,0.033000290393829346,0.033000290393829346,1.0,-3.0,success
1725,0.2334737777709961,-3.359562635421753,-0.0002502037095837295,0.0001761969324434176,2.174194378312677e-05,0.0,0.0,success
1726,0.2334745228290558,-3.359562635421753,-0.00024992841645143926,2.4821585611789487e-05,2.328306254639756e-05,0.0,-3.0,success
1727,0.2334684133529663,-3.358527898788452,-0.00024461557040922344,0.032336506992578506,0.03233608230948448,1.0,-3.0,success
1728,0.23346495628356934,-3.3574719429016113,-0.00024492567172273993,0.03299879655241966,0.032998792827129364,1.0,-3.0,success
1729,0.23346388339996338,-3.3564159870147705,-0.00024547355133108795,0.03299864009022713,0.03299863263964653,1.0,-3.0,success
1730,0.23346444964408875,-3.3553600311279297,-0.00024593595298938453,0.03299862891435623,0.03299862518906593,1.0,3.0,success
1731,0.23346242308616638,-3.3543038368225098,-0.00024629654944874346,0.033006131649017334,0.033006131649017334,1.0,3.0,success
1732,0.2334621399641037,-3.354282855987549,-0.00025146716507151723,0.0006753260386176407,0.0006557107553817332,0.0,3.0,success
1733,0.23345577716827393,-3.353248119354248,-0.00024614104768261313,0.032336559146642685,0.03233613073825836,1.0,-3.0,success
1734,0.23345138132572174,-3.352191925048828,-0.00024616997689008713,0.03300635889172554,0.03300635889172554,1.0,3.0,success
1735,0.2334510236978531,-3.352170944213867,-0.00025135179748758674,0.0006754443747922778,0.0006557463202625513,0.0,3.0,success
1736,0.2334507256746292,-3.352170944213867,-0.0002509422192815691,1.5829047697479837e-05,9.313225746154785e-06,0.0,3.0,success
1737,0.23345041275024414,-3.352170944213867,-0.0002503155847080052,2.188822145399172e-05,9.778886123967823e-06,0.0,3.0,success
1738,0.23345008492469788,-3.352170944213867,-0.0002497997775208205,1.9099008568446152e-05,1.0244547411275562e-05,0.0,3.0,success
1739,0.2334497720003128,-3.352170944213867,-0.0002493865031283349,1.619936119823251e-05,9.778886123967823e-06,0.0,3.0,success
1740,0.23343206942081451,-3.3511362075805664,-0.0002441606775391847,0.03234066069126129,0.03234025090932846,1.0,-3.0,success
1741,0.23343268036842346,-3.3511149883270264,-0.0002494428481440991,0.0006836049724370241,0.0006633764132857323,0.0,-3.0,success
1742,0.23343251645565033,-3.3511149883270264,-0.0002494122018106282,5.211034022067906e-06,5.122273705637781e-06,0.0,3.0,success
1743,0.23343303799629211,-3.3511149883270264,-0.0002490819606464356,1.9290740965516306e-05,1.6298145055770874e-05,0.0,-3.0,success
1744,0.23343348503112793,-3.3511149883270264,-0.0002488128375262022,1.6306014003930613e-05,1.3969837709737476e-05,0.0,-3.0,success
1745,0.2334231287240982,-3.3500802516937256,-0.0002437117072986439,0.032337531447410583,0.03233713656663895,1.0,-3.0,success
1746,0.23341545462608337,-3.3490242958068848,-0.0002442021213937551,0.032999493181705475,0.032999489456415176,1.0,-3.0,success
1747,0.23341020941734314,-3.347968339920044,-0.00024489485076628625,0.032999034970998764,0.03299902752041817,1.0,-3.0,success
1748,0.23340699076652527,-3.346912145614624,-0.0002454682835377753,0.033006228506565094,0.033006224781274796,1.0,0.0,success
1749,0.23340748250484467,-3.346911907196045,-0.00025090225972235203,0.00017066833970602602,1.7077773009077646e-05,0.0,0.0,success
1750,0.23340444266796112,-3.345877170562744,-0.00024560297606512904,0.03233608230948448,0.03233565762639046,1.0,-3.0,success
1751,0.23340536653995514,-3.345855951309204,-0.00025060746702365577,0.0006819055997766554,0.0006637298502027988,0.0,-3.0,success
1752,0.23340612649917603,-3.345855951309204,-0.00025033429847098887,2.523636430851184e-05,2.37487238337053e-05,0.0,-3.0,success
1753,0.23340953886508942,-3.3448212146759033,-0.0002449548919685185,0.03233613073825836,0.03233569115400314,1.0,3.0,success
1754,0.23341090977191925,-3.3437652587890625,-0.0002451864711474627,0.032998647540807724,0.032998647540807724,1.0,-3.0,success
1755,0.23341400921344757,-3.3427093029022217,-0.00024569148081354797,0.032998766750097275,0.032998763024806976,1.0,3.0,success
1756,0.23341530561447144,-3.3416531085968018,-0.0002460907562635839,0.03300609439611435,0.03300609439611435,1.0,-3.0,success
1757,0.2334151268005371,-3.341632127761841,-0.000251312623731792,0.0006756762159056962,0.0006556748994626105,0.0,3.0,success
1758,0.23341497778892517,-3.341632127761841,-0.0002509119512978941,1.3358884643821511e-05,4.656612873077393e-06,0.0,3.0,success
1759,0.233413964509964,-3.340597152709961,-0.0002453967754263431,0.03234344348311424,0.03234298154711723,1.0,-3.0,success
1760,0.2334149032831192,-3.33954119682312,-0.0002455601061228663,0.03299863263964653,0.03299863263964653,1.0,3.0,success
1761,0.23341402411460876,-3.3384852409362793,-0.00024597105220891535,0.03299863263964653,0.03299863263964653,1.0,-3.0,success
1762,0.2334139049053192,-3.3384640216827393,-0.0002512161445338279,0.0006830694037489593,0.0006631120922975242,0.0,3.0,success
1763,0.23341381549835205,-3.3384640216827393,-0.0002508347388356924,1.2242020602570847e-05,2.79396749647276e-06,0.0,3.0,success
1764,0.23341400921344757,-3.3384640216827393,-0.00025022460613399744,2.000457425310742e-05,6.0535962802532595e-06,0.0,0.0,success
1765,0.23341071605682373,-3.3374292850494385,-0.00024483748711645603,0.032336123287677765,0.032335683703422546,1.0,-3.0,success
1766,0.23341010510921478,-3.3363733291625977,-0.0002451022737659514,0.03299862891435623,0.03299862518906593,1.0,-3.0,success
1767,0.23341096937656403,-3.3363521099090576,-0.00025049608666449785,0.0006847222684882581,0.0006636514444835484,0.0,-3.0,success
1768,0.2334110289812088,-3.3363521099090576,-0.0002502692223060876,7.330116659431951e-06,1.8626450355441193e-06,0.0,3.0,success
1769,0.23341257870197296,-3.335296154022217,-0.0002447911538183689,0.03299909830093384,0.03299865126609802,1.0,0.0,success
1770,0.2334143966436386,-3.334240198135376,-0.0002451538748573512,0.032998669892549515,0.032998666167259216,1.0,-3.0,success
1771,0.2334144413471222,-3.334218978881836,-0.0002505525480955839,0.0006842283182777464,0.0006631031283177435,0.0,3.0,success
1772,0.23341448605060577,-3.334218978881836,-0.0002503033319953829,7.91230377217289e-06,1.39698374823638e-06,0.0,3.0,success
1773,0.2334134727716446,-3.333163261413574,-0.00024481795844621956,0.03299163281917572,0.032991182059049606,1.0,0.0,success
1774,0.2334127426147461,-3.3321073055267334,-0.0002451752661727369,0.03299863263964653,0.03299862891435623,1.0,-3.0,success
1775,0.233414426445961,-3.3310513496398926,-0.0002456768706906587,0.03299866244196892,0.03299865871667862,1.0,-3.0,success
1776,0.2334178239107132,-3.3299953937530518,-0.00024609884712845087,0.032998789101839066,0.032998789101839066,1.0,3.0,success
1777,0.23341935873031616,-3.328939199447632,-0.0002464173885527998,0.033006105571985245,0.033006105571985245,1.0,-3.0,success
1778,0.23342329263687134,-3.327883243560791,-0.00024668133119121194,0.03299884870648384,0.03299884870648384,1.0,-3.0,success
1779,0.2334289401769638,-3.32682728767395,-0.0002469026658218354,0.03299909457564354,0.03299909457564354,1.0,3.0,success
1780,0.23343202471733093,-3.3257713317871094,-0.0002470698382239789,0.032998763024806976,0.032998763024806976,1.0,3.0,success
1781,0.23343293368816376,-3.3247151374816895,-0.00024719818611629307,0.033006083220243454,0.033006083220243454,1.0,0.0,success
1782,0.23343418538570404,-3.3236591815948486,-0.0002473013591952622,0.03299864009022713,0.03299864009022713,1.0,-3.0,success
1783,0.23343434929847717,-3.3236589431762695,-0.00025237147929146886,0.00015869901108089834,9.041506928042509e-06,0.0,0.0,success
1784,0.23343732953071594,-3.3226242065429688,-0.0002467894519213587,0.032336123287677765,0.03233565390110016,1.0,3.0,success
1785,0.23343758285045624,-3.321568250656128,-0.00024667390971444547,0.032998621463775635,0.032998621463775635,1.0,3.0,success
1786,0.23343606293201447,-3.320512294769287,-0.00024686160031706095,0.03299865126609802,0.03299865126609802,1.0,-3.0,success
1787,0.23343704640865326,-3.3194563388824463,-0.00024703540839254856,0.03299863263964653,0.03299863263964653,1.0,-3.0,success
1788,0.23344053328037262,-3.3184001445770264,-0.0002471757179591805,0.033006247133016586,0.033006247133016586,1.0,-3.0,success
1789,0.23344646394252777,-3.3173441886901855,-0.0002472881751600653,0.03299913927912712,0.03299913927912712,1.0,-3.0,success
1790,0.2334466129541397,-3.3173232078552246,-0.0002522700815461576,0.0006738973897881806,0.0006556676235049963,0.0,3.0,success
1791,0.23345240950584412,-3.3162882328033447,-0.0002467840095050633,0.03234392777085304,0.03234347328543663,1.0,-3.0,success
1792,0.23345334827899933,-3.316267251968384,-0.00025155555340461433,0.0006730326567776501,0.0006563070346601307,0.0,-3.0,success
1793,0.23346340656280518,-3.315232515335083,-0.000246219162363559,0.03233747556805611,0.03233704715967178,1.0,3.0,success
1794,0.23347139358520508,-3.314176559448242,-0.00024621159536764026,0.032999563962221146,0.032999563962221146,1.0,-3.0,success
1795,0.23348179459571838,-3.3131203651428223,-0.0002465019060764462,0.0330076701939106,0.0330076701939106,1.0,-3.0,success
1796,0.23348262906074524,-3.3130993843078613,-0.00025162959354929626,0.0006754518835805357,0.0006561694317497313,0.0,-3.0,success
1797,0.23349788784980774,-3.3120646476745605,-0.00024628217215649784,0.032339464873075485,0.032339032739400864,1.0,-3.0,success
1798,0.23351545631885529,-3.3110086917877197,-0.0002462782140355557,0.03300318494439125,0.03300318494439125,1.0,0.0,success
1799,0.23353256285190582,-3.309952735900879,-0.0002465613360982388,0.03300295025110245,0.03300295025110245,1.0,3.0,success
1800,0.2335330843925476,-3.309931516647339,-0.00025166734121739864,0.000682224053889513,0.000663301907479763,0.0,-3.0,success
1801,0.2335508167743683,-3.308897018432617,-0.0002463117416482419,0.03233324736356735,0.03233281522989273,1.0,-3.0,success
1802,0.23357126116752625,-3.3078413009643555,-0.0002462968695908785,0.03299735486507416,0.03299735486507416,1.0,-3.0,success
1803,0.2335720956325531,-3.3078200817108154,-0.0002514517982490361,0.0006828867481090128,0.0006636141915805638,0.0,-3.0,success
1804,0.23357214033603668,-3.3078200817108154,-0.0002510335762053728,1.3143887372280005e-05,1.39698374823638e-06,0.0,3.0,success
1805,0.2335943579673767,-3.3067855834960938,-0.00024550504167564213,0.03233598545193672,0.03233552351593971,1.0,3.0,success
1806,0.23361416161060333,-3.305729627609253,-0.0002456307702232152,0.03300442174077034,0.03300442174077034,1.0,0.0,success
1807,0.2336335927248001,-3.304673671722412,-0.000246042589424178,0.03300420939922333,0.03300420567393303,1.0,3.0,success
1808,0.2336505502462387,-3.3036179542541504,-0.00024638138711452484,0.032995425164699554,0.032995425164699554,1.0,3.0,success
1809,0.23366540670394897,-3.3025834560394287,-0.00024262673105113208,0.03233161196112633,0.032331399619579315,1.0,3.0,success
1810,0.23367829620838165,-3.301527500152588,-0.00024332402972504497,0.03300108760595322,0.03300107643008232,1.0,-3.0,success
1811,0.2336929440498352,-3.300471544265747,-0.0002442018885631114,0.03300180658698082,0.033001791685819626,1.0,3.0,success
1812,0.23370514810085297,-3.2994158267974854,-0.00024490957730449736,0.0329933799803257,0.0329933725297451,1.0,3.0,success
1813,0.23371563851833344,-3.2983598709106445,-0.00024546560598537326,0.03300025314092636,0.033000245690345764,1.0,-3.0,success
1814,0.233728289604187,-3.2973039150238037,-0.00024592492263764143,0.03300099074840546,0.03300098702311516,1.0,0.0,success
1815,0.23374061286449432,-3.296247959136963,-0.00024629381368868053,0.03300086781382561,0.03300086781382561,1.0,3.0,success
1816,0.23374073207378387,-3.296226739883423,-0.0002514541847631335,0.0006824389565736055,0.0006631120922975242,0.0,-3.0,success
1817,0.23375385999679565,-3.295192003250122,-0.000246140785748139,0.032338544726371765,0.03233812004327774,1.0,-3.0,success
1818,0.23375429213047028,-3.295171022415161,-0.00025104143423959613,0.0006734345806762576,0.0006557900924235582,0.0,-3.0,success
1819,0.23377195000648499,-3.2941362857818604,-0.0002458078961353749,0.0323406420648098,0.03234022483229637,1.0,3.0,success
1820,0.2337869256734848,-3.2930803298950195,-0.00024589261738583446,0.033001936972141266,0.033001936972141266,1.0,3.0,success
1821,0.233786940574646,-3.2930593490600586,-0.00025111838476732373,0.0006756827351637185,0.0006556512089446187,0.0,-3.0,success
1822,0.23380236327648163,-3.292003631591797,-0.0002457801310811192,0.032995112240314484,0.03299469128251076,1.0,0.0,success
1823,0.23380248248577118,-3.291982412338257,-0.00025084111257456243,0.0006817117100581527,0.0006631120922975242,0.0,-3.0,success
1824,0.2338201403617859,-3.290947675704956,-0.00024565166677348316,0.0323406346142292,0.03234022483229637,1.0,3.0,success
1825,0.2338358610868454,-3.2898919582366943,-0.00024575775023549795,0.0329948253929615,0.0329948253929615,1.0,-3.0,success
1826,0.2338361293077469,-3.2898707389831543,-0.00025102001382037997,0.0006832396611571312,0.000663154642097652,0.0,-3.0,success
1827,0.23383569717407227,-3.2898707389831543,-0.00025068834656849504,1.7023154214257374e-05,1.3504176422429737e-05,0.0,3.0,success
1828,0.2338535189628601,-3.2888360023498535,-0.00024522916646674275,0.03234076499938965,0.032340314239263535,1.0,3.0,success
1829,0.23386900126934052,-3.2877800464630127,-0.0002454101631883532,0.03300216794013977,0.03300216421484947,1.0,0.0,success
1830,0.23388417065143585,-3.286724090576172,-0.000245866336626932,0.03300203010439873,0.03300202637910843,1.0,3.0,success
1831,0.2338969111442566,-3.285668134689331,-0.00024624058278277516,0.03300102427601814,0.033001020550727844,1.0,3.0,success
1832,0.23389674723148346,-3.28564715385437,-0.0002514111693017185,0.0006752872723154724,0.0006556710577569902,0.0,-3.0,success
1833,0.23390963673591614,-3.2846124172210693,-0.00024611817207187414,0.032338451594114304,0.03233802318572998,1.0,3.0,success
1834,0.23391994833946228,-3.2835564613342285,-0.000246141804382205,0.03300018981099129,0.03300018981099129,1.0,3.0,success
1835,0.23392857611179352,-3.2825005054473877,-0.0002464361605234444,0.03299972042441368,0.03299972042441368,1.0,-3.0,success
1836,0.2339285910129547,-3.2824792861938477,-0.0002515761007089168,0.0006822784198448062,0.0006631017895415425,0.0,-3.0,success
1837,0.2339424341917038,-3.281444549560547,-0.0002462386910337955,0.03233884274959564,0.03233841434121132,1.0,-3.0,success
1838,0.23394282162189484,-3.281423330307007,-0.0002511197526473552,0.0006805268349125981,0.0006632121512666345,0.0,-3.0,success
1839,0.23396195471286774,-3.280388832092285,-0.0002458591479808092,0.03233401104807854,0.03233359381556511,1.0,-3.0,success
1840,0.2339838296175003,-3.2793331146240234,-0.0002459342358633876,0.03299825266003609,0.03299825266003609,1.0,-3.0,success
1841,0.23400777578353882,-3.2782771587371826,-0.0002462854899931699,0.03300710394978523,0.03300710394978523,1.0,0.0,success
1842,0.2340313047170639,-3.277221441268921,-0.00024658115580677986,0.03299936279654503,0.03299936279654503,1.0,3.0,success
1843,0.23405300080776215,-3.276165723800659,-0.0002468028396833688,0.032998137176036835,0.032998137176036835,1.0,-3.0,success
1844,0.2340528964996338,-3.276144504547119,-0.00025188183644786477,0.0006818401743657887,0.0006631096475757658,0.0,3.0,success
1845,0.23407375812530518,-3.2751100063323975,-0.0002464838034939021,0.0323350764811039,0.03233463689684868,1.0,3.0,success
1846,0.2340925633907318,-3.2740540504455566,-0.00024642335483804345,0.033003851771354675,0.033003851771354675,1.0,-3.0,success
1847,0.2340930849313736,-3.2740330696105957,-0.00025155223556794226,0.0006751539185643196,0.0006558535969816148,0.0,-3.0,success
1848,0.2340928614139557,-3.2740330696105957,-0.0002511139609850943,1.537438583909534e-05,6.984918854868738e-06,0.0,3.0,success
1849,0.23409265279769897,-3.2740330696105957,-0.0002504533913452178,2.1647769244736992e-05,6.519257567560999e-06,0.0,3.0,success
1850,0.23409241437911987,-3.2740330696105957,-0.00024990993551909924,1.854543552326504e-05,7.450580142176477e-06,0.0,3.0,success
1851,0.23409217596054077,-3.2740330696105957,-0.0002494745422154665,1.5512428944930434e-05,7.450580142176477e-06,0.0,3.0,success
1852,0.23409190773963928,-3.2740330696105957,-0.0002491263148840517,1.3735955690208357e-05,8.381903171539307e-06,0.0,3.0,success
1853,0.23410433530807495,-3.272998332977295,-0.0002439525123918429,0.032338254153728485,0.03233785182237625,1.0,-3.0,success
1854,0.2341194450855255,-3.271942377090454,-0.00024439426488243043,0.03300200030207634,0.03300199657678604,1.0,-3.0,success
1855,0.23413698375225067,-3.2708864212036133,-0.000245048402575776,0.033003173768520355,0.03300317004323006,1.0,-3.0,success
1856,0.2341371774673462,-3.2708654403686523,-0.00025047894450835884,0.0006772847264073789,0.0006556790322065353,0.0,3.0,success
1857,0.23415455222129822,-3.2698307037353516,-0.0002453508786857128,0.03234047442674637,0.03234007582068443,1.0,-3.0,success
1858,0.23417450487613678,-3.2687747478485107,-0.000245528353843838,0.0330045111477375,0.0330045111477375,1.0,-3.0,success
1859,0.23419611155986786,-3.267719030380249,-0.00024596587172709405,0.03299808129668236,0.03299807757139206,1.0,3.0,success
1860,0.2342158406972885,-3.266663074493408,-0.00024631040287204087,0.03300437703728676,0.03300437703728676,1.0,-3.0,success
1861,0.234237939119339,-3.2656073570251465,-0.00024659582413733006,0.03299839794635773,0.03299839422106743,1.0,-3.0,success
1862,0.23426242172718048,-3.2645516395568848,-0.00024682460934855044,0.03300003707408905,0.03300003707408905,1.0,-3.0,success
1863,0.2342892587184906,-3.263495922088623,-0.0002470076724421233,0.03300182893872261,0.03300182893872261,1.0,-3.0,success
1864,0.23431771993637085,-3.2624404430389404,-0.0002471635234542191,0.03299570456147194,0.03299570456147194,1.0,3.0,success
1865,0.23434358835220337,-3.2613847255706787,-0.00024727825075387955,0.03300107270479202,0.03300107270479202,1.0,3.0,success
1866,0.23434336483478546,-3.2613635063171387,-0.0002522519207559526,0.0006811094935983419,0.0006631384021602571,0.0,3.0,success
1867,0.23434345424175262,-3.2613635063171387,-0.00025165770784951746,1.8778171579469927e-05,2.79396749647276e-06,0.0,0.0,success
1868,0.23434385657310486,-3.2613635063171387,-0.0002508834295440465,2.7267793484497815e-05,1.2572853847814258e-05,0.0,-3.0,success
1869,0.2343435436487198,-3.2613635063171387,-0.00025026410003192723,2.1684229068341665e-05,9.778886123967823e-06,0.0,3.0,success
1870,0.23436424136161804,-3.260329008102417,-0.0002448740997351706,0.03233497589826584,0.03233453631401062,1.0,3.0,success
1871,0.23438291251659393,-3.259273052215576,-0.00024512052186764777,0.033003777265548706,0.03300377354025841,1.0,-3.0,success
1872,0.234404057264328,-3.2582173347473145,-0.00024562838370911777,0.03299779072403908,0.03299778699874878,1.0,-3.0,success
1873,0.2344043105840683,-3.2582170963287354,-0.00025103360530920327,0.00016926262469496578,1.0870971891563386e-05,0.0,0.0,success
1874,0.23442794382572174,-3.2571825981140137,-0.0002457080699969083,0.03233692795038223,0.03233649954199791,1.0,-3.0,success
1875,0.23442871868610382,-3.2571613788604736,-0.0002506915479898453,0.0006815739907324314,0.0006635435856878757,0.0,-3.0,success
1876,0.23442937433719635,-3.2571613788604736,-0.0002504013536963612,2.2406295101973228e-05,2.0489094822551124e-05,0.0,-3.0,success
1877,0.2344299554824829,-3.2571613788604736,-0.00024988254881463945,2.4344699340872467e-05,1.816079020500183e-05,0.0,-3.0,success
1878,0.2344304919242859,-3.2571613788604736,-0.0002494536165613681,2.1463829398271628e-05,1.6763806343078613e-05,0.0,-3.0,success
1879,0.23443029820919037,-3.2571613788604736,-0.0002491199702490121,1.205640182888601e-05,6.0535962802532595e-06,0.0,3.0,success
1880,0.23446346819400787,-3.256127119064331,-0.00024394792853854597,0.03233763948082924,0.032337237149477005,1.0,-3.0,success
1881,0.2344992309808731,-3.2550716400146484,-0.0002443907724227756,0.03300265222787857,0.03300264850258827,1.0,-3.0,success
1882,0.23453667759895325,-3.254016399383545,-0.00024505547480657697,0.03299703076481819,0.032997023314237595,1.0,3.0,success
1883,0.23457194864749908,-3.2529609203338623,-0.00024558696895837784,0.033002134412527084,0.033002130687236786,1.0,0.0,success
1884,0.23460753262043,-3.2519054412841797,-0.00024601301993243396,0.03300245851278305,0.03300245851278305,1.0,-3.0,success
1885,0.23460838198661804,-3.2518844604492188,-0.0002512393693905324,0.0006762080593034625,0.0006561881164088845,0.0,-3.0,success
1886,0.23464861512184143,-3.2508504390716553,-0.0002459697425365448,0.032338034361600876,0.03233761712908745,1.0,-3.0,success
1887,0.23464836180210114,-3.2508292198181152,-0.00025091652059927583,0.0006809284095652401,0.0006631488795392215,0.0,3.0,success
1888,0.23468858003616333,-3.249774217605591,-0.0002455941867083311,0.03299318626523018,0.032992761582136154,1.0,0.0,success
1889,0.23472870886325836,-3.248718738555908,-0.0002458147646393627,0.03300754725933075,0.03300754725933075,1.0,0.0,success
1890,0.23476913571357727,-3.247663736343384,-0.000246184878051281,0.03299301490187645,0.03299301490187645,1.0,-3.0,success
1891,0.23481126129627228,-3.2466084957122803,-0.00024650496197864413,0.03300253301858902,0.03300253301858902,1.0,3.0,success
1892,0.23485158383846283,-3.2455532550811768,-0.00024674212909303606,0.03300033509731293,0.03300033509731293,1.0,-3.0,success
1893,0.23489360511302948,-3.2444980144500732,-0.0002469509781803936,0.033002402633428574,0.033002402633428574,1.0,3.0,success
1894,0.23493382334709167,-3.2434427738189697,-0.00024709876743145287,0.03300020843744278,0.03300020843744278,1.0,-3.0,success
1895,0.23497578501701355,-3.2423877716064453,-0.0002472362539265305,0.03299488499760628,0.03299488499760628,1.0,3.0,success
1896,0.23501595854759216,-3.241332530975342,-0.00024732688325457275,0.0330001562833786,0.0330001562833786,1.0,-3.0,success
1897,0.2350582331418991,-3.2402772903442383,-0.00024741346715018153,0.03300271928310394,0.03300271928310394,1.0,0.0,success
1898,0.23510012030601501,-3.2392220497131348,-0.0002474840439390391,0.03300223499536514,0.03300223499536514,1.0,3.0,success
1899,0.23510074615478516,-3.239201068878174,-0.0002524056762922555,0.0006737325456924736,0.0006559426547028124,0.0,-3.0,success
1900,0.2351430058479309,-3.2381670475006104,-0.00024690217105671763,0.03234059736132622,0.032340142875909805,1.0,-3.0,success
1901,0.23514395952224731,-3.2381458282470703,-0.00025165025726892054,0.0006801528506912291,0.0006637710030190647,0.0,-3.0,success
1902,0.2351437360048294,-3.2381460666656494,-0.00025117836776189506,1.7937692973646335e-05,1.0212749657512177e-05,0.0,3.0,success
1903,0.2351897805929184,-3.237112045288086,-0.00024560943711549044,0.03234565258026123,0.03234518691897392,1.0,-3.0,success
1904,0.2351892590522766,-3.237091064453125,-0.0002506136370357126,0.0006742395926266909,0.0006558535969816148,0.0,3.0,success
1905,0.23518989980220795,-3.237091064453125,-0.00025032766279764473,2.1927207853877917e-05,2.0023433535243385e-05,0.0,-3.0,success
1906,0.23523655533790588,-3.2360572814941406,-0.00024494907120242715,0.03233903646469116,0.03233860060572624,1.0,3.0,success
1907,0.23523657023906708,-3.2360360622406006,-0.000250074896030128,0.0006821746355853975,0.0006631017895415425,0.0,3.0,success
1908,0.23523618280887604,-3.2360360622406006,-0.00024990629754029214,1.3203914022597019e-05,1.2107192560506519e-05,0.0,3.0,success
1909,0.2352365106344223,-3.2360360622406006,-0.00024947646306827664,1.6893138308660127e-05,1.0244547411275562e-05,0.0,-3.0,success
1910,0.23523645102977753,-3.2360360622406006,-0.00024913327069953084,1.0885309166042134e-05,1.8626450355441193e-06,0.0,0.0,success
1911,0.23527948558330536,-3.235002040863037,-0.0002439637464703992,0.03234154358506203,0.032341137528419495,1.0,-3.0,success
1912,0.2352788895368576,-3.234980821609497,-0.0002492975618224591,0.0006839835550636053,0.0006633632001467049,0.0,3.0,success
1913,0.23532065749168396,-3.2339470386505127,-0.00024440052220597863,0.03233243152499199,0.03233207389712334,1.0,3.0,success
1914,0.2353600561618805,-3.232891798019409,-0.00024476650287397206,0.032999247312545776,0.032999247312545776,1.0,3.0,success
1915,0.23539769649505615,-3.2318363189697266,-0.00024533647228963673,0.03300468623638153,0.03300468623638153,1.0,-3.0,success
1916,0.2353983372449875,-3.2318150997161865,-0.0002506973687559366,0.0006842297734692693,0.0006634038873016834,0.0,-3.0,success
1917,0.23539863526821136,-3.2318150997161865,-0.0002504205040168017,1.2711949239019305e-05,9.313225746154785e-06,0.0,-3.0,success
1918,0.23544321954250336,-3.230781316757202,-0.0002450133324600756,0.03233618661761284,0.03233574330806732,1.0,-3.0,success
1919,0.23549054563045502,-3.2297263145446777,-0.00024524881155230105,0.03300197422504425,0.03300197049975395,1.0,0.0,success
1920,0.2354915738105774,-3.2297050952911377,-0.00025060924235731363,0.0006846874603070319,0.0006638796767219901,0.0,-3.0,success
1921,0.2355412095785141,-3.2286715507507324,-0.00024546447093598545,0.03233588859438896,0.032335489988327026,1.0,-3.0,success
1922,0.2355933040380478,-3.227616786956787,-0.00024562940234318376,0.03300154581665993,0.03300154581665993,1.0,3.0,success
1923,0.2355935424566269,-3.227595806121826,-0.00025091972202062607,0.0006762139964848757,0.000655693409498781,0.0,3.0,success
1924,0.23559395968914032,-3.227595806121826,-0.00025058683240786195,1.667996184551157e-05,1.3038515135121997e-05,0.0,-3.0,success
1925,0.235642671585083,-3.226562023162842,-0.00024515719269402325,0.032342005521059036,0.03234156221151352,1.0,3.0,success
1926,0.2356899380683899,-3.2255070209503174,-0.0002453482593409717,0.033001892268657684,0.033001892268657684,1.0,-3.0,success
1927,0.23569080233573914,-3.2254860401153564,-0.00025069215917028487,0.0006771230837330222,0.0006562070921063423,0.0,-3.0,success
1928,0.23574255406856537,-3.224452495574951,-0.00024553085677325726,0.032339129596948624,0.03233872726559639,1.0,-3.0,success
1929,0.23574283719062805,-3.224452018737793,-0.00025065650697797537,0.00016111131117213517,1.732985765556805e-05,0.0,0.0,success
1930,0.23579837381839752,-3.223418712615967,-0.0002453913912177086,0.032337840646505356,0.03233741968870163,1.0,-3.0,success
1931,0.23585599660873413,-3.2223644256591797,-0.0002455563226249069,0.032995641231536865,0.03299563750624657,1.0,-3.0,success
1932,0.23591531813144684,-3.2213099002838135,-0.00024598807794973254,0.03300601989030838,0.03300601616501808,1.0,3.0,success
1933,0.2359728068113327,-3.2202556133270264,-0.00024632809800095856,0.03299541026353836,0.03299541026353836,1.0,-3.0,success
1934,0.2360326647758484,-3.21920108795166,-0.00024660993949510157,0.03300696238875389,0.03300696238875389,1.0,-3.0,success
1935,0.236032173037529,-3.219180107116699,-0.00025172840105369687,0.0006750548491254449,0.0006558311288245022,0.0,3.0,success
1936,0.2360915094614029,-3.218126058578491,-0.0002462581906002015,0.03299161046743393,0.03299116715788841,1.0,0.0,success
1937,0.23615038394927979,-3.217071533203125,-0.0002463514683768153,0.033005233854055405,0.033005233854055405,1.0,3.0,success
1938,0.23620744049549103,-3.216017246246338,-0.0002466085716150701,0.03299468010663986,0.032994676381349564,1.0,-3.0,success
1939,0.23626692593097687,-3.2149627208709717,-0.0002468335733283311,0.03300630673766136,0.03300630301237106,1.0,-3.0,success
1940,0.2362663298845291,-3.2149417400360107,-0.0002519071858841926,0.0006748061859980226,0.0006559155881404877,0.0,3.0,success
1941,0.23626703023910522,-3.2149417400360107,-0.00025137749616988003,2.7440768462838605e-05,2.188607868447434e-05,0.0,-3.0,success
1942,0.23632794618606567,-3.2139086723327637,-0.0002457786467857659,0.0323399119079113,0.032339438796043396,1.0,-3.0,success
1943,0.23639214038848877,-3.2128546237945557,-0.0002458561211824417,0.03300004452466965,0.03300004452466965,1.0,-3.0,success
1944,0.23645801842212677,-3.2118008136749268,-0.00024622728233225644,0.03299585357308388,0.03299584984779358,1.0,3.0,success
1945,0.23652133345603943,-3.2107465267181396,-0.0002465288562234491,0.03300582617521286,0.03300582617521286,1.0,3.0,success
1946,0.23658211529254913,-3.2096924781799316,-0.0002467705635353923,0.03299373388290405,0.03299373388290405,1.0,3.0,success
1947,0.23658299446105957,-3.2096712589263916,-0.0002518350665923208,0.0006822805153205991,0.000663670536596328,0.0,-3.0,success
1948,0.23658309876918793,-3.2096712589263916,-0.0002513298240955919,1.6121794033097103e-05,3.2596287837804994e-06,0.0,-3.0,success
1949,0.23664535582065582,-3.2086384296417236,-0.0002457521914038807,0.03233496844768524,0.03233449533581734,1.0,3.0,success
1950,0.23670579493045807,-3.2075841426849365,-0.00024583438062109053,0.033000558614730835,0.033000558614730835,1.0,3.0,success
1951,0.2367638200521469,-3.2065296173095703,-0.00024620015756227076,0.03300376608967781,0.03300376608967781,1.0,3.0,success
1952,0.23676346242427826,-3.2065083980560303,-0.00025138986529782414,0.0006827375036664307,0.0006631958531215787,0.0,3.0,success
1953,0.23681610822677612,-3.205474853515625,-0.0002460901450831443,0.03234056010842323,0.03234013915061951,1.0,3.0,success
1954,0.23686745762825012,-3.2044200897216797,-0.00024610833497717977,0.0330004021525383,0.0330004021525383,1.0,-3.0,success
1955,0.23692065477371216,-3.2033655643463135,-0.000246429699473083,0.03299582377076149,0.03299582004547119,1.0,3.0,success
1956,0.23692114651203156,-3.2033443450927734,-0.0002515622472856194,0.000682396930642426,0.0006632796721532941,0.0,-3.0,success
1957,0.23692075908184052,-3.2033443450927734,-0.0002511167258489877,1.8450511561241e-05,1.2107192560506519e-05,0.0,0.0,success
1958,0.2369735687971115,-3.202310800552368,-0.00024557759752497077,0.03234086185693741,0.0323403961956501,1.0,3.0,success
1959,0.2369740605354309,-3.202289581298828,-0.0002505659940652549,0.0006813521613366902,0.0006632796721532941,0.0,-3.0,success
1960,0.23697331547737122,-3.202289581298828,-0.0002503101131878793,2.461790973029565e-05,2.328306254639756e-05,0.0,3.0,success
1961,0.2369733601808548,-3.202289581298828,-0.00024979980662465096,1.6008150851121172e-05,1.39698374823638e-06,0.0,-3.0,success
1962,0.23702721297740936,-3.201235294342041,-0.0002444100973661989,0.03298984840512276,0.032989419996738434,1.0,0.0,success
1963,0.23702703416347504,-3.201234817504883,-0.0002498330140952021,0.00017021175881382078,1.5914445611997508e-05,0.0,0.0,success
1964,0.23708197474479675,-3.2002015113830566,-0.0002447353908792138,0.03233681619167328,0.03233642876148224,1.0,-3.0,success
1965,0.2370820939540863,-3.2002012729644775,-0.00025001601898111403,0.00016522972146049142,8.330001946887933e-06,0.0,0.0,success
1966,0.23713983595371246,-3.1991679668426514,-0.0002448785235174,0.03234158828854561,0.03234118968248367,1.0,-3.0,success
1967,0.23713907599449158,-3.1991467475891113,-0.0002500397968105972,0.0006828485638834536,0.0006635267636738718,0.0,3.0,success
1968,0.23719491064548492,-3.198113441467285,-0.00024499461869709194,0.032338306307792664,0.03233792260289192,1.0,3.0,success
1969,0.23724865913391113,-3.197058916091919,-0.00024524153559468687,0.03299669548869133,0.03299669176340103,1.0,3.0,success
1970,0.23724858462810516,-3.197037696838379,-0.000250609329668805,0.0006839935085736215,0.0006631057476624846,0.0,3.0,success
1971,0.23729687929153442,-3.1960041522979736,-0.0002454647037666291,0.03233390673995018,0.032333508133888245,1.0,3.0,success
1972,0.23729656636714935,-3.1959829330444336,-0.00025050152908079326,0.0006815969827584922,0.0006631737342104316,0.0,3.0,success
1973,0.2373398095369339,-3.19494891166687,-0.0002453646156936884,0.03234180808067322,0.03234140947461128,1.0,3.0,success
1974,0.23738153278827667,-3.1938936710357666,-0.0002455273934174329,0.033002037554979324,0.033002033829689026,1.0,-3.0,success
1975,0.2374250739812851,-3.192838668823242,-0.0002459650277160108,0.03299688547849655,0.03299688547849655,1.0,3.0,success
1976,0.23742470145225525,-3.192817449569702,-0.00025120217469520867,0.0006830989732407033,0.0006632038275711238,0.0,3.0,success
1977,0.23746444284915924,-3.1917834281921387,-0.0002459286479279399,0.03233744204044342,0.032337021082639694,1.0,-3.0,success
1978,0.23746445775032043,-3.1917829513549805,-0.0002509741170797497,0.00015837415412534028,1.4908434422977734e-05,0.0,0.0,success
1979,0.23746411502361298,-3.1917829513549805,-0.0002505405282136053,1.7271409888053313e-05,1.0710208698583301e-05,0.0,3.0,success
1980,0.23750440776348114,-3.190748929977417,-0.00024509470677003264,0.03233813866972923,0.03233768790960312,1.0,-3.0,success
1981,0.23754636943340302,-3.1896936893463135,-0.00024531857343390584,0.0330023318529129,0.0330023318529129,1.0,3.0,success
1982,0.2375858575105667,-3.18863844871521,-0.00024578775628469884,0.03299935162067413,0.032999347895383835,1.0,3.0,success
1983,0.23762357234954834,-3.1875832080841064,-0.0002461671829223633,0.03299732506275177,0.03299732506275177,1.0,-3.0,success
1984,0.237622931599617,-3.1875619888305664,-0.00025137391639873385,0.0006830662023276091,0.0006634038873016834,0.0,3.0,success
1985,0.2376609444618225,-3.186527967453003,-0.0002460665418766439,0.032335419207811356,0.03233499452471733,1.0,-3.0,success
1986,0.23770137131214142,-3.1854727268218994,-0.00024610053515061736,0.033000461757183075,0.033000461757183075,1.0,-3.0,success
1987,0.23774421215057373,-3.184438943862915,-0.00024238567857537419,0.032333653420209885,0.03233344480395317,1.0,-3.0,success
1988,0.23778864741325378,-3.1833839416503906,-0.00024315202608704567,0.03299805521965027,0.03299804776906967,1.0,3.0,success
1989,0.23778942227363586,-3.1833627223968506,-0.0002489275939296931,0.0006876522093079984,0.0006635435856878757,0.0,-3.0,success
1990,0.23783418536186218,-3.182328939437866,-0.00024411838967353106,0.03233633562922478,0.03233598917722702,1.0,-3.0,success
1991,0.23783525824546814,-3.182307720184326,-0.0002494251530151814,0.0006843461305834353,0.0006639487110078335,0.0,-3.0,success
1992,0.23788513243198395,-3.181274175643921,-0.0002445032587274909,0.03233621269464493,0.03233584761619568,1.0,-3.0,success
1993,0.23793749511241913,-3.1802194118499756,-0.00024486001348122954,0.033001963049173355,0.03300195932388306,1.0,3.0,success
1994,0.23798806965351105,-3.1791646480560303,-0.00024541199672967196,0.03299923986196518,0.03299923613667488,1.0,-3.0,success
1995,0.23804034292697906,-3.178109884262085,-0.000245886534685269,0.03300182521343231,0.033001821488142014,1.0,3.0,success
1996,0.2380901277065277,-3.1770551204681396,-0.00024625734658911824,0.032998066395521164,0.032998062670230865,1.0,3.0,success
1997,0.2381381392478943,-3.1760001182556152,-0.0002465435245539993,0.03300294280052185,0.03300293907523155,1.0,-3.0,success
1998,0.23818862438201904,-3.17494535446167,-0.0002467819140292704,0.032999102026224136,0.03299909830093384,1.0,-3.0,success
1999,0.23818793892860413,-3.174924373626709,-0.0002518658875487745,0.0006749652675352991,0.0006560008623637259,0.0,3.0,success
2000,0.23823709785938263,-3.1738905906677246,-0.0002464706776663661,0.032342661172151566,0.03234222158789635,1.0,3.0,success
2001,0.23823705315589905,-3.1738903522491455,-0.00025139653007499874,0.00015411940694320947,7.580415967822773e-06,0.0,0.0,success
2002,0.23828347027301788,-3.172856569290161,-0.0002459942188579589,0.0323387049138546,0.03233826532959938,1.0,3.0,success
2003,0.23832768201828003,-3.1718015670776367,-0.00024603737983852625,0.03299775347113609,0.03299775347113609,1.0,3.0,success
2004,0.23836947977542877,-3.170746326446533,-0.0002463629061821848,0.03300212696194649,0.03300212696194649,1.0,3.0,success
2005,0.23836879432201385,-3.170725107192993,-0.0002515199303161353,0.0006827401812188327,0.0006634475430473685,0.0,3.0,success
2006,0.23836800456047058,-3.170725107192993,-0.0002510777849238366,2.828454307746142e-05,2.4680046408320777e-05,0.0,3.0,success
2007,0.23840266466140747,-3.1696908473968506,-0.0002455404319334775,0.032339226454496384,0.032338760793209076,1.0,3.0,success
2008,0.23843519389629364,-3.168635368347168,-0.00024565914645791054,0.03299938142299652,0.03299938142299652,1.0,0.0,success
2009,0.23846781253814697,-3.1675796508789062,-0.0002460600808262825,0.03300691395998001,0.03300691395998001,1.0,0.0,success
2010,0.23850050568580627,-3.1665241718292236,-0.00024639564799144864,0.032999541610479355,0.032999537885189056,1.0,0.0,success
2011,0.2384997457265854,-3.1665029525756836,-0.0002515524683985859,0.0006828157347626984,0.0006635267636738718,0.0,3.0,success
2012,0.2384992092847824,-3.1665029525756836,-0.0002511038910597563,2.1852474674233235e-05,1.6763806343078613e-05,0.0,3.0,success
2013,0.23852774500846863,-3.165468692779541,-0.00024555009440518916,0.0323333814740181,0.03233291581273079,1.0,-3.0,success
2014,0.23855897784233093,-3.1644132137298584,-0.0002456725633237511,0.032998159527778625,0.03299815580248833,1.0,-3.0,success
2015,0.23855872452259064,-3.1643919944763184,-0.00025096331955865026,0.000683448975905776,0.0006631488795392215,0.0,3.0,success
2016,0.23858901858329773,-3.163357734680176,-0.00024574811686761677,0.032334890216588974,0.032334476709365845,1.0,3.0,success
2017,0.2386166900396347,-3.162302017211914,-0.0002458448288962245,0.033002499490976334,0.033002499490976334,1.0,3.0,success
2018,0.2386425882577896,-3.1612462997436523,-0.0002461988478899002,0.03300109878182411,0.033001095056533813,1.0,-3.0,success
2019,0.2386702597141266,-3.1601905822753906,-0.00024651590501889586,0.03300250321626663,0.033002499490976334,1.0,3.0,success
2020,0.23869620263576508,-3.159134864807129,-0.0002467507147230208,0.0330011285841465,0.0330011285841465,1.0,-3.0,success
2021,0.23869580030441284,-3.159113883972168,-0.00025184027617797256,0.0006747836014255881,0.0006557716405950487,0.0,3.0,success
2022,0.23872096836566925,-3.1580793857574463,-0.00024645074154250324,0.03233807161450386,0.03233763203024864,1.0,3.0,success
2023,0.23872116208076477,-3.1580581665039062,-0.00025127833941951394,0.0006800734554417431,0.0006631292635574937,0.0,-3.0,success
2024,0.23874685168266296,-3.1570236682891846,-0.00024598537129350007,0.0323384553194046,0.03233803063631058,1.0,-3.0,success
2025,0.2387746125459671,-3.155967950820923,-0.00024604532518424094,0.0330025739967823,0.0330025739967823,1.0,3.0,success
2026,0.23877492547035217,-3.155946969985962,-0.0002512411156203598,0.0006755275535397232,0.0006557239685207605,0.0,-3.0,success
2027,0.23880338668823242,-3.1549124717712402,-0.0002459696843288839,0.03234072029590607,0.03234029933810234,1.0,-3.0,success
2028,0.2388339638710022,-3.1538569927215576,-0.00024603347992524505,0.032997556030750275,0.032997556030750275,1.0,3.0,success
2029,0.2388627827167511,-3.152801275253296,-0.0002463503333274275,0.03300345689058304,0.03300345689058304,1.0,-3.0,success
2030,0.23889406025409698,-3.1517457962036133,-0.000246626790612936,0.03299819678068161,0.03299819678068161,1.0,-3.0,success
2031,0.23892708122730255,-3.1506903171539307,-0.0002468591264914721,0.032999858260154724,0.032999858260154724,1.0,3.0,success
2032,0.23895759880542755,-3.149634599685669,-0.00024703514645807445,0.03300495073199272,0.03300495073199272,1.0,3.0,success
2033,0.2389863282442093,-3.1485791206359863,-0.0002471655607223511,0.032995935529470444,0.032995935529470444,1.0,-3.0,success
2034,0.2390168309211731,-3.1475234031677246,-0.0002472897176630795,0.03300493583083153,0.03300493583083153,1.0,3.0,success
2035,0.23904557526111603,-3.146467924118042,-0.00024736960767768323,0.03299594670534134,0.03299594670534134,1.0,-3.0,success
2036,0.23907645046710968,-3.1454122066497803,-0.0002474476059433073,0.03300527483224869,0.03300527483224869,1.0,0.0,success
2037,0.23907703161239624,-3.1453909873962402,-0.00025238218950107694,0.0006810381892137229,0.0006633502780459821,0.0,-3.0,success
2038,0.23907673358917236,-3.1453909873962402,-0.0002517782850190997,2.1044930690550245e-05,9.313225746154785e-06,0.0,3.0,success
2039,0.2391083687543869,-3.1443567276000977,-0.0002460902906022966,0.032336220145225525,0.032335732132196426,1.0,-3.0,success
2040,0.2391425371170044,-3.143301248550415,-0.0002461047552060336,0.033000994473695755,0.033000994473695755,1.0,-3.0,success
2041,0.23914358019828796,-3.143280267715454,-0.0002512975479476154,0.0006762202829122543,0.000656460877507925,0.0,-3.0,success
2042,0.2391815483570099,-3.1422460079193115,-0.00024602655321359634,0.032342810183763504,0.03234238550066948,1.0,3.0,success
2043,0.23921707272529602,-3.141190767288208,-0.0002460680261719972,0.03299494832754135,0.03299494832754135,1.0,3.0,success
2044,0.2392169088125229,-3.14119029045105,-0.00025136099429801106,0.0001661540736677125,1.5756975699332543e-05,0.0,0.0,success
2045,0.23924970626831055,-3.1401560306549072,-0.0002459798415657133,0.03233730047941208,0.03233686462044716,1.0,3.0,success
2046,0.23924989998340607,-3.140134811401367,-0.0002508980396669358,0.0006807071040384471,0.0006631292635574937,0.0,-3.0,success
2047,0.2392825335264206,-3.1391005516052246,-0.00024569249944761395,0.03233711048960686,0.032336700707674026,1.0,3.0,success
2048,0.2392818182706833,-3.1390793323516846,-0.0002506834571249783,0.0006815638043917716,0.0006634782184846699,0.0,3.0,success
2049,0.23930951952934265,-3.138045072555542,-0.00024551022215746343,0.032332610338926315,0.03233220800757408,1.0,3.0,success
2050,0.23933465778827667,-3.1369893550872803,-0.0002456543443258852,0.03300052136182785,0.03300052136182785,1.0,3.0,success
2051,0.23935742676258087,-3.1359333992004395,-0.0002460569958202541,0.03300629183650017,0.03300628811120987,1.0,3.0,success
2052,0.23937855660915375,-3.1348776817321777,-0.00024638226022943854,0.03299777954816818,0.032997775822877884,1.0,-3.0,success
2053,0.23940156400203705,-3.133821964263916,-0.00024666349054314196,0.032999005168676376,0.03299900144338608,1.0,3.0,success
2054,0.2394006848335266,-3.133800745010376,-0.0002517612592782825,0.0006825223681516945,0.000663670536596328,0.0,3.0,success
2055,0.2394188940525055,-3.132766008377075,-0.00024638755712658167,0.03234096243977547,0.03234052285552025,1.0,3.0,success
2056,0.23941870033740997,-3.132744789123535,-0.00025122766965068877,0.0006801603594794869,0.0006631292635574937,0.0,-3.0,success
2057,0.23943683505058289,-3.1317102909088135,-0.0002459565585013479,0.03233345225453377,0.03233303502202034,1.0,3.0,success
2058,0.2394358515739441,-3.1316890716552734,-0.0002508944598957896,0.0006815128144808114,0.0006638134946115315,0.0,3.0,success
2059,0.23943570256233215,-3.1316890716552734,-0.00025055251899175346,1.1656209608190693e-05,4.656612873077393e-06,0.0,-3.0,success
2060,0.23943495750427246,-3.1316890716552734,-0.000250013341428712,2.8740214474964887e-05,2.328306254639756e-05,0.0,3.0,success
2061,0.23944903910160065,-3.1306543350219727,-0.0002446633006911725,0.032338947057724,0.03233851119875908,1.0,-3.0,success
2062,0.2394651472568512,-3.129598379135132,-0.0002449729945510626,0.03300245851278305,0.03300245851278305,1.0,3.0,success
2063,0.23947881162166595,-3.128542423248291,-0.00024551156093366444,0.033001385629177094,0.033001381903886795,1.0,3.0,success
2064,0.2394784390926361,-3.128542184829712,-0.00025093017029576004,0.0001698946871329099,1.3821591892337892e-05,0.0,0.0,success
2065,0.23947776854038239,-3.128542184829712,-0.00025051977718248963,2.4567802029196173e-05,2.0954756109858863e-05,0.0,3.0,success
2066,0.2394876331090927,-3.127507448196411,-0.00024507896159775555,0.032337434589862823,0.03233698755502701,1.0,-3.0,success
2067,0.2395002245903015,-3.1264514923095703,-0.0002452954649925232,0.03300096467137337,0.03300096467137337,1.0,-3.0,success
2068,0.23951460421085358,-3.1253955364227295,-0.00024577908334322274,0.03300168365240097,0.03300167992711067,1.0,3.0,success
2069,0.23952718079090118,-3.1243395805358887,-0.0002461608382873237,0.03300096094608307,0.03300096094608307,1.0,-3.0,success
2070,0.23952700197696686,-3.1243185997009277,-0.00025136859039776027,0.0006755698705092072,0.0006556748994626105,0.0,3.0,success
2071,0.23953954875469208,-3.123283863067627,-0.0002460626419633627,0.03233832120895386,0.03233789652585983,1.0,-3.0,success
2072,0.2395540475845337,-3.122227907180786,-0.0002461073745507747,0.03300173208117485,0.03300173208117485,1.0,3.0,success
2073,0.23956601321697235,-3.1211719512939453,-0.0002464192220941186,0.03300073742866516,0.03300073742866516,1.0,3.0,success
2074,0.23957549035549164,-3.1201159954071045,-0.00024668232072144747,0.032999951392412186,0.03299994766712189,1.0,3.0,success
2075,0.23958320915699005,-3.1190600395202637,-0.00024688325356692076,0.03299950063228607,0.03299950063228607,1.0,-3.0,success
2076,0.23959344625473022,-3.118004083633423,-0.0002470534818712622,0.033000171184539795,0.033000171184539795,1.0,-3.0,success
2077,0.23960547149181366,-3.116948127746582,-0.00024720048531889915,0.03300075978040695,0.03300075978040695,1.0,3.0,success
2078,0.23960541188716888,-3.116947650909424,-0.00025228140293620527,0.00015948723012115806,1.501712449680781e-05,0.0,0.0,success
2079,0.23961569368839264,-3.115913152694702,-0.0002467058948241174,0.03233013302087784,0.03232966363430023,1.0,-3.0,success
2080,0.2396281510591507,-3.1148574352264404,-0.00024278929049614817,0.03299369290471077,0.032993465662002563,1.0,0.0,success
2081,0.2396409958600998,-3.1138017177581787,-0.0002435528440400958,0.0329936183989048,0.032993610948324203,1.0,-3.0,success
2082,0.23965556919574738,-3.112745761871338,-0.00024438920081593096,0.033001769334077835,0.03300176188349724,1.0,3.0,success
2083,0.23966765403747559,-3.111689805984497,-0.0002450594329275191,0.03300078958272934,0.03300078213214874,1.0,3.0,success
2084,0.23967798054218292,-3.1106338500976562,-0.00024558548466302454,0.033000197261571884,0.033000193536281586,1.0,-3.0,success
2085,0.23969079554080963,-3.1095781326293945,-0.000246015697484836,0.03299360349774361,0.03299359977245331,1.0,-3.0,success
2086,0.23969139158725739,-3.1095569133758545,-0.000251241639489308,0.0006831699283793569,0.0006633632001467049,0.0,-3.0,success
2087,0.23970918357372284,-3.1085221767425537,-0.00024597145966254175,0.03234071657061577,0.03234029933810234,1.0,-3.0,success
2088,0.23970918357372284,-3.1085011959075928,-0.00025091771385632455,0.0006736248033121228,0.000655651034321636,0.0,3.0,success
2089,0.23972637951374054,-3.107466459274292,-0.0002456976508256048,0.0323403961956501,0.03233998268842697,1.0,3.0,success
2090,0.23972603678703308,-3.107445240020752,-0.0002506865712348372,0.000681266828905791,0.0006631881697103381,0.0,3.0,success
2091,0.23973789811134338,-3.106410503387451,-0.0002455124631524086,0.03233804553747177,0.03233764320611954,1.0,3.0,success
2092,0.23974774777889252,-3.1053545475006104,-0.00024564567138440907,0.03300005570054054,0.033000051975250244,1.0,-3.0,success
2093,0.23974813520908356,-3.1053335666656494,-0.0002509304613340646,0.0006762390839867294,0.0006557627930305898,0.0,-3.0,success
2094,0.2397478073835373,-3.1053335666656494,-0.000250616722041741,1.418013016518671e-05,1.0244547411275562e-05,0.0,3.0,success
2095,0.23974816501140594,-3.1053335666656494,-0.000250045966822654,2.104819577652961e-05,1.117586998589104e-05,0.0,-3.0,success
2096,0.2397630363702774,-3.1042988300323486,-0.00024469857453368604,0.03233928978443146,0.032338857650756836,1.0,-3.0,success
2097,0.23976290225982666,-3.1042776107788086,-0.00024988470249809325,0.000682632380630821,0.0006631148862652481,0.0,3.0,success
2098,0.23977799713611603,-3.103242874145508,-0.0002448599261697382,0.03233933821320534,0.032338958233594894,1.0,-3.0,success
2099,0.2397787719964981,-3.1032216548919678,-0.0002500166301615536,0.0006828312762081623,0.0006635435856878757,0.0,-3.0,success
2100,0.23979857563972473,-3.102166175842285,-0.00024488524650223553,0.03298991173505783,0.03298952430486679,1.0,0.0,success
2101,0.23981799185276031,-3.1011102199554443,-0.00024525338085368276,0.03300419822335243,0.03300419822335243,1.0,3.0,success
2102,0.23983559012413025,-3.1000542640686035,-0.0002457304217386991,0.03300320357084274,0.033003199845552444,1.0,-3.0,success
2103,0.23983615636825562,-3.1000332832336426,-0.0002510125341359526,0.0006763418205082417,0.000655889802146703,0.0,-3.0,success
2104,0.2398359626531601,-3.1000332832336426,-0.00025068307877518237,1.1943321624130476e-05,6.0535962802532595e-06,0.0,3.0,success
2105,0.23985587060451508,-3.098977565765381,-0.00024512235540896654,0.0329974927008152,0.03299703449010849,1.0,0.0,success
2106,0.2398556023836136,-3.098956346511841,-0.00025031165569089353,0.0006826944882050157,0.000663154642097652,0.0,3.0,success
2107,0.2398560494184494,-3.098956346511841,-0.0002500902337487787,1.5589579561492428e-05,1.3969837709737476e-05,0.0,-3.0,success
2108,0.2398751974105835,-3.097921848297119,-0.00024475945974700153,0.03233403339982033,0.032333604991436005,1.0,3.0,success
2109,0.23987466096878052,-3.097900629043579,-0.0002499232941772789,0.0006826602621003985,0.0006633134908042848,0.0,3.0,success
2110,0.23988860845565796,-3.0968658924102783,-0.0002449012245051563,0.032338835299015045,0.0323384553194046,1.0,3.0,success
2111,0.2398998737335205,-3.0958099365234375,-0.000245167117100209,0.03300049528479576,0.03300049528479576,1.0,3.0,success
2112,0.23990944027900696,-3.0947539806365967,-0.00024565673083998263,0.032999977469444275,0.032999973744153976,1.0,-3.0,success
2113,0.23992155492305756,-3.093698024749756,-0.00024607175146229565,0.03300079330801964,0.03300079330801964,1.0,-3.0,success
2114,0.23992161452770233,-3.0936977863311768,-0.00025138873024843633,0.00016633297491353005,7.679882401134819e-06,0.0,0.0,success
2115,0.23993629217147827,-3.092663049697876,-0.0002459921524859965,0.03233921155333519,0.03233877196907997,1.0,-3.0,success
2116,0.2399369329214096,-3.092641830444336,-0.00025091852876357734,0.0006810323684476316,0.0006634038873016834,0.0,-3.0,success
2117,0.23993748426437378,-3.092641830444336,-0.00025058278697542846,2.0172632503090426e-05,1.7229467630386353e-05,0.0,-3.0,success
2118,0.2399587780237198,-3.0916073322296143,-0.00024515375844202936,0.03233536332845688,0.032334912568330765,1.0,3.0,success
2119,0.23997806012630463,-3.0905516147613525,-0.00024534546537324786,0.03299667313694954,0.03299666941165924,1.0,-3.0,success
2120,0.23999910056591034,-3.0894956588745117,-0.00024581869365647435,0.03300517052412033,0.03300516679883003,1.0,3.0,success
2121,0.23999901115894318,-3.0894954204559326,-0.0002511760394554585,0.0001676060346653685,7.957222805998754e-06,0.0,0.0,success
2122,0.24001753330230713,-3.088460683822632,-0.00024583263439126313,0.0323411263525486,0.032340697944164276,1.0,3.0,success
2123,0.24003338813781738,-3.08740496635437,-0.00024590888642705977,0.032994892448186874,0.032994892448186874,1.0,3.0,success
2124,0.24003329873085022,-3.08738374710083,-0.0002511311322450638,0.000682894024066627,0.000663107552099973,0.0,-3.0,success
2125,0.24003322422504425,-3.08738374710083,-0.00025076596648432314,1.1646532584563829e-05,2.3283064365386963e-06,0.0,-3.0,success
2126,0.24003256857395172,-3.08738374710083,-0.000250185199547559,2.7371299438527785e-05,2.0489094822551124e-05,0.0,3.0,success
2127,0.24004869163036346,-3.0863490104675293,-0.00024481199216097593,0.032339878380298615,0.032339442521333694,1.0,3.0,success
2128,0.2400621473789215,-3.0852930545806885,-0.00024508117348887026,0.03300129622220993,0.03300129622220993,1.0,3.0,success
2129,0.24006196856498718,-3.0852720737457275,-0.0002504688745830208,0.0006769464816898108,0.0006556748994626105,0.0,-3.0,success
2130,0.24007634818553925,-3.0842373371124268,-0.0002453515480738133,0.03233903646469116,0.03233863785862923,1.0,-3.0,success
2131,0.24007582664489746,-3.0842161178588867,-0.0002504221920389682,0.00068196642678231,0.000663301907479763,0.0,3.0,success
2132,0.24009062349796295,-3.083181381225586,-0.00024529066286049783,0.032339222729206085,0.03233882412314415,1.0,-3.0,success
2133,0.24010740220546722,-3.082125663757324,-0.00024548935471102595,0.03299533948302269,0.03299533575773239,1.0,3.0,success
2134,0.24012242257595062,-3.0810697078704834,-0.00024591514375060797,0.03300195932388306,0.03300195559859276,1.0,-3.0,success
2135,0.2401229292154312,-3.0810484886169434,-0.00025116000324487686,0.0006832409999333322,0.0006632906734012067,0.0,-3.0,success
2136,0.24014291167259216,-3.0800137519836426,-0.0002459061215631664,0.03234196454286575,0.032341547310352325,1.0,-3.0,success
2137,0.2401655912399292,-3.078958034515381,-0.00024597262381576,0.03299878165125847,0.03299878165125847,1.0,-3.0,success
2138,0.24019069969654083,-3.077902317047119,-0.0002463114506099373,0.03300049901008606,0.03300049528479576,1.0,-3.0,success
2139,0.24019093811511993,-3.077881097793579,-0.00025148861459456384,0.0006825936725363135,0.0006631434662267566,0.0,3.0,success
2140,0.24021586775779724,-3.0768465995788574,-0.00024615865550003946,0.03233788162469864,0.032337453216314316,1.0,-3.0,success
2141,0.2402433604001999,-3.075791120529175,-0.00024617440067231655,0.03299490734934807,0.03299490734934807,1.0,-3.0,success
2142,0.24024370312690735,-3.0757699012756348,-0.000251365068834275,0.0006827371544204652,0.0006631881697103381,0.0,3.0,success
2143,0.24024465680122375,-3.0757699012756348,-0.0002509436453692615,3.258241122239269e-05,2.980232056870591e-05,0.0,-3.0,success
2144,0.24027322232723236,-3.074735403060913,-0.000245442584855482,0.032340846955776215,0.032340388745069504,1.0,3.0,success
2145,0.2402997761964798,-3.0736796855926514,-0.0002455765788909048,0.033001601696014404,0.033001601696014404,1.0,-3.0,success
2146,0.24032872915267944,-3.0726242065429688,-0.00024599337484687567,0.032996129244565964,0.032996125519275665,1.0,-3.0,success
2147,0.24032920598983765,-3.0726239681243896,-0.0002513254003133625,0.00016745658649597317,1.6660003893775865e-05,0.0,0.0,success
2148,0.24035973846912384,-3.071589469909668,-0.0002459522511344403,0.032342579215765,0.03234214335680008,1.0,3.0,success
2149,0.24038822948932648,-3.0705339908599854,-0.0002459945681039244,0.03299573063850403,0.03299573063850403,1.0,-3.0,success
2150,0.2403888702392578,-3.0705127716064453,-0.0002512093633413315,0.0006831262144260108,0.0006634038873016834,0.0,-3.0,success
2151,0.2404213696718216,-3.0694785118103027,-0.00024595606373623013,0.03233698382973671,0.03233657032251358,1.0,3.0,success
2152,0.24045199155807495,-3.068422794342041,-0.0002460019022691995,0.03300504386425018,0.03300504386425018,1.0,-3.0,success
2153,0.24045252799987793,-3.06840181350708,-0.0002512154169380665,0.000675798044539988,0.0006558653549291193,0.0,-3.0,success
2154,0.2404879778623581,-3.0673675537109375,-0.00024594971910119057,0.03234001621603966,0.03233959525823593,1.0,-3.0,success
2155,0.2405255287885666,-3.066312074661255,-0.00024601747281849384,0.03300458565354347,0.03300458565354347,1.0,3.0,success
2156,0.24056127667427063,-3.0652568340301514,-0.0002463376149535179,0.03299518674612045,0.03299518674612045,1.0,-3.0,success
2157,0.24059873819351196,-3.0642013549804688,-0.000246626790612936,0.03300448879599571,0.03300448879599571,1.0,3.0,success
2158,0.2405993640422821,-3.064180374145508,-0.00025172060122713447,0.0006749811582267284,0.0006559426547028124,0.0,-3.0,success
2159,0.2406371533870697,-3.0631251335144043,-0.0002462628181092441,0.03299785032868385,0.03299740329384804,1.0,0.0,success
2160,0.24067531526088715,-3.062069892883301,-0.0002463457640260458,0.03299782797694206,0.03299782797694206,1.0,-3.0,success
2161,0.24071559309959412,-3.061014413833618,-0.0002466185251250863,0.033007726073265076,0.033007726073265076,1.0,0.0,success
2162,0.24075619876384735,-3.0599591732025146,-0.0002468378806952387,0.03300067409873009,0.03300067037343979,1.0,-3.0,success
2163,0.24075718224048615,-3.0599381923675537,-0.00025189874577336013,0.0006751554319635034,0.0006563710048794746,0.0,-3.0,success
2164,0.24075746536254883,-3.0599381923675537,-0.0002513865183573216,1.8289527361048386e-05,8.847564458847046e-06,0.0,0.0,success
2165,0.24075770378112793,-3.0599381923675537,-0.00025067193200811744,2.354095886403229e-05,7.450580142176477e-06,0.0,0.0,success
2166,0.24080194532871246,-3.0589041709899902,-0.00024520649458281696,0.03234317898750305,0.03234272822737694,1.0,3.0,success
2167,0.24084456264972687,-3.057849168777466,-0.0002453867346048355,0.03299570456147194,0.03299570456147194,1.0,-3.0,success
2168,0.24084538221359253,-3.057827949523926,-0.0002507228637114167,0.0006842270377092063,0.0006635960889980197,0.0,-3.0,success
2169,0.2408917248249054,-3.0567941665649414,-0.00024556677090004086,0.03233856335282326,0.032338161021471024,1.0,3.0,success
2170,0.24093583226203918,-3.055739164352417,-0.00024570053210482,0.03299761936068535,0.03299761563539505,1.0,3.0,success
2171,0.24093550443649292,-3.055717945098877,-0.00025097635807469487,0.0006833671941421926,0.0006631807773374021,0.0,3.0,success
2172,0.2409757673740387,-3.0546839237213135,-0.0002457472146488726,0.032338064163923264,0.03233765438199043,1.0,-3.0,success
2173,0.24101774394512177,-3.05362868309021,-0.0002458553353790194,0.033002350479364395,0.033002350479364395,1.0,3.0,success
2174,0.24101758003234863,-3.053628444671631,-0.0002511914644856006,0.0001669989578658715,9.041506928042509e-06,0.0,0.0,success
2175,0.24105677008628845,-3.0525944232940674,-0.0002458442759234458,0.032336797565221786,0.032336365431547165,1.0,3.0,success
2176,0.24105629324913025,-3.0525732040405273,-0.0002508010366000235,0.0006811163621023297,0.0006632690201513469,0.0,3.0,success
2177,0.2410910725593567,-3.051517963409424,-0.0002455014328006655,0.0329945906996727,0.03299417346715927,1.0,0.0,success
2178,0.24109144508838654,-3.051496744155884,-0.00025061715859919786,0.000682199839502573,0.0006632038275711238,0.0,-3.0,success
2179,0.24112889170646667,-3.0504627227783203,-0.0002454606583341956,0.03233475238084793,0.0323343463242054,1.0,-3.0,success
2180,0.24116940796375275,-3.049407482147217,-0.0002456155780237168,0.03300056606531143,0.03300056606531143,1.0,-3.0,success
2181,0.2412116527557373,-3.0483522415161133,-0.0002460358082316816,0.03300268203020096,0.03300268203020096,1.0,3.0,success
2182,0.2412116527557373,-3.0483312606811523,-0.0002512585197109729,0.000675659510307014,0.000655651034321636,0.0,3.0,success
2183,0.24121133983135223,-3.0483312606811523,-0.0002508683246560395,1.563043042551726e-05,9.778886123967823e-06,0.0,3.0,success
2184,0.24124610424041748,-3.0472970008850098,-0.0002453725610394031,0.03233932703733444,0.03233887255191803,1.0,3.0,success
2185,0.24127833545207977,-3.046241521835327,-0.00024553004186600447,0.03299909457564354,0.03299909457564354,1.0,3.0,success
2186,0.24130885303020477,-3.0451858043670654,-0.00024594628484919667,0.03300495445728302,0.03300495073199272,1.0,-3.0,success
2187,0.2413092702627182,-3.0451645851135254,-0.00025118468329310417,0.0006831335485912859,0.0006632298463955522,0.0,-3.0,success
2188,0.24134385585784912,-3.044130563735962,-0.0002459371753502637,0.03233165293931961,0.03233123570680618,1.0,3.0,success
2189,0.24134334921836853,-3.044109344482422,-0.00025087964604608715,0.0006810359191149473,0.0006632906734012067,0.0,3.0,success
2190,0.24137291312217712,-3.0430748462677,-0.0002456671791151166,0.03234167769551277,0.03234126791357994,1.0,3.0,success
2191,0.24140027165412903,-3.0420191287994385,-0.00024577442673034966,0.03300224617123604,0.03300224617123604,1.0,0.0,success
2192,0.24142734706401825,-3.0409634113311768,-0.00024615845177322626,0.03300202265381813,0.03300201892852783,1.0,3.0,success
2193,0.24145275354385376,-3.039907693862915,-0.0002464637509547174,0.03300072252750397,0.03300072252750397,1.0,-3.0,success
2194,0.2414799928665161,-3.0388522148132324,-0.0002467285667080432,0.03299470245838165,0.03299470245838165,1.0,3.0,success
2195,0.24150553345680237,-3.0377964973449707,-0.00024692073930054903,0.033000823110342026,0.033000823110342026,1.0,-3.0,success
2196,0.2415335774421692,-3.036740779876709,-0.0002470834879204631,0.033002808690071106,0.033002808690071106,1.0,-3.0,success
2197,0.24153417348861694,-3.036719560623169,-0.00025209516752511263,0.0006816003005951643,0.0006633632001467049,0.0,-3.0,success
2198,0.24153394997119904,-3.036719560623169,-0.0002515488595236093,1.844577127485536e-05,6.984918854868738e-06,0.0,3.0,success
2199,0.24156437814235687,-3.0356643199920654,-0.0002458150847814977,0.032990459352731705,0.032989975064992905,1.0,0.0,success
2200,0.24159511923789978,-3.034608840942383,-0.00024597262381576,0.03299770504236221,0.032997701317071915,1.0,-3.0,success
2201,0.24159486591815948,-3.0345876216888428,-0.0002512071223463863,0.0006830257480032742,0.0006631488795392215,0.0,3.0,success
2202,0.24159546196460724,-3.0345876216888428,-0.0002508173347450793,2.2255740987020545e-05,1.862645149230957e-05,0.0,-3.0,success
2203,0.24159596860408783,-3.0345876216888428,-0.000250215467531234,2.458498602209147e-05,1.5832483768463135e-05,0.0,-3.0,success
2204,0.24163012206554413,-3.0335533618927,-0.0002448458399157971,0.032338667660951614,0.032338231801986694,1.0,3.0,success
2205,0.24166171252727509,-3.0324978828430176,-0.0002451084728818387,0.03299848735332489,0.03299848735332489,1.0,3.0,success
2206,0.2416614145040512,-3.0324976444244385,-0.00025059320614673197,0.00017181236762553453,1.1926747902180068e-05,0.0,0.0,success
2207,0.24169141054153442,-3.031463146209717,-0.0002453541965223849,0.03234206885099411,0.03234165161848068,1.0,-3.0,success
2208,0.24172408878803253,-3.030407667160034,-0.00024552660761401057,0.03299952298402786,0.03299952298402786,1.0,-3.0,success
2209,0.2417585402727127,-3.0293521881103516,-0.00024596447474323213,0.033001285046339035,0.03300128132104874,1.0,3.0,success
2210,0.24179121851921082,-3.028296709060669,-0.00024630912230350077,0.03299952670931816,0.03299952298402786,1.0,-3.0,success
2211,0.24179141223430634,-3.02829647064209,-0.00025157807976938784,0.00016493452130816877,9.599853001418523e-06,0.0,0.0,success
2212,0.2417912483215332,-3.02829647064209,-0.00025103811640292406,1.7634190953685902e-05,5.122273705637781e-06,0.0,3.0,success
2213,0.24179106950759888,-3.02829647064209,-0.000250388344284147,2.1060232029412873e-05,5.58793499294552e-06,0.0,3.0,success
2214,0.241821750998497,-3.0272622108459473,-0.00024496277910657227,0.032335277646780014,0.0323348343372345,1.0,-3.0,success
2215,0.24182261526584625,-3.0272409915924072,-0.0002500842383597046,0.0006826769676990807,0.0006636514444835484,0.0,-3.0,success
2216,0.2418580949306488,-3.0262067317962646,-0.00024502997985109687,0.03234001621603966,0.03233962878584862,1.0,-3.0,success
2217,0.24189573526382446,-3.025151491165161,-0.00024528117501176894,0.032997239381074905,0.032997239381074905,1.0,3.0,success
2218,0.24189652502536774,-3.025130271911621,-0.0002506304008420557,0.0006842926959507167,0.0006635607569478452,0.0,-3.0,success
2219,0.24193456768989563,-3.0240962505340576,-0.00024548120563849807,0.03233542665839195,0.03233502805233002,1.0,-3.0,success
2220,0.24197521805763245,-3.023041009902954,-0.00024563766783103347,0.033000726252794266,0.033000726252794266,1.0,0.0,success
2221,0.24201545119285583,-3.0219857692718506,-0.0002460491959936917,0.03300023078918457,0.03300022706389427,1.0,3.0,success
2222,0.24205389618873596,-3.020930290222168,-0.00024637667229399085,0.033005595207214355,0.03300559148192406,1.0,-3.0,success
2223,0.2420547902584076,-3.020909309387207,-0.00025152970920316875,0.0006757147493772209,0.0006562460912391543,0.0,-3.0,success
2224,0.24209699034690857,-3.0198752880096436,-0.00024621313787065446,0.03234049305319786,0.03234006091952324,1.0,3.0,success
2225,0.2421368807554245,-3.01882004737854,-0.00024621744523756206,0.03299982100725174,0.03299982100725174,1.0,3.0,success
2226,0.2421746551990509,-3.0177645683288574,-0.0002465018187649548,0.03300483897328377,0.03300483524799347,1.0,0.0,success
2227,0.2422124743461609,-3.016709327697754,-0.0002467487065587193,0.03299744054675102,0.03299744054675102,1.0,0.0,success
2228,0.242249995470047,-3.0156538486480713,-0.0002469524333719164,0.033004552125930786,0.033004552125930786,1.0,3.0,success
2229,0.2422850877046585,-3.0145986080169678,-0.00024710988509468734,0.03299449756741524,0.03299449756741524,1.0,3.0,success
2230,0.2423177808523178,-3.013543128967285,-0.0002472356427460909,0.032999537885189056,0.032999537885189056,1.0,3.0,success
2231,0.24231715500354767,-3.013542652130127,-0.0002523090806789696,0.00016044016228988767,2.4587619918747805e-05,0.0,0.0,success
2232,0.24231629073619843,-3.013542652130127,-0.00025162272504530847,3.4489043173380196e-05,2.7008352844859473e-05,0.0,3.0,success
2233,0.24231556057929993,-3.013542890548706,-0.0002508563338778913,3.390773053979501e-05,2.4003020371310413e-05,0.0,3.0,success
2234,0.24234241247177124,-3.0125083923339844,-0.0002453370834700763,0.03233941271901131,0.032338954508304596,1.0,-3.0,success
2235,0.24237129092216492,-3.0114526748657227,-0.0002455117937643081,0.03300350904464722,0.03300350904464722,1.0,3.0,success
2236,0.2423984557390213,-3.01039719581604,-0.0002459322568029165,0.03299464285373688,0.03299463912844658,1.0,-3.0,success
2237,0.24239884316921234,-3.0103759765625,-0.0002511736238375306,0.0006831386708654463,0.0006632121512666345,0.0,-3.0,success
2238,0.24239851534366608,-3.0103759765625,-0.00025081183412112296,1.525695734017063e-05,1.0244547411275562e-05,0.0,3.0,success
2239,0.24242767691612244,-3.0093414783477783,-0.000245327886659652,0.0323413647711277,0.03234091028571129,1.0,3.0,success
2240,0.24245485663414001,-3.0082859992980957,-0.0002454842033330351,0.032994650304317474,0.032994650304317474,1.0,-3.0,success
2241,0.24248450994491577,-3.007230281829834,-0.0002459192764945328,0.03300418332219124,0.03300418332219124,1.0,-3.0,success
2242,0.2424842268228531,-3.007209062576294,-0.00025117522454820573,0.0006831980426795781,0.000663160637486726,0.0,3.0,success
2243,0.242513969540596,-3.0061748027801514,-0.0002459077804815024,0.03233439847826958,0.03233398124575615,1.0,-3.0,success
2244,0.24251385033130646,-3.0061535835266113,-0.00025086646201089025,0.0006809771293774247,0.0006631120922975242,0.0,3.0,success
2245,0.24254272878170013,-3.0051193237304688,-0.0002456566144246608,0.0323336236178875,0.032333213835954666,1.0,3.0,success
2246,0.24254277348518372,-3.0051188468933105,-0.0002507449535187334,0.0001597133814357221,1.4966500202717725e-05,0.0,0.0,success
2247,0.24256974458694458,-3.004084348678589,-0.00024546176427975297,0.03233947232365608,0.032339055091142654,1.0,-3.0,success
2248,0.24259936809539795,-3.0030288696289062,-0.00024561211466789246,0.032996706664562225,0.032996706664562225,1.0,-3.0,success
2249,0.2425992786884308,-3.003007650375366,-0.00025091550196520984,0.0006835043895989656,0.000663107552099973,0.0,3.0,success
2250,0.2425999790430069,-3.003007650375366,-0.00025058400933630764,2.4213886717916466e-05,2.188607868447434e-05,0.0,-3.0,success
2251,0.24259988963603973,-3.003007650375366,-0.00025003895279951394,1.726064510876313e-05,2.79396749647276e-06,0.0,3.0,success
2252,0.24262891709804535,-3.0019524097442627,-0.00024459222913719714,0.032989177852869034,0.032988741993904114,1.0,0.0,success
2253,0.24262863397598267,-3.0019311904907227,-0.00024988711811602116,0.0006834916421212256,0.000663160637486726,0.0,3.0,success
2254,0.24265550076961517,-3.000896692276001,-0.00024486565962433815,0.03233934938907623,0.03233896568417549,1.0,-3.0,success
2255,0.24265630543231964,-3.000875473022461,-0.00025002146139740944,0.0006828582263551652,0.0006635782774537802,0.0,-3.0,success
2256,0.2426569014787674,-3.000875473022461,-0.0002498655521776527,1.9253118807682768e-05,1.862645149230957e-05,0.0,-3.0,success
2257,0.24269092082977295,-2.9998412132263184,-0.000244568771449849,0.032338518649339676,0.03233809769153595,1.0,-3.0,success
2258,0.24272774159908295,-2.998785972595215,-0.00024488844792358577,0.03299633786082268,0.03299633413553238,1.0,-3.0,success
2259,0.2427283227443695,-2.9987854957580566,-0.0002504275762476027,0.00017468455189373344,2.3491676984122023e-05,0.0,0.0,success
2260,0.24276766180992126,-2.997751474380493,-0.0002452224725857377,0.03233695030212402,0.03233654052019119,1.0,-3.0,success
2261,0.24276891350746155,-2.9977304935455322,-0.00025030365213751793,0.0006757377996109426,0.0006568168173544109,0.0,-3.0,success
2262,0.24276971817016602,-2.9977304935455322,-0.00025009128148667514,2.600674815766979e-05,2.5145707695628516e-05,0.0,-3.0,success
2263,0.2427697479724884,-2.9977304935455322,-0.00024964456679299474,1.3990865227242466e-05,9.313225177720597e-07,0.0,3.0,success
2264,0.2427697479724884,-2.9977304935455322,-0.00024926327751018107,1.1915289178432431e-05,0.0,0.0,3.0,success
2265,0.24281033873558044,-2.9966964721679688,-0.00024407272576354444,0.0323384627699852,0.03233805298805237,1.0,3.0,success
2266,0.2428102344274521,-2.9966752529144287,-0.00024937305715866387,0.0006834833766333759,0.0006631096475757658,0.0,3.0,success
2267,0.24284690618515015,-2.995640993118286,-0.0002444497949909419,0.03234129026532173,0.03234092891216278,1.0,-3.0,success
2268,0.2428852915763855,-2.9945857524871826,-0.0002448169107083231,0.03299808129668236,0.03299807757139206,1.0,3.0,success
2269,0.24292120337486267,-2.9935302734375,-0.0002453873457852751,0.033002812415361404,0.03300280496478081,1.0,3.0,success
2270,0.24295537173748016,-2.9924747943878174,-0.0002458470407873392,0.03300099819898605,0.033000994473695755,1.0,-3.0,success
2271,0.24299129843711853,-2.991419553756714,-0.0002462353149894625,0.032995376735925674,0.032995373010635376,1.0,3.0,success
2272,0.2429908812046051,-2.991398334503174,-0.0002514188818167895,0.0006827249308116734,0.0006632298463955522,0.0,3.0,success
2273,0.24302177131175995,-2.9903640747070312,-0.00024611325352452695,0.03233545646071434,0.032335031777620316,1.0,3.0,success
2274,0.2430504411458969,-2.9893083572387695,-0.0002461319381836802,0.03300333023071289,0.03300333023071289,1.0,0.0,success
2275,0.2430795133113861,-2.988252639770508,-0.00024643377400934696,0.03300367668271065,0.03300367668271065,1.0,-3.0,success
2276,0.24311040341854095,-2.987197160720825,-0.0002467040321789682,0.032997842878103256,0.032997842878103256,1.0,3.0,success
2277,0.24313922226428986,-2.9861414432525635,-0.0002469061000738293,0.03300345689058304,0.03300345689058304,1.0,0.0,success
2278,0.2431676983833313,-2.9850857257843018,-0.0002470781037118286,0.03300316631793976,0.03300316631793976,1.0,3.0,success
2279,0.24319376051425934,-2.984030246734619,-0.000247210351517424,0.03299377113580704,0.03299377113580704,1.0,3.0,success
2280,0.24321742355823517,-2.9829745292663574,-0.00024731599842198193,0.03299945592880249,0.03299945592880249,1.0,3.0,success
2281,0.24321717023849487,-2.9829533100128174,-0.00025227086734957993,0.0006809858605265617,0.0006631488795392215,0.0,-3.0,success
2282,0.24324099719524384,-2.9819188117980957,-0.0002468059246893972,0.032337088137865067,0.03233664110302925,1.0,3.0,success
2283,0.24326226115226746,-2.980862855911255,-0.0002466918667778373,0.033005308359861374,0.033005308359861374,1.0,3.0,success
2284,0.2432619035243988,-2.980841875076294,-0.00025175721384584904,0.0006745810387656093,0.0006557463202625513,0.0,-3.0,success
2285,0.24326127767562866,-2.980841636657715,-0.000251271907472983,2.584608046163339e-05,2.0928870071657002e-05,0.0,0.0,success
2286,0.24326112866401672,-2.980841875076294,-0.0002505749580450356,2.348508314753417e-05,8.786078979028389e-06,0.0,-3.0,success
2287,0.24326038360595703,-2.980841875076294,-0.0002500175905879587,2.9077113140374422e-05,2.328306254639756e-05,0.0,3.0,success
2288,0.2432829737663269,-2.9798073768615723,-0.0002446659782435745,0.03233620524406433,0.03233577311038971,1.0,-3.0,success
2289,0.24330760538578033,-2.9787516593933105,-0.00024497509002685547,0.0330001525580883,0.033000148832798004,1.0,3.0,success
2290,0.24333015084266663,-2.9776957035064697,-0.0002455080102663487,0.03300614282488823,0.03300613909959793,1.0,0.0,success
2291,0.24335236847400665,-2.976639986038208,-0.0002459592651575804,0.032998476177453995,0.032998476177453995,1.0,3.0,success
2292,0.2433728575706482,-2.975584030151367,-0.0002463052805978805,0.03300483524799347,0.03300483152270317,1.0,-3.0,success
2293,0.24337239563465118,-2.9755630493164062,-0.0002514841908123344,0.0006754844216629863,0.0006558099412359297,0.0,3.0,success
2294,0.243392214179039,-2.9745283126831055,-0.0002461659605614841,0.03234187886118889,0.03234144672751427,1.0,3.0,success
2295,0.2433919459581375,-2.9745280742645264,-0.0002511529019102454,0.00015624490333721042,1.1214608093723655e-05,0.0,0.0,success
2296,0.2434094399213791,-2.9734723567962646,-0.0002456966903991997,0.03299614042043686,0.03299569711089134,1.0,0.0,success
2297,0.2434273511171341,-2.972416639328003,-0.0002458878152538091,0.03299591690301895,0.03299591690301895,1.0,-3.0,success
2298,0.24344775080680847,-2.971360683441162,-0.0002462469565216452,0.03300477936863899,0.033004775643348694,1.0,-3.0,success
2299,0.24347060918807983,-2.9703049659729004,-0.00024654477601870894,0.03299890458583832,0.03299890086054802,1.0,-3.0,success
2300,0.243495911359787,-2.9692492485046387,-0.0002467836602590978,0.0330006442964077,0.0330006442964077,1.0,-3.0,success
2301,0.2434968650341034,-2.9692282676696777,-0.00025185575941577554,0.000675196060910821,0.0006563279894180596,0.0,-3.0,success
2302,0.24349763989448547,-2.9692282676696777,-0.00025134749012067914,2.895892430387903e-05,2.4214385121013038e-05,0.0,-3.0,success
2303,0.2435290664434433,-2.968194007873535,-0.00024576621945016086,0.032336004078388214,0.03233553096652031,1.0,3.0,success
2304,0.24355782568454742,-2.9671382904052734,-0.0002458450908306986,0.03300340846180916,0.03300340846180916,1.0,3.0,success
2305,0.24358408153057098,-2.9660825729370117,-0.0002462084230501205,0.0330013744533062,0.0330013707280159,1.0,3.0,success
2306,0.24360859394073486,-2.96502685546875,-0.00024650353589095175,0.03300006315112114,0.03300005942583084,1.0,-3.0,success
2307,0.24360887706279755,-2.96500563621521,-0.0002516309032216668,0.0006822432042099535,0.000663160637486726,0.0,-3.0,success
2308,0.2436375766992569,-2.9639713764190674,-0.00024629419203847647,0.03233348950743675,0.03233305737376213,1.0,3.0,success
2309,0.2436637282371521,-2.9629156589508057,-0.0002462824049871415,0.033001288771629333,0.033001288771629333,1.0,3.0,success
2310,0.2436874508857727,-2.961859941482544,-0.0002465591242071241,0.03299950063228607,0.03299949690699577,1.0,3.0,success
2311,0.2437087744474411,-2.960803985595703,-0.0002467944868840277,0.03300534561276436,0.03300534561276436,1.0,3.0,success
2312,0.24370773136615753,-2.960782766342163,-0.0002518655965104699,0.0006825538584962487,0.0006639023195020854,0.0,3.0,success
2313,0.2437068670988083,-2.960782766342163,-0.00025135441683232784,3.13788368657697e-05,2.7008352844859473e-05,0.0,3.0,success
2314,0.2437061071395874,-2.960782766342163,-0.000250645651249215,3.247424683650024e-05,2.37487238337053e-05,0.0,3.0,success
2315,0.24371834099292755,-2.9597480297088623,-0.0002451800392009318,0.032338228076696396,0.03233777731657028,1.0,3.0,success
2316,0.24371744692325592,-2.9597268104553223,-0.0002502583956811577,0.0006823998992331326,0.0006636899779550731,0.0,3.0,success
2317,0.24371737241744995,-2.9597268104553223,-0.0002500430855434388,7.119897418306209e-06,2.3283064365386963e-06,0.0,-3.0,success
2318,0.24372683465480804,-2.9586920738220215,-0.0002447216829750687,0.03233729675412178,0.032336872071027756,1.0,3.0,success
2319,0.2437259554862976,-2.9586708545684814,-0.0002498932008165866,0.0006830639904364944,0.000663670536596328,0.0,3.0,success
2320,0.243730366230011,-2.9576361179351807,-0.00024487744667567313,0.03233619034290314,0.03233581408858299,1.0,3.0,success
2321,0.24373213946819305,-2.95658016204834,-0.0002451482287142426,0.032998666167259216,0.032998666167259216,1.0,3.0,success
2322,0.2437315434217453,-2.95552396774292,-0.00024565227795392275,0.033006079494953156,0.03300607576966286,1.0,3.0,success
2323,0.24373041093349457,-2.95550274848938,-0.0002509518526494503,0.0006843854789622128,0.0006640453357249498,0.0,3.0,success
2324,0.24372585117816925,-2.954468011856079,-0.0002457285299897194,0.032336246222257614,0.032335832715034485,1.0,-3.0,success
2325,0.24372339248657227,-2.9534120559692383,-0.0002458404051139951,0.0329987071454525,0.0329987071454525,1.0,3.0,success
2326,0.24372336268424988,-2.9533908367156982,-0.00025107720284722745,0.0006829978083260357,0.0006631023134104908,0.0,-3.0,success
2327,0.24372181296348572,-2.9523561000823975,-0.0002458383678458631,0.03233597055077553,0.0323355533182621,1.0,-3.0,success
2328,0.2437230348587036,-2.9513001441955566,-0.0002459180250298232,0.03299864009022713,0.03299864009022713,1.0,-3.0,success
2329,0.24372605979442596,-2.950244188308716,-0.0002462777483742684,0.03299875929951668,0.03299875557422638,1.0,3.0,success
2330,0.24372729659080505,-2.949187994003296,-0.00024655964807607234,0.03300609067082405,0.03300609067082405,1.0,-3.0,success
2331,0.24372783303260803,-2.949166774749756,-0.0002516759268473834,0.0006823104340583086,0.0006633134908042848,0.0,-3.0,success
2332,0.24372828006744385,-2.949166774749756,-0.00025120339705608785,2.032750671787653e-05,1.3969837709737476e-05,0.0,-3.0,success
2333,0.24373671412467957,-2.948132038116455,-0.00024563990882597864,0.03233706206083298,0.03233659267425537,1.0,-3.0,success
2334,0.24374784529209137,-2.9470760822296143,-0.000245744944550097,0.03300045430660248,0.03300045430660248,1.0,-3.0,success
2335,0.2437487095594406,-2.9470551013946533,-0.00025100988568738103,0.0006765187717974186,0.0006562070921063423,0.0,-3.0,success
2336,0.24376468360424042,-2.9460203647613525,-0.00024578560260124505,0.03233978524804115,0.032339371740818024,1.0,-3.0,success
2337,0.24378260970115662,-2.9449644088745117,-0.0002458860690239817,0.03300337493419647,0.03300337493419647,1.0,3.0,success
2338,0.24379868805408478,-2.943908452987671,-0.00024623260833323,0.033002447336912155,0.03300244361162186,1.0,-3.0,success
2339,0.24379907548427582,-2.943908214569092,-0.00025151626323349774,0.0001657250541029498,1.4216021554602776e-05,0.0,0.0,success
2340,0.2438175082206726,-2.94287371635437,-0.0002460943360347301,0.03233364224433899,0.03233319893479347,1.0,-3.0,success
2341,0.2438378781080246,-2.9418177604675293,-0.0002461287076584995,0.0330047570168972,0.0330047570168972,1.0,3.0,success
2342,0.24385641515254974,-2.9407620429992676,-0.00024642638163641095,0.03299625590443611,0.03299625590443611,1.0,-3.0,success
2343,0.243876650929451,-2.9397060871124268,-0.0002466977166477591,0.03300468251109123,0.033004678785800934,1.0,3.0,success
2344,0.24389506876468658,-2.938650369644165,-0.00024689623387530446,0.03299618884921074,0.03299618884921074,1.0,-3.0,success
2345,0.24389496445655823,-2.938629150390625,-0.00025195651687681675,0.0006817042594775558,0.0006631096475757658,0.0,3.0,success
2346,0.24389487504959106,-2.938629150390625,-0.0002514268271625042,1.678694570728112e-05,2.79396749647276e-06,0.0,3.0,success
2347,0.24391016364097595,-2.9375946521759033,-0.00024581936304457486,0.03233207389712334,0.032331597059965134,1.0,3.0,success
2348,0.2439233958721161,-2.9365386962890625,-0.00024587722145952284,0.033001210540533066,0.033001210540533066,1.0,-3.0,success
2349,0.24392388761043549,-2.9365174770355225,-0.0002511148923076689,0.0006831765058450401,0.0006632796721532941,0.0,-3.0,success
2350,0.24394209682941437,-2.9354827404022217,-0.0002458693052176386,0.032340943813323975,0.03234052285552025,1.0,-3.0,success
2351,0.24396300315856934,-2.93442702293396,-0.0002459431125316769,0.03299763798713684,0.03299763798713684,1.0,-3.0,success
2352,0.2439863234758377,-2.9333713054656982,-0.0002462878474034369,0.03299922123551369,0.03299921751022339,1.0,-3.0,success
2353,0.24401132762432098,-2.9323155879974365,-0.0002465872385073453,0.03300042077898979,0.03300042077898979,1.0,3.0,success
2354,0.24403446912765503,-2.9312596321105957,-0.0002468080201651901,0.03300654515624046,0.03300654515624046,1.0,-3.0,success
2355,0.2440599948167801,-2.930203914642334,-0.000246993760811165,0.03300080820918083,0.03300080820918083,1.0,-3.0,success
2356,0.24408721923828125,-2.9291484355926514,-0.000247152493102476,0.03299469128251076,0.03299468755722046,1.0,3.0,success
2357,0.24411188066005707,-2.9280927181243896,-0.0002472696069162339,0.033000171184539795,0.033000171184539795,1.0,3.0,success
2358,0.24413400888442993,-2.927037000656128,-0.00024736300110816956,0.03299841657280922,0.03299841657280922,1.0,3.0,success
2359,0.24415366351604462,-2.925981044769287,-0.0002474378561601043,0.033004336059093475,0.033004336059093475,1.0,3.0,success
2360,0.24415288865566254,-2.925959825515747,-0.0002523798029869795,0.0006812786450609565,0.0006635435856878757,0.0,3.0,success
2361,0.24415288865566254,-2.925959825515747,-0.00025175517657771707,1.9519573470461182e-05,0.0,0.0,-3.0,success
2362,0.24417069554328918,-2.9249253273010254,-0.0002460805990267545,0.03233334422111511,0.032332856208086014,1.0,-3.0,success
2363,0.24419130384922028,-2.9238696098327637,-0.0002460970135871321,0.032997455447912216,0.032997455447912216,1.0,-3.0,success
2364,0.24419189989566803,-2.9238483905792236,-0.00025129117420874536,0.0006829331978224218,0.0006633632001467049,0.0,-3.0,success
2365,0.2441917359828949,-2.9238483905792236,-0.0002509051118977368,1.3106813639751635e-05,5.122273705637781e-06,0.0,3.0,success
2366,0.24421426653862,-2.922813892364502,-0.00024540239246562123,0.03233619034290314,0.032335732132196426,1.0,3.0,success
2367,0.24423405528068542,-2.921757936477661,-0.00024555379059165716,0.03300441429018974,0.033004410564899445,1.0,3.0,success
2368,0.24423375725746155,-2.921757698059082,-0.0002509491750970483,0.0001690270728431642,1.1926747902180068e-05,0.0,0.0,success
2369,0.2442331612110138,-2.921757698059082,-0.0002505341835785657,2.2696392989018932e-05,1.862645149230957e-05,0.0,3.0,success
2370,0.244232639670372,-2.921757698059082,-0.0002499855763744563,2.3654711185372435e-05,1.6298145055770874e-05,0.0,3.0,success
2371,0.2442321628332138,-2.921757698059082,-0.00024953577667474747,2.0484689230215736e-05,1.4901160284352954e-05,0.0,3.0,success
2372,0.2442323863506317,-2.921757698059082,-0.00024916543043218553,1.3517797015083488e-05,6.984918854868738e-06,0.0,-3.0,success
2373,0.24424532055854797,-2.9207229614257812,-0.00024400469555985183,0.032338447868824005,0.03233804553747177,1.0,3.0,success
2374,0.24425560235977173,-2.9196670055389404,-0.00024443588335998356,0.03300018608570099,0.03300018608570099,1.0,3.0,success
2375,0.24425551295280457,-2.9196457862854004,-0.0002499531547073275,0.0006851557409390807,0.000663107552099973,0.0,-3.0,success
2376,0.24426668882369995,-2.9186110496520996,-0.0002449390012770891,0.03233778476715088,0.032337404787540436,1.0,-3.0,success
2377,0.24427995085716248,-2.917555093765259,-0.0002452092885505408,0.03300122544169426,0.03300122171640396,1.0,3.0,success
2378,0.24427969753742218,-2.9175548553466797,-0.0002506751043256372,0.00017115232185460627,1.0870971891563386e-05,0.0,0.0,success
2379,0.24427980184555054,-2.9175548553466797,-0.000250304612563923,1.2027975571982097e-05,3.2596287837804994e-06,0.0,-3.0,success
2380,0.2442937046289444,-2.916520118713379,-0.0002449161547701806,0.03233887627720833,0.03233843669295311,1.0,-3.0,success
2381,0.24431036412715912,-2.915464401245117,-0.0002451656910125166,0.032995276153087616,0.032995276153087616,1.0,-3.0,success
2382,0.24432948231697083,-2.9144084453582764,-0.000245665229158476,0.033004030585289,0.0330040268599987,1.0,-3.0,success
2383,0.24435031414031982,-2.9133527278900146,-0.000246089359279722,0.03299759328365326,0.03299758955836296,1.0,3.0,success
2384,0.244350865483284,-2.9133315086364746,-0.00025129105779342353,0.000682952580973506,0.0006633254233747721,0.0,-3.0,success
2385,0.24437232315540314,-2.912297010421753,-0.00024601066252216697,0.032335441559553146,0.03233502060174942,1.0,-3.0,success
2386,0.24437227845191956,-2.912275791168213,-0.000250949029577896,0.000680824217852205,0.0006631031283177435,0.0,3.0,success
2387,0.24437224864959717,-2.912275791168213,-0.0002506063610780984,1.0748813110694755e-05,9.313225177720597e-07,0.0,3.0,success
2388,0.24439159035682678,-2.911241292953491,-0.0002451515174470842,0.032334163784980774,0.03233371675014496,1.0,-3.0,success
2389,0.2444135844707489,-2.9101853370666504,-0.0002453539927955717,0.03300577402114868,0.03300577402114868,1.0,-3.0,success
2390,0.24443762004375458,-2.9091296195983887,-0.0002458207600284368,0.03299972042441368,0.03299972042441368,1.0,0.0,success
2391,0.24446120858192444,-2.908073902130127,-0.000246209412580356,0.03299940750002861,0.03299940377473831,1.0,3.0,success
2392,0.24446137249469757,-2.9080734252929688,-0.00025148887652903795,0.0001657339744269848,1.5756975699332543e-05,0.0,0.0,success
2393,0.244483083486557,-2.907038927078247,-0.00024607189698144794,0.03233562782406807,0.03233518451452255,1.0,-3.0,success
2394,0.24450749158859253,-2.9059832096099854,-0.000246100767981261,0.03299998492002487,0.03299998492002487,1.0,-3.0,success
2395,0.24453359842300415,-2.9049277305603027,-0.00024642350035719573,0.03299380838871002,0.03299380838871002,1.0,3.0,success
2396,0.24455717206001282,-2.903872013092041,-0.00024668590049259365,0.032999396324157715,0.032999392598867416,1.0,3.0,success
2397,0.244556725025177,-2.903850793838501,-0.0002517784887459129,0.0006820744602009654,0.000663248763885349,0.0,3.0,success
2398,0.2445756494998932,-2.9027950763702393,-0.00024629838299006224,0.03299691528081894,0.032996468245983124,1.0,0.0,success
2399,0.24457596242427826,-2.902773857116699,-0.00025125499814748764,0.0006810224731452763,0.0006631737342104316,0.0,-3.0,success
2400,0.24457554519176483,-2.902773857116699,-0.0002508662873879075,1.7820146240410395e-05,1.3038515135121997e-05,0.0,3.0,success
2401,0.24459512531757355,-2.9017393589019775,-0.00024536013370379806,0.03233431279659271,0.032333854585886,1.0,-3.0,success
2402,0.2446170449256897,-2.9006834030151367,-0.00024552561808377504,0.0330057293176651,0.0330057293176651,1.0,0.0,success
2403,0.2446393072605133,-2.899627685546875,-0.00024594893329776824,0.03299850597977638,0.032998502254486084,1.0,-3.0,success
2404,0.24466398358345032,-2.8985719680786133,-0.00024630612460896373,0.03300018236041069,0.03300018236041069,1.0,-3.0,success
2405,0.24466407299041748,-2.8985509872436523,-0.0002514850930310786,0.0006753363413736224,0.00065565702971071,0.0,3.0,success
2406,0.24468785524368286,-2.8975164890289307,-0.00024616619339212775,0.03233703598380089,0.03233661130070686,1.0,3.0,success
2407,0.2447095513343811,-2.89646053314209,-0.00024616942391730845,0.03300558403134346,0.03300558403134346,1.0,-3.0,success
2408,0.24470944702625275,-2.896439552307129,-0.00025136079057119787,0.0006754313944838941,0.0006556591833941638,0.0,3.0,success
2409,0.24473029375076294,-2.895404815673828,-0.00024606616352684796,0.03234250470995903,0.032342080026865005,1.0,3.0,success
2410,0.24474836885929108,-2.8943490982055664,-0.0002460992254782468,0.032996002584695816,0.032996002584695816,1.0,3.0,success
2411,0.24476468563079834,-2.8932931423187256,-0.0002464022836647928,0.03300255909562111,0.03300255909562111,1.0,-3.0,success
2412,0.2447642982006073,-2.8932719230651855,-0.0002515609667170793,0.0006825237069278955,0.0006632121512666345,0.0,3.0,success
2413,0.24477989971637726,-2.8922371864318848,-0.0002462273114360869,0.03233962133526802,0.0323391929268837,1.0,3.0,success
2414,0.24479278922080994,-2.891181230545044,-0.0002462283009663224,0.03300107643008232,0.03300107643008232,1.0,3.0,success
2415,0.2447923868894577,-2.891180992126465,-0.0002514891093596816,0.00016504856466781348,1.4614643987442832e-05,0.0,0.0,success
2416,0.24479171633720398,-2.891180992126465,-0.00025096608442254364,2.6575276933726855e-05,2.0954756109858863e-05,0.0,3.0,success
2417,0.24479113519191742,-2.891180992126465,-0.00025033106794580817,2.6899982913164422e-05,1.816079020500183e-05,0.0,3.0,success
2418,0.2447972297668457,-2.890146255493164,-0.0002449280582368374,0.0323365218937397,0.03233607858419418,1.0,3.0,success
2419,0.24479645490646362,-2.890125036239624,-0.0002500568807590753,0.0006826261524111032,0.0006635435856878757,0.0,3.0,success
2420,0.2447957992553711,-2.890125036239624,-0.0002498922112863511,2.1125424609635957e-05,2.0489094822551124e-05,0.0,3.0,success
2421,0.24479533731937408,-2.8890902996063232,-0.0002445798891130835,0.03233594819903374,0.03233552351593971,1.0,-3.0,success
2422,0.24479572474956512,-2.889069080352783,-0.0002497785026207566,0.0006828195182606578,0.0006632121512666345,0.0,-3.0,success
2423,0.24479976296424866,-2.8880343437194824,-0.0002447967999614775,0.03233614191412926,0.032335761934518814,1.0,3.0,success
2424,0.2447991818189621,-2.8880131244659424,-0.0002499670663382858,0.0006827435572631657,0.0006633502780459821,0.0,3.0,success
2425,0.24479880928993225,-2.8869783878326416,-0.00024492605007253587,0.032335903495550156,0.032335519790649414,1.0,-3.0,success
2426,0.24480046331882477,-2.885922431945801,-0.0002451977343298495,0.03299865871667862,0.03299865871667862,1.0,3.0,success
2427,0.24479998648166656,-2.884866237640381,-0.00024568685330450535,0.033006079494953156,0.03300607576966286,1.0,0.0,success
2428,0.2447991818189621,-2.88381028175354,-0.0002461023104842752,0.03299863263964653,0.03299863263964653,1.0,3.0,success
2429,0.24479925632476807,-2.8837890625,-0.0002513009821996093,0.0006827166071161628,0.0006631057476624846,0.0,-3.0,success
2430,0.24479888379573822,-2.8827333450317383,-0.0002459270181134343,0.032991599291563034,0.03299117088317871,1.0,0.0,success
2431,0.24479858577251434,-2.8816771507263184,-0.00024608217063359916,0.03300607204437256,0.03300607204437256,1.0,0.0,success
2432,0.2447984218597412,-2.8816769123077393,-0.00025138218188658357,0.00016587194113526493,9.041506928042509e-06,0.0,0.0,success
2433,0.24479781091213226,-2.8806421756744385,-0.00024599736207164824,0.03233596310019493,0.03233552351593971,1.0,3.0,success
2434,0.24479487538337708,-2.8795859813690186,-0.0002460353134665638,0.033006198704242706,0.033006198704242706,1.0,0.0,success
2435,0.24479234218597412,-2.8785300254821777,-0.00024635629961267114,0.032998714596033096,0.032998714596033096,1.0,-3.0,success
2436,0.24479196965694427,-2.877474069595337,-0.00024663665681146085,0.03299862518906593,0.032998621463775635,1.0,0.0,success
2437,0.24479128420352936,-2.876418113708496,-0.0002468629099894315,0.03299862891435623,0.03299862891435623,1.0,3.0,success
2438,0.24478812515735626,-2.8753621578216553,-0.00024703817325644195,0.032998766750097275,0.032998766750097275,1.0,3.0,success
2439,0.24478811025619507,-2.8753409385681152,-0.00025204880512319505,0.0006813383661210537,0.0006631017895415425,0.0,-3.0,success
2440,0.2447877675294876,-2.8753409385681152,-0.0002515059895813465,2.006119211728219e-05,1.0710208698583301e-05,0.0,0.0,success
2441,0.2447851449251175,-2.8742852210998535,-0.00024578627198934555,0.03299175575375557,0.03299127146601677,1.0,0.0,success
2442,0.24478456377983093,-2.8742640018463135,-0.0002508426841814071,0.0006819103145971894,0.0006633502780459821,0.0,3.0,success
2443,0.24477916955947876,-2.8732292652130127,-0.0002456412767060101,0.032336365431547165,0.03233595937490463,1.0,3.0,success
2444,0.2447710931301117,-2.872173309326172,-0.0002457591181155294,0.03299958258867264,0.03299958258867264,1.0,3.0,success
2445,0.24476128816604614,-2.871117353439331,-0.0002461301046423614,0.03300004079937935,0.03300004079937935,1.0,-3.0,success
2446,0.24475404620170593,-2.8700613975524902,-0.0002464503049850464,0.032999396324157715,0.032999396324157715,1.0,-3.0,success
2447,0.24474933743476868,-2.8690054416656494,-0.0002467077283654362,0.0329989455640316,0.0329989455640316,1.0,-3.0,success
2448,0.24474996328353882,-2.8689842224121094,-0.0002517947868909687,0.0006821715505793691,0.000663390033878386,0.0,-3.0,success
2449,0.24474944174289703,-2.8679494857788086,-0.0002464254212100059,0.03233595937490463,0.03233552351593971,1.0,3.0,success
2450,0.2447497695684433,-2.8679282665252686,-0.0002512585779186338,0.0006801622221246362,0.0006631807773374021,0.0,-3.0,success
2451,0.24474972486495972,-2.8668935298919678,-0.00024596982984803617,0.03233594074845314,0.032335519790649414,1.0,-3.0,success
2452,0.2447524219751358,-2.865837574005127,-0.00024602259509265423,0.03299872577190399,0.03299872577190399,1.0,-3.0,success
2453,0.2447531670331955,-2.865816354751587,-0.00025123244267888367,0.000683192687574774,0.0006635102909058332,0.0,-3.0,success
2454,0.24476076662540436,-2.864781618118286,-0.0002459636307321489,0.03233680874109268,0.032336391508579254,1.0,-3.0,success
2455,0.24477103352546692,-2.8637256622314453,-0.00024601866607554257,0.03300017863512039,0.03300017863512039,1.0,-3.0,success
2456,0.24478334188461304,-2.8626694679260254,-0.00024635306908749044,0.03300831466913223,0.033008310943841934,1.0,0.0,success
2457,0.24478420615196228,-2.8626484870910645,-0.0002515066007617861,0.0006756805232726038,0.0006562070921063423,0.0,-3.0,success
2458,0.24479840695858002,-2.8616137504577637,-0.00024619451141916215,0.03233898803591728,0.03233856335282326,1.0,3.0,success
2459,0.2448105365037918,-2.860557794570923,-0.0002461926487740129,0.033000797033309937,0.033000797033309937,1.0,-3.0,success
2460,0.2448108047246933,-2.8605573177337646,-0.00025147030828520656,0.00016581063391640782,1.7096808733185753e-05,0.0,0.0,success
2461,0.2448110282421112,-2.8605573177337646,-0.0002509460609871894,1.7809628843679093e-05,6.984918854868738e-06,0.0,0.0,success
2462,0.244811549782753,-2.8605575561523438,-0.0002503104624338448,2.6751780751510523e-05,1.792039802239742e-05,0.0,-3.0,success
2463,0.2448282688856125,-2.859522819519043,-0.0002449103049002588,0.03234018012881279,0.03233973681926727,1.0,-3.0,success
2464,0.24484768509864807,-2.8584671020507812,-0.0002451606560498476,0.03299675136804581,0.03299675136804581,1.0,-3.0,success
2465,0.2448485642671585,-2.858445882797241,-0.0002505427983123809,0.000684651080518961,0.000663670536596328,0.0,-3.0,success
2466,0.2448728233575821,-2.8574113845825195,-0.00024541185121051967,0.03233735263347626,0.03233695402741432,1.0,-3.0,success
2467,0.24487338960170746,-2.8574109077453613,-0.0002505613665562123,0.00016257664537988603,2.313357254024595e-05,0.0,0.0,success
2468,0.2448735237121582,-2.8574111461639404,-0.00025021011242643,1.3912690519646276e-05,8.548404366592877e-06,0.0,3.0,success
2469,0.2448972463607788,-2.8563766479492188,-0.0002448410668876022,0.0323370024561882,0.03233656659722328,1.0,3.0,success
2470,0.24491891264915466,-2.855320692062378,-0.0002450947358738631,0.03300556540489197,0.03300556540489197,1.0,-3.0,success
2471,0.24494227766990662,-2.854264974594116,-0.0002456180809531361,0.03299925476312637,0.032999251037836075,1.0,3.0,success
2472,0.2449638843536377,-2.8532092571258545,-0.00024603205383755267,0.03299808129668236,0.03299807757139206,1.0,-3.0,success
2473,0.24498720467090607,-2.8521535396575928,-0.00024638319155201316,0.03299922123551369,0.03299921751022339,1.0,3.0,success
2474,0.24500839412212372,-2.851097583770752,-0.00024664952070452273,0.03300526365637779,0.03300526365637779,1.0,0.0,success
2475,0.24502994120121002,-2.8500418663024902,-0.0002468626480549574,0.032998040318489075,0.032998040318489075,1.0,-3.0,success
2476,0.24505360424518585,-2.8489861488342285,-0.00024704242241568863,0.03299945592880249,0.03299945592880249,1.0,0.0,success
2477,0.24507687985897064,-2.847930431365967,-0.0002471873303875327,0.032999187707901,0.032999187707901,1.0,3.0,success
2478,0.24509838223457336,-2.846874475479126,-0.00024728753487579525,0.03300546109676361,0.03300546109676361,1.0,-3.0,success
2479,0.24509814381599426,-2.846853494644165,-0.0002522693248465657,0.0006739216041751206,0.000655693409498781,0.0,3.0,success
2480,0.24509860575199127,-2.846853494644165,-0.00025166742852889,2.3710164896328934e-05,1.4435498997045215e-05,0.0,-3.0,success
2481,0.2451215237379074,-2.8458189964294434,-0.00024602189660072327,0.03233647719025612,0.03233599662780762,1.0,3.0,success
2482,0.24512137472629547,-2.845818519592285,-0.0002510235644876957,0.00015707984857726842,1.5611809430993162e-05,0.0,0.0,success
2483,0.24514234066009521,-2.8447840213775635,-0.0002456839429214597,0.03233513608574867,0.03233470767736435,1.0,-3.0,success
2484,0.24516570568084717,-2.8437283039093018,-0.0002457945956848562,0.032999251037836075,0.032999251037836075,1.0,0.0,success
2485,0.24518869817256927,-2.84267258644104,-0.0002461745170876384,0.03299899399280548,0.03299899026751518,1.0,3.0,success
2486,0.24520991742610931,-2.8416168689727783,-0.00024647681857459247,0.03299783542752266,0.03299783170223236,1.0,-3.0,success
2487,0.24521039426326752,-2.8415956497192383,-0.00025160962832160294,0.0006823885487392545,0.0006632690201513469,0.0,-3.0,success
2488,0.24521012604236603,-2.8415956497192383,-0.00025116061442531645,1.634455293242354e-05,8.381903171539307e-06,0.0,3.0,success
2489,0.24523408710956573,-2.8405611515045166,-0.00024559616576880217,0.03233720362186432,0.03233673796057701,1.0,-3.0,success
2490,0.24526000022888184,-2.839505434036255,-0.0002457196533214301,0.03300110995769501,0.03300110623240471,1.0,3.0,success
2491,0.24526043236255646,-2.839484214782715,-0.0002509800542611629,0.000683307705912739,0.0006632391596212983,0.0,-3.0,success
2492,0.245286226272583,-2.838449716567993,-0.00024577227304689586,0.032338522374629974,0.032338112592697144,1.0,3.0,success
2493,0.24528639018535614,-2.8384287357330322,-0.00025073648430407047,0.0006737732328474522,0.0006556710577569902,0.0,-3.0,success
2494,0.24531199038028717,-2.8373942375183105,-0.00024556348216719925,0.03233836591243744,0.032337963581085205,1.0,3.0,success
2495,0.24531199038028717,-2.8373730182647705,-0.0002505688462406397,0.0006813004147261381,0.0006631016149185598,0.0,-3.0,success
2496,0.24533745646476746,-2.836338520050049,-0.0002454293717164546,0.03233826160430908,0.03233785927295685,1.0,3.0,success
2497,0.2453603595495224,-2.835282564163208,-0.00024559019948355854,0.03300638124346733,0.03300638124346733,1.0,3.0,success
2498,0.24538159370422363,-2.8342268466949463,-0.0002459950337652117,0.032997846603393555,0.032997842878103256,1.0,-3.0,success
2499,0.2453809231519699,-2.8342056274414062,-0.00025123555678874254,0.0006833464140072465,0.0006634326418861747,0.0,3.0,success
2500,0.2453807294368744,-2.8342056274414062,-0.0002508454490453005,1.3611144822789356e-05,6.0535962802532595e-06,0.0,0.0,success
2501,0.24538087844848633,-2.8342056274414062,-0.00025023368652909994,1.9676530428114347e-05,4.656612873077393e-06,0.0,-3.0,success
2502,0.2453807294368744,-2.8342056274414062,-0.0002497390960343182,1.6142195818247274e-05,4.656612873077393e-06,0.0,0.0,success
2503,0.24540449678897858,-2.8331711292266846,-0.0002444485726300627,0.032337021082639694,0.03233660012483597,1.0,-3.0,success
2504,0.24543097615242004,-2.832115411758423,-0.00024479112471453846,0.03300154581665993,0.03300154581665993,1.0,-3.0,success
2505,0.24543170630931854,-2.832094192504883,-0.00025024739443324506,0.0006850529462099075,0.0006634941091760993,0.0,-3.0,success
2506,0.2454630434513092,-2.8310599327087402,-0.0002451752661727369,0.03233584016561508,0.03233544901013374,1.0,-3.0,success
2507,0.24546295404434204,-2.8310387134552,-0.00025028130039572716,0.0006820352864451706,0.000663107552099973,0.0,3.0,success
2508,0.24549362063407898,-2.8300044536590576,-0.00024518833379261196,0.03233521431684494,0.0323348194360733,1.0,3.0,success
2509,0.24552159011363983,-2.828948736190796,-0.00024539639707654715,0.03300274536013603,0.03300274536013603,1.0,3.0,success
2510,0.24552109837532043,-2.828927516937256,-0.0002507330209482461,0.0006839239504188299,0.0006632796721532941,0.0,3.0,success
2511,0.24552063643932343,-2.828927516937256,-0.0002504474832676351,1.6970694559859112e-05,1.4435498997045215e-05,0.0,3.0,success
2512,0.2455202043056488,-2.828927516937256,-0.00024992000544443727,2.1309024305082858e-05,1.3504176422429737e-05,0.0,3.0,success
2513,0.24553871154785156,-2.827893018722534,-0.00024459927226416767,0.03233366832137108,0.032333239912986755,1.0,3.0,success
2514,0.24555452167987823,-2.8268370628356934,-0.00024491091608069837,0.03300232067704201,0.03300232067704201,1.0,3.0,success
2515,0.24555443227291107,-2.8268158435821533,-0.00025033284327946603,0.0006844120798632503,0.000663107552099973,0.0,-3.0,success
2516,0.24557112157344818,-2.8257811069488525,-0.0002452427288517356,0.032340116798877716,0.03233972191810608,1.0,-3.0,success
2517,0.24557141959667206,-2.8257601261138916,-0.0002503234427422285,0.0006746655562892556,0.0006557172164320946,0.0,-3.0,success
2518,0.24559345841407776,-2.824725389480591,-0.0002452220069244504,0.032343246042728424,0.03234285116195679,1.0,-3.0,success
2519,0.24561750888824463,-2.823669672012329,-0.0002454348432365805,0.03299972787499428,0.03299972787499428,1.0,3.0,success
2520,0.24563910067081451,-2.8226139545440674,-0.00024588152882643044,0.03299807012081146,0.03299807012081146,1.0,3.0,success
2521,0.24565891921520233,-2.8215579986572266,-0.0002462422417011112,0.033004432916641235,0.03300442919135094,1.0,-3.0,success
2522,0.24568122625350952,-2.820502281188965,-0.0002465409052092582,0.03299853578209877,0.03299853205680847,1.0,-3.0,success
2523,0.24568182229995728,-2.820481061935425,-0.0002516614622436464,0.0006823901203460991,0.0006633632001467049,0.0,-3.0,success
2524,0.24570906162261963,-2.8194468021392822,-0.0002463074051775038,0.03233226016163826,0.03233182430267334,1.0,-3.0,success
2525,0.24573831260204315,-2.8183910846710205,-0.00024630356347188354,0.033003829419612885,0.033003829419612885,1.0,3.0,success
2526,0.2457657754421234,-2.817335367202759,-0.0002465664001647383,0.0330023318529129,0.0330023318529129,1.0,-3.0,success
2527,0.24579495191574097,-2.816279888153076,-0.00024680973729118705,0.03299631550908089,0.03299631550908089,1.0,3.0,success
2528,0.24582162499427795,-2.8152241706848145,-0.0002469956234563142,0.033001698553562164,0.033001698553562164,1.0,3.0,success
2529,0.2458210587501526,-2.8152029514312744,-0.00025202619144693017,0.0006817113608121872,0.0006633377051912248,0.0,3.0,success
2530,0.24584275484085083,-2.8141684532165527,-0.0002465991419740021,0.03233562037348747,0.032335177063941956,1.0,3.0,success
2531,0.2458624541759491,-2.813112497329712,-0.000246515468461439,0.033004362136125565,0.033004362136125565,1.0,-3.0,success
2532,0.2458619773387909,-2.813091278076172,-0.0002516375097911805,0.000682309502735734,0.0006632690201513469,0.0,3.0,success
2533,0.24586226046085358,-2.813091278076172,-0.00025116134202107787,1.731187330733519e-05,8.847564458847046e-06,0.0,-3.0,success
2534,0.2458835244178772,-2.81205677986145,-0.00024561703321523964,0.03233536332845688,0.03233489766716957,1.0,3.0,success
2535,0.24590212106704712,-2.8110010623931885,-0.00024572605616413057,0.0329962894320488,0.0329962894320488,1.0,3.0,success
2536,0.24591828882694244,-2.8099451065063477,-0.00024611345725134015,0.03300249204039574,0.03300248831510544,1.0,3.0,success
2537,0.24591809511184692,-2.8099238872528076,-0.00025130881113000214,0.0006827148026786745,0.0006631292635574937,0.0,-3.0,success
2538,0.2459344118833542,-2.808889150619507,-0.000246036215685308,0.03233995661139488,0.032339539378881454,1.0,3.0,success
2539,0.24594886600971222,-2.807833194732666,-0.0002460657269693911,0.03300171345472336,0.03300171345472336,1.0,-3.0,success
2540,0.24596518278121948,-2.8067774772644043,-0.00024639558978378773,0.032995112240314484,0.032995108515024185,1.0,3.0,success
2541,0.24597910046577454,-2.8057215213775635,-0.0002466640726197511,0.03300148621201515,0.03300148621201515,1.0,3.0,success
2542,0.24599063396453857,-2.8046655654907227,-0.0002468791790306568,0.03300058841705322,0.03300058841705322,1.0,3.0,success
2543,0.24599981307983398,-2.803609609603882,-0.0002470512699801475,0.03299986571073532,0.03299986571073532,1.0,3.0,success
2544,0.24600662291049957,-2.802553653717041,-0.0002471889602020383,0.03299930319190025,0.03299930319190025,1.0,3.0,success
2545,0.24600544571876526,-2.802532196044922,-0.0002521809656172991,0.0006894415128044784,0.0006715605850331485,0.0,3.0,success
2546,0.24600756168365479,-2.801497459411621,-0.0002467235899530351,0.0323360338807106,0.03233558312058449,1.0,3.0,success
2547,0.24600709974765778,-2.8004415035247803,-0.0002466255391482264,0.03299862518906593,0.03299862518906593,1.0,3.0,success
2548,0.24600589275360107,-2.8004202842712402,-0.00025171582819893956,0.0006829570047557354,0.0006641735089942813,0.0,3.0,success
2549,0.2460007220506668,-2.7993855476379395,-0.00024635071167722344,0.03233635425567627,0.03233592212200165,1.0,3.0,success
2550,0.245992973446846,-2.7983295917510986,-0.00024632731219753623,0.03299950808286667,0.03299950808286667,1.0,3.0,success
2551,0.24598360061645508,-2.797273635864258,-0.00024658438633196056,0.0329999178647995,0.0329999178647995,1.0,-3.0,success
2552,0.24598275125026703,-2.7972524166107178,-0.00025170654407702386,0.0006826638709753752,0.0006636327016167343,0.0,3.0,success
2553,0.2459728866815567,-2.796217679977417,-0.00024634425062686205,0.03233741968870163,0.03233698755502701,1.0,3.0,success
2554,0.24596107006072998,-2.795161724090576,-0.00024631147971376777,0.03300068527460098,0.03300068527460098,1.0,-3.0,success
2555,0.24596121907234192,-2.795140504837036,-0.0002514625957701355,0.0006823763833381236,0.0006631180294789374,0.0,-3.0,success
2556,0.24596136808395386,-2.795140504837036,-0.0002510316844563931,1.4248389561544172e-05,4.656612873077393e-06,0.0,-3.0,success
2557,0.24596154689788818,-2.795140504837036,-0.0002503870928194374,2.0904190023429692e-05,5.58793499294552e-06,0.0,-3.0,success
2558,0.24595867097377777,-2.7941057682037354,-0.0002449833555147052,0.03233608603477478,0.03233564272522926,1.0,3.0,success
2559,0.24595384299755096,-2.7930498123168945,-0.00024520832812413573,0.03299896419048309,0.03299896419048309,1.0,-3.0,success
2560,0.2459508329629898,-2.7919936180114746,-0.00024570905952714384,0.0330062098801136,0.0330062061548233,1.0,3.0,success
2561,0.24595022201538086,-2.7919726371765137,-0.00025099737104028463,0.0006764270947314799,0.0006559289759024978,0.0,3.0,success
2562,0.24594305455684662,-2.790937662124634,-0.00024576508440077305,0.03234415873885155,0.03234374523162842,1.0,-3.0,success
2563,0.24594348669052124,-2.790916681289673,-0.00025074073346331716,0.0006739714881405234,0.0006557900924235582,0.0,-3.0,success
2564,0.2459438592195511,-2.790916681289673,-0.00025044067297130823,1.4948289390304126e-05,1.164153127319878e-05,0.0,-3.0,success
2565,0.24594341218471527,-2.789881706237793,-0.0002450401952955872,0.032343409955501556,0.032342974096536636,1.0,3.0,success
2566,0.2459436058998108,-2.789860725402832,-0.00025013647973537445,0.0006747431471012533,0.0006556790322065353,0.0,-3.0,success
2567,0.24594293534755707,-2.788825750350952,-0.0002450827741995454,0.032343361526727676,0.032342977821826935,1.0,3.0,success
2568,0.24594032764434814,-2.7877697944641113,-0.00024530256632715464,0.03299872204661369,0.03299872204661369,1.0,-3.0,success
2569,0.24594023823738098,-2.7867138385772705,-0.00024577468866482377,0.03299862518906593,0.032998621463775635,1.0,-3.0,success
2570,0.24594074487686157,-2.7866926193237305,-0.0002510481281206012,0.0006834557862021029,0.0006632906734012067,0.0,-3.0,success
2571,0.2459411919116974,-2.7866926193237305,-0.00025070132687687874,1.7680740711512044e-05,1.3969837709737476e-05,0.0,-3.0,success
2572,0.24594756960868835,-2.7856578826904297,-0.00024524942273274064,0.032336581498384476,0.03233613446354866,1.0,3.0,success
2573,0.24595125019550323,-2.7846016883850098,-0.0002454319328535348,0.03300626948475838,0.03300626948475838,1.0,3.0,success
2574,0.24595090746879578,-2.7846014499664307,-0.00025085179368034005,0.00016987239359878004,1.3046827916696202e-05,0.0,0.0,success
2575,0.24595215916633606,-2.78356671333313,-0.00024557256256230175,0.03233596310019493,0.032335542142391205,1.0,3.0,success
2576,0.2459513247013092,-2.78354549407959,-0.00025058374740183353,0.0006818410474807024,0.0006636141915805638,0.0,3.0,success
2577,0.24594824016094208,-2.782510757446289,-0.0002454191562719643,0.03233606368303299,0.032335665076971054,1.0,-3.0,success
2578,0.24594779312610626,-2.782489538192749,-0.0002504750154912472,0.0006818075780756772,0.000663248763885349,0.0,3.0,success
2579,0.24594427645206451,-2.7814548015594482,-0.00024534386466257274,0.032336100935935974,0.03233570232987404,1.0,3.0,success
2580,0.24593804776668549,-2.7803988456726074,-0.0002455209905747324,0.0329991951584816,0.0329991914331913,1.0,3.0,success
2581,0.24593724310398102,-2.7803776264190674,-0.00025083270156756043,0.0006840241840109229,0.0006635782774537802,0.0,3.0,success
2582,0.2459261417388916,-2.7793428897857666,-0.00024564380873925984,0.03233778476715088,0.032337382435798645,1.0,3.0,success
2583,0.2459130883216858,-2.778286933898926,-0.000245751318288967,0.033001139760017395,0.033001139760017395,1.0,-3.0,success
2584,0.24590259790420532,-2.777230978012085,-0.00024613342247903347,0.03300024941563606,0.033000245690345764,1.0,-3.0,success
2585,0.24590300023555756,-2.777209758758545,-0.00025133482995443046,0.0006828487385064363,0.0006632208242081106,0.0,-3.0,success
2586,0.2458975613117218,-2.776175022125244,-0.00024604599457234144,0.032336387783288956,0.03233596682548523,1.0,-3.0,success
2587,0.24589411914348602,-2.775118827819824,-0.0002460945106577128,0.03300624340772629,0.03300624340772629,1.0,3.0,success
2588,0.24588818848133087,-2.7740628719329834,-0.0002464090066496283,0.03299913927912712,0.03299913927912712,1.0,3.0,success
2589,0.24588046967983246,-2.7730069160461426,-0.0002466640726197511,0.03299950435757637,0.03299950063228607,1.0,-3.0,success
2590,0.2458745390176773,-2.7719509601593018,-0.0002468886668793857,0.03299913927912712,0.03299913927912712,1.0,3.0,success
2591,0.24587400257587433,-2.7719297409057617,-0.00025194103363901377,0.0006818452384322882,0.0006633134908042848,0.0,3.0,success
2592,0.2458638846874237,-2.770895004272461,-0.00024652015417814255,0.03233750909566879,0.032337065786123276,1.0,-3.0,success
2593,0.2458643615245819,-2.770873785018921,-0.00025134431780315936,0.000680185912642628,0.0006632690201513469,0.0,-3.0,success
2594,0.24585869908332825,-2.76983904838562,-0.00024605030193924904,0.03233642876148224,0.032336000353097916,1.0,3.0,success
2595,0.2458503395318985,-2.7687830924987793,-0.0002460863906890154,0.03299965336918831,0.03299965336918831,1.0,3.0,success
2596,0.24583952128887177,-2.7677271366119385,-0.0002464022545609623,0.03300034999847412,0.03300034999847412,1.0,3.0,success
2597,0.24582628905773163,-2.7666711807250977,-0.0002466689911670983,0.033001210540533066,0.033001210540533066,1.0,3.0,success
2598,0.2458113729953766,-2.765615224838257,-0.00024687248514965177,0.03300191089510918,0.03300191089510918,1.0,-3.0,success
2599,0.24579903483390808,-2.764559268951416,-0.00024704469251446426,0.033000871539115906,0.033000871539115906,1.0,-3.0,success
2600,0.24579864740371704,-2.764538049697876,-0.0002520756097510457,0.00068159174406901,0.0006632121512666345,0.0,3.0,success
2601,0.2457864135503769,-2.763503313064575,-0.00024662830401211977,0.0323382243514061,0.03233777731657028,1.0,-3.0,success
2602,0.2457866370677948,-2.763503074645996,-0.0002515333180781454,0.00015362152771558613,1.0212749657512177e-05,0.0,0.0,success
2603,0.24578717350959778,-2.763503074645996,-0.0002509777550585568,2.4133822080329992e-05,1.6763806343078613e-05,0.0,-3.0,success
2604,0.24577905237674713,-2.7624683380126953,-0.0002454655186738819,0.032336972653865814,0.0323365144431591,1.0,3.0,success
2605,0.2457682341337204,-2.7614123821258545,-0.0002456044312566519,0.03300034999847412,0.03300034999847412,1.0,3.0,success
2606,0.24576829373836517,-2.7613911628723145,-0.00025088730035349727,0.000683346064761281,0.0006631042342633009,0.0,-3.0,success
2607,0.24576835334300995,-2.7613911628723145,-0.00025057108723558486,1.0055676284537185e-05,1.8626450355441193e-06,0.0,-3.0,success
2608,0.24575987458229065,-2.7603564262390137,-0.000245145260123536,0.03233704715967178,0.032336603850126266,1.0,3.0,success
2609,0.24574945867061615,-2.759300470352173,-0.0002453385677654296,0.03300022333860397,0.03300022333860397,1.0,-3.0,success
2610,0.24574120342731476,-2.758244514465332,-0.0002458078961353749,0.03299963101744652,0.03299962729215622,1.0,0.0,success
2611,0.2457326501607895,-2.757188558578491,-0.00024619942996650934,0.03299970552325249,0.03299970552325249,1.0,3.0,success
2612,0.24573275446891785,-2.757167339324951,-0.0002513786603230983,0.0006825760938227177,0.0006631096475757658,0.0,-3.0,success
2613,0.24572424590587616,-2.7561326026916504,-0.00024609212414361537,0.03233703598380089,0.03233661502599716,1.0,3.0,success
2614,0.24572345614433289,-2.7561113834381104,-0.0002510034537408501,0.0006810790509916842,0.0006635607569478452,0.0,3.0,success
2615,0.2457098662853241,-2.7550766468048096,-0.0002457663358654827,0.03233872354030609,0.032338306307792664,1.0,3.0,success
2616,0.2456936091184616,-2.754020929336548,-0.0002458590897731483,0.0329950787127018,0.0329950787127018,1.0,3.0,success
2617,0.2456756830215454,-2.752964973449707,-0.0002462100237607956,0.03300337493419647,0.03300337493419647,1.0,-3.0,success
2618,0.24565963447093964,-2.751909017562866,-0.00024652498541399837,0.03300243243575096,0.03300242871046066,1.0,3.0,success
2619,0.24564120173454285,-2.7508533000946045,-0.0002467682643327862,0.032996196299791336,0.032996196299791336,1.0,3.0,success
2620,0.24562036991119385,-2.7497973442077637,-0.0002469625324010849,0.033005040138959885,0.033005040138959885,1.0,3.0,success
2621,0.24559716880321503,-2.748741626739502,-0.00024711794685572386,0.03299913555383682,0.03299913555383682,1.0,3.0,success
2622,0.24557234346866608,-2.7476859092712402,-0.0002472314517945051,0.033000290393829346,0.033000290393829346,1.0,-3.0,success
2623,0.2455715537071228,-2.7476646900177,-0.0002522245922591537,0.0006816597888246179,0.0006635607569478452,0.0,3.0,success
2624,0.2455715835094452,-2.7476646900177,-0.0002516316017135978,1.8554343114374205e-05,9.313225177720597e-07,0.0,-3.0,success
2625,0.24554890394210815,-2.7466092109680176,-0.0002458904345985502,0.03299181908369064,0.032991331070661545,1.0,0.0,success
2626,0.24552662670612335,-2.745553493499756,-0.0002460331015754491,0.03299851343035698,0.03299851343035698,1.0,-3.0,success
2627,0.24552667140960693,-2.7455532550811768,-0.00025134635507129133,0.00016621210670564324,7.580415967822773e-06,0.0,0.0,success
2628,0.24552705883979797,-2.7455532550811768,-0.0002508422185201198,1.986909774132073e-05,1.2107192560506519e-05,0.0,-3.0,success
2629,0.2455095648765564,-2.744518518447876,-0.00024534642579965293,0.03234059736132622,0.03234013915061951,1.0,-3.0,success
2630,0.2454947978258133,-2.743462562561035,-0.0002455099893268198,0.0330018475651741,0.0330018475651741,1.0,-3.0,success
2631,0.24549522995948792,-2.743462324142456,-0.00025092432042583823,0.00016989932919386774,1.542316203995142e-05,0.0,0.0,success
2632,0.24549591541290283,-2.743462324142456,-0.00025050470139831305,2.51154833676992e-05,2.1420417397166602e-05,0.0,-3.0,success
2633,0.24548493325710297,-2.7424275875091553,-0.0002450876636430621,0.03233778104186058,0.03233734145760536,1.0,3.0,success
2634,0.2454853057861328,-2.7424066066741943,-0.00025017428561113775,0.0006747453007847071,0.0006557544111274183,0.0,-3.0,success
2635,0.24548493325710297,-2.7424066066741943,-0.00024999683955684304,1.2894742212665733e-05,1.164153127319878e-05,0.0,3.0,success
2636,0.24547220766544342,-2.7413718700408936,-0.00024466426111757755,0.03233839198946953,0.032337963581085205,1.0,-3.0,success
2637,0.24546144902706146,-2.7403159141540527,-0.0002449743333272636,0.03300033509731293,0.03300033137202263,1.0,3.0,success
2638,0.24546180665493011,-2.7402946949005127,-0.0002503842406440526,0.0006844047456979752,0.0006631958531215787,0.0,-3.0,success
2639,0.24545176327228546,-2.739259958267212,-0.0002452842891216278,0.032337434589862823,0.032337043434381485,1.0,-3.0,success
2640,0.24544374644756317,-2.738204002380371,-0.000245485280174762,0.032999567687511444,0.032999567687511444,1.0,3.0,success
2641,0.24543394148349762,-2.7371480464935303,-0.0002459119714330882,0.03300004079937935,0.03300004079937935,1.0,-3.0,success
2642,0.2454337477684021,-2.7371268272399902,-0.000251168996328488,0.0006831757491454482,0.0006631292635574937,0.0,3.0,success
2643,0.24542354047298431,-2.7360711097717285,-0.0002458111266605556,0.0329931378364563,0.032992713153362274,1.0,0.0,success
2644,0.24542328715324402,-2.7360498905181885,-0.00025087688118219376,0.000681782141327858,0.0006631488795392215,0.0,3.0,success
2645,0.24542339146137238,-2.7360498905181885,-0.000250547775067389,1.0788765393954236e-05,3.2596287837804994e-06,0.0,0.0,success
2646,0.2454109787940979,-2.7350151538848877,-0.0002451101900078356,0.03233829140663147,0.032337844371795654,1.0,-3.0,success
2647,0.245400533080101,-2.733959197998047,-0.00024533114628866315,0.03300023451447487,0.03300023451447487,1.0,3.0,success
2648,0.24538828432559967,-2.732903242111206,-0.00024578796001151204,0.03300084173679352,0.03300083801150322,1.0,-3.0,success
2649,0.24538888037204742,-2.732882022857666,-0.00025105831446126103,0.0006835029926151037,0.0006633632001467049,0.0,-3.0,success
2650,0.24538157880306244,-2.7318472862243652,-0.0002458249218761921,0.03233673796057701,0.03233632072806358,1.0,-3.0,success
2651,0.24537624418735504,-2.7307913303375244,-0.0002459176175761968,0.03299903869628906,0.03299903869628906,1.0,3.0,success
2652,0.24537672102451324,-2.7307701110839844,-0.00025113907759077847,0.0006830449565313756,0.0006632690201513469,0.0,-3.0,success
2653,0.2453712821006775,-2.7297353744506836,-0.00024589960230514407,0.03233638033270836,0.03233596682548523,1.0,3.0,success
2654,0.2453707456588745,-2.7297141551971436,-0.0002508494071662426,0.0006811101920902729,0.0006633134908042848,0.0,3.0,success
2655,0.2453601062297821,-2.7286794185638428,-0.0002456429065205157,0.03233763575553894,0.03233722969889641,1.0,3.0,success
2656,0.24534747004508972,-2.727623462677002,-0.000245749979512766,0.03300097957253456,0.03300097957253456,1.0,-3.0,success
2657,0.24534738063812256,-2.727623224258423,-0.00025111634749919176,0.0001678876724326983,7.957222805998754e-06,0.0,0.0,success
2658,0.24533694982528687,-2.726567506790161,-0.0002456819056533277,0.032993216067552567,0.032992780208587646,1.0,0.0,success
2659,0.24533727765083313,-2.726546287536621,-0.00025075837038457394,0.0006818909314461052,0.0006631807773374021,0.0,-3.0,success
2660,0.24532896280288696,-2.7255115509033203,-0.0002455852518323809,0.03233696520328522,0.03233656287193298,1.0,3.0,success
2661,0.2453179806470871,-2.7244555950164795,-0.0002457147929817438,0.0330004021525383,0.0330004021525383,1.0,3.0,success
2662,0.2453049123287201,-2.7233996391296387,-0.0002460998366586864,0.03300114721059799,0.033001143485307693,1.0,0.0,success
2663,0.2453041821718216,-2.7233784198760986,-0.0002513150393497199,0.000683216901961714,0.0006634941091760993,0.0,3.0,success
2664,0.24530424177646637,-2.7233784198760986,-0.0002509038895368576,1.2982743101019878e-05,1.8626450355441193e-06,0.0,-3.0,success
2665,0.24530433118343353,-2.7233784198760986,-0.00025028432719409466,1.9561877707019448e-05,2.79396749647276e-06,0.0,-3.0,success
2666,0.24529388546943665,-2.722343683242798,-0.00024488955386914313,0.03233760595321655,0.032337166368961334,1.0,-3.0,success
2667,0.24529434740543365,-2.722322463989258,-0.0002500257396604866,0.0006824033334851265,0.0006632587756030262,0.0,-3.0,success
2668,0.2452884167432785,-2.721287727355957,-0.000244994560489431,0.03233643248677254,0.032336048781871796,1.0,3.0,success
2669,0.24528788030147552,-2.721266508102417,-0.0002501251292414963,0.0006824152660556138,0.0006633134908042848,0.0,3.0,success
2670,0.24528741836547852,-2.721266508102417,-0.00024994733394123614,1.5467834600713104e-05,1.4435498997045215e-05,0.0,3.0,success
2671,0.2452869713306427,-2.721266508102417,-0.00024951930390670896,1.934094325406477e-05,1.3969837709737476e-05,0.0,3.0,success
2672,0.24528656899929047,-2.721266746520996,-0.00024916298571042717,1.837320814956911e-05,1.4614643987442832e-05,0.0,3.0,success
2673,0.24528616666793823,-2.721266746520996,-0.00024887730251066387,1.5420075214933604e-05,1.2572853847814258e-05,0.0,3.0,success
2674,0.2452668696641922,-2.7202320098876953,-0.00024375323846470565,0.03234153613448143,0.032341137528419495,1.0,-3.0,success
2675,0.24524952471256256,-2.7191760540008545,-0.0002442451077513397,0.0330030731856823,0.033003069460392,1.0,3.0,success
2676,0.24522970616817474,-2.7181203365325928,-0.00024492936790920794,0.03299698978662491,0.03299698233604431,1.0,3.0,success
2677,0.24520812928676605,-2.717064380645752,-0.00024548073997721076,0.03300551325082779,0.03300550580024719,1.0,-3.0,success
2678,0.24518834054470062,-2.7160086631774902,-0.0002459424140397459,0.03299696743488312,0.03299696370959282,1.0,3.0,success
2679,0.2451661080121994,-2.7149529457092285,-0.00024630228290334344,0.03299848362803459,0.03299848362803459,1.0,3.0,success
2680,0.24514178931713104,-2.7138969898223877,-0.00024658444453962147,0.03300736844539642,0.03300736844539642,1.0,0.0,success
2681,0.2451178878545761,-2.712841272354126,-0.0002468103775754571,0.03299962356686592,0.03299962356686592,1.0,-3.0,success
2682,0.24509580433368683,-2.7117855548858643,-0.00024700595531612635,0.03299838677048683,0.03299838677048683,1.0,3.0,success
2683,0.24507129192352295,-2.7107298374176025,-0.000247152813244611,0.03300005942583084,0.03300005942583084,1.0,3.0,success
2684,0.24504505097866058,-2.709674119949341,-0.0002472595078870654,0.033001359552145004,0.033001359552145004,1.0,-3.0,success
2685,0.24502062797546387,-2.708618402481079,-0.0002473649219609797,0.03299999609589577,0.03299999609589577,1.0,3.0,success
2686,0.24501995742321014,-2.708597421646118,-0.0002523218863643706,0.0006740274839103222,0.0006559857865795493,0.0,3.0,success
2687,0.24501939117908478,-2.708597421646118,-0.00025171905872412026,2.5845723939710297e-05,1.7695128917694092e-05,0.0,3.0,success
2688,0.24498867988586426,-2.7075629234313965,-0.00024604229838587344,0.03234279900789261,0.03234231099486351,1.0,-3.0,success
2689,0.244988352060318,-2.7075419425964355,-0.0002509593323338777,0.0006734937778674066,0.000655731069855392,0.0,3.0,success
2690,0.24495796859264374,-2.706507444381714,-0.0002457195660099387,0.032342422753572464,0.032342009246349335,1.0,-3.0,success
2691,0.24492943286895752,-2.7054519653320312,-0.0002458323142491281,0.03299577161669731,0.03299577161669731,1.0,3.0,success
2692,0.24492987990379333,-2.705430746078491,-0.0002510709164198488,0.0006831535138189793,0.000663248763885349,0.0,-3.0,success
2693,0.24490205943584442,-2.7043962478637695,-0.0002458335366100073,0.032340168952941895,0.032339755445718765,1.0,-3.0,success
2694,0.24487623572349548,-2.703340530395508,-0.0002459246024955064,0.03300103917717934,0.03300103917717934,1.0,3.0,success
2695,0.24484792351722717,-2.702284812927246,-0.0002462731790728867,0.033003032207489014,0.033003032207489014,1.0,3.0,success
2696,0.24481713771820068,-2.7012293338775635,-0.0002465655852574855,0.032997746020555496,0.032997746020555496,1.0,3.0,success
2697,0.2447846233844757,-2.700173854827881,-0.00024678988847881556,0.03299936652183533,0.03299936652183533,1.0,-3.0,success
2698,0.24475392699241638,-2.6991183757781982,-0.00024698939523659647,0.03299766778945923,0.03299766406416893,1.0,3.0,success
2699,0.24472080171108246,-2.6980628967285156,-0.00024713960010558367,0.03299995884299278,0.03299995884299278,1.0,3.0,success
2700,0.24468527734279633,-2.697007417678833,-0.00024725942057557404,0.03300239518284798,0.03300239145755768,1.0,3.0,success
2701,0.24468427896499634,-2.696986198425293,-0.0002522373397368938,0.0006818182300776243,0.0006638352060690522,0.0,3.0,success
2702,0.24464407563209534,-2.6959521770477295,-0.0002467682643327862,0.03233803063631058,0.032337579876184464,1.0,3.0,success
2703,0.24464409053325653,-2.6959309577941895,-0.0002515322412364185,0.0006796083180233836,0.0006631017895415425,0.0,-3.0,success
2704,0.2446432262659073,-2.6959311962127686,-0.00025108360568992794,3.132920028292574e-05,2.8017178919981234e-05,0.0,3.0,success
2705,0.24460089206695557,-2.694897174835205,-0.00024554479750804603,0.032340697944164276,0.03234023600816727,1.0,3.0,success
2706,0.24455572664737701,-2.6938421726226807,-0.00024566813954152167,0.03299901261925697,0.03299901261925697,1.0,3.0,success
2707,0.24450890719890594,-2.6927871704101562,-0.00024605655926279724,0.03300127014517784,0.03300127014517784,1.0,-3.0,success
2708,0.2445078194141388,-2.692765951156616,-0.0002512847422622144,0.0006837781984359026,0.0006639723433181643,0.0,3.0,success
2709,0.2444608211517334,-2.691732168197632,-0.0002460064133629203,0.03233950585126877,0.03233908489346504,1.0,3.0,success
2710,0.24441148340702057,-2.6906774044036865,-0.0002460414543747902,0.032997407019138336,0.032997407019138336,1.0,-3.0,success
2711,0.24441121518611908,-2.6906561851501465,-0.00025124684907495975,0.0006828141631558537,0.000663154642097652,0.0,-3.0,success
2712,0.24436739087104797,-2.689622402191162,-0.0002459745155647397,0.032335150986909866,0.03233473375439644,1.0,-3.0,success
2713,0.24432586133480072,-2.6885671615600586,-0.00024602716439403594,0.033001795411109924,0.033001795411109924,1.0,-3.0,success
2714,0.24432627856731415,-2.6885459423065186,-0.0002512362552806735,0.0006829146877862513,0.0006632298463955522,0.0,-3.0,success
2715,0.24428993463516235,-2.687511682510376,-0.0002459664538037032,0.03234098479151726,0.03234056755900383,1.0,-3.0,success
2716,0.24425600469112396,-2.6864562034606934,-0.0002460209943819791,0.03300075605511665,0.03300075605511665,1.0,-3.0,success
2717,0.24425683915615082,-2.6864349842071533,-0.00025123145314864814,0.0006832981598563492,0.0006636141915805638,0.0,-3.0,success
2718,0.2442268282175064,-2.6854007244110107,-0.00024597367155365646,0.03233463689684868,0.03233421966433525,1.0,3.0,success
2719,0.2441948801279068,-2.684345245361328,-0.0002460161049384624,0.03299882262945175,0.03299882262945175,1.0,-3.0,success
2720,0.2441653162240982,-2.6832895278930664,-0.00024634564761072397,0.03300410509109497,0.03300410136580467,1.0,-3.0,success
2721,0.2441381812095642,-2.6822338104248047,-0.0002466237056069076,0.033002063632011414,0.033002063632011414,1.0,-3.0,success
2722,0.24413913488388062,-2.6822125911712646,-0.00025172781897708774,0.0006826663739047945,0.0006637710030190647,0.0,-3.0,success
2723,0.24413961172103882,-2.6822125911712646,-0.0002512499922886491,2.1095300326123834e-05,1.4901160284352954e-05,0.0,0.0,success
2724,0.2441403567790985,-2.6822125911712646,-0.00025055810692720115,3.1773994123796e-05,2.328306254639756e-05,0.0,-3.0,success
2725,0.24414098262786865,-2.6822125911712646,-0.00024999381275847554,2.6333842470194213e-05,1.9557772247935645e-05,0.0,-3.0,success
2726,0.24412216246128082,-2.681177854537964,-0.0002446677244734019,0.03234129399061203,0.03234086558222771,1.0,3.0,success
2727,0.24410094320774078,-2.680122137069702,-0.0002449608582537621,0.03299783542752266,0.03299783170223236,1.0,0.0,success
2728,0.2440793812274933,-2.6790661811828613,-0.00024550690432079136,0.033005502074956894,0.0330054946243763,1.0,3.0,success
2729,0.24407875537872314,-2.6790452003479004,-0.00025083564105443656,0.0006767501472495496,0.0006559426547028124,0.0,3.0,success
2730,0.2440522462129593,-2.6780107021331787,-0.00024564654449932277,0.03233908861875534,0.03233867883682251,1.0,3.0,success
2731,0.24402303993701935,-2.676954984664917,-0.0002457640366628766,0.0330037921667099,0.0330037921667099,1.0,3.0,success
2732,0.2439914494752884,-2.6758995056152344,-0.0002461446856614202,0.03299848735332489,0.03299848735332489,1.0,3.0,success
2733,0.24399025738239288,-2.6758782863616943,-0.0002513455110602081,0.00068374426336959,0.0006641471991315484,0.0,3.0,success
2734,0.24395489692687988,-2.674844264984131,-0.0002460433461237699,0.03233247995376587,0.032332055270671844,1.0,-3.0,success
2735,0.24395489692687988,-2.674823045730591,-0.0002509630285203457,0.0006806906312704086,0.0006631016149185598,0.0,-3.0,success
2736,0.24392373859882355,-2.673788547515869,-0.0002457451482769102,0.03234313800930977,0.03234272822737694,1.0,3.0,success
2737,0.24392396211624146,-2.673767566680908,-0.00025071416166611016,0.0006738245137967169,0.0006556882872246206,0.0,-3.0,success
2738,0.24389266967773438,-2.6727330684661865,-0.00024554552510380745,0.03234325721859932,0.03234285116195679,1.0,3.0,success
2739,0.2438916563987732,-2.6727120876312256,-0.0002505659940652549,0.0006749039748683572,0.0006564152427017689,0.0,3.0,success
2740,0.24385644495487213,-2.671677827835083,-0.00024540501181036234,0.03233974426984787,0.032339341938495636,1.0,-3.0,success
2741,0.24382303655147552,-2.6706223487854004,-0.0002455808862578124,0.03300023823976517,0.03300023823976517,1.0,3.0,success
2742,0.24378789961338043,-2.6695668697357178,-0.0002459882525727153,0.03300199285149574,0.033001989126205444,1.0,-3.0,success
2743,0.2437552660703659,-2.668511390686035,-0.0002463370910845697,0.03299948200583458,0.03299947828054428,1.0,-3.0,success
2744,0.24372440576553345,-2.6674556732177734,-0.00024662751820869744,0.03300526365637779,0.03300526365637779,1.0,3.0,success
2745,0.24369177222251892,-2.666400194168091,-0.0002468401216901839,0.03299948200583458,0.03299947828054428,1.0,-3.0,success
2746,0.24369220435619354,-2.666378974914551,-0.00025190020096488297,0.0006818287656642497,0.0006632391596212983,0.0,-3.0,success
2747,0.24366366863250732,-2.665344715118408,-0.0002465096185915172,0.03233335539698601,0.03233291581273079,1.0,3.0,success
2748,0.2436324954032898,-2.6642889976501465,-0.00024645455414429307,0.033005550503730774,0.033005550503730774,1.0,3.0,success
2749,0.24359887838363647,-2.663233518600464,-0.00024669672711752355,0.03300044313073158,0.03300044313073158,1.0,3.0,success
2750,0.24356283247470856,-2.6621782779693604,-0.0002469044702593237,0.03299550339579582,0.03299550339579582,1.0,3.0,success
2751,0.24352440237998962,-2.6611227989196777,-0.000247071438934654,0.03300557658076286,0.03300557658076286,1.0,3.0,success
2752,0.24348361790180206,-2.660067558288574,-0.0002472050837241113,0.0330008901655674,0.0330008901655674,1.0,3.0,success
2753,0.24344117939472198,-2.65901255607605,-0.0002473010972607881,0.03299548104405403,0.03299548104405403,1.0,-3.0,success
2754,0.24344013631343842,-2.6589913368225098,-0.0002522803551983088,0.000681893085129559,0.0006639023195020854,0.0,3.0,success
2755,0.24339830875396729,-2.6579573154449463,-0.0002467918093316257,0.032340046018362045,0.03233959153294563,1.0,-3.0,success
2756,0.24335816502571106,-2.6569020748138428,-0.0002466907608322799,0.033000122755765915,0.033000122755765915,1.0,3.0,success
2757,0.24331559240818024,-2.6558470726013184,-0.0002468860475346446,0.03299565240740776,0.03299564868211746,1.0,3.0,success
2758,0.24327129125595093,-2.654791831970215,-0.00024704544921405613,0.03300531208515167,0.03300531208515167,1.0,-3.0,success
2759,0.24327048659324646,-2.654770851135254,-0.0002520758716855198,0.0006747018778696656,0.0006561331101693213,0.0,3.0,success
2760,0.24322587251663208,-2.6537368297576904,-0.0002466393052600324,0.03234367445111275,0.03234322741627693,1.0,3.0,success
2761,0.24322479963302612,-2.6537158489227295,-0.0002514404186513275,0.0006734335911460221,0.0006565077346749604,0.0,3.0,success
2762,0.24317513406276703,-2.652682065963745,-0.00024611575645394623,0.03234340623021126,0.032342977821826935,1.0,3.0,success
2763,0.24312233924865723,-2.651627540588379,-0.0002461385738570243,0.03299519047141075,0.03299519047141075,1.0,3.0,success
2764,0.24312269687652588,-2.651606321334839,-0.00025131527218036354,0.0006826410535722971,0.0006631958531215787,0.0,-3.0,success
2765,0.24312253296375275,-2.651606321334839,-0.0002509127662051469,1.3581295206677169e-05,5.122273705637781e-06,0.0,-3.0,success
2766,0.24307173490524292,-2.6505727767944336,-0.00024541839957237244,0.03233770653605461,0.0323372520506382,1.0,3.0,success
2767,0.24301882088184357,-2.6495180130004883,-0.0002455677604302764,0.033002819865942,0.033002819865942,1.0,3.0,success
2768,0.24296389520168304,-2.648463487625122,-0.0002459815877955407,0.03299858793616295,0.03299858793616295,1.0,0.0,success
2769,0.24290943145751953,-2.6474087238311768,-0.0002463273413013667,0.033005282282829285,0.033005282282829285,1.0,-3.0,success
2770,0.24285753071308136,-2.6463539600372314,-0.0002466089790686965,0.03300124779343605,0.03300124779343605,1.0,-3.0,success
2771,0.2428078055381775,-2.645299196243286,-0.00024683974334038794,0.032997976988554,0.032997976988554,1.0,0.0,success
2772,0.24275773763656616,-2.644244432449341,-0.00024702533846721053,0.03299847990274429,0.03299847990274429,1.0,3.0,success
2773,0.24270591139793396,-2.6431896686553955,-0.00024715796462260187,0.0330011323094368,0.0330011323094368,1.0,-3.0,success
2774,0.2427050620317459,-2.6431684494018555,-0.0002521658025216311,0.0006818349938839674,0.0006636327016167343,0.0,3.0,success
2775,0.242704838514328,-2.6431686878204346,-0.0002515943197067827,2.0572757421177812e-05,1.0212749657512177e-05,0.0,3.0,success
2776,0.24270489811897278,-2.6431684494018555,-0.00025083209038712084,2.502712595742196e-05,7.679882401134819e-06,0.0,0.0,success
2777,0.24270528554916382,-2.6431684494018555,-0.00025020839530043304,2.294477235409431e-05,1.2107192560506519e-05,0.0,-3.0,success
2778,0.24270495772361755,-2.6431686878204346,-0.00024972346727736294,1.9751092622755095e-05,1.2667356713791378e-05,0.0,3.0,success
2779,0.24270467460155487,-2.6431686878204346,-0.0002493258798494935,1.5252875527949072e-05,8.847564458847046e-06,0.0,3.0,success
2780,0.24264812469482422,-2.6421353816986084,-0.00024412295897491276,0.03233954682946205,0.03233913332223892,1.0,3.0,success
2781,0.24264898896217346,-2.6421141624450684,-0.000249402568442747,0.0006838524714112282,0.0006636514444835484,0.0,-3.0,success
2782,0.2425909787416458,-2.6410810947418213,-0.00024449467309750617,0.0323345847427845,0.03233421966433525,1.0,3.0,success
2783,0.24259169399738312,-2.6410598754882812,-0.00024971520178951323,0.0006832412327639759,0.0006634782184846699,0.0,-3.0,success
2784,0.24253354966640472,-2.640026569366455,-0.0002447456354275346,0.03234227001667023,0.03234189748764038,1.0,3.0,success
2785,0.24247342348098755,-2.638972282409668,-0.0002450438041705638,0.033000003546476364,0.032999999821186066,1.0,3.0,success
2786,0.24241091310977936,-2.637917995452881,-0.00024556880816817284,0.03300433233380318,0.03300432860851288,1.0,3.0,success
2787,0.24234604835510254,-2.636863946914673,-0.0002460026880726218,0.03300132974982262,0.03300132602453232,1.0,3.0,success
2788,0.2422795593738556,-2.635810136795044,-0.0002463395067024976,0.032997049391269684,0.032997049391269684,1.0,-3.0,success
2789,0.24227909743785858,-2.635809898376465,-0.0002516022650524974,0.00016526154649909586,1.6244839571299963e-05,0.0,0.0,success
2790,0.24227909743785858,-2.635809898376465,-0.00025104719679802656,1.7345882952213287e-05,0.0,0.0,-3.0,success
2791,0.24221841990947723,-2.6347768306732178,-0.0002455101057421416,0.032339464873075485,0.03233899921178818,1.0,-3.0,success
2792,0.24215902388095856,-2.6337225437164307,-0.00024565120111219585,0.0329987108707428,0.0329987108707428,1.0,3.0,success
2793,0.2420978993177414,-2.6326682567596436,-0.00024604378268122673,0.033001791685819626,0.033001791685819626,1.0,-3.0,success
2794,0.2420392483472824,-2.6316139698028564,-0.00024638150352984667,0.032997407019138336,0.032997407019138336,1.0,-3.0,success
2795,0.24203845858573914,-2.6315927505493164,-0.00025154545437544584,0.000682901416439563,0.0006635607569478452,0.0,3.0,success
2796,0.24197976291179657,-2.6305596828460693,-0.0002462145930621773,0.032335855066776276,0.03233542665839195,1.0,3.0,success
2797,0.24191828072071075,-2.6295053958892822,-0.00024620810290798545,0.03300243988633156,0.03300243988633156,1.0,-3.0,success
2798,0.24191811680793762,-2.629484176635742,-0.00025138031924143434,0.0006825355812907219,0.0006631214055232704,0.0,-3.0,success
2799,0.24186015129089355,-2.628451108932495,-0.0002460924442857504,0.03233456611633301,0.03233414143323898,1.0,3.0,success
2800,0.24186109006404877,-2.628429889678955,-0.00025099332560785115,0.0006811902276240289,0.0006637502810917795,0.0,-3.0,success
2801,0.24180495738983154,-2.627396583557129,-0.0002457569935359061,0.032338839024305344,0.032338425517082214,1.0,-3.0,success
2802,0.24175091087818146,-2.6263418197631836,-0.00024585245409980416,0.03300461173057556,0.03300461173057556,1.0,-3.0,success
2803,0.24169860780239105,-2.6252872943878174,-0.00024622518685646355,0.03299442678689957,0.03299442678689957,1.0,3.0,success
2804,0.24164414405822754,-2.624232530593872,-0.00024652245338074863,0.033005282282829285,0.033005282282829285,1.0,0.0,success
2805,0.2415900081396103,-2.623178005218506,-0.00024676104658283293,0.032997310161590576,0.032997310161590576,1.0,-3.0,success
2806,0.24153761565685272,-2.6221232414245605,-0.0002469663741067052,0.03300200775265694,0.03300200775265694,1.0,3.0,success
2807,0.2414834350347519,-2.6210684776306152,-0.00024711107835173607,0.033004824072122574,0.033004824072122574,1.0,-3.0,success
2808,0.2414826601743698,-2.6210474967956543,-0.0002521283458918333,0.0006745721912011504,0.0006560980691574514,0.0,3.0,success
2809,0.2414831966161728,-2.6210474967956543,-0.0002515546220820397,2.454525383654982e-05,1.6763806343078613e-05,0.0,-3.0,success
2810,0.24142986536026,-2.620013952255249,-0.0002459313254803419,0.03234171122312546,0.032341234385967255,1.0,3.0,success
2811,0.24137471616268158,-2.618959426879883,-0.00024597247829660773,0.0329989492893219,0.0329989492893219,1.0,0.0,success
2812,0.24131956696510315,-2.6179046630859375,-0.00024631069391034544,0.033006392419338226,0.033006392419338226,1.0,0.0,success
2813,0.2413203865289688,-2.6178836822509766,-0.00025147260748781264,0.0006756886141374707,0.0006561510963365436,0.0,-3.0,success
2814,0.24126870930194855,-2.6168501377105713,-0.0002461554831825197,0.03233904018998146,0.03233861178159714,1.0,-3.0,success
2815,0.24121920764446259,-2.615795135498047,-0.00024617189774289727,0.033005088567733765,0.033005088567733765,1.0,-3.0,success
2816,0.2411714494228363,-2.6147403717041016,-0.00024648066028021276,0.03299513831734657,0.03299513831734657,1.0,3.0,success
2817,0.24117152392864227,-2.6147401332855225,-0.00025170520530082285,0.00016345351468771696,7.805904715496581e-06,0.0,0.0,success
2818,0.24112068116664886,-2.613706350326538,-0.0002462556294631213,0.032345209270715714,0.0323447622358799,1.0,3.0,success
2819,0.24112144112586975,-2.613685369491577,-0.00025111911236308515,0.0006734548369422555,0.0006560810143128037,0.0,-3.0,success
2820,0.24112091958522797,-2.613685369491577,-0.0002507527533452958,1.9917397366953082e-05,1.6298145055770874e-05,0.0,3.0,success
2821,0.24106870591640472,-2.612651824951172,-0.00024527983623556793,0.032339904457330704,0.03233945369720459,1.0,3.0,success
2822,0.24101395905017853,-2.6115972995758057,-0.0002454457862768322,0.03299829736351967,0.03299829736351967,1.0,-3.0,success
2823,0.2409617006778717,-2.6105425357818604,-0.00024588845553807914,0.03300179913640022,0.03300179913640022,1.0,-3.0,success
2824,0.24096174538135529,-2.6105213165283203,-0.0002511391357984394,0.0006831026985310018,0.0006631031283177435,0.0,-3.0,success
2825,0.2409622073173523,-2.6105213165283203,-0.00025077397003769875,1.8401204215479083e-05,1.4435498997045215e-05,0.0,-3.0,success
2826,0.24091602861881256,-2.609487533569336,-0.0002453073102515191,0.03233838081359863,0.03233793005347252,1.0,3.0,success
2827,0.2408675253391266,-2.6084327697753906,-0.0002454784989822656,0.032996200025081635,0.032996196299791336,1.0,3.0,success
2828,0.24081657826900482,-2.607377767562866,-0.00024591543478891253,0.03300723806023598,0.03300723433494568,1.0,3.0,success
2829,0.24076321721076965,-2.6063232421875,-0.0002462796401232481,0.032996080815792084,0.032996080815792084,1.0,3.0,success
2830,0.2407616823911667,-2.60630202293396,-0.00025145415565930307,0.0006842165603302419,0.0006648339913226664,0.0,3.0,success
2831,0.2407049983739853,-2.605268716812134,-0.00024613022105768323,0.03233979269862175,0.03233936429023743,1.0,-3.0,success
2832,0.24065038561820984,-2.6042141914367676,-0.0002461509720887989,0.03299807757139206,0.03299807757139206,1.0,-3.0,success
2833,0.24059829115867615,-2.6031594276428223,-0.0002464537392370403,0.03300154581665993,0.03300154581665993,1.0,-3.0,success
2834,0.24059844017028809,-2.6031382083892822,-0.00025159120559692383,0.0006822759169153869,0.0006631180294789374,0.0,-3.0,success
2835,0.24055175483226776,-2.602104425430298,-0.00024625108926557004,0.03233907371759415,0.03233863785862923,1.0,-3.0,success
2836,0.24050691723823547,-2.6010494232177734,-0.00024625344667583704,0.03299858048558235,0.03299858048558235,1.0,0.0,success
2837,0.24046166241168976,-2.599994421005249,-0.0002465415745973587,0.03299913555383682,0.032999131828546524,1.0,3.0,success
2838,0.2404145896434784,-2.5989394187927246,-0.0002467704762239009,0.0330016165971756,0.0330016165971756,1.0,-3.0,success
2839,0.24041402339935303,-2.5989181995391846,-0.00025185596314258873,0.0006821091519668698,0.0006633377051912248,0.0,3.0,success
2840,0.2403666079044342,-2.5978846549987793,-0.00024646296515129507,0.03233267366886139,0.03233223780989647,1.0,3.0,success
2841,0.24031594395637512,-2.596829891204834,-0.0002464166609570384,0.032999370247125626,0.032999370247125626,1.0,3.0,success
2842,0.24026350677013397,-2.5957751274108887,-0.0002466561272740364,0.03300207480788231,0.03300207480788231,1.0,-3.0,success
2843,0.24026331305503845,-2.5957539081573486,-0.0002517522661946714,0.0006819841219112277,0.0006631292635574937,0.0,-3.0,success
2844,0.24021640419960022,-2.5947201251983643,-0.00024637975730001926,0.032339394092559814,0.032338954508304596,1.0,-3.0,success
2845,0.24017101526260376,-2.59366512298584,-0.00024636148009449244,0.03299931436777115,0.03299931436777115,1.0,3.0,success
2846,0.24012385308742523,-2.5926101207733154,-0.0002466126752551645,0.03300173953175545,0.03300173953175545,1.0,-3.0,success
2847,0.2400784194469452,-2.591555118560791,-0.00024684678646735847,0.03299937769770622,0.032999373972415924,1.0,3.0,success
2848,0.24007920920848846,-2.591533899307251,-0.0002518966794013977,0.0006820678827352822,0.0006635607569478452,0.0,-3.0,success
2849,0.2400333434343338,-2.5905001163482666,-0.00024650603882037103,0.03233793377876282,0.0323374979197979,1.0,3.0,success
2850,0.24003225564956665,-2.5904788970947266,-0.00025133462622761726,0.0006809024489484727,0.0006639723433181643,0.0,3.0,success
2851,0.2399829477071762,-2.5894453525543213,-0.0002460200048517436,0.03233542665839195,0.03233499825000763,1.0,-3.0,success
2852,0.23993511497974396,-2.588390350341797,-0.0002460726536810398,0.03300268203020096,0.03300268203020096,1.0,3.0,success
2853,0.23988483846187592,-2.5873355865478516,-0.0002463916316628456,0.032998789101839066,0.032998789101839066,1.0,3.0,success
2854,0.2398836463689804,-2.5873143672943115,-0.0002515428059268743,0.0006833771476522088,0.0006641471991315484,0.0,3.0,success
2855,0.23988372087478638,-2.5873143672943115,-0.0002510857011657208,1.4473030205408577e-05,2.3283064365386963e-06,0.0,-3.0,success
2856,0.23983027040958405,-2.5862810611724854,-0.00024555623531341553,0.03233444690704346,0.03233398497104645,1.0,3.0,success
2857,0.2398308366537094,-2.5862598419189453,-0.00025054969592019916,0.0006814448861405253,0.0006633377051912248,0.0,-3.0,success
2858,0.23983080685138702,-2.5862598419189453,-0.00025028595700860023,8.294292456412222e-06,9.313225177720597e-07,0.0,-3.0,success
2859,0.23977957665920258,-2.58522629737854,-0.0002449160674586892,0.032338351011276245,0.032337918877601624,1.0,3.0,success
2860,0.23977816104888916,-2.585205078125,-0.00025004911003634334,0.0006836602697148919,0.0006645756657235324,0.0,3.0,success
2861,0.23972302675247192,-2.584171772003174,-0.0002450018946547061,0.03233713284134865,0.032336749136447906,1.0,3.0,success
2862,0.23966532945632935,-2.5831172466278076,-0.00024523731553927064,0.03300320357084274,0.03300320357084274,1.0,-3.0,success
2863,0.23966486752033234,-2.5830962657928467,-0.0002506040327716619,0.0006769145256839693,0.0006558099412359297,0.0,-3.0,success
2864,0.23966500163078308,-2.5830962657928467,-0.00025034495047293603,9.116714863921516e-06,4.190951585769653e-06,0.0,-3.0,success
2865,0.23961520195007324,-2.5820624828338623,-0.00024495270918123424,0.03234361484646797,0.03234317526221275,1.0,-3.0,success
2866,0.23961526155471802,-2.5820412635803223,-0.00025007728254422545,0.0006821678834967315,0.0006631042342633009,0.0,-3.0,success
2867,0.2395690381526947,-2.581007480621338,-0.00024503545137122273,0.032338377088308334,0.03233799338340759,1.0,3.0,success
2868,0.2395680546760559,-2.580986261367798,-0.0002501581911928952,0.0006828438490629196,0.0006638134946115315,0.0,3.0,success
2869,0.23951756954193115,-2.5799527168273926,-0.00024508967180736363,0.032337162643671036,0.032336775213479996,1.0,3.0,success
2870,0.23946458101272583,-2.5788981914520264,-0.00024530765949748456,0.032995495945215225,0.032995495945215225,1.0,-3.0,success
2871,0.2394644021987915,-2.5788769721984863,-0.00025066034868359566,0.0006838967674411833,0.0006631251890212297,0.0,-3.0,success
2872,0.2394152283668518,-2.577843189239502,-0.00024551665410399437,0.03234264254570007,0.03234224393963814,1.0,3.0,success
2873,0.23936456441879272,-2.5767884254455566,-0.0002456506190355867,0.032999370247125626,0.032999370247125626,1.0,-3.0,success
2874,0.2393156737089157,-2.5757334232330322,-0.00024606354418210685,0.03300420194864273,0.03300419822335243,1.0,3.0,success
2875,0.2392650693655014,-2.574678659439087,-0.00024638825561851263,0.03299928084015846,0.032999277114868164,1.0,-3.0,success
2876,0.23921693861484528,-2.5736236572265625,-0.000246657757088542,0.03300311043858528,0.03300311043858528,1.0,-3.0,success
2877,0.23917128145694733,-2.572568655014038,-0.0002468738821335137,0.0329996794462204,0.0329996757209301,1.0,-3.0,success
2878,0.23917178809642792,-2.572547435760498,-0.0002519278787076473,0.0006818347610533237,0.0006632906734012067,0.0,-3.0,success
2879,0.23913127183914185,-2.5715134143829346,-0.00024652061983942986,0.032338403165340424,0.03233795985579491,1.0,-3.0,success
2880,0.2390931397676468,-2.570458173751831,-0.0002464642748236656,0.03299779072403908,0.03299779072403908,1.0,-3.0,success
2881,0.23905669152736664,-2.5694026947021484,-0.0002467143349349499,0.03300337865948677,0.03300337865948677,1.0,3.0,success
2882,0.23901768028736115,-2.568347454071045,-0.00024691838189028203,0.032998792827129364,0.032998792827129364,1.0,3.0,success
2883,0.2389761209487915,-2.5672922134399414,-0.00024708203272894025,0.03300183266401291,0.03300183266401291,1.0,3.0,success
2884,0.2389751821756363,-2.5672712326049805,-0.0002520953130442649,0.0006747465231455863,0.0006563070346601307,0.0,3.0,success
2885,0.23892904818058014,-2.566216468811035,-0.0002465518191456795,0.03299333527684212,0.032992880791425705,1.0,0.0,success
2886,0.23888254165649414,-2.5651614665985107,-0.00024658662732690573,0.03300083428621292,0.03300083428621292,1.0,3.0,success
2887,0.23883362114429474,-2.5641064643859863,-0.00024680671049281955,0.033004239201545715,0.033004239201545715,1.0,3.0,success
2888,0.23878228664398193,-2.563051700592041,-0.0002469926548656076,0.03300037980079651,0.03300037980079651,1.0,3.0,success
2889,0.23878251016139984,-2.56303071975708,-0.00025201262906193733,0.0006741933175362647,0.0006556882872246206,0.0,-3.0,success
2890,0.2387816607952118,-2.56303071975708,-0.0002514823863748461,3.129028482362628e-05,2.6542691557551734e-05,0.0,3.0,success
2891,0.2387809455394745,-2.56303071975708,-0.0002507484459783882,3.202567313564941e-05,2.235173997178208e-05,0.0,3.0,success
2892,0.23872677981853485,-2.561997413635254,-0.0002452509361319244,0.03233560547232628,0.032335150986909866,1.0,-3.0,success
2893,0.2386741191148758,-2.5609426498413086,-0.0002454429923091084,0.033002421259880066,0.033002421259880066,1.0,3.0,success
2894,0.23867473006248474,-2.5609216690063477,-0.00025075915618799627,0.000676640251185745,0.0006559289759024978,0.0,-3.0,success
2895,0.23862333595752716,-2.5598881244659424,-0.0002455835638102144,0.03233857452869415,0.03233817219734192,1.0,-3.0,success
2896,0.23862336575984955,-2.5598669052124023,-0.0002505962329450995,0.0006813535001128912,0.0006631023134104908,0.0,-3.0,success
2897,0.23862376809120178,-2.5598669052124023,-0.0002503250725567341,1.5161836927291006e-05,1.2572853847814258e-05,0.0,-3.0,success
2898,0.2386234700679779,-2.5598669052124023,-0.00024983170442283154,1.801230973796919e-05,9.313225746154785e-06,0.0,3.0,success
2899,0.2385765165090561,-2.558833122253418,-0.00024452884099446237,0.03233944624662399,0.03233902156352997,1.0,3.0,success
2900,0.23852716386318207,-2.5577783584594727,-0.00024484453024342656,0.03299742937088013,0.03299742564558983,1.0,-3.0,success
2901,0.2385271191596985,-2.5577571392059326,-0.00025028944946825504,0.0006845860625617206,0.0006631031283177435,0.0,-3.0,success
2902,0.23848320543766022,-2.556723117828369,-0.00024520870647393167,0.03234267979860306,0.03234229236841202,1.0,-3.0,success
2903,0.2384408414363861,-2.5556681156158447,-0.00024542491883039474,0.03299538418650627,0.03299538418650627,1.0,3.0,success
2904,0.23844163119792938,-2.5556468963623047,-0.00025074550649151206,0.000684074591845274,0.0006635607569478452,0.0,-3.0,success
2905,0.23839889466762543,-2.554612874984741,-0.0002455842914059758,0.03234115615487099,0.03234075382351875,1.0,3.0,success
2906,0.23835380375385284,-2.553557872772217,-0.0002457147347740829,0.03299891576170921,0.03299891576170921,1.0,3.0,success
2907,0.23835264146327972,-2.5535366535186768,-0.00025098779588006437,0.0006842342554591596,0.00066409568535164,0.0,3.0,success
2908,0.23830397427082062,-2.5525028705596924,-0.00024575641145929694,0.03234190493822098,0.03234149515628815,1.0,-3.0,success
2909,0.2382575124502182,-2.551447868347168,-0.00024585213395766914,0.033000774681568146,0.033000774681568146,1.0,-3.0,success
2910,0.23821282386779785,-2.5503928661346436,-0.00024622504133731127,0.03299838304519653,0.032998379319906235,1.0,3.0,success
2911,0.2382120043039322,-2.5503716468811035,-0.0002514098596293479,0.0006830900674685836,0.0006635960889980197,0.0,3.0,success
2912,0.2381627857685089,-2.5493381023406982,-0.00024610580294393003,0.03233529254794121,0.03233486786484718,1.0,3.0,success
2913,0.2381107360124588,-2.548283338546753,-0.000246126001002267,0.03300147503614426,0.03300147503614426,1.0,0.0,success
2914,0.23805837333202362,-2.5472285747528076,-0.0002464395365677774,0.03300195932388306,0.03300195932388306,1.0,3.0,success
2915,0.23800431191921234,-2.5461740493774414,-0.0002466886071488261,0.032997194677591324,0.032997194677591324,1.0,-3.0,success
2916,0.23800399899482727,-2.5461528301239014,-0.0002517788961995393,0.0006819847621954978,0.0006631737342104316,0.0,-3.0,success
2917,0.23795373737812042,-2.545119285583496,-0.00024641232448630035,0.03233686834573746,0.032336436212062836,1.0,3.0,success
2918,0.23795251548290253,-2.545098066329956,-0.0002512597420718521,0.0006812551291659474,0.0006642001681029797,0.0,3.0,success
2919,0.23795196413993835,-2.545098066329956,-0.00025085482047870755,2.137693081749603e-05,1.7229467630386353e-05,0.0,3.0,success
2920,0.23789630830287933,-2.54406476020813,-0.0002453500055707991,0.03233807906508446,0.03233762085437775,1.0,-3.0,success
2921,0.237843319773674,-2.5430314540863037,-0.00024177513842005283,0.032333437353372574,0.032333243638277054,1.0,-3.0,success
2922,0.23784352838993073,-2.5430312156677246,-0.0002476386143825948,0.00018350085883866996,9.9000944828731e-06,0.0,0.0,success
2923,0.2378440797328949,-2.5430312156677246,-0.00024786178255453706,1.8587395970826037e-05,1.7229467630386353e-05,0.0,-3.0,success
2924,0.23779404163360596,-2.5419976711273193,-0.00024297188792843372,0.032336458563804626,0.032336097210645676,1.0,3.0,success
2925,0.23779486119747162,-2.5419764518737793,-0.0002484837605152279,0.0006855861865915358,0.0006635960889980197,0.0,-3.0,success
2926,0.23779509961605072,-2.5419764518737793,-0.0002486339944880456,8.80638344824547e-06,7.450580142176477e-06,0.0,-3.0,success
2927,0.23774878680706024,-2.540942907333374,-0.00024358299560844898,0.03233105689287186,0.032330676913261414,1.0,-3.0,success
2928,0.237704798579216,-2.5398876667022705,-0.0002440998941892758,0.03300490975379944,0.03300490602850914,1.0,-3.0,success
2929,0.23766325414180756,-2.538832426071167,-0.0002448130398988724,0.033001821488142014,0.03300181403756142,1.0,-3.0,success
2930,0.23766309022903442,-2.538811445236206,-0.0002502909628674388,0.0006776495138183236,0.0006556710577569902,0.0,3.0,success
2931,0.2376217544078827,-2.5377774238586426,-0.0002452002663630992,0.03233936429023743,0.03233897313475609,1.0,-3.0,success
2932,0.23762162029743195,-2.5377562046051025,-0.0002503008581697941,0.0006820026319473982,0.0006631148862652481,0.0,3.0,success
2933,0.23758035898208618,-2.536722183227539,-0.00024519357248209417,0.032339274883270264,0.03233888000249863,1.0,-3.0,success
2934,0.2375405877828598,-2.5356669425964355,-0.0002454115019645542,0.032999683171510696,0.032999683171510696,1.0,3.0,success
2935,0.23754161596298218,-2.5356457233428955,-0.0002507347671780735,0.0006844042218290269,0.0006638796767219901,0.0,-3.0,success
2936,0.23754215240478516,-2.5356457233428955,-0.0002504494332242757,1.8987691873917356e-05,1.6763806343078613e-05,0.0,-3.0,success
2937,0.23750416934490204,-2.534611701965332,-0.0002450475876685232,0.032335396856069565,0.032334957271814346,1.0,3.0,success
2938,0.2375047504901886,-2.534590482711792,-0.0002501428534742445,0.0006821926799602807,0.0006633502780459821,0.0,-3.0,success
2939,0.2374664843082428,-2.5335562229156494,-0.00024508751812390983,0.032343119382858276,0.032342731952667236,1.0,3.0,success
2940,0.237465500831604,-2.5335352420806885,-0.0002501998678781092,0.0006755341310054064,0.0006563710048794746,0.0,3.0,success
2941,0.23742353916168213,-2.532501220703125,-0.0002451120817568153,0.0323401540517807,0.032339759171009064,1.0,-3.0,success
2942,0.2373839169740677,-2.5314459800720215,-0.0002453361521475017,0.03299950808286667,0.03299950435757637,1.0,-3.0,success
2943,0.23734605312347412,-2.530390501022339,-0.0002458123490214348,0.033004939556121826,0.03300493583083153,1.0,3.0,success
2944,0.23734675347805023,-2.530369281768799,-0.00025106905377469957,0.0006834969390183687,0.0006634627352468669,0.0,-3.0,success
2945,0.23730988800525665,-2.5293352603912354,-0.00024583269259892404,0.032334111630916595,0.03233369439840317,1.0,-3.0,success
2946,0.2373102456331253,-2.5293140411376953,-0.00025079536135308444,0.0006810870254412293,0.0006631958531215787,0.0,-3.0,success
2947,0.23727738857269287,-2.5282797813415527,-0.0002456108923070133,0.03233733028173447,0.032336924225091934,1.0,3.0,success
2948,0.2372426837682724,-2.52722430229187,-0.00024572518304921687,0.03300154209136963,0.03300154209136963,1.0,-3.0,success
2949,0.2372097223997116,-2.5261688232421875,-0.00024612309061922133,0.03299979865550995,0.03299979865550995,1.0,3.0,success
2950,0.23717430233955383,-2.525113344192505,-0.00024644588120281696,0.03300228714942932,0.03300228342413902,1.0,3.0,success
2951,0.23713712394237518,-2.5240578651428223,-0.00024669422418810427,0.03300417587161064,0.03300417587161064,1.0,-3.0,success
2952,0.23713646829128265,-2.5240368843078613,-0.0002517951652407646,0.0006750613683834672,0.0006559711182489991,0.0,3.0,success
2953,0.23709888756275177,-2.5230026245117188,-0.000246414594585076,0.03234238177537918,0.03234194591641426,1.0,3.0,success
2954,0.23709933459758759,-2.522981643676758,-0.0002512496430426836,0.0006729808519594371,0.0006557998713105917,0.0,-3.0,success
2955,0.23706096410751343,-2.5219473838806152,-0.0002459737879689783,0.03234327211976051,0.03234285116195679,1.0,3.0,success
2956,0.23702092468738556,-2.5208921432495117,-0.00024601526092737913,0.032999999821186066,0.032999999821186066,1.0,-3.0,success
2957,0.23698270320892334,-2.519836902618408,-0.0002463551645632833,0.032997891306877136,0.032997891306877136,1.0,3.0,success
2958,0.23694206774234772,-2.5187816619873047,-0.0002466316509526223,0.03300071135163307,0.03300070762634277,1.0,3.0,success
2959,0.23694159090518951,-2.5187811851501465,-0.00025182627723552287,0.00016369418881367892,2.1073423340567388e-05,0.0,0.0,success
2960,0.236898273229599,-2.517747402191162,-0.0002463528944645077,0.03233451768755913,0.032334063202142715,1.0,3.0,success
2961,0.23685334622859955,-2.5166923999786377,-0.00024631479755043983,0.032998695969581604,0.032998695969581604,1.0,-3.0,success
2962,0.23681095242500305,-2.515637159347534,-0.0002465838042553514,0.03300286829471588,0.03300286829471588,1.0,-3.0,success
2963,0.2368110716342926,-2.515615940093994,-0.00025169490254484117,0.0006820767885074019,0.0006631120922975242,0.0,-3.0,success
2964,0.23681075870990753,-2.515615940093994,-0.0002512287173885852,1.7545982700539753e-05,9.778886123967823e-06,0.0,3.0,success
2965,0.23681049048900604,-2.5156161785125732,-0.0002505452430341393,2.4123764887917787e-05,1.1214608093723655e-05,0.0,3.0,success
2966,0.23681087791919708,-2.5156161785125732,-0.000249973643803969,2.1578973246505484e-05,1.2107192560506519e-05,0.0,-3.0,success
2967,0.23681122064590454,-2.5156161785125732,-0.0002495251246728003,1.7639815268921666e-05,1.0710208698583301e-05,0.0,-3.0,success
2968,0.23677413165569305,-2.5145819187164307,-0.0002442814002279192,0.03234180808067322,0.03234139457345009,1.0,-3.0,success
2969,0.2367391437292099,-2.513526439666748,-0.00024466266040690243,0.03300183638930321,0.03300183638930321,1.0,0.0,success
2970,0.2367037534713745,-2.5124709606170654,-0.0002452687476761639,0.033002257347106934,0.033002253621816635,1.0,3.0,success
2971,0.23666658997535706,-2.511415719985962,-0.00024575251154601574,0.03299671784043312,0.03299671411514282,1.0,-3.0,success
2972,0.23663115501403809,-2.5103602409362793,-0.000246159645030275,0.033002302050590515,0.033002302050590515,1.0,3.0,success
2973,0.23663108050823212,-2.5103600025177,-0.0002514493535272777,0.00016548758139833808,7.805904715496581e-06,0.0,0.0,success
2974,0.23659291863441467,-2.5093257427215576,-0.0002460512041579932,0.032343048602342606,0.032342612743377686,1.0,3.0,success
2975,0.23659195005893707,-2.5093047618865967,-0.00025096655008383095,0.0006740836543031037,0.0006563493516296148,0.0,3.0,success
2976,0.23659206926822662,-2.5093047618865967,-0.0002506099408492446,1.1750207704608329e-05,3.7252900710882386e-06,0.0,-3.0,success
2977,0.23659151792526245,-2.5093047618865967,-0.00025005917996168137,2.4353286789846607e-05,1.7229467630386353e-05,0.0,3.0,success
2978,0.23654966056346893,-2.508270740509033,-0.00024469997151754797,0.03234006091952324,0.03233962878584862,1.0,-3.0,success
2979,0.23651012778282166,-2.5072154998779297,-0.0002449919702485204,0.03299940377473831,0.03299940377473831,1.0,-3.0,success
2980,0.23647232353687286,-2.506160259246826,-0.0002455363282933831,0.03299742564558983,0.03299742192029953,1.0,3.0,success
2981,0.236432746052742,-2.5051050186157227,-0.00024596674484200776,0.03299945592880249,0.03299945220351219,1.0,-3.0,success
2982,0.23643307387828827,-2.5050837993621826,-0.0002512020873837173,0.0006830630591139197,0.0006631807773374021,0.0,-3.0,success
2983,0.23643358051776886,-2.5050837993621826,-0.0002508244360797107,1.974703263840638e-05,1.5832483768463135e-05,0.0,-3.0,success
2984,0.23643338680267334,-2.5050837993621826,-0.00025023179478012025,1.948429962794762e-05,6.0535962802532595e-06,0.0,3.0,success
2985,0.23639816045761108,-2.50404953956604,-0.000244848954025656,0.03233979642391205,0.03233936056494713,1.0,3.0,success
2986,0.23635993897914886,-2.5029942989349365,-0.00024511051014997065,0.032997891306877136,0.032997891306877136,1.0,3.0,success
2987,0.2363603115081787,-2.5029730796813965,-0.0002504926233086735,0.0006841984577476978,0.0006632038275711238,0.0,-3.0,success
2988,0.23636001348495483,-2.5029730796813965,-0.00025026052026078105,1.1804463611042593e-05,9.313225746154785e-06,0.0,0.0,success
2989,0.23632168769836426,-2.501938819885254,-0.00024489237694069743,0.03234323486685753,0.03234280273318291,1.0,3.0,success
2990,0.2363205999135971,-2.501917839050293,-0.0002500297559890896,0.0006758756935596466,0.0006565316580235958,0.0,3.0,success
2991,0.2362777590751648,-2.5008838176727295,-0.0002449863823130727,0.03234127536416054,0.0323408879339695,1.0,3.0,success
2992,0.23623190820217133,-2.499828815460205,-0.00024523542379029095,0.03299994021654129,0.03299993649125099,1.0,3.0,success
2993,0.23618365824222565,-2.4987738132476807,-0.0002457219816278666,0.03300328180193901,0.03300328180193901,1.0,3.0,success
2994,0.2361837476491928,-2.4987528324127197,-0.000250996119575575,0.0006760552059859037,0.00065565702971071,0.0,-3.0,success
2995,0.23613692820072174,-2.4977190494537354,-0.00024577361182309687,0.03233924135565758,0.03233883157372475,1.0,-3.0,success
2996,0.23609250783920288,-2.496664047241211,-0.00024586613290011883,0.03299802541732788,0.03299802541732788,1.0,-3.0,success
2997,0.23605063557624817,-2.4956088066101074,-0.0002462259435560554,0.03300222009420395,0.03300221636891365,1.0,-3.0,success
2998,0.23601087927818298,-2.494553327560425,-0.00024653272703289986,0.03300711140036583,0.03300710767507553,1.0,0.0,success
2999,0.23597075045108795,-2.4934983253479004,-0.00024677967303432524,0.0329926572740078,0.0329926572740078,1.0,3.0,success
3000,0.23592881858348846,-2.492443084716797,-0.00024696157197467983,0.03300229460000992,0.03300229460000992,1.0,-3.0,success
3001,0.23588863015174866,-2.4913878440856934,-0.0002471265324857086,0.03300017490983009,0.03300017490983009,1.0,3.0,success
3002,0.23584596812725067,-2.49033260345459,-0.0002472490887157619,0.03300320729613304,0.03300320729613304,1.0,3.0,success
3003,0.2358008325099945,-2.4892776012420654,-0.0002473468193784356,0.03299897536635399,0.03299897536635399,1.0,3.0,success
3004,0.23580114543437958,-2.4892566204071045,-0.00025229575112462044,0.0006737149087712169,0.0006557239685207605,0.0,-3.0,success
3005,0.23580041527748108,-2.4892566204071045,-0.0002517088723834604,2.9274355256347917e-05,2.281740125908982e-05,0.0,3.0,success
3006,0.23575356602668762,-2.48822283744812,-0.00024604573263786733,0.03233935683965683,0.03233887255191803,1.0,3.0,success
3007,0.2357044368982315,-2.487168073654175,-0.0002460582472849637,0.03299710154533386,0.03299710154533386,1.0,-3.0,success
3008,0.23565712571144104,-2.4861130714416504,-0.0002463888085912913,0.03300195187330246,0.03300195187330246,1.0,3.0,success
3009,0.2356560081243515,-2.4860918521881104,-0.0002515409141778946,0.0006832609651610255,0.0006640207138843834,0.0,3.0,success
3010,0.23560433089733124,-2.485058307647705,-0.00024621086777187884,0.03233904018998146,0.03233861178159714,1.0,3.0,success
3011,0.23554949462413788,-2.484003782272339,-0.00024621543707326055,0.03299844264984131,0.03299844264984131,1.0,3.0,success
3012,0.2355479598045349,-2.483982563018799,-0.00025138811906799674,0.00068420305615291,0.0006648339913226664,0.0,3.0,success
3013,0.23548871278762817,-2.482928514480591,-0.0002459853421896696,0.0329914391040802,0.03299101069569588,1.0,0.0,success
3014,0.23542988300323486,-2.4818739891052246,-0.0002461230615153909,0.03300515562295914,0.03300515562295914,1.0,-3.0,success
3015,0.2353735864162445,-2.4808197021484375,-0.0002464351709932089,0.03299340233206749,0.03299340233206749,1.0,-3.0,success
3016,0.23531979322433472,-2.479764938354492,-0.0002466952137183398,0.03300420939922333,0.03300420567393303,1.0,-3.0,success
3017,0.23531995713710785,-2.479743719100952,-0.0002517849497962743,0.0006819298141635954,0.0006631214055232704,0.0,-3.0,success
3018,0.23526981472969055,-2.478710174560547,-0.00024641703930683434,0.03233668580651283,0.03233625367283821,1.0,3.0,success
3019,0.23521743714809418,-2.4776554107666016,-0.0002463806595187634,0.03300198167562485,0.03300198167562485,1.0,3.0,success
3020,0.23516328632831573,-2.4766008853912354,-0.0002466274017933756,0.032997336238622665,0.032997336238622665,1.0,-3.0,success
3021,0.23511160910129547,-2.47554612159729,-0.0002468481834512204,0.03300090506672859,0.03300090506672859,1.0,-3.0,success
3022,0.23506242036819458,-2.4744911193847656,-0.0002470260951668024,0.03300463408231735,0.033004630357027054,1.0,-3.0,success
3023,0.23501530289649963,-2.473436117172241,-0.0002471733605489135,0.03300167992711067,0.03300167992711067,1.0,0.0,success
3024,0.23496848344802856,-2.472381353378296,-0.0002472822670824826,0.032993823289871216,0.032993823289871216,1.0,-3.0,success
3025,0.2349233478307724,-2.4713261127471924,-0.0002473830827511847,0.033006418496370316,0.033006418496370316,1.0,3.0,success
3026,0.2348763793706894,-2.470271348953247,-0.00024744440452195704,0.03299403190612793,0.03299402818083763,1.0,-3.0,success
3027,0.23483110964298248,-2.4692163467407227,-0.00024751259479671717,0.032999154180288315,0.032999154180288315,1.0,3.0,success
3028,0.23478403687477112,-2.4681613445281982,-0.0002475478977430612,0.0330016165971756,0.0330016165971756,1.0,-3.0,success
3029,0.23473867774009705,-2.467106342315674,-0.0002475953951943666,0.032999273389577866,0.032999273389577866,1.0,3.0,success
3030,0.2346908301115036,-2.4660513401031494,-0.0002476239751558751,0.03300270438194275,0.03300270438194275,1.0,3.0,success
3031,0.2346412092447281,-2.464996576309204,-0.0002476364024914801,0.032997824251651764,0.032997824251651764,1.0,-3.0,success
3032,0.23459336161613464,-2.4639415740966797,-0.0002476662921253592,0.03300270438194275,0.03300270438194275,1.0,3.0,success
3033,0.2345430701971054,-2.4628868103027344,-0.0002476808149367571,0.032998811453580856,0.032998811453580856,1.0,3.0,success
3034,0.23449033498764038,-2.461832046508789,-0.0002476921654306352,0.03300253674387932,0.03300253674387932,1.0,3.0,success
3035,0.23443590104579926,-2.460777521133423,-0.0002476907684467733,0.03299779072403908,0.03299779072403908,1.0,-3.0,success
3036,0.23443473875522614,-2.460756540298462,-0.0002525918243918568,0.0006742810364812613,0.0006566563388332725,0.0,3.0,success
3037,0.23443493247032166,-2.460756540298462,-0.00025192523025907576,2.169284016417805e-05,6.0535962802532595e-06,0.0,-3.0,success
3038,0.23443512618541718,-2.460756540298462,-0.0002511012426111847,2.6451627491042018e-05,6.0535962802532595e-06,0.0,-3.0,success
3039,0.23438407480716705,-2.4597229957580566,-0.00024555440177209675,0.03233810514211655,0.03233764320611954,1.0,3.0,success
3040,0.2343308925628662,-2.4586682319641113,-0.0002456755901221186,0.03300324082374573,0.03300323709845543,1.0,3.0,success
3041,0.234331414103508,-2.4586470127105713,-0.00025094448938034475,0.0006834325613453984,0.000663301907479763,0.0,-3.0,success
3042,0.23427776992321014,-2.457613468170166,-0.0002457432565279305,0.03234214708209038,0.032341741025447845,1.0,3.0,success
3043,0.23422209918498993,-2.4565589427948,-0.0002458423259668052,0.032999806106090546,0.032999806106090546,1.0,3.0,success
3044,0.2342204451560974,-2.456537961959839,-0.0002510899503249675,0.0006778216338716447,0.0006576853338629007,0.0,3.0,success
3045,0.23416069149971008,-2.455504894256592,-0.0002458494855090976,0.032337736338377,0.03233731910586357,1.0,3.0,success
3046,0.23409835994243622,-2.4544506072998047,-0.0002459158713463694,0.033003997057676315,0.033003997057676315,1.0,-3.0,success
3047,0.2340976595878601,-2.4544293880462646,-0.0002511463244445622,0.0006833001971244812,0.0006634627352468669,0.0,-3.0,success
3048,0.23404116928577423,-2.4533963203430176,-0.000245893927058205,0.032332006841897964,0.032331593334674835,1.0,-3.0,success
3049,0.23404093086719513,-2.4533751010894775,-0.0002508442848920822,0.0006809486076235771,0.0006631434662267566,0.0,-3.0,success
3050,0.2339896410703659,-2.4523415565490723,-0.00024563862825743854,0.03233841806650162,0.032338012009859085,1.0,-3.0,success
3051,0.2339404821395874,-2.451286554336548,-0.00024575795396231115,0.03300458937883377,0.03300458937883377,1.0,-3.0,success
3052,0.2338937371969223,-2.4502315521240234,-0.0002461397380102426,0.033001165837049484,0.033001162111759186,1.0,-3.0,success
3053,0.2338934987783432,-2.4502105712890625,-0.00025135139003396034,0.000675617135129869,0.000655693409498781,0.0,3.0,success
3054,0.23384708166122437,-2.449176788330078,-0.00024604875943623483,0.032338690012693405,0.03233826532959938,1.0,-3.0,success
3055,0.23384767770767212,-2.449155330657959,-0.0002509680634830147,0.0006882002344354987,0.0006708108703605831,0.0,-3.0,success
3056,0.23380613327026367,-2.4481215476989746,-0.0002457380760461092,0.03233220428228378,0.03233179450035095,1.0,-3.0,success
3057,0.23376615345478058,-2.447066307067871,-0.00024584741913713515,0.032999929040670395,0.032999929040670395,1.0,3.0,success
3058,0.23376719653606415,-2.447045087814331,-0.00025108319823630154,0.0006837669643573463,0.0006639023195020854,0.0,-3.0,success
3059,0.23376742005348206,-2.447044849395752,-0.0002507330500520766,1.4967647985031363e-05,1.0212749657512177e-05,0.0,0.0,success
3060,0.23376794159412384,-2.447044849395752,-0.00025014442508108914,2.4576171199441887e-05,1.6298145055770874e-05,0.0,-3.0,success
3061,0.23372966051101685,-2.4460108280181885,-0.00024478870909661055,0.032335732132196426,0.0323353037238121,1.0,3.0,success
3062,0.2336893081665039,-2.444955587387085,-0.00024505783221684396,0.03300036862492561,0.03300036862492561,1.0,0.0,success
3063,0.23368848860263824,-2.444934368133545,-0.00025046736118383706,0.000684789614751935,0.0006635960889980197,0.0,3.0,success
3064,0.23368877172470093,-2.444934368133545,-0.0002502251591067761,1.164329569292022e-05,8.847564458847046e-06,0.0,-3.0,success
3065,0.23364749550819397,-2.4439003467559814,-0.00024486781330779195,0.03233933448791504,0.03233890235424042,1.0,3.0,success
3066,0.23360386490821838,-2.442845344543457,-0.00024512712843716145,0.032996997237205505,0.032996997237205505,1.0,3.0,success
3067,0.2336025983095169,-2.442824125289917,-0.00025051733246073127,0.0006853056256659329,0.0006642819498665631,0.0,3.0,success
3068,0.23355448246002197,-2.4417693614959717,-0.00024528856738470495,0.032996051013469696,0.032995644956827164,1.0,0.0,success
3069,0.23350606858730316,-2.4407143592834473,-0.0002455764915794134,0.033003512769937515,0.033003512769937515,1.0,3.0,success
3070,0.23345597088336945,-2.439659595489502,-0.0002459885727148503,0.03299852833151817,0.032998524606227875,1.0,-3.0,success
3071,0.23345568776130676,-2.439638614654541,-0.00025121873477473855,0.0006757737137377262,0.0006557107553817332,0.0,-3.0,success
3072,0.23340947926044464,-2.4386045932769775,-0.000245964212808758,0.03234583139419556,0.03234541416168213,1.0,3.0,success
3073,0.23336105048656464,-2.4375498294830322,-0.00024601875338703394,0.03299609199166298,0.03299609199166298,1.0,3.0,success
3074,0.23331020772457123,-2.436495065689087,-0.00024634835426695645,0.032999638468027115,0.032999638468027115,1.0,3.0,success
3075,0.2332569807767868,-2.4354403018951416,-0.0002466260048095137,0.0330033078789711,0.0330033078789711,1.0,3.0,success
3076,0.2332562655210495,-2.4354400634765625,-0.00025182176614180207,0.00016406805661972612,2.3560804038424976e-05,0.0,0.0,success
3077,0.23320211470127106,-2.4344067573547363,-0.00024633764405734837,0.03233557939529419,0.03233512490987778,1.0,-3.0,success
3078,0.2331494837999344,-2.433351993560791,-0.00024632373242639005,0.033002372831106186,0.033002372831106186,1.0,3.0,success
3079,0.23314909636974335,-2.433351755142212,-0.00025156568153761327,0.00016442660125903785,1.4216021554602776e-05,0.0,0.0,success
3080,0.23309366405010223,-2.4323184490203857,-0.0002461434924043715,0.03233769163489342,0.0323372446000576,1.0,3.0,success
3081,0.23303604125976562,-2.4312639236450195,-0.00024615792790427804,0.033003076910972595,0.033003076910972595,1.0,3.0,success
3082,0.23303639888763428,-2.4312429428100586,-0.00025133060989901423,0.0006753760389983654,0.0006557463202625513,0.0,-3.0,success
3083,0.23303622007369995,-2.4312429428100586,-0.00025092490250244737,1.3855169527232647e-05,5.58793499294552e-06,0.0,-3.0,success
3084,0.23298250138759613,-2.4302093982696533,-0.0002454164787195623,0.03234231844544411,0.032341860234737396,1.0,-3.0,success
3085,0.2329309731721878,-2.429154634475708,-0.0002455659268889576,0.03300067409873009,0.03300067409873009,1.0,-3.0,success
3086,0.23288123309612274,-2.4280998706817627,-0.0002459954412188381,0.03299800306558609,0.03299799934029579,1.0,3.0,success
3087,0.2328820824623108,-2.4280786514282227,-0.00025121550424955785,0.0006833876250311732,0.0006636327016167343,0.0,-3.0,success
3088,0.2328823208808899,-2.4280786514282227,-0.00025083415675908327,1.405448801961029e-05,7.450580142176477e-06,0.0,-3.0,success
3089,0.23288190364837646,-2.4280788898468018,-0.00025023965281434357,2.388860229984857e-05,1.501712449680781e-05,0.0,3.0,success
3090,0.23283353447914124,-2.4270451068878174,-0.0002448445011395961,0.03234149515628815,0.03234105929732323,1.0,-3.0,success
3091,0.23278658092021942,-2.425990104675293,-0.00024511784431524575,0.033001452684402466,0.03300144895911217,1.0,3.0,success
3092,0.23278574645519257,-2.425968885421753,-0.000250510114710778,0.0006846743053756654,0.0006636141915805638,0.0,3.0,success
3093,0.2327343076467514,-2.4249353408813477,-0.00024538516299799085,0.03233863785862923,0.03233823925256729,1.0,3.0,success
3094,0.23267965018749237,-2.4238808155059814,-0.0002455548965372145,0.03299815207719803,0.03299815207719803,1.0,3.0,success
3095,0.23267826437950134,-2.4238598346710205,-0.0002508600300643593,0.0006776713998988271,0.0006570796831510961,0.0,3.0,success
3096,0.23261938989162445,-2.4228265285491943,-0.0002456653746776283,0.03234359249472618,0.03234318643808365,1.0,3.0,success
3097,0.23255792260169983,-2.4217722415924072,-0.0002457686932757497,0.03300241380929947,0.03300241380929947,1.0,-3.0,success
3098,0.23249830305576324,-2.42071795463562,-0.00024615804431959987,0.032999102026224136,0.032999102026224136,1.0,3.0,success
3099,0.23243626952171326,-2.419663906097412,-0.00024647411191836,0.03299601003527641,0.03299601003527641,1.0,3.0,success
3100,0.23237255215644836,-2.418609619140625,-0.0002467166632413864,0.03300658240914345,0.03300657868385315,1.0,-3.0,success
3101,0.23237119615077972,-2.418588638305664,-0.00025181318051181734,0.0006760471151210368,0.0006570189725607634,0.0,3.0,success
3102,0.23230765759944916,-2.417555809020996,-0.0002464291173964739,0.03233737125992775,0.03233692795038223,1.0,3.0,success
3103,0.2323060780763626,-2.417534589767456,-0.0002512725186534226,0.0006819449481554329,0.0006649362621828914,0.0,3.0,success
3104,0.23223750293254852,-2.416501998901367,-0.00024598141317255795,0.03233996406197548,0.03233954310417175,1.0,3.0,success
3105,0.2321660816669464,-2.4154484272003174,-0.00024602070334367454,0.0329996794462204,0.0329996794462204,1.0,-3.0,success
3106,0.23209647834300995,-2.4143948554992676,-0.0002463595010340214,0.032995883375406265,0.032995883375406265,1.0,3.0,success
3107,0.23209482431411743,-2.4143736362457275,-0.0002515175729058683,0.0006843666196800768,0.0006651131552644074,0.0,3.0,success
3108,0.23202216625213623,-2.4133412837982178,-0.0002461809490341693,0.03234124928712845,0.03234081342816353,1.0,-3.0,success
3109,0.23190967738628387,-2.4131627082824707,-0.00024413886421825737,0.006595684215426445,0.00659537548199296,1.0,-3.0,success
