step,x,y,z,speed_3d,speed_xy,command_v,command_w,outcome
0,-4.240264892578125,-1.4926091432571411,-0.01016169786453247,0.0,0.0,0.0,0.0,collision
1,-4.240265846252441,-1.4926245212554932,-0.005262074526399374,0.1531139761209488,0.0004814856220036745,0.0,-3.0,collision
2,-4.2402663230896,-1.4926245212554932,-0.004241063259541988,0.0319066047668457,1.4901160284352954e-05,0.0,3.0,collision
3,-4.240219593048096,-1.4915907382965088,-0.0034367169719189405,0.04095853120088577,0.0323387049138546,1.0,3.0,collision
4,-4.240175247192383,-1.4905357360839844,-0.0027978424914181232,0.038567572832107544,0.03299792855978012,1.0,3.0,collision
5,-4.240174770355225,-1.4905145168304443,-0.0022920463234186172,0.015820039436221123,0.0006632690201513469,0.0,-3.0,collision
6,-4.240130424499512,-1.48948073387146,-0.0018781219841912389,0.03482667729258537,0.03233542665839195,1.0,-3.0,collision
7,-4.24008321762085,-1.4884257316589355,-0.001551355584524572,0.03454551845788956,0.03300180658698082,1.0,3.0,collision
8,-4.24003791809082,-1.4873707294464111,-0.001290287938900292,0.03399273008108139,0.0329991951584816,1.0,-3.0,collision
9,-4.2400383949279785,-1.487349510192871,-0.0010864101350307465,0.0064056129194796085,0.0006632690201513469,0.0,3.0,collision
10,-4.239994049072266,-1.4863157272338867,-0.0009139043977484107,0.03278170898556709,0.03233542665839195,1.0,3.0,collision
11,-4.239952087402344,-1.4852604866027832,-0.0007802060572430491,0.03326575085520744,0.0330023318529129,1.0,3.0,collision
12,-4.239912033081055,-1.4842052459716797,-0.0006735564675182104,0.03316788375377655,0.03300001844763756,1.0,-3.0,collision
13,-4.239869117736816,-1.4831501245498657,-0.0005882864934392273,0.0331072136759758,0.032999806106090546,1.0,-3.0,collision
14,-4.2398247718811035,-1.4820950031280518,-0.0005201029707677662,0.033070363104343414,0.033001650124788284,1.0,3.0,collision
15,-4.239782333374023,-1.4810398817062378,-0.00046556314919143915,0.033043187111616135,0.032999202609062195,1.0,3.0,collision
16,-4.239742279052734,-1.4799846410751343,-0.0004219341790303588,0.033028166741132736,0.03300001844763756,1.0,-3.0,collision
17,-4.239699840545654,-1.4789295196533203,-0.0003870616783387959,0.03301719203591347,0.032999202609062195,1.0,3.0,collision
18,-4.239660263061523,-1.4778741598129272,-0.0003591629210859537,0.0330146886408329,0.033003173768520355,1.0,3.0,collision
19,-4.239623069763184,-1.4768189191818237,-0.00033685044036246836,0.03300410881638527,0.03299674764275551,1.0,3.0,collision
20,-4.239588260650635,-1.4757634401321411,-0.0003190060378983617,0.03300636261701584,0.033001650124788284,1.0,3.0,collision
21,-4.239555835723877,-1.4747079610824585,-0.00030473500373773277,0.03300229087471962,0.032999277114868164,1.0,3.0,collision
22,-4.239524841308594,-1.4736523628234863,-0.00029331090627238154,0.03300359472632408,0.03300166130065918,1.0,-3.0,collision
23,-4.239524841308594,-1.4736312627792358,-0.00028906454099342227,0.0006725966231897473,0.0006593763246200979,0.0,-3.0,collision
24,-4.2394890785217285,-1.4725971221923828,-0.0002762205258477479,0.0323387011885643,0.03233620896935463,1.0,-3.0,collision
25,-4.239450931549072,-1.4715417623519897,-0.0002702268830034882,0.033002059906721115,0.033001530915498734,1.0,3.0,collision
26,-4.239414215087891,-1.4704864025115967,-0.0002656989963725209,0.03300024941563606,0.03299994766712189,1.0,-3.0,collision
27,-4.239376068115234,-1.4694310426712036,-0.0002621111925691366,0.033001720905303955,0.033001530915498734,1.0,3.0,collision
28,-4.239339828491211,-1.4683756828308105,-0.00025922307395376265,0.03299955651164055,0.0329994298517704,1.0,-3.0,collision
29,-4.2393388748168945,-1.46835458278656,-0.00026180330314673483,0.0006649563438259065,0.0006600494962185621,0.0,-3.0,collision
30,-4.2392988204956055,-1.4673205614089966,-0.00025442978949286044,0.0323382206261158,0.03233739733695984,1.0,3.0,collision
31,-4.2392988204956055,-1.4672993421554565,-0.00025767122860997915,0.0006707939319312572,0.0006631016149185598,0.0,3.0,collision
32,-4.239263534545898,-1.466265082359314,-0.0002510989143047482,0.032340072095394135,0.032339420169591904,1.0,3.0,collision
33,-4.239264011383057,-1.4662648439407349,-0.0002550973149482161,0.0001260557910427451,1.6660003893775865e-05,0.0,0.0,collision
34,-4.239264488220215,-1.4662648439407349,-0.0002538377302698791,4.208815880701877e-05,1.4901160284352954e-05,0.0,3.0,collision
35,-4.239233016967773,-1.4652304649353027,-0.00024773174664005637,0.03233986347913742,0.03233930096030235,1.0,-3.0,collision
36,-4.239199638366699,-1.4641749858856201,-0.00024742752430029213,0.03300020843744278,0.03300020471215248,1.0,3.0,collision
37,-4.239168643951416,-1.4631195068359375,-0.00024747452698647976,0.03299793601036072,0.03299793601036072,1.0,3.0,collision
38,-4.239140033721924,-1.4620637893676758,-0.00024752647732384503,0.03300328180193901,0.03300328180193901,1.0,3.0,collision
39,-4.239140033721924,-1.4620426893234253,-0.00025243961135856807,0.0006770157488062978,0.0006593763246200979,0.0,-3.0,collision
40,-4.23914098739624,-1.4620426893234253,-0.0002518240944482386,3.54705480276607e-05,2.980232056870591e-05,0.0,3.0,collision
41,-4.239141464233398,-1.4620426893234253,-0.00025102170184254646,2.916828088928014e-05,1.4901160284352954e-05,0.0,3.0,collision
42,-4.239142417907715,-1.4620426893234253,-0.00025036477018147707,3.618871051003225e-05,2.980232056870591e-05,0.0,3.0,collision
43,-4.239141941070557,-1.4620426893234253,-0.00024982838658615947,2.242785740236286e-05,1.4901160284352954e-05,0.0,-3.0,collision
44,-4.239141941070557,-1.4620426893234253,-0.0002494087384548038,1.311400319536915e-05,0.0,0.0,-3.0,collision
45,-4.239115238189697,-1.4610081911087036,-0.0002441996184643358,0.032339245080947876,0.032338835299015045,1.0,3.0,collision
46,-4.239091396331787,-1.459952473640442,-0.0002445919089950621,0.03299958258867264,0.03299957886338234,1.0,3.0,collision
47,-4.239068984985352,-1.4588966369628906,-0.000245196046307683,0.0330023318529129,0.033002328127622604,1.0,-3.0,collision
48,-4.239044189453125,-1.457840919494629,-0.0002457033551763743,0.03300027176737785,0.033000268042087555,1.0,-3.0,collision
49,-4.239043712615967,-1.4578198194503784,-0.0002509918704163283,0.0006799353868700564,0.0006595447193831205,0.0,-3.0,collision
50,-4.239043235778809,-1.4578198194503784,-0.00025065618683584034,1.8223254301119596e-05,1.4901160284352954e-05,0.0,-3.0,collision
51,-4.239012241363525,-1.4567854404449463,-0.0002452132757753134,0.032339297235012054,0.03233885020017624,1.0,3.0,collision
52,-4.239012718200684,-1.4567643404006958,-0.0002502861898392439,0.0006783292046748102,0.0006595447193831205,0.0,3.0,collision
53,-4.238985538482666,-1.4557298421859741,-0.00024518047575838864,0.032339613884687424,0.032339222729206085,1.0,-3.0,collision
54,-4.238986015319824,-1.455708622932434,-0.0002502843562979251,0.0006821766146458685,0.0006632690201513469,0.0,3.0,collision
55,-4.238986015319824,-1.455708622932434,-0.0002500699192751199,6.701156507915584e-06,0.0,0.0,0.0,collision
56,-4.238985538482666,-1.455708622932434,-0.00024961281451396644,2.0642000890802592e-05,1.4901160284352954e-05,0.0,-3.0,collision
57,-4.238956928253174,-1.454674243927002,-0.0002443635312374681,0.032337117940187454,0.032336704432964325,1.0,3.0,collision
58,-4.238930702209473,-1.4536185264587402,-0.00024472284712828696,0.03300134837627411,0.03300134837627411,1.0,3.0,collision
59,-4.238930702209473,-1.4535973072052002,-0.0002501826093066484,0.0006847000331617892,0.0006631016149185598,0.0,-3.0,collision
60,-4.2389044761657715,-1.4525418281555176,-0.00024503134773112833,0.032994288951158524,0.032993897795677185,1.0,0.0,collision
61,-4.2389044761657715,-1.452520728111267,-0.0002502425923012197,0.000679188990034163,0.0006593763246200979,0.0,-3.0,collision
62,-4.238874912261963,-1.451486349105835,-0.0002451611217111349,0.03233793005347252,0.03233754262328148,1.0,-3.0,collision
63,-4.238842964172363,-1.4504307508468628,-0.00024537602439522743,0.033002547919750214,0.033002547919750214,1.0,-3.0,collision
64,-4.2388081550598145,-1.4493753910064697,-0.00024583417689427733,0.03299793228507042,0.03299792855978012,1.0,-3.0,collision
65,-4.238770961761475,-1.4483200311660767,-0.00024621468037366867,0.03300046920776367,0.03300046920776367,1.0,-3.0,collision
66,-4.238731861114502,-1.4472646713256836,-0.0002465197758283466,0.03300262242555618,0.03300262242555618,1.0,-3.0,collision
67,-4.2386908531188965,-1.4462095499038696,-0.00024677341571077704,0.032997436821460724,0.032997436821460724,1.0,3.0,collision
68,-4.238651275634766,-1.4451541900634766,-0.0002469569444656372,0.033003173768520355,0.033003173768520355,1.0,-3.0,collision
69,-4.238609790802002,-1.4440990686416626,-0.0002471128827892244,0.032998017966747284,0.032998017966747284,1.0,-3.0,collision
70,-4.2386088371276855,-1.4440778493881226,-0.0002521189453545958,0.0006819569389335811,0.0006637710030190647,0.0,-3.0,collision
71,-4.238607883453369,-1.444077968597412,-0.00025155796902254224,3.4776065149344504e-05,3.003424899361562e-05,0.0,-3.0,collision
72,-4.238559722900391,-1.4430441856384277,-0.00024592370027676225,0.032341234385967255,0.03234075382351875,1.0,-3.0,collision
73,-4.238508224487305,-1.4419894218444824,-0.0002459721581544727,0.033000633120536804,0.033000633120536804,1.0,-3.0,collision
74,-4.238455772399902,-1.4409347772598267,-0.00024632003623992205,0.032998379319906235,0.032998375594615936,1.0,3.0,collision
75,-4.238405227661133,-1.4398800134658813,-0.00024660301278345287,0.0329991914331913,0.0329991914331913,1.0,3.0,collision
76,-4.238356590270996,-1.4388251304626465,-0.00024682004004716873,0.03300011157989502,0.03300011157989502,1.0,-3.0,collision
77,-4.238306045532227,-1.4377702474594116,-0.00024700319045223296,0.03300291299819946,0.03300291299819946,1.0,-3.0,collision
78,-4.238306522369385,-1.4377491474151611,-0.00025204269331879914,0.0006780859548598528,0.0006595447193831205,0.0,3.0,collision
79,-4.238256931304932,-1.4367156028747559,-0.000246612005867064,0.03233586624264717,0.032335422933101654,1.0,3.0,collision
80,-4.238255977630615,-1.4366943836212158,-0.00025140744401142,0.0006804771837778389,0.0006637710030190647,0.0,-3.0,collision
81,-4.238205909729004,-1.4356608390808105,-0.00024608877720311284,0.03233656659722328,0.03233614191412926,1.0,-3.0,collision
82,-4.238153457641602,-1.4346060752868652,-0.0002461280091665685,0.0330020971596241,0.0330020971596241,1.0,3.0,collision
83,-4.23810338973999,-1.4335511922836304,-0.00024643074721097946,0.03300220146775246,0.03300220146775246,1.0,0.0,collision
84,-4.238102436065674,-1.4335300922393799,-0.0002515680971555412,0.0006792931235395372,0.0006600494962185621,0.0,-3.0,collision
85,-4.238101959228516,-1.4335300922393799,-0.00025111669674515724,2.0519044483080506e-05,1.4901160284352954e-05,0.0,-3.0,collision
86,-4.238048076629639,-1.4324966669082642,-0.0002455816720612347,0.03233886882662773,0.03233840689063072,1.0,3.0,collision
87,-4.2379961013793945,-1.4314420223236084,-0.00024569788365624845,0.03299764171242714,0.03299764171242714,1.0,3.0,collision
88,-4.237995624542236,-1.4314208030700684,-0.00025096203899011016,0.0006833649822510779,0.0006632690201513469,0.0,-3.0,collision
89,-4.23794412612915,-1.430387258529663,-0.00024575780844315886,0.032338742166757584,0.03233833238482475,1.0,3.0,collision
90,-4.237894058227539,-1.4293324947357178,-0.00024584316997788846,0.03299847990274429,0.03299847990274429,1.0,-3.0,collision
91,-4.2378411293029785,-1.4282777309417725,-0.0002462069096509367,0.03300284221768379,0.033002838492393494,1.0,-3.0,collision
92,-4.237786769866943,-1.4272232055664062,-0.00024652277352288365,0.03299767151474953,0.03299767151474953,1.0,3.0,collision
93,-4.237733840942383,-1.426168441772461,-0.00024675624445080757,0.033002838492393494,0.033002838492393494,1.0,-3.0,collision
94,-4.237678527832031,-1.4251139163970947,-0.0002469520550221205,0.03299921751022339,0.03299921751022339,1.0,-3.0,collision
95,-4.237677574157715,-1.4250928163528442,-0.00025199027732014656,0.0006785677396692336,0.0006600494962185621,0.0,-3.0,collision
96,-4.2376179695129395,-1.4240596294403076,-0.00024657032918184996,0.03234121575951576,0.032340772449970245,1.0,-3.0,collision
97,-4.237555503845215,-1.42300546169281,-0.0002465088036842644,0.03300052508711815,0.03300052508711815,1.0,0.0,collision
98,-4.237492561340332,-1.4219512939453125,-0.0002467361046001315,0.03300141170620918,0.03300141170620918,1.0,-3.0,collision
99,-4.237427711486816,-1.420897364616394,-0.00024693578598089516,0.032997578382492065,0.032997578382492065,1.0,-3.0,collision
100,-4.237360000610352,-1.4198434352874756,-0.0002470964682288468,0.03300319239497185,0.03300319239497185,1.0,-3.0,collision
101,-4.237358093261719,-1.419822335243225,-0.000252106023253873,0.0006803214782848954,0.00066206487827003,0.0,-3.0,collision
102,-4.237287521362305,-1.4187899827957153,-0.000246673880610615,0.032336752861738205,0.03233630582690239,1.0,3.0,collision
103,-4.237287521362305,-1.4187897443771362,-0.00025155956973321736,0.00015285945846699178,7.450580142176477e-06,0.0,0.0,collision
104,-4.237219333648682,-1.4177571535110474,-0.0002461244584992528,0.0323391892015934,0.032338742166757584,1.0,3.0,collision
105,-4.237153053283691,-1.416703224182129,-0.0002461315307300538,0.03300035372376442,0.03300035372376442,1.0,-3.0,collision
106,-4.23708438873291,-1.4156494140625,-0.00024644777295179665,0.03300140053033829,0.03300140053033829,1.0,3.0,collision
107,-4.237018585205078,-1.4145954847335815,-0.00024670554557815194,0.032999422401189804,0.032999422401189804,1.0,3.0,collision
108,-4.236955165863037,-1.4135414361953735,-0.00024691212456673384,0.03299858421087265,0.03299858421087265,1.0,3.0,collision
109,-4.236894130706787,-1.4124871492385864,-0.000247077492531389,0.033001627773046494,0.033001627773046494,1.0,3.0,collision
110,-4.236894607543945,-1.4124867916107178,-0.00025218268274329603,0.0001606208534212783,1.862645149230957e-05,0.0,0.0,collision
111,-4.236834526062012,-1.4114537239074707,-0.00024662615032866597,0.03233838081359863,0.032337915152311325,1.0,-3.0,collision
112,-4.2367730140686035,-1.4103994369506836,-0.00024655472952872515,0.033002495765686035,0.033002495765686035,1.0,3.0,collision
113,-4.236773490905762,-1.4103991985321045,-0.00025175034534186125,0.00016321547445841134,1.6660003893775865e-05,0.0,0.0,collision
114,-4.23677396774292,-1.4103991985321045,-0.0002511749917175621,2.3352040443569422e-05,1.4901160284352954e-05,0.0,3.0,collision
115,-4.236717700958252,-1.4093658924102783,-0.00024561412283219397,0.03233911842107773,0.03233865275979042,1.0,3.0,collision
116,-4.2366623878479,-1.408311367034912,-0.00024571287212893367,0.03299921751022339,0.03299921751022339,1.0,-3.0,collision
117,-4.236605167388916,-1.407256841659546,-0.00024610714172013104,0.03300239518284798,0.03300239145755768,1.0,0.0,collision
118,-4.23654842376709,-1.4062024354934692,-0.00024643875076435506,0.032997868955135345,0.032997868955135345,1.0,3.0,collision
119,-4.236494064331055,-1.4051477909088135,-0.0002466989972162992,0.03300139307975769,0.03300139307975769,1.0,3.0,collision
120,-4.236494541168213,-1.4051265716552734,-0.00025178928626701236,0.0006820773705840111,0.0006632690201513469,0.0,3.0,collision
121,-4.236443519592285,-1.4040930271148682,-0.0002463981800246984,0.032338034361600876,0.03233759477734566,1.0,-3.0,collision
122,-4.236391067504883,-1.4030382633209229,-0.00024637614842504263,0.0330020971596241,0.0330020971596241,1.0,3.0,collision
123,-4.23634147644043,-1.4019834995269775,-0.0002466344740241766,0.03299777954816818,0.03299777954816818,1.0,3.0,collision
124,-4.236293315887451,-1.4009284973144531,-0.0002468493185006082,0.033003147691488266,0.033003147691488266,1.0,0.0,collision
125,-4.236293792724609,-1.4009281396865845,-0.00025200570235028863,0.00016220996621996164,1.862645149230957e-05,0.0,0.0,collision
126,-4.236246585845947,-1.3998944759368896,-0.00024649675469845533,0.032336119562387466,0.032335661351680756,1.0,3.0,collision
127,-4.23620080947876,-1.3988394737243652,-0.00024642975768074393,0.03299983963370323,0.03299983963370323,1.0,-3.0,collision
128,-4.236152648925781,-1.3977845907211304,-0.0002466757723595947,0.0329994298517704,0.0329994298517704,1.0,-3.0,collision
129,-4.2361016273498535,-1.396729826927185,-0.0002468873281031847,0.032999906688928604,0.032999906688928604,1.0,-3.0,collision
130,-4.236049175262451,-1.3956751823425293,-0.0002470674808137119,0.032998375594615936,0.032998375594615936,1.0,3.0,collision
131,-4.23599910736084,-1.3946202993392944,-0.0002472017949912697,0.03300220146775246,0.03300220146775246,1.0,3.0,collision
132,-4.235951900482178,-1.3935654163360596,-0.0002473088970873505,0.032998085021972656,0.032998085021972656,1.0,3.0,collision
133,-4.235906600952148,-1.3925102949142456,-0.0002473947242833674,0.03300291672348976,0.03300291672348976,1.0,3.0,collision
134,-4.23586368560791,-1.3914551734924316,-0.0002474580251146108,0.032999806106090546,0.032999806106090546,1.0,0.0,collision
135,-4.235820293426514,-1.3904000520706177,-0.00024750889861024916,0.033000413328409195,0.033000413328409195,1.0,-3.0,collision
136,-4.2358198165893555,-1.3903789520263672,-0.00025243483833037317,0.000677270523738116,0.0006595447193831205,0.0,-3.0,collision
137,-4.235772132873535,-1.3893452882766724,-0.0002469373866915703,0.032336797565221786,0.032336343079805374,1.0,3.0,collision
138,-4.235772609710693,-1.3893240690231323,-0.000251679215580225,0.0006796203670091927,0.0006632690201513469,0.0,3.0,collision
139,-4.235730171203613,-1.3882901668548584,-0.0002463068231008947,0.03233708441257477,0.03233664482831955,1.0,3.0,collision
140,-4.2357306480407715,-1.3882689476013184,-0.00025117394397966564,0.0006804847507737577,0.0006632690201513469,0.0,3.0,collision
141,-4.235693454742432,-1.3872348070144653,-0.00024590262910351157,0.03233820199966431,0.03233778476715088,1.0,3.0,collision
142,-4.235657691955566,-1.3861793279647827,-0.0002459576353430748,0.03300264850258827,0.03300264850258827,1.0,-3.0,collision
143,-4.23561954498291,-1.3851240873336792,-0.0002462983538862318,0.03299780935049057,0.03299780935049057,1.0,-3.0,collision
144,-4.235579013824463,-1.3840688467025757,-0.00024658552138134837,0.033000584691762924,0.033000584691762924,1.0,-3.0,collision
145,-4.2355780601501465,-1.3840476274490356,-0.0002516972308512777,0.0006827219040133059,0.0006637710030190647,0.0,-3.0,collision
146,-4.235533714294434,-1.3830138444900513,-0.00024634713190607727,0.032335855066776276,0.03233542665839195,1.0,3.0,collision
147,-4.235490798950195,-1.3819587230682373,-0.00024631465203128755,0.032999806106090546,0.032999806106090546,1.0,-3.0,collision
148,-4.235445499420166,-1.3809036016464233,-0.00024658426991663873,0.03300292044878006,0.03300291672348976,1.0,-3.0,collision
149,-4.235398769378662,-1.3798487186431885,-0.0002468243765179068,0.03299742192029953,0.03299742192029953,1.0,3.0,collision
150,-4.235353946685791,-1.3787935972213745,-0.00024700729409232736,0.033002279698848724,0.033002279698848724,1.0,3.0,collision
151,-4.235353469848633,-1.378772497177124,-0.00025202432880178094,0.0006779232062399387,0.0006595447193831205,0.0,-3.0,collision
152,-4.235309600830078,-1.37773859500885,-0.0002466085134074092,0.032338954508304596,0.03233851119875908,1.0,3.0,collision
153,-4.235309600830078,-1.37771737575531,-0.0002514164079912007,0.0006799101829528809,0.0006631016149185598,0.0,3.0,collision
154,-4.235269069671631,-1.3766833543777466,-0.00024608534295111895,0.03233841061592102,0.0323379822075367,1.0,-3.0,collision
155,-4.235226631164551,-1.3756282329559326,-0.00024611459230072796,0.032999202609062195,0.032999202609062195,1.0,-3.0,collision
156,-4.235225677490234,-1.3756070137023926,-0.0002513060171622783,0.00068330904468894,0.0006637710030190647,0.0,-3.0,collision
157,-4.2351789474487305,-1.3745732307434082,-0.0002460333926137537,0.03233912214636803,0.0323387049138546,1.0,3.0,collision
158,-4.235133647918701,-1.3735182285308838,-0.0002460637188050896,0.0329991951584816,0.0329991951584816,1.0,-3.0,collision
159,-4.235086441040039,-1.3724632263183594,-0.00024638359900563955,0.03300180658698082,0.03300180658698082,1.0,-3.0,collision
160,-4.235036373138428,-1.371408462524414,-0.00024665394448675215,0.03299847990274429,0.03299847990274429,1.0,-3.0,collision
161,-4.234984397888184,-1.3703536987304688,-0.00024688077974133193,0.033001359552145004,0.033001359552145004,1.0,3.0,collision
162,-4.234984397888184,-1.3703324794769287,-0.0002519346307963133,0.0006816498935222626,0.0006631016149185598,0.0,3.0,collision
163,-4.234936714172363,-1.3692988157272339,-0.0002465147408656776,0.03233678266406059,0.032336343079805374,1.0,-3.0,collision
164,-4.2349371910095215,-1.3692775964736938,-0.0002513520303182304,0.0006802770076319575,0.0006632690201513469,0.0,3.0,collision
165,-4.234936237335205,-1.3692777156829834,-0.0002509189653210342,3.294246198493056e-05,3.003424899361562e-05,0.0,-3.0,collision
166,-4.234936714172363,-1.3692777156829834,-0.0002503061550669372,2.426477658445947e-05,1.4901160284352954e-05,0.0,3.0,collision
167,-4.234936714172363,-1.3692777156829834,-0.0002497925015632063,1.605167199159041e-05,0.0,0.0,3.0,collision
168,-4.234892845153809,-1.3682438135147095,-0.00024449624470435083,0.032338935881853104,0.03233851119875908,1.0,3.0,collision
169,-4.2348504066467285,-1.3671886920928955,-0.00024481836589984596,0.03299920633435249,0.032999202609062195,1.0,-3.0,collision
170,-4.234806060791016,-1.366133451461792,-0.00024539188598282635,0.033005379140377045,0.033005375415086746,1.0,0.0,collision
171,-4.234762191772461,-1.3650784492492676,-0.00024586665676906705,0.032997310161590576,0.03299730643630028,1.0,3.0,collision
172,-4.234719753265381,-1.364023208618164,-0.0002462313568685204,0.03300292789936066,0.03300292417407036,1.0,-3.0,collision
173,-4.23467493057251,-1.3629682064056396,-0.00024653231957927346,0.03299856185913086,0.03299855813384056,1.0,-3.0,collision
174,-4.234628677368164,-1.3619132041931152,-0.00024678363115526736,0.033000487834215164,0.033000487834215164,1.0,3.0,collision
175,-4.234628677368164,-1.3618921041488647,-0.00025185703998431563,0.0006781691336072981,0.0006593763246200979,0.0,3.0,collision
176,-4.234628677368164,-1.3618921041488647,-0.0002513469953555614,1.5938894648570567e-05,0.0,0.0,3.0,collision
177,-4.234588623046875,-1.3608579635620117,-0.00024574456620030105,0.032341595739126205,0.0323411226272583,1.0,-3.0,collision
178,-4.234587669372559,-1.3608368635177612,-0.00025070999981835485,0.0006780435796827078,0.0006600494962185621,0.0,-3.0,collision
179,-4.234543800354004,-1.3598029613494873,-0.00024554182891733944,0.03233891725540161,0.03233851119875908,1.0,3.0,collision
180,-4.2345428466796875,-1.3597818613052368,-0.0002505516749806702,0.0006783624412491918,0.0006600494962185621,0.0,-3.0,collision
181,-4.234499454498291,-1.358747959136963,-0.0002454154600854963,0.03233828395605087,0.03233788162469864,1.0,3.0,collision
182,-4.234457015991211,-1.3576927185058594,-0.0002455687499605119,0.03300292417407036,0.03300292417407036,1.0,-3.0,collision
183,-4.234413146972656,-1.356637716293335,-0.00024599803145974874,0.032997310161590576,0.03299730643630028,1.0,3.0,collision
184,-4.2344136238098145,-1.356616497039795,-0.000251228513661772,0.0006831124192103744,0.0006632690201513469,0.0,3.0,collision
185,-4.234375,-1.355582356452942,-0.0002459608658682555,0.03233984485268593,0.032339420169591904,1.0,3.0,collision
186,-4.234338283538818,-1.3545269966125488,-0.00024601537734270096,0.03299994766712189,0.03299994766712189,1.0,3.0,collision
187,-4.234303951263428,-1.3534715175628662,-0.0002463350829202682,0.033001162111759186,0.033001162111759186,1.0,-3.0,collision
188,-4.2343034744262695,-1.3534504175186157,-0.00025149548309855163,0.0006789733306504786,0.0006595447193831205,0.0,-3.0,collision
189,-4.234264850616455,-1.3524162769317627,-0.00024618583847768605,0.03233984857797623,0.032339420169591904,1.0,3.0,collision
190,-4.234227657318115,-1.3513609170913696,-0.000246185518335551,0.03300046920776367,0.03300046920776367,1.0,-3.0,collision
191,-4.234189033508301,-1.3503055572509766,-0.0002464913413859904,0.03300207480788231,0.03300207108259201,1.0,3.0,collision
192,-4.234151840209961,-1.3492501974105835,-0.0002467303129378706,0.03300046920776367,0.03300046920776367,1.0,-3.0,collision
193,-4.23411226272583,-1.34819495677948,-0.0002469312457833439,0.03299945220351219,0.03299945220351219,1.0,-3.0,collision
194,-4.234070777893066,-1.347139835357666,-0.00024710266734473407,0.032998017966747284,0.032998017966747284,1.0,3.0,collision
195,-4.2340312004089355,-1.346084475517273,-0.000247220101300627,0.033003173768520355,0.033003173768520355,1.0,-3.0,collision
196,-4.233989715576172,-1.345029354095459,-0.00024733328609727323,0.032998017966747284,0.032998017966747284,1.0,3.0,collision
197,-4.233989238739014,-1.345008134841919,-0.00025228544836863875,0.0006810836493968964,0.0006632690201513469,0.0,-3.0,collision
198,-4.233947277069092,-1.343974232673645,-0.00024680598289705813,0.03233649209141731,0.0323360376060009,1.0,-3.0,collision
199,-4.233902454376221,-1.3429192304611206,-0.00024669215781614184,0.03299855813384056,0.03299855813384056,1.0,-3.0,collision
200,-4.233856201171875,-1.3418642282485962,-0.00024689669953659177,0.033000487834215164,0.033000487834215164,1.0,3.0,collision
201,-4.233811378479004,-1.3408091068267822,-0.0002470547042321414,0.033002279698848724,0.033002279698848724,1.0,-3.0,collision
202,-4.2338104248046875,-1.3407880067825317,-0.00025207182625308633,0.0006784150027669966,0.0006600494962185621,0.0,-3.0,collision
203,-4.233809947967529,-1.3407878875732422,-0.00025152493617497385,2.2978278138907626e-05,1.5359764802269638e-05,0.0,0.0,collision
204,-4.233761787414551,-1.339754343032837,-0.0002459039387758821,0.03233378753066063,0.032333310693502426,1.0,3.0,collision
205,-4.233760833740234,-1.3397331237792969,-0.00025082696811296046,0.000681366422213614,0.0006637710030190647,0.0,-3.0,collision
206,-4.233712673187256,-1.338699460029602,-0.000245634961174801,0.03233743831515312,0.03233703225851059,1.0,3.0,collision
207,-4.233712196350098,-1.3386783599853516,-0.0002506260643713176,0.0006777363014407456,0.0006595447193831205,0.0,-3.0,collision
208,-4.233664512634277,-1.3376445770263672,-0.0002454750065226108,0.03234046325087547,0.03234006091952324,1.0,3.0,collision
209,-4.233617782592773,-1.3365895748138428,-0.0002456163347233087,0.033001139760017395,0.033001139760017395,1.0,-3.0,collision
210,-4.233569622039795,-1.335534691810608,-0.00024603615747764707,0.0329994335770607,0.0329994298517704,1.0,3.0,collision
211,-4.233570098876953,-1.3355134725570679,-0.00025125901447609067,0.0006830554339103401,0.0006632690201513469,0.0,3.0,collision
212,-4.233526706695557,-1.334479570388794,-0.0002459853421896696,0.032338306307792664,0.03233788162469864,1.0,3.0,collision
213,-4.233486175537109,-1.3334243297576904,-0.0002460349933244288,0.033000584691762924,0.033000584691762924,1.0,3.0,collision
214,-4.233486652374268,-1.3334239721298218,-0.00025133462622761726,0.0001666576717980206,1.862645149230957e-05,0.0,0.0,collision
215,-4.233487606048584,-1.3334239721298218,-0.0002508425968699157,3.353501597302966e-05,2.980232056870591e-05,0.0,3.0,collision
216,-4.2334513664245605,-1.3323898315429688,-0.0002453483466524631,0.03233718499541283,0.032336730509996414,1.0,3.0,collision
217,-4.233417987823486,-1.3313343524932861,-0.00024551074602641165,0.03300020471215248,0.03300020471215248,1.0,3.0,collision
218,-4.233386516571045,-1.330278754234314,-0.0002459414245095104,0.0330021046102047,0.0330021008849144,1.0,3.0,collision
219,-4.233386993408203,-1.3302576541900635,-0.0002511712664272636,0.0006794920191168785,0.0006595447193831205,0.0,-3.0,collision
220,-4.233354568481445,-1.3292232751846313,-0.00024591395049355924,0.0323406383395195,0.032340217381715775,1.0,-3.0,collision
221,-4.2333197593688965,-1.3281677961349487,-0.00024598362506367266,0.033001650124788284,0.033001650124788284,1.0,0.0,collision
222,-4.233284950256348,-1.3271123170852661,-0.00024632085114717484,0.033001650124788284,0.033001650124788284,1.0,0.0,collision
223,-4.233250617980957,-1.3260568380355835,-0.0002466095320414752,0.033001162111759186,0.033001162111759186,1.0,3.0,collision
224,-4.233218193054199,-1.3250013589859009,-0.00024683558149263263,0.032999277114868164,0.032999277114868164,1.0,3.0,collision
225,-4.233187198638916,-1.3239672183990479,-0.0002429884043522179,0.03233162686228752,0.032331403344869614,1.0,-3.0,collision
226,-4.233154296875,-1.3229118585586548,-0.00024363437842112035,0.03299602121114731,0.03299601376056671,1.0,3.0,collision
227,-4.233154773712158,-1.3228906393051147,-0.00024932416272349656,0.0006866882322356105,0.0006632690201513469,0.0,3.0,collision
228,-4.233126163482666,-1.3218562602996826,-0.0002444252895656973,0.032337069511413574,0.032336704432964325,1.0,-3.0,collision
229,-4.233095645904541,-1.32080078125,-0.0002447979641146958,0.032997503876686096,0.032997503876686096,1.0,3.0,collision
230,-4.233067035675049,-1.3197450637817383,-0.00024536714772693813,0.03300328925251961,0.03300328180193901,1.0,0.0,collision
231,-4.233038902282715,-1.3186894655227661,-0.00024584654602222145,0.03299916163086891,0.03299915790557861,1.0,3.0,collision
232,-4.233039379119873,-1.318668246269226,-0.00025110793649218976,0.0006833442021161318,0.0006632690201513469,0.0,3.0,collision
233,-4.233016490936279,-1.3176337480545044,-0.0002458644157741219,0.03233639523386955,0.032335978001356125,1.0,3.0,collision
234,-4.2330169677734375,-1.3176333904266357,-0.0002509119512978941,0.00015883143350947648,1.862645149230957e-05,0.0,0.0,collision
235,-4.232996463775635,-1.316598892211914,-0.00024560667225159705,0.032334841787815094,0.03233441710472107,1.0,3.0,collision
236,-4.232977867126465,-1.3155430555343628,-0.0002457170921843499,0.03300001472234726,0.03300001472234726,1.0,-3.0,collision
237,-4.232957363128662,-1.3144872188568115,-0.0002461165131535381,0.033001117408275604,0.033001117408275604,1.0,3.0,collision
238,-4.232938766479492,-1.3134313821792603,-0.00024643048527650535,0.03300001472234726,0.03300001472234726,1.0,-3.0,collision
239,-4.232938289642334,-1.3134102821350098,-0.0002515725791454315,0.0006788377068005502,0.0006595447193831205,0.0,-3.0,collision
240,-4.232914447784424,-1.3123756647109985,-0.00024623601348139346,0.03234080970287323,0.03234037384390831,1.0,-3.0,collision
241,-4.232913970947266,-1.312354564666748,-0.00025111783179454505,0.0006769584724679589,0.0006595447193831205,0.0,-3.0,collision
242,-4.232913494110107,-1.312354564666748,-0.0002507423341739923,1.896676985779777e-05,1.4901160284352954e-05,0.0,-3.0,collision
243,-4.232913017272949,-1.312354564666748,-0.00025015519349835813,2.3636814148630947e-05,1.4901160284352954e-05,0.0,-3.0,collision
244,-4.232879638671875,-1.3113203048706055,-0.000244786380790174,0.03233787789940834,0.03233744204044342,1.0,-3.0,collision
245,-4.232844352722168,-1.3102649450302124,-0.00024507168564014137,0.032998424023389816,0.032998424023389816,1.0,3.0,collision
246,-4.2328104972839355,-1.3092094659805298,-0.000245580478804186,0.03300068527460098,0.033000681549310684,1.0,-3.0,collision
247,-4.232809543609619,-1.3091882467269897,-0.0002508925972506404,0.0006842142902314663,0.0006637710030190647,0.0,-3.0,collision
248,-4.232772350311279,-1.3081541061401367,-0.0002457033551763743,0.03233819082379341,0.03233778476715088,1.0,3.0,collision
249,-4.232771396636963,-1.3081330060958862,-0.0002506815653759986,0.0006781350239180028,0.0006600494962185621,0.0,-3.0,collision
250,-4.232734203338623,-1.3070988655090332,-0.00024551947717554867,0.03233818709850311,0.03233778476715088,1.0,3.0,collision
251,-4.232699394226074,-1.3060433864593506,-0.0002456621150486171,0.033001650124788284,0.033001650124788284,1.0,3.0,collision
252,-4.232666492462158,-1.304987907409668,-0.0002460526302456856,0.03299973905086517,0.03299973905086517,1.0,-3.0,collision
253,-4.232631206512451,-1.3039324283599854,-0.0002463990531396121,0.03300214558839798,0.03300214558839798,1.0,3.0,collision
254,-4.232631683349609,-1.3039320707321167,-0.00025164076942019165,0.00016485924425069243,1.862645149230957e-05,0.0,0.0,collision
255,-4.232632160186768,-1.3039320707321167,-0.00025108811678364873,2.2810329028288834e-05,1.4901160284352954e-05,0.0,3.0,collision
256,-4.232602119445801,-1.3028978109359741,-0.00024554471019655466,0.03233471140265465,0.03233424946665764,1.0,3.0,collision
257,-4.232573986053467,-1.3018420934677124,-0.0002456676447764039,0.03300287947058678,0.03300287947058678,1.0,3.0,collision
258,-4.232548236846924,-1.3007864952087402,-0.0002460562391206622,0.0329972580075264,0.0329972542822361,1.0,-3.0,collision
259,-4.232519626617432,-1.299730896949768,-0.00024639119510538876,0.03299956023693085,0.03299956023693085,1.0,-3.0,collision
260,-4.232488632202148,-1.298675298690796,-0.00024666046374477446,0.03300166130065918,0.03300166130065918,1.0,-3.0,collision
261,-4.232487678527832,-1.2986541986465454,-0.00025175712653435767,0.0006789937615394592,0.0006600494962185621,0.0,-3.0,collision
262,-4.232452392578125,-1.2976199388504028,-0.00024639509501866996,0.032339856028556824,0.032339420169591904,1.0,3.0,collision
263,-4.232452869415283,-1.2975987195968628,-0.00025124551029875875,0.0006803682190366089,0.0006632690201513469,0.0,3.0,collision
264,-4.232452869415283,-1.2975987195968628,-0.00025083820219151676,1.2728377441817429e-05,0.0,0.0,0.0,collision
265,-4.232422828674316,-1.2965643405914307,-0.00024535341071896255,0.032338425517082214,0.0323379710316658,1.0,3.0,collision
266,-4.232423782348633,-1.2965431213378906,-0.0002503979194443673,0.0006822335417382419,0.0006637710030190647,0.0,3.0,collision
267,-4.232423782348633,-1.2965431213378906,-0.000250159646384418,7.446032668667613e-06,0.0,0.0,0.0,collision
268,-4.23239803314209,-1.295508623123169,-0.00024479918647557497,0.03233851119875908,0.03233807906508446,1.0,-3.0,collision
269,-4.232369422912598,-1.2944530248641968,-0.0002450722095090896,0.03299956023693085,0.03299956023693085,1.0,-3.0,collision
270,-4.232339382171631,-1.2933974266052246,-0.0002456005313433707,0.03300080448389053,0.033000800758600235,1.0,3.0,collision
271,-4.232311725616455,-1.2923418283462524,-0.00024602789198979735,0.032998766750097275,0.032998766750097275,1.0,3.0,collision
272,-4.232285976409912,-1.2912861108779907,-0.00024635999579913914,0.03300097957253456,0.03300097957253456,1.0,-3.0,collision
273,-4.232258319854736,-1.2902305126190186,-0.00024664553347975016,0.032998766750097275,0.032998766750097275,1.0,3.0,collision
274,-4.232233047485352,-1.2891747951507568,-0.0002468645107001066,0.03300062194466591,0.03300062194466591,1.0,3.0,collision
275,-4.2322096824646,-1.2881189584732056,-0.0002470290055498481,0.03300297260284424,0.03300297260284424,1.0,-3.0,collision
276,-4.2322096824646,-1.2881187200546265,-0.0002521534916013479,0.0001603134151082486,7.450580142176477e-06,0.0,0.0,collision
277,-4.232184410095215,-1.2870842218399048,-0.00024661511997692287,0.03233817219734192,0.03233771026134491,1.0,3.0,collision
278,-4.232161521911621,-1.286028504371643,-0.00024653464788571,0.03299892321228981,0.03299892321228981,1.0,3.0,collision
279,-4.232141494750977,-1.2849726676940918,-0.0002467606100253761,0.033000826835632324,0.033000826835632324,1.0,3.0,collision
280,-4.232142448425293,-1.2849514484405518,-0.00025183771504089236,0.0006824696320109069,0.0006637710030190647,0.0,3.0,collision
281,-4.2321271896362305,-1.2839168310165405,-0.00024644864606671035,0.03233574703335762,0.0323353074491024,1.0,3.0,collision
282,-4.232114315032959,-1.2828608751296997,-0.00024640560150146484,0.03300107270479202,0.03300107270479202,1.0,3.0,collision
283,-4.2321038246154785,-1.2818049192428589,-0.0002466578152962029,0.03300024941563606,0.033000245690345764,1.0,3.0,collision
284,-4.232095718383789,-1.2807488441467285,-0.0002468735910952091,0.0330033153295517,0.0330033153295517,1.0,3.0,collision
285,-4.232089519500732,-1.2796928882598877,-0.00024703596136532724,0.032999187707901,0.032999187707901,1.0,-3.0,collision
286,-4.232090473175049,-1.2796716690063477,-0.0002520682755857706,0.0006821455899626017,0.0006637710030190647,0.0,3.0,collision
287,-4.232090473175049,-1.2796717882156372,-0.0002515066007617861,1.794330819393508e-05,3.7252900710882386e-06,0.0,-3.0,collision
288,-4.232081413269043,-1.2786370515823364,-0.00024588164524175227,0.032337237149477005,0.0323367603123188,1.0,-3.0,collision
289,-4.232070446014404,-1.2775810956954956,-0.00024594843853265047,0.033000398427248,0.033000398427248,1.0,3.0,collision
290,-4.23206090927124,-1.2765250205993652,-0.00024628150276839733,0.03300369158387184,0.03300369158387184,1.0,-3.0,collision
291,-4.232049942016602,-1.2754690647125244,-0.00024658197071403265,0.033000398427248,0.033000398427248,1.0,3.0,collision
292,-4.2320404052734375,-1.2744131088256836,-0.0002468035672791302,0.03299996629357338,0.03299996629357338,1.0,-3.0,collision
293,-4.232039928436279,-1.274392008781433,-0.00025187089340761304,0.0006782884593121707,0.0006595447193831205,0.0,-3.0,collision
294,-4.23202657699585,-1.2733572721481323,-0.0002464862773194909,0.032338645309209824,0.032338209450244904,1.0,3.0,collision
295,-4.2320146560668945,-1.2723013162612915,-0.0002464258286636323,0.03300072252750397,0.03300072252750397,1.0,-3.0,collision
296,-4.232001304626465,-1.2712453603744507,-0.0002466834266670048,0.033001258969306946,0.033001258969306946,1.0,3.0,collision
297,-4.231990337371826,-1.2701894044876099,-0.00024688889971002936,0.033000398427248,0.033000398427248,1.0,0.0,collision
298,-4.231978416442871,-1.269133448600769,-0.00024705397663637996,0.03300072252750397,0.03300072252750397,1.0,-3.0,collision
299,-4.231965065002441,-1.2680776119232178,-0.00024720068904571235,0.032997533679008484,0.032997533679008484,1.0,3.0,collision
300,-4.2319536209106445,-1.267021656036377,-0.00024729841970838606,0.033000554889440536,0.033000554889440536,1.0,-3.0,collision
301,-4.231939315795898,-1.2659657001495361,-0.00024738567299209535,0.033001646399497986,0.033001646399497986,1.0,-3.0,collision
302,-4.231938362121582,-1.2659446001052856,-0.0002523367293179035,0.0006779408431611955,0.0006600494962185621,0.0,-3.0,collision
303,-4.23193883895874,-1.2659446001052856,-0.00025174207985401154,2.3819422494852915e-05,1.4901160284352954e-05,0.0,3.0,collision
304,-4.23193883895874,-1.2659446001052856,-0.0002509556943550706,2.4574545022915117e-05,0.0,0.0,3.0,collision
305,-4.231924057006836,-1.2649099826812744,-0.00024541703169234097,0.0323355533182621,0.03233509138226509,1.0,-3.0,collision
306,-4.231906890869141,-1.2638540267944336,-0.0002455655485391617,0.033002980053424835,0.033002980053424835,1.0,-3.0,collision
307,-4.231906890869141,-1.263832926750183,-0.00025087763788178563,0.0006799515685997903,0.0006593763246200979,0.0,3.0,collision
308,-4.231889724731445,-1.2627981901168823,-0.00024566909996792674,0.03234037756919861,0.03233996778726578,1.0,-3.0,collision
309,-4.231888771057129,-1.2627770900726318,-0.00025066433590836823,0.0006782572600059211,0.0006600494962185621,0.0,-3.0,collision
310,-4.231888771057129,-1.2627769708633423,-0.00025038470630533993,9.499361112830229e-06,3.7252900710882386e-06,0.0,0.0,collision
311,-4.23186731338501,-1.2617424726486206,-0.0002449908934067935,0.03233546018600464,0.03233502060174942,1.0,3.0,collision
312,-4.23184871673584,-1.2606865167617798,-0.00024522480089217424,0.03300373628735542,0.03300373628735542,1.0,3.0,collision
313,-4.231832504272461,-1.2596306800842285,-0.0002457023074384779,0.032998789101839066,0.03299878537654877,1.0,-3.0,collision
314,-4.231832504272461,-1.2596094608306885,-0.00025100138736888766,0.0006834660889580846,0.0006631016149185598,0.0,3.0,collision
315,-4.231832027435303,-1.259609580039978,-0.0002506533346604556,1.882083415694069e-05,1.5359764802269638e-05,0.0,-3.0,collision
316,-4.231813907623291,-1.2585538625717163,-0.0002451078034937382,0.03299648314714432,0.032996028661727905,1.0,0.0,collision
317,-4.231794834136963,-1.257498025894165,-0.0002454073983244598,0.03300027921795845,0.03300027921795845,1.0,-3.0,collision
318,-4.231794357299805,-1.2574769258499146,-0.00025074381846934557,0.0006803008145652711,0.0006595447193831205,0.0,-3.0,collision
319,-4.2317705154418945,-1.2564423084259033,-0.0002455726789776236,0.03234077990055084,0.03234037384390831,1.0,-3.0,collision
320,-4.231769561767578,-1.2564212083816528,-0.0002505875891074538,0.0006783989956602454,0.0006600494962185621,0.0,-3.0,collision
321,-4.23176908493042,-1.2564212083816528,-0.00025031843688338995,1.7111095075961202e-05,1.4901160284352954e-05,0.0,-3.0,collision
322,-4.23176908493042,-1.2564212083816528,-0.0002498263493180275,1.537773641757667e-05,0.0,0.0,3.0,collision
323,-4.2317399978637695,-1.2553868293762207,-0.0002445138816256076,0.03233754634857178,0.032337117940187454,1.0,-3.0,collision
324,-4.2317094802856445,-1.2543312311172485,-0.00024485334870405495,0.03300122916698456,0.03300122544169426,1.0,3.0,collision
325,-4.231680393218994,-1.2532756328582764,-0.00024540588492527604,0.03299997001886368,0.03299996629357338,1.0,-3.0,collision
326,-4.231679439544678,-1.2532544136047363,-0.0002507530152797699,0.0006844805902801454,0.0006637710030190647,0.0,-3.0,collision
327,-4.2316789627075195,-1.2532545328140259,-0.00025046529481187463,1.779790000000503e-05,1.5359764802269638e-05,0.0,-3.0,collision
328,-4.231643199920654,-1.2522202730178833,-0.00024504936300218105,0.03234037384390831,0.03233993425965309,1.0,-3.0,collision
329,-4.231643199920654,-1.2521991729736328,-0.0002501660492271185,0.0006784865981899202,0.0006593763246200979,0.0,3.0,collision
330,-4.231607913970947,-1.2511649131774902,-0.00024509531795047224,0.03233981132507324,0.032339420169591904,1.0,3.0,collision
331,-4.231574535369873,-1.2501094341278076,-0.00024531225790269673,0.03300020471215248,0.03300020471215248,1.0,-3.0,collision
332,-4.231574058532715,-1.2500883340835571,-0.00025066413218155503,0.000680419325362891,0.0006595447193831205,0.0,-3.0,collision
333,-4.231536865234375,-1.249054193496704,-0.0002455198555253446,0.032338183373212814,0.03233778476715088,1.0,3.0,collision
334,-4.23150110244751,-1.2479987144470215,-0.0002456530637573451,0.03300264850258827,0.03300264850258827,1.0,-3.0,collision
335,-4.23146390914917,-1.2469433546066284,-0.00024606543593108654,0.03300046920776367,0.03300046920776367,1.0,3.0,collision
336,-4.231428146362305,-1.2458879947662354,-0.0002463898272253573,0.03299892693758011,0.03299892321228981,1.0,-3.0,collision
337,-4.231390476226807,-1.2448325157165527,-0.0002466640726197511,0.03300471976399422,0.03300471603870392,1.0,0.0,collision
338,-4.231353282928467,-1.2437771558761597,-0.00024688479606993496,0.03300046920776367,0.03300046920776367,1.0,3.0,collision
339,-4.231353759765625,-1.2437560558319092,-0.0002519378322176635,0.0006781843258067966,0.0006595447193831205,0.0,3.0,collision
340,-4.231320381164551,-1.2427217960357666,-0.00024651738931424916,0.03233788534998894,0.03233744204044342,1.0,-3.0,collision
341,-4.2312846183776855,-1.241666316986084,-0.00024646089877933264,0.03300264850258827,0.03300264850258827,1.0,-3.0,collision
342,-4.231246471405029,-1.2406110763549805,-0.00024670176208019257,0.03299780935049057,0.03299780935049057,1.0,-3.0,collision
343,-4.23120641708374,-1.239555835723877,-0.00024691829457879066,0.03300001844763756,0.03300001844763756,1.0,3.0,collision
344,-4.2311692237854,-1.2385004758834839,-0.0002470823237672448,0.03300046920776367,0.03300046920776367,1.0,3.0,collision
345,-4.231133460998535,-1.2374449968338013,-0.00024720330839045346,0.03300264850258827,0.03300264850258827,1.0,-3.0,collision
346,-4.231096267700195,-1.2363897562026978,-0.0002473198692314327,0.03299674764275551,0.03299674764275551,1.0,3.0,collision
347,-4.2310614585876465,-1.2353342771530151,-0.0002474037173669785,0.033001650124788284,0.033001650124788284,1.0,3.0,collision
348,-4.2310285568237305,-1.234278678894043,-0.00024746524286456406,0.03300346061587334,0.03300346061587334,1.0,0.0,collision
349,-4.2310285568237305,-1.2342575788497925,-0.00025239563547074795,0.0006771382759325206,0.0006593763246200979,0.0,-3.0,collision
350,-4.230993270874023,-1.233202338218689,-0.000246803043410182,0.032995160669088364,0.032994698733091354,1.0,0.0,collision
351,-4.230957984924316,-1.232146978378296,-0.0002467880549374968,0.032998424023389816,0.032998424023389816,1.0,3.0,collision
352,-4.230925559997559,-1.2310914993286133,-0.000246967829298228,0.032999277114868164,0.032999277114868164,1.0,3.0,collision
353,-4.230895042419434,-1.2300357818603516,-0.0002471160842105746,0.03300495073199272,0.03300495073199272,1.0,0.0,collision
354,-4.23086404800415,-1.228980302810669,-0.0002472354390192777,0.03299793601036072,0.03299793601036072,1.0,-3.0,collision
355,-4.230830669403076,-1.2279248237609863,-0.00024733529426157475,0.03300020471215248,0.03300020471215248,1.0,-3.0,collision
356,-4.230795383453369,-1.2268694639205933,-0.00024742583627812564,0.032998424023389816,0.032998424023389816,1.0,3.0,collision
357,-4.230795383453369,-1.2268483638763428,-0.0002523704606574029,0.000677239615470171,0.0006593763246200979,0.0,3.0,collision
358,-4.230765342712402,-1.2258139848709106,-0.00024687458062544465,0.03233842924237251,0.0323379710316658,1.0,3.0,collision
359,-4.230737686157227,-1.2247583866119385,-0.00024674597079865634,0.032998766750097275,0.032998766750097275,1.0,3.0,collision
360,-4.230737686157227,-1.2247371673583984,-0.00025180052034556866,0.000681654957588762,0.0006631016149185598,0.0,-3.0,collision
361,-4.230710029602051,-1.2237027883529663,-0.0002464288263581693,0.03233632817864418,0.03233589231967926,1.0,3.0,collision
362,-4.230685234069824,-1.2226470708847046,-0.0002463902346789837,0.033000268042087555,0.033000268042087555,1.0,3.0,collision
363,-4.230685234069824,-1.2226258516311646,-0.00025151611771434546,0.000682174926623702,0.0006631016149185598,0.0,-3.0,collision
364,-4.2306599617004395,-1.2215913534164429,-0.0002462012926116586,0.03233813866972923,0.03233771026134491,1.0,3.0,collision
365,-4.230637550354004,-1.2205356359481812,-0.00024620836484245956,0.03299860283732414,0.03299860283732414,1.0,3.0,collision
366,-4.230616092681885,-1.2194797992706299,-0.00024648933322168887,0.03300170972943306,0.03300170972943306,1.0,-3.0,collision
367,-4.230593204498291,-1.2184239625930786,-0.00024674838641658425,0.03300264850258827,0.03300264850258827,1.0,3.0,collision
368,-4.230572700500488,-1.217368245124817,-0.00024694702005945146,0.03299739211797714,0.03299739211797714,1.0,3.0,collision
369,-4.230573654174805,-1.2173470258712769,-0.00025198751245625317,0.000682204554323107,0.0006637710030190647,0.0,3.0,collision
370,-4.230574131011963,-1.2173470258712769,-0.00025144146638922393,2.2654417989542708e-05,1.4901160284352954e-05,0.0,-3.0,collision
371,-4.230555057525635,-1.2163124084472656,-0.00024582940386608243,0.03233776241540909,0.032337285578250885,1.0,-3.0,collision
372,-4.230534076690674,-1.2152565717697144,-0.0002459067036397755,0.033001407980918884,0.033001407980918884,1.0,3.0,collision
373,-4.2305145263671875,-1.214200735092163,-0.000246248091571033,0.03300055116415024,0.03300055116415024,1.0,-3.0,collision
374,-4.230493545532227,-1.2131448984146118,-0.0002465552825015038,0.03300141170620918,0.033001407980918884,1.0,3.0,collision
375,-4.230474948883057,-1.2120890617370605,-0.0002467923623044044,0.03300001472234726,0.03300001472234726,1.0,3.0,collision
376,-4.2304582595825195,-1.2110332250595093,-0.0002469712926540524,0.03299901634454727,0.03299901634454727,1.0,-3.0,collision
377,-4.230439186096191,-1.209977388381958,-0.0002471344487275928,0.03300027921795845,0.03300027921795845,1.0,3.0,collision
378,-4.230422496795654,-1.2089215517044067,-0.00024724536342546344,0.03299901634454727,0.03299901634454727,1.0,-3.0,collision
379,-4.230402946472168,-1.2078657150268555,-0.0002473431231919676,0.03300055116415024,0.03300055116415024,1.0,-3.0,collision
380,-4.23040246963501,-1.2078653573989868,-0.00025240503600798547,0.0001592776388861239,1.862645149230957e-05,0.0,0.0,collision
381,-4.230381488800049,-1.2068308591842651,-0.0002468163438607007,0.03233518823981285,0.032334715127944946,1.0,3.0,collision
382,-4.230362415313721,-1.2057749032974243,-0.00024669026606716216,0.033004000782966614,0.033004000782966614,1.0,0.0,collision
383,-4.230343818664551,-1.204719066619873,-0.00024688520352356136,0.03300001472234726,0.03300001472234726,1.0,0.0,collision
384,-4.2303242683410645,-1.2036632299423218,-0.00024705054238438606,0.03300055116415024,0.03300055116415024,1.0,-3.0,collision
385,-4.230302810668945,-1.20260751247406,-0.0002471876214258373,0.0329979844391346,0.0329979844391346,1.0,-3.0,collision
386,-4.230301856994629,-1.2025864124298096,-0.0002521784626878798,0.000678225711453706,0.0006600494962185621,0.0,-3.0,collision
387,-4.230301380157471,-1.2025864124298096,-0.00025160537916235626,2.3297463485505432e-05,1.4901160284352954e-05,0.0,-3.0,collision
388,-4.2302727699279785,-1.2015520334243774,-0.000245961535256356,0.03233718499541283,0.032336704432964325,1.0,-3.0,collision
389,-4.230241775512695,-1.2004965543746948,-0.0002460121759213507,0.03299793601036072,0.03299793601036072,1.0,3.0,collision
390,-4.230212688446045,-1.199440836906433,-0.00024633260909467936,0.03300369158387184,0.03300368785858154,1.0,-3.0,collision
391,-4.23018217086792,-1.1983853578567505,-0.0002466227160766721,0.032997503876686096,0.032997503876686096,1.0,3.0,collision
392,-4.23018217086792,-1.1983641386032104,-0.00025172834284603596,0.0006820265552960336,0.0006631016149185598,0.0,3.0,collision
393,-4.230156898498535,-1.1973296403884888,-0.00024636066518723965,0.03233814612030983,0.03233771026134491,1.0,3.0,collision
394,-4.230156421661377,-1.1973085403442383,-0.000251206336542964,0.000676704861689359,0.0006595447193831205,0.0,-3.0,collision
395,-4.230131149291992,-1.1962740421295166,-0.0002459393872413784,0.032338131219148636,0.03233771026134491,1.0,3.0,collision
396,-4.23010778427124,-1.1952183246612549,-0.00024598767049610615,0.032999251037836075,0.032999251037836075,1.0,-3.0,collision
397,-4.230107307434082,-1.1951971054077148,-0.00025120380450971425,0.0006830052589066327,0.0006632690201513469,0.0,-3.0,collision
398,-4.23010778427124,-1.1951971054077148,-0.000250835350016132,1.8831393390428275e-05,1.4901160284352954e-05,0.0,3.0,collision
399,-4.2300825119018555,-1.1941626071929932,-0.00024534674594178796,0.03233816847205162,0.03233771026134491,1.0,3.0,collision
400,-4.230058670043945,-1.1931068897247314,-0.00024549925001338124,0.03299957886338234,0.03299957886338234,1.0,-3.0,collision
401,-4.230032920837402,-1.1920511722564697,-0.000245931267272681,0.03300098329782486,0.03300097957253456,1.0,-3.0,collision
402,-4.230031967163086,-1.1920299530029297,-0.0002511733619030565,0.0006836866959929466,0.0006637710030190647,0.0,-3.0,collision
403,-4.230032444000244,-1.1920299530029297,-0.0002508116012904793,1.8704224203247577e-05,1.4901160284352954e-05,0.0,3.0,collision
404,-4.23000431060791,-1.1909955739974976,-0.00024532765382900834,0.032336752861738205,0.03233629837632179,1.0,3.0,collision
405,-4.229979038238525,-1.1899398565292358,-0.00024549401132389903,0.03300062194466591,0.03300062194466591,1.0,3.0,collision
406,-4.229956150054932,-1.1888841390609741,-0.00024592780391685665,0.03299892693758011,0.03299892321228981,1.0,3.0,collision
407,-4.229935169219971,-1.1878283023834229,-0.00024627905804663897,0.03300141170620918,0.033001407980918884,1.0,-3.0,collision
408,-4.229912281036377,-1.1867725849151611,-0.0002465808647684753,0.03299892321228981,0.03299892321228981,1.0,3.0,collision
409,-4.229891777038574,-1.1857167482376099,-0.0002468129387125373,0.033001117408275604,0.033001117408275604,1.0,3.0,collision
410,-4.2298736572265625,-1.184660792350769,-0.00024699821369722486,0.03300347551703453,0.03300347551703453,1.0,3.0,collision
411,-4.229857444763184,-1.1836049556732178,-0.0002471357583999634,0.03299878537654877,0.03299878537654877,1.0,-3.0,collision
412,-4.229856967926025,-1.1835838556289673,-0.00025213617482222617,0.0006778033566661179,0.0006595447193831205,0.0,-3.0,collision
413,-4.229835510253906,-1.182549238204956,-0.00024668683181516826,0.0323391929268837,0.03233874589204788,1.0,-3.0,collision
414,-4.229811668395996,-1.1814935207366943,-0.00024660711642354727,0.03299957886338234,0.03299957886338234,1.0,3.0,collision
415,-4.229789733886719,-1.180437684059143,-0.0002468090387992561,0.033002015203237534,0.033002015203237534,1.0,-3.0,collision
416,-4.22976541519165,-1.1793819665908813,-0.0002469935570843518,0.0329999215900898,0.0329999215900898,1.0,-3.0,collision
417,-4.229739189147949,-1.1783262491226196,-0.00024714728351682425,0.03300134837627411,0.03300134837627411,1.0,0.0,collision
418,-4.229739189147949,-1.1783051490783691,-0.00025215325877070427,0.0006776796071790159,0.0006593763246200979,0.0,3.0,collision
419,-4.229715824127197,-1.1772706508636475,-0.00024670083075761795,0.0323367603123188,0.03233630955219269,1.0,3.0,collision
420,-4.229694366455078,-1.1762148141860962,-0.00024659690097905695,0.03300170972943306,0.03300170972943306,1.0,-3.0,collision
421,-4.22969388961792,-1.1761937141418457,-0.0002516909735277295,0.00067848403705284,0.0006595447193831205,0.0,-3.0,collision
422,-4.229693412780762,-1.1761935949325562,-0.00025121960788965225,2.128145752067212e-05,1.5359764802269638e-05,0.0,0.0,collision
423,-4.2296671867370605,-1.175159215927124,-0.000245648727286607,0.032335199415683746,0.03233473002910614,1.0,-3.0,collision
424,-4.229666233062744,-1.175137996673584,-0.0002506334858480841,0.0006818044930696487,0.0006637710030190647,0.0,-3.0,collision
425,-4.229665756225586,-1.175137996673584,-0.00025035429280251265,1.7267497241846286e-05,1.4901160284352954e-05,0.0,-3.0,collision
426,-4.2296319007873535,-1.174103856086731,-0.00024495975230820477,0.032334644347429276,0.03233420476317406,1.0,-3.0,collision
427,-4.229630947113037,-1.174082636833191,-0.0002500829577911645,0.0006828060140833259,0.0006637710030190647,0.0,-3.0,collision
428,-4.229630470275879,-1.174082636833191,-0.000249914126470685,1.5807609088369645e-05,1.4901160284352954e-05,0.0,-3.0,collision
429,-4.229630470275879,-1.174082636833191,-0.0002495029184501618,1.2850249731855001e-05,0.0,0.0,3.0,collision
430,-4.229630470275879,-1.174082636833191,-0.00024915009271353483,1.1025803360098507e-05,0.0,0.0,3.0,collision
431,-4.2295942306518555,-1.173027515411377,-0.00024387985467910767,0.032992396503686905,0.032991982996463776,1.0,0.0,collision
432,-4.22955846786499,-1.1719720363616943,-0.00024442910216748714,0.03300265222787857,0.03300264850258827,1.0,0.0,collision
433,-4.229521751403809,-1.1709166765213013,-0.00024507593479938805,0.032999951392412186,0.03299994766712189,1.0,-3.0,collision
434,-4.229483127593994,-1.1698613166809082,-0.0002456081856507808,0.03300207480788231,0.03300207108259201,1.0,-3.0,collision
435,-4.229483127593994,-1.1698402166366577,-0.0002509273181203753,0.0006800052942708135,0.0006593763246200979,0.0,3.0,collision
436,-4.229482173919678,-1.1698402166366577,-0.0002505941374693066,3.15687466354575e-05,2.980232056870591e-05,0.0,-3.0,collision
437,-4.229442596435547,-1.1688063144683838,-0.00024516304256394506,0.03233354911208153,0.03233310207724571,1.0,3.0,collision
438,-4.229404449462891,-1.1677509546279907,-0.0002453529741615057,0.033001530915498734,0.033001530915498734,1.0,-3.0,collision
439,-4.229363918304443,-1.1666957139968872,-0.0002458145027048886,0.03300058841705322,0.033000584691762924,1.0,-3.0,collision
440,-4.229320526123047,-1.1656405925750732,-0.00024619881878606975,0.03300041705369949,0.033000413328409195,1.0,-3.0,collision
441,-4.229275226593018,-1.1645854711532593,-0.0002465070865582675,0.03300292044878006,0.03300291672348976,1.0,-3.0,collision
442,-4.2292280197143555,-1.1635305881500244,-0.00024676325847394764,0.032998085021972656,0.032998085021972656,1.0,3.0,collision
443,-4.2292280197143555,-1.1635093688964844,-0.00025184062542393804,0.0006818205001764,0.0006631016149185598,0.0,3.0,collision
444,-4.229227542877197,-1.163509488105774,-0.0002513240906409919,2.2281768906395882e-05,1.5359764802269638e-05,0.0,-3.0,collision
445,-4.229183673858643,-1.1624755859375,-0.0002457470400258899,0.032338980585336685,0.03233851119875908,1.0,3.0,collision
446,-4.229183673858643,-1.1624752283096313,-0.0002508039178792387,0.00015842211723793298,1.117586998589104e-05,0.0,0.0,collision
447,-4.2291412353515625,-1.1614413261413574,-0.00024550812668167055,0.03233707323670387,0.03233664482831955,1.0,-3.0,collision
448,-4.2291412353515625,-1.1614409685134888,-0.00025063325301744044,0.00016054963634815067,1.117586998589104e-05,0.0,0.0,collision
449,-4.2291412353515625,-1.1614410877227783,-0.0002502675633877516,1.2019667337881401e-05,3.7252900710882386e-06,0.0,3.0,collision
450,-4.229098320007324,-1.1604070663452148,-0.00024487636983394623,0.032341424375772476,0.03234098106622696,1.0,-3.0,collision
451,-4.229053974151611,-1.1593520641326904,-0.0002451438922435045,0.03299793228507042,0.03299792855978012,1.0,3.0,collision
452,-4.229053974151611,-1.1593308448791504,-0.0002505308366380632,0.0006841365247964859,0.0006631016149185598,0.0,3.0,collision
453,-4.229013442993164,-1.158296823501587,-0.0002453908382449299,0.032338377088308334,0.0323379822075367,1.0,-3.0,collision
454,-4.229013919830322,-1.1582757234573364,-0.00025045344955287874,0.0006782540585845709,0.0006595447193831205,0.0,3.0,collision
455,-4.228974342346191,-1.157241702079773,-0.00024532611132599413,0.03233722597360611,0.032336827367544174,1.0,3.0,collision
456,-4.228973865509033,-1.157220482826233,-0.0002503786818124354,0.0006818034453317523,0.0006632690201513469,0.0,-3.0,collision
457,-4.228934288024902,-1.1561864614486694,-0.0002452656044624746,0.03233722224831581,0.032336827367544174,1.0,-3.0,collision
458,-4.2289347648620605,-1.1561652421951294,-0.00025035295402631164,0.0006820559501647949,0.0006632690201513469,0.0,3.0,collision
459,-4.2288947105407715,-1.155110239982605,-0.0002451433683745563,0.03299297019839287,0.03299257159233093,1.0,0.0,collision
460,-4.228855133056641,-1.154054880142212,-0.00024545934866182506,0.033003177493810654,0.033003173768520355,1.0,3.0,collision
461,-4.228854656219482,-1.1540337800979614,-0.0002507766184862703,0.0006801543058827519,0.0006595447193831205,0.0,-3.0,collision
462,-4.22881555557251,-1.152999758720398,-0.00024560969904996455,0.03233666345477104,0.03233626112341881,1.0,3.0,collision
463,-4.228777885437012,-1.1519443988800049,-0.00024572480469942093,0.033000994473695755,0.033000994473695755,1.0,-3.0,collision
464,-4.228738307952881,-1.1508890390396118,-0.0002461228577885777,0.033003177493810654,0.033003173768520355,1.0,3.0,collision
465,-4.228701591491699,-1.1498336791992188,-0.00024644582299515605,0.03299994766712189,0.03299994766712189,1.0,3.0,collision
466,-4.228702068328857,-1.1498124599456787,-0.0002515868400223553,0.0006824488518759608,0.0006632690201513469,0.0,3.0,collision
467,-4.228669166564941,-1.1487782001495361,-0.00024623647914268076,0.03233739733695984,0.03233696520328522,1.0,-3.0,collision
468,-4.2286696434021,-1.1487571001052856,-0.00025112941511906683,0.0006770369363948703,0.0006595447193831205,0.0,3.0,collision
469,-4.2286376953125,-1.1477227210998535,-0.0002458672388456762,0.03234017640352249,0.032339755445718765,1.0,3.0,collision
470,-4.228638172149658,-1.1477015018463135,-0.0002508223697077483,0.000681104720570147,0.0006632690201513469,0.0,3.0,collision
471,-4.228610515594482,-1.1466460227966309,-0.0002455186622682959,0.03299545496702194,0.03299504145979881,1.0,0.0,collision
472,-4.228610038757324,-1.1466249227523804,-0.00025063101202249527,0.0006786182639189065,0.0006595447193831205,0.0,-3.0,collision
473,-4.228579998016357,-1.1455695629119873,-0.0002453805645927787,0.03299375995993614,0.03299335390329361,1.0,0.0,collision
474,-4.228580951690674,-1.1455483436584473,-0.00025053281569853425,0.0006830194033682346,0.0006637710030190647,0.0,3.0,collision
475,-4.228552341461182,-1.1445139646530151,-0.00024538295110687613,0.03233710303902626,0.032336704432964325,1.0,-3.0,collision
476,-4.228521823883057,-1.143458366394043,-0.0002455531503073871,0.03300122544169426,0.03300122544169426,1.0,-3.0,collision
477,-4.228489398956299,-1.1424028873443604,-0.0002459858078509569,0.03299928084015846,0.032999277114868164,1.0,3.0,collision
478,-4.228489398956299,-1.1423816680908203,-0.00025121847284026444,0.0006829662015661597,0.0006631016149185598,0.0,3.0,collision
479,-4.228461742401123,-1.1413261890411377,-0.00024585030041635036,0.03299546614289284,0.03299504145979881,1.0,0.0,collision
480,-4.228434085845947,-1.1402705907821655,-0.00024602547637186944,0.032998766750097275,0.032998766750097275,1.0,3.0,collision
481,-4.228408336639404,-1.1392148733139038,-0.0002463477721903473,0.03300097957253456,0.03300097957253456,1.0,-3.0,collision
482,-4.228408336639404,-1.1392146348953247,-0.0002516084350645542,0.0001645644661039114,7.450580142176477e-06,0.0,0.0,collision
483,-4.22838020324707,-1.1381802558898926,-0.0002461678523104638,0.03233674168586731,0.03233629837632179,1.0,-3.0,collision
484,-4.228349208831787,-1.1371246576309204,-0.00024617757298983634,0.03300166130065918,0.03300166130065918,1.0,-3.0,collision
485,-4.228316783905029,-1.1360691785812378,-0.0002464849385432899,0.032999277114868164,0.032999277114868164,1.0,3.0,collision
486,-4.228285789489746,-1.1350135803222656,-0.00024672539439052343,0.03300166130065918,0.03300166130065918,1.0,-3.0,collision
487,-4.22825288772583,-1.133958101272583,-0.00024692757870070636,0.03299973905086517,0.03299973905086517,1.0,-3.0,collision
488,-4.228218078613281,-1.13290274143219,-0.0002470996114425361,0.03299792855978012,0.03299792855978012,1.0,3.0,collision
489,-4.228185176849365,-1.1318471431732178,-0.00024722242960706353,0.03300346061587334,0.03300346061587334,1.0,0.0,collision
490,-4.228152275085449,-1.1307916641235352,-0.00024732088786549866,0.03299973905086517,0.03299973905086517,1.0,-3.0,collision
491,-4.228152275085449,-1.1307705640792847,-0.0002522962458897382,0.0006774594075977802,0.0006593763246200979,0.0,3.0,collision
492,-4.228119373321533,-1.129736304283142,-0.0002468046732246876,0.03233741968870163,0.03233696520328522,1.0,-3.0,collision
493,-4.228119373321533,-1.129715085029602,-0.0002515834348741919,0.000679709599353373,0.0006631016149185598,0.0,3.0,collision
494,-4.228086471557617,-1.1286808252334595,-0.00024621968623250723,0.03233740106225014,0.03233696520328522,1.0,-3.0,collision
495,-4.22805118560791,-1.1276254653930664,-0.00024623217177577317,0.032998424023389816,0.032998424023389816,1.0,3.0,collision
496,-4.228018283843994,-1.1265699863433838,-0.0002465092984493822,0.03299973905086517,0.03299973905086517,1.0,-3.0,collision
497,-4.227983474731445,-1.1255145072937012,-0.0002467640151735395,0.033001650124788284,0.033001650124788284,1.0,3.0,collision
498,-4.2279510498046875,-1.1244590282440186,-0.0002469589817337692,0.032999277114868164,0.032999277114868164,1.0,3.0,collision
499,-4.227921009063721,-1.1234033107757568,-0.0002471095649525523,0.0330045260488987,0.0330045260488987,1.0,0.0,collision
500,-4.227921485900879,-1.1233822107315063,-0.00025212293257936835,0.0006778967217542231,0.0006595447193831205,0.0,3.0,collision
501,-4.227893352508545,-1.1223477125167847,-0.0002466657606419176,0.03234047070145607,0.032340019941329956,1.0,-3.0,collision
502,-4.227863311767578,-1.1212921142578125,-0.00024658453185111284,0.033000800758600235,0.033000800758600235,1.0,0.0,collision
503,-4.227833271026611,-1.1202365159988403,-0.00024680644855834544,0.033000800758600235,0.033000800758600235,1.0,3.0,collision
504,-4.227832794189453,-1.1202154159545898,-0.0002518632682040334,0.0006782118580304086,0.0006595447193831205,0.0,-3.0,collision
505,-4.227802276611328,-1.1191600561141968,-0.00024637687602080405,0.03299422562122345,0.032993778586387634,1.0,0.0,collision
506,-4.22780179977417,-1.1191389560699463,-0.00025131829897873104,0.0006773806526325643,0.0006595447193831205,0.0,-3.0,collision
507,-4.227802276611328,-1.1191389560699463,-0.0002509168698452413,1.947852797457017e-05,1.4901160284352954e-05,0.0,3.0,collision
508,-4.227802753448486,-1.1191389560699463,-0.0002502953284420073,2.4480686988681555e-05,1.4901160284352954e-05,0.0,3.0,collision
509,-4.2278032302856445,-1.1191389560699463,-0.0002497835666872561,2.1858782929484732e-05,1.4901160284352954e-05,0.0,3.0,collision
510,-4.227803707122803,-1.1191389560699463,-0.00024937355192378163,1.9652392438729294e-05,1.4901160284352954e-05,0.0,3.0,collision
511,-4.227803707122803,-1.1191389560699463,-0.0002490455808583647,1.0249094884784427e-05,0.0,0.0,3.0,collision
512,-4.227781772613525,-1.1181044578552246,-0.0002438878727843985,0.032335732132196426,0.03233533352613449,1.0,-3.0,collision
513,-4.227781295776367,-1.118104100227356,-0.0002493272186256945,0.0001709970529191196,1.862645149230957e-05,0.0,0.0,collision
514,-4.227756500244141,-1.1170696020126343,-0.0002443272969685495,0.0323377288877964,0.03233735263347626,1.0,-3.0,collision
515,-4.227729797363281,-1.116014003753662,-0.0002447149308864027,0.03299799934029579,0.03299799934029579,1.0,3.0,collision
516,-4.227729797363281,-1.1160136461257935,-0.00025027961237356067,0.00017425503756385297,1.117586998589104e-05,0.0,0.0,collision
517,-4.227705478668213,-1.1149791479110718,-0.0002451145846862346,0.03233740106225014,0.0323369987308979,1.0,3.0,collision
518,-4.227705478668213,-1.1149580478668213,-0.0002502063871361315,0.0006783037097193301,0.0006593763246200979,0.0,-3.0,collision
519,-4.227680683135986,-1.1139235496520996,-0.00024512759409844875,0.0323377400636673,0.03233735263347626,1.0,-3.0,collision
520,-4.227653503417969,-1.112867832183838,-0.0002453490160405636,0.0330021008849144,0.0330021008849144,1.0,-3.0,collision
521,-4.227623462677002,-1.1118122339248657,-0.00024581258185207844,0.03300080448389053,0.033000800758600235,1.0,-3.0,collision
522,-4.2275919914245605,-1.110756754875183,-0.00024620722979307175,0.032998379319906235,0.032998375594615936,1.0,3.0,collision
523,-4.227591037750244,-1.110735535621643,-0.0002513853251002729,0.000683210208080709,0.0006637710030190647,0.0,-3.0,collision
524,-4.2275590896606445,-1.1097012758255005,-0.0002460860414430499,0.032336458563804626,0.0323360338807106,1.0,-3.0,collision
525,-4.227524757385254,-1.1086457967758179,-0.00024612649576738477,0.033001162111759186,0.033001162111759186,1.0,3.0,collision
526,-4.227525234222412,-1.1086246967315674,-0.0002513170475140214,0.0006791977793909609,0.0006595447193831205,0.0,3.0,collision
527,-4.2274956703186035,-1.1075692176818848,-0.0002459283859934658,0.03299708291888237,0.03299665451049805,1.0,0.0,collision
528,-4.2274956703186035,-1.1075688600540161,-0.0002510616322979331,0.00016080278146546334,1.117586998589104e-05,0.0,0.0,collision
529,-4.227466583251953,-1.1065346002578735,-0.00024573065456934273,0.032333824783563614,0.03233339637517929,1.0,3.0,collision
530,-4.227467060089111,-1.1065133810043335,-0.000250709563260898,0.0006812740466557443,0.0006632690201513469,0.0,3.0,collision
531,-4.227467060089111,-1.1065133810043335,-0.00025040446780622005,9.534232958685607e-06,0.0,0.0,-3.0,collision
532,-4.227466583251953,-1.1065133810043335,-0.0002498842077329755,2.205382588726934e-05,1.4901160284352954e-05,0.0,-3.0,collision
533,-4.227438449859619,-1.1054790019989014,-0.00024458084953948855,0.03233671933412552,0.03233629837632179,1.0,3.0,collision
534,-4.227412700653076,-1.1044232845306396,-0.0002448967716190964,0.03300097957253456,0.03300097957253456,1.0,3.0,collision
535,-4.227412700653076,-1.1044021844863892,-0.0002503215800970793,0.0006808200851082802,0.0006593763246200979,0.0,-3.0,collision
536,-4.227385997772217,-1.1033676862716675,-0.000245233706664294,0.032339226454496384,0.032338835299015045,1.0,-3.0,collision
537,-4.227357387542725,-1.1023120880126953,-0.00024544497136957943,0.03299956023693085,0.03299956023693085,1.0,3.0,collision
538,-4.227330684661865,-1.1012563705444336,-0.0002458898234181106,0.033001724630594254,0.033001720905303955,1.0,3.0,collision
539,-4.227306842803955,-1.1002006530761719,-0.000246259180130437,0.03299958258867264,0.03299957886338234,1.0,3.0,collision
540,-4.227285385131836,-1.0991448163986206,-0.0002465553698129952,0.03300170972943306,0.03300170972943306,1.0,3.0,collision
541,-4.227285861968994,-1.099144458770752,-0.00025176533381454647,0.00016387338109780103,1.862645149230957e-05,0.0,0.0,collision
542,-4.227266788482666,-1.0981098413467407,-0.0002463044074829668,0.032337736338377,0.032337285578250885,1.0,3.0,collision
543,-4.227267265319824,-1.0980887413024902,-0.00025115732569247484,0.0006767555605620146,0.0006595447193831205,0.0,-3.0,collision
544,-4.22724723815918,-1.0970542430877686,-0.00024588804808445275,0.03233454376459122,0.03233412653207779,1.0,-3.0,collision
545,-4.227224349975586,-1.0959984064102173,-0.00024595684953965247,0.03300264850258827,0.03300264850258827,1.0,-3.0,collision
546,-4.227199554443359,-1.0949426889419556,-0.00024630880216136575,0.033000268042087555,0.033000268042087555,1.0,3.0,collision
547,-4.227200031280518,-1.0949214696884155,-0.0002514767984393984,0.0006826478056609631,0.0006632690201513469,0.0,3.0,collision
548,-4.227180480957031,-1.0938868522644043,-0.000246159645030275,0.03233799338340759,0.03233756124973297,1.0,3.0,collision
549,-4.227162837982178,-1.092831015586853,-0.0002461639523971826,0.03299950063228607,0.03299950063228607,1.0,-3.0,collision
550,-4.227163314819336,-1.0928099155426025,-0.00025135648320429027,0.000679212564136833,0.0006595447193831205,0.0,3.0,collision
551,-4.227163314819336,-1.092809796333313,-0.0002509414334781468,1.3494686754711438e-05,3.7252900710882386e-06,0.0,0.0,collision
552,-4.227145671844482,-1.0917540788650513,-0.0002453340857755393,0.03299624100327492,0.03299577534198761,1.0,0.0,collision
553,-4.227146148681641,-1.0917329788208008,-0.00025048115639947355,0.0006788745522499084,0.0006595447193831205,0.0,3.0,collision
554,-4.227145671844482,-1.0917329788208008,-0.00025022579939104617,1.6903357391129248e-05,1.4901160284352954e-05,0.0,-3.0,collision
555,-4.227128982543945,-1.0906983613967896,-0.00024486795882694423,0.032336436212062836,0.03233599662780762,1.0,3.0,collision
556,-4.227115154266357,-1.0896424055099487,-0.00024512692471034825,0.03300144895911217,0.03300144895911217,1.0,3.0,collision
557,-4.227115631103516,-1.0896211862564087,-0.00025051701231859624,0.0006843230221420527,0.0006632690201513469,0.0,3.0,collision
558,-4.227116584777832,-1.0896211862564087,-0.00025027492665685713,3.0747523851459846e-05,2.980232056870591e-05,0.0,3.0,collision
559,-4.227116584777832,-1.0896211862564087,-0.0002497719251550734,1.571879693074152e-05,0.0,0.0,-3.0,collision
560,-4.22711706161499,-1.0896213054656982,-0.0002493750653229654,1.974154838535469e-05,1.5359764802269638e-05,0.0,3.0,collision
561,-4.227108955383301,-1.088586449623108,-0.0002441519754938781,0.032340649515390396,0.03234023600816727,1.0,-3.0,collision
562,-4.22709846496582,-1.087530493736267,-0.0002445536374580115,0.03300024941563606,0.033000245690345764,1.0,-3.0,collision
563,-4.227085590362549,-1.0864745378494263,-0.0002451757318340242,0.03300107643008232,0.03300107270479202,1.0,-3.0,collision
564,-4.2270708084106445,-1.085418701171875,-0.00024569794186390936,0.032998133450746536,0.03299812972545624,1.0,3.0,collision
565,-4.227058410644531,-1.0843627452850342,-0.0002461064432282001,0.0330008938908577,0.0330008938908577,1.0,3.0,collision
566,-4.227047920227051,-1.0833067893981934,-0.0002464229182805866,0.03300024941563606,0.033000245690345764,1.0,-3.0,collision
567,-4.227047920227051,-1.0832855701446533,-0.0002515781670808792,0.0006823909934610128,0.0006631016149185598,0.0,3.0,collision
568,-4.227048397064209,-1.0832855701446533,-0.0002511243801563978,2.057038727798499e-05,1.4901160284352954e-05,0.0,3.0,collision
569,-4.227040767669678,-1.0822508335113525,-0.00024557748110964894,0.03233686089515686,0.03233639895915985,1.0,3.0,collision
570,-4.2270355224609375,-1.0811948776245117,-0.0002456837391946465,0.03299902752041817,0.03299902752041817,1.0,-3.0,collision
571,-4.2270283699035645,-1.080138921737671,-0.0002460892137605697,0.03299937769770622,0.03299937769770622,1.0,3.0,collision
572,-4.227028846740723,-1.0801177024841309,-0.0002513011859264225,0.0006829742924310267,0.0006632690201513469,0.0,3.0,collision
573,-4.227026462554932,-1.0790618658065796,-0.00024591656983830035,0.03299540653824806,0.03299497812986374,1.0,0.0,collision
574,-4.227023601531982,-1.0780059099197388,-0.00024606831721030176,0.032998740673065186,0.032998740673065186,1.0,-3.0,collision
575,-4.2270188331604,-1.0769498348236084,-0.0002464018762111664,0.03300268203020096,0.03300267830491066,1.0,3.0,collision
576,-4.227015972137451,-1.0758938789367676,-0.00024665906676091254,0.032998744398355484,0.032998740673065186,1.0,-3.0,collision
577,-4.227010726928711,-1.0748379230499268,-0.000246874347794801,0.03299902752041817,0.03299902752041817,1.0,-3.0,collision
578,-4.2270026206970215,-1.0737818479537964,-0.00024704710813239217,0.0330033153295517,0.0330033153295517,1.0,-3.0,collision
579,-4.227002143859863,-1.073760747909546,-0.0002520662092138082,0.0006779381656087935,0.0006595447193831205,0.0,-3.0,collision
580,-4.227002143859863,-1.073760747909546,-0.0002515257219783962,1.689022610662505e-05,0.0,0.0,3.0,collision
581,-4.226992130279541,-1.0727260112762451,-0.0002458989038132131,0.03233750909566879,0.03233703225851059,1.0,3.0,collision
582,-4.226984977722168,-1.0716700553894043,-0.0002459409006405622,0.03299937769770622,0.03299937769770622,1.0,-3.0,collision
583,-4.226974964141846,-1.0706140995025635,-0.0002462846168782562,0.03300010412931442,0.03300010412931442,1.0,-3.0,collision
584,-4.226974964141846,-1.0705928802490234,-0.00025146713596768677,0.000682592683006078,0.0006631016149185598,0.0,3.0,collision
585,-4.226964950561523,-1.0695581436157227,-0.00024614151334390044,0.03233746066689491,0.03233703225851059,1.0,-3.0,collision
586,-4.226963996887207,-1.0695370435714722,-0.00025104189990088344,0.0006775812362320721,0.0006600494962185621,0.0,-3.0,collision
587,-4.226963043212891,-1.0695370435714722,-0.0002506818564143032,3.185547757311724e-05,2.980232056870591e-05,0.0,-3.0,collision
588,-4.226963043212891,-1.0695369243621826,-0.0002501118287909776,1.8198727048002183e-05,3.7252900710882386e-06,0.0,0.0,collision
589,-4.226945877075195,-1.0685023069381714,-0.0002447477891109884,0.032336678355932236,0.032336242496967316,1.0,-3.0,collision
590,-4.226944923400879,-1.0684810876846313,-0.00024991255486384034,0.0006831117207184434,0.0006637710030190647,0.0,-3.0,collision
591,-4.226922988891602,-1.0674465894699097,-0.00024489284260198474,0.032335713505744934,0.03233533352613449,1.0,-3.0,collision
592,-4.226898193359375,-1.066390872001648,-0.00024516164558008313,0.033000268042087555,0.033000268042087555,1.0,-3.0,collision
593,-4.226871490478516,-1.0653351545333862,-0.000245672621531412,0.033001724630594254,0.033001720905303955,1.0,3.0,collision
594,-4.2268476486206055,-1.0642794370651245,-0.00024608534295111895,0.03299958258867264,0.03299957886338234,1.0,3.0,collision
595,-4.226847171783447,-1.0642582178115845,-0.0002512873033992946,0.0006828996702097356,0.0006632690201513469,0.0,-3.0,collision
596,-4.226823329925537,-1.0632237195968628,-0.00024601886980235577,0.03233707323670387,0.03233664855360985,1.0,3.0,collision
597,-4.226802349090576,-1.0621678829193115,-0.00024606220540590584,0.033001407980918884,0.033001407980918884,1.0,3.0,collision
598,-4.226802349090576,-1.0621466636657715,-0.0002512539504095912,0.0006826611934229732,0.0006631016149185598,0.0,-3.0,collision
599,-4.226780414581299,-1.0611121654510498,-0.0002459798415657133,0.03233575448393822,0.03233533352613449,1.0,-3.0,collision
600,-4.226755619049072,-1.060056447982788,-0.00024603112251497805,0.033000268042087555,0.033000268042087555,1.0,-3.0,collision
601,-4.226754665374756,-1.060035228729248,-0.00025123925297521055,0.0006834331434220076,0.0006637710030190647,0.0,-3.0,collision
602,-4.226755142211914,-1.060035228729248,-0.00025086363893933594,1.896902176667936e-05,1.4901160284352954e-05,0.0,3.0,collision
603,-4.226727485656738,-1.059000849723816,-0.0002453585620969534,0.03233635053038597,0.03233589231967926,1.0,-3.0,collision
604,-4.22669792175293,-1.0579452514648438,-0.00024552963441237807,0.03300037607550621,0.03300037607550621,1.0,3.0,collision
605,-4.2266974449157715,-1.0579240322113037,-0.00025082819047383964,0.000683624530211091,0.0006632690201513469,0.0,-3.0,collision
606,-4.2266974449157715,-1.0579240322113037,-0.0002505291486158967,9.345058060716838e-06,0.0,0.0,0.0,collision
607,-4.226668357849121,-1.0568896532058716,-0.00024510727962478995,0.03233756124973297,0.032337117940187454,1.0,3.0,collision
608,-4.226668834686279,-1.0568684339523315,-0.0002502012357581407,0.0006821041461080313,0.0006632690201513469,0.0,3.0,collision
609,-4.226668834686279,-1.056868314743042,-0.0002500023110769689,7.247162557177944e-06,3.7252900710882386e-06,0.0,0.0,collision
610,-4.226644515991211,-1.0558338165283203,-0.00024468463379889727,0.03233742341399193,0.0323369987308979,1.0,3.0,collision
611,-4.226623058319092,-1.0547780990600586,-0.0002449802414048463,0.0329979844391346,0.0329979844391346,1.0,3.0,collision
612,-4.226624011993408,-1.0547568798065186,-0.00025039984029717743,0.0006850369391031563,0.0006637710030190647,0.0,3.0,collision
613,-4.226607322692871,-1.0537221431732178,-0.0002452974149491638,0.032340116798877716,0.03233972191810608,1.0,3.0,collision
614,-4.226592540740967,-1.0526663064956665,-0.0002454743080306798,0.03299812972545624,0.03299812972545624,1.0,-3.0,collision
615,-4.226592540740967,-1.0526450872421265,-0.0002507933240849525,0.0006836172542534769,0.0006631016149185598,0.0,-3.0,collision
616,-4.226572513580322,-1.0516104698181152,-0.0002456117363180965,0.032338254153728485,0.03233785182237625,1.0,-3.0,collision
617,-4.226550579071045,-1.0505547523498535,-0.000245747301960364,0.03299828991293907,0.03299828991293907,1.0,3.0,collision
618,-4.2265305519104,-1.0494989156723022,-0.0002461214317008853,0.03300083056092262,0.033000826835632324,1.0,-3.0,collision
619,-4.226508617401123,-1.048443078994751,-0.0002464540011715144,0.033002015203237534,0.033002015203237534,1.0,3.0,collision
620,-4.226489067077637,-1.0473872423171997,-0.0002467112790327519,0.03300055116415024,0.03300055116415024,1.0,3.0,collision
621,-4.226471424102783,-1.0463314056396484,-0.0002469065075274557,0.03299950063228607,0.03299950063228607,1.0,-3.0,collision
622,-4.226451396942139,-1.0452755689620972,-0.00024707207921892405,0.033000826835632324,0.033000826835632324,1.0,-3.0,collision
623,-4.226428508758545,-1.0442198514938354,-0.0002472051128279418,0.03299892321228981,0.03299892321228981,1.0,-3.0,collision
624,-4.226428031921387,-1.0442194938659668,-0.00025229479069821537,0.00016013937420211732,1.862645149230957e-05,0.0,0.0,collision
625,-4.226402759552002,-1.0431851148605347,-0.0002467172162141651,0.03233445808291435,0.032333988696336746,1.0,-3.0,collision
626,-4.226375102996826,-1.042129397392273,-0.00024661706993356347,0.03300248831510544,0.03300248831510544,1.0,-3.0,collision
627,-4.226345539093018,-1.0410737991333008,-0.0002468363381922245,0.03300037607550621,0.03300037607550621,1.0,3.0,collision
628,-4.226318836212158,-1.0400182008743286,-0.00024701596703380346,0.03299799934029579,0.03299799934029579,1.0,3.0,collision
629,-4.226293563842773,-1.038962483406067,-0.0002471502230037004,0.03300062194466591,0.03300062194466591,1.0,-3.0,collision
630,-4.226266384124756,-1.0379068851470947,-0.00024726722040213645,0.032998375594615936,0.032998375594615936,1.0,-3.0,collision
631,-4.226236343383789,-1.0368512868881226,-0.0002473613421898335,0.033000800758600235,0.033000800758600235,1.0,-3.0,collision
632,-4.226235389709473,-1.0368300676345825,-0.00025231746258214116,0.0006816005916334689,0.0006637710030190647,0.0,-3.0,collision
633,-4.22620153427124,-1.0357959270477295,-0.00024684338131919503,0.03233465924859047,0.03233420476317406,1.0,3.0,collision
634,-4.226170063018799,-1.0347402095794678,-0.00024671631399542093,0.03300582617521286,0.03300582617521286,1.0,0.0,collision
635,-4.226138114929199,-1.0336846113204956,-0.00024690627469681203,0.033002547919750214,0.033002547919750214,1.0,0.0,collision
636,-4.226138114929199,-1.0336843729019165,-0.00025205075507983565,0.00016093754675239325,7.450580142176477e-06,0.0,0.0,collision
637,-4.226137638092041,-1.033684492111206,-0.0002514059015084058,2.533796214265749e-05,1.5359764802269638e-05,0.0,-3.0,collision
638,-4.226104259490967,-1.0326292514801025,-0.00024570603272877634,0.032993242144584656,0.032992761582136154,1.0,0.0,collision
639,-4.226070880889893,-1.03157377243042,-0.0002458956732880324,0.03300020471215248,0.03300020471215248,1.0,3.0,collision
640,-4.226070880889893,-1.0315734148025513,-0.0002512268256396055,0.00016697292448952794,1.117586998589104e-05,0.0,0.0,collision
641,-4.226070880889893,-1.0315734148025513,-0.00025075103621929884,1.4868418475089129e-05,0.0,0.0,0.0,collision
642,-4.226040363311768,-1.0305391550064087,-0.0002452805347274989,0.03233513608574867,0.03233468532562256,1.0,3.0,collision
643,-4.226039886474609,-1.0305180549621582,-0.0002503282157704234,0.0006781453848816454,0.0006595447193831205,0.0,-3.0,collision
644,-4.226008415222168,-1.0294837951660156,-0.0002452243643347174,0.03233597055077553,0.03233557567000389,1.0,-3.0,collision
645,-4.225975036621094,-1.028428316116333,-0.0002454367058817297,0.03300020471215248,0.03300020471215248,1.0,3.0,collision
646,-4.225943565368652,-1.0273727178573608,-0.0002458779199514538,0.0330021046102047,0.0330021008849144,1.0,0.0,collision
647,-4.225912094116211,-1.0263171195983887,-0.0002462551055941731,0.0330021008849144,0.0330021008849144,1.0,3.0,collision
648,-4.2258830070495605,-1.0252615213394165,-0.0002465469005983323,0.03299996629357338,0.03299996629357338,1.0,0.0,collision
649,-4.22585391998291,-1.0242059230804443,-0.00024679090711288154,0.03299996629357338,0.03299996629357338,1.0,3.0,collision
650,-4.225854396820068,-1.0242055654525757,-0.0002519538102205843,0.00016241233970504254,1.862645149230957e-05,0.0,0.0,collision
651,-4.225827217102051,-1.0231711864471436,-0.00024644352379254997,0.03233595937490463,0.03233550116419792,1.0,-3.0,collision
652,-4.2257981300354,-1.0221155881881714,-0.00024640822084620595,0.03299996629357338,0.03299996629357338,1.0,3.0,collision
653,-4.225770950317383,-1.0210599899291992,-0.0002466598816681653,0.032998379319906235,0.032998375594615936,1.0,3.0,collision
654,-4.2257466316223145,-1.0200042724609375,-0.0002468749589752406,0.0329999215900898,0.0329999215900898,1.0,3.0,collision
655,-4.225723743438721,-1.0189485549926758,-0.0002470371837262064,0.03299892321228981,0.03299892321228981,1.0,-3.0,collision
656,-4.225699424743652,-1.017892837524414,-0.00024718718486838043,0.0329999215900898,0.0329999215900898,1.0,3.0,collision
657,-4.225676536560059,-1.0168371200561523,-0.0002472874475643039,0.03299892321228981,0.03299892321228981,1.0,-3.0,collision
658,-4.225650787353516,-1.0157814025878906,-0.0002473767090123147,0.03300097957253456,0.03300097957253456,1.0,-3.0,collision
659,-4.225651264190674,-1.0157601833343506,-0.00025234100758098066,0.000681169971358031,0.0006632690201513469,0.0,3.0,collision
660,-4.225626468658447,-1.0147258043289185,-0.0002468513557687402,0.03233408182859421,0.032333627343177795,1.0,3.0,collision
661,-4.225604057312012,-1.0136699676513672,-0.00024671724531799555,0.033002328127622604,0.033002328127622604,1.0,-3.0,collision
662,-4.225578784942627,-1.0126142501831055,-0.0002469061000738293,0.03300062194466591,0.03300062194466591,1.0,-3.0,collision
663,-4.225551128387451,-1.0115586519241333,-0.0002470717008691281,0.032998766750097275,0.032998766750097275,1.0,-3.0,collision
664,-4.225521087646484,-1.0105030536651611,-0.0002472050255164504,0.033000800758600235,0.033000800758600235,1.0,-3.0,collision
665,-4.225520133972168,-1.010481834411621,-0.0002521926071494818,0.0006818247493356466,0.0006637710030190647,0.0,-3.0,collision
666,-4.225485324859619,-1.009447693824768,-0.0002467325539328158,0.03233564272522926,0.03233519569039345,1.0,-3.0,collision
667,-4.225448131561279,-1.008392333984375,-0.00024663383373990655,0.03300046920776367,0.03300046920776367,1.0,-3.0,collision
668,-4.225409030914307,-1.0073370933532715,-0.00024684990057721734,0.03299890086054802,0.03299890086054802,1.0,3.0,collision
669,-4.225372314453125,-1.0062816143035889,-0.00024702673545107245,0.03300366923213005,0.03300366923213005,1.0,3.0,collision
670,-4.225372314453125,-1.0062605142593384,-0.0002520508714951575,0.0006778108072467148,0.0006593763246200979,0.0,3.0,collision
671,-4.225371837615967,-1.0062605142593384,-0.00025149219436571,2.295319973200094e-05,1.4901160284352954e-05,0.0,-3.0,collision
672,-4.225337982177734,-1.0052052736282349,-0.00024577893782407045,0.03299371898174286,0.03299323469400406,1.0,0.0,collision
673,-4.225338459014893,-1.0051840543746948,-0.0002508370962459594,0.0006818439578637481,0.0006632690201513469,0.0,3.0,collision
674,-4.225307464599609,-1.0041497945785522,-0.00024563641636632383,0.03233553469181061,0.03233512490987778,1.0,3.0,collision
675,-4.225306987762451,-1.0041285753250122,-0.0002506268210709095,0.0006813562358729541,0.0006632690201513469,0.0,-3.0,collision
676,-4.225306987762451,-1.0041286945343018,-0.0002503487921785563,9.453365237277467e-06,3.7252900710882386e-06,0.0,-3.0,collision
677,-4.225306987762451,-1.0041286945343018,-0.000249840144533664,1.5895238902885467e-05,0.0,0.0,-3.0,collision
678,-4.225270748138428,-1.0030945539474487,-0.0002445341378916055,0.03233715519309044,0.032336730509996414,1.0,-3.0,collision
679,-4.225232124328613,-1.0020390748977661,-0.00024486478650942445,0.03300579637289047,0.033005792647600174,1.0,0.0,collision
680,-4.225193023681641,-1.0009838342666626,-0.00024542046594433486,0.03299890458583832,0.03299890086054802,1.0,-3.0,collision
681,-4.225192546844482,-1.000983476638794,-0.0002508672478143126,0.0001712280500214547,1.862645149230957e-05,0.0,0.0,collision
682,-4.225192546844482,-1.0009835958480835,-0.00025046951486729085,1.2975424397154711e-05,3.7252900710882386e-06,0.0,3.0,collision
683,-4.22515344619751,-0.9999495148658752,-0.0002450387692078948,0.032338567078113556,0.03233812376856804,1.0,-3.0,collision
684,-4.225112438201904,-0.9988943338394165,-0.00024527375353500247,0.032999299466609955,0.032999299466609955,1.0,3.0,collision
685,-4.22507381439209,-0.9978390336036682,-0.0002457517839502543,0.033000215888023376,0.03300021216273308,1.0,3.0,collision
686,-4.22507381439209,-0.9978386759757996,-0.00025112213916145265,0.00016819528536871076,1.117586998589104e-05,0.0,0.0,collision
687,-4.225037097930908,-0.9968045353889465,-0.0002457781520206481,0.03233768790960312,0.0323372520506382,1.0,-3.0,collision
688,-4.2249979972839355,-0.995749294757843,-0.0002458761155139655,0.03299890086054802,0.03299890086054802,1.0,3.0,collision
689,-4.2249979972839355,-0.9957489967346191,-0.00025120784994214773,0.00016687677998561412,9.313225746154785e-06,0.0,0.0,collision
690,-4.224998474121094,-0.9957489967346191,-0.0002507409662939608,2.08546389330877e-05,1.4901160284352954e-05,0.0,3.0,collision
691,-4.224963665008545,-0.9947147965431213,-0.0002452558546792716,0.03233751282095909,0.03233705833554268,1.0,-3.0,collision
692,-4.224926948547363,-0.9936594367027283,-0.00024544738698750734,0.03299994766712189,0.03299994766712189,1.0,3.0,collision
693,-4.224891662597656,-0.9926040172576904,-0.00024588085943832994,0.03300028666853905,0.03300028666853905,1.0,-3.0,collision
694,-4.2248921394348145,-0.9925828576087952,-0.00025114419986493886,0.0006815515225753188,0.0006614068406634033,0.0,3.0,collision
695,-4.224892616271973,-0.9925829172134399,-0.00025077714235521853,1.889675695565529e-05,1.501712449680781e-05,0.0,3.0,collision
696,-4.224859714508057,-0.9915485978126526,-0.00024528877111151814,0.03233928233385086,0.03233882784843445,1.0,-3.0,collision
697,-4.224823951721191,-0.9904931783676147,-0.00024546380154788494,0.03300078585743904,0.03300078585743904,1.0,-3.0,collision
698,-4.224786281585693,-0.9894378185272217,-0.0002459037641528994,0.03300099819898605,0.033000994473695755,1.0,-3.0,collision
699,-4.224785804748535,-0.9894375205039978,-0.0002512538048904389,0.00016810967645142227,1.7572157958056778e-05,0.0,0.0,collision
700,-4.2247467041015625,-0.9884034991264343,-0.00024589491658844054,0.03233669325709343,0.03233626112341881,1.0,3.0,collision
701,-4.224709987640381,-0.9873481392860413,-0.00024595833383500576,0.03299994766712189,0.03299994766712189,1.0,3.0,collision
702,-4.224676132202148,-0.9862926602363586,-0.00024629945983178914,0.033000681549310684,0.033000681549310684,1.0,3.0,collision
703,-4.224644184112549,-0.9852371215820312,-0.00024658662732690573,0.03300068899989128,0.03300068527460098,1.0,3.0,collision
704,-4.22461462020874,-0.9841815829277039,-0.00024680665228515863,0.03299851715564728,0.03299851715564728,1.0,-3.0,collision
705,-4.224582672119141,-0.9831260442733765,-0.000247002812102437,0.03300068527460098,0.03300068527460098,1.0,3.0,collision
706,-4.224583625793457,-0.9831048250198364,-0.0002520324778743088,0.000682126497849822,0.0006637710030190647,0.0,3.0,collision
707,-4.2245564460754395,-0.9820703864097595,-0.00024660429335199296,0.03233780711889267,0.03233736380934715,1.0,3.0,collision
708,-4.224531650543213,-0.9810146689414978,-0.00024651954299770296,0.033000268042087555,0.033000268042087555,1.0,-3.0,collision
709,-4.2245049476623535,-0.9799589514732361,-0.0002467530139256269,0.033001720905303955,0.033001720905303955,1.0,0.0,collision
710,-4.224477291107178,-0.9789032936096191,-0.0002469449827913195,0.03300062566995621,0.03300062566995621,1.0,-3.0,collision
711,-4.224477767944336,-0.9788821339607239,-0.00025199571973644197,0.0006799787515774369,0.0006614068406634033,0.0,3.0,collision
712,-4.224477291107178,-0.9788821935653687,-0.0002514486259315163,2.2755450117983855e-05,1.501712449680781e-05,0.0,-3.0,collision
713,-4.224448204040527,-0.9778478145599365,-0.00024584686616435647,0.03233759105205536,0.032337117940187454,1.0,3.0,collision
714,-4.224421977996826,-0.97679203748703,-0.00024590460816398263,0.03300321102142334,0.03300321102142334,1.0,0.0,collision
715,-4.224395751953125,-0.9757363796234131,-0.00024626171216368675,0.03299948573112488,0.03299948573112488,1.0,3.0,collision
716,-4.224370956420898,-0.9746806621551514,-0.00024654637672938406,0.033000268042087555,0.033000268042087555,1.0,-3.0,collision
717,-4.224344730377197,-0.9736250042915344,-0.0002467945741955191,0.03299948573112488,0.03299948573112488,1.0,3.0,collision
718,-4.2243452072143555,-0.9736038446426392,-0.00025186591665260494,0.0006801285198889673,0.0006614068406634033,0.0,3.0,collision
719,-4.224323749542236,-0.9725692272186279,-0.0002464710269123316,0.0323391854763031,0.03233874589204788,1.0,3.0,collision
720,-4.224304676055908,-0.9715134501457214,-0.0002464129647705704,0.03299841657280922,0.03299841657280922,1.0,-3.0,collision
721,-4.224282741546631,-0.9704576730728149,-0.0002466625883243978,0.0330001525580883,0.0330001525580883,1.0,-3.0,collision
722,-4.224258899688721,-0.9694018959999084,-0.0002468871243763715,0.03300144150853157,0.03300144150853157,1.0,3.0,collision
723,-4.224236965179443,-0.968346118927002,-0.00024704766110517085,0.0330001525580883,0.0330001525580883,1.0,-3.0,collision
724,-4.224236488342285,-0.9683249592781067,-0.0002520660636946559,0.0006797449314035475,0.0006614068406634033,0.0,-3.0,collision
725,-4.224209308624268,-0.9672905206680298,-0.0002466310397721827,0.03233780711889267,0.03233736380934715,1.0,-3.0,collision
726,-4.224180698394775,-0.9662349224090576,-0.00024656238383613527,0.03299956023693085,0.03299956023693085,1.0,3.0,collision
727,-4.224180698394775,-0.9662137627601624,-0.00025166544946841896,0.0006801970303058624,0.0006612389697693288,0.0,3.0,collision
728,-4.224155902862549,-0.9651792645454407,-0.00024629887775518,0.03233778476715088,0.03233735263347626,1.0,-3.0,collision
729,-4.224128723144531,-0.964123547077179,-0.0002462861593812704,0.0330021008849144,0.0330021008849144,1.0,-3.0,collision
730,-4.224099159240723,-0.9630679488182068,-0.00024656212190166116,0.03300037980079651,0.03300037607550621,1.0,-3.0,collision
731,-4.224066734313965,-0.9620124101638794,-0.00024679690250195563,0.033001139760017395,0.033001139760017395,1.0,-3.0,collision
732,-4.224032402038574,-0.9609569907188416,-0.0002469854662194848,0.03299930319190025,0.03299930319190025,1.0,-3.0,collision
733,-4.223995685577393,-0.9599015712738037,-0.00024713636958040297,0.03300180658698082,0.03300180658698082,1.0,-3.0,collision
734,-4.223956108093262,-0.9588462710380554,-0.0002472570922691375,0.03300131484866142,0.03300131484866142,1.0,-3.0,collision
735,-4.2239155769348145,-0.9577910900115967,-0.0002473629137966782,0.03299872204661369,0.03299872204661369,1.0,3.0,collision
736,-4.223876476287842,-0.9567357897758484,-0.00024742845562286675,0.03300075978040695,0.03300075978040695,1.0,-3.0,collision
737,-4.223875999450684,-0.9567354917526245,-0.00025247293524444103,0.000158616341650486,1.7572157958056778e-05,0.0,0.0,collision
738,-4.223835468292236,-0.9556804895401001,-0.000246768060605973,0.0329936183989048,0.0329931378364563,1.0,0.0,collision
739,-4.223793983459473,-0.9546253085136414,-0.00024674576707184315,0.032999880611896515,0.032999880611896515,1.0,-3.0,collision
740,-4.223751068115234,-0.9535701274871826,-0.0002469381724949926,0.03300166875123978,0.03300166875123978,1.0,0.0,collision
741,-4.223708629608154,-0.9525150060653687,-0.00024710322031751275,0.032999202609062195,0.032999202609062195,1.0,3.0,collision
742,-4.223707675933838,-0.9524939060211182,-0.0002521012502256781,0.0006782773416489363,0.0006600494962185621,0.0,-3.0,collision
743,-4.223708152770996,-0.9524939060211182,-0.0002515533415134996,2.2698293832945637e-05,1.4901160284352954e-05,0.0,3.0,collision
744,-4.223707675933838,-0.9524939656257629,-0.0002507950703147799,2.8053755158907734e-05,1.501712449680781e-05,0.0,-3.0,collision
745,-4.223708152770996,-0.9524940252304077,-0.0002501932031009346,2.4067987396847457e-05,1.501712449680781e-05,0.0,3.0,collision
746,-4.223666667938232,-0.9514600038528442,-0.0002448064915370196,0.03233959898352623,0.03233915939927101,1.0,-3.0,collision
747,-4.223622798919678,-0.9504048824310303,-0.00024507736088708043,0.03300103172659874,0.03300102800130844,1.0,-3.0,collision
748,-4.223577499389648,-0.9493498802185059,-0.0002456045476719737,0.032999198883771896,0.0329991951584816,1.0,3.0,collision
749,-4.223576545715332,-0.9493287205696106,-0.0002509028126951307,0.000682304089423269,0.0006619102787226439,0.0,-3.0,collision
750,-4.223531246185303,-0.9482949376106262,-0.00024569989182054996,0.03233712539076805,0.03233671560883522,1.0,-3.0,collision
751,-4.223483085632324,-0.9472399950027466,-0.0002458177041262388,0.033001288771629333,0.033001288771629333,1.0,3.0,collision
752,-4.223437786102295,-0.9461849927902222,-0.0002461876138113439,0.0329991951584816,0.0329991951584816,1.0,3.0,collision
753,-4.223437786102295,-0.9461637735366821,-0.0002513795916456729,0.0006826628814451396,0.0006631016149185598,0.0,3.0,collision
754,-4.223397731781006,-0.9451297521591187,-0.0002460816176608205,0.03233782574534416,0.03233739733695984,1.0,3.0,collision
755,-4.22335958480835,-0.9440743923187256,-0.0002461119438521564,0.033001530915498734,0.033001530915498734,1.0,3.0,collision
756,-4.223324298858643,-0.9430189728736877,-0.0002464228600729257,0.03300028666853905,0.03300028666853905,1.0,3.0,collision
757,-4.223324298858643,-0.9429978132247925,-0.0002515561936888844,0.000680419325362891,0.0006612389697693288,0.0,-3.0,collision
758,-4.223288536071777,-0.9419636726379395,-0.0002462220436427742,0.03233663737773895,0.03233620896935463,1.0,-3.0,collision
759,-4.2232489585876465,-0.9409083724021912,-0.0002462248085066676,0.03300131484866142,0.03300131484866142,1.0,-3.0,collision
760,-4.223207473754883,-0.9398531913757324,-0.00024651282001286745,0.032999880611896515,0.032999880611896515,1.0,-3.0,collision
761,-4.223164081573486,-0.9387980699539185,-0.00024676730390638113,0.03300041705369949,0.033000413328409195,1.0,3.0,collision
762,-4.223164081573486,-0.9387977719306946,-0.00025193506735377014,0.00016176090866792947,9.313225746154785e-06,0.0,0.0,collision
763,-4.223123550415039,-0.9377637505531311,-0.0002464398567099124,0.03233843669295311,0.0323379822075367,1.0,3.0,collision
764,-4.223084449768066,-0.9367085099220276,-0.00024638435570523143,0.03299890086054802,0.03299890086054802,1.0,-3.0,collision
765,-4.223043918609619,-0.9356532692909241,-0.00024665004457347095,0.033000584691762924,0.033000584691762924,1.0,3.0,collision
766,-4.223043441772461,-0.9356321692466736,-0.00025173844187520444,0.0006784424185752869,0.0006595447193831205,0.0,-3.0,collision
767,-4.223001956939697,-0.9345981478691101,-0.00024636820307932794,0.03233959525823593,0.03233915939927101,1.0,-3.0,collision
768,-4.222958087921143,-0.9335430860519409,-0.00024634195142425597,0.03299916908144951,0.03299916908144951,1.0,-3.0,collision
769,-4.222911834716797,-0.9324880838394165,-0.00024661669158376753,0.033000487834215164,0.033000487834215164,1.0,3.0,collision
770,-4.222911357879639,-0.9324669241905212,-0.0002517118991818279,0.0006803026772104204,0.0006614068406634033,0.0,-3.0,collision
771,-4.222865104675293,-0.9314331412315369,-0.00024634713190607727,0.032338470220565796,0.032338034361600876,1.0,-3.0,collision
772,-4.22281551361084,-0.9303783178329468,-0.00024632527492940426,0.032999638468027115,0.032999638468027115,1.0,-3.0,collision
773,-4.222764492034912,-0.9293235540390015,-0.000246603274717927,0.032999906688928604,0.032999906688928604,1.0,3.0,collision
774,-4.222714900970459,-0.9282686710357666,-0.0002468200691509992,0.03300149738788605,0.03300149738788605,1.0,-3.0,collision
775,-4.222663402557373,-0.9272139072418213,-0.0002470033068675548,0.033000633120536804,0.033000633120536804,1.0,-3.0,collision
776,-4.222662925720215,-0.9272136092185974,-0.0002521334681659937,0.0001612776832189411,1.7572157958056778e-05,0.0,0.0,collision
777,-4.222662448883057,-0.9272136688232422,-0.0002514725783839822,2.5535317035974003e-05,1.501712449680781e-05,0.0,-3.0,collision
778,-4.22266149520874,-0.927213728427887,-0.0002507357858121395,3.7706598959630355e-05,2.9860471840947866e-05,0.0,-3.0,collision
779,-4.222603797912598,-0.9261805415153503,-0.00024525076150894165,0.03233785182237625,0.03233739361166954,1.0,-3.0,collision
780,-4.222602367401123,-0.9261594414710999,-0.0002503150317352265,0.0006795743247494102,0.0006608899566344917,0.0,-3.0,collision
781,-4.222601413726807,-0.9261595010757446,-0.0002500996342860162,3.060974268009886e-05,2.9860471840947866e-05,0.0,-3.0,collision
782,-4.222600936889648,-0.9261595606803894,-0.0002496413071639836,2.0752213458763435e-05,1.501712449680781e-05,0.0,-3.0,collision
783,-4.22260046005249,-0.9261596202850342,-0.0002492607163731009,1.915642133099027e-05,1.501712449680781e-05,0.0,-3.0,collision
784,-4.22260046005249,-0.9261596202850342,-0.00024896569084376097,9.219547791872174e-06,0.0,0.0,3.0,collision
785,-4.2225341796875,-0.9251269102096558,-0.00024383502022828907,0.032338984310626984,0.03233858942985535,1.0,3.0,collision
786,-4.2225341796875,-0.9251057505607605,-0.0002491833292879164,0.0006820344133302569,0.0006612389697693288,0.0,3.0,collision
787,-4.22247314453125,-0.9240726828575134,-0.00024430881603620946,0.032340019941329956,0.032339658588171005,1.0,3.0,collision
788,-4.222413063049316,-0.9230183959007263,-0.0002446832077112049,0.0329999215900898,0.0329999215900898,1.0,-3.0,collision
789,-4.222351551055908,-0.921964168548584,-0.0002452898770570755,0.0330006442964077,0.0330006368458271,1.0,3.0,collision
790,-4.222291469573975,-0.9209098219871521,-0.00024576953728683293,0.03300178423523903,0.03300178050994873,1.0,-3.0,collision
791,-4.22222900390625,-0.9198556542396545,-0.0002461629337631166,0.03300052508711815,0.03300052508711815,1.0,-3.0,collision
792,-4.222229957580566,-0.9198344945907593,-0.0002513712679501623,0.0006816275999881327,0.0006619102787226439,0.0,3.0,collision
793,-4.222168922424316,-0.918801486492157,-0.0002460748073644936,0.0323382243514061,0.03233779966831207,1.0,3.0,collision
794,-4.222168445587158,-0.9187803268432617,-0.000250989047344774,0.000679001328535378,0.0006614068406634033,0.0,3.0,collision
795,-4.222112655639648,-0.9177470207214355,-0.00024575437419116497,0.03233826160430908,0.03233784809708595,1.0,3.0,collision
796,-4.222113132476807,-0.9177258014678955,-0.0002507322933524847,0.0006812670035287738,0.0006632690201513469,0.0,3.0,collision
797,-4.222113609313965,-0.9177258014678955,-0.00025043293135240674,1.7594367818674073e-05,1.4901160284352954e-05,0.0,3.0,collision
798,-4.222063064575195,-0.9166921377182007,-0.0002450122556183487,0.03234102949500084,0.03234058618545532,1.0,-3.0,collision
799,-4.222010612487793,-0.9156374335289001,-0.0002452426415402442,0.03300023823976517,0.03300023823976517,1.0,-3.0,collision
800,-4.221956729888916,-0.9145827889442444,-0.00024573685368523,0.033000633120536804,0.033000629395246506,1.0,3.0,collision
801,-4.221904754638672,-0.9135280251502991,-0.0002461369149386883,0.0330013632774353,0.033001359552145004,1.0,3.0,collision
802,-4.221904754638672,-0.9135277271270752,-0.0002514307852834463,0.00016569536819588393,9.313225746154785e-06,0.0,0.0,collision
803,-4.221854209899902,-0.9124941229820251,-0.00024602492339909077,0.03233916684985161,0.03233872354030609,1.0,-3.0,collision
804,-4.2218017578125,-0.9114394187927246,-0.00024606334045529366,0.03300023823976517,0.03300023823976517,1.0,-3.0,collision
805,-4.221747398376465,-0.9103848338127136,-0.0002463936689309776,0.03299953415989876,0.03299953043460846,1.0,3.0,collision
806,-4.2216949462890625,-0.9093300700187683,-0.0002466571459081024,0.0330020971596241,0.0330020971596241,1.0,0.0,collision
807,-4.221642971038818,-0.908275306224823,-0.0002468788588885218,0.033001359552145004,0.033001359552145004,1.0,3.0,collision
808,-4.221592426300049,-0.9072205424308777,-0.00024704079260118306,0.0329991914331913,0.0329991914331913,1.0,-3.0,collision
809,-4.221540451049805,-0.9061658382415771,-0.00024718992062844336,0.03299950063228607,0.03299950063228607,1.0,3.0,collision
810,-4.221490859985352,-0.9051110148429871,-0.00024729984579607844,0.032999638468027115,0.032999638468027115,1.0,3.0,collision
811,-4.221443176269531,-0.9040560722351074,-0.00024737714556977153,0.03300061449408531,0.03300061449408531,1.0,-3.0,collision
812,-4.22139310836792,-0.9030013084411621,-0.0002474484499543905,0.03299847990274429,0.03299847990274429,1.0,-3.0,collision
813,-4.221340179443359,-0.9019466042518616,-0.0002475061046425253,0.03300097957253456,0.03300097957253456,1.0,-3.0,collision
814,-4.221338748931885,-0.9019255042076111,-0.0002524332085158676,0.0006785889272578061,0.0006608899566344917,0.0,-3.0,collision
815,-4.221282482147217,-0.9008922576904297,-0.000246935902396217,0.0323372483253479,0.03233679383993149,1.0,3.0,collision
816,-4.221282482147217,-0.9008710980415344,-0.000251677876804024,0.0006776402588002384,0.0006612389697693288,0.0,3.0,collision
817,-4.221229553222656,-0.8998375535011292,-0.0002462944248691201,0.03234102576971054,0.03234058991074562,1.0,-3.0,collision
818,-4.2212300300598145,-0.8998163938522339,-0.000251175370067358,0.0006787666934542358,0.0006614068406634033,0.0,3.0,collision
819,-4.221229553222656,-0.8998164534568787,-0.0002507775498088449,1.9495275410008617e-05,1.501712449680781e-05,0.0,-3.0,collision
820,-4.221229553222656,-0.8998163938522339,-0.00025018781889230013,1.852298191806767e-05,1.8626450355441193e-06,0.0,0.0,collision
821,-4.2211761474609375,-0.8987829685211182,-0.0002448193554300815,0.03233807161450386,0.03233763575553894,1.0,3.0,collision
822,-4.2211761474609375,-0.8987826704978943,-0.0002500613918527961,0.0001640781556488946,9.313225746154785e-06,0.0,0.0,collision
823,-4.221175670623779,-0.8987826704978943,-0.0002497990499250591,1.7007492715492845e-05,1.4901160284352954e-05,0.0,-3.0,collision
824,-4.2211222648620605,-0.8977493047714233,-0.0002445108548272401,0.032336197793483734,0.03233577683568001,1.0,-3.0,collision
825,-4.221122741699219,-0.8977281451225281,-0.00024973569088615477,0.000681262172292918,0.0006614068406634033,0.0,3.0,collision
826,-4.221067905426025,-0.8966947197914124,-0.0002447399601805955,0.03234034776687622,0.032339971512556076,1.0,-3.0,collision
827,-4.221011161804199,-0.8956402540206909,-0.0002450491301715374,0.032999731600284576,0.03299972787499428,1.0,3.0,collision
828,-4.221011161804199,-0.8956398963928223,-0.0002505469601601362,0.00017217028653249145,1.117586998589104e-05,0.0,0.0,collision
829,-4.220955848693848,-0.8946065306663513,-0.000245317118242383,0.032339319586753845,0.032338906079530716,1.0,-3.0,collision
830,-4.220898151397705,-0.8935521245002747,-0.00024549750378355384,0.03299948573112488,0.03299948573112488,1.0,-3.0,collision
831,-4.2208967208862305,-0.8935309648513794,-0.00025081276544369757,0.0006832461222074926,0.000662748352624476,0.0,-3.0,collision
832,-4.2208967208862305,-0.8935310244560242,-0.0002505223674234003,9.264120308216661e-06,1.8626450355441193e-06,0.0,3.0,collision
833,-4.220896244049072,-0.893531084060669,-0.0002499706170056015,2.2864984202897176e-05,1.501712449680781e-05,0.0,-3.0,collision
834,-4.2208356857299805,-0.8924980163574219,-0.0002446494472678751,0.03233921155333519,0.03233878314495087,1.0,3.0,collision
835,-4.220776081085205,-0.89144366979599,-0.00024494153331033885,0.03300093859434128,0.03300093859434128,1.0,-3.0,collision
836,-4.220715045928955,-0.8903894424438477,-0.00024549561203457415,0.03299977630376816,0.03299977257847786,1.0,3.0,collision
837,-4.220714092254639,-0.8903683423995972,-0.00025081567582674325,0.0006806651945225894,0.0006600494962185621,0.0,-3.0,collision
838,-4.220714092254639,-0.8903682231903076,-0.0002505198062863201,9.968192898668349e-06,3.7252900710882386e-06,0.0,0.0,collision
839,-4.220653533935547,-0.8893352150917053,-0.00024509979994036257,0.03233736753463745,0.032336924225091934,1.0,3.0,collision
840,-4.22059440612793,-0.8882808685302734,-0.00024530215887352824,0.033000100404024124,0.033000100404024124,1.0,-3.0,collision
841,-4.2205328941345215,-0.8872266411781311,-0.00024577364092692733,0.0330006405711174,0.0330006368458271,1.0,-3.0,collision
842,-4.220468521118164,-0.8861725926399231,-0.000246166018769145,0.033000387251377106,0.03300038352608681,1.0,-3.0,collision
843,-4.2204670906066895,-0.8861514925956726,-0.0002513620420359075,0.0006805449374951422,0.0006608899566344917,0.0,-3.0,collision
844,-4.2204670906066895,-0.8861514925956726,-0.0002509623591322452,1.2490089829952922e-05,0.0,0.0,3.0,collision
845,-4.220402240753174,-0.8851187825202942,-0.00024544805637560785,0.03233621269464493,0.03233575448393822,1.0,3.0,collision
846,-4.220400810241699,-0.8850976228713989,-0.0002504623553249985,0.0006810207851231098,0.000662748352624476,0.0,-3.0,collision
847,-4.220335483551025,-0.8840649127960205,-0.00024533175746910274,0.032337088137865067,0.03233669325709343,1.0,-3.0,collision
848,-4.220266342163086,-0.8830111622810364,-0.00024551243404857814,0.033000510185956955,0.033000510185956955,1.0,-3.0,collision
849,-4.220194339752197,-0.8819575309753418,-0.000245943374466151,0.03300277143716812,0.03300276771187782,1.0,-3.0,collision
850,-4.220121383666992,-0.8809040784835815,-0.0002463117998559028,0.03299924358725548,0.03299923986196518,1.0,3.0,collision
851,-4.22005033493042,-0.879850447177887,-0.00024659725022502244,0.033000752329826355,0.033000752329826355,1.0,3.0,collision
852,-4.219982147216797,-0.8787965774536133,-0.0002468202728778124,0.03300229087471962,0.03300229087471962,1.0,0.0,collision
853,-4.219983100891113,-0.8787754774093628,-0.0002518922265153378,0.0006788130267523229,0.0006600494962185621,0.0,3.0,collision
854,-4.2199835777282715,-0.8787754774093628,-0.00025137484772130847,2.1987534637446515e-05,1.4901160284352954e-05,0.0,3.0,collision
855,-4.219983100891113,-0.8787755370140076,-0.0002506517630536109,2.7131367460242473e-05,1.501712449680781e-05,0.0,-3.0,collision
856,-4.219918727874756,-0.8777427077293396,-0.00024519447470083833,0.03233899176120758,0.03233854100108147,1.0,3.0,collision
857,-4.219854831695557,-0.8766886591911316,-0.00024537730496376753,0.03299948200583458,0.03299948200583458,1.0,-3.0,collision
858,-4.219789505004883,-0.8756346702575684,-0.00024584418861195445,0.03300035744905472,0.03300035372376442,1.0,3.0,collision
859,-4.219726085662842,-0.8745805621147156,-0.0002462229167576879,0.03300044313073158,0.03300044313073158,1.0,3.0,collision
860,-4.219725608825684,-0.8745594024658203,-0.0002513972285669297,0.0006808855105191469,0.0006614068406634033,0.0,-3.0,collision
861,-4.219663143157959,-0.8735264539718628,-0.0002461067633703351,0.032339029014110565,0.03233860805630684,1.0,3.0,collision
862,-4.219663143157959,-0.8735052347183228,-0.0002510155027266592,0.0006806135061196983,0.0006631016149185598,0.0,3.0,collision
863,-4.219603538513184,-0.8724720478057861,-0.0002457641821820289,0.03234118968248367,0.032340772449970245,1.0,-3.0,collision
864,-4.219542026519775,-0.8714178800582886,-0.0002458579547237605,0.03299877792596817,0.03299877792596817,1.0,-3.0,collision
865,-4.219542980194092,-0.8713967204093933,-0.00025111279683187604,0.0006819760310463607,0.0006619102787226439,0.0,3.0,collision
866,-4.219482898712158,-0.8703636527061462,-0.000245867355260998,0.032338328659534454,0.032337915152311325,1.0,3.0,collision
867,-4.219424247741699,-0.8693092465400696,-0.0002459303359501064,0.0330011248588562,0.0330011248588562,1.0,-3.0,collision
868,-4.219362735748291,-0.8682550191879272,-0.00024627684615552425,0.0330006405711174,0.0330006368458271,1.0,-3.0,collision
869,-4.219299793243408,-0.8672008514404297,-0.0002465785655658692,0.03300141170620918,0.03300141170620918,1.0,3.0,collision
870,-4.219238758087158,-0.8661466240882874,-0.00024680097703821957,0.03299977257847786,0.03299977257847786,1.0,-3.0,collision
871,-4.219175815582275,-0.8650925159454346,-0.00024699809728190303,0.03299955278635025,0.03299955278635025,1.0,3.0,collision
872,-4.219114303588867,-0.8640382885932922,-0.00024713645689189434,0.0330006368458271,0.0330006368458271,1.0,-3.0,collision
873,-4.219051361083984,-0.8629841804504395,-0.00024726640549488366,0.03299955278635025,0.03299955278635025,1.0,3.0,collision
874,-4.219050407409668,-0.8629630208015442,-0.00025223198463208973,0.0006798560498282313,0.0006619102787226439,0.0,-3.0,collision
875,-4.218988418579102,-0.8619300723075867,-0.00024677455076016486,0.03233816474676132,0.03233771026134491,1.0,3.0,collision
876,-4.218928337097168,-0.8608757853507996,-0.0002466666337568313,0.0329999215900898,0.0329999215900898,1.0,3.0,collision
877,-4.218869686126709,-0.8598213791847229,-0.00024685595417395234,0.0330011248588562,0.0330011248588562,1.0,-3.0,collision
878,-4.218808650970459,-0.8587671518325806,-0.00024703083909116685,0.03299977257847786,0.03299977257847786,1.0,-3.0,collision
879,-4.218745708465576,-0.8577130436897278,-0.0002471823536325246,0.03299955278635025,0.03299955278635025,1.0,3.0,collision
880,-4.218745708465576,-0.8576918244361877,-0.0002521759015507996,0.000681215722579509,0.0006631016149185598,0.0,3.0,collision
881,-4.218688488006592,-0.8566586375236511,-0.0002467188169248402,0.032337017357349396,0.03233656659722328,1.0,3.0,collision
882,-4.21863317489624,-0.8556040525436401,-0.0002466214937157929,0.03300108015537262,0.03300108015537262,1.0,3.0,collision
883,-4.21858024597168,-0.8545493483543396,-0.0002468303428031504,0.03300097957253456,0.03300097957253456,1.0,3.0,collision
884,-4.218530178070068,-0.8534945249557495,-0.00024701145594008267,0.033000338822603226,0.033000338822603226,1.0,3.0,collision
885,-4.21848201751709,-0.8524395823478699,-0.0002471570624038577,0.033001288771629333,0.033001288771629333,1.0,3.0,collision
886,-4.218435764312744,-0.8513845205307007,-0.0002472680062055588,0.033002350479364395,0.033002350479364395,1.0,0.0,collision
887,-4.218389987945557,-0.8503295183181763,-0.0002473678032401949,0.03299983963370323,0.03299983963370323,1.0,3.0,collision
888,-4.218346118927002,-0.8492744565010071,-0.0002474315115250647,0.03299916908144951,0.03299916908144951,1.0,-3.0,collision
889,-4.218345642089844,-0.8492533564567566,-0.00025237261434085667,0.0006773783825337887,0.0006595447193831205,0.0,-3.0,collision
890,-4.218345642089844,-0.8492534160614014,-0.00025175994960591197,1.923616582644172e-05,1.8626450355441193e-06,0.0,-3.0,collision
891,-4.218295097351074,-0.8482198119163513,-0.0002460964897181839,0.03233921155333519,0.03233872354030609,1.0,3.0,collision
892,-4.218295574188232,-0.8482195138931274,-0.0002510832855477929,0.00015682494267821312,1.7572157958056778e-05,0.0,0.0,collision
893,-4.218247890472412,-0.8471857905387878,-0.0002457430528011173,0.03233863413333893,0.03233820199966431,1.0,3.0,collision
894,-4.218202114105225,-0.8461307883262634,-0.0002458366798236966,0.03299983963370323,0.03299983963370323,1.0,3.0,collision
895,-4.218158721923828,-0.8450756669044495,-0.00024620257318019867,0.03300041705369949,0.033000413328409195,1.0,3.0,collision
896,-4.218117713928223,-0.844020426273346,-0.0002465095021761954,0.03300115838646889,0.03300115838646889,1.0,3.0,collision
897,-4.218078136444092,-0.8429651856422424,-0.0002467447775416076,0.03299945220351219,0.03299945220351219,1.0,-3.0,collision
898,-4.218079566955566,-0.8429439663887024,-0.00025183576508425176,0.0006833834340795875,0.0006646068068221211,0.0,3.0,collision
899,-4.218039512634277,-0.8419098854064941,-0.0002464358985889703,0.03233970329165459,0.03233925998210907,1.0,-3.0,collision
900,-4.217997074127197,-0.8408547639846802,-0.00024639570619910955,0.032999202609062195,0.032999202609062195,1.0,-3.0,collision
901,-4.217996120452881,-0.8408336043357849,-0.0002515307569410652,0.0006810843478888273,0.0006619102787226439,0.0,-3.0,collision
902,-4.217949390411377,-0.8397998809814453,-0.0002462018746882677,0.03233727067708969,0.03233684226870537,1.0,-3.0,collision
903,-4.217900276184082,-0.8387449979782104,-0.00024621919146738946,0.03300080448389053,0.03300080448389053,1.0,3.0,collision
904,-4.217899799346924,-0.8387446999549866,-0.00025148229906335473,0.00016540814249310642,1.7572157958056778e-05,0.0,0.0,collision
905,-4.217899322509766,-0.8387447595596313,-0.00025095033925026655,2.240229514427483e-05,1.501712449680781e-05,0.0,-3.0,collision
906,-4.217899322509766,-0.8387447595596313,-0.00025031782570295036,1.9766046534641646e-05,0.0,0.0,-3.0,collision
907,-4.21784782409668,-0.8377112746238708,-0.00024491618387401104,0.03233691677451134,0.03233647346496582,1.0,-3.0,collision
908,-4.217848300933838,-0.8376901149749756,-0.00025005912175402045,0.0006806533201597631,0.0006614068406634033,0.0,3.0,collision
909,-4.2177958488464355,-0.8366565704345703,-0.00024499878054484725,0.032340213656425476,0.032339829951524734,1.0,-3.0,collision
910,-4.217741012573242,-0.8356019854545593,-0.00024524613399989903,0.03300030529499054,0.03300030156970024,1.0,-3.0,collision
911,-4.217683792114258,-0.8345475196838379,-0.00024573050905019045,0.033000536262989044,0.033000532537698746,1.0,-3.0,collision
912,-4.217683792114258,-0.8345264196395874,-0.00025102461222559214,0.0006798144895583391,0.0006593763246200979,0.0,3.0,collision
913,-4.217628479003906,-0.8334931135177612,-0.00024579715682193637,0.032337456941604614,0.03233704715967178,1.0,3.0,collision
914,-4.217574596405029,-0.8324384689331055,-0.00024588400265201926,0.033000629395246506,0.033000629395246506,1.0,3.0,collision
915,-4.21752405166626,-0.8313836455345154,-0.0002462402335368097,0.03300105407834053,0.03300105035305023,1.0,3.0,collision
916,-4.217523097991943,-0.8313624858856201,-0.00025141032529063523,0.0006813431973569095,0.0006619102787226439,0.0,-3.0,collision
917,-4.217473030090332,-0.8303288817405701,-0.0002461172407492995,0.032338421791791916,0.03233800083398819,1.0,3.0,collision
918,-4.217473030090332,-0.8303077220916748,-0.0002510238264221698,0.0006787836900912225,0.0006612389697693288,0.0,3.0,collision
919,-4.217427730560303,-0.8292738795280457,-0.0002457824884913862,0.03233899176120758,0.03233857825398445,1.0,3.0,collision
920,-4.217427730560303,-0.8292527198791504,-0.0002507433819118887,0.0006791691412217915,0.0006612389697693288,0.0,-3.0,collision
921,-4.217381477355957,-0.828218936920166,-0.00024555702111683786,0.03233844414353371,0.032338034361600876,1.0,-3.0,collision
922,-4.21733283996582,-0.8271640539169312,-0.000245702889515087,0.03300011157989502,0.03300011157989502,1.0,3.0,collision
923,-4.217286109924316,-0.8261090517044067,-0.0002460858377162367,0.033001143485307693,0.033001139760017395,1.0,-3.0,collision
924,-4.217287063598633,-0.8260878920555115,-0.00025130834546871483,0.0006817334215156734,0.0006619102787226439,0.0,3.0,collision
925,-4.2172393798828125,-0.8250541090965271,-0.0002460138057358563,0.03234048932790756,0.03234006091952324,1.0,-3.0,collision
926,-4.217190265655518,-0.8239991664886475,-0.00024606339866295457,0.033002663403749466,0.033002663403749466,1.0,0.0,collision
927,-4.217190742492676,-0.8239780068397522,-0.0002512724604457617,0.0006811441853642464,0.0006614068406634033,0.0,3.0,collision
928,-4.217144012451172,-0.8229231834411621,-0.00024589276290498674,0.03299599140882492,0.0329955592751503,1.0,0.0,collision
929,-4.217097282409668,-0.8218682408332825,-0.0002460493706166744,0.03299928084015846,0.03299928084015846,1.0,-3.0,collision
930,-4.21709680557251,-0.8218679428100586,-0.00025136012118309736,0.00016688862524461,1.7572157958056778e-05,0.0,0.0,collision
931,-4.217048645019531,-0.8208343386650085,-0.00024597960873506963,0.03233560919761658,0.03233517333865166,1.0,3.0,collision
932,-4.217048645019531,-0.8208340406417847,-0.00025100010680034757,0.000157166738063097,9.313225746154785e-06,0.0,0.0,collision
933,-4.217003345489502,-0.8198002576828003,-0.00024567684158682823,0.03233714401721954,0.03233671560883522,1.0,3.0,collision
934,-4.2169599533081055,-0.8187451362609863,-0.0002457835653331131,0.033000413328409195,0.033000413328409195,1.0,3.0,collision
935,-4.2169189453125,-0.817689836025238,-0.0002461545809637755,0.03300302103161812,0.03300302103161812,1.0,0.0,collision
936,-4.216877460479736,-0.8166347146034241,-0.00024646578822284937,0.032998017966747284,0.032998017966747284,1.0,-3.0,collision
937,-4.21683406829834,-0.8155795931816101,-0.00024673037114553154,0.03300041705369949,0.033000413328409195,1.0,3.0,collision
938,-4.216792106628418,-0.8145244717597961,-0.00024692219449207187,0.03299861028790474,0.03299861028790474,1.0,-3.0,collision
939,-4.216748237609863,-0.8134693503379822,-0.0002470846811775118,0.03300102800130844,0.03300102800130844,1.0,-3.0,collision
940,-4.2167487144470215,-0.8134482502937317,-0.00025210774037986994,0.0006779668037779629,0.0006595447193831205,0.0,3.0,collision
941,-4.216705799102783,-0.8124143481254578,-0.0002466644218657166,0.03233771026134491,0.032337259501218796,1.0,3.0,collision
942,-4.216705799102783,-0.8124140501022339,-0.00025155136245302856,0.0001530005974927917,9.313225746154785e-06,0.0,0.0,collision
943,-4.216705322265625,-0.8124141097068787,-0.0002509914629627019,2.30576242756797e-05,1.501712449680781e-05,0.0,-3.0,collision
944,-4.216705799102783,-0.8124141097068787,-0.0002503603755030781,2.4718037821003236e-05,1.4901160284352954e-05,0.0,3.0,collision
945,-4.2166643142700195,-0.81138014793396,-0.0002449406892992556,0.032337743788957596,0.03233730047941208,1.0,-3.0,collision
946,-4.216664791107178,-0.8113589882850647,-0.0002500782429706305,0.0006806136225350201,0.0006614068406634033,0.0,3.0,collision
947,-4.2166643142700195,-0.8113589882850647,-0.00024989948724396527,1.5913808965706266e-05,1.4901160284352954e-05,0.0,-3.0,collision
948,-4.216621398925781,-0.8103250861167908,-0.00024460654822178185,0.03233768790960312,0.032337259501218796,1.0,3.0,collision
949,-4.2166218757629395,-0.8103038668632507,-0.00024980114540085196,0.000682844955008477,0.0006632690201513469,0.0,3.0,collision
950,-4.216584205627441,-0.8092697262763977,-0.0002448033483233303,0.0323387011885643,0.032338324934244156,1.0,3.0,collision
951,-4.2165846824646,-0.8092485070228577,-0.00024997201398946345,0.0006826527533121407,0.0006632690201513469,0.0,3.0,collision
952,-4.216551303863525,-0.8082142472267151,-0.0002449297462590039,0.03233782947063446,0.03233744204044342,1.0,-3.0,collision
953,-4.21651554107666,-0.8071588277816772,-0.00024520084843970835,0.03300078958272934,0.03300078585743904,1.0,3.0,collision
954,-4.216481685638428,-0.8061033487319946,-0.0002456843794789165,0.03300068527460098,0.033000681549310684,1.0,-3.0,collision
955,-4.2164459228515625,-0.8050479292869568,-0.0002460941032040864,0.03300078958272934,0.03300078585743904,1.0,-3.0,collision
956,-4.216407299041748,-0.803992509841919,-0.00024642801145091653,0.03300393372774124,0.03300393372774124,1.0,0.0,collision
957,-4.21636962890625,-0.8029372096061707,-0.0002466959704179317,0.03299913555383682,0.03299913555383682,1.0,3.0,collision
958,-4.21636962890625,-0.8029369115829468,-0.0002518779074307531,0.00016220311226788908,9.313225746154785e-06,0.0,0.0,collision
959,-4.216334342956543,-0.801902711391449,-0.00024639416369609535,0.032338015735149384,0.03233756124973297,1.0,3.0,collision
960,-4.216301918029785,-0.8008472323417664,-0.00024635795853100717,0.032999277114868164,0.032999277114868164,1.0,3.0,collision
961,-4.216270923614502,-0.799791693687439,-0.00024660886265337467,0.03299979865550995,0.03299979865550995,1.0,-3.0,collision
962,-4.216238021850586,-0.7987362146377563,-0.00024684384698048234,0.03299973905086517,0.03299973905086517,1.0,3.0,collision
963,-4.216207504272461,-0.797680675983429,-0.00024702318478375673,0.03299936652183533,0.03299936652183533,1.0,3.0,collision
964,-4.216179847717285,-0.796625018119812,-0.00024716631742194295,0.03300062566995621,0.03300062566995621,1.0,3.0,collision
965,-4.216154098510742,-0.7955693006515503,-0.00024728087009862065,0.03300097957253456,0.03300097957253456,1.0,3.0,collision
966,-4.216130256652832,-0.7945136427879333,-0.0002473617496434599,0.03299771621823311,0.03299771621823311,1.0,-3.0,collision
967,-4.216104030609131,-0.7934578657150269,-0.0002474412031006068,0.03300321102142334,0.03300321102142334,1.0,0.0,collision
968,-4.216078281402588,-0.7924022078514099,-0.00024750654119998217,0.03299911692738533,0.03299911692738533,1.0,3.0,collision
969,-4.216054439544678,-0.7913464903831482,-0.0002475530782248825,0.03299957886338234,0.03299957886338234,1.0,3.0,collision
970,-4.216054916381836,-0.791346549987793,-0.00024847479653544724,3.248333450756036e-05,1.501712449680781e-05,0.0,3.0,collision
971,-4.216034889221191,-0.7903119921684265,-0.00024343394034076482,0.03233637288212776,0.03233598917722702,1.0,-3.0,collision
972,-4.216012001037598,-0.78925621509552,-0.00024397936067543924,0.03300078958272934,0.03300078585743904,1.0,-3.0,collision
973,-4.215986728668213,-0.7882005572319031,-0.00024471658980473876,0.032998766750097275,0.03299875929951668,1.0,-3.0,collision
974,-4.215959548950195,-0.7871448397636414,-0.00024532570387236774,0.0330021046102047,0.0330021008849144,1.0,0.0,collision
975,-4.215932369232178,-0.7860891819000244,-0.00024581424077041447,0.033000241965055466,0.03300023823976517,1.0,3.0,collision
976,-4.2159318923950195,-0.7860680818557739,-0.0002510710328351706,0.0006796951056458056,0.0006595447193831205,0.0,-3.0,collision
977,-4.215904712677002,-0.7850126028060913,-0.00024574302369728684,0.0329950712621212,0.032994650304317474,1.0,0.0,collision
978,-4.21590518951416,-0.784991443157196,-0.0002508230390958488,0.0006801917334087193,0.0006614068406634033,0.0,3.0,collision
979,-4.215880870819092,-0.7839569449424744,-0.0002456258807796985,0.032337404787540436,0.0323369987308979,1.0,3.0,collision
980,-4.215859413146973,-0.7829012274742126,-0.00024574671988375485,0.0329979844391346,0.0329979844391346,1.0,3.0,collision
981,-4.215840816497803,-0.7818453311920166,-0.0002461306576151401,0.03300187736749649,0.03300187364220619,1.0,3.0,collision
982,-4.215824127197266,-0.7807894945144653,-0.0002464517892803997,0.03299901634454727,0.03299901634454727,1.0,3.0,collision
983,-4.2158098220825195,-0.7797335386276245,-0.00024670944549143314,0.033001650124788284,0.033001646399497986,1.0,3.0,collision
984,-4.2157979011535645,-0.7786776423454285,-0.0002469155879225582,0.032998859882354736,0.032998859882354736,1.0,3.0,collision
985,-4.215798377990723,-0.7786564826965332,-0.0002519506961107254,0.0006798655376769602,0.0006614068406634033,0.0,-3.0,collision
986,-4.215798854827881,-0.7786564230918884,-0.00025142740923911333,2.220192072854843e-05,1.501712449680781e-05,0.0,0.0,collision
987,-4.215799808502197,-0.7786564230918884,-0.00025071011623367667,3.729113450390287e-05,2.980232056870591e-05,0.0,3.0,collision
988,-4.215800762176514,-0.7786564826965332,-0.00025011590332724154,3.516334982123226e-05,2.9860471840947866e-05,0.0,3.0,collision
989,-4.215800762176514,-0.7786564230918884,-0.00024963432224467397,1.5164238902798388e-05,1.8626450355441193e-06,0.0,0.0,collision
990,-4.215792179107666,-0.7776216864585876,-0.00024436417152173817,0.03233705088496208,0.032336629927158356,1.0,-3.0,collision
991,-4.215780258178711,-0.7765657305717468,-0.00024472345830872655,0.03300072252750397,0.03300072252750397,1.0,-3.0,collision
992,-4.2157673835754395,-0.7755098342895508,-0.0002453216293361038,0.03299921378493309,0.03299921005964279,1.0,3.0,collision
993,-4.215756416320801,-0.77445387840271,-0.00024580489844083786,0.0330004021525383,0.033000398427248,1.0,3.0,collision
994,-4.215747356414795,-0.7733979225158691,-0.00024618167662993073,0.03299983590841293,0.03299983590841293,1.0,-3.0,collision
995,-4.215736389160156,-0.7723419666290283,-0.00024650292471051216,0.033000398427248,0.033000398427248,1.0,3.0,collision
996,-4.215727806091309,-0.7712860107421875,-0.00024675048189237714,0.032999712973833084,0.032999709248542786,1.0,3.0,collision
997,-4.21572208404541,-0.7702299952507019,-0.0002469481551088393,0.03300096467137337,0.03300096467137337,1.0,3.0,collision
998,-4.215723037719727,-0.7702088356018066,-0.00025198832736350596,0.0006803919095546007,0.0006619102787226439,0.0,3.0,collision
999,-4.215721607208252,-0.7691529989242554,-0.0002464664285071194,0.032995373010635376,0.03299492225050926,1.0,0.0,collision
1000,-4.21572208404541,-0.7691318392753601,-0.00025140089564956725,0.000679144577588886,0.0006614068406634033,0.0,3.0,collision
1001,-4.215722560882568,-0.7680970430374146,-0.00024607760133221745,0.03233781084418297,0.032337386161088943,1.0,-3.0,collision
1002,-4.215721130371094,-0.767041027545929,-0.00024611889966763556,0.033000510185956955,0.033000510185956955,1.0,3.0,collision
1003,-4.21572208404541,-0.7659850120544434,-0.0002464286517351866,0.03300049528479576,0.03300049528479576,1.0,3.0,collision
1004,-4.215725421905518,-0.7649289965629578,-0.0002466900332365185,0.033000651746988297,0.033000648021698,1.0,3.0,collision
1005,-4.2157301902771,-0.7638730406761169,-0.0002468893362674862,0.0329989530146122,0.0329989530146122,1.0,-3.0,collision
1006,-4.215730667114258,-0.7638518810272217,-0.0002519510453566909,0.0006800584378652275,0.0006614068406634033,0.0,3.0,collision
1007,-4.215736389160156,-0.7628170847892761,-0.000246539682848379,0.03233832120895386,0.03233787417411804,1.0,3.0,collision
1008,-4.215736389160156,-0.7627959251403809,-0.00025134929455816746,0.0006781056290492415,0.0006612389697693288,0.0,-3.0,collision
1009,-4.2157368659973145,-0.7627958655357361,-0.00025093182921409607,1.9892378986696713e-05,1.501712449680781e-05,0.0,0.0,collision
1010,-4.215742588043213,-0.7617611289024353,-0.00024542896426282823,0.03233646601438522,0.03233601152896881,1.0,3.0,collision
1011,-4.215750217437744,-0.7607051730155945,-0.0002455651410855353,0.03299948200583458,0.03299948200583458,1.0,-3.0,collision
1012,-4.215750217437744,-0.7606840133666992,-0.0002508652687538415,0.000681667064782232,0.0006612389697693288,0.0,-3.0,collision
1013,-4.215750694274902,-0.7606840133666992,-0.000250564597081393,1.761616294970736e-05,1.4901160284352954e-05,0.0,3.0,collision
1014,-4.215755939483643,-0.7596492171287537,-0.0002451301843393594,0.03233824297785759,0.032337795943021774,1.0,3.0,collision
1015,-4.215764045715332,-0.7585932016372681,-0.0002453309716656804,0.033001452684402466,0.033001452684402466,1.0,0.0,collision
1016,-4.2157721519470215,-0.7575371861457825,-0.00024580300669185817,0.033001456409692764,0.033001452684402466,1.0,3.0,collision
1017,-4.215773105621338,-0.7575160264968872,-0.0002510723425075412,0.0006820852868258953,0.0006619102787226439,0.0,3.0,collision
1018,-4.215785503387451,-0.7564602494239807,-0.0002457335067447275,0.03299572691321373,0.032995305955410004,1.0,0.0,collision
1019,-4.215786457061768,-0.7564390897750854,-0.0002508149773348123,0.0006806918536312878,0.0006619102787226439,0.0,3.0,collision
1020,-4.215786933898926,-0.7564391493797302,-0.00025050356634892523,1.7894633856485598e-05,1.501712449680781e-05,0.0,3.0,collision
1021,-4.215803623199463,-0.7554044723510742,-0.0002450692991260439,0.03233831003308296,0.03233785927295685,1.0,-3.0,collision
1022,-4.215803146362305,-0.755383312702179,-0.00025016983272507787,0.0006803416763432324,0.0006614068406634033,0.0,-3.0,collision
1023,-4.215803623199463,-0.755383312702179,-0.00024999366723932326,1.5885574612184428e-05,1.4901160284352954e-05,0.0,3.0,collision
1024,-4.215803146362305,-0.7553833723068237,-0.00024954695254564285,2.0503437553998083e-05,1.501712449680781e-05,0.0,-3.0,collision
1025,-4.2158026695251465,-0.7553833723068237,-0.000249184638960287,1.8714674297370948e-05,1.4901160284352954e-05,0.0,-3.0,collision
1026,-4.2158026695251465,-0.7553833723068237,-0.0002488945610821247,9.064933692570776e-06,0.0,0.0,-3.0,collision
1027,-4.2158026695251465,-0.7553833723068237,-0.0002486729354131967,6.925801699253498e-06,0.0,0.0,3.0,collision
1028,-4.215813159942627,-0.754348635673523,-0.00024360109819099307,0.03233756497502327,0.03233718127012253,1.0,3.0,collision
1029,-4.215826034545898,-0.7532926797866821,-0.0002441125689074397,0.03300107643008232,0.03300107270479202,1.0,3.0,collision
1030,-4.215826511383057,-0.7532923817634583,-0.0002497971581760794,0.00017851039592642337,1.7572157958056778e-05,0.0,0.0,collision
1031,-4.215840816497803,-0.7522577047348022,-0.0002447173174005002,0.03233713656663895,0.03233674541115761,1.0,-3.0,collision
1032,-4.215852737426758,-0.7512017488479614,-0.0002450171741656959,0.03300072252750397,0.03300072252750397,1.0,-3.0,collision
1033,-4.215862274169922,-0.7501457333564758,-0.00024555192794650793,0.03300183266401291,0.03300182893872261,1.0,0.0,collision
1034,-4.21586275100708,-0.7501245737075806,-0.00025087723042815924,0.0006820214330218732,0.0006614068406634033,0.0,3.0,collision
1035,-4.21586275100708,-0.7501245737075806,-0.000250563578447327,9.801623491512146e-06,0.0,0.0,3.0,collision
1036,-4.215877056121826,-0.7490898966789246,-0.00024511798983439803,0.03233719617128372,0.03233674541115761,1.0,-3.0,collision
1037,-4.215876579284668,-0.7490895986557007,-0.0002503112773410976,0.00016323877207469195,1.7572157958056778e-05,0.0,0.0,collision
1038,-4.215876579284668,-0.7490895390510559,-0.00025000443565659225,9.768038580659777e-06,1.8626450355441193e-06,0.0,0.0,collision
1039,-4.21587610244751,-0.7490895390510559,-0.00024955664412118495,2.044167740677949e-05,1.4901160284352954e-05,0.0,-3.0,collision
1040,-4.215886116027832,-0.7480548620223999,-0.00024431839119642973,0.03233558312058449,0.03233516961336136,1.0,3.0,collision
1041,-4.21588659286499,-0.7480337023735046,-0.00024956982815638185,0.0006814618827775121,0.0006614068406634033,0.0,3.0,collision
1042,-4.215901851654053,-0.7469990253448486,-0.0002446183352731168,0.03233754262328148,0.03233717009425163,1.0,3.0,collision
1043,-4.215919017791748,-0.7459431290626526,-0.0002449305902700871,0.033001117408275604,0.033001117408275604,1.0,-3.0,collision
1044,-4.215934753417969,-0.7448872327804565,-0.0002454876957926899,0.03300042450428009,0.03300042077898979,1.0,3.0,collision
1045,-4.215951919555664,-0.7438313961029053,-0.0002459277166053653,0.03299925476312637,0.03299925476312637,1.0,-3.0,collision
1046,-4.215966701507568,-0.7427754998207092,-0.00024628941901028156,0.03299999237060547,0.03299999237060547,1.0,-3.0,collision
1047,-4.215979099273682,-0.7417195439338684,-0.00024657929316163063,0.0330008938908577,0.0330008938908577,1.0,-3.0,collision
1048,-4.215978145599365,-0.7416983246803284,-0.0002516922540962696,0.0006827309844084084,0.0006637710030190647,0.0,-3.0,collision
1049,-4.215977668762207,-0.7416983246803284,-0.00025121663929894567,2.1046429537818767e-05,1.4901160284352954e-05,0.0,-3.0,collision
1050,-4.215983867645264,-0.7406635880470276,-0.0002456616784911603,0.03233656287193298,0.032336097210645676,1.0,3.0,collision
1051,-4.2159833908081055,-0.7406424283981323,-0.00025063336943276227,0.000679409597069025,0.0006614068406634033,0.0,-3.0,collision
1052,-4.215989112854004,-0.739586591720581,-0.00024537747958675027,0.032995790243148804,0.032995376735925674,1.0,0.0,collision
1053,-4.215994834899902,-0.7385305762290955,-0.0002456369693391025,0.033000968396663666,0.03300096467137337,1.0,-3.0,collision
1054,-4.215998649597168,-0.7374746203422546,-0.00024605687940493226,0.032998837530612946,0.03299883380532265,1.0,3.0,collision
1055,-4.216004848480225,-0.736418604850769,-0.00024639308685436845,0.03300105407834053,0.03300105035305023,1.0,3.0,collision
1056,-4.216013431549072,-0.7353626489639282,-0.00024666220997460186,0.032999712973833084,0.032999709248542786,1.0,3.0,collision
1057,-4.216023921966553,-0.7343066930770874,-0.00024686718825250864,0.033000245690345764,0.033000245690345764,1.0,-3.0,collision
1058,-4.2160325050354,-0.7332507371902466,-0.0002470511826686561,0.032999709248542786,0.032999709248542786,1.0,3.0,collision
1059,-4.2160325050354,-0.7332295775413513,-0.0002520597481634468,0.0006795107037760317,0.0006612389697693288,0.0,-3.0,collision
1060,-4.21604061126709,-0.7321948409080505,-0.0002466253936290741,0.03233695402741432,0.032336510717868805,1.0,-3.0,collision
1061,-4.21604585647583,-0.7311388254165649,-0.0002465578727424145,0.0330008901655674,0.0330008901655674,1.0,3.0,collision
1062,-4.216054439544678,-0.7300828695297241,-0.00024677973124198616,0.032999709248542786,0.032999709248542786,1.0,3.0,collision
1063,-4.216064929962158,-0.7290269136428833,-0.0002469707396812737,0.033000245690345764,0.033000245690345764,1.0,3.0,collision
1064,-4.21607780456543,-0.7279709577560425,-0.00024712434969842434,0.03300107270479202,0.03300107270479202,1.0,3.0,collision
1065,-4.216092586517334,-0.7269150614738464,-0.0002472366322763264,0.03299999237060547,0.03299999237060547,1.0,-3.0,collision
1066,-4.216104507446289,-0.7258591651916504,-0.00024733590544201434,0.032998859882354736,0.032998859882354736,1.0,-3.0,collision
1067,-4.216104507446289,-0.7258379459381104,-0.0002522967697586864,0.0006809825426898897,0.0006631016149185598,0.0,-3.0,collision
1068,-4.216111183166504,-0.7248032093048096,-0.0002468156162649393,0.03233664482831955,0.03233619034290314,1.0,-3.0,collision
1069,-4.216115951538086,-0.7237471342086792,-0.00024670478887856007,0.03300267830491066,0.03300267830491066,1.0,0.0,collision
1070,-4.21612024307251,-0.7226911187171936,-0.00024689274141564965,0.03300075605511665,0.03300075605511665,1.0,-3.0,collision
1071,-4.216119766235352,-0.7226699590682983,-0.00025194184854626656,0.0006799669936299324,0.0006614068406634033,0.0,-3.0,collision
1072,-4.216119289398193,-0.7216141223907471,-0.0002464403223711997,0.03299534693360329,0.03299489989876747,1.0,0.0,collision
1073,-4.216119766235352,-0.7205581665039062,-0.0002464977151248604,0.03299862518906593,0.03299862518906593,1.0,3.0,collision
1074,-4.216122150421143,-0.7195021510124207,-0.00024673534790053964,0.03300056606531143,0.03300056606531143,1.0,3.0,collision
1075,-4.216126918792725,-0.7184461951255798,-0.00024692522129043937,0.0329989530146122,0.0329989530146122,1.0,-3.0,collision
1076,-4.216126441955566,-0.7184250354766846,-0.00025196801288984716,0.0006799211259931326,0.0006614068406634033,0.0,-3.0,collision
1077,-4.216125965118408,-0.7173904776573181,-0.00024716186453588307,0.03233028203248978,0.03232993558049202,1.0,-3.0,collision
1078,-4.216123580932617,-0.7163345217704773,-0.00024697461049072444,0.0329987034201622,0.0329987034201622,1.0,3.0,collision
1079,-4.216122627258301,-0.7152785062789917,-0.0002471019688528031,0.03300049528479576,0.03300049528479576,1.0,-3.0,collision
1080,-4.21612024307251,-0.7142225503921509,-0.00024723797105252743,0.0329987034201622,0.0329987034201622,1.0,3.0,collision
1081,-4.216119766235352,-0.7142013907432556,-0.00025220922543667257,0.0006794065120629966,0.0006614068406634033,0.0,-3.0,collision
1082,-4.216119766235352,-0.7142013907432556,-0.0002516292443033308,1.8124410416930914e-05,0.0,0.0,-3.0,collision
1083,-4.216119289398193,-0.7142014503479004,-0.0002508650650270283,2.820987720042467e-05,1.501712449680781e-05,0.0,-3.0,collision
1084,-4.216119289398193,-0.7142014503479004,-0.00025023918715305626,1.9558681742637418e-05,0.0,0.0,-3.0,collision
1085,-4.216109275817871,-0.7131667733192444,-0.0002448527957312763,0.03233560919761658,0.03233516961336136,1.0,-3.0,collision
1086,-4.2160964012146,-0.7121108174324036,-0.0002451145264785737,0.03300107270479202,0.03300107270479202,1.0,-3.0,collision
1087,-4.2160820960998535,-0.7110549211502075,-0.0002456342917867005,0.03299978747963905,0.032999783754348755,1.0,3.0,collision
1088,-4.216081619262695,-0.7110337018966675,-0.0002509265614207834,0.0006835769745521247,0.0006632690201513469,0.0,-3.0,collision
1089,-4.216066360473633,-0.7099990248680115,-0.0002457189839333296,0.032337579876184464,0.03233717009425163,1.0,-3.0,collision
1090,-4.216048717498779,-0.7089431285858154,-0.00024582777405157685,0.0330013632774353,0.0330013632774353,1.0,0.0,collision
1091,-4.216048717498779,-0.7089219689369202,-0.0002510838385205716,0.0006813338259235024,0.0006612389697693288,0.0,3.0,collision
1092,-4.216034412384033,-0.7078872919082642,-0.00024584439233876765,0.03233715891838074,0.03233674541115761,1.0,3.0,collision
1093,-4.216022491455078,-0.7068313360214233,-0.000245921837631613,0.03300072252750397,0.03300072252750397,1.0,3.0,collision
1094,-4.216022491455078,-0.7068101763725281,-0.00025114178424701095,0.0006810625782236457,0.0006612389697693288,0.0,-3.0,collision
1095,-4.216010570526123,-0.7057754397392273,-0.0002459018141962588,0.03233807906508446,0.03233766555786133,1.0,3.0,collision
1096,-4.2160115242004395,-0.7057542204856873,-0.0002508513571228832,0.0006815539090894163,0.0006637710030190647,0.0,3.0,collision
1097,-4.216003894805908,-0.7047194838523865,-0.00024563350598327816,0.03233680501580238,0.03233639895915985,1.0,-3.0,collision
1098,-4.215994358062744,-0.7036634683609009,-0.00024576348369009793,0.03300182893872261,0.03300182893872261,1.0,3.0,collision
1099,-4.215986728668213,-0.7026075124740601,-0.00024613429559394717,0.03299948200583458,0.03299948200583458,1.0,-3.0,collision
1100,-4.215986251831055,-0.70258629322052,-0.00025133512099273503,0.0006828912883065641,0.0006632690201513469,0.0,-3.0,collision
1101,-4.215986728668213,-0.7025863528251648,-0.0002509410842321813,1.9420091120991856e-05,1.501712449680781e-05,0.0,3.0,collision
1102,-4.215976715087891,-0.701551616191864,-0.00024543137988075614,0.0323374904692173,0.03233703225851059,1.0,3.0,collision
1103,-4.215977191925049,-0.7015512585639954,-0.00025055097648873925,0.00016106801922433078,1.862645149230957e-05,0.0,0.0,collision
1104,-4.215969085693359,-0.7005165219306946,-0.0002453058259561658,0.03233692795038223,0.032336510717868805,1.0,-3.0,collision
1105,-4.215959548950195,-0.6994605660438538,-0.00024549750378355384,0.03299996629357338,0.03299996629357338,1.0,3.0,collision
1106,-4.215951919555664,-0.6984045505523682,-0.00024593144189566374,0.03300134837627411,0.03300134465098381,1.0,3.0,collision
1107,-4.215952396392822,-0.6983833909034729,-0.0002511747588869184,0.0006814008229412138,0.0006614068406634033,0.0,3.0,collision
1108,-4.215953350067139,-0.6983833909034729,-0.0002508016477804631,3.2001989893615246e-05,2.980232056870591e-05,0.0,3.0,collision
1109,-4.215951919555664,-0.6973485946655273,-0.0002453083579894155,0.032337866723537445,0.032337408512830734,1.0,-3.0,collision
1110,-4.215948581695557,-0.6962925791740417,-0.00024547913926653564,0.033000648021698,0.033000648021698,1.0,-3.0,collision
1111,-4.215941905975342,-0.6952366232872009,-0.0002459158713463694,0.03299928084015846,0.032999277114868164,1.0,-3.0,collision
1112,-4.215941429138184,-0.6952362656593323,-0.0002512634382583201,0.0001681463181739673,1.862645149230957e-05,0.0,0.0,collision
1113,-4.215933799743652,-0.6942015290260315,-0.00024590283283032477,0.03233683109283447,0.03233639895915985,1.0,3.0,collision
1114,-4.215928077697754,-0.6931455135345459,-0.0002459596435073763,0.03300096467137337,0.03300096467137337,1.0,0.0,collision
1115,-4.215922832489014,-0.6920894384384155,-0.00024630094412714243,0.03300275281071663,0.03300275281071663,1.0,0.0,collision
1116,-4.215917587280273,-0.6910334229469299,-0.00024658828624524176,0.0330008901655674,0.0330008901655674,1.0,0.0,collision
1117,-4.215912342071533,-0.6899774670600891,-0.00024682399816811085,0.03299902752041817,0.03299902752041817,1.0,3.0,collision
1118,-4.215909481048584,-0.6889213919639587,-0.0002470018225722015,0.03300246596336365,0.03300246596336365,1.0,0.0,collision
1119,-4.215906620025635,-0.6878654360771179,-0.00024715461768209934,0.032998740673065186,0.032998740673065186,1.0,3.0,collision
1120,-4.215906143188477,-0.6868308186531067,-0.00024326005950570107,0.03233202546834946,0.03233179822564125,1.0,3.0,collision
1121,-4.215908527374268,-0.6857748627662659,-0.00024384140851907432,0.0329987071454525,0.0329987034201622,1.0,3.0,collision
1122,-4.21591329574585,-0.684718906879425,-0.00024460599524900317,0.03299896419048309,0.0329989530146122,1.0,3.0,collision
1123,-4.215919494628906,-0.6836629509925842,-0.0002452219487167895,0.0329991914331913,0.032999187707901,1.0,-3.0,collision
1124,-4.21592378616333,-0.6826069355010986,-0.00024573548580519855,0.03300075978040695,0.03300075605511665,1.0,3.0,collision
1125,-4.21592378616333,-0.6825858354568481,-0.0002510081394575536,0.0006796517409384251,0.0006593763246200979,0.0,-3.0,collision
1126,-4.2159247398376465,-0.6825858354568481,-0.0002506792370695621,3.1524908990832046e-05,2.980232056870591e-05,0.0,3.0,collision
1127,-4.215930461883545,-0.6815510988235474,-0.000245210831053555,0.032336462289094925,0.03233601152896881,1.0,-3.0,collision
1128,-4.215930938720703,-0.6815299391746521,-0.0002502946008462459,0.0006802191492170095,0.0006614068406634033,0.0,3.0,collision
1129,-4.215936183929443,-0.6804951429367065,-0.00024518780992366374,0.03233818709850311,0.032337795943021774,1.0,-3.0,collision
1130,-4.215935707092285,-0.6804739832878113,-0.00025027868105098605,0.0006802709540352225,0.0006614068406634033,0.0,-3.0,collision
1131,-4.215935707092285,-0.6794391870498657,-0.0002451863547321409,0.032337773591279984,0.032337382435798645,1.0,-3.0,collision
1132,-4.2159342765808105,-0.6783831715583801,-0.0002454062341712415,0.033000510185956955,0.033000510185956955,1.0,3.0,collision
1133,-4.2159342765808105,-0.6783619523048401,-0.000250741170020774,0.0006837385008111596,0.0006631016149185598,0.0,3.0,collision
1134,-4.21593713760376,-0.6773271560668945,-0.0002455594658385962,0.03233790770173073,0.032337505370378494,1.0,-3.0,collision
1135,-4.215936660766602,-0.6773059964179993,-0.0002505764423403889,0.0006797346286475658,0.0006614068406634033,0.0,-3.0,collision
1136,-4.215936183929443,-0.6773058772087097,-0.0002503144205547869,1.7405995095032267e-05,1.5359764802269638e-05,0.0,0.0,collision
1137,-4.215935707092285,-0.6773059368133545,-0.00024980894522741437,2.1795203792862594e-05,1.501712449680781e-05,0.0,-3.0,collision
1138,-4.215930938720703,-0.6762711405754089,-0.00024450928322039545,0.03233814984560013,0.032337721437215805,1.0,-3.0,collision
1139,-4.215930461883545,-0.6762499809265137,-0.0002497219538781792,0.0006811711355112493,0.0006614068406634033,0.0,-3.0,collision
1140,-4.215921401977539,-0.6752151846885681,-0.00024475142708979547,0.03233899176120758,0.03233862295746803,1.0,3.0,collision
1141,-4.215914726257324,-0.6741592288017273,-0.00024504755856469274,0.032999277114868164,0.032999277114868164,1.0,3.0,collision
1142,-4.215910911560059,-0.6731031537055969,-0.0002455713984090835,0.03300256282091141,0.03300255909562111,1.0,3.0,collision
1143,-4.215909004211426,-0.6720471978187561,-0.00024599413154646754,0.03299867361783981,0.03299867361783981,1.0,-3.0,collision
1144,-4.215904235839844,-0.6709911823272705,-0.0002463424170855433,0.03300081938505173,0.03300081938505173,1.0,-3.0,collision
1145,-4.215898036956787,-0.6699351668357849,-0.0002466318546794355,0.03300105407834053,0.03300105035305023,1.0,3.0,collision
1146,-4.215897560119629,-0.6699140071868896,-0.00025172464665956795,0.0006802849820815027,0.0006614068406634033,0.0,-3.0,collision
1147,-4.215898036956787,-0.6699140071868896,-0.0002512522623874247,2.097525793942623e-05,1.4901160284352954e-05,0.0,3.0,collision
1148,-4.215898036956787,-0.6699140667915344,-0.0002505542361177504,2.1892701624892652e-05,1.8626450355441193e-06,0.0,-3.0,collision
1149,-4.215890407562256,-0.6688792705535889,-0.000245105242356658,0.0323387086391449,0.03233826160430908,1.0,-3.0,collision
1150,-4.215889930725098,-0.6688581109046936,-0.0002501982089597732,0.0006802862626500428,0.0006614068406634033,0.0,-3.0,collision
1151,-4.215877532958984,-0.6678233742713928,-0.00024512127856723964,0.032338228076696396,0.032337840646505356,1.0,-3.0,collision
1152,-4.215863227844238,-0.6667674779891968,-0.00024535413831472397,0.032999783754348755,0.032999783754348755,1.0,3.0,collision
1153,-4.2158637046813965,-0.6667462587356567,-0.0002506995515432209,0.0006839807028882205,0.0006632690201513469,0.0,3.0,collision
1154,-4.215854167938232,-0.665711522102356,-0.0002455368812661618,0.03233729302883148,0.032336894422769547,1.0,3.0,collision
1155,-4.215854644775391,-0.6656903624534607,-0.0002505588927306235,0.0006797709502279758,0.0006614068406634033,0.0,3.0,collision
1156,-4.215855121612549,-0.6656903028488159,-0.00025029428070411086,1.7143293007393368e-05,1.501712449680781e-05,0.0,3.0,collision
1157,-4.215853214263916,-0.6646555662155151,-0.00024491269141435623,0.03233600780367851,0.03233557194471359,1.0,3.0,collision
1158,-4.215853214263916,-0.6635995507240295,-0.00024515201221220195,0.033000487834215164,0.033000484108924866,1.0,-3.0,collision
1159,-4.215851783752441,-0.6625434756278992,-0.0002456640650052577,0.033002376556396484,0.033002372831106186,1.0,3.0,collision
1160,-4.2158522605896,-0.6625223159790039,-0.00025096142780967057,0.0006818089168518782,0.0006614068406634033,0.0,3.0,collision
1161,-4.215855598449707,-0.6614875197410583,-0.0002457474183756858,0.03233795985579491,0.032337550073862076,1.0,3.0,collision
1162,-4.2158613204956055,-0.6604315042495728,-0.0002458446251694113,0.03300096467137337,0.03300096467137337,1.0,3.0,collision
1163,-4.215861797332764,-0.6604103446006775,-0.00025107996771112084,0.0006813409272581339,0.0006614068406634033,0.0,-3.0,collision
1164,-4.215862274169922,-0.6604102849960327,-0.000250730401603505,1.8570044630905613e-05,1.501712449680781e-05,0.0,0.0,collision
1165,-4.215862274169922,-0.6604102849960327,-0.0002501419512555003,1.8389073375146836e-05,0.0,0.0,-3.0,collision
1166,-4.215864658355713,-0.6593755483627319,-0.0002447754086460918,0.0323360376060009,0.03233560547232628,1.0,-3.0,collision
1167,-4.215865135192871,-0.6593543887138367,-0.00024994611158035696,0.0006808587349951267,0.0006614068406634033,0.0,3.0,collision
1168,-4.215867519378662,-0.6583195924758911,-0.00024490905343554914,0.03233785182237625,0.03233746811747551,1.0,-3.0,collision
1169,-4.215867519378662,-0.6582983732223511,-0.00025006718351505697,0.0006824122392572463,0.0006631016149185598,0.0,3.0,collision
1170,-4.215869903564453,-0.6572425365447998,-0.00024491490330547094,0.032995373010635376,0.03299497812986374,1.0,0.0,collision
1171,-4.215872764587402,-0.656186580657959,-0.00024527666391804814,0.032998744398355484,0.032998740673065186,1.0,3.0,collision
1172,-4.215877532958984,-0.6551305651664734,-0.0002457489608787,0.033000823110342026,0.03300081938505173,1.0,-3.0,collision
1173,-4.215880393981934,-0.6540745496749878,-0.00024615629808977246,0.033000607043504715,0.033000603318214417,1.0,3.0,collision
1174,-4.215884685516357,-0.6530185341835022,-0.0002464631979819387,0.03300075605511665,0.03300075605511665,1.0,-3.0,collision
1175,-4.215887546539307,-0.6519625782966614,-0.000246728042839095,0.032998744398355484,0.032998740673065186,1.0,3.0,collision
1176,-4.215892791748047,-0.650906503200531,-0.00024692530860193074,0.03300275281071663,0.03300275281071663,1.0,0.0,collision
1177,-4.215892791748047,-0.6509062051773071,-0.00025206650025211275,0.00016093194426503032,9.313225746154785e-06,0.0,0.0,collision
1178,-4.215897560119629,-0.6498714685440063,-0.0002465341822244227,0.03233632072806358,0.032335858792066574,1.0,-3.0,collision
1179,-4.215899467468262,-0.6488154530525208,-0.0002464703575242311,0.033000536262989044,0.033000536262989044,1.0,-3.0,collision
1180,-4.2158989906311035,-0.6488151550292969,-0.0002516925160307437,0.00016413578123319894,1.7572157958056778e-05,0.0,0.0,collision
1181,-4.2158989906311035,-0.6477804183959961,-0.0002462453849148005,0.03233596682548523,0.032335519790649414,1.0,3.0,collision
1182,-4.2158989906311035,-0.6477593183517456,-0.0002511102647986263,0.0006766753504052758,0.0006593763246200979,0.0,-3.0,collision
1183,-4.215899467468262,-0.6467245221138,-0.00024586234940215945,0.03233779966831207,0.032337386161088943,1.0,3.0,collision
1184,-4.215901851654053,-0.6456685066223145,-0.00024592605768702924,0.03300056606531143,0.03300056606531143,1.0,-3.0,collision
1185,-4.215901851654053,-0.6446124911308289,-0.000246273324592039,0.033000487834215164,0.033000484108924866,1.0,-3.0,collision
1186,-4.215899467468262,-0.6435564756393433,-0.0002465656434651464,0.03300056979060173,0.03300056606531143,1.0,-3.0,collision
1187,-4.2158989906311035,-0.6435561776161194,-0.00025178358191624284,0.00016400466847699136,1.7572157958056778e-05,0.0,0.0,collision
1188,-4.215898513793945,-0.6435562372207642,-0.0002511926868464798,2.3801001589163207e-05,1.501712449680781e-05,0.0,-3.0,collision
1189,-4.215891361236572,-0.6425215005874634,-0.0002456270740367472,0.0323367603123188,0.032336290925741196,1.0,-3.0,collision
1190,-4.215890884399414,-0.6425211429595947,-0.00025071841082535684,0.00016019087343011051,1.862645149230957e-05,0.0,0.0,collision
1191,-4.215881824493408,-0.6414864659309387,-0.00024545128690078855,0.032335314899683,0.03233489766716957,1.0,3.0,collision
1192,-4.21588134765625,-0.6414653062820435,-0.0002504747244529426,0.0006797812529839575,0.0006614068406634033,0.0,-3.0,collision
1193,-4.21588134765625,-0.6414652466773987,-0.000250232289545238,7.801704668963794e-06,1.8626450355441193e-06,0.0,0.0,collision
1194,-4.215872764587402,-0.6404305100440979,-0.00024486909387633204,0.032337065786123276,0.032336629927158356,1.0,3.0,collision
1195,-4.215866565704346,-0.6393744349479675,-0.0002451224427204579,0.03300291672348976,0.03300291299819946,1.0,0.0,collision
1196,-4.215860366821289,-0.6383184194564819,-0.00024563088663853705,0.03300105407834053,0.03300105035305023,1.0,0.0,collision
1197,-4.215854167938232,-0.6372624635696411,-0.00024604739155620337,0.0329991914331913,0.032999187707901,1.0,-3.0,collision
1198,-4.215845108032227,-0.6362065076828003,-0.0002463853743392974,0.03299983590841293,0.03299983590841293,1.0,-3.0,collision
1199,-4.215845108032227,-0.636185348033905,-0.00025154848117381334,0.000680639292113483,0.0006612389697693288,0.0,3.0,collision
1200,-4.21584415435791,-0.6361854076385498,-0.0002510910271666944,3.3106000046245754e-05,2.9860471840947866e-05,0.0,-3.0,collision
1201,-4.215834140777588,-0.635150671005249,-0.0002455607464071363,0.0323374941945076,0.03233703225851059,1.0,3.0,collision
1202,-4.21582555770874,-0.6340947151184082,-0.00024567090440541506,0.032999709248542786,0.032999709248542786,1.0,-3.0,collision
1203,-4.21581506729126,-0.6330387592315674,-0.000246078911004588,0.03300024941563606,0.033000245690345764,1.0,3.0,collision
1204,-4.21581506729126,-0.6330175995826721,-0.0002512818027753383,0.0006809351034462452,0.0006612389697693288,0.0,-3.0,collision
1205,-4.215804100036621,-0.6319828629493713,-0.0002460030955262482,0.03233775496482849,0.032337334007024765,1.0,-3.0,collision
1206,-4.21579122543335,-0.6309269666671753,-0.00024606016813777387,0.03299921005964279,0.03299921005964279,1.0,3.0,collision
1207,-4.215779781341553,-0.6298710107803345,-0.0002463716664351523,0.033000558614730835,0.033000554889440536,1.0,-3.0,collision
1208,-4.215766906738281,-0.6288150548934937,-0.00024665409000590444,0.03300107270479202,0.03300107270479202,1.0,3.0,collision
1209,-4.215766429901123,-0.6287938952445984,-0.00025174234178848565,0.000680251803714782,0.0006614068406634033,0.0,-3.0,collision
1210,-4.215753555297852,-0.6277591586112976,-0.00024638307513669133,0.0323384553194046,0.03233801946043968,1.0,3.0,collision
1211,-4.215743064880371,-0.626703143119812,-0.00024634820874780416,0.033002112060785294,0.033002112060785294,1.0,0.0,collision
1212,-4.215732574462891,-0.6256471276283264,-0.00024661191855557263,0.033002112060785294,0.033002112060785294,1.0,0.0,collision
1213,-4.215733051300049,-0.6256259679794312,-0.0002517245302442461,0.0006804302101954818,0.0006614068406634033,0.0,3.0,collision
1214,-4.215732574462891,-0.6256259679794312,-0.0002512314240448177,2.1435937014757656e-05,1.4901160284352954e-05,0.0,-3.0,collision
1215,-4.215733051300049,-0.6256260275840759,-0.00025055697187781334,2.5879302484099753e-05,1.501712449680781e-05,0.0,3.0,collision
1216,-4.215725421905518,-0.6245912909507751,-0.00024510937510058284,0.032336845993995667,0.03233639895915985,1.0,3.0,collision
1217,-4.215719223022461,-0.6235352754592896,-0.0002453085908200592,0.03300105035305023,0.03300105035305023,1.0,-3.0,collision
1218,-4.215710639953613,-0.6224793195724487,-0.0002457787049934268,0.032999712973833084,0.032999709248542786,1.0,-3.0,collision
1219,-4.215710163116455,-0.6224581599235535,-0.00025105130043812096,0.000681621371768415,0.0006614068406634033,0.0,-3.0,collision
1220,-4.215697765350342,-0.6214234232902527,-0.0002458305098116398,0.03233825042843819,0.032337840646505356,1.0,3.0,collision
1221,-4.2156982421875,-0.6214022636413574,-0.00025079413899220526,0.0006793520879000425,0.0006614068406634033,0.0,3.0,collision
1222,-4.215698719024658,-0.6214022636413574,-0.00025048237876035273,1.7803398804971948e-05,1.4901160284352954e-05,0.0,3.0,collision
1223,-4.215692520141602,-0.6203674674034119,-0.0002450522151775658,0.03233840689063072,0.03233795985579491,1.0,-3.0,collision
1224,-4.215684413909912,-0.619311511516571,-0.00024528460926376283,0.032999590039253235,0.032999590039253235,1.0,3.0,collision
1225,-4.215679168701172,-0.6182554960250854,-0.0002457606606185436,0.0330008938908577,0.0330008901655674,1.0,3.0,collision
1226,-4.215679168701172,-0.6182343363761902,-0.0002510269114281982,0.0006814105436205864,0.0006612389697693288,0.0,-3.0,collision
1227,-4.21567964553833,-0.6182343363761902,-0.0002506942837499082,1.8168449969380163e-05,1.4901160284352954e-05,0.0,3.0,collision
1228,-4.215675354003906,-0.6171995401382446,-0.0002452229964546859,0.032338112592697144,0.03233765810728073,1.0,-3.0,collision
1229,-4.2156758308410645,-0.6171783804893494,-0.000250304292421788,0.0006802010466344655,0.0006614068406634033,0.0,3.0,collision
1230,-4.215675354003906,-0.6171783804893494,-0.0002500804839655757,1.6460886399727315e-05,1.4901160284352954e-05,0.0,-3.0,collision
1231,-4.215668678283691,-0.6161435842514038,-0.00024474013480357826,0.03233848139643669,0.03233805298805237,1.0,-3.0,collision
1232,-4.215668678283691,-0.6161432862281799,-0.0002500095870345831,0.00016493353177793324,9.313225746154785e-06,0.0,0.0,collision
1233,-4.215659141540527,-0.6151084899902344,-0.0002448733721394092,0.032339151948690414,0.03233875334262848,1.0,-3.0,collision
1234,-4.215647220611572,-0.6140525937080383,-0.0002451416221447289,0.032998859882354736,0.032998859882354736,1.0,-3.0,collision
1235,-4.215632915496826,-0.6129966378211975,-0.0002456467191223055,0.033001650124788284,0.033001646399497986,1.0,-3.0,collision
1236,-4.215632438659668,-0.6129754781723022,-0.0002509571786504239,0.0006819083937443793,0.0006614068406634033,0.0,3.0,collision
1237,-4.215632438659668,-0.612975537776947,-0.00025062731583602726,1.047514615493128e-05,1.8626450355441193e-06,0.0,3.0,collision
1238,-4.215620994567871,-0.6119197607040405,-0.00024507715716026723,0.032995425164699554,0.03299497067928314,1.0,0.0,collision
1239,-4.215610027313232,-0.6108638048171997,-0.00024539235164411366,0.033000398427248,0.033000398427248,1.0,3.0,collision
1240,-4.215610027313232,-0.6108635067939758,-0.0002508244651835412,0.00017000881780404598,9.313225746154785e-06,0.0,0.0,collision
1241,-4.215609550476074,-0.6108635663986206,-0.000250424345722422,1.9541172150638886e-05,1.501712449680781e-05,0.0,-3.0,collision
1242,-4.215598106384277,-0.6098288893699646,-0.0002450121392030269,0.032336074858903885,0.032335635274648666,1.0,-3.0,collision
1243,-4.2155842781066895,-0.6087729334831238,-0.00024524255422875285,0.03300144895911217,0.03300144895911217,1.0,-3.0,collision
1244,-4.215568542480469,-0.6077170968055725,-0.0002457366790622473,0.03299856185913086,0.03299855813384056,1.0,3.0,collision
1245,-4.215554714202881,-0.6066611409187317,-0.00024612699053250253,0.03300144895911217,0.03300144895911217,1.0,-3.0,collision
1246,-4.215554714202881,-0.6066399812698364,-0.00025134155293926597,0.0006810222403146327,0.0006612389697693288,0.0,3.0,collision
1247,-4.215554714202881,-0.6066400408744812,-0.0002509349724277854,1.2841446732636541e-05,1.8626450355441193e-06,0.0,3.0,collision
1248,-4.215543746948242,-0.6056053042411804,-0.00024542585015296936,0.032337792217731476,0.032337334007024765,1.0,3.0,collision
1249,-4.2155351638793945,-0.6045493483543396,-0.0002455625217407942,0.032999709248542786,0.032999709248542786,1.0,-3.0,collision
1250,-4.215535640716553,-0.6045281887054443,-0.0002508749021217227,0.0006819230038672686,0.0006614068406634033,0.0,3.0,collision
1251,-4.215526580810547,-0.6034933924674988,-0.00024566685897298157,0.032339029014110565,0.03233862295746803,1.0,-3.0,collision
1252,-4.215516090393066,-0.602437436580658,-0.0002457908121868968,0.033000245690345764,0.033000245690345764,1.0,3.0,collision
1253,-4.215507984161377,-0.6013814806938171,-0.0002461661060806364,0.032999590039253235,0.032999590039253235,1.0,3.0,collision
1254,-4.215508460998535,-0.6013602614402771,-0.0002513623039703816,0.0006828568293713033,0.0006632690201513469,0.0,3.0,collision
1255,-4.215508460998535,-0.6013602614402771,-0.0002509414916858077,1.3150382983440068e-05,0.0,0.0,-3.0,collision
1256,-4.2155022621154785,-0.6003255248069763,-0.00024542969185858965,0.032336555421352386,0.032336097210645676,1.0,-3.0,collision
1257,-4.21550178527832,-0.600304365158081,-0.0002504582516849041,0.0006798182730562985,0.0006614068406634033,0.0,-3.0,collision
1258,-4.215501308441162,-0.600304365158081,-0.0002502140705473721,1.6741312720114365e-05,1.4901160284352954e-05,0.0,-3.0,collision
1259,-4.215488433837891,-0.5992696285247803,-0.00024485879112035036,0.0323384553194046,0.03233801946043968,1.0,3.0,collision
1260,-4.215477466583252,-0.5982136726379395,-0.0002451095497235656,0.033000398427248,0.033000398427248,1.0,-3.0,collision
1261,-4.215465068817139,-0.5971577167510986,-0.00024563007173128426,0.033000897616147995,0.0330008938908577,1.0,3.0,collision
1262,-4.2154645919799805,-0.5971365571022034,-0.0002509230107534677,0.000681775389239192,0.0006614068406634033,0.0,-3.0,collision
1263,-4.215452194213867,-0.5961018204689026,-0.0002457275113556534,0.03233824670314789,0.032337840646505356,1.0,3.0,collision
1264,-4.215452671051025,-0.5960806012153625,-0.00025071200798265636,0.00068131391890347,0.0006632690201513469,0.0,3.0,collision
1265,-4.215445041656494,-0.595045804977417,-0.0002455331268720329,0.032338663935661316,0.03233826160430908,1.0,3.0,collision
1266,-4.2154459953308105,-0.5950246453285217,-0.0002505553711671382,0.0006802624557167292,0.0006619102787226439,0.0,3.0,collision
1267,-4.215446472167969,-0.595024585723877,-0.0002502916322555393,1.713014717097394e-05,1.501712449680781e-05,0.0,3.0,collision
1268,-4.215445518493652,-0.5939898490905762,-0.00024489950737915933,0.032335974276065826,0.03233553096652031,1.0,-3.0,collision
1269,-4.215442180633545,-0.5929338335990906,-0.00024515207041986287,0.033000651746988297,0.033000648021698,1.0,-3.0,collision
1270,-4.215442180633545,-0.5929126143455505,-0.00025054722209461033,0.000684199680108577,0.0006631016149185598,0.0,3.0,collision
1271,-4.215439319610596,-0.591877818107605,-0.0002454154600854963,0.03233790025115013,0.032337505370378494,1.0,3.0,collision
1272,-4.215438365936279,-0.5908218026161194,-0.00024556886637583375,0.03300049528479576,0.03300049528479576,1.0,-3.0,collision
1273,-4.215435028076172,-0.5897657871246338,-0.000245987786911428,0.033000651746988297,0.033000648021698,1.0,-3.0,collision
1274,-4.2154340744018555,-0.5897446274757385,-0.0002512185601517558,0.0006817953544668853,0.0006619102787226439,0.0,-3.0,collision
1275,-4.215425968170166,-0.588709831237793,-0.0002459531824570149,0.032338790595531464,0.032338373363018036,1.0,-3.0,collision
1276,-4.215415000915527,-0.5876538753509521,-0.0002460103132762015,0.033000398427248,0.033000398427248,1.0,-3.0,collision
1277,-4.215402126312256,-0.5865979194641113,-0.00024635138106532395,0.03300107270479202,0.03300107270479202,1.0,3.0,collision
1278,-4.215402603149414,-0.5865767598152161,-0.0002515105588827282,0.0006807732861489058,0.0006614068406634033,0.0,3.0,collision
1279,-4.215402126312256,-0.5865767002105713,-0.00025106483371928334,2.0482397303567268e-05,1.501712449680781e-05,0.0,0.0,collision
1280,-4.215401649475098,-0.5865767002105713,-0.00025040932814590633,2.5331033612019382e-05,1.4901160284352954e-05,0.0,-3.0,collision
1281,-4.215391159057617,-0.5855420231819153,-0.0002449895837344229,0.032335761934518814,0.0323353186249733,1.0,-3.0,collision
1282,-4.215378761291504,-0.5844860672950745,-0.0002452341141179204,0.0330008938908577,0.0330008938908577,1.0,3.0,collision
1283,-4.215379238128662,-0.5844649076461792,-0.0002506028686184436,0.0006823539733886719,0.0006614068406634033,0.0,3.0,collision
1284,-4.215379238128662,-0.5844649076461792,-0.0002503432333469391,8.113602234516293e-06,0.0,0.0,3.0,collision
1285,-4.215379238128662,-0.5844649076461792,-0.000249826698563993,1.614171196706593e-05,0.0,0.0,-3.0,collision
1286,-4.215371131896973,-0.5834301710128784,-0.00024452313664369285,0.03233693167567253,0.032336510717868805,1.0,-3.0,collision
1287,-4.21536111831665,-0.5823742151260376,-0.0002448611194267869,0.03300010412931442,0.03300010412931442,1.0,3.0,collision
1288,-4.215352535247803,-0.581318199634552,-0.00024541205493733287,0.033001579344272614,0.033001575618982315,1.0,-3.0,collision
1289,-4.2153425216674805,-0.5802622437477112,-0.00024588662199676037,0.03300010785460472,0.03300010412931442,1.0,3.0,collision
1290,-4.215334415435791,-0.5792062878608704,-0.0002462475677020848,0.032999590039253235,0.032999590039253235,1.0,-3.0,collision
1291,-4.215323448181152,-0.5781503319740295,-0.0002465453580953181,0.033000398427248,0.033000398427248,1.0,-3.0,collision
1292,-4.215311050415039,-0.5770943760871887,-0.0002467940212227404,0.0330008938908577,0.0330008938908577,1.0,3.0,collision
1293,-4.215301036834717,-0.5760383605957031,-0.0002469780738465488,0.033001966774463654,0.033001966774463654,1.0,0.0,collision
1294,-4.215290546417236,-0.5749824047088623,-0.0002471254556439817,0.033000245690345764,0.033000245690345764,1.0,-3.0,collision
1295,-4.215290546417236,-0.574961245059967,-0.0002521399292163551,0.0006795532535761595,0.0006612389697693288,0.0,3.0,collision
1296,-4.215280532836914,-0.573926568031311,-0.000246690382482484,0.032335616648197174,0.03233516961336136,1.0,3.0,collision
1297,-4.215273380279541,-0.5728704929351807,-0.00024659335031174123,0.033003102988004684,0.033003102988004684,1.0,0.0,collision
1298,-4.215272903442383,-0.5728493332862854,-0.00025168395950458944,0.0006802690913900733,0.0006614068406634033,0.0,-3.0,collision
1299,-4.2152628898620605,-0.5718146562576294,-0.0002463243727106601,0.03233560547232628,0.03233516961336136,1.0,-3.0,collision
1300,-4.215250015258789,-0.5707587003707886,-0.00024630685220472515,0.03300107270479202,0.03300107270479202,1.0,-3.0,collision
1301,-4.215235233306885,-0.5697028040885925,-0.00024658857728354633,0.03299999237060547,0.03299999237060547,1.0,3.0,collision
1302,-4.2152228355407715,-0.5686468482017517,-0.00024681800277903676,0.0330008938908577,0.0330008938908577,1.0,3.0,collision
1303,-4.215213298797607,-0.5675908923149109,-0.00024700190988369286,0.03299996629357338,0.03299996629357338,1.0,3.0,collision
1304,-4.215206146240234,-0.5665349364280701,-0.00024714917526580393,0.03299937769770622,0.03299937769770622,1.0,3.0,collision
1305,-4.215207099914551,-0.56651371717453,-0.00025214903871528804,0.0006819124682806432,0.0006637710030190647,0.0,3.0,collision
1306,-4.215207576751709,-0.5665137767791748,-0.00025158096104860306,2.3252154278452508e-05,1.501712449680781e-05,0.0,3.0,collision
1307,-4.215206623077393,-0.5654789805412292,-0.0002459318784531206,0.03233787417411804,0.03233739361166954,1.0,-3.0,collision
1308,-4.215206146240234,-0.565457820892334,-0.00025085918605327606,0.0006790938205085695,0.0006614068406634033,0.0,-3.0,collision
1309,-4.215206146240234,-0.565457820892334,-0.0002505345910321921,1.0143593499378767e-05,0.0,0.0,-3.0,collision
1310,-4.215198040008545,-0.5644230842590332,-0.00024511528317816556,0.03233695030212402,0.032336510717868805,1.0,3.0,collision
1311,-4.215193271636963,-0.5633670687675476,-0.00024532474344596267,0.03300081938505173,0.03300081938505173,1.0,3.0,collision
1312,-4.215193748474121,-0.5633458495140076,-0.0002506751334294677,0.0006840186542831361,0.0006632690201513469,0.0,3.0,collision
1313,-4.215193748474121,-0.562311053276062,-0.0002455176436342299,0.03233778104186058,0.032337382435798645,1.0,3.0,collision
1314,-4.2151947021484375,-0.562289834022522,-0.00025054370053112507,0.0006821005372330546,0.0006637710030190647,0.0,3.0,collision
1315,-4.2151947021484375,-0.562289834022522,-0.0002502720453776419,8.489223546348512e-06,0.0,0.0,-3.0,collision
1316,-4.21519660949707,-0.5612550973892212,-0.0002448931336402893,0.03233600780367851,0.03233557194471359,1.0,-3.0,collision
1317,-4.215196132659912,-0.5601990818977356,-0.0002451578329782933,0.033000487834215164,0.033000487834215164,1.0,3.0,collision
1318,-4.215196132659912,-0.5601778626441956,-0.0002505308948457241,0.0006840298883616924,0.0006631016149185598,0.0,-3.0,collision
1319,-4.215196132659912,-0.5601778626441956,-0.000250286131631583,7.648850441910326e-06,0.0,0.0,-3.0,collision
1320,-4.215193271636963,-0.55914306640625,-0.0002449172898195684,0.032337941229343414,0.032337505370378494,1.0,3.0,collision
1321,-4.215193271636963,-0.5591219067573547,-0.0002500382252037525,0.0006803281139582396,0.0006612389697693288,0.0,-3.0,collision
1322,-4.215194225311279,-0.5591219067573547,-0.0002498881658539176,3.016899609065149e-05,2.980232056870591e-05,0.0,3.0,collision
1323,-4.2151947021484375,-0.5591219067573547,-0.000249472534051165,1.9767283447436057e-05,1.4901160284352954e-05,0.0,3.0,collision
1324,-4.215195655822754,-0.5580871105194092,-0.0002442302939016372,0.03233781084418297,0.03233739361166954,1.0,-3.0,collision
1325,-4.215195178985596,-0.5580659508705139,-0.0002494983491487801,0.0006815871456637979,0.0006614068406634033,0.0,-3.0,collision
1326,-4.21519136428833,-0.5570310950279236,-0.00024456126266159117,0.032339829951524734,0.03233946114778519,1.0,-3.0,collision
1327,-4.21519136428833,-0.5570099353790283,-0.00024978959118016064,0.0006811253260821104,0.0006612389697693288,0.0,3.0,collision
1328,-4.215188026428223,-0.5559751391410828,-0.00024479522835463285,0.03233792632818222,0.032337550073862076,1.0,3.0,collision
1329,-4.215188026428223,-0.5559748411178589,-0.0002500563859939575,0.00016467474051751196,9.313225746154785e-06,0.0,0.0,collision
1330,-4.2151875495910645,-0.5559748411178589,-0.0002497958776075393,1.697994775895495e-05,1.4901160284352954e-05,0.0,-3.0,collision
1331,-4.215184688568115,-0.5549400448799133,-0.0002445199352223426,0.03233792632818222,0.032337505370378494,1.0,3.0,collision
1332,-4.215183734893799,-0.5538840293884277,-0.00024483827291987836,0.03300049528479576,0.03300049528479576,1.0,-3.0,collision
1333,-4.215180397033691,-0.5528279542922974,-0.00024540783488191664,0.03300251439213753,0.03300251066684723,1.0,0.0,collision
1334,-4.21518087387085,-0.5528067946434021,-0.0002507620956748724,0.0006822427967563272,0.0006614068406634033,0.0,3.0,collision
1335,-4.215180397033691,-0.5517719984054565,-0.0002455879875924438,0.03233778849244118,0.032337386161088943,1.0,3.0,collision
1336,-4.215180397033691,-0.5517508387565613,-0.0002505885495338589,0.0006794530781917274,0.0006612389697693288,0.0,-3.0,collision
1337,-4.21518087387085,-0.5517508387565613,-0.0002503289724700153,1.696601430012379e-05,1.4901160284352954e-05,0.0,3.0,collision
1338,-4.21518087387085,-0.551750898361206,-0.00024981499882414937,1.6169316950254142e-05,1.8626450355441193e-06,0.0,-3.0,collision
1339,-4.215179920196533,-0.5507161021232605,-0.0002445136778987944,0.032337818294763565,0.03233739361166954,1.0,-3.0,collision
1340,-4.215177059173584,-0.5496600866317749,-0.0002448535815346986,0.033000607043504715,0.033000603318214417,1.0,3.0,collision
1341,-4.215176582336426,-0.5496389269828796,-0.00025028770323842764,0.0006828591576777399,0.0006614068406634033,0.0,-3.0,collision
1342,-4.215173244476318,-0.5486041307449341,-0.0002452069893479347,0.032337937504053116,0.032337550073862076,1.0,-3.0,collision
1343,-4.215172290802002,-0.5485829710960388,-0.0002502949791960418,0.0006807393510825932,0.0006619102787226439,0.0,-3.0,collision
1344,-4.215163707733154,-0.5475481748580933,-0.00024519950966350734,0.032338883727788925,0.03233849257230759,1.0,-3.0,collision
1345,-4.215151786804199,-0.5464922189712524,-0.00024540675804018974,0.03300072252750397,0.03300072252750397,1.0,-3.0,collision
1346,-4.2151384353637695,-0.5454362630844116,-0.000245868694037199,0.033001262694597244,0.033001258969306946,1.0,3.0,collision
1347,-4.215127944946289,-0.5443803071975708,-0.0002462422417011112,0.03300024941563606,0.033000245690345764,1.0,3.0,collision
1348,-4.215118885040283,-0.54332435131073,-0.0002465315046720207,0.03299983590841293,0.03299983590841293,1.0,-3.0,collision
1349,-4.215107440948486,-0.5422683954238892,-0.00024677239707671106,0.033000558614730835,0.033000554889440536,1.0,-3.0,collision
1350,-4.215094566345215,-0.5412124395370483,-0.00024697560002096,0.03300107270479202,0.03300107270479202,1.0,3.0,collision
1351,-4.215083599090576,-0.5401565432548523,-0.000247128278715536,0.03299853578209877,0.03299853578209877,1.0,3.0,collision
1352,-4.215083599090576,-0.5401353240013123,-0.0002521209535188973,0.0006812094361521304,0.0006631016149185598,0.0,-3.0,collision
1353,-4.215084075927734,-0.540135383605957,-0.00025156926130875945,2.2863612684886903e-05,1.501712449680781e-05,0.0,3.0,collision
1354,-4.215075492858887,-0.5391005873680115,-0.00024593400303274393,0.03233896940946579,0.03233849257230759,1.0,3.0,collision
1355,-4.21506929397583,-0.5380446314811707,-0.0002459688694216311,0.032999187707901,0.032999187707901,1.0,-3.0,collision
1356,-4.215069770812988,-0.5380234122276306,-0.0002511997881811112,0.0006831156788393855,0.0006632690201513469,0.0,3.0,collision
1357,-4.215063095092773,-0.5369886755943298,-0.00024592672707512975,0.03233661502599716,0.03233619034290314,1.0,-3.0,collision
1358,-4.215054512023926,-0.5359326601028442,-0.0002459986717440188,0.033001575618982315,0.033001575618982315,1.0,3.0,collision
1359,-4.215054035186768,-0.535911500453949,-0.0002512038336135447,0.0006811150815337896,0.0006614068406634033,0.0,-3.0,collision
1360,-4.215044975280762,-0.5348767638206482,-0.000245939998421818,0.03233717754483223,0.0323367603123188,1.0,-3.0,collision
1361,-4.215033054351807,-0.5338208079338074,-0.0002459994866512716,0.03300072252750397,0.03300072252750397,1.0,-3.0,collision
1362,-4.2150187492370605,-0.5327648520469666,-0.00024633287102915347,0.033001650124788284,0.033001646399497986,1.0,-3.0,collision
1363,-4.215002536773682,-0.5317090153694153,-0.0002466232981532812,0.032998789101839066,0.03299878537654877,1.0,3.0,collision
1364,-4.215002059936523,-0.5316877961158752,-0.00025171786546707153,0.0006821086280979216,0.0006632690201513469,0.0,-3.0,collision
1365,-4.2149858474731445,-0.5306531190872192,-0.0002463633718434721,0.03233805671334267,0.032337624579668045,1.0,3.0,collision
1366,-4.214986324310303,-0.530631959438324,-0.00025122016086243093,0.0006785975419916213,0.0006614068406634033,0.0,3.0,collision
1367,-4.214975357055664,-0.5295761823654175,-0.0002458369417581707,0.03299523890018463,0.03299481049180031,1.0,0.0,collision
1368,-4.214964866638184,-0.5285202264785767,-0.0002460141549818218,0.033000245690345764,0.033000245690345764,1.0,3.0,collision
1369,-4.214956283569336,-0.5274642705917358,-0.00024634881992824376,0.032999712973833084,0.032999709248542786,1.0,3.0,collision
1370,-4.2149505615234375,-0.5264082551002502,-0.0002466264122631401,0.033000968396663666,0.03300096467137337,1.0,3.0,collision
1371,-4.214946269989014,-0.5253522396087646,-0.00024683846277184784,0.03300075605511665,0.03300075605511665,1.0,-3.0,collision
1372,-4.214946269989014,-0.5253310799598694,-0.0002518985129427165,0.0006798831163905561,0.0006612389697693288,0.0,-3.0,collision
1373,-4.21493673324585,-0.5242963433265686,-0.00024649681290611625,0.032337334007024765,0.032336894422769547,1.0,-3.0,collision
1374,-4.2149248123168945,-0.5232404470443726,-0.00024644474615342915,0.032998859882354736,0.032998859882354736,1.0,-3.0,collision
1375,-4.214910507202148,-0.5221844911575317,-0.00024668886908330023,0.033001650124788284,0.033001646399497986,1.0,-3.0,collision
1376,-4.214893817901611,-0.5211286544799805,-0.000246907991822809,0.03299901634454727,0.03299901634454727,1.0,3.0,collision
1377,-4.2148942947387695,-0.5211074352264404,-0.00025195625494234264,0.0006817723042331636,0.0006632690201513469,0.0,3.0,collision
1378,-4.214893817901611,-0.5211074948310852,-0.0002514166699256748,2.2579682990908623e-05,1.501712449680781e-05,0.0,-3.0,collision
1379,-4.214880466461182,-0.5200727581977844,-0.000245821283897385,0.03233868256211281,0.032338209450244904,1.0,3.0,collision
1380,-4.214869499206543,-0.5190167427062988,-0.00024588414817117155,0.03300226107239723,0.03300226107239723,1.0,0.0,collision
1381,-4.214858055114746,-0.517960786819458,-0.00024623499484732747,0.033000558614730835,0.033000554889440536,1.0,-3.0,collision
1382,-4.214858055114746,-0.5179604887962341,-0.00025151827139779925,0.00016536485054530203,9.313225746154785e-06,0.0,0.0,collision
1383,-4.214844226837158,-0.5169258117675781,-0.00024609582033008337,0.03233698755502701,0.03233654424548149,1.0,-3.0,collision
1384,-4.214843273162842,-0.5169046521186829,-0.00025100138736888766,0.000679430493619293,0.0006619102787226439,0.0,-3.0,collision
1385,-4.21482515335083,-0.5158700346946716,-0.00024577559088356793,0.032337162643671036,0.032336752861738205,1.0,3.0,collision
1386,-4.214809417724609,-0.5148141384124756,-0.0002458666276652366,0.03300042077898979,0.03300042077898979,1.0,3.0,collision
1387,-4.214809417724609,-0.5147929787635803,-0.0002510976337362081,0.0006811454659327865,0.0006612389697693288,0.0,-3.0,collision
1388,-4.214793682098389,-0.5137583017349243,-0.0002458664821460843,0.03233780711889267,0.03233739361166954,1.0,3.0,collision
1389,-4.214780807495117,-0.5127023458480835,-0.0002459403476677835,0.03300107270479202,0.03300107270479202,1.0,3.0,collision
1390,-4.2147698402404785,-0.5116464495658875,-0.0002462751290295273,0.03299853950738907,0.03299853578209877,1.0,-3.0,collision
1391,-4.214756488800049,-0.5105904936790466,-0.00024657699395902455,0.033001258969306946,0.033001258969306946,1.0,3.0,collision
1392,-4.214757442474365,-0.5105692744255066,-0.0002516919921617955,0.0006827458855696023,0.0006637710030190647,0.0,3.0,collision
1393,-4.214749336242676,-0.5095345377922058,-0.0002463320270180702,0.032336942851543427,0.032336510717868805,1.0,3.0,collision
1394,-4.214743137359619,-0.5084784626960754,-0.0002463068231008947,0.03300291299819946,0.03300291299819946,1.0,0.0,collision
1395,-4.214737415313721,-0.5074224472045898,-0.0002465842408128083,0.033000968396663666,0.03300096467137337,1.0,3.0,collision
1396,-4.214733600616455,-0.506366491317749,-0.0002468042657710612,0.03299883380532265,0.03299883380532265,1.0,-3.0,collision
1397,-4.214727878570557,-0.5053104758262634,-0.0002470008621457964,0.03300096467137337,0.03300096467137337,1.0,3.0,collision
1398,-4.214728355407715,-0.5052893161773682,-0.0002520308189559728,0.0006798283429816365,0.0006614068406634033,0.0,3.0,collision
1399,-4.21472692489624,-0.5042545199394226,-0.0002465919533278793,0.03233785927295685,0.032337408512830734,1.0,-3.0,collision
1400,-4.214727401733398,-0.5042333602905273,-0.0002514132938813418,0.0006783506250940263,0.0006614068406634033,0.0,3.0,collision
1401,-4.214725971221924,-0.5031985640525818,-0.0002460945979692042,0.032337840646505356,0.032337408512830734,1.0,3.0,collision
1402,-4.214727401733398,-0.5021425485610962,-0.00024612131528556347,0.033000510185956955,0.033000510185956955,1.0,3.0,collision
1403,-4.214731216430664,-0.5010865330696106,-0.00024643022334203124,0.033000700175762177,0.03300069645047188,1.0,3.0,collision
1404,-4.214731693267822,-0.5010653734207153,-0.00025156207266263664,0.0006805715966038406,0.0006614068406634033,0.0,-3.0,collision
1405,-4.2147321701049805,-0.5010653734207153,-0.00025112228468060493,2.027128175541293e-05,1.4901160284352954e-05,0.0,3.0,collision
1406,-4.214737415313721,-0.5000306367874146,-0.0002455653448123485,0.03233640268445015,0.03233593329787254,1.0,-3.0,collision
1407,-4.214737892150879,-0.5000094175338745,-0.0002505779848434031,0.0006815156084485352,0.0006632690201513469,0.0,3.0,collision
1408,-4.214743137359619,-0.49897465109825134,-0.00024542553001083434,0.03233726695179939,0.03233686462044716,1.0,3.0,collision
1409,-4.214751720428467,-0.49791866540908813,-0.0002455862413626164,0.0330006442964077,0.0330006442964077,1.0,3.0,collision
1410,-4.214751720428467,-0.49789750576019287,-0.0002508734760340303,0.0006815692759118974,0.0006612389697693288,0.0,-3.0,collision
1411,-4.214759349822998,-0.496841698884964,-0.000245584174990654,0.03299523890018463,0.0329948253929615,1.0,0.0,collision
1412,-4.214759826660156,-0.4968413710594177,-0.0002507869794499129,0.0001635901426197961,1.8083013856085017e-05,0.0,0.0,collision
1413,-4.214767932891846,-0.49580663442611694,-0.00024551115348003805,0.03233692795038223,0.032336510717868805,1.0,3.0,collision
1414,-4.214778423309326,-0.4947507083415985,-0.0002456512884236872,0.03299931809306145,0.03299931809306145,1.0,3.0,collision
1415,-4.2147908210754395,-0.4936947822570801,-0.00024604369536973536,0.03299996629357338,0.03299996256828308,1.0,-3.0,collision
1416,-4.214791297912598,-0.4936735928058624,-0.0002512743230909109,0.0006822095019742846,0.0006623379304073751,0.0,3.0,collision
1417,-4.214804172515869,-0.4926389157772064,-0.00024599817697890103,0.032336581498384476,0.03233615681529045,1.0,3.0,collision
1418,-4.21481990814209,-0.4915829300880432,-0.0002460398245602846,0.03300321474671364,0.03300321474671364,1.0,0.0,collision
1419,-4.214819431304932,-0.49156180024147034,-0.0002512414357624948,0.0006801844574511051,0.0006604758091270924,0.0,-3.0,collision
1420,-4.214832782745361,-0.49052709341049194,-0.0002459817915223539,0.032337699085474014,0.03233727812767029,1.0,3.0,collision
1421,-4.214848518371582,-0.4894711971282959,-0.00024603254860267043,0.03300042077898979,0.03300042077898979,1.0,3.0,collision
1422,-4.214849472045898,-0.48945000767707825,-0.0002512417559046298,0.0006825376185588539,0.0006628406117670238,0.0,3.0,collision
1423,-4.214869022369385,-0.4884154200553894,-0.00024595975992269814,0.03233705461025238,0.032336633652448654,1.0,-3.0,collision
1424,-4.214869022369385,-0.48839426040649414,-0.00025089617702178657,0.0006789949256926775,0.0006612389697693288,0.0,-3.0,collision
1425,-4.214884281158447,-0.48735955357551575,-0.00024569177185185254,0.03233851119875908,0.03233810514211655,1.0,3.0,collision
1426,-4.214901447296143,-0.4863036870956421,-0.0002457896189298481,0.03300018608570099,0.03300018608570099,1.0,-3.0,collision
1427,-4.214901924133301,-0.48628249764442444,-0.0002510572085157037,0.0006824871525168419,0.0006623379304073751,0.0,3.0,collision
1428,-4.214901924133301,-0.48628243803977966,-0.0002507020835764706,1.1252882359258365e-05,1.8626450355441193e-06,0.0,0.0,collision
1429,-4.214901924133301,-0.48628246784210205,-0.0002501292328815907,1.792579314496834e-05,9.313225177720597e-07,0.0,3.0,collision
1430,-4.214921951293945,-0.4852478802204132,-0.00024476685211993754,0.03233735263347626,0.032336920499801636,1.0,3.0,collision
1431,-4.214944839477539,-0.4841921329498291,-0.00024504485190846026,0.032999858260154724,0.032999854534864426,1.0,3.0,collision
1432,-4.214969635009766,-0.483136385679245,-0.00024555824347771704,0.03300120308995247,0.03300119936466217,1.0,-3.0,collision
1433,-4.214992046356201,-0.4820806384086609,-0.0002460036484990269,0.032999537885189056,0.03299953415989876,1.0,3.0,collision
1434,-4.215016841888428,-0.481024831533432,-0.0002463460259605199,0.0330030620098114,0.0330030620098114,1.0,0.0,collision
1435,-4.215041637420654,-0.4799690544605255,-0.00024662489886395633,0.033002130687236786,0.033002130687236786,1.0,0.0,collision
1436,-4.215065956115723,-0.4789133667945862,-0.00024684306117706,0.03299899026751518,0.03299899026751518,1.0,-3.0,collision
1437,-4.215088367462158,-0.4778576195240021,-0.0002470320323482156,0.03299953415989876,0.03299953415989876,1.0,3.0,collision
1438,-4.215088844299316,-0.4778573215007782,-0.00025214673951268196,0.0001607976300874725,1.7572157958056778e-05,0.0,0.0,collision
1439,-4.215113639831543,-0.4768228530883789,-0.00024660935741849244,0.03233688697218895,0.03233642131090164,1.0,3.0,collision
1440,-4.2151408195495605,-0.47576722502708435,-0.0002465197758283466,0.03299930691719055,0.03299930691719055,1.0,-3.0,collision
1441,-4.215140342712402,-0.4757460951805115,-0.00025162898236885667,0.0006795001681894064,0.0006604758091270924,0.0,-3.0,collision
1442,-4.215163230895996,-0.474711537361145,-0.00024629192193970084,0.03233827278017998,0.032337840646505356,1.0,3.0,collision
1443,-4.215188503265381,-0.4736558496952057,-0.00024628048413433135,0.03299969062209129,0.03299969062209129,1.0,3.0,collision
1444,-4.215188503265381,-0.4736346900463104,-0.00025142848608084023,0.0006805275334045291,0.0006612389697693288,0.0,-3.0,collision
1445,-4.215188503265381,-0.4736347198486328,-0.0002510037738829851,1.3304890671861358e-05,9.313225177720597e-07,0.0,-3.0,collision
1446,-4.215210437774658,-0.47260019183158875,-0.00024547980865463614,0.032336726784706116,0.032336264848709106,1.0,-3.0,collision
1447,-4.2152299880981445,-0.4715443551540375,-0.0002456165966577828,0.03300055116415024,0.03300055116415024,1.0,-3.0,collision
1448,-4.215246677398682,-0.47048845887184143,-0.00024602579651400447,0.0330008789896965,0.0330008789896965,1.0,-3.0,collision
1449,-4.215246200561523,-0.4704672694206238,-0.000251249031862244,0.0006821542046964169,0.0006623379304073751,0.0,-3.0,collision
1450,-4.215258598327637,-0.4694114923477173,-0.00024588603992015123,0.03299573063850403,0.032995305955410004,1.0,0.0,collision
1451,-4.215270519256592,-0.46835556626319885,-0.00024604465579614043,0.03299979120492935,0.03299979120492935,1.0,-3.0,collision
1452,-4.215270042419434,-0.4683552384376526,-0.00025135642499662936,0.00016697484534233809,1.8083013856085017e-05,0.0,0.0,collision
1453,-4.215279579162598,-0.4673205316066742,-0.0002459659590385854,0.03233640268445015,0.03233596310019493,1.0,-3.0,collision
1454,-4.215286731719971,-0.466264545917511,-0.0002460162213537842,0.03300030902028084,0.03300030902028084,1.0,-3.0,collision
1455,-4.215285778045654,-0.46624335646629333,-0.0002512273204047233,0.0006825517048127949,0.0006628406117670238,0.0,-3.0,collision
1456,-4.2152886390686035,-0.46520859003067017,-0.0002459704992361367,0.032336991280317307,0.03233657404780388,1.0,3.0,collision
1457,-4.215294361114502,-0.46415260434150696,-0.0002460230316501111,0.03300003334879875,0.03300003334879875,1.0,3.0,collision
1458,-4.215294361114502,-0.4641314148902893,-0.0002512227219995111,0.0006818156689405441,0.0006621702923439443,0.0,-3.0,collision
1459,-4.2153000831604,-0.46309661865234375,-0.000245966570219025,0.03233829513192177,0.03233787417411804,1.0,3.0,collision
1460,-4.21530818939209,-0.46204066276550293,-0.00024601013865321875,0.032999590039253235,0.032999590039253235,1.0,-3.0,collision
1461,-4.215308666229248,-0.4620194733142853,-0.0002512335777282715,0.0006821557180956006,0.0006623379304073751,0.0,3.0,collision
1462,-4.215308666229248,-0.46201950311660767,-0.0002508481265977025,1.2081298336852342e-05,9.313225177720597e-07,0.0,3.0,collision
1463,-4.2153191566467285,-0.46096372604370117,-0.000245253904722631,0.03299512341618538,0.03299466148018837,1.0,0.0,collision
1464,-4.21531867980957,-0.4609425365924835,-0.0002504054573364556,0.0006816216045990586,0.0006623379304073751,0.0,-3.0,collision
1465,-4.2153191566467285,-0.4609425663948059,-0.0002501861017663032,1.6428664821432903e-05,1.4930235920473933e-05,0.0,3.0,collision
1466,-4.215329170227051,-0.4599078297615051,-0.00024481589207425714,0.03233746811747551,0.03233703225851059,1.0,-3.0,collision
1467,-4.215329170227051,-0.45988667011260986,-0.00024997879518195987,0.0006806378369219601,0.0006612389697693288,0.0,3.0,collision
1468,-4.215338706970215,-0.4588519036769867,-0.0002449352468829602,0.032338205724954605,0.03233782574534416,1.0,-3.0,collision
1469,-4.21534538269043,-0.4577958881855011,-0.00024519499856978655,0.033001143485307693,0.033001139760017395,1.0,-3.0,collision
1470,-4.21535062789917,-0.4567399024963379,-0.0002456993388477713,0.03299996256828308,0.03299995884299278,1.0,3.0,collision
1471,-4.215350151062012,-0.45671868324279785,-0.0002509785699658096,0.0006834785453975201,0.0006632690201513469,0.0,-3.0,collision
1472,-4.215350151062012,-0.45671871304512024,-0.0002506554883439094,1.0139163350686431e-05,9.313225177720597e-07,0.0,3.0,collision
1473,-4.2153496742248535,-0.45671871304512024,-0.0002500770497135818,2.3426349798683077e-05,1.4901160284352954e-05,0.0,-3.0,collision
1474,-4.2153544425964355,-0.45568394660949707,-0.0002447235456202179,0.03233722969889641,0.03233679383993149,1.0,-3.0,collision
1475,-4.215356349945068,-0.4546279311180115,-0.00024501129519194365,0.033000536262989044,0.033000536262989044,1.0,-3.0,collision
1476,-4.215356349945068,-0.4546067416667938,-0.00025043461937457323,0.000683514925185591,0.0006621702923439443,0.0,3.0,collision
1477,-4.215358734130859,-0.45357194542884827,-0.00024531467352062464,0.03233786299824715,0.03233746811747551,1.0,-3.0,collision
1478,-4.215358257293701,-0.453550785779953,-0.00025039209867827594,0.0006801728741265833,0.0006614068406634033,0.0,3.0,collision
1479,-4.215360164642334,-0.45251595973968506,-0.00024526676861569285,0.032338764518499374,0.03233836591243744,1.0,-3.0,collision
1480,-4.215359210968018,-0.452494740486145,-0.000250341952778399,0.0006824556621722877,0.0006637710030190647,0.0,-3.0,collision
1481,-4.215358734130859,-0.452494740486145,-0.0002501221315469593,1.640833397686947e-05,1.4901160284352954e-05,0.0,-3.0,collision
1482,-4.2153544425964355,-0.45145997405052185,-0.0002447851584292948,0.03233715891838074,0.032336730509996414,1.0,3.0,collision
1483,-4.215352535247803,-0.4504038691520691,-0.0002450555039104074,0.03300333023071289,0.03300333023071289,1.0,0.0,collision
1484,-4.215350151062012,-0.4493478536605835,-0.0002455724752508104,0.03300056979060173,0.03300056606531143,1.0,-3.0,collision
1485,-4.215345859527588,-0.4482918679714203,-0.0002460150863043964,0.032999828457832336,0.03299982473254204,1.0,3.0,collision
1486,-4.215344429016113,-0.4472358524799347,-0.0002463601704221219,0.03300051391124725,0.033000510185956955,1.0,3.0,collision
1487,-4.215344429016113,-0.44721469283103943,-0.00025150692090392113,0.0006805183365941048,0.0006612389697693288,0.0,-3.0,collision
1488,-4.215342044830322,-0.44617992639541626,-0.0002461831900291145,0.03233696147799492,0.032336536794900894,1.0,-3.0,collision
1489,-4.215336799621582,-0.44512391090393066,-0.00024619384203106165,0.0330008901655674,0.0330008901655674,1.0,-3.0,collision
1490,-4.215329647064209,-0.4440678656101227,-0.00024649311671964824,0.03300217166543007,0.03300217166543007,1.0,0.0,collision
1491,-4.215322971343994,-0.4430118799209595,-0.00024674725136719644,0.03300021216273308,0.03300020843744278,1.0,3.0,collision
1492,-4.21531867980957,-0.44195589423179626,-0.0002469455066602677,0.03299982473254204,0.03299982473254204,1.0,3.0,collision
1493,-4.215316295623779,-0.44089990854263306,-0.0002470938197802752,0.032999634742736816,0.032999634742736816,1.0,-3.0,collision
1494,-4.215311527252197,-0.43984392285346985,-0.00024722193484194577,0.03299988433718681,0.03299988433718681,1.0,-3.0,collision
1495,-4.215304374694824,-0.43878793716430664,-0.00024733514874242246,0.03300030902028084,0.03300030902028084,1.0,3.0,collision
1496,-4.215299606323242,-0.43773195147514343,-0.00024740598746575415,0.03299988433718681,0.03299988433718681,1.0,-3.0,collision
1497,-4.215292930603027,-0.4366759955883026,-0.0002474819484632462,0.032999277114868164,0.032999277114868164,1.0,3.0,collision
1498,-4.215292453765869,-0.43665483593940735,-0.0002524041337892413,0.0006790575571358204,0.0006614068406634033,0.0,-3.0,collision
1499,-4.215292453765869,-0.43665483593940735,-0.0002517852117307484,1.934131250891369e-05,0.0,0.0,-3.0,collision
1500,-4.215282440185547,-0.43562012910842896,-0.00024610530817881227,0.03233658894896507,0.032336100935935974,1.0,-3.0,collision
1501,-4.215281963348389,-0.4355989694595337,-0.0002509983896743506,0.0006788520840927958,0.0006614068406634033,0.0,-3.0,collision
1502,-4.215267181396484,-0.4345642626285553,-0.0002457615337334573,0.032338302582502365,0.03233788534998894,1.0,-3.0,collision
1503,-4.215249538421631,-0.43350833654403687,-0.0002458610397297889,0.03300229460000992,0.03300229460000992,1.0,0.0,collision
1504,-4.215249061584473,-0.4334871470928192,-0.0002510992926545441,0.0006822666036896408,0.0006623379304073751,0.0,-3.0,collision
1505,-4.2152485847473145,-0.4334871768951416,-0.00025074140285141766,1.8654625819181092e-05,1.4930235920473933e-05,0.0,-3.0,collision
1506,-4.215227127075195,-0.43245261907577515,-0.0002452813496347517,0.032337334007024765,0.03233688324689865,1.0,3.0,collision
1507,-4.215227127075195,-0.4324522912502289,-0.00025043159257620573,0.00016127080016303807,1.0244547411275562e-05,0.0,0.0,collision
1508,-4.215207576751709,-0.43141770362854004,-0.0002452104235999286,0.03233704715967178,0.032336633652448654,1.0,-3.0,collision
1509,-4.215185165405273,-0.43036192655563354,-0.00024541091988794506,0.03300046548247337,0.03300046548247337,1.0,-3.0,collision
1510,-4.215184688568115,-0.4303407669067383,-0.00025074329460039735,0.00068207539152354,0.0006614068406634033,0.0,-3.0,collision
1511,-4.215157508850098,-0.4293063282966614,-0.0002455721842125058,0.03233776614069939,0.03233736380934715,1.0,-3.0,collision
1512,-4.215128421783447,-0.4282507300376892,-0.0002457154914736748,0.03299996629357338,0.03299996629357338,1.0,3.0,collision
1513,-4.215101718902588,-0.4271950423717499,-0.0002461057738400996,0.03300079330801964,0.03300079330801964,1.0,3.0,collision
1514,-4.2150774002075195,-0.42613932490348816,-0.0002464216377120465,0.0329999215900898,0.0329999215900898,1.0,-3.0,collision
1515,-4.215050220489502,-0.42508363723754883,-0.00024668447440490127,0.03300117328763008,0.03300116956233978,1.0,-3.0,collision
1516,-4.215021133422852,-0.42402803897857666,-0.0002469052851665765,0.03299996629357338,0.03299996629357338,1.0,3.0,collision
1517,-4.215020656585693,-0.4240068793296814,-0.00025194327463395894,0.0006798864342272282,0.0006614068406634033,0.0,-3.0,collision
1518,-4.214991569519043,-0.42295145988464355,-0.00024644099175930023,0.0329948253929615,0.03299437835812569,1.0,0.0,collision
1519,-4.214990615844727,-0.4229303300380707,-0.00025136960903182626,0.0006786872399970889,0.000660979887470603,0.0,-3.0,collision
1520,-4.214991092681885,-0.4229303300380707,-0.00025095793535001576,1.968623291759286e-05,1.4901160284352954e-05,0.0,3.0,collision
1521,-4.214961051940918,-0.42189598083496094,-0.0002454334171488881,0.032337501645088196,0.032337043434381485,1.0,-3.0,collision
1522,-4.214929103851318,-0.42084047198295593,-0.0002455895009916276,0.03299975395202637,0.03299975395202637,1.0,3.0,collision
1523,-4.214899063110352,-0.41978487372398376,-0.00024599453900009394,0.033000800758600235,0.033000800758600235,1.0,-3.0,collision
1524,-4.214866638183594,-0.41872936487197876,-0.00024634224246256053,0.03300021216273308,0.03300020843744278,1.0,-3.0,collision
1525,-4.2148661613464355,-0.4187290370464325,-0.0002516050008125603,0.00016545233665965497,1.8083013856085017e-05,0.0,0.0,collision
1526,-4.214831352233887,-0.4176948368549347,-0.0002461652329657227,0.032337501645088196,0.03233705833554268,1.0,-3.0,collision
1527,-4.21483039855957,-0.4176737070083618,-0.00025105715030804276,0.0006784278666600585,0.000660979887470603,0.0,-3.0,collision
1528,-4.214791297912598,-0.41663962602615356,-0.0002458200906403363,0.03233853727579117,0.03233812376856804,1.0,3.0,collision
1529,-4.214791297912598,-0.4166393280029297,-0.00025087621179409325,0.0001582780241733417,9.313225746154785e-06,0.0,0.0,collision
1530,-4.2147536277771,-0.41560521721839905,-0.0002455668000038713,0.032337822020053864,0.03233739361166954,1.0,-3.0,collision
1531,-4.214714050292969,-0.41454994678497314,-0.0002456961665302515,0.03300038352608681,0.03300038352608681,1.0,-3.0,collision
1532,-4.214672565460205,-0.4134947657585144,-0.0002460999530740082,0.032999880611896515,0.032999880611896515,1.0,3.0,collision
1533,-4.214633464813232,-0.4124394953250885,-0.00024642719654366374,0.032999832183122635,0.032999828457832336,1.0,3.0,collision
1534,-4.214596271514893,-0.41138413548469543,-0.0002466793521307409,0.03300046920776367,0.03300046920776367,1.0,-3.0,collision
1535,-4.21455717086792,-0.41032886505126953,-0.0002469008613843471,0.032999828457832336,0.032999828457832336,1.0,3.0,collision
1536,-4.21455717086792,-0.41030770540237427,-0.00025195087073370814,0.0006798101821914315,0.0006612389697693288,0.0,3.0,collision
1537,-4.2145233154296875,-0.4092734456062317,-0.00024653878062963486,0.03233836963772774,0.03233793005347252,1.0,3.0,collision
1538,-4.2145233154296875,-0.4092522859573364,-0.0002513487124815583,0.0006781077827326953,0.0006612389697693288,0.0,-3.0,collision
1539,-4.214489459991455,-0.40821802616119385,-0.0002460532996337861,0.032338351011276245,0.03233793005347252,1.0,3.0,collision
1540,-4.214457988739014,-0.40716248750686646,-0.00024607873638160527,0.03300023823976517,0.03300023823976517,1.0,-3.0,collision
1541,-4.214423179626465,-0.4061070382595062,-0.0002463952696416527,0.03300072252750397,0.03300071880221367,1.0,-3.0,collision
1542,-4.214386940002441,-0.40505164861679077,-0.00024667338584549725,0.033000361174345016,0.033000361174345016,1.0,3.0,collision
1543,-4.214353561401367,-0.40399616956710815,-0.00024688674602657557,0.03300020471215248,0.03300020471215248,1.0,3.0,collision
1544,-4.214354038238525,-0.4039749801158905,-0.00025193922920152545,0.0006808970938436687,0.0006623379304073751,0.0,3.0,collision
1545,-4.214323997497559,-0.4029406011104584,-0.00024651852436363697,0.03233841434121132,0.0323379710316658,1.0,-3.0,collision
1546,-4.214292049407959,-0.40188509225845337,-0.0002464616554789245,0.03299975395202637,0.03299975395202637,1.0,-3.0,collision
1547,-4.21425724029541,-0.40082964301109314,-0.00024670231505297124,0.03300072252750397,0.03300071880221367,1.0,-3.0,collision
1548,-4.2142205238342285,-0.3997742533683777,-0.00024691878934390843,0.033000875264406204,0.033000875264406204,1.0,3.0,collision
1549,-4.214186668395996,-0.39871880412101746,-0.00024708276032470167,0.03299975022673607,0.03299975022673607,1.0,3.0,collision
1550,-4.214154243469238,-0.39766329526901245,-0.00024720365763641894,0.03300020843744278,0.03300020843744278,1.0,-3.0,collision
1551,-4.2141194343566895,-0.3966078460216522,-0.00024730985751375556,0.03300071880221367,0.03300071880221367,1.0,-3.0,collision
1552,-4.214082717895508,-0.395552396774292,-0.00024740028311498463,0.033002737909555435,0.033002737909555435,1.0,0.0,collision
1553,-4.214046478271484,-0.3944970667362213,-0.0002474734792485833,0.032998498529195786,0.032998498529195786,1.0,3.0,collision
1554,-4.2140116691589355,-0.3934416174888611,-0.000247516407398507,0.03300071880221367,0.03300071880221367,1.0,-3.0,collision
1555,-4.213975429534912,-0.392386257648468,-0.0002475702203810215,0.0329994298517704,0.0329994298517704,1.0,3.0,collision
1556,-4.21397590637207,-0.39236509799957275,-0.0002524858573451638,0.0006790112238377333,0.0006614068406634033,0.0,3.0,collision
1557,-4.213975429534912,-0.39236512780189514,-0.0002518401015549898,2.5102570361923426e-05,1.4930235920473933e-05,0.0,-3.0,collision
1558,-4.213942050933838,-0.39133089780807495,-0.0002461600524839014,0.0323370024561882,0.0323365144431591,1.0,3.0,collision
1559,-4.213911056518555,-0.39027532935142517,-0.0002461603726260364,0.033000729978084564,0.033000729978084564,1.0,3.0,collision
1560,-4.213912010192871,-0.39025411009788513,-0.000251343211857602,0.0006832453655079007,0.0006637710030190647,0.0,3.0,collision
1561,-4.213912487030029,-0.39025411009788513,-0.00025093561271205544,1.9603259715950117e-05,1.4901160284352954e-05,0.0,3.0,collision
1562,-4.2139129638671875,-0.39025405049324036,-0.0002503052819520235,2.4769311494310386e-05,1.501712449680781e-05,0.0,0.0,collision
1563,-4.213888168334961,-0.3892195522785187,-0.0002449018065817654,0.032337792217731476,0.03233735263347626,1.0,-3.0,collision
1564,-4.213888645172119,-0.3891983926296234,-0.0002500471018720418,0.0006806706660427153,0.0006614068406634033,0.0,3.0,collision
1565,-4.213863849639893,-0.38816389441490173,-0.0002449897292535752,0.032337736338377,0.03233735263347626,1.0,-3.0,collision
1566,-4.213836669921875,-0.3871081471443176,-0.00024524342734366655,0.03300303593277931,0.033003032207489014,1.0,0.0,collision
1567,-4.213836193084717,-0.38710781931877136,-0.00025070778792724013,0.0001717160630505532,1.8083013856085017e-05,0.0,0.0,collision
1568,-4.213809490203857,-0.38607341051101685,-0.000245457369601354,0.032336458563804626,0.0323360413312912,1.0,3.0,collision
1569,-4.213809490203857,-0.38605228066444397,-0.00025048042880371213,0.0006787090678699315,0.0006603076471947134,0.0,-3.0,collision
1570,-4.21378231048584,-0.38499680161476135,-0.00024525553453713655,0.03299505636096001,0.032994650304317474,1.0,0.0,collision
1571,-4.213782787322998,-0.3849756419658661,-0.0002504326112102717,0.0006809059996157885,0.0006614068406634033,0.0,3.0,collision
1572,-4.213782787322998,-0.3849755823612213,-0.00025019244640134275,7.73283409216674e-06,1.8626450355441193e-06,0.0,0.0,collision
1573,-4.213758945465088,-0.383941113948822,-0.0002448369632475078,0.03233615309000015,0.03233572095632553,1.0,3.0,collision
1574,-4.213759899139404,-0.38391992449760437,-0.0002499850816093385,0.0006820847629569471,0.0006628406117670238,0.0,3.0,collision
1575,-4.213740825653076,-0.38288530707359314,-0.0002449507010169327,0.03233766928315163,0.032337285578250885,1.0,3.0,collision
1576,-4.213724613189697,-0.3818294107913971,-0.0002452067274134606,0.033000648021698,0.033000648021698,1.0,3.0,collision
1577,-4.213725566864014,-0.38180819153785706,-0.00025058159371837974,0.0006846926407888532,0.0006637710030190647,0.0,3.0,collision
1578,-4.213713645935059,-0.38077348470687866,-0.00024543158360756934,0.03233713284134865,0.03233673423528671,1.0,-3.0,collision
1579,-4.213714122772217,-0.380752295255661,-0.0002504857548046857,0.0006809093174524605,0.0006623379304073751,0.0,3.0,collision
1580,-4.213702201843262,-0.3797175884246826,-0.00024535253760404885,0.03233713284134865,0.03233673423528671,1.0,3.0,collision
1581,-4.213692665100098,-0.3786616027355194,-0.0002455177600495517,0.033000897616147995,0.033000897616147995,1.0,-3.0,collision
1582,-4.2136921882629395,-0.37864044308662415,-0.0002508281613700092,0.0006819079862907529,0.0006614068406634033,0.0,-3.0,collision
1583,-4.2136921882629395,-0.37864044308662415,-0.0002505244337953627,9.491486707702279e-06,0.0,0.0,-3.0,collision
1584,-4.213675022125244,-0.3776057958602905,-0.0002450964821036905,0.03233762085437775,0.03233717381954193,1.0,-3.0,collision
1585,-4.213655471801758,-0.37654995918273926,-0.0002453102497383952,0.03300055116415024,0.03300055116415024,1.0,-3.0,collision
1586,-4.2136335372924805,-0.3754940927028656,-0.0002457857772242278,0.03300295025110245,0.03300294652581215,1.0,0.0,collision
1587,-4.213612079620361,-0.3744383156299591,-0.00024618153111077845,0.03299984708428383,0.03299984708428383,1.0,3.0,collision
1588,-4.213593006134033,-0.37338247895240784,-0.00024649302940815687,0.03300027921795845,0.03300027921795845,1.0,3.0,collision
1589,-4.213575839996338,-0.3723266124725342,-0.0002467320009600371,0.03300018608570099,0.03300018608570099,1.0,-3.0,collision
1590,-4.213556289672852,-0.3712707757949829,-0.00024693264276720583,0.03300055116415024,0.03300055116415024,1.0,-3.0,collision
1591,-4.213555812835693,-0.37124961614608765,-0.0002519745612516999,0.0006799148395657539,0.0006614068406634033,0.0,-3.0,collision
1592,-4.213555335998535,-0.37124964594841003,-0.0002514423104003072,2.2350910512614064e-05,1.4930235920473933e-05,0.0,-3.0,collision
1593,-4.213529109954834,-0.3701941668987274,-0.00024573953123763204,0.03299437835812569,0.032993897795677185,1.0,0.0,collision
1594,-4.213502407073975,-0.3691385090351105,-0.0002459126990288496,0.03299986198544502,0.03299986198544502,1.0,-3.0,collision
1595,-4.213472843170166,-0.3680829107761383,-0.000246266572503373,0.03300037980079651,0.03300037607550621,1.0,-3.0,collision
1596,-4.213441371917725,-0.3670273721218109,-0.00024656063760630786,0.033000241965055466,0.03300023823976517,1.0,-3.0,collision
1597,-4.213441371917725,-0.36700624227523804,-0.00025168852880597115,0.000679474207572639,0.0006603076471947134,0.0,3.0,collision
1598,-4.213440895080566,-0.3670062720775604,-0.0002512121864128858,2.1083071260363795e-05,1.4930235920473933e-05,0.0,3.0,collision
1599,-4.213412284851074,-0.3659718930721283,-0.00024563699844293296,0.03233717381954193,0.032336704432964325,1.0,-3.0,collision
1600,-4.213380336761475,-0.3649163246154785,-0.0002457424416206777,0.0330016165971756,0.0330016165971756,1.0,-3.0,collision
1601,-4.213346481323242,-0.3638608455657959,-0.0002461267285980284,0.033000681549310684,0.033000681549310684,1.0,-3.0,collision
1602,-4.213310718536377,-0.3628053665161133,-0.0002464533899910748,0.03300264850258827,0.03300264850258827,1.0,0.0,collision
1603,-4.213310241699219,-0.3627842664718628,-0.000251598481554538,0.0006788598839193583,0.0006595447193831205,0.0,3.0,collision
1604,-4.213277339935303,-0.3617500066757202,-0.000246256502578035,0.03233739733695984,0.03233696520328522,1.0,3.0,collision
1605,-4.213247299194336,-0.36069443821907043,-0.0002462513220962137,0.03299986943602562,0.03299986943602562,1.0,3.0,collision
1606,-4.213220119476318,-0.3596387803554535,-0.0002465339784976095,0.033000241965055466,0.03300023823976517,1.0,3.0,collision
1607,-4.213194847106934,-0.3585830628871918,-0.0002467741724103689,0.03300062194466591,0.03300062194466591,1.0,3.0,collision
1608,-4.213171482086182,-0.35752734541893005,-0.00024695665342733264,0.032999251037836075,0.032999251037836075,1.0,-3.0,collision
1609,-4.213146209716797,-0.35647162795066833,-0.0002471227489877492,0.03300062194466591,0.03300062194466591,1.0,3.0,collision
1610,-4.213123321533203,-0.35541579127311707,-0.00024724099785089493,0.03300264850258827,0.03300264850258827,1.0,0.0,collision
1611,-4.213123321533203,-0.3553946614265442,-0.0002522163849789649,0.0006783661083318293,0.0006603076471947134,0.0,-3.0,collision
1612,-4.213097095489502,-0.3543602228164673,-0.0002467508311383426,0.032337043434381485,0.03233659267425537,1.0,-3.0,collision
1613,-4.213097095489502,-0.3543599247932434,-0.00025163163081742823,0.00015280905063264072,9.313225746154785e-06,0.0,0.0,collision
1614,-4.213068962097168,-0.3533255457878113,-0.000246182840783149,0.03233674541115761,0.03233629837632179,1.0,3.0,collision
1615,-4.213068962097168,-0.3533044159412384,-0.0002510596241336316,0.0006776664522476494,0.0006603076471947134,0.0,-3.0,collision
1616,-4.213040351867676,-0.3522700071334839,-0.00024581013713032007,0.03233804926276207,0.03233763575553894,1.0,-3.0,collision
1617,-4.213039398193359,-0.352248877286911,-0.000250776472967118,0.0006789556937292218,0.000660979887470603,0.0,-3.0,collision
1618,-4.213039398193359,-0.35224878787994385,-0.0002504742587916553,9.848808076640125e-06,2.79396749647276e-06,0.0,0.0,collision
1619,-4.213039875030518,-0.35224881768226624,-0.0002499466936569661,2.2242158593144268e-05,1.4930235920473933e-05,0.0,3.0,collision
1620,-4.213039875030518,-0.35224875807762146,-0.00024949992075562477,1.4085353541304357e-05,1.8626450355441193e-06,0.0,0.0,collision
1621,-4.213008403778076,-0.3511934280395508,-0.00024416527594439685,0.032994143664836884,0.03299372270703316,1.0,0.0,collision
1622,-4.213008880615234,-0.3511722683906555,-0.00024954613763839006,0.0006824471638537943,0.0006614068406634033,0.0,3.0,collision
1623,-4.212979793548584,-0.3501378893852234,-0.00024459275300614536,0.0323374904692173,0.032337117940187454,1.0,-3.0,collision
1624,-4.212948322296143,-0.349082350730896,-0.00024493137607350945,0.033000241965055466,0.03300023823976517,1.0,3.0,collision
1625,-4.212919235229492,-0.34802675247192383,-0.00024546898202970624,0.03299997001886368,0.03299996629357338,1.0,-3.0,collision
1626,-4.212918281555176,-0.34800562262535095,-0.0002508034522179514,0.0006816773093305528,0.000660979887470603,0.0,-3.0,collision
1627,-4.212918281555176,-0.3480055630207062,-0.0002505105221644044,9.341645636595786e-06,1.8626450355441193e-06,0.0,0.0,collision
1628,-4.212918281555176,-0.34800559282302856,-0.0002499764086678624,1.671700920269359e-05,9.313225177720597e-07,0.0,3.0,collision
1629,-4.212887287139893,-0.3469712734222412,-0.0002446444414090365,0.03233741596341133,0.03233698755502701,1.0,3.0,collision
1630,-4.212859153747559,-0.34591564536094666,-0.00024494691751897335,0.03300008922815323,0.03300008922815323,1.0,3.0,collision
1631,-4.212831974029541,-0.3448599874973297,-0.00024547995417378843,0.033000241965055466,0.03300023823976517,1.0,-3.0,collision
1632,-4.212803363800049,-0.3438042998313904,-0.0002459356328472495,0.03300235792994499,0.033002354204654694,1.0,0.0,collision
1633,-4.21277379989624,-0.3427487015724182,-0.00024629212566651404,0.03300037980079651,0.03300037607550621,1.0,-3.0,collision
1634,-4.212742805480957,-0.3416931927204132,-0.0002465914294589311,0.03299887105822563,0.03299886733293533,1.0,3.0,collision
1635,-4.212742328643799,-0.34167203307151794,-0.00025169237051159143,0.000680344644933939,0.0006614068406634033,0.0,-3.0,collision
1636,-4.212710857391357,-0.340637743473053,-0.000246331503149122,0.03233693912625313,0.032336506992578506,1.0,-3.0,collision
1637,-4.212711334228516,-0.3406165838241577,-0.000251205638051033,0.0006787189631722867,0.0006614068406634033,0.0,3.0,collision
1638,-4.212711334228516,-0.34061652421951294,-0.0002508066827431321,1.2605726624315139e-05,1.8626450355441193e-06,0.0,0.0,collision
1639,-4.212711334228516,-0.3406165540218353,-0.00025021203327924013,1.8606118828756735e-05,9.313225177720597e-07,0.0,3.0,collision
1640,-4.212710857391357,-0.3406166136264801,-0.00024970737285912037,2.177675378334243e-05,1.501712449680781e-05,0.0,-3.0,collision
1641,-4.212711334228516,-0.3406166136264801,-0.000249322532908991,1.9148765204590745e-05,1.4901160284352954e-05,0.0,3.0,collision
1642,-4.212682247161865,-0.339582234621048,-0.00024412074708379805,0.032337531447410583,0.032337117940187454,1.0,3.0,collision
1643,-4.212682723999023,-0.3395819067955017,-0.00024950256920419633,0.00016915130254346877,1.8083013856085017e-05,0.0,0.0,collision
1644,-4.212655544281006,-0.3385474681854248,-0.0002444669371470809,0.032337743788957596,0.03233736380934715,1.0,-3.0,collision
1645,-4.212625980377197,-0.337491899728775,-0.00024481635773554444,0.03299944847822189,0.03299944847822189,1.0,-3.0,collision
1646,-4.212594509124756,-0.33643633127212524,-0.0002453964261803776,0.03300117701292038,0.03300116956233978,1.0,3.0,collision
1647,-4.212564945220947,-0.3353807330131531,-0.00024585489882156253,0.03300037980079651,0.03300037607550621,1.0,-3.0,collision
1648,-4.212533473968506,-0.3343251943588257,-0.0002462414850015193,0.033000241965055466,0.03300023823976517,1.0,3.0,collision
1649,-4.2125043869018555,-0.33326953649520874,-0.00024653621949255466,0.03300182893872261,0.03300182893872261,1.0,0.0,collision
1650,-4.212504863739014,-0.3332483768463135,-0.0002516645472496748,0.0006805456359870732,0.0006614068406634033,0.0,3.0,collision
1651,-4.2124786376953125,-0.3322139382362366,-0.00024630987900309265,0.03233702480792999,0.03233659267425537,1.0,3.0,collision
1652,-4.212478160858154,-0.3321927785873413,-0.00025116573669947684,0.000678591022733599,0.0006614068406634033,0.0,-3.0,collision
1653,-4.212479114532471,-0.3321927785873413,-0.00025079050101339817,3.202624066034332e-05,2.980232056870591e-05,0.0,3.0,collision
1654,-4.2124552726745605,-0.33115828037261963,-0.0002453101915307343,0.03233710303902626,0.03233664855360985,1.0,3.0,collision
1655,-4.2124552726745605,-0.33113712072372437,-0.0002503518480807543,0.0006797495880164206,0.0006612389697693288,0.0,-3.0,collision
1656,-4.21243143081665,-0.3301025629043579,-0.00024525501066818833,0.032338906079530716,0.03233851119875908,1.0,3.0,collision
1657,-4.212432384490967,-0.33008134365081787,-0.00025033362908288836,0.0006824806332588196,0.0006637710030190647,0.0,3.0,collision
1658,-4.2124128341674805,-0.32904672622680664,-0.0002452191838528961,0.03233795985579491,0.03233756124973297,1.0,-3.0,collision
1659,-4.212390422821045,-0.32799094915390015,-0.0002454216592013836,0.03300046548247337,0.03300046548247337,1.0,-3.0,collision
1660,-4.212365627288818,-0.32693520188331604,-0.00024587055668234825,0.03300120308995247,0.03300119936466217,1.0,-3.0,collision
1661,-4.212338924407959,-0.3258795142173767,-0.00024624369689263403,0.03300079330801964,0.03300079330801964,1.0,-3.0,collision
1662,-4.212309837341309,-0.32482391595840454,-0.0002465526922605932,0.03299996629357338,0.03299996629357338,1.0,3.0,collision
1663,-4.21230936050415,-0.3248027563095093,-0.0002516615204513073,0.000680402445141226,0.0006614068406634033,0.0,-3.0,collision
1664,-4.212280750274658,-0.32376834750175476,-0.00024631823180243373,0.032338064163923264,0.03233763575553894,1.0,3.0,collision
1665,-4.2122802734375,-0.3237471878528595,-0.000251173012657091,0.0006785835139453411,0.0006614068406634033,0.0,-3.0,collision
1666,-4.21225118637085,-0.322712779045105,-0.0002459012612234801,0.032338470220565796,0.03233804926276207,1.0,-3.0,collision
1667,-4.21221923828125,-0.3216572403907776,-0.0002459677925799042,0.03300068527460098,0.03300068527460098,1.0,-3.0,collision
1668,-4.212185382843018,-0.32060176134109497,-0.00024631741689518094,0.033000681549310684,0.033000681549310684,1.0,3.0,collision
1669,-4.212153434753418,-0.3195462226867676,-0.0002465914294589311,0.03300068899989128,0.03300068527460098,1.0,-3.0,collision
1670,-4.212120056152344,-0.31849077343940735,-0.0002468304883223027,0.032999277114868164,0.032999277114868164,1.0,3.0,collision
1671,-4.2121195793151855,-0.3184696137905121,-0.0002518834953662008,0.0006799952243454754,0.0006614068406634033,0.0,-3.0,collision
1672,-4.212085247039795,-0.3174353837966919,-0.00024648450198583305,0.03233793005347252,0.0323374904692173,1.0,-3.0,collision
1673,-4.212048053741455,-0.31637999415397644,-0.00024643505457788706,0.03300140053033829,0.03300140053033829,1.0,-3.0,collision
1674,-4.212047100067139,-0.3163588345050812,-0.00025156233459711075,0.0006810271879658103,0.0006619102787226439,0.0,-3.0,collision
1675,-4.212005615234375,-0.3153248727321625,-0.00024622748605906963,0.0323377288877964,0.03233730047941208,1.0,-3.0,collision
1676,-4.211961269378662,-0.31426969170570374,-0.00024623452918604016,0.033003512769937515,0.033003512769937515,1.0,0.0,collision
1677,-4.211960315704346,-0.31424856185913086,-0.00025139801437035203,0.000680390396155417,0.000660979887470603,0.0,-3.0,collision
1678,-4.211914539337158,-0.3132147789001465,-0.0002461067633703351,0.032337795943021774,0.03233737498521805,1.0,3.0,collision
1679,-4.211871147155762,-0.3121596574783325,-0.00024613222922198474,0.033000413328409195,0.033000413328409195,1.0,3.0,collision
1680,-4.211871147155762,-0.31213846802711487,-0.00025132132577709854,0.0006817369139753282,0.0006621702923439443,0.0,3.0,collision
1681,-4.2118330001831055,-0.31110435724258423,-0.00024603429483249784,0.03233836218714714,0.032337941229343414,1.0,3.0,collision
1682,-4.211833477020264,-0.3110831677913666,-0.00025095680030062795,0.0006799667025916278,0.0006623379304073751,0.0,3.0,collision
1683,-4.211833953857422,-0.3110831379890442,-0.0002506125601939857,1.840205914049875e-05,1.4930235920473933e-05,0.0,3.0,collision
1684,-4.211834907531738,-0.3110831379890442,-0.0002500514092389494,3.457872662693262e-05,2.980232056870591e-05,0.0,3.0,collision
1685,-4.211834907531738,-0.3110830783843994,-0.0002495834487490356,1.4741911400051322e-05,1.8626450355441193e-06,0.0,0.0,collision
1686,-4.211805820465088,-0.3100486695766449,-0.00024433486396446824,0.0323384664952755,0.03233804926276207,1.0,3.0,collision
1687,-4.211779594421387,-0.30899298191070557,-0.00024469976779073477,0.03300042077898979,0.03300041705369949,1.0,3.0,collision
1688,-4.211780548095703,-0.3089717626571655,-0.00025017562438733876,0.000685473729390651,0.0006637710030190647,0.0,3.0,collision
1689,-4.2117815017700195,-0.3089717626571655,-0.00025000193272717297,3.0292574592749588e-05,2.980232056870591e-05,0.0,3.0,collision
1690,-4.211761474609375,-0.3079371750354767,-0.0002446683938615024,0.03233734890818596,0.032336920499801636,1.0,-3.0,collision
1691,-4.211738586425781,-0.3068813979625702,-0.00024496729020029306,0.03300078585743904,0.03300078585743904,1.0,-3.0,collision
1692,-4.211714267730713,-0.3058256506919861,-0.0002455166832078248,0.03300085663795471,0.03300085291266441,1.0,3.0,collision
1693,-4.211691379547119,-0.3047698736190796,-0.00024595099966973066,0.03300078958272934,0.03300078585743904,1.0,-3.0,collision
1694,-4.211666107177734,-0.30371415615081787,-0.0002463081618770957,0.03300062194466591,0.03300062194466591,1.0,-3.0,collision
1695,-4.211666107177734,-0.3036929965019226,-0.0002514868101570755,0.0006807546014897525,0.0006612389697693288,0.0,3.0,collision
1696,-4.211641788482666,-0.3026585280895233,-0.00024616773589514196,0.03233649581670761,0.03233606740832329,1.0,3.0,collision
1697,-4.211619853973389,-0.3016027510166168,-0.0002461705880705267,0.0330001525580883,0.0330001525580883,1.0,-3.0,collision
1698,-4.21159553527832,-0.3005470037460327,-0.0002464792341925204,0.03300085291266441,0.03300085291266441,1.0,3.0,collision
1699,-4.211574077606201,-0.29949119687080383,-0.00024673063308000565,0.033000778406858444,0.033000778406858444,1.0,3.0,collision
1700,-4.211574077606201,-0.29947003722190857,-0.00025180308148264885,0.000679973338264972,0.0006612389697693288,0.0,-3.0,collision
1701,-4.211573600769043,-0.29947006702423096,-0.00025130430003628135,2.1583882698905654e-05,1.4930235920473933e-05,0.0,-3.0,collision
1702,-4.211549758911133,-0.2984355390071869,-0.0002457318769302219,0.03233804926276207,0.03233758360147476,1.0,3.0,collision
1703,-4.211528778076172,-0.297379732131958,-0.00024581802426837385,0.03300048038363457,0.03300048038363457,1.0,3.0,collision
1704,-4.211528778076172,-0.29735857248306274,-0.000251057994319126,0.0006812126957811415,0.0006612389697693288,0.0,-3.0,collision
1705,-4.211507320404053,-0.2963029444217682,-0.00024573173141106963,0.03299561142921448,0.03299519047141075,1.0,0.0,collision
1706,-4.211484909057617,-0.2952471971511841,-0.00024592081899754703,0.03299953415989876,0.03299953415989876,1.0,-3.0,collision
1707,-4.211460113525391,-0.29419147968292236,-0.0002462735283188522,0.033000268042087555,0.033000268042087555,1.0,-3.0,collision
1708,-4.2114338874816895,-0.29313579201698303,-0.00024657617905177176,0.03300042077898979,0.03300041705369949,1.0,3.0,collision
1709,-4.211434364318848,-0.29311463236808777,-0.00025169120635837317,0.0006804479053243995,0.0006614068406634033,0.0,3.0,collision
1710,-4.211411952972412,-0.2920800745487213,-0.0002463202108629048,0.03233795240521431,0.03233751654624939,1.0,-3.0,collision
1711,-4.211387634277344,-0.2910243570804596,-0.0002463134005665779,0.0329999215900898,0.0329999215900898,1.0,3.0,collision
1712,-4.211365222930908,-0.2899685800075531,-0.00024657417088747025,0.03300046548247337,0.03300046548247337,1.0,-3.0,collision
1713,-4.211339950561523,-0.288912832736969,-0.0002468058082740754,0.033001553267240524,0.033001553267240524,1.0,-3.0,collision
1714,-4.211312770843506,-0.28785717487335205,-0.00024699230561964214,0.03300023823976517,0.03300023823976517,1.0,-3.0,collision
1715,-4.211283206939697,-0.2868015170097351,-0.00024714635219424963,0.03300223872065544,0.03300223872065544,1.0,0.0,collision
1716,-4.211282730102539,-0.28680121898651123,-0.0002522436552681029,0.00016025702643673867,1.7572157958056778e-05,0.0,0.0,collision
1717,-4.2112531661987305,-0.2857668697834015,-0.0002466761216055602,0.03233708068728447,0.03233661502599716,1.0,-3.0,collision
1718,-4.211221694946289,-0.28471139073371887,-0.00024659401969984174,0.032998375594615936,0.032998375594615936,1.0,3.0,collision
1719,-4.211192607879639,-0.2836557924747467,-0.00024680804926902056,0.03299996629357338,0.03299996629357338,1.0,3.0,collision
1720,-4.211165904998779,-0.28260013461112976,-0.0002469931496307254,0.03299986198544502,0.03299986198544502,1.0,3.0,collision
1721,-4.211141109466553,-0.28154441714286804,-0.0002471318584866822,0.033000268042087555,0.033000268042087555,1.0,-3.0,collision
1722,-4.211114883422852,-0.2804887592792511,-0.00024726276751607656,0.03299948573112488,0.03299948573112488,1.0,3.0,collision
1723,-4.211114406585693,-0.2804676294326782,-0.0002522289287298918,0.0006784636643715203,0.0006604758091270924,0.0,-3.0,collision
1724,-4.211088180541992,-0.27943316102027893,-0.0002467723097652197,0.0323379747569561,0.03233752399682999,1.0,3.0,collision
1725,-4.211063861846924,-0.2783774137496948,-0.00024666482931934297,0.03300085291266441,0.03300085291266441,1.0,3.0,collision
1726,-4.2110419273376465,-0.27732163667678833,-0.0002468544989824295,0.0330001525580883,0.0330001525580883,1.0,-3.0,collision
1727,-4.211041450500488,-0.27730050683021545,-0.00025191064924001694,0.0006791125051677227,0.0006604758091270924,0.0,-3.0,collision
1728,-4.211015224456787,-0.27626603841781616,-0.0002465180295985192,0.032337963581085205,0.03233752399682999,1.0,3.0,collision
1729,-4.2109904289245605,-0.27521032094955444,-0.0002464511780999601,0.033000268042087555,0.033000268042087555,1.0,-3.0,collision
1730,-4.210963726043701,-0.2741546332836151,-0.0002467037702444941,0.03300079330801964,0.03300079330801964,1.0,3.0,collision
1731,-4.210964679718018,-0.2741334140300751,-0.00025179257499985397,0.0006825547898188233,0.0006637710030190647,0.0,3.0,collision
1732,-4.210942268371582,-0.2730988562107086,-0.00024640123592689633,0.03233795613050461,0.03233751654624939,1.0,-3.0,collision
1733,-4.210941791534424,-0.27307772636413574,-0.0002512493229005486,0.0006776291993446648,0.0006604758091270924,0.0,-3.0,collision
1734,-4.2109150886535645,-0.27204325795173645,-0.0002459741954226047,0.032338324934244156,0.03233790397644043,1.0,3.0,collision
1735,-4.210890293121338,-0.27098754048347473,-0.00024601558106951416,0.033000268042087555,0.033000268042087555,1.0,-3.0,collision
1736,-4.2108635902404785,-0.2699318528175354,-0.0002463553100824356,0.03300079330801964,0.03300079330801964,1.0,3.0,collision
1737,-4.210838317871094,-0.2688761055469513,-0.0002466216101311147,0.03300155699253082,0.033001553267240524,1.0,-3.0,collision
1738,-4.210811138153076,-0.26782044768333435,-0.00024684437084943056,0.03300023823976517,0.03300023823976517,1.0,-3.0,collision
1739,-4.210810661315918,-0.2677992880344391,-0.00025190412998199463,0.0006800442934036255,0.0006614068406634033,0.0,-3.0,collision
1740,-4.210779190063477,-0.26676496863365173,-0.0002465127327013761,0.03233787789940834,0.03233743831515312,1.0,3.0,collision
1741,-4.210749626159668,-0.26570937037467957,-0.00024644710356369615,0.03300037607550621,0.03300037607550621,1.0,-3.0,collision
1742,-4.210718154907227,-0.2646538317203522,-0.00024670036509633064,0.033000241965055466,0.03300023823976517,1.0,3.0,collision
1743,-4.210718631744385,-0.2646326422691345,-0.0002517897810321301,0.0006811656639911234,0.0006623379304073751,0.0,3.0,collision
1744,-4.210691452026367,-0.2635982036590576,-0.00024639899493195117,0.03233780339360237,0.03233736380934715,1.0,-3.0,collision
1745,-4.210661888122559,-0.26254260540008545,-0.0002463662240188569,0.03300037607550621,0.03300037607550621,1.0,-3.0,collision
1746,-4.210630416870117,-0.26148703694343567,-0.00024663604563102126,0.03300117328763008,0.03300116956233978,1.0,3.0,collision
1747,-4.210601329803467,-0.2604314386844635,-0.0002468559832777828,0.03299996629357338,0.03299996629357338,1.0,3.0,collision
1748,-4.210574150085449,-0.25937578082084656,-0.0002470222534611821,0.03300023823976517,0.03300023823976517,1.0,-3.0,collision
1749,-4.210573673248291,-0.2593546211719513,-0.00025204572011716664,0.0006797814276069403,0.0006614068406634033,0.0,-3.0,collision
1750,-4.210542678833008,-0.25832027196884155,-0.0002466260630171746,0.03233836218714714,0.032337918877601624,1.0,3.0,collision
1751,-4.210513591766357,-0.2572645843029022,-0.00024654256412759423,0.033002760261297226,0.033002760261297226,1.0,0.0,collision
1752,-4.210514068603516,-0.25724342465400696,-0.00025165497208945453,0.0006804286385886371,0.0006614068406634033,0.0,3.0,collision
1753,-4.2104878425598145,-0.25620895624160767,-0.000246301555307582,0.03233795613050461,0.03233752399682999,1.0,3.0,collision
1754,-4.2104644775390625,-0.25515320897102356,-0.00024628773098811507,0.03300018236041069,0.03300018236041069,1.0,3.0,collision
1755,-4.2104644775390625,-0.2551320493221283,-0.00025143419043160975,0.000680516182910651,0.0006612389697693288,0.0,-3.0,collision
1756,-4.210440635681152,-0.2540765106678009,-0.00024603275232948363,0.03299442678689957,0.032993994653224945,1.0,0.0,collision
1757,-4.210415840148926,-0.2530207931995392,-0.0002461615367792547,0.033000268042087555,0.033000268042087555,1.0,-3.0,collision
1758,-4.210389614105225,-0.25196513533592224,-0.00024647649843245745,0.03299948573112488,0.03299948573112488,1.0,3.0,collision
1759,-4.210390567779541,-0.2519439458847046,-0.00025161111261695623,0.0006819853442721069,0.0006628406117670238,0.0,3.0,collision
1760,-4.210390567779541,-0.2519438862800598,-0.0002511453640181571,1.4673346413474064e-05,1.8626450355441193e-06,0.0,0.0,collision
1761,-4.210390567779541,-0.2519439160823822,-0.0002504735311958939,2.101542122545652e-05,9.313225177720597e-07,0.0,-3.0,collision
1762,-4.210366725921631,-0.2509094178676605,-0.0002450522733852267,0.03233709558844566,0.03233664855360985,1.0,3.0,collision
1763,-4.210367202758789,-0.25088822841644287,-0.00025015673600137234,0.000681275618262589,0.0006623379304073751,0.0,3.0,collision
1764,-4.2103681564331055,-0.2508881986141205,-0.00024997195578180254,3.03708620776888e-05,2.981686884595547e-05,0.0,3.0,collision
1765,-4.210351467132568,-0.24985355138778687,-0.00024465483147650957,0.032337360084056854,0.03233692795038223,1.0,3.0,collision
1766,-4.2103376388549805,-0.24879756569862366,-0.00024495081743225455,0.03300238028168678,0.03300238028168678,1.0,0.0,collision
1767,-4.2103376388549805,-0.2487764060497284,-0.00025037015439011157,0.0006825817399658263,0.0006612389697693288,0.0,-3.0,collision
1768,-4.2103376388549805,-0.24877643585205078,-0.00025015766732394695,6.7052133090328425e-06,9.313225177720597e-07,0.0,-3.0,collision
1769,-4.210338115692139,-0.24877643585205078,-0.0002496986708138138,2.0682955437223427e-05,1.4901160284352954e-05,0.0,3.0,collision
1770,-4.210338115692139,-0.24877646565437317,-0.0002492969506420195,1.2588253412104677e-05,9.313225177720597e-07,0.0,-3.0,collision
1771,-4.2103376388549805,-0.24877648055553436,-0.0002489838225301355,1.7832908270065673e-05,1.4908434422977734e-05,0.0,-3.0,collision
1772,-4.210317134857178,-0.24774189293384552,-0.00024385977303609252,0.03233760595321655,0.032337211072444916,1.0,3.0,collision
1773,-4.210317611694336,-0.24772068858146667,-0.00024920349824242294,0.0006835163221694529,0.000662803475279361,0.0,3.0,collision
1774,-4.210300922393799,-0.24668602645397186,-0.00024431428755633533,0.03233775496482849,0.03233739361166954,1.0,-3.0,collision
1775,-4.210300445556641,-0.2466648519039154,-0.000249580160016194,0.0006820224225521088,0.0006618723855353892,0.0,-3.0,collision
1776,-4.2102789878845215,-0.24563026428222656,-0.0002446273574605584,0.032338183373212814,0.03233781456947327,1.0,-3.0,collision
1777,-4.210278034210205,-0.2456090897321701,-0.0002498311223462224,0.0006820452981628478,0.0006623754743486643,0.0,-3.0,collision
1778,-4.210251808166504,-0.24457460641860962,-0.00024483949528075755,0.03233836218714714,0.032337989658117294,1.0,3.0,collision
1779,-4.210252285003662,-0.24455341696739197,-0.00025000126333907247,0.0006816970999352634,0.0006623379304073751,0.0,3.0,collision
1780,-4.210230827331543,-0.2434977889060974,-0.00024486170150339603,0.03299558162689209,0.03299519047141075,1.0,0.0,collision
1781,-4.210230827331543,-0.24347661435604095,-0.0002501058916095644,0.0006816964014433324,0.0006617046310566366,0.0,-3.0,collision
1782,-4.210206985473633,-0.24242106080055237,-0.0002449604799039662,0.03299485146999359,0.03299446031451225,1.0,0.0,collision
1783,-4.210206508636475,-0.2423999011516571,-0.00025018557789735496,0.000681264151353389,0.0006614068406634033,0.0,-3.0,collision
1784,-4.210206031799316,-0.2423999309539795,-0.0002500005066394806,1.601126314199064e-05,1.4930235920473933e-05,0.0,-3.0,collision
1785,-4.210177421569824,-0.24134449660778046,-0.00024458536063320935,0.032994870096445084,0.03299443796277046,1.0,0.0,collision
1786,-4.210148334503174,-0.2402888983488083,-0.00024498955463059247,0.03299996629357338,0.03299996629357338,1.0,-3.0,collision
1787,-4.210147857666016,-0.24026775360107422,-0.000250409881118685,0.0006823010626249015,0.0006609412957914174,0.0,-3.0,collision
1788,-4.210147857666016,-0.2402677685022354,-0.00025020044995471835,6.561268492077943e-06,4.6566125888602983e-07,0.0,3.0,collision
1789,-4.210115909576416,-0.23923344910144806,-0.00024482791195623577,0.032338328659534454,0.03233789652585983,1.0,-3.0,collision
1790,-4.210082530975342,-0.23817798495292664,-0.0002451053005643189,0.03299974277615547,0.03299974277615547,1.0,3.0,collision
1791,-4.210082530975342,-0.23815681040287018,-0.0002504999574739486,0.0006828420446254313,0.0006617046310566366,0.0,3.0,collision
1792,-4.210052967071533,-0.23712241649627686,-0.0002453663037158549,0.03233840689063072,0.03233800828456879,1.0,-3.0,collision
1793,-4.210052967071533,-0.23712210357189178,-0.00025052446289919317,0.00016148881695698947,9.778886123967823e-06,0.0,0.0,collision
1794,-4.210021495819092,-0.23608778417110443,-0.00024529692018404603,0.03233785182237625,0.03233743831515312,1.0,3.0,collision
1795,-4.209992408752441,-0.23503220081329346,-0.0002454696223139763,0.03299950063228607,0.03299950063228607,1.0,-3.0,collision
1796,-4.209961414337158,-0.23397664725780487,-0.00024591846158728004,0.033000268042087555,0.033000264316797256,1.0,3.0,collision
1797,-4.2099609375,-0.2339554876089096,-0.00025115362950600684,0.0006813396466895938,0.0006614068406634033,0.0,-3.0,collision
1798,-4.209960460662842,-0.2339555025100708,-0.0002507849712856114,1.8841043129214086e-05,1.4908434422977734e-05,0.0,-3.0,collision
1799,-4.209926605224609,-0.2329212874174118,-0.0002453048946335912,0.03233698382973671,0.032336533069610596,1.0,-3.0,collision
1800,-4.209927082061768,-0.23290012776851654,-0.00025037035811692476,0.0006800857372581959,0.0006614068406634033,0.0,3.0,collision
1801,-4.209893703460693,-0.23186585307121277,-0.00024525896878913045,0.032338306307792664,0.03233790770173073,1.0,3.0,collision
1802,-4.209894180297852,-0.2318655252456665,-0.0002504271105863154,0.00016251360648311675,1.8083013856085017e-05,0.0,0.0,collision
1803,-4.209863185882568,-0.23083117604255676,-0.0002452186308801174,0.032338328659534454,0.032337918877601624,1.0,3.0,collision
1804,-4.209834575653076,-0.2297755628824234,-0.000245406903559342,0.033000025898218155,0.033000025898218155,1.0,-3.0,collision
1805,-4.209835052490234,-0.22975438833236694,-0.0002507511817384511,0.0006826177705079317,0.0006618723855353892,0.0,3.0,collision
1806,-4.209835529327393,-0.22975438833236694,-0.0002504622971173376,1.742248423397541e-05,1.4901160284352954e-05,0.0,3.0,collision
1807,-4.209808826446533,-0.22871993482112885,-0.00024503684835508466,0.03233788162469864,0.03233743831515312,1.0,-3.0,collision
1808,-4.209779739379883,-0.22766432166099548,-0.00024526219931431115,0.03300043195486069,0.03300043195486069,1.0,-3.0,collision
1809,-4.209779739379883,-0.22764314711093903,-0.0002506352902855724,0.0006826760363765061,0.0006617046310566366,0.0,3.0,collision
1810,-4.209778785705566,-0.22764316201210022,-0.00025035988073796034,3.102366463281214e-05,2.9805958547513e-05,0.0,-3.0,collision
1811,-4.209747791290283,-0.22660882771015167,-0.0002449644962325692,0.032337892800569534,0.032337453216314316,1.0,-3.0,collision
1812,-4.209713459014893,-0.22555334866046906,-0.00024520495207980275,0.033001162111759186,0.033001162111759186,1.0,-3.0,collision
1813,-4.2096781730651855,-0.2244979441165924,-0.00024570655659772456,0.03299982100725174,0.03299981728196144,1.0,3.0,collision
1814,-4.209677696228027,-0.22449761629104614,-0.0002510863996576518,0.00016908979159779847,1.8083013856085017e-05,0.0,0.0,collision
1815,-4.209677696228027,-0.22449766099452972,-0.00025064439978450537,1.3882960956834722e-05,1.39698374823638e-06,0.0,3.0,collision
1816,-4.209647178649902,-0.22346332669258118,-0.0002451894397381693,0.03233746066689491,0.0323370136320591,1.0,3.0,collision
1817,-4.20961856842041,-0.22240771353244781,-0.00024537331773899496,0.033000025898218155,0.033000025898218155,1.0,-3.0,collision
1818,-4.209618091583252,-0.22238655388355255,-0.0002507121243979782,0.000682124518789351,0.0006614068406634033,0.0,-3.0,collision
1819,-4.2095842361450195,-0.22135229408740997,-0.00024554695119149983,0.032338328659534454,0.03233793005347252,1.0,-3.0,collision
1820,-4.209583282470703,-0.2213311493396759,-0.0002505670126993209,0.0006797940586693585,0.0006614450248889625,0.0,-3.0,collision
1821,-4.209545612335205,-0.22029702365398407,-0.00024542820756323636,0.032338257879018784,0.03233785927295685,1.0,3.0,collision
1822,-4.209510326385498,-0.21924160420894623,-0.00024558891891501844,0.03300028666853905,0.03300028666853905,1.0,3.0,collision
1823,-4.209510803222656,-0.21922039985656738,-0.0002508870093151927,0.0006831693463027477,0.000662803475279361,0.0,3.0,collision
1824,-4.209480285644531,-0.21818602085113525,-0.0002456869406159967,0.032338812947273254,0.03233840689063072,1.0,3.0,collision
1825,-4.209452152252197,-0.2171303927898407,-0.0002457859518472105,0.03300008922815323,0.03300008922815323,1.0,-3.0,collision
1826,-4.209421157836914,-0.21607482433319092,-0.0002461611875332892,0.03300073370337486,0.033000729978084564,1.0,-3.0,collision
1827,-4.209388256072998,-0.2150193154811859,-0.0002464861609041691,0.03300067037343979,0.03300067037343979,1.0,3.0,collision
1828,-4.209357261657715,-0.21396376192569733,-0.00024672699510119855,0.033000264316797256,0.033000264316797256,1.0,-3.0,collision
1829,-4.209324359893799,-0.21290826797485352,-0.00024693901650607586,0.03300020471215248,0.03300020471215248,1.0,3.0,collision
1830,-4.209324359893799,-0.21288710832595825,-0.0002519701956771314,0.0006796738016419113,0.0006612389697693288,0.0,-3.0,collision
1831,-4.209324836730957,-0.21288710832595825,-0.00025144859682768583,2.20846868614899e-05,1.4901160284352954e-05,0.0,3.0,collision
1832,-4.209324359893799,-0.21288713812828064,-0.0002507112512830645,2.7456289899419062e-05,1.4930235920473933e-05,0.0,-3.0,collision
1833,-4.209291934967041,-0.21185284852981567,-0.00024524220498278737,0.03233787789940834,0.03233742713928223,1.0,3.0,collision
1834,-4.209260940551758,-0.2107972949743271,-0.0002454154018778354,0.033000264316797256,0.033000264316797256,1.0,-3.0,collision
1835,-4.209227561950684,-0.20974178612232208,-0.0002458641829434782,0.033001139760017395,0.0330011360347271,1.0,-3.0,collision
1836,-4.209192752838135,-0.20868636667728424,-0.00024624858633615077,0.03299979120492935,0.03299979120492935,1.0,3.0,collision
1837,-4.209191799163818,-0.20866520702838898,-0.0002514182997401804,0.0006813404033891857,0.0006619102787226439,0.0,-3.0,collision
1838,-4.209157466888428,-0.2076309770345688,-0.00024612367269583046,0.03233791142702103,0.0323374904692173,1.0,3.0,collision
1839,-4.209124565124512,-0.2065753936767578,-0.0002461408148519695,0.03300299495458603,0.03300299495458603,1.0,0.0,collision
1840,-4.2090911865234375,-0.2055199146270752,-0.0002464409626554698,0.03300020843744278,0.03300020471215248,1.0,-3.0,collision
1841,-4.209090709686279,-0.20549876987934113,-0.00025158049538731575,0.000680175784509629,0.0006609412957914174,0.0,-3.0,collision
1842,-4.209090709686279,-0.2054987996816635,-0.00025112685398198664,1.4206852938514203e-05,9.313225177720597e-07,0.0,-3.0,collision
1843,-4.209090232849121,-0.2054988443851471,-0.000250463344855234,2.557190236984752e-05,1.4966500202717725e-05,0.0,-3.0,collision
1844,-4.209089756011963,-0.20549887418746948,-0.0002499179681763053,2.2657812223769724e-05,1.4930235920473933e-05,0.0,-3.0,collision
1845,-4.209089279174805,-0.20549890398979187,-0.00024948103236965835,2.0232406313880347e-05,1.4930235920473933e-05,0.0,-3.0,collision
1846,-4.209043502807617,-0.2044651061296463,-0.00024425744777545333,0.03233825042843819,0.03233783692121506,1.0,3.0,collision
1847,-4.208999156951904,-0.20340994000434875,-0.00024463291629217565,0.033003050833940506,0.03300304710865021,1.0,0.0,collision
1848,-4.208955764770508,-0.20235483348369598,-0.0002452447370160371,0.032999955117702484,0.032999951392412186,1.0,3.0,collision
1849,-4.208914279937744,-0.20129962265491486,-0.00024574348935857415,0.03300081193447113,0.03300080820918083,1.0,3.0,collision
1850,-4.208914756774902,-0.2012992948293686,-0.00025111628929153085,0.00016887095989659429,1.8083013856085017e-05,0.0,0.0,collision
1851,-4.208876132965088,-0.20026521384716034,-0.000245784962316975,0.03233799338340759,0.03233756124973297,1.0,3.0,collision
1852,-4.208838939666748,-0.19920988380908966,-0.00024586045765317976,0.032999537885189056,0.032999537885189056,1.0,-3.0,collision
1853,-4.208799362182617,-0.19815464317798615,-0.0002462204429320991,0.03299945592880249,0.03299945220351219,1.0,-3.0,collision
1854,-4.2087578773498535,-0.1970994472503662,-0.0002465335710439831,0.03300034627318382,0.033000342547893524,1.0,3.0,collision
1855,-4.208719253540039,-0.1960441619157791,-0.0002467749873176217,0.03299974650144577,0.03299974650144577,1.0,3.0,collision
1856,-4.208682060241699,-0.19498883187770844,-0.00024695738102309406,0.032999537885189056,0.032999537885189056,1.0,-3.0,collision
1857,-4.208642959594727,-0.19393354654312134,-0.0002471233019605279,0.033000294119119644,0.033000294119119644,1.0,3.0,collision
1858,-4.208642959594727,-0.19393323361873627,-0.00025221973191946745,0.00015956336574163288,9.778886123967823e-06,0.0,0.0,collision
1859,-4.208642959594727,-0.19393327832221985,-0.00025154068134725094,2.1266261683194898e-05,1.39698374823638e-06,0.0,-3.0,collision
1860,-4.208604335784912,-0.1928992122411728,-0.0002459166862536222,0.03233757242560387,0.03233709558844566,1.0,3.0,collision
1861,-4.208568096160889,-0.19184383749961853,-0.00024596560979261994,0.03299989551305771,0.03299989551305771,1.0,3.0,collision
1862,-4.208568572998047,-0.19182263314723969,-0.00025118753546848893,0.0006825964082963765,0.000662803475279361,0.0,3.0,collision
1863,-4.208536148071289,-0.19078832864761353,-0.0002459161914885044,0.03233831375837326,0.032337892800569534,1.0,-3.0,collision
1864,-4.208535671234131,-0.19076718389987946,-0.0002508614561520517,0.0006787679740227759,0.0006609412957914174,0.0,-3.0,collision
1865,-4.208536148071289,-0.19076718389987946,-0.0002505475713405758,1.783981679182034e-05,1.4901160284352954e-05,0.0,3.0,collision
1866,-4.208500862121582,-0.18973296880722046,-0.0002451047475915402,0.03233847767114639,0.03233802318572998,1.0,-3.0,collision
1867,-4.208462715148926,-0.18867763876914978,-0.0002453165652696043,0.03300059959292412,0.03300059959292412,1.0,-3.0,collision
1868,-4.2084221839904785,-0.18762238323688507,-0.0002457859518472105,0.03300105407834053,0.03300105035305023,1.0,-3.0,collision
1869,-4.20837926864624,-0.18656723201274872,-0.0002461761177983135,0.03300073742866516,0.03300073370337486,1.0,-3.0,collision
1870,-4.208334922790527,-0.18551217019557953,-0.0002464985882397741,0.03299979493021965,0.03299979120492935,1.0,3.0,collision
1871,-4.2082929611206055,-0.18445700407028198,-0.0002467466110829264,0.03300000727176666,0.033000003546476364,1.0,3.0,collision
1872,-4.208252906799316,-0.18340174853801727,-0.00024693491286598146,0.033000484108924866,0.033000484108924866,1.0,-3.0,collision
1873,-4.2082109451293945,-0.18234658241271973,-0.0002471051993779838,0.033000003546476364,0.033000003546476364,1.0,3.0,collision
1874,-4.208209991455078,-0.18232543766498566,-0.0002521030546631664,0.000679634278640151,0.0006614450248889625,0.0,-3.0,collision
1875,-4.2081685066223145,-0.18129166960716248,-0.00024728322750888765,0.03233160451054573,0.03233125060796738,1.0,3.0,collision
1876,-4.208128929138184,-0.18023645877838135,-0.0002470508625265211,0.032998520880937576,0.032998520880937576,1.0,-3.0,collision
1877,-4.208086967468262,-0.179181307554245,-0.00024718226632103324,0.032999537885189056,0.032999537885189056,1.0,3.0,collision
1878,-4.208047866821289,-0.1781260371208191,-0.00024729291908442974,0.032999828457832336,0.032999828457832336,1.0,3.0,collision
1879,-4.208011150360107,-0.17707069218158722,-0.000247381889494136,0.03299948200583458,0.03299948200583458,1.0,3.0,collision
1880,-4.207976818084717,-0.176015242934227,-0.000247453193878755,0.03300023078918457,0.03300023078918457,1.0,3.0,collision
1881,-4.207944869995117,-0.17495973408222198,-0.0002475102955941111,0.03299975395202637,0.03299975395202637,1.0,3.0,collision
1882,-4.20791482925415,-0.17390413582324982,-0.00024755604681558907,0.033000800758600235,0.033000800758600235,1.0,3.0,collision
1883,-4.207916259765625,-0.17388291656970978,-0.0002524745650589466,0.0006821487913839519,0.0006646068068221211,0.0,3.0,collision
1884,-4.207891464233398,-0.1728484183549881,-0.0002469582832418382,0.03233781084418297,0.03233735263347626,1.0,3.0,collision
1885,-4.207891464233398,-0.17282728850841522,-0.0002516839012969285,0.0006766197620891035,0.0006603076471947134,0.0,-3.0,collision
1886,-4.207891941070557,-0.17282730340957642,-0.0002511937345843762,2.1375071810325608e-05,1.4908434422977734e-05,0.0,-3.0,collision
1887,-4.207864761352539,-0.17179284989833832,-0.0002456427610013634,0.03233829513192177,0.03233782947063446,1.0,3.0,collision
1888,-4.2078399658203125,-0.1707371175289154,-0.00024574692361056805,0.03300073370337486,0.03300073370337486,1.0,3.0,collision
1889,-4.207840919494629,-0.17071588337421417,-0.0002510128542780876,0.0006843170849606395,0.000664236256852746,0.0,3.0,collision
1890,-4.207820415496826,-0.16968129575252533,-0.00024577646399848163,0.032337624579668045,0.032337211072444916,1.0,-3.0,collision
1891,-4.207819938659668,-0.16966015100479126,-0.0002507496392354369,0.0006789670442231,0.0006609412957914174,0.0,-3.0,collision
1892,-4.207820892333984,-0.16966013610363007,-0.0002504581934772432,3.1166408007266e-05,2.9805958547513e-05,0.0,3.0,collision
1893,-4.207820415496826,-0.16966015100479126,-0.0002499183756299317,2.2512995201395825e-05,1.4908434422977734e-05,0.0,-3.0,collision
1894,-4.207794189453125,-0.16862568259239197,-0.0002445962745696306,0.03233795240521431,0.03233752399682999,1.0,-3.0,collision
1895,-4.207794666290283,-0.16860449314117432,-0.0002498030662536621,0.0006820313865318894,0.0006623379304073751,0.0,3.0,collision
1896,-4.207767963409424,-0.16757000982761383,-0.00024479450075887144,0.03233874961733818,0.03233836963772774,1.0,-3.0,collision
1897,-4.207767963409424,-0.16756968200206757,-0.00025006671785376966,0.00016507497639395297,1.0244547411275562e-05,0.0,0.0,collision
1898,-4.207767009735107,-0.16756971180438995,-0.0002498048124834895,3.0919774872018024e-05,2.981686884595547e-05,0.0,-3.0,collision
1899,-4.207767486572266,-0.16756972670555115,-0.0002494112413842231,1.93269042938482e-05,1.4908434422977734e-05,0.0,3.0,collision
1900,-4.207738399505615,-0.1665142923593521,-0.00024408976605627686,0.03299526125192642,0.032994844019412994,1.0,0.0,collision
1901,-4.207710266113281,-0.16545866429805756,-0.0002446021244395524,0.03300009295344353,0.03300008922815323,1.0,3.0,collision
1902,-4.207684516906738,-0.16440297663211823,-0.0002452187763992697,0.03300005570054054,0.033000048249959946,1.0,3.0,collision
1903,-4.207661151885986,-0.16334722936153412,-0.0002457226219121367,0.03300018608570099,0.03300018236041069,1.0,3.0,collision
1904,-4.207640647888184,-0.16229142248630524,-0.0002461262047290802,0.03300018608570099,0.03300018608570099,1.0,3.0,collision
1905,-4.207621097564697,-0.16123560070991516,-0.00024643843062222004,0.03300008550286293,0.03300008550286293,1.0,-3.0,collision
1906,-4.207621097564697,-0.1612144559621811,-0.00025157874915748835,0.0006800183327868581,0.0006607733084820211,0.0,-3.0,collision
1907,-4.207596778869629,-0.1601799577474594,-0.0002462408447172493,0.03233742713928223,0.0323369987308979,1.0,-3.0,collision
1908,-4.207569599151611,-0.15912429988384247,-0.0002462400880176574,0.03300023823976517,0.03300023823976517,1.0,-3.0,collision
1909,-4.207540988922119,-0.1580686867237091,-0.00024653522996231914,0.033000025898218155,0.033000025898218155,1.0,3.0,collision
1910,-4.207513809204102,-0.15701301395893097,-0.0002467655867803842,0.033000703901052475,0.033000703901052475,1.0,-3.0,collision
1911,-4.207512855529785,-0.1569918543100357,-0.00025184062542393804,0.0006806449382565916,0.0006619102787226439,0.0,-3.0,collision
1912,-4.207481384277344,-0.15595754981040955,-0.0002464507124386728,0.032337408512830734,0.032336972653865814,1.0,-3.0,collision
1913,-4.207446575164795,-0.15490210056304932,-0.00024640822084620595,0.03300071880221367,0.03300071880221367,1.0,-3.0,collision
1914,-4.207409858703613,-0.15384672582149506,-0.0002466695732437074,0.033000413328409195,0.033000413328409195,1.0,3.0,collision
1915,-4.207409858703613,-0.1538255661725998,-0.000251764984568581,0.0006801409763284028,0.0006612389697693288,0.0,3.0,collision
1916,-4.20737886428833,-0.15279123187065125,-0.00024638979812152684,0.032337889075279236,0.032337453216314316,1.0,3.0,collision
1917,-4.207350254058838,-0.1517356038093567,-0.0002463581331539899,0.03300049155950546,0.03300049155950546,1.0,3.0,collision
1918,-4.207351207733154,-0.15171441435813904,-0.000251501944148913,0.0006820530397817492,0.0006628406117670238,0.0,3.0,collision
1919,-4.207351207733154,-0.15171432495117188,-0.00025105729582719505,1.4173371710057836e-05,2.79396749647276e-06,0.0,0.0,collision
1920,-4.207351207733154,-0.15171436965465546,-0.0002504030126146972,2.0494018826866522e-05,1.39698374823638e-06,0.0,-3.0,collision
1921,-4.207324504852295,-0.15067994594573975,-0.0002449842868372798,0.03233695030212402,0.032336506992578506,1.0,-3.0,collision
1922,-4.207295894622803,-0.1496243178844452,-0.000245230010477826,0.03300049155950546,0.03300049155950546,1.0,3.0,collision
1923,-4.207296371459961,-0.14960312843322754,-0.00025059975450858474,0.0006832641665823758,0.0006623379304073751,0.0,3.0,collision
1924,-4.207271575927734,-0.14856861531734467,-0.0002454461355227977,0.0323382206261158,0.032337818294763565,1.0,-3.0,collision
1925,-4.207272052764893,-0.1485474556684494,-0.0002504973963368684,0.0006799825350753963,0.0006614068406634033,0.0,3.0,collision
1926,-4.207247257232666,-0.14751292765140533,-0.00024535079137422144,0.03233868256211281,0.03233828395605087,1.0,-3.0,collision
1927,-4.207246780395508,-0.14749175310134888,-0.0002504090953152627,0.0006804864387959242,0.0006618723855353892,0.0,-3.0,collision
1928,-4.207217693328857,-0.14645735919475555,-0.0002453018387313932,0.0323379784822464,0.03233758360147476,1.0,3.0,collision
1929,-4.207191467285156,-0.14540165662765503,-0.00024548781220801175,0.0330008827149868,0.0330008827149868,1.0,3.0,collision
1930,-4.207167625427246,-0.14434589445590973,-0.0002459235256537795,0.03300097957253456,0.03300097584724426,1.0,3.0,collision
1931,-4.207167625427246,-0.14434555172920227,-0.000251259480137378,0.0001670921774348244,1.0710208698583301e-05,0.0,0.0,collision
1932,-4.207145690917969,-0.1433110237121582,-0.0002458880189806223,0.032336700707674026,0.032336264848709106,1.0,-3.0,collision
1933,-4.2071213722229,-0.14225530624389648,-0.0002459639508742839,0.0329999215900898,0.0329999215900898,1.0,3.0,collision
1934,-4.207099437713623,-0.14119952917099,-0.00024630461120978,0.0330001525580883,0.0330001525580883,1.0,3.0,collision
1935,-4.207099437713623,-0.14117836952209473,-0.0002514617226552218,0.0006805949378758669,0.0006612389697693288,0.0,-3.0,collision
1936,-4.207099914550781,-0.14117829501628876,-0.00025103642838075757,2.0102275811950676e-05,1.5081963283591904e-05,0.0,0.0,collision
1937,-4.2071003913879395,-0.14117832481861115,-0.0002503972500562668,2.4937633497756906e-05,1.4930235920473933e-05,0.0,3.0,collision
1938,-4.2071003913879395,-0.14117826521396637,-0.00024986034259200096,1.6881431292858906e-05,1.8626450355441193e-06,0.0,0.0,collision
1939,-4.207080841064453,-0.14014369249343872,-0.00024455643142573535,0.03233659267425537,0.03233616426587105,1.0,3.0,collision
1940,-4.207062721252441,-0.13908785581588745,-0.0002448666491545737,0.03299975395202637,0.03299975022673607,1.0,-3.0,collision
1941,-4.207042217254639,-0.13803204894065857,-0.0002454252680763602,0.03300018981099129,0.03300018608570099,1.0,-3.0,collision
1942,-4.207019329071045,-0.13697628676891327,-0.0002458873495925218,0.03300032392144203,0.03300032019615173,1.0,-3.0,collision
1943,-4.20699405670166,-0.13592056930065155,-0.00024625781225040555,0.03300062194466591,0.03300062194466591,1.0,-3.0,collision
1944,-4.20699405670166,-0.13589942455291748,-0.00025144650135189295,0.0006803770666010678,0.0006607733084820211,0.0,3.0,collision
1945,-4.20699405670166,-0.13589945435523987,-0.0002510187914595008,1.3398341252468526e-05,9.313225177720597e-07,0.0,3.0,collision
1946,-4.206971168518066,-0.1348649114370346,-0.0002454822533763945,0.032337840646505356,0.03233737871050835,1.0,-3.0,collision
1947,-4.206945419311523,-0.1338091939687729,-0.0002456186048220843,0.03300097957253456,0.03300097957253456,1.0,-3.0,collision
1948,-4.206945419311523,-0.13378804922103882,-0.00025092007126659155,0.0006812255014665425,0.0006607733084820211,0.0,3.0,collision
1949,-4.206920146942139,-0.13275353610515594,-0.00024570300593040884,0.03233858942985535,0.03233817592263222,1.0,-3.0,collision
1950,-4.206918716430664,-0.1327323615550995,-0.0002506915479898453,0.0006812883075326681,0.0006632130243815482,0.0,-3.0,collision
1951,-4.206888675689697,-0.13169798254966736,-0.00024551694514229894,0.032338377088308334,0.0323379710316658,1.0,-3.0,collision
1952,-4.206855773925781,-0.13064247369766235,-0.0002456609217915684,0.03300067037343979,0.03300067037343979,1.0,-3.0,collision
1953,-4.206820487976074,-0.12958702445030212,-0.0002460623800288886,0.03300121799111366,0.033001214265823364,1.0,-3.0,collision
1954,-4.206782817840576,-0.12853164970874786,-0.00024639745242893696,0.03300146386027336,0.03300146013498306,1.0,-3.0,collision
1955,-4.206742763519287,-0.12747637927532196,-0.00024666619719937444,0.03300094977021217,0.033000946044921875,1.0,-3.0,collision
1956,-4.206742286682129,-0.12745529413223267,-0.0002517729299142957,0.0006781244883313775,0.0006590791745111346,0.0,3.0,collision
1957,-4.206702709197998,-0.12642121315002441,-0.00024638601462356746,0.032339125871658325,0.032338690012693405,1.0,-3.0,collision
1958,-4.206660270690918,-0.12536603212356567,-0.0002463564451318234,0.033001065254211426,0.033001065254211426,1.0,-3.0,collision
1959,-4.2066168785095215,-0.1243109405040741,-0.0002466279547661543,0.03299948573112488,0.03299948200583458,1.0,3.0,collision
1960,-4.206575393676758,-0.12325573712587357,-0.000246849114773795,0.03300057724118233,0.03300057724118233,1.0,3.0,collision
1961,-4.206575393676758,-0.1232554242014885,-0.00025199996889568865,0.00016126094851642847,9.778886123967823e-06,0.0,0.0,collision
1962,-4.206537246704102,-0.12222133576869965,-0.00024649163242429495,0.03233770281076431,0.0323372408747673,1.0,3.0,collision
1963,-4.206501483917236,-0.12116594612598419,-0.0002464358403813094,0.032999854534864426,0.032999854534864426,1.0,3.0,collision
1964,-4.206468105316162,-0.12011045962572098,-0.0002466815058141947,0.03300044313073158,0.03300044313073158,1.0,3.0,collision
1965,-4.206468105316162,-0.12008930742740631,-0.00025176291819661856,0.0006798122194595635,0.000661006139125675,0.0,-3.0,collision
1966,-4.2064690589904785,-0.12008929252624512,-0.00025128290872089565,3.336770896567032e-05,2.9805958547513e-05,0.0,3.0,collision
1967,-4.206436634063721,-0.11905501037836075,-0.00024569383822381496,0.03233766928315163,0.03233719617128372,1.0,-3.0,collision
1968,-4.2064361572265625,-0.11903385818004608,-0.00025066910893656313,0.0006792086060158908,0.0006611740682274103,0.0,-3.0,collision
1969,-4.206435680389404,-0.11903387308120728,-0.0002503825235180557,1.7391595974913798e-05,1.4908434422977734e-05,0.0,-3.0,collision
1970,-4.206396579742432,-0.11799982190132141,-0.0002449821913614869,0.03233763203024864,0.03233719244599342,1.0,-3.0,collision
1971,-4.206354141235352,-0.11694464832544327,-0.0002452188928145915,0.03300083056092262,0.03300083056092262,1.0,-3.0,collision
1972,-4.2063093185424805,-0.11588955670595169,-0.000245707924477756,0.033001355826854706,0.03300135210156441,1.0,-3.0,collision
1973,-4.206262111663818,-0.11483458429574966,-0.0002461137773934752,0.033000875264406204,0.033000875264406204,1.0,-3.0,collision
1974,-4.206212997436523,-0.113779716193676,-0.0002464391873218119,0.033000338822603226,0.033000338822603226,1.0,-3.0,collision
1975,-4.206161022186279,-0.11272495985031128,-0.0002466995210852474,0.0330011285841465,0.0330011285841465,1.0,-3.0,collision
1976,-4.2061076164245605,-0.11167032271623611,-0.000246917043114081,0.032999638468027115,0.032999638468027115,1.0,3.0,collision
1977,-4.206106185913086,-0.11164919286966324,-0.0002519528497941792,0.0006802717107348144,0.0006618191837333143,0.0,-3.0,collision
1978,-4.206106185913086,-0.11164921522140503,-0.0002514345687814057,1.621133560547605e-05,6.9849187411819e-07,0.0,3.0,collision
1979,-4.206105709075928,-0.11164925992488861,-0.0002507001918274909,2.7398276870371774e-05,1.4966500202717725e-05,0.0,-3.0,collision
1980,-4.206105709075928,-0.1116492822766304,-0.00025011724210344255,1.8230564819532447e-05,6.9849187411819e-07,0.0,3.0,collision
1981,-4.206053733825684,-0.11061573028564453,-0.0002447456354275346,0.03233974799513817,0.03233931213617325,1.0,-3.0,collision
1982,-4.206054210662842,-0.11059460043907166,-0.000249922537477687,0.0006800003466196358,0.0006604758091270924,0.0,3.0,collision
1983,-4.2060017585754395,-0.109561026096344,-0.00024488952476531267,0.03234114125370979,0.03234076127409935,1.0,-3.0,collision
1984,-4.206002235412598,-0.10953989624977112,-0.0002500522241462022,0.0006798948743380606,0.0006604758091270924,0.0,3.0,collision
1985,-4.205951690673828,-0.10850632190704346,-0.0002450047177262604,0.03233817592263222,0.032337795943021774,1.0,3.0,collision
1986,-4.205951690673828,-0.108485147356987,-0.00025013272534124553,0.0006808327161706984,0.0006617046310566366,0.0,3.0,collision
1987,-4.205952167510986,-0.1084851324558258,-0.00024995312560349703,1.592989247001242e-05,1.4908434422977734e-05,0.0,3.0,collision
1988,-4.20590877532959,-0.10745122283697128,-0.00024463952286168933,0.03233854100108147,0.03233811631798744,1.0,3.0,collision
1989,-4.205909252166748,-0.10743001848459244,-0.00024982704780995846,0.0006823402363806963,0.000662803475279361,0.0,3.0,collision
1990,-4.20590877532959,-0.10743001848459244,-0.0002496981469448656,1.543601683806628e-05,1.4901160284352954e-05,0.0,-3.0,collision
1991,-4.20590877532959,-0.10743003338575363,-0.0002493193023838103,1.1848046597151551e-05,4.6566125888602983e-07,0.0,-3.0,collision
1992,-4.20586633682251,-0.10639607161283493,-0.00024412889615632594,0.03233891725540161,0.03233850747346878,1.0,3.0,collision
1993,-4.205826282501221,-0.10534080117940903,-0.0002445353602524847,0.03300094977021217,0.033000946044921875,1.0,3.0,collision
1994,-4.205788612365723,-0.10428543388843536,-0.0002451613254379481,0.03300123289227486,0.03300122916698456,1.0,3.0,collision
1995,-4.205753326416016,-0.10322998464107513,-0.00024567669606767595,0.03300121799111366,0.033001214265823364,1.0,3.0,collision
1996,-4.205753326416016,-0.10320883244276047,-0.00025096043827943504,0.0006813169457018375,0.000661006139125675,0.0,-3.0,collision
1997,-4.205754280090332,-0.10320879518985748,-0.00025064116925932467,3.144959555356763e-05,2.9825050660292618e-05,0.0,3.0,collision
1998,-4.205719947814941,-0.10217456519603729,-0.000245180242927745,0.032337937504053116,0.0323374904692173,1.0,-3.0,collision
1999,-4.20568323135376,-0.10111919045448303,-0.0002453766646794975,0.033000413328409195,0.033000413328409195,1.0,-3.0,collision
2000,-4.205683708190918,-0.10109800845384598,-0.0002507269673515111,0.0006828895420767367,0.0006621051579713821,0.0,3.0,collision
2001,-4.205646514892578,-0.10006383061408997,-0.00024554820265620947,0.03233935683965683,0.032338947057724,1.0,-3.0,collision
2002,-4.205645561218262,-0.1000426858663559,-0.00025056779850274324,0.0006797906826250255,0.0006614450248889625,0.0,-3.0,collision
2003,-4.205604553222656,-0.09900868684053421,-0.0002454287896398455,0.03233826905488968,0.032337866723537445,1.0,3.0,collision
2004,-4.205564975738525,-0.09795339405536652,-0.00024557948927395046,0.03300108388066292,0.03300108388066292,1.0,-3.0,collision
2005,-4.205523490905762,-0.09689819067716599,-0.0002459963725414127,0.033000580966472626,0.03300057724118233,1.0,-3.0,collision
2006,-4.205480098724365,-0.09584306925535202,-0.0002463542332407087,0.03300041705369949,0.033000413328409195,1.0,3.0,collision
2007,-4.205479621887207,-0.09582190215587616,-0.000251513731200248,0.0006810018676333129,0.0006616396130993962,0.0,3.0,collision
2008,-4.205441474914551,-0.09478779882192612,-0.000246188894379884,0.032338134944438934,0.03233770653605461,1.0,3.0,collision
2009,-4.205441951751709,-0.09478746354579926,-0.0002511712664272636,0.00015676108887419105,1.8215927411802113e-05,0.0,0.0,collision
2010,-4.205406665802002,-0.09375327825546265,-0.0002458140952512622,0.032337527722120285,0.032337091863155365,1.0,3.0,collision
2011,-4.205373287200928,-0.09269778430461884,-0.00024589337408542633,0.03300067037343979,0.03300067037343979,1.0,3.0,collision
2012,-4.205342769622803,-0.09164220839738846,-0.0002462478296365589,0.03300052881240845,0.03300052881240845,1.0,3.0,collision
2013,-4.205314636230469,-0.09058656543493271,-0.0002465455618221313,0.033000554889440536,0.033000554889440536,1.0,3.0,collision
2014,-4.205288887023926,-0.08953086286783218,-0.00024678450427018106,0.03300051391124725,0.03300051391124725,1.0,3.0,collision
2015,-4.205289363861084,-0.08953052759170532,-0.00025194851332344115,0.0001624001160962507,1.8215927411802113e-05,0.0,0.0,collision
2016,-4.205265998840332,-0.08849601447582245,-0.00024645100347697735,0.032337237149477005,0.032336775213479996,1.0,3.0,collision
2017,-4.205244064331055,-0.08744026720523834,-0.0002463929704390466,0.03299922123551369,0.03299922123551369,1.0,-3.0,collision
2018,-4.2052202224731445,-0.08638451993465424,-0.0002466570877004415,0.03300051391124725,0.033000510185956955,1.0,3.0,collision
2019,-4.205198287963867,-0.08532875776290894,-0.00024686273536644876,0.032999686896800995,0.032999686896800995,1.0,-3.0,collision
2020,-4.205173969268799,-0.08427295833826065,-0.0002470421604812145,0.03300248086452484,0.03300248086452484,1.0,0.0,collision
2021,-4.205150127410889,-0.08321724832057953,-0.00024718730128370225,0.032999347895383835,0.032999347895383835,1.0,3.0,collision
2022,-4.2051286697387695,-0.08216147124767303,-0.00024729769211262465,0.03299984708428383,0.03299984708428383,1.0,3.0,collision
2023,-4.2051286697387695,-0.08214034885168076,-0.00025225631543435156,0.0006780195399187505,0.0006600748165510595,0.0,-3.0,collision
2024,-4.205106258392334,-0.08110582083463669,-0.00024678235058672726,0.032337039709091187,0.032336585223674774,1.0,-3.0,collision
2025,-4.205081939697266,-0.08005010336637497,-0.0002466835139784962,0.0329999215900898,0.0329999215900898,1.0,3.0,collision
2026,-4.205082416534424,-0.0800497829914093,-0.0002518534893169999,0.0001625560544198379,1.7952133930521086e-05,0.0,0.0,collision
2027,-4.20505952835083,-0.07901526242494583,-0.0002463626442477107,0.03233713284134865,0.032336678355932236,1.0,-3.0,collision
2028,-4.205033779144287,-0.0779595822095871,-0.0002463331038597971,0.03299981728196144,0.03299981728196144,1.0,-3.0,collision
2029,-4.205033302307129,-0.07795926928520203,-0.00025158279458992183,0.00016501818026881665,1.7823333109845407e-05,0.0,0.0,collision
2030,-4.205005645751953,-0.0769248679280281,-0.00024614669382572174,0.032337039709091187,0.03233659267425537,1.0,-3.0,collision
2031,-4.204975605010986,-0.07586931437253952,-0.0002461706753820181,0.03299940377473831,0.03299940377473831,1.0,3.0,collision
2032,-4.204946994781494,-0.07481368631124496,-0.0002464599092490971,0.03300049155950546,0.03300049155950546,1.0,-3.0,collision
2033,-4.204916477203369,-0.07375811785459518,-0.0002467145095579326,0.03300029784440994,0.03300029784440994,1.0,-3.0,collision
2034,-4.2048845291137695,-0.07270262390375137,-0.0002469291794113815,0.03299928829073906,0.03299928829073906,1.0,3.0,collision
2035,-4.204883575439453,-0.0726814717054367,-0.0002519624540582299,0.0006801157142035663,0.0006616776809096336,0.0,-3.0,collision
2036,-4.204883098602295,-0.07268150895833969,-0.0002514320658519864,2.2318561605061404e-05,1.4946565897844266e-05,0.0,-3.0,collision
2037,-4.2048492431640625,-0.0716472715139389,-0.00024583397316746414,0.03233770653605461,0.03233722969889641,1.0,3.0,collision
2038,-4.204816818237305,-0.0705917626619339,-0.00024588953237980604,0.03300020843744278,0.03300020843744278,1.0,-3.0,collision
2039,-4.204782485961914,-0.06953630596399307,-0.00024625376681797206,0.03300046548247337,0.03300046548247337,1.0,3.0,collision
2040,-4.204750061035156,-0.06848078966140747,-0.0002465403522364795,0.03300044313073158,0.03300044313073158,1.0,-3.0,collision
2041,-4.204715251922607,-0.06742535531520844,-0.00024677941109985113,0.03300025686621666,0.03300025314092636,1.0,-3.0,collision
2042,-4.204677581787109,-0.06636999547481537,-0.000246971205342561,0.033000994473695755,0.033000994473695755,1.0,-3.0,collision
2043,-4.204676628112793,-0.0663488507270813,-0.00025200567324645817,0.0006798980757594109,0.0006614450248889625,0.0,-3.0,collision
2044,-4.204634666442871,-0.0653148889541626,-0.00024658290203660727,0.03233834356069565,0.03233790025115013,1.0,-3.0,collision
2045,-4.204633712768555,-0.06529375165700912,-0.0002513954241294414,0.0006780998664908111,0.0006612124270759523,0.0,-3.0,collision
2046,-4.2046332359313965,-0.06529377400875092,-0.00025097443722188473,1.9889912437065504e-05,1.491752209403785e-05,0.0,3.0,collision
2047,-4.20458984375,-0.06425990909337997,-0.0002454569039400667,0.03233718127012253,0.03233672305941582,1.0,3.0,collision
2048,-4.20454740524292,-0.06320473551750183,-0.00024558749282732606,0.03300083056092262,0.03300083056092262,1.0,-3.0,collision
2049,-4.204503536224365,-0.06214962899684906,-0.00024601214681752026,0.03300056979060173,0.03300056606531143,1.0,3.0,collision
2050,-4.204462051391602,-0.06109442189335823,-0.000246357056312263,0.03300069645047188,0.03300069272518158,1.0,3.0,collision
2051,-4.20446252822876,-0.06107322871685028,-0.00025151579757221043,0.0006817878456786275,0.000662454345729202,0.0,3.0,collision
2052,-4.20446252822876,-0.06107325106859207,-0.0002510641934350133,1.41299033202813e-05,6.9849187411819e-07,0.0,-3.0,collision
2053,-4.204423427581787,-0.060039203613996506,-0.0002455277426633984,0.03233753889799118,0.03233707696199417,1.0,-3.0,collision
2054,-4.204422950744629,-0.06003887951374054,-0.00025063921930268407,0.00016074656741693616,1.8017315596807748e-05,0.0,0.0,collision
2055,-4.204422473907471,-0.06003892049193382,-0.00025026185903698206,1.9045935914618894e-05,1.495608375989832e-05,0.0,-3.0,collision
2056,-4.204378604888916,-0.05900506675243378,-0.00024488131748512387,0.03233743831515312,0.0323369987308979,1.0,-3.0,collision
2057,-4.204378128051758,-0.0590047612786293,-0.0002501223352737725,0.000164735087309964,1.7696658687782474e-05,0.0,0.0,collision
2058,-4.204378128051758,-0.05900479108095169,-0.0002498583635315299,8.301522939291317e-06,9.313225177720597e-07,0.0,3.0,collision
2059,-4.204334735870361,-0.057970937341451645,-0.0002445596910547465,0.03233679383993149,0.03233637288212776,1.0,3.0,collision
2060,-4.2042927742004395,-0.05691567808389664,-0.00024487453629262745,0.03300291299819946,0.03300291299819946,1.0,0.0,collision
2061,-4.204251289367676,-0.055860426276922226,-0.0002454326313454658,0.0330020934343338,0.0330020897090435,1.0,0.0,collision
2062,-4.204209804534912,-0.05480525270104408,-0.00024589913664385676,0.03299964964389801,0.03299964591860771,1.0,3.0,collision
2063,-4.204170227050781,-0.05375001206994057,-0.0002462572301737964,0.03299945592880249,0.03299945220351219,1.0,-3.0,collision
2064,-4.204128265380859,-0.052694860845804214,-0.00024655292509123683,0.032999541610479355,0.032999537885189056,1.0,-3.0,collision
2065,-4.204127311706543,-0.052673738449811935,-0.00025167109561152756,0.0006798298563808203,0.0006607472896575928,0.0,-3.0,collision
2066,-4.2040815353393555,-0.05163996294140816,-0.00024632623535580933,0.03233756870031357,0.032337140291929245,1.0,3.0,collision
2067,-4.204037189483643,-0.05058489367365837,-0.0002462979464326054,0.033000025898218155,0.033000025898218155,1.0,-3.0,collision
2068,-4.204038143157959,-0.050563741475343704,-0.00025146378902718425,0.0006810857448726892,0.0006616776809096336,0.0,3.0,collision
2069,-4.203993320465088,-0.04952985420823097,-0.0002461375843267888,0.03233975172042847,0.032339323312044144,1.0,-3.0,collision
2070,-4.2039923667907715,-0.049508724361658096,-0.0002510389604140073,0.0006784945726394653,0.000660979887470603,0.0,-3.0,collision
2071,-4.203944206237793,-0.048475030809640884,-0.00024580571334809065,0.032338377088308334,0.032337963581085205,1.0,3.0,collision
2072,-4.2038984298706055,-0.047420013695955276,-0.0002458907838445157,0.03300030529499054,0.03300030529499054,1.0,3.0,collision
2073,-4.203855037689209,-0.046364884823560715,-0.00024624576326459646,0.033000648021698,0.033000648021698,1.0,3.0,collision
2074,-4.203855037689209,-0.04634367674589157,-0.00025142618687823415,0.0006822379073128104,0.000662752368953079,0.0,3.0,collision
2075,-4.2038164138793945,-0.0452885627746582,-0.00024601651239208877,0.0329948253929615,0.03299439698457718,1.0,0.0,collision
2076,-4.203815937042236,-0.04526742547750473,-0.0002510296762920916,0.0006790276383981109,0.0006607085233554244,0.0,-3.0,collision
2077,-4.2038164138793945,-0.04526741802692413,-0.0002506860764697194,1.836824776546564e-05,1.49029792737565e-05,0.0,3.0,collision
2078,-4.20377779006958,-0.04423334822058678,-0.0002452268381603062,0.03233766183257103,0.032337214797735214,1.0,3.0,collision
2079,-4.203741550445557,-0.043177954852581024,-0.000245413655648008,0.03300048038363457,0.03300048038363457,1.0,3.0,collision
2080,-4.203707695007324,-0.04212247207760811,-0.00024586368817836046,0.03300080448389053,0.033000800758600235,1.0,3.0,collision
2081,-4.203675746917725,-0.041066862642765045,-0.0002462328993715346,0.03300290182232857,0.03300289809703827,1.0,0.0,collision
2082,-4.203643798828125,-0.04001127555966377,-0.00024653435684740543,0.03300220146775246,0.03300220146775246,1.0,0.0,collision
2083,-4.203612327575684,-0.03895576298236847,-0.00024678121553733945,0.0329994261264801,0.032999422401189804,1.0,3.0,collision
2084,-4.203612327575684,-0.03893464803695679,-0.000251843681326136,0.0006785420700907707,0.0006598419859074056,0.0,-3.0,collision
2085,-4.203580379486084,-0.0378793366253376,-0.0002463610435370356,0.03299403190612793,0.03299358859658241,1.0,0.0,collision
2086,-4.203547954559326,-0.03682383894920349,-0.0002464346762280911,0.03299986198544502,0.03299986198544502,1.0,3.0,collision
2087,-4.203548431396484,-0.03682352229952812,-0.00025165852275677025,0.00016422227781731635,1.7887470676214434e-05,0.0,0.0,collision
2088,-4.203518390655518,-0.035789214074611664,-0.0002462066477164626,0.03233620896935463,0.032335761934518814,1.0,-3.0,collision
2089,-4.203517913818359,-0.03576809912919998,-0.00025108977570198476,0.0006774212815798819,0.0006600102642551064,0.0,-3.0,collision
2090,-4.203482151031494,-0.03473392128944397,-0.00024583475897088647,0.032337792217731476,0.03233737498521805,1.0,-3.0,collision
2091,-4.203444480895996,-0.033678606152534485,-0.000245924893533811,0.03299959748983383,0.03299959748983383,1.0,3.0,collision
2092,-4.203444004058838,-0.033657465130090714,-0.0002511448983568698,0.0006806609453633428,0.0006608249386772513,0.0,-3.0,collision
2093,-4.20340633392334,-0.03262333571910858,-0.0002459041425026953,0.03233839198946953,0.0323379784822464,1.0,3.0,collision
2094,-4.203370571136475,-0.03156793862581253,-0.00024596022558398545,0.03300008550286293,0.03300008550286293,1.0,-3.0,collision
2095,-4.203370094299316,-0.031546786427497864,-0.0002511820348445326,0.0006810135091654956,0.0006611740682274103,0.0,-3.0,collision
2096,-4.2033305168151855,-0.03051273338496685,-0.00024593426496721804,0.032338231801986694,0.032337818294763565,1.0,3.0,collision
2097,-4.2032928466796875,-0.02945737913250923,-0.0002459945098962635,0.03300081938505173,0.03300081938505173,1.0,3.0,collision
2098,-4.203258037567139,-0.0284019336104393,-0.0002463288838043809,0.033000607043504715,0.033000603318214417,1.0,3.0,collision
2099,-4.2032246589660645,-0.027346450835466385,-0.00024659978225827217,0.03300032764673233,0.03300032764673233,1.0,-3.0,collision
2100,-4.203224182128906,-0.027346542105078697,-0.00024769085575826466,3.73191614926327e-05,1.517166765552247e-05,0.0,-3.0,collision
2101,-4.20318603515625,-0.02631249837577343,-0.00024281545483972877,0.03233620524406433,0.03233584389090538,1.0,-3.0,collision
2102,-4.203186511993408,-0.0262913778424263,-0.0002483796561136842,0.0006826995522715151,0.0006601848290301859,0.0,3.0,collision
2103,-4.203149318695068,-0.025257283821702003,-0.00024366597062908113,0.03233666718006134,0.03233633190393448,1.0,3.0,collision
2104,-4.20314884185791,-0.02523615211248398,-0.00024905172176659107,0.0006816388922743499,0.0006605339585803449,0.0,-3.0,collision
2105,-4.20311164855957,-0.024202007800340652,-0.0002442152763251215,0.032338257879018784,0.03233790025115013,1.0,3.0,collision
2106,-4.203075885772705,-0.023146603256464005,-0.00024460890563204885,0.03300032392144203,0.03300032019615173,1.0,-3.0,collision
2107,-4.203038692474365,-0.022091245278716087,-0.00024523050524294376,0.03300041705369949,0.033000409603118896,1.0,3.0,collision
2108,-4.203003883361816,-0.021035805344581604,-0.0002457322261761874,0.03300043195486069,0.03300042822957039,1.0,3.0,collision
2109,-4.202971458435059,-0.019980287179350853,-0.0002461338590364903,0.03300050273537636,0.03300049901008606,1.0,3.0,collision
2110,-4.202971935272217,-0.01995907351374626,-0.00025133759481832385,0.000682743382640183,0.0006630944553762674,0.0,3.0,collision
2111,-4.202972412109375,-0.019959095865488052,-0.0002509215846657753,1.9787386918324046e-05,1.491752209403785e-05,0.0,-3.0,collision
2112,-4.202942371368408,-0.018924718722701073,-0.0002454252680763602,0.03233836963772774,0.03233791142702103,1.0,3.0,collision
2113,-4.202914237976074,-0.017869088798761368,-0.0002455624344293028,0.033000148832798004,0.033000148832798004,1.0,-3.0,collision
2114,-4.202883720397949,-0.01681351475417614,-0.00024598161689937115,0.03300047293305397,0.03300046920776367,1.0,-3.0,collision
2115,-4.202851295471191,-0.015757933259010315,-0.000246337236603722,0.03300248086452484,0.03300248086452484,1.0,0.0,collision
2116,-4.202850341796875,-0.01573679968714714,-0.00025149460998363793,0.0006804580916650593,0.0006610961281694472,0.0,-3.0,collision
2117,-4.202850818634033,-0.015736816450953484,-0.00025106838438659906,1.9993234673165716e-05,1.4910365280229598e-05,0.0,3.0,collision
2118,-4.202851295471191,-0.015736838802695274,-0.0002504170115571469,2.5236378860427067e-05,1.491752209403785e-05,0.0,3.0,collision
2119,-4.202820301055908,-0.014681470580399036,-0.0002448942977935076,0.03299492597579956,0.03299447521567345,1.0,0.0,collision
2120,-4.202789783477783,-0.013625845313072205,-0.0002452403714414686,0.03300207108259201,0.03300207108259201,1.0,0.0,collision
2121,-4.202759265899658,-0.01257029827684164,-0.00024573475820943713,0.03299963101744652,0.03299962729215622,1.0,3.0,collision
2122,-4.202759742736816,-0.012549124658107758,-0.00025101794744841754,0.0006821249844506383,0.0006618432817049325,0.0,3.0,collision
2123,-4.202733516693115,-0.01151467114686966,-0.0002457814116496593,0.03233747184276581,0.03233705833554268,1.0,-3.0,collision
2124,-4.202705383300781,-0.010459055192768574,-0.0002458825765643269,0.032999712973833084,0.032999712973833084,1.0,3.0,collision
2125,-4.202705383300781,-0.010437908582389355,-0.0002511110214982182,0.0006807306781411171,0.0006608315161429346,0.0,-3.0,collision
2126,-4.202704906463623,-0.01043793000280857,-0.0002507501048967242,1.8700278815231286e-05,1.491618877480505e-05,0.0,-3.0,collision
2127,-4.202705383300781,-0.010437939316034317,-0.0002501724229659885,2.3409918867400847e-05,1.4904002455295995e-05,0.0,3.0,collision
2128,-4.202677249908447,-0.009403531439602375,-0.00024480163119733334,0.03233763203024864,0.03233719617128372,1.0,3.0,collision
2129,-4.202651023864746,-0.008347848430275917,-0.00024506254703737795,0.03300027176737785,0.03300027176737785,1.0,-3.0,collision
2130,-4.202622890472412,-0.007292198948562145,-0.00024559246958233416,0.03300075978040695,0.03300075605511665,1.0,3.0,collision
2131,-4.20262336730957,-0.0072709983214735985,-0.0002509042387828231,0.0006831601494923234,0.0006626870599575341,0.0,3.0,collision
2132,-4.202600002288818,-0.0062154303304851055,-0.000245598959736526,0.03299499675631523,0.032994579523801804,1.0,0.0,collision
2133,-4.202576160430908,-0.005159702617675066,-0.00024581426987424493,0.03299989923834801,0.03299989923834801,1.0,-3.0,collision
2134,-4.202550411224365,-0.004104013089090586,-0.0002461987314745784,0.03300010785460472,0.03300010785460472,1.0,3.0,collision
2135,-4.2025275230407715,-0.003048263257369399,-0.0002465066500008106,0.03299993276596069,0.03299993276596069,1.0,3.0,collision
2136,-4.2025065422058105,-0.0019924594089388847,-0.00024675310123711824,0.03300038352608681,0.03300037980079651,1.0,3.0,collision
2137,-4.202488422393799,-0.0009366092272102833,-0.00024695033789612353,0.03300017490983009,0.03300017490983009,1.0,3.0,collision
2138,-4.202488899230957,-0.0009362853597849607,-0.00025208102306351066,0.00016134259931277484,1.8013226508628577e-05,0.0,0.0,collision
2139,-4.202472686767578,9.836522804107517e-05,-0.0002465569705236703,0.0323372557759285,0.032336797565221786,1.0,3.0,collision
2140,-4.20245885848999,0.0011542451102286577,-0.0002464777498971671,0.03299907594919205,0.03299907594919205,1.0,-3.0,collision
2141,-4.202442646026611,0.0022101281210780144,-0.00024672489962540567,0.03300023451447487,0.03300023078918457,1.0,3.0,collision
2142,-4.202428340911865,0.0032660227734595537,-0.00024691695580258965,0.032999731600284576,0.032999731600284576,1.0,-3.0,collision
2143,-4.202428817749023,0.003287208965048194,-0.0002519731060601771,0.0006808246253058314,0.0006622361252084374,0.0,3.0,collision
2144,-4.202428817749023,0.0032871831208467484,-0.0002514305233489722,1.6974932805169374e-05,8.076312383309414e-07,0.0,-3.0,collision
2145,-4.202413082122803,0.004321837332099676,-0.0002458325179759413,0.03233715519309044,0.032336682081222534,1.0,3.0,collision
2146,-4.202413558959961,0.004343035165220499,-0.0002507810713723302,0.0006804062868468463,0.0006625998066738248,0.0,3.0,collision
2147,-4.202402114868164,0.00537776667624712,-0.00024557652068324387,0.032337743788957596,0.032337337732315063,1.0,-3.0,collision
2148,-4.202387809753418,0.00643368624150753,-0.00024570748792029917,0.033000510185956955,0.033000510185956955,1.0,-3.0,collision
2149,-4.202371597290039,0.007489580195397139,-0.00024610929540358484,0.03300057724118233,0.03300057351589203,1.0,3.0,collision
2150,-4.202372074127197,0.0075107719749212265,-0.00025131722213700414,0.0006821105489507318,0.0006624106899835169,0.0,3.0,collision
2151,-4.202360153198242,0.008545506745576859,-0.00024602105258964,0.03233802691102028,0.03233760595321655,1.0,-3.0,collision
2152,-4.2023468017578125,0.009601425379514694,-0.0002460741379763931,0.03300009295344353,0.03300009295344353,1.0,3.0,collision
2153,-4.202346324920654,0.009622598066926003,-0.00025126413675025105,0.0006813977379351854,0.0006618141778744757,0.0,-3.0,collision
2154,-4.202345848083496,0.009622588753700256,-0.000250872690230608,1.928129313455429e-05,1.4904002455295995e-05,0.0,-3.0,collision
2155,-4.202345848083496,0.009622570127248764,-0.00025025999639183283,1.915552820719313e-05,5.820766091346741e-07,0.0,-3.0,collision
2156,-4.202326774597168,0.010657176375389099,-0.00024487022892571986,0.03233737871050835,0.03233693540096283,1.0,-3.0,collision
2157,-4.202304840087891,0.011712977662682533,-0.00024512852542102337,0.03300091251730919,0.03300090879201889,1.0,-3.0,collision
2158,-4.202280521392822,0.01276873517781496,-0.00024563560145907104,0.03300117701292038,0.03300117328763008,1.0,-3.0,collision
2159,-4.202254772186279,0.013824504800140858,-0.0002460606337990612,0.033002614974975586,0.03300261124968529,1.0,0.0,collision
2160,-4.202253818511963,0.013845665380358696,-0.00025127362459897995,0.0006816905806772411,0.0006619393243454397,0.0,-3.0,collision
2161,-4.202253818511963,0.013845636509358883,-0.00025089160772040486,1.1972070751653519e-05,9.02218687315326e-07,0.0,3.0,collision
2162,-4.2022528648376465,0.013845599256455898,-0.00025026596267707646,3.566218219930306e-05,2.9825050660292618e-05,0.0,-3.0,collision
2163,-4.202252388000488,0.013845566660165787,-0.00024975984706543386,2.1753887267550454e-05,1.4935936633264646e-05,0.0,-3.0,collision
2164,-4.2022223472595215,0.014879928901791573,-0.0002444805286359042,0.032337866723537445,0.03233744576573372,1.0,3.0,collision
2165,-4.202194690704346,0.015935584902763367,-0.000244816328631714,0.03300056979060173,0.03300056606531143,1.0,3.0,collision
2166,-4.202168941497803,0.01699128746986389,-0.0002453755587339401,0.03300051763653755,0.03300051391124725,1.0,-3.0,collision
2167,-4.202168941497803,0.0170124564319849,-0.0002507285389583558,0.0006823524017818272,0.0006615300080738962,0.0,-3.0,collision
2168,-4.2021379470825195,0.018046800047159195,-0.0002455607755109668,0.03233814984560013,0.032337743788957596,1.0,-3.0,collision
2169,-4.2021050453186035,0.019102297723293304,-0.0002457065274938941,0.03300032392144203,0.03300032392144203,1.0,3.0,collision
2170,-4.202075004577637,0.020157882943749428,-0.00024609878892078996,0.0330003947019577,0.033000390976667404,1.0,3.0,collision
2171,-4.202046871185303,0.021213535219430923,-0.0002464261488057673,0.033000845462083817,0.033000845462083817,1.0,3.0,collision
2172,-4.202047824859619,0.02123473957180977,-0.00025157106574624777,0.000682513287756592,0.0006633058073930442,0.0,3.0,collision
2173,-4.202023983001709,0.02226926013827324,-0.00024622396449558437,0.03233778104186058,0.03233734890818596,1.0,-3.0,collision
2174,-4.202023983001709,0.022290417924523354,-0.0002511074999347329,0.0006785646546632051,0.0006611807621084154,0.0,-3.0,collision
2175,-4.201994895935059,0.023324819281697273,-0.0002458492526784539,0.03233823552727699,0.032337818294763565,1.0,-3.0,collision
2176,-4.2019944190979,0.02332514151930809,-0.0002509102341718972,0.00015917493146844208,1.798465928004589e-05,0.0,0.0,collision
2177,-4.201962947845459,0.024359457194805145,-0.0002455945941619575,0.032337747514247894,0.03233732283115387,1.0,-3.0,collision
2178,-4.201929092407227,0.02541491389274597,-0.0002457284717820585,0.03299998492002487,0.03299998492002487,1.0,3.0,collision
2179,-4.201897621154785,0.02647046372294426,-0.0002461159892845899,0.03300059214234352,0.03300058841705322,1.0,3.0,collision
2180,-4.201868534088135,0.027526063844561577,-0.0002464297285769135,0.033000025898218155,0.033000025898218155,1.0,-3.0,collision
2181,-4.201868057250977,0.02754722163081169,-0.00025157202617265284,0.0006805920857004821,0.0006613486912101507,0.0,-3.0,collision
2182,-4.201867580413818,0.027547195553779602,-0.0002511201601009816,2.054521974059753e-05,1.4923427443136461e-05,0.0,-3.0,collision
2183,-4.201831817626953,0.02858138456940651,-0.000245584495132789,0.032338183373212814,0.032337721437215805,1.0,3.0,collision
2184,-4.201798915863037,0.02963687665760517,-0.00024570003733970225,0.033000148832798004,0.033000148832798004,1.0,3.0,collision
2185,-4.201767444610596,0.03069242089986801,-0.00024608225794509053,0.03300041705369949,0.033000413328409195,1.0,-3.0,collision
2186,-4.201733112335205,0.03174789249897003,-0.00024641212075948715,0.03300093486905098,0.03300093114376068,1.0,-3.0,collision
2187,-4.201696872711182,0.03280327841639519,-0.0002466773148626089,0.033000245690345764,0.033000245690345764,1.0,-3.0,collision
2188,-4.201658725738525,0.033858589828014374,-0.000246899580815807,0.03300001844763756,0.03300001844763756,1.0,3.0,collision
2189,-4.20162296295166,0.03491399064660072,-0.0002470674808137119,0.03300020098686218,0.03300020098686218,1.0,3.0,collision
2190,-4.201622486114502,0.03493513911962509,-0.00025207240832969546,0.000679308082908392,0.0006610577111132443,0.0,-3.0,collision
2191,-4.2015862464904785,0.03596929460763931,-0.0002466354926582426,0.03233763948082924,0.03233719617128372,1.0,-3.0,collision
2192,-4.201548099517822,0.037024594843387604,-0.0002465659927111119,0.0329996719956398,0.0329996719956398,1.0,3.0,collision
2193,-4.201511383056641,0.038079969584941864,-0.00024677618057467043,0.033000413328409195,0.033000413328409195,1.0,-3.0,collision
2194,-4.201472759246826,0.03913528099656105,-0.0002469775499776006,0.033000558614730835,0.033000558614730835,1.0,3.0,collision
2195,-4.201473236083984,0.039156462997198105,-0.00025201213429681957,0.0006805411539971828,0.0006621051579713821,0.0,3.0,collision
2196,-4.201473236083984,0.039156459271907806,-0.0002514711522962898,1.6906085875234567e-05,1.1641531472150746e-07,0.0,3.0,collision
2197,-4.201473236083984,0.03915642946958542,-0.00025072877178899944,2.3218075511977077e-05,9.313225177720597e-07,0.0,-3.0,collision
2198,-4.20143985748291,0.040190696716308594,-0.00024525620392523706,0.032338131219148636,0.03233768045902252,1.0,3.0,collision
2199,-4.201408386230469,0.041246235370635986,-0.0002454265777487308,0.03300023823976517,0.03300023823976517,1.0,-3.0,collision
2200,-4.201374530792236,0.042301710695028305,-0.00024587311781942844,0.03300056979060173,0.03300056606531143,1.0,-3.0,collision
2201,-4.20137357711792,0.04232286661863327,-0.0002511268830858171,0.0006818550755269825,0.0006617939798161387,0.0,-3.0,collision
2202,-4.2013349533081055,0.043377991765737534,-0.00024578816373832524,0.03299516439437866,0.032994743436574936,1.0,0.0,collision
2203,-4.201296329498291,0.04443327710032463,-0.0002459663082845509,0.03299974650144577,0.03299974650144577,1.0,-3.0,collision
2204,-4.201295375823975,0.0444544181227684,-0.0002511915226932615,0.0006811891798861325,0.0006613287259824574,0.0,-3.0,collision
2205,-4.20125150680542,0.04548830911517143,-0.00024593083071522415,0.03233858197927475,0.03233816474676132,1.0,-3.0,collision
2206,-4.201205253601074,0.04654338210821152,-0.0002459973038639873,0.03300269693136215,0.03300269693136215,1.0,0.0,collision
2207,-4.201159477233887,0.04759838059544563,-0.0002463367418386042,0.03299972042441368,0.03299972042441368,1.0,3.0,collision
2208,-4.201116561889648,0.0486534908413887,-0.00024661640054546297,0.03299945965409279,0.03299945592880249,1.0,3.0,collision
2209,-4.201075553894043,0.04970870539546013,-0.00024684067466296256,0.033000342547893524,0.033000342547893524,1.0,3.0,collision
2210,-4.2010369300842285,0.05076397955417633,-0.00024700991343706846,0.032999396324157715,0.032999396324157715,1.0,-3.0,collision
2211,-4.200995922088623,0.05181919038295746,-0.00024716529878787696,0.03300022706389427,0.03300022706389427,1.0,3.0,collision
2212,-4.200996398925781,0.051819514483213425,-0.00025225328863598406,0.00016001725452952087,1.8017315596807748e-05,0.0,0.0,collision
2213,-4.200958251953125,0.05285359546542168,-0.0002466946025379002,0.03233747556805611,0.0323370099067688,1.0,3.0,collision
2214,-4.200958728790283,0.05285390838980675,-0.0002515717351343483,0.0001534490002086386,1.7823333109845407e-05,0.0,0.0,collision
2215,-4.200922012329102,0.05388803035020828,-0.0002461228286847472,0.032337117940187454,0.03233667090535164,1.0,-3.0,collision
2216,-4.200883388519287,0.05494331195950508,-0.00024615105940029025,0.03299963101744652,0.03299963101744652,1.0,3.0,collision
2217,-4.2008466720581055,0.05599866434931755,-0.00024644401855766773,0.03299971669912338,0.03299971669912338,1.0,-3.0,collision
2218,-4.200845718383789,0.056019797921180725,-0.00025158270727843046,0.0006803200230933726,0.0006610961281694472,0.0,-3.0,collision
2219,-4.200846195220947,0.05601979047060013,-0.0002511389902792871,2.0356057575554587e-05,1.49029792737565e-05,0.0,3.0,collision
2220,-4.200806140899658,0.057053837925195694,-0.0002455787034705281,0.03233868256211281,0.0323382131755352,1.0,-3.0,collision
2221,-4.200806140899658,0.057054147124290466,-0.0002506797609385103,0.0001597006048541516,9.662470802140888e-06,0.0,0.0,collision
2222,-4.200806140899658,0.05705411732196808,-0.00025030417600646615,1.1773920050472952e-05,9.313225177720597e-07,0.0,3.0,collision
2223,-4.200766086578369,0.05808815360069275,-0.00024490567739121616,0.032338306307792664,0.032337866723537445,1.0,-3.0,collision
2224,-4.200724124908447,0.0591433160007,-0.00024516729172319174,0.03299988806247711,0.03299988433718681,1.0,3.0,collision
2225,-4.200724124908447,0.059164486825466156,-0.0002505495212972164,0.0006826334283687174,0.0006615882157348096,0.0,3.0,collision
2226,-4.200685977935791,0.06019862741231918,-0.0002454058558214456,0.03233926743268967,0.03233887255191803,1.0,-3.0,collision
2227,-4.200645923614502,0.061253875494003296,-0.00024557209690101445,0.033000245690345764,0.033000245690345764,1.0,-3.0,collision
2228,-4.200603008270264,0.062309037894010544,-0.0002459911338519305,0.033001091331243515,0.03300108760595322,1.0,-3.0,collision
2229,-4.200603008270264,0.06233016774058342,-0.0002512327628210187,0.0006803212454542518,0.0006603076471947134,0.0,3.0,collision
2230,-4.2005615234375,0.06336412578821182,-0.0002459640090819448,0.032337602227926254,0.03233718499541283,1.0,3.0,collision
2231,-4.200521945953369,0.06441939622163773,-0.00024600778124295175,0.03300038352608681,0.03300038352608681,1.0,-3.0,collision
2232,-4.200522422790527,0.06444054841995239,-0.00025123171508312225,0.0006810294580645859,0.0006611740682274103,0.0,3.0,collision
2233,-4.200482368469238,0.06547462195158005,-0.0002459520474076271,0.03233944997191429,0.032339029014110565,1.0,-3.0,collision
2234,-4.200440883636475,0.06652981042861938,-0.0002460189862176776,0.03300011157989502,0.03300011157989502,1.0,3.0,collision
2235,-4.200401306152344,0.06758508831262589,-0.0002463388373143971,0.03300062194466591,0.03300061821937561,1.0,-3.0,collision
2236,-4.20035982131958,0.06864029169082642,-0.00024662772193551064,0.03300057724118233,0.03300057724118233,1.0,3.0,collision
2237,-4.200358867645264,0.06866144388914108,-0.0002517213870305568,0.0006805546581745148,0.0006616776809096336,0.0,-3.0,collision
2238,-4.200358867645264,0.06866142153739929,-0.00025123919476754963,1.5084688129718415e-05,6.9849187411819e-07,0.0,-3.0,collision
2239,-4.2003583908081055,0.06866138428449631,-0.00025055318837985396,2.613378455862403e-05,1.4946565897844266e-05,0.0,-3.0,collision
2240,-4.20031213760376,0.06969514489173889,-0.0002451047766953707,0.03233778476715088,0.032337337732315063,1.0,-3.0,collision
2241,-4.20031213760376,0.06969546526670456,-0.00025030042161233723,0.00016267226601485163,1.0011716767621692e-05,0.0,0.0,collision
2242,-4.200311183929443,0.06969542056322098,-0.0002499909605830908,3.1363219022750854e-05,2.98350441880757e-05,0.0,-3.0,collision
2243,-4.200260162353516,0.07072895765304565,-0.0002446646394673735,0.032337792217731476,0.03233736380934715,1.0,-3.0,collision
2244,-4.200259208679199,0.07075008749961853,-0.0002498469257261604,0.0006805299199186265,0.000660979887470603,0.0,-3.0,collision
2245,-4.200203895568848,0.07178343087434769,-0.00024485119502060115,0.03233858570456505,0.032338205724954605,1.0,3.0,collision
2246,-4.200150489807129,0.07283817231655121,-0.00024512241361662745,0.03300289437174797,0.03300289437174797,1.0,0.0,collision
2247,-4.200096607208252,0.07389280200004578,-0.0002456266956869513,0.033000167459249496,0.0330001637339592,1.0,-3.0,collision
2248,-4.200095176696777,0.07391392439603806,-0.0002509297919459641,0.0006820270209573209,0.0006615868769586086,0.0,-3.0,collision
2249,-4.200037002563477,0.07494710385799408,-0.00024572183610871434,0.03233840689063072,0.03233799710869789,1.0,-3.0,collision
2250,-4.199976444244385,0.07600134611129761,-0.00024583531194366515,0.03299937769770622,0.03299937769770622,1.0,3.0,collision
2251,-4.19997501373291,0.07602247595787048,-0.0002510733902454376,0.0006817617104388773,0.0006618191837333143,0.0,-3.0,collision
2252,-4.19997501373291,0.0760224461555481,-0.00025072021526284516,1.1075941984017845e-05,9.313225177720597e-07,0.0,-3.0,collision
2253,-4.19997501373291,0.0760224387049675,-0.00025014844140969217,1.7869449948193505e-05,2.3283062944301491e-07,0.0,3.0,collision
2254,-4.199913024902344,0.07705546915531158,-0.0002447711303830147,0.032340701669454575,0.03234026953577995,1.0,-3.0,collision
2255,-4.199849605560303,0.07810957729816437,-0.0002450595493428409,0.03300044313073158,0.03300044313073158,1.0,3.0,collision
2256,-4.199788570404053,0.07916384190320969,-0.00024558056611567736,0.03300093486905098,0.03300093486905098,1.0,3.0,collision
2257,-4.199788570404053,0.07916418462991714,-0.0002509852929506451,0.0001692369405645877,1.0710208698583301e-05,0.0,0.0,collision
2258,-4.19973087310791,0.08019737899303436,-0.00024567992659285665,0.03233805298805237,0.032337628304958344,1.0,3.0,collision
2259,-4.1996750831604,0.08125191181898117,-0.00024578694137744606,0.03300023451447487,0.03300023451447487,1.0,3.0,collision
2260,-4.199675559997559,0.08125225454568863,-0.0002511361090000719,0.00016816573042888194,1.8350834579905495e-05,0.0,0.0,collision
2261,-4.199621200561523,0.08228563517332077,-0.0002457881928421557,0.0323382243514061,0.032337792217731476,1.0,-3.0,collision
2262,-4.1995649337768555,0.0833401307463646,-0.0002458844392094761,0.03299986571073532,0.03299986571073532,1.0,3.0,collision
2263,-4.199510097503662,0.08439472317695618,-0.0002462308038957417,0.033000536262989044,0.033000532537698746,1.0,-3.0,collision
2264,-4.199510097503662,0.08439503610134125,-0.00025151472073048353,0.00016541169316042215,9.778886123967823e-06,0.0,0.0,collision
2265,-4.1994524002075195,0.08542828261852264,-0.0002460924442857504,0.03233969956636429,0.03233925625681877,1.0,-3.0,collision
2266,-4.199451446533203,0.08544937521219254,-0.0002509992045816034,0.000677399686537683,0.0006598168984055519,0.0,-3.0,collision
2267,-4.199451446533203,0.08544936031103134,-0.00025065738009288907,1.0692159776226617e-05,4.6566125888602983e-07,0.0,3.0,collision
2268,-4.199392795562744,0.08648248761892319,-0.00024520335136912763,0.03233766183257103,0.032337211072444916,1.0,3.0,collision
2269,-4.199336528778076,0.08753698319196701,-0.0002453946217428893,0.03299986571073532,0.03299986571073532,1.0,3.0,collision
2270,-4.199281692504883,0.0885915756225586,-0.0002458380477037281,0.033000536262989044,0.033000532537698746,1.0,-3.0,collision
2271,-4.199282646179199,0.08861274272203445,-0.0002511103230062872,0.0006823331350460649,0.0006621428765356541,0.0,3.0,collision
2272,-4.199282169342041,0.08861272037029266,-0.0002507400931790471,1.8878296032198705e-05,1.491752209403785e-05,0.0,-3.0,collision
2273,-4.199225902557373,0.08964598178863525,-0.0002452684857416898,0.03233770653605461,0.0323372557759285,1.0,-3.0,collision
2274,-4.1991658210754395,0.09070031344890594,-0.00024544791085645556,0.03300131484866142,0.03300131484866142,1.0,-3.0,collision
2275,-4.199103832244873,0.0917545035481453,-0.0002458910457789898,0.03300034627318382,0.033000342547893524,1.0,-3.0,collision
2276,-4.199038982391357,0.0928085520863533,-0.000246260198764503,0.03300129622220993,0.03300129622220993,1.0,-3.0,collision
2277,-4.198972225189209,0.09386245161294937,-0.00024655627203173935,0.033000364899635315,0.033000364899635315,1.0,-3.0,collision
2278,-4.198902606964111,0.0949162021279335,-0.0002467931481078267,0.03300148993730545,0.03300148993730545,1.0,-3.0,collision
2279,-4.1989006996154785,0.0949372798204422,-0.0002518636465538293,0.0006800857372581959,0.0006613692385144532,0.0,-3.0,collision
2280,-4.19882869720459,0.09596957266330719,-0.00024647993268445134,0.032337963581085205,0.032337527722120285,1.0,3.0,collision
2281,-4.198758125305176,0.09702321141958237,-0.00024643054348416626,0.03299998492002487,0.03299998492002487,1.0,3.0,collision
2282,-4.198689937591553,0.09807704389095306,-0.0002466771984472871,0.0330011285841465,0.0330011285841465,1.0,3.0,collision
2283,-4.198624610900879,0.0991310253739357,-0.00024688863777555525,0.03300012648105621,0.03300012648105621,1.0,3.0,collision
2284,-4.1986236572265625,0.09915215522050858,-0.00025192933389917016,0.0006794906221330166,0.000660979887470603,0.0,-3.0,collision
2285,-4.198559284210205,0.10018497705459595,-0.00024653246509842575,0.03233875334262848,0.03233831375837326,1.0,3.0,collision
2286,-4.198496341705322,0.10123911499977112,-0.0002464732388034463,0.03300048038363457,0.03300048038363457,1.0,3.0,collision
2287,-4.198435306549072,0.1022934541106224,-0.00024670641869306564,0.03300325945019722,0.03300325945019722,1.0,0.0,collision
2288,-4.1983747482299805,0.10334771126508713,-0.00024691782891750336,0.03299984335899353,0.03299984335899353,1.0,3.0,collision
2289,-4.198315620422363,0.10440205037593842,-0.0002470717008691281,0.03299986571073532,0.03299986571073532,1.0,-3.0,collision
2290,-4.198317050933838,0.10442323237657547,-0.00025209737941622734,0.0006817808607593179,0.0006634452729485929,0.0,3.0,collision
2291,-4.1982574462890625,0.1054563894867897,-0.00024664466036483645,0.032340291887521744,0.03233984485268593,1.0,-3.0,collision
2292,-4.198195934295654,0.10651061683893204,-0.0002465733850840479,0.0330006368458271,0.0330006368458271,1.0,3.0,collision
2293,-4.198137283325195,0.10756499320268631,-0.00024679210036993027,0.033000193536281586,0.033000193536281586,1.0,3.0,collision
2294,-4.198080539703369,0.1086195558309555,-0.0002469753962941468,0.03300275281071663,0.03300275281071663,1.0,0.0,collision
2295,-4.198080062866211,0.10864066332578659,-0.00025200413074344397,0.0006782343261875212,0.0006597774918191135,0.0,-3.0,collision
2296,-4.198080062866211,0.1086406260728836,-0.0002514651569072157,1.688311567704659e-05,1.1641532182693481e-06,0.0,-3.0,collision
2297,-4.198018550872803,0.10969463735818863,-0.00024575775023549795,0.03299437835812569,0.03299389407038689,1.0,0.0,collision
2298,-4.1979570388793945,0.11074884980916977,-0.00024593734997324646,0.033000171184539795,0.033000171184539795,1.0,3.0,collision
2299,-4.1978983879089355,0.11180321127176285,-0.00024628674145787954,0.032999731600284576,0.032999731600284576,1.0,3.0,collision
2300,-4.197842121124268,0.11285771429538727,-0.00024657679023221135,0.033000096678733826,0.033000096678733826,1.0,3.0,collision
2301,-4.197787761688232,0.11391233652830124,-0.0002468093589413911,0.03300069272518158,0.03300069272518158,1.0,3.0,collision
2302,-4.1977362632751465,0.11496707797050476,-0.0002469954779371619,0.03299993276596069,0.03299993276596069,1.0,3.0,collision
2303,-4.197686672210693,0.11602193862199783,-0.00024714437313377857,0.033000800758600235,0.033000800758600235,1.0,3.0,collision
2304,-4.1976399421691895,0.11707690358161926,-0.0002472634660080075,0.03299998119473457,0.03299998119473457,1.0,3.0,collision
2305,-4.197595119476318,0.11813196539878845,-0.00024735878105275333,0.03300042077898979,0.03300042077898979,1.0,3.0,collision
2306,-4.19755220413208,0.11918706446886063,-0.0002474239154253155,0.032999105751514435,0.032999105751514435,1.0,-3.0,collision
2307,-4.197506427764893,0.1202421635389328,-0.00024749088333919644,0.033002860844135284,0.033002860844135284,1.0,0.0,collision
2308,-4.197460651397705,0.12129714339971542,-0.0002475356450304389,0.03299913927912712,0.03299913927912712,1.0,-3.0,collision
2309,-4.197412490844727,0.12235201895236969,-0.0002475754008628428,0.032999198883771896,0.032999198883771896,1.0,-3.0,collision
2310,-4.197361469268799,0.123406782746315,-0.0002476076188031584,0.032999906688928604,0.032999906688928604,1.0,-3.0,collision
2311,-4.197308540344238,0.12446144968271255,-0.00024764350382611156,0.03299981728196144,0.03299981728196144,1.0,3.0,collision
2312,-4.197308540344238,0.12448260933160782,-0.0002525443269405514,0.0006787430611439049,0.0006612389697693288,0.0,3.0,collision
2313,-4.197261333465576,0.12551632523536682,-0.00024701355141587555,0.032337747514247894,0.032337289303541183,1.0,3.0,collision
2314,-4.197260856628418,0.1255374401807785,-0.0002517283137422055,0.000676255498547107,0.0006600102642551064,0.0,-3.0,collision
2315,-4.197260856628418,0.12553741037845612,-0.00025122970691882074,1.5609270121785812e-05,9.313225177720597e-07,0.0,-3.0,collision
2316,-4.197261333465576,0.1255374252796173,-0.00025055528385564685,2.5815641492954455e-05,1.4908434422977734e-05,0.0,3.0,collision
2317,-4.197260856628418,0.12553739547729492,-0.00024998202570714056,2.332026451767888e-05,1.4930235920473933e-05,0.0,-3.0,collision
2318,-4.197260856628418,0.12553736567497253,-0.00024953176034614444,1.4101579836278688e-05,9.313225177720597e-07,0.0,-3.0,collision
2319,-4.197261333465576,0.12553738057613373,-0.0002491825434844941,1.8475810065865517e-05,1.4908434422977734e-05,0.0,3.0,collision
2320,-4.197211742401123,0.12657101452350616,-0.000244008784648031,0.032338619232177734,0.0323382131755352,1.0,3.0,collision
2321,-4.197165012359619,0.1276259869337082,-0.00024443870643153787,0.033000215888023376,0.03300021216273308,1.0,3.0,collision
2322,-4.197119235992432,0.1286810338497162,-0.00024507351918146014,0.033001240342855453,0.03300123289227486,1.0,-3.0,collision
2323,-4.197071552276611,0.12973597645759583,-0.0002456054207868874,0.03300061821937561,0.03300061449408531,1.0,-3.0,collision
2324,-4.197070598602295,0.1297571063041687,-0.00025091366842389107,0.0006814774824306369,0.000660979887470603,0.0,-3.0,collision
2325,-4.197019100189209,0.13079063594341278,-0.0002457202353980392,0.032338276505470276,0.032337866723537445,1.0,3.0,collision
2326,-4.196969032287598,0.13184545934200287,-0.0002458132803440094,0.033000338822603226,0.033000338822603226,1.0,-3.0,collision
2327,-4.196915626525879,0.13287876546382904,-0.00024215113080572337,0.03233411908149719,0.03233391419053078,1.0,-3.0,collision
2328,-4.196861267089844,0.13393330574035645,-0.00024296430638059974,0.03299814835190773,0.032998137176036835,1.0,3.0,collision
2329,-4.196808338165283,0.1349879652261734,-0.00024389488680753857,0.03299959748983383,0.032999586313962936,1.0,-3.0,collision
2330,-4.196806907653809,0.1350090652704239,-0.0002495453809387982,0.0006840726127848029,0.0006608899566344917,0.0,-3.0,collision
2331,-4.196749687194824,0.13606330752372742,-0.00024452261277474463,0.03299393504858017,0.032993558794260025,1.0,0.0,collision
2332,-4.196692943572998,0.13711774349212646,-0.0002449641760904342,0.03299880400300026,0.03299880027770996,1.0,3.0,collision
2333,-4.1966376304626465,0.13817229866981506,-0.00024549910449422896,0.0330001525580883,0.033000148832798004,1.0,-3.0,collision
2334,-4.196638584136963,0.13819342851638794,-0.00025083968648687005,0.0006817240500822663,0.000660979887470603,0.0,3.0,collision
2335,-4.196584701538086,0.13922680914402008,-0.00024564951309002936,0.03233741596341133,0.0323370136320591,1.0,3.0,collision
2336,-4.196532249450684,0.14028149843215942,-0.00024575614952482283,0.03299977257847786,0.03299977257847786,1.0,-3.0,collision
2337,-4.196477890014648,0.1413361132144928,-0.00024614785797894,0.03300046548247337,0.033000461757183075,1.0,3.0,collision
2338,-4.196425437927246,0.14239081740379333,-0.0002464556891936809,0.03300023823976517,0.03300023823976517,1.0,-3.0,collision
2339,-4.196425437927246,0.1423911303281784,-0.00025169525179080665,0.00016402806795667857,9.778886123967823e-06,0.0,0.0,collision
2340,-4.196424961090088,0.14239107072353363,-0.0002511218481231481,2.3379472622764297e-05,1.501712449680781e-05,0.0,-3.0,collision
2341,-4.19642448425293,0.14239101111888885,-0.00025045505026355386,2.568487252574414e-05,1.501712449680781e-05,0.0,-3.0,collision
2342,-4.196366786956787,0.14342419803142548,-0.0002450372849125415,0.03233783692121506,0.03233739361166954,1.0,3.0,collision
2343,-4.196366786956787,0.14344535768032074,-0.000250144861638546,0.0006802300340496004,0.0006612389697693288,0.0,3.0,collision
2344,-4.196366786956787,0.1434454470872879,-0.0002499571128282696,6.498438324342715e-06,2.79396749647276e-06,0.0,0.0,collision
2345,-4.196366786956787,0.14344540238380432,-0.00024952238891273737,1.3656760529556777e-05,1.39698374823638e-06,0.0,-3.0,collision
2346,-4.196310520172119,0.1444786787033081,-0.00024427962489426136,0.03233813866972923,0.032337721437215805,1.0,-3.0,collision
2347,-4.196310520172119,0.14447899162769318,-0.0002496408415026963,0.00016782314924057573,9.778886123967823e-06,0.0,0.0,collision
2348,-4.196252822875977,0.1455121636390686,-0.00024458911502733827,0.03233731538057327,0.03233692795038223,1.0,3.0,collision
2349,-4.196197032928467,0.14656668901443481,-0.0002449135936331004,0.033000003546476364,0.033000003546476364,1.0,3.0,collision
2350,-4.196142673492432,0.14762131869792938,-0.0002454538771416992,0.03300093486905098,0.03300092741847038,1.0,-3.0,collision
2351,-4.196141719818115,0.14764243364334106,-0.0002507912286091596,0.0006812483188696206,0.0006605146918445826,0.0,-3.0,collision
2352,-4.196084499359131,0.14867565035820007,-0.00024562221369706094,0.03233790025115013,0.0323374979197979,1.0,3.0,collision
2353,-4.196084499359131,0.14869683980941772,-0.00025062798522412777,0.0006803969154134393,0.0006621702923439443,0.0,3.0,collision
2354,-4.196084976196289,0.14869685471057892,-0.0002503494906704873,1.726275877445005e-05,1.4908434422977734e-05,0.0,3.0,collision
2355,-4.1960344314575195,0.14973044395446777,-0.0002449567837174982,0.032338697463274,0.03233826160430908,1.0,3.0,collision
2356,-4.196034908294678,0.14975164830684662,-0.0002500808041077107,0.0006818714900873601,0.000662803475279361,0.0,3.0,collision
2357,-4.195989608764648,0.15078547596931458,-0.00024502724409103394,0.032338496297597885,0.032338112592697144,1.0,3.0,collision
2358,-4.195946216583252,0.15184062719345093,-0.00024526804918423295,0.03300134465098381,0.03300134465098381,1.0,3.0,collision
2359,-4.1959052085876465,0.15289592742919922,-0.00024574258713983,0.03300302475690842,0.03300302103161812,1.0,0.0,collision
2360,-4.195864200592041,0.15395115315914154,-0.00024614710127934813,0.03300069272518158,0.03300069272518158,1.0,3.0,collision
2361,-4.195864200592041,0.15397228300571442,-0.0002513367508072406,0.0006799319526180625,0.0006603076471947134,0.0,-3.0,collision
2362,-4.195822715759277,0.15500622987747192,-0.0002460464311297983,0.0323372557759285,0.03233683481812477,1.0,-3.0,collision
2363,-4.195778846740723,0.1560613214969635,-0.00024609509273432195,0.033000100404024124,0.033000100404024124,1.0,3.0,collision
2364,-4.195736408233643,0.15711648762226105,-0.0002463994605932385,0.03300059959292412,0.03300059959292412,1.0,-3.0,collision
2365,-4.19569206237793,0.15817154943943024,-0.00024666590616106987,0.03299979493021965,0.03299979120492935,1.0,-3.0,collision
2366,-4.1956915855407715,0.1581718623638153,-0.00025186367565765977,0.00016340523143298924,1.7823333109845407e-05,0.0,0.0,collision
2367,-4.195643901824951,0.1592056006193161,-0.0002463719283696264,0.03233912214636803,0.032338667660951614,1.0,-3.0,collision
2368,-4.195594787597656,0.16026043891906738,-0.0002463510900270194,0.03299940750002861,0.03299940750002861,1.0,3.0,collision
2369,-4.195594787597656,0.16028159856796265,-0.0002514963271096349,0.0006805072189308703,0.0006612389697693288,0.0,3.0,collision
2370,-4.195549488067627,0.161315456032753,-0.00024616331211291254,0.03233947232365608,0.03233904391527176,1.0,-3.0,collision
2371,-4.195502281188965,0.16237041354179382,-0.00024618805036880076,0.033000409603118896,0.033000409603118896,1.0,3.0,collision
2372,-4.195457935333252,0.1634254902601242,-0.0002464838034939021,0.03300025686621666,0.03300025686621666,1.0,3.0,collision
2373,-4.19541597366333,0.16448067128658295,-0.0002467340091243386,0.03300047293305397,0.03300046920776367,1.0,3.0,collision
2374,-4.195376873016357,0.16553595662117004,-0.0002469349419698119,0.033000294119119644,0.033000294119119644,1.0,3.0,collision
2375,-4.195339202880859,0.16659137606620789,-0.0002470903564244509,0.033002857118844986,0.033002857118844986,1.0,0.0,collision
2376,-4.195340156555176,0.16661256551742554,-0.0002521077694837004,0.0006811329512856901,0.0006628406117670238,0.0,3.0,collision
2377,-4.195305347442627,0.16766779124736786,-0.0002465620927978307,0.03299419581890106,0.03299373760819435,1.0,0.0,collision
2378,-4.195305824279785,0.16768896579742432,-0.0002514774678274989,0.0006794627988711,0.0006618723855353892,0.0,3.0,collision
2379,-4.195273399353027,0.1687442660331726,-0.00024604718782939017,0.03299413248896599,0.03299369290471077,1.0,0.0,collision
2380,-4.195240020751953,0.16979973018169403,-0.00024617218878120184,0.03299974277615547,0.03299974277615547,1.0,-3.0,collision
2381,-4.195204734802246,0.17085511982440948,-0.00024647454847581685,0.03299935534596443,0.03299935162067413,1.0,-3.0,collision
2382,-4.195167064666748,0.17191043496131897,-0.0002467368612997234,0.03299960121512413,0.03299959748983383,1.0,3.0,collision
2383,-4.195131778717041,0.17296592891216278,-0.0002469323226250708,0.03300261124968529,0.03300261124968529,1.0,0.0,collision
2384,-4.195096969604492,0.1740213930606842,-0.0002470937615726143,0.03300118446350098,0.03300118446350098,1.0,0.0,collision
2385,-4.195061206817627,0.17507676780223846,-0.00024721812224015594,0.032999392598867416,0.032999392598867416,1.0,-3.0,collision
2386,-4.1950602531433105,0.17509788274765015,-0.0002522026188671589,0.0006786328740417957,0.0006605146918445826,0.0,-3.0,collision
2387,-4.1950201988220215,0.17613187432289124,-0.0002467402955517173,0.032336920499801636,0.03233646601438522,1.0,-3.0,collision
2388,-4.195019245147705,0.17615298926830292,-0.0002515210653655231,0.000677199917845428,0.0006605146918445826,0.0,-3.0,collision
2389,-4.194974899291992,0.17718683183193207,-0.0002461914555169642,0.03233771398663521,0.032337285578250885,1.0,3.0,collision
2390,-4.194932460784912,0.17824199795722961,-0.00024619922623969615,0.03300059959292412,0.03300059959292412,1.0,3.0,collision
2391,-4.194892406463623,0.17929723858833313,-0.0002464822609908879,0.03300001844763756,0.03300001844763756,1.0,-3.0,collision
2392,-4.194892883300781,0.1793183982372284,-0.0002516251115594059,0.000680652679875493,0.0006614068406634033,0.0,3.0,collision
2393,-4.194852352142334,0.18035243451595306,-0.00024626741651445627,0.03233888000249863,0.032338447868824005,1.0,-3.0,collision
2394,-4.194852828979492,0.18037357926368713,-0.00025115421158261597,0.0006783542921766639,0.0006609412957914174,0.0,3.0,collision
2395,-4.194812774658203,0.18142864108085632,-0.0002457844384480268,0.03299485892057419,0.032994434237480164,1.0,0.0,collision
2396,-4.194813251495361,0.1814498007297516,-0.0002508549077901989,0.0006801221752539277,0.0006614068406634033,0.0,3.0,collision
2397,-4.1947760581970215,0.18248392641544342,-0.0002456512884236872,0.0323377288877964,0.03233731910586357,1.0,3.0,collision
2398,-4.194741725921631,0.18353937566280365,-0.00024576703435741365,0.03300023078918457,0.03300023078918457,1.0,3.0,collision
2399,-4.194742202758789,0.1835397183895111,-0.00025112033472396433,0.0001682941074250266,1.8350834579905495e-05,0.0,0.0,collision
2400,-4.1947102546691895,0.18457400798797607,-0.00024578740703873336,0.03233739361166954,0.03233696147799492,1.0,3.0,collision
2401,-4.194680213928223,0.18562957644462585,-0.00024586240760982037,0.03299986943602562,0.03299986943602562,1.0,-3.0,collision
2402,-4.1946797370910645,0.18565072119235992,-0.00025110345450229943,0.000680931902024895,0.0006609412957914174,0.0,-3.0,collision
2403,-4.194680213928223,0.18565072119235992,-0.00025075505254790187,1.8454906239639968e-05,1.4901160284352954e-05,0.0,3.0,collision
2404,-4.194648265838623,0.1866850107908249,-0.0002452825428918004,0.03233741223812103,0.03233696147799492,1.0,3.0,collision
2405,-4.194647789001465,0.18670615553855896,-0.00025032981648109853,0.0006795008084736764,0.0006609412957914174,0.0,-3.0,collision
2406,-4.194648742675781,0.18670618534088135,-0.0002501212293282151,3.052105239476077e-05,2.981686884595547e-05,0.0,3.0,collision
2407,-4.194648265838623,0.18670617043972015,-0.0002496488159522414,2.098106597259175e-05,1.4908434422977734e-05,0.0,-3.0,collision
2408,-4.194615840911865,0.18776148557662964,-0.000244289287365973,0.0329945869743824,0.03299415856599808,1.0,0.0,collision
2409,-4.194582939147949,0.18881697952747345,-0.0002447519509587437,0.03300020843744278,0.03300020471215248,1.0,-3.0,collision
2410,-4.1945481300354,0.18987242877483368,-0.0002453484630677849,0.033000726252794266,0.03300071880221367,1.0,3.0,collision
2411,-4.194516181945801,0.19092793762683868,-0.00024582663900218904,0.032999757677316666,0.03299975395202637,1.0,3.0,collision
2412,-4.194485664367676,0.19198350608348846,-0.00024619902251288295,0.03300029784440994,0.03300029784440994,1.0,-3.0,collision
2413,-4.19445276260376,0.19303900003433228,-0.00024650630075484514,0.03300020471215248,0.03300020471215248,1.0,-3.0,collision
2414,-4.194417953491211,0.1940944343805313,-0.0002467628801241517,0.03300025686621666,0.03300025314092636,1.0,3.0,collision
2415,-4.194385051727295,0.19514991343021393,-0.000246948329731822,0.03299973905086517,0.03299973905086517,1.0,-3.0,collision
2416,-4.194350242614746,0.19620534777641296,-0.00024711599689908326,0.03300025314092636,0.03300025314092636,1.0,3.0,collision
2417,-4.19431734085083,0.19726082682609558,-0.00024723069509491324,0.03299973905086517,0.03299973905086517,1.0,-3.0,collision
2418,-4.194282531738281,0.19831626117229462,-0.0002473417844157666,0.03300025314092636,0.03300025314092636,1.0,3.0,collision
2419,-4.194282054901123,0.1983374059200287,-0.00025229217135347426,0.0006788044120185077,0.0006609412957914174,0.0,-3.0,collision
2420,-4.194246768951416,0.1993715912103653,-0.0002468113671056926,0.032337550073862076,0.032337091863155365,1.0,-3.0,collision
2421,-4.194246292114258,0.19939273595809937,-0.000251577643211931,0.0006775163346901536,0.0006609412957914174,0.0,-3.0,collision
2422,-4.1942057609558105,0.20042675733566284,-0.00024622559431008995,0.03233841434121132,0.0323379822075367,1.0,-3.0,collision
2423,-4.194206237792969,0.2004479020833969,-0.00025112033472396433,0.0006784101715311408,0.0006609412957914174,0.0,3.0,collision
2424,-4.194205284118652,0.20044787228107452,-0.0002507337194401771,3.217162884538993e-05,2.981686884595547e-05,0.0,-3.0,collision
2425,-4.194163799285889,0.20148183405399323,-0.0002452739863656461,0.032337747514247894,0.03233730047941208,1.0,3.0,collision
2426,-4.194124221801758,0.20253710448741913,-0.00024545154883526266,0.03300038352608681,0.03300038352608681,1.0,3.0,collision
2427,-4.194086074829102,0.203592449426651,-0.00024588359519839287,0.033001068979501724,0.033001065254211426,1.0,-3.0,collision
2428,-4.194087028503418,0.20361363887786865,-0.0002511465281713754,0.0006829399499110878,0.0006628406117670238,0.0,3.0,collision
2429,-4.194048881530762,0.20464776456356049,-0.00024588455562479794,0.03233882412314415,0.03233840689063072,1.0,-3.0,collision
2430,-4.194047927856445,0.20466892421245575,-0.0002508365723770112,0.0006797594833187759,0.0006619102787226439,0.0,-3.0,collision
2431,-4.194005489349365,0.20570285618305206,-0.00024563263286836445,0.032337989658117294,0.032337576150894165,1.0,-3.0,collision
2432,-4.194005012512207,0.20570318400859833,-0.000250737153692171,0.0001605379511602223,1.8083013856085017e-05,0.0,0.0,collision
2433,-4.193960666656494,0.20673701167106628,-0.0002454669738654047,0.0323372408747673,0.03233681991696358,1.0,3.0,collision
2434,-4.193917751312256,0.20779214799404144,-0.0002456056827213615,0.03300027176737785,0.03300027176737785,1.0,-3.0,collision
2435,-4.193918228149414,0.2078133076429367,-0.0002509101468604058,0.000681862817145884,0.0006614068406634033,0.0,3.0,collision
2436,-4.193918228149414,0.2078132927417755,-0.0002505890734028071,1.0044344890047796e-05,4.6566125888602983e-07,0.0,3.0,collision
2437,-4.193917751312256,0.20781326293945312,-0.0002500233822502196,2.313910772500094e-05,1.4930235920473933e-05,0.0,-3.0,collision
2438,-4.193876266479492,0.20884722471237183,-0.00024469176423735917,0.0323377288877964,0.03233730047941208,1.0,3.0,collision
2439,-4.193875789642334,0.2088683843612671,-0.0002498573740012944,0.0006808209582231939,0.0006614068406634033,0.0,-3.0,collision
2440,-4.193833351135254,0.2099023312330246,-0.00024484770256094635,0.032338421791791916,0.03233804181218147,1.0,-3.0,collision
2441,-4.19383430480957,0.20992350578308105,-0.00025001895846799016,0.0006818037363700569,0.0006623754743486643,0.0,3.0,collision
2442,-4.193792819976807,0.21095748245716095,-0.0002449784951750189,0.03233814984560013,0.03233776614069939,1.0,3.0,collision
2443,-4.19379186630249,0.21097862720489502,-0.0002501007984392345,0.0006805384764447808,0.0006614450248889625,0.0,-3.0,collision
2444,-4.193749904632568,0.21201258897781372,-0.0002450432220939547,0.03233828768134117,0.03233790025115013,1.0,-3.0,collision
2445,-4.1937055587768555,0.2130676805973053,-0.000245291885221377,0.03300072252750397,0.03300072252750397,1.0,3.0,collision
2446,-4.193662643432617,0.21412284672260284,-0.0002457572554703802,0.03300120308995247,0.03300120308995247,1.0,-3.0,collision
2447,-4.193663597106934,0.2141440063714981,-0.00025104559608735144,0.0006822288851253688,0.0006619102787226439,0.0,3.0,collision
2448,-4.193620204925537,0.2151779681444168,-0.0002458037342876196,0.0323401615023613,0.03233974426984787,1.0,-3.0,collision
2449,-4.193575859069824,0.2162330448627472,-0.0002459005336277187,0.03300025686621666,0.03300025686621666,1.0,3.0,collision
2450,-4.193575382232666,0.21625421941280365,-0.00025113645824603736,0.0006817972171120346,0.0006618723855353892,0.0,3.0,collision
2451,-4.193575382232666,0.21625429391860962,-0.0002507649187464267,1.1841758350783493e-05,2.3283064365386963e-06,0.0,0.0,collision
2452,-4.193534851074219,0.2172883003950119,-0.0002452842309139669,0.032337967306375504,0.03233751654624939,1.0,-3.0,collision
2453,-4.1934919357299805,0.21834343671798706,-0.0002454603963997215,0.03300027176737785,0.03300027176737785,1.0,-3.0,collision
2454,-4.193446159362793,0.21939848363399506,-0.000245900999289006,0.033001236617565155,0.03300123289227486,1.0,-3.0,collision
2455,-4.193398952484131,0.2204534262418747,-0.00024627786478959024,0.03299994766712189,0.03299994394183159,1.0,3.0,collision
2456,-4.193353652954102,0.2215084731578827,-0.00024656057939864695,0.03300059214234352,0.03300059214234352,1.0,-3.0,collision
2457,-4.193305969238281,0.22256341576576233,-0.0002467958547640592,0.03300061449408531,0.03300061449408531,1.0,-3.0,collision
2458,-4.193305492401123,0.222563698887825,-0.0002519676636438817,0.00016254547517746687,1.732985765556805e-05,0.0,0.0,collision
2459,-4.193256855010986,0.22359733283519745,-0.00024646607926115394,0.0323372557759285,0.032336797565221786,1.0,3.0,collision
2460,-4.193210124969482,0.22465229034423828,-0.00024641520576551557,0.03299974650144577,0.03299974650144577,1.0,3.0,collision
2461,-4.193166255950928,0.22570738196372986,-0.00024666485842317343,0.033000100404024124,0.033000100404024124,1.0,3.0,collision
2462,-4.193124294281006,0.2267625331878662,-0.00024686852702870965,0.032999537885189056,0.032999537885189056,1.0,-3.0,collision
2463,-4.193079948425293,0.2278176099061966,-0.0002470522013027221,0.03300025686621666,0.03300025686621666,1.0,3.0,collision
2464,-4.193038463592529,0.22887279093265533,-0.00024718980421312153,0.032999880611896515,0.032999880611896515,1.0,3.0,collision
2465,-4.19299840927124,0.22992803156375885,-0.0002472891064826399,0.03300001844763756,0.03300001844763756,1.0,-3.0,collision
2466,-4.192956924438477,0.2309832125902176,-0.0002473886124789715,0.032999880611896515,0.032999880611896515,1.0,3.0,collision
2467,-4.192917346954346,0.2320384830236435,-0.00024745886912569404,0.03300038352608681,0.03300038352608681,1.0,3.0,collision
2468,-4.192880630493164,0.23309384286403656,-0.00024751474848017097,0.03299994766712189,0.03299994766712189,1.0,3.0,collision
2469,-4.192845344543457,0.2341492474079132,-0.0002475488290656358,0.03299981728196144,0.03299981728196144,1.0,-3.0,collision
2470,-4.192807674407959,0.2352045774459839,-0.0002475855580996722,0.03300006315112114,0.03300006315112114,1.0,-3.0,collision
2471,-4.192807674407959,0.23520489037036896,-0.0002525988093111664,0.00015696899208705872,9.778886123967823e-06,0.0,0.0,collision
2472,-4.192767143249512,0.23623889684677124,-0.000246960116783157,0.03233799710869789,0.03233751654624939,1.0,-3.0,collision
2473,-4.192724704742432,0.2372940182685852,-0.00024682143703103065,0.032999202609062195,0.032999202609062195,1.0,3.0,collision
2474,-4.192724704742432,0.23731519281864166,-0.00025187237770296633,0.0006802699062973261,0.0006617046310566366,0.0,3.0,collision
2475,-4.192686557769775,0.2383493036031723,-0.0002464642166160047,0.03233838081359863,0.032337941229343414,1.0,-3.0,collision
2476,-4.192685604095459,0.23837044835090637,-0.0002512999053578824,0.0006784876459278166,0.0006614450248889625,0.0,-3.0,collision
2477,-4.192642688751221,0.2394043654203415,-0.0002460032992530614,0.03233815357089043,0.032337725162506104,1.0,-3.0,collision
2478,-4.192643165588379,0.23942551016807556,-0.000250942655839026,0.0006787258898839355,0.0006609412957914174,0.0,3.0,collision
2479,-4.192643165588379,0.23942549526691437,-0.00025060103507712483,1.068579967977712e-05,4.6566125888602983e-07,0.0,3.0,collision
2480,-4.19260311126709,0.24045951664447784,-0.0002451577747706324,0.03233784809708595,0.03233739733695984,1.0,3.0,collision
2481,-4.192565441131592,0.24151486158370972,-0.00024535806733183563,0.03300052881240845,0.03300052881240845,1.0,3.0,collision
2482,-4.192530632019043,0.24257031083106995,-0.00024581904290243983,0.03300072252750397,0.03300071880221367,1.0,3.0,collision
2483,-4.192497730255127,0.24362583458423615,-0.0002462025440763682,0.0330011360347271,0.0330011360347271,1.0,3.0,collision
2484,-4.192466735839844,0.24468138813972473,-0.0002464994613546878,0.033000264316797256,0.033000264316797256,1.0,-3.0,collision
2485,-4.19246768951416,0.24470257759094238,-0.0002516395761631429,0.0006820258568041027,0.0006628406117670238,0.0,3.0,collision
2486,-4.192437171936035,0.24573694169521332,-0.00024629029212519526,0.032338373363018036,0.032337941229343414,1.0,3.0,collision
2487,-4.192409515380859,0.24679259955883026,-0.0002462788252159953,0.03300062566995621,0.03300062566995621,1.0,3.0,collision
2488,-4.192410469055176,0.2468138188123703,-0.00025143864331766963,0.0006830751663073897,0.0006637710030190647,0.0,3.0,collision
2489,-4.192387104034424,0.24784834682941437,-0.00024611721164546907,0.032337673008441925,0.0323372408747673,1.0,-3.0,collision
2490,-4.192361354827881,0.2489040493965149,-0.00024615120491944253,0.03300051391124725,0.03300051391124725,1.0,3.0,collision
2491,-4.192337989807129,0.2499598264694214,-0.000246454612351954,0.033001113682985306,0.033001113682985306,1.0,3.0,collision
2492,-4.192337989807129,0.24998097121715546,-0.000251581659540534,0.0006799205439165235,0.0006607733084820211,0.0,-3.0,collision
2493,-4.192338943481445,0.24998098611831665,-0.0002511379134375602,3.287386061856523e-05,2.9805958547513e-05,0.0,3.0,collision
2494,-4.192317008972168,0.2510155439376831,-0.0002455778303556144,0.03233766183257103,0.03233719617128372,1.0,-3.0,collision
2495,-4.19231653213501,0.25103670358657837,-0.0002505763550288975,0.0006796018569730222,0.0006614068406634033,0.0,-3.0,collision
2496,-4.192289352416992,0.25207117199897766,-0.0002454235509503633,0.032338693737983704,0.03233829513192177,1.0,-3.0,collision
2497,-4.192259311676025,0.25312677025794983,-0.0002455858630128205,0.033000800758600235,0.033000800758600235,1.0,-3.0,collision
2498,-4.192226886749268,0.2541823089122772,-0.00024600207689218223,0.033001143485307693,0.033001139760017395,1.0,-3.0,collision
2499,-4.192192554473877,0.25523775815963745,-0.0002463587443344295,0.03300023451447487,0.03300023078918457,1.0,3.0,collision
2500,-4.1921610832214355,0.25629329681396484,-0.0002466347941663116,0.033000241965055466,0.03300023823976517,1.0,3.0,collision
2501,-4.192131519317627,0.257348895072937,-0.0002468454767949879,0.03300037607550621,0.03300037607550621,1.0,-3.0,collision
2502,-4.192099571228027,0.258404403924942,-0.00024702350492589176,0.03299975395202637,0.03299975395202637,1.0,-3.0,collision
2503,-4.192065238952637,0.25945985317230225,-0.000247176387347281,0.03300023078918457,0.03300023078918457,1.0,3.0,collision
2504,-4.1920647621154785,0.2594810128211975,-0.00025216001085937023,0.0006794949877075851,0.0006614068406634033,0.0,-3.0,collision
2505,-4.192030429840088,0.2605152428150177,-0.00024670580751262605,0.032337937504053116,0.0323374904692173,1.0,-3.0,collision
2506,-4.191993713378906,0.26157060265541077,-0.0002466221631038934,0.03299994766712189,0.03299994766712189,1.0,3.0,collision
2507,-4.191993713378906,0.26157093048095703,-0.0002518043911550194,0.00016226833395194262,1.0244547411275562e-05,0.0,0.0,collision
2508,-4.191959857940674,0.2626051604747772,-0.0002463345299474895,0.03233744949102402,0.0323369987308979,1.0,3.0,collision
2509,-4.191927909851074,0.2636606693267822,-0.0002463001001160592,0.03299975395202637,0.03299975395202637,1.0,-3.0,collision
2510,-4.191927433013916,0.2636818289756775,-0.0002514534571673721,0.0006807302706874907,0.0006614068406634033,0.0,-3.0,collision
2511,-4.191926956176758,0.2636817991733551,-0.00025102452491410077,2.0064462660229765e-05,1.4930235920473933e-05,0.0,-3.0,collision
2512,-4.191887855529785,0.26471585035324097,-0.0002454966015648097,0.03233765438199043,0.03233719244599342,1.0,-3.0,collision
2513,-4.191888332366943,0.26473701000213623,-0.0002505236479919404,0.0006798072718083858,0.0006614068406634033,0.0,3.0,collision
2514,-4.1918487548828125,0.2657710909843445,-0.0002453708148095757,0.03233909234404564,0.032338690012693405,1.0,-3.0,collision
2515,-4.191807270050049,0.2668262720108032,-0.0002455534122418612,0.032999880611896515,0.032999880611896515,1.0,3.0,collision
2516,-4.191767692565918,0.2678815722465515,-0.00024596648290753365,0.03300131857395172,0.03300131484866142,1.0,-3.0,collision
2517,-4.191725730895996,0.26893681287765503,-0.0002463248383719474,0.0330023318529129,0.0330023318529129,1.0,0.0,collision
2518,-4.191684722900391,0.26999202370643616,-0.00024661337374709547,0.03300023078918457,0.03300022706389427,1.0,3.0,collision
2519,-4.19164514541626,0.2710472643375397,-0.000246828596573323,0.03299945220351219,0.03299945220351219,1.0,-3.0,collision
2520,-4.191603660583496,0.2721024453639984,-0.0002470201870892197,0.032999880611896515,0.032999880611896515,1.0,3.0,collision
2521,-4.191565036773682,0.2731577455997467,-0.00024716401821933687,0.03300021216273308,0.03300021216273308,1.0,3.0,collision
2522,-4.191564559936523,0.2731788754463196,-0.0002521495334804058,0.0006786022568121552,0.0006604758091270924,0.0,-3.0,collision
2523,-4.191525459289551,0.27421292662620544,-0.00024669713457114995,0.03233763948082924,0.03233719244599342,1.0,-3.0,collision
2524,-4.191483974456787,0.2752467095851898,-0.00024288367421831936,0.03233193978667259,0.032331716269254684,1.0,3.0,collision
2525,-4.191445350646973,0.27630195021629333,-0.00024353964545298368,0.032998356968164444,0.03299834951758385,1.0,3.0,collision
2526,-4.191445350646973,0.2763230800628662,-0.00024923670571297407,0.0006838873960077763,0.0006603076471947134,0.0,-3.0,collision
2527,-4.191406726837158,0.27735716104507446,-0.00024437723914161325,0.032337918877601624,0.03233756124973297,1.0,3.0,collision
2528,-4.19140625,0.27737829089164734,-0.00024962142924778163,0.0006805036682635546,0.0006604758091270924,0.0,-3.0,collision
2529,-4.191406726837158,0.27737826108932495,-0.0002495445078238845,1.5122504919418134e-05,1.4930235920473933e-05,0.0,-3.0,collision
2530,-4.191365718841553,0.2784122824668884,-0.0002443230478093028,0.03233897686004639,0.032338567078113556,1.0,3.0,collision
2531,-4.191365718841553,0.2784334123134613,-0.00024956333800219,0.0006803111755289137,0.0006603076471947134,0.0,-3.0,collision
2532,-4.191324710845947,0.2794674336910248,-0.0002446240687277168,0.032338935881853104,0.032338567078113556,1.0,3.0,collision
2533,-4.191324710845947,0.27948859333992004,-0.00024981790920719504,0.0006808676407672465,0.0006612389697693288,0.0,-3.0,collision
2534,-4.191324710845947,0.27948859333992004,-0.0002497015811968595,3.6352500956127187e-06,0.0,0.0,-3.0,collision
2535,-4.191280841827393,0.2805224657058716,-0.0002444370766170323,0.03233800083398819,0.032337579876184464,1.0,-3.0,collision
2536,-4.191234111785889,0.2815774381160736,-0.000244782684603706,0.03300021216273308,0.03300021216273308,1.0,-3.0,collision
2537,-4.191184997558594,0.28263235092163086,-0.00024536909768357873,0.03300173580646515,0.03300173580646515,1.0,3.0,collision
2538,-4.191138744354248,0.28368741273880005,-0.0002458378148730844,0.033002354204654694,0.033002350479364395,1.0,0.0,collision
2539,-4.191092491149902,0.2847423851490021,-0.00024622370256111026,0.03299956023693085,0.03299955651164055,1.0,3.0,collision
2540,-4.191048622131348,0.28579747676849365,-0.00024652702268213034,0.033000100404024124,0.033000100404024124,1.0,3.0,collision
2541,-4.191006660461426,0.28685274720191956,-0.00024676413158886135,0.03300325945019722,0.03300325945019722,1.0,0.0,collision
2542,-4.190964698791504,0.2879078686237335,-0.000246954063186422,0.03299861028790474,0.03299861028790474,1.0,-3.0,collision
2543,-4.1909637451171875,0.2879289984703064,-0.00025199135416187346,0.0006794659420847893,0.000660979887470603,0.0,-3.0,collision
2544,-4.1909637451171875,0.2879289388656616,-0.00025145537802018225,1.685250572336372e-05,1.8626450355441193e-06,0.0,-3.0,collision
2545,-4.190914630889893,0.28898361325263977,-0.00024574995040893555,0.032994769513607025,0.032994288951158524,1.0,0.0,collision
2546,-4.190865516662598,0.29003846645355225,-0.0002459310635458678,0.03299987316131592,0.03299987316131592,1.0,3.0,collision
2547,-4.190818786621094,0.29109349846839905,-0.00024627643870189786,0.03300207480788231,0.03300207480788231,1.0,0.0,collision
2548,-4.190772533416748,0.2921484708786011,-0.00024657396716065705,0.03299956023693085,0.03299955651164055,1.0,3.0,collision
2549,-4.19077205657959,0.29216957092285156,-0.0002516780514270067,0.0006785574951209128,0.0006595447193831205,0.0,-3.0,collision
2550,-4.190773010253906,0.29216960072517395,-0.0002512149512767792,3.314334026072174e-05,2.981686884595547e-05,0.0,3.0,collision
2551,-4.190727233886719,0.2932034134864807,-0.00024563929764553905,0.03233877196907997,0.032338302582502365,1.0,-3.0,collision
2552,-4.190679550170898,0.29425832629203796,-0.00024574404233135283,0.032999683171510696,0.032999683171510696,1.0,-3.0,collision
2553,-4.190629482269287,0.29531314969062805,-0.00024612771812826395,0.033000342547893524,0.033000338822603226,1.0,-3.0,collision
2554,-4.190577507019043,0.2963678538799286,-0.00024645921075716615,0.03299950435757637,0.03299950063228607,1.0,3.0,collision
2555,-4.19052791595459,0.29742270708084106,-0.0002467152080498636,0.03300056979060173,0.03300056979060173,1.0,3.0,collision
2556,-4.19052791595459,0.29744386672973633,-0.00025180200464092195,0.0006800779956392944,0.0006612389697693288,0.0,3.0,collision
2557,-4.190482139587402,0.2984777092933655,-0.00024640857009217143,0.0323396734893322,0.03233923390507698,1.0,-3.0,collision
2558,-4.19043493270874,0.2995326519012451,-0.00024638426839374006,0.03299994394183159,0.03299994394183159,1.0,3.0,collision
2559,-4.19043493270874,0.29955384135246277,-0.0002515232190489769,0.0006813658401370049,0.0006621702923439443,0.0,3.0,collision
2560,-4.190435409545898,0.29955384135246277,-0.0002510793274268508,2.0358442270662636e-05,1.4901160284352954e-05,0.0,3.0,collision
2561,-4.190395832061768,0.30058786273002625,-0.0002455413923598826,0.032337289303541183,0.032336827367544174,1.0,3.0,collision
2562,-4.190358638763428,0.3016432225704193,-0.00024566511274315417,0.03300046920776367,0.03300046920776367,1.0,3.0,collision
2563,-4.1903581619262695,0.3016643822193146,-0.00025093581643886864,0.0006816071108914912,0.0006614068406634033,0.0,-3.0,collision
2564,-4.190359115600586,0.30166441202163696,-0.0002506206219550222,3.1401672458741814e-05,2.981686884595547e-05,0.0,3.0,collision
2565,-4.1903228759765625,0.3026985824108124,-0.0002451638283673674,0.032338108867406845,0.03233765810728073,1.0,-3.0,collision
2566,-4.190322399139404,0.30271974205970764,-0.0002502455608919263,0.0006802042480558157,0.0006614068406634033,0.0,-3.0,collision
2567,-4.190282344818115,0.3037537932395935,-0.0002451702894177288,0.03233872354030609,0.032338328659534454,1.0,3.0,collision
2568,-4.190243721008301,0.3048090934753418,-0.0002453726774547249,0.03300021216273308,0.03300021216273308,1.0,-3.0,collision
2569,-4.1902031898498535,0.3058643639087677,-0.00024584122002124786,0.03300151601433754,0.03300151601433754,1.0,3.0,collision
2570,-4.190202713012695,0.30588552355766296,-0.00025109192938543856,0.0006814563530497253,0.0006614068406634033,0.0,-3.0,collision
2571,-4.190162658691406,0.30691957473754883,-0.0002458625240251422,0.03233874589204788,0.032338328659534454,1.0,3.0,collision
2572,-4.190124988555908,0.3079749047756195,-0.00024593723355792463,0.03300006315112114,0.03300006315112114,1.0,3.0,collision
2573,-4.190089702606201,0.30903035402297974,-0.00024628316168673337,0.03300121799111366,0.033001214265823364,1.0,3.0,collision
2574,-4.190056800842285,0.31008586287498474,-0.0002465738507453352,0.03300067037343979,0.03300067037343979,1.0,3.0,collision
2575,-4.19002628326416,0.3111414611339569,-0.00024680711794644594,0.03300122544169426,0.03300122544169426,1.0,3.0,collision
2576,-4.189997673034668,0.3121970593929291,-0.00024698287597857416,0.03299956023693085,0.03299956023693085,1.0,-3.0,collision
2577,-4.189966678619385,0.31325262784957886,-0.0002471438201609999,0.033000729978084564,0.033000729978084564,1.0,3.0,collision
2578,-4.189967632293701,0.3132738471031189,-0.00025214525521732867,0.0006819238187745214,0.0006637710030190647,0.0,3.0,collision
2579,-4.18994140625,0.3143083155155182,-0.0002466947480570525,0.0323379710316658,0.03233752399682999,1.0,3.0,collision
2580,-4.189918041229248,0.3153640627861023,-0.0002466023724991828,0.03300018236041069,0.03300018236041069,1.0,3.0,collision
2581,-4.189896583557129,0.3164198398590088,-0.0002468044403940439,0.03299984708428383,0.03299984708428383,1.0,-3.0,collision
2582,-4.1898722648620605,0.3174755871295929,-0.0002469894534442574,0.03300085291266441,0.03300085291266441,1.0,-3.0,collision
2583,-4.189845085144043,0.31853124499320984,-0.00024713881430216134,0.03300023823976517,0.03300023823976517,1.0,-3.0,collision
2584,-4.189845561981201,0.3185524344444275,-0.00025215084315277636,0.0006806050660088658,0.0006623379304073751,0.0,3.0,collision
2585,-4.189845085144043,0.3185524046421051,-0.0002515727828722447,2.343573942198418e-05,1.4930235920473933e-05,0.0,-3.0,collision
2586,-4.189816951751709,0.31958678364753723,-0.0002459461975377053,0.032336775213479996,0.03233629837632179,1.0,3.0,collision
2587,-4.18979024887085,0.32064247131347656,-0.0002459791721776128,0.03300079330801964,0.03300079330801964,1.0,-3.0,collision
2588,-4.189761638641357,0.3216980993747711,-0.0002463151467964053,0.03300049155950546,0.03300049155950546,1.0,-3.0,collision
2589,-4.189730167388916,0.3227536678314209,-0.0002465991419740021,0.03300117328763008,0.03300116956233978,1.0,-3.0,collision
2590,-4.189729690551758,0.32277482748031616,-0.00025170823209919035,0.0006804043077863753,0.0006614068406634033,0.0,-3.0,collision
2591,-4.189694404602051,0.32380902767181396,-0.00024635589215904474,0.03233799338340759,0.03233756124973297,1.0,3.0,collision
2592,-4.189661026000977,0.3248645067214966,-0.00024632172426208854,0.03300020471215248,0.03300020471215248,1.0,-3.0,collision
2593,-4.18966007232666,0.32488566637039185,-0.0002514712105039507,0.0006811908097006381,0.0006619102787226439,0.0,-3.0,collision
2594,-4.189622402191162,0.3259197771549225,-0.0002461544063407928,0.032337822020053864,0.03233739361166954,1.0,-3.0,collision
2595,-4.189581394195557,0.326975017786026,-0.0002461712574586272,0.03300115838646889,0.03300115838646889,1.0,-3.0,collision
2596,-4.189538955688477,0.32803016901016235,-0.0002464800782036036,0.03300013393163681,0.03300013393163681,1.0,3.0,collision
2597,-4.189497947692871,0.32908540964126587,-0.0002467215817887336,0.03300115838646889,0.03300115838646889,1.0,-3.0,collision
2598,-4.189455032348633,0.33014053106307983,-0.0002469246101099998,0.032999806106090546,0.032999806106090546,1.0,-3.0,collision
2599,-4.189410209655762,0.331195592880249,-0.0002470971958246082,0.03300042077898979,0.03300042077898979,1.0,3.0,collision
2600,-4.189367771148682,0.3322507441043854,-0.00024722536909393966,0.03300013393163681,0.03300013393163681,1.0,3.0,collision
2601,-4.189327239990234,0.3333059549331665,-0.00024731774465180933,0.03299965336918831,0.03299965336918831,1.0,-3.0,collision
2602,-4.189327239990234,0.33330628275871277,-0.0002523843722883612,0.0001586631842656061,1.0244547411275562e-05,0.0,0.0,collision
2603,-4.1892852783203125,0.3343402147293091,-0.00024679963826201856,0.03233744204044342,0.032336968928575516,1.0,3.0,collision
2604,-4.189245700836182,0.3353954553604126,-0.00024668214609846473,0.03299945220351219,0.03299945220351219,1.0,3.0,collision
2605,-4.189208984375,0.33645081520080566,-0.0002468784514348954,0.03299994766712189,0.03299994766712189,1.0,3.0,collision
2606,-4.189173698425293,0.3375062346458435,-0.00024703930830582976,0.03300028666853905,0.03300028666853905,1.0,-3.0,collision
2607,-4.189173221588135,0.3375273644924164,-0.0002520591369830072,0.0006788492319174111,0.0006604758091270924,0.0,-3.0,collision
2608,-4.189133167266846,0.33856138586997986,-0.0002466252481099218,0.03233784809708595,0.03233739733695984,1.0,-3.0,collision
2609,-4.189089775085449,0.3396165072917938,-0.0002465475699864328,0.033000413328409195,0.033000413328409195,1.0,-3.0,collision
2610,-4.189088821411133,0.3396376669406891,-0.00025165226543322206,0.0006808615289628506,0.0006619102787226439,0.0,-3.0,collision
2611,-4.189042091369629,0.3406713902950287,-0.0002463103737682104,0.03233727440237999,0.03233684226870537,1.0,3.0,collision
2612,-4.1889967918396,0.3417264521121979,-0.00024628525716252625,0.03300105780363083,0.03300105780363083,1.0,-3.0,collision
2613,-4.1889495849609375,0.3427813947200775,-0.00024657094036228955,0.03299994766712189,0.03299994394183159,1.0,3.0,collision
2614,-4.188905239105225,0.3438364863395691,-0.00024680400383658707,0.03300072252750397,0.03300072252750397,1.0,3.0,collision
2615,-4.188905715942383,0.34385767579078674,-0.00025187304709106684,0.0006810173508711159,0.0006623379304073751,0.0,3.0,collision
2616,-4.188864707946777,0.3448916971683502,-0.0002464654389768839,0.032339006662368774,0.032338567078113556,1.0,-3.0,collision
2617,-4.188821792602539,0.3459468483924866,-0.0002464193676132709,0.03300073370337486,0.03300073370337486,1.0,-3.0,collision
2618,-4.188821315765381,0.34594714641571045,-0.0002516519743949175,0.00016446041991002858,1.7572157958056778e-05,0.0,0.0,collision
2619,-4.188776969909668,0.3469809889793396,-0.00024621293414384127,0.0323377326130867,0.032337285578250885,1.0,3.0,collision
2620,-4.188735008239746,0.34803614020347595,-0.00024621281772851944,0.032999537885189056,0.032999537885189056,1.0,3.0,collision
2621,-4.188695430755615,0.34909147024154663,-0.00024649788974784315,0.03300224617123604,0.03300224617123604,1.0,0.0,collision
2622,-4.188654899597168,0.35014668107032776,-0.00024674044107086957,0.03299965709447861,0.03299965336918831,1.0,-3.0,collision
2623,-4.18865442276001,0.35016781091690063,-0.00025182063109241426,0.0006792877102270722,0.0006604758091270924,0.0,-3.0,collision
2624,-4.18865442276001,0.35016781091690063,-0.0002513293002266437,1.5354089555330575e-05,0.0,0.0,3.0,collision
2625,-4.188611030578613,0.35120171308517456,-0.0002457309456076473,0.032338354736566544,0.03233788162469864,1.0,-3.0,collision
2626,-4.188565254211426,0.35225674510002136,-0.0002458175295032561,0.03300077095627785,0.03300077095627785,1.0,-3.0,collision
2627,-4.188518047332764,0.3533116579055786,-0.00024619646137580276,0.03299901634454727,0.03299901261925697,1.0,3.0,collision
2628,-4.188472270965576,0.3543666899204254,-0.0002464946883264929,0.03300077095627785,0.03300077095627785,1.0,-3.0,collision
2629,-4.188472747802734,0.3543878197669983,-0.00025163573445752263,0.0006797346286475658,0.0006604758091270924,0.0,3.0,collision
2630,-4.188426494598389,0.35542166233062744,-0.0002462758857291192,0.03234033286571503,0.03233989328145981,1.0,-3.0,collision
2631,-4.188425540924072,0.3554427921772003,-0.00025114964228123426,0.0006783002172596753,0.000660979887470603,0.0,-3.0,collision
2632,-4.188424587249756,0.35544276237487793,-0.00025076791644096375,3.211456350982189e-05,2.981686884595547e-05,0.0,-3.0,collision
2633,-4.18837308883667,0.3564762771129608,-0.0002453017805237323,0.03233785927295685,0.032337404787540436,1.0,3.0,collision
2634,-4.188372611999512,0.3564974367618561,-0.0002503458526916802,0.0006799304392188787,0.0006614068406634033,0.0,-3.0,collision
2635,-4.188320159912109,0.35753095149993896,-0.0002452386834193021,0.032339293509721756,0.03233890235424042,1.0,-3.0,collision
2636,-4.188319206237793,0.35755208134651184,-0.0002503198338672519,0.0006797848036512733,0.000660979887470603,0.0,-3.0,collision
2637,-4.188262939453125,0.358585387468338,-0.000245230330619961,0.03233904391527176,0.03233865275979042,1.0,3.0,collision
2638,-4.18820858001709,0.3596400022506714,-0.00024543076870031655,0.033000461757183075,0.033000461757183075,1.0,3.0,collision
2639,-4.188156604766846,0.3606947660446167,-0.0002458779199514538,0.0330013632774353,0.033001359552145004,1.0,3.0,collision
2640,-4.188106536865234,0.3617495894432068,-0.0002462392149027437,0.033000342547893524,0.033000338822603226,1.0,-3.0,collision
2641,-4.188054084777832,0.3628042936325073,-0.00024653837317600846,0.03300023823976517,0.03300023823976517,1.0,-3.0,collision
2642,-4.1879987716674805,0.3638588786125183,-0.0002467782760504633,0.03300108015537262,0.03300108015537262,1.0,-3.0,collision
2643,-4.1879987716674805,0.3638591766357422,-0.0002519535773899406,0.00016199609672185034,9.313225746154785e-06,0.0,0.0,collision
2644,-4.187998294830322,0.3638591170310974,-0.0002513286017347127,2.4636436137370765e-05,1.501712449680781e-05,0.0,-3.0,collision
2645,-4.187939643859863,0.36489227414131165,-0.0002457468071952462,0.03233861178159714,0.03233814239501953,1.0,3.0,collision
2646,-4.187938690185547,0.36491337418556213,-0.00025070144329220057,0.0006779663381166756,0.0006600494962185621,0.0,-3.0,collision
2647,-4.187939167022705,0.3649134039878845,-0.00025041832122951746,1.7354865121887997e-05,1.4930235920473933e-05,0.0,3.0,collision
2648,-4.187939167022705,0.36491337418556213,-0.0002498864778317511,1.6646179574308917e-05,9.313225177720597e-07,0.0,-3.0,collision
2649,-4.187939167022705,0.36491337418556213,-0.00024946656776592135,1.3122188647685107e-05,0.0,0.0,3.0,collision
2650,-4.187883377075195,0.3659466803073883,-0.0002442359982524067,0.03233826160430908,0.03233784809708595,1.0,3.0,collision
2651,-4.187829494476318,0.36700132489204407,-0.00024462045985274017,0.033000629395246506,0.033000629395246506,1.0,3.0,collision
2652,-4.187778472900391,0.3680560886859894,-0.0002452292828820646,0.0329999104142189,0.032999906688928604,1.0,3.0,collision
2653,-4.187729358673096,0.36911100149154663,-0.00024573103291913867,0.03300173580646515,0.03300173580646515,1.0,3.0,collision
2654,-4.187682151794434,0.37016594409942627,-0.00024612233391962945,0.03299994766712189,0.03299994394183159,1.0,-3.0,collision
2655,-4.18768310546875,0.3701871335506439,-0.00025133832241408527,0.0006825881428085268,0.0006628406117670238,0.0,3.0,collision
2656,-4.187636852264404,0.3712209165096283,-0.00024604913778603077,0.0323384590446949,0.032338034361600876,1.0,3.0,collision
2657,-4.187592506408691,0.3722545802593231,-0.0002423537807771936,0.032331909984350204,0.03233170136809349,1.0,3.0,collision
2658,-4.187551021575928,0.3733097314834595,-0.00024311555898748338,0.032998956739902496,0.0329989455640316,1.0,3.0,collision
2659,-4.187551498413086,0.3733309209346771,-0.0002489092294126749,0.0006866377661935985,0.0006623379304073751,0.0,3.0,collision
2660,-4.18751335144043,0.3743650019168854,-0.00024409308389294893,0.032337360084056854,0.0323370099067688,1.0,-3.0,collision
2661,-4.187473773956299,0.3754202425479889,-0.0002445325371809304,0.03299945592880249,0.03299945220351219,1.0,3.0,collision
2662,-4.187435626983643,0.37647557258605957,-0.0002451499458402395,0.033000607043504715,0.03300059959292412,1.0,-3.0,collision
2663,-4.187434673309326,0.37649670243263245,-0.00025054841535165906,0.0006821692222729325,0.000660979887470603,0.0,-3.0,collision
2664,-4.1873931884765625,0.37753063440322876,-0.0002454279165249318,0.0323367677628994,0.03233636915683746,1.0,3.0,collision
2665,-4.187352657318115,0.3785858750343323,-0.00024557946017012,0.033000584691762924,0.033000584691762924,1.0,-3.0,collision
2666,-4.187310695648193,0.379641056060791,-0.0002460066170897335,0.03300047293305397,0.03300046920776367,1.0,3.0,collision
2667,-4.187310218811035,0.3796621859073639,-0.00025122417719103396,0.0006803037249483168,0.0006604758091270924,0.0,-3.0,collision
2668,-4.187268257141113,0.380696177482605,-0.0002459682582411915,0.032339248806238174,0.03233883157372475,1.0,3.0,collision
2669,-4.187228202819824,0.3817514181137085,-0.00024601153563708067,0.03300001844763756,0.03300001844763756,1.0,-3.0,collision
2670,-4.187186241149902,0.38280659914016724,-0.00024635219597257674,0.03300047293305397,0.03300046920776367,1.0,3.0,collision
2671,-4.1871867179870605,0.3828277885913849,-0.00025151160662062466,0.0006816796958446503,0.0006623379304073751,0.0,3.0,collision
2672,-4.1871490478515625,0.38388296961784363,-0.00024608487728983164,0.03299584612250328,0.03299541026353836,1.0,0.0,collision
2673,-4.187111854553223,0.3849383592605591,-0.0002462079282850027,0.03300140053033829,0.03300140053033829,1.0,0.0,collision
2674,-4.187074184417725,0.38599374890327454,-0.00024650408886373043,0.03300192579627037,0.03300192579627037,1.0,0.0,collision
2675,-4.187074184417725,0.3859940469264984,-0.00025172947789542377,0.0001635587541386485,9.313225746154785e-06,0.0,0.0,collision
2676,-4.187074184417725,0.38599398732185364,-0.00025114885647781193,1.82397743628826e-05,1.8626450355441193e-06,0.0,-3.0,collision
2677,-4.1870341300964355,0.38702794909477234,-0.0002455916255712509,0.032336004078388214,0.032335538417100906,1.0,-3.0,collision
2678,-4.1869916915893555,0.3880831003189087,-0.00024571624817326665,0.03300013393163681,0.03300013393163681,1.0,3.0,collision
2679,-4.186991214752197,0.38810423016548157,-0.0002509773476049304,0.0006806311430409551,0.0006604758091270924,0.0,-3.0,collision
2680,-4.1869916915893555,0.3881042003631592,-0.0002506537130102515,1.803320446924772e-05,1.4930235920473933e-05,0.0,3.0,collision
2681,-4.186951160430908,0.389159232378006,-0.0002450988395139575,0.032994527369737625,0.032994069159030914,1.0,0.0,collision
2682,-4.186911106109619,0.3902144730091095,-0.00024540995946154,0.03300001844763756,0.03300001844763756,1.0,3.0,collision
2683,-4.186911582946777,0.39023566246032715,-0.00025074760196730494,0.00068301847204566,0.0006623379304073751,0.0,3.0,collision
2684,-4.1868767738342285,0.39126986265182495,-0.00024557558936066926,0.03233746066689491,0.03233705833554268,1.0,3.0,collision
2685,-4.186877250671387,0.3912701904773712,-0.00025068101240321994,0.0001605659635970369,1.8083013856085017e-05,0.0,0.0,collision
2686,-4.1868438720703125,0.3923044502735138,-0.00024541039601899683,0.03233786299824715,0.03233744204044342,1.0,-3.0,collision
2687,-4.186807632446289,0.39335981011390686,-0.0002455707872286439,0.0329994298517704,0.0329994298517704,1.0,-3.0,collision
2688,-4.186807155609131,0.3933809697628021,-0.0002508710604161024,0.0006818310357630253,0.0006614068406634033,0.0,-3.0,collision
2689,-4.186766147613525,0.3944149613380432,-0.00024567413493059576,0.03233804553747177,0.03233763575553894,1.0,-3.0,collision
2690,-4.186765193939209,0.3944360911846161,-0.0002506687887944281,0.0006791584892198443,0.000660979887470603,0.0,-3.0,collision
2691,-4.186764717102051,0.3944360911846161,-0.000250383309321478,1.736758349579759e-05,1.4901160284352954e-05,0.0,-3.0,collision
2692,-4.186764717102051,0.3944360613822937,-0.0002498782123439014,1.581173091835808e-05,9.313225177720597e-07,0.0,3.0,collision
2693,-4.186718940734863,0.3954909145832062,-0.00024446361931040883,0.032995618879795074,0.03299518674612045,1.0,0.0,collision
2694,-4.186673164367676,0.3965459167957306,-0.0002448911254759878,0.03299983963370323,0.03299983963370323,1.0,-3.0,collision
2695,-4.1866254806518555,0.39760082960128784,-0.00024545961059629917,0.03299969062209129,0.032999683171510696,1.0,3.0,collision
2696,-4.186580181121826,0.39865586161613464,-0.00024591534747742116,0.03300013020634651,0.03300012648105621,1.0,3.0,collision
2697,-4.186579704284668,0.3986770212650299,-0.0002511514176148921,0.0006813463987782598,0.0006614068406634033,0.0,-3.0,collision
2698,-4.186534881591797,0.39971086382865906,-0.00024591010878793895,0.03233834356069565,0.03233793005347252,1.0,3.0,collision
2699,-4.186491966247559,0.400765985250473,-0.00024596505681984127,0.032999806106090546,0.032999806106090546,1.0,-3.0,collision
2700,-4.186491966247559,0.4007663130760193,-0.0002512883220333606,0.00016666718875057995,1.0244547411275562e-05,0.0,0.0,collision
2701,-4.186447620391846,0.40180015563964844,-0.0002459220995660871,0.03233771771192551,0.032337285578250885,1.0,3.0,collision
2702,-4.1864471435546875,0.4018212854862213,-0.0002508519683033228,0.0006782051641494036,0.0006604758091270924,0.0,-3.0,collision
2703,-4.186446666717529,0.4018212556838989,-0.000250528595643118,1.8028615158982575e-05,1.4930235920473933e-05,0.0,-3.0,collision
2704,-4.186447620391846,0.4018212556838989,-0.0002499945694580674,3.415667379158549e-05,2.980232056870591e-05,0.0,3.0,collision
2705,-4.1864013671875,0.4028550684452057,-0.0002446481375955045,0.03233939781785011,0.03233896568417549,1.0,-3.0,collision
2706,-4.186352729797363,0.40390998125076294,-0.0002449507010169327,0.033001046627759933,0.033001042902469635,1.0,-3.0,collision
2707,-4.186351776123047,0.4039311110973358,-0.0002503749856259674,0.0006823691655881703,0.000660979887470603,0.0,-3.0,collision
2708,-4.186299800872803,0.4049646258354187,-0.00024528842186555266,0.03233854100108147,0.03233814984560013,1.0,3.0,collision
2709,-4.18625020980835,0.4060194790363312,-0.00024547785869799554,0.03300056979060173,0.03300056979060173,1.0,3.0,collision
2710,-4.186202526092529,0.4070744812488556,-0.0002459103998262435,0.03300247713923454,0.03300247713923454,1.0,0.0,collision
2711,-4.186154842376709,0.40812942385673523,-0.00024628109531477094,0.03300061821937561,0.03300061449408531,1.0,3.0,collision
2712,-4.186110019683838,0.4091844856739044,-0.000246573006734252,0.03300042077898979,0.03300042077898979,1.0,3.0,collision
2713,-4.186066627502441,0.410239577293396,-0.0002467957674525678,0.03299948200583458,0.03299948200583458,1.0,-3.0,collision
2714,-4.186067581176758,0.41026076674461365,-0.00025187653955072165,0.0006815914530307055,0.0006628406117670238,0.0,3.0,collision
2715,-4.186024188995361,0.4112946689128876,-0.00024646849487908185,0.032338324934244156,0.03233788162469864,1.0,-3.0,collision
2716,-4.185977935791016,0.412349671125412,-0.0002464218996465206,0.033000487834215164,0.033000487834215164,1.0,-3.0,collision
2717,-4.185930252075195,0.41340458393096924,-0.000246680632699281,0.032999686896800995,0.032999683171510696,1.0,3.0,collision
2718,-4.18588399887085,0.41445961594581604,-0.00024688185658305883,0.03300141915678978,0.03300141915678978,1.0,-3.0,collision
2719,-4.185836315155029,0.4155145287513733,-0.00024706273688934743,0.032999683171510696,0.032999683171510696,1.0,3.0,collision
2720,-4.185835361480713,0.41553565859794617,-0.0002520691487006843,0.0006792430649511516,0.000660979887470603,0.0,-3.0,collision
2721,-4.185834884643555,0.4155356287956238,-0.0002515172236599028,2.281213710375596e-05,1.4930235920473933e-05,0.0,-3.0,collision
2722,-4.185835361480713,0.4155356287956238,-0.00025078593171201646,2.7281832444714382e-05,1.4901160284352954e-05,0.0,3.0,collision
2723,-4.185788154602051,0.416569322347641,-0.00024529240909032524,0.032337043434381485,0.03233658894896507,1.0,3.0,collision
2724,-4.185742378234863,0.4176243543624878,-0.0002454550995025784,0.03300077095627785,0.03300077095627785,1.0,-3.0,collision
2725,-4.185694217681885,0.41867926716804504,-0.0002458959352225065,0.033000361174345016,0.03300035744905472,1.0,-3.0,collision
2726,-4.185644149780273,0.41973409056663513,-0.00024627396487630904,0.033000342547893524,0.033000338822603226,1.0,3.0,collision
2727,-4.185596466064453,0.42078903317451477,-0.00024656724417582154,0.03300061821937561,0.03300061449408531,1.0,3.0,collision
2728,-4.185550689697266,0.4218440651893616,-0.00024679131456650794,0.03300077095627785,0.03300077095627785,1.0,-3.0,collision
2729,-4.185503005981445,0.4228990375995636,-0.0002469851460773498,0.03300154581665993,0.03300154581665993,1.0,0.0,collision
2730,-4.185454368591309,0.42395392060279846,-0.00024713148013688624,0.03300011157989502,0.03300011157989502,1.0,-3.0,collision
2731,-4.185453414916992,0.42397505044937134,-0.0002521334099583328,0.0006792108179070055,0.000660979887470603,0.0,-3.0,collision
2732,-4.185452938079834,0.42397499084472656,-0.00025156920310109854,2.3159933334682137e-05,1.501712449680781e-05,0.0,-3.0,collision
2733,-4.185398101806641,0.4250083267688751,-0.0002459324605297297,0.03233766183257103,0.03233718499541283,1.0,-3.0,collision
2734,-4.185340404510498,0.42606282234191895,-0.00024598388699814677,0.033002275973558426,0.033002275973558426,1.0,0.0,collision
2735,-4.185282230377197,0.4271172285079956,-0.00024631552514620125,0.03300030529499054,0.03300030529499054,1.0,-3.0,collision
2736,-4.1852216720581055,0.4281715154647827,-0.0002465993748046458,0.033000774681568146,0.033000774681568146,1.0,-3.0,collision
2737,-4.185159683227539,0.4292256534099579,-0.0002468370657879859,0.032998718321323395,0.032998718321323395,1.0,3.0,collision
2738,-4.1851582527160645,0.4292467534542084,-0.00025188885047100484,0.0006794835790060461,0.0006608899566344917,0.0,-3.0,collision
2739,-4.1851582527160645,0.4292467534542084,-0.00025138340424746275,1.5795194485690445e-05,0.0,0.0,3.0,collision
2740,-4.1850972175598145,0.43027982115745544,-0.00024577401927672327,0.03234013542532921,0.032339658588171005,1.0,-3.0,collision
2741,-4.18503475189209,0.4313339591026306,-0.0002458622620906681,0.03299959376454353,0.03299959376454353,1.0,3.0,collision
2742,-4.184974193572998,0.4323882460594177,-0.0002462127013131976,0.033000774681568146,0.033000774681568146,1.0,-3.0,collision
2743,-4.184911727905273,0.4334424138069153,-0.0002465268480591476,0.03300052508711815,0.03300052508711815,1.0,3.0,collision
2744,-4.18485164642334,0.4344967305660248,-0.00024676942848600447,0.03300085291266441,0.033000849187374115,1.0,3.0,collision
2745,-4.1847944259643555,0.43555116653442383,-0.00024696317268535495,0.03299960494041443,0.03299960494041443,1.0,3.0,collision
2746,-4.1847944259643555,0.4355723559856415,-0.0002520004927646369,0.0006806242745369673,0.0006621702923439443,0.0,3.0,collision
2747,-4.1847405433654785,0.4366058111190796,-0.0002465671277604997,0.03233978524804115,0.03233933821320534,1.0,-3.0,collision
2748,-4.184685707092285,0.4376603662967682,-0.00024651127750985324,0.032999370247125626,0.032999370247125626,1.0,3.0,collision
2749,-4.184631824493408,0.43871501088142395,-0.00024673232110217214,0.033000629395246506,0.033000629395246506,1.0,-3.0,collision
2750,-4.184631824493408,0.4387153387069702,-0.00025191562599502504,0.00016230190522037446,1.0244547411275562e-05,0.0,0.0,collision
2751,-4.184576988220215,0.4397486746311188,-0.000246424664510414,0.03233763948082924,0.03233718499541283,1.0,3.0,collision
2752,-4.184576988220215,0.4397698640823364,-0.00025126500986516476,0.0006792270578444004,0.0006621702923439443,0.0,3.0,collision
2753,-4.184577465057373,0.4397698640823364,-0.0002508587494958192,1.9576102204155177e-05,1.4901160284352954e-05,0.0,3.0,collision
2754,-4.184530258178711,0.440803587436676,-0.000245364208240062,0.0323379784822464,0.03233752027153969,1.0,3.0,collision
2755,-4.184530735015869,0.4408247768878937,-0.0002504064468666911,0.0006808229372836649,0.0006623379304073751,0.0,3.0,collision
2756,-4.1844868659973145,0.4418586790561676,-0.0002452764310874045,0.032338909804821014,0.03233851119875908,1.0,-3.0,collision
2757,-4.184485912322998,0.44187983870506287,-0.0002503495488781482,0.0006806309684179723,0.0006619102787226439,0.0,-3.0,collision
2758,-4.1844377517700195,0.4429135322570801,-0.0002452427288517356,0.032338354736566544,0.032337963581085205,1.0,-3.0,collision
2759,-4.184386253356934,0.4439682960510254,-0.0002454413042869419,0.033000633120536804,0.033000633120536804,1.0,-3.0,collision
2760,-4.184331893920898,0.44502294063568115,-0.00024588650558143854,0.03300139680504799,0.03300139307975769,1.0,-3.0,collision
2761,-4.184330463409424,0.44504407048225403,-0.0002511379134375602,0.0006818618276156485,0.0006618191837333143,0.0,-3.0,collision
2762,-4.184330463409424,0.44504407048225403,-0.00025078310864046216,1.1087648999819066e-05,0.0,0.0,3.0,collision
2763,-4.1842732429504395,0.4460773766040802,-0.0002452938642818481,0.03234074264764786,0.032340288162231445,1.0,-3.0,collision
2764,-4.184214115142822,0.4471317529678345,-0.0002454683999530971,0.03300102800130844,0.03300102800130844,1.0,-3.0,collision
2765,-4.1842145919799805,0.44715285301208496,-0.0002508004545234144,0.0006802674033679068,0.0006595447193831205,0.0,3.0,collision
2766,-4.184155464172363,0.44818606972694397,-0.0002456064976286143,0.032341256737709045,0.032340846955776215,1.0,-3.0,collision
2767,-4.1841559410095215,0.44820716977119446,-0.0002506262680981308,0.0006779430550523102,0.0006595447193831205,0.0,3.0,collision
2768,-4.184096336364746,0.44924038648605347,-0.0002454532077535987,0.032342106103897095,0.03234170377254486,1.0,-3.0,collision
2769,-4.184034824371338,0.4502946436405182,-0.00024560990277677774,0.03300156444311142,0.03300156444311142,1.0,-3.0,collision
2770,-4.183971881866455,0.45134875178337097,-0.0002460310352034867,0.03299955651164055,0.03299955278635025,1.0,3.0,collision
2771,-4.183911323547363,0.4524030387401581,-0.0002463718701619655,0.033000774681568146,0.033000774681568146,1.0,3.0,collision
2772,-4.183910846710205,0.45240336656570435,-0.0002516185340937227,0.00016495242016389966,1.8083013856085017e-05,0.0,0.0,collision
2773,-4.183911323547363,0.45240333676338196,-0.000251070101512596,2.272973142680712e-05,1.4930235920473933e-05,0.0,3.0,collision
2774,-4.183910846710205,0.4524032771587372,-0.00025040420587174594,2.5662002371973358e-05,1.501712449680781e-05,0.0,-3.0,collision
2775,-4.1838531494140625,0.4534364640712738,-0.0002449848980177194,0.03233783692121506,0.03233739361166954,1.0,-3.0,collision
2776,-4.183854103088379,0.4534575939178467,-0.0002501141279935837,0.0006801373092457652,0.000660979887470603,0.0,3.0,collision
2777,-4.183796405792236,0.4544908106327057,-0.0002450534957461059,0.032338712364435196,0.032338324934244156,1.0,3.0,collision
2778,-4.183796405792236,0.45449113845825195,-0.00025026287767104805,0.0001631152117624879,1.0244547411275562e-05,0.0,0.0,collision
2779,-4.183742046356201,0.4555245041847229,-0.00024508716887794435,0.0323377326130867,0.03233732655644417,1.0,3.0,collision
2780,-4.183688640594482,0.45657914876937866,-0.0002453018387313932,0.03299987316131592,0.03299987316131592,1.0,-3.0,collision
2781,-4.183687686920166,0.45660027861595154,-0.0002506554883439094,0.0006818241672590375,0.000660979887470603,0.0,-3.0,collision
2782,-4.183629989624023,0.45765453577041626,-0.00024541019229218364,0.03299524262547493,0.0329948365688324,1.0,0.0,collision
2783,-4.1835713386535645,0.45870891213417053,-0.000245663890382275,0.033000197261571884,0.033000193536281586,1.0,-3.0,collision
2784,-4.183570384979248,0.458730012178421,-0.00025094972806982696,0.0006804047152400017,0.0006600494962185621,0.0,-3.0,collision
2785,-4.183507919311523,0.45976293087005615,-0.00024573723203502595,0.03233809024095535,0.03233768045902252,1.0,-3.0,collision
2786,-4.183506488800049,0.45978403091430664,-0.00025071934214793146,0.0006789810140617192,0.0006608899566344917,0.0,-3.0,collision
2787,-4.183505535125732,0.45978400111198425,-0.00025042370543815196,3.121535337413661e-05,2.981686884595547e-05,0.0,-3.0,collision
2788,-4.183436870574951,0.46081653237342834,-0.0002450263418722898,0.03233831003308296,0.032337866723537445,1.0,3.0,collision
2789,-4.183369159698486,0.46187037229537964,-0.0002452437183819711,0.0330004021525383,0.0330004021525383,1.0,-3.0,collision
2790,-4.183298587799072,0.4629240334033966,-0.000245727103902027,0.03300068527460098,0.033000681549310684,1.0,-3.0,collision
2791,-4.183226585388184,0.4639776051044464,-0.0002461388648953289,0.03300091251730919,0.03300091251730919,1.0,3.0,collision
2792,-4.183226108551025,0.4639987349510193,-0.0002513416693545878,0.0006801933632232249,0.0006604758091270924,0.0,3.0,collision
2793,-4.183225631713867,0.4639987051486969,-0.00025092498981393874,1.9810717276413925e-05,1.4930235920473933e-05,0.0,-3.0,collision
2794,-4.183157444000244,0.46503129601478577,-0.00024542774190194905,0.032339200377464294,0.032338742166757584,1.0,3.0,collision
2795,-4.183156490325928,0.46505239605903625,-0.00025044658104889095,0.0006784273427911103,0.0006600494962185621,0.0,-3.0,collision
2796,-4.1830878257751465,0.46608492732048035,-0.0002453190099913627,0.03233826532959938,0.032337866723537445,1.0,-3.0,collision
2797,-4.183016300201416,0.46713849902153015,-0.00024551249225623906,0.03299989551305771,0.03299989551305771,1.0,3.0,collision
2798,-4.182946681976318,0.4681922495365143,-0.00024594366550445557,0.03300149366259575,0.03300148993730545,1.0,3.0,collision
2799,-4.182879447937012,0.46924611926078796,-0.0002462918928358704,0.03300037980079651,0.03300037980079651,1.0,-3.0,collision
2800,-4.182809352874756,0.4702998101711273,-0.0002465805737301707,0.03300062194466591,0.03300061821937561,1.0,-3.0,collision
2801,-4.182807922363281,0.4703209102153778,-0.0002516932727303356,0.0006799283437430859,0.0006608899566344917,0.0,-3.0,collision
2802,-4.182807922363281,0.4703209102153778,-0.00025122734950855374,1.4560099771188106e-05,0.0,0.0,3.0,collision
2803,-4.182807445526123,0.47032085061073303,-0.00025053441640920937,2.635178498167079e-05,1.501712449680781e-05,0.0,-3.0,collision
2804,-4.182806968688965,0.47032082080841064,-0.00024997448781505227,2.300182131875772e-05,1.4930235920473933e-05,0.0,-3.0,collision
2805,-4.1827311515808105,0.47135281562805176,-0.00024464091984555125,0.03233718127012253,0.032336752861738205,1.0,-3.0,collision
2806,-4.182729244232178,0.47137391567230225,-0.00024982751347124577,0.0006816158420406282,0.00066206487827003,0.0,-3.0,collision
2807,-4.182647228240967,0.47242656350135803,-0.0002447330334689468,0.0329953208565712,0.032994937151670456,1.0,0.0,collision
2808,-4.182565689086914,0.47347941994667053,-0.00024513163953088224,0.03300028666853905,0.03300028666853905,1.0,3.0,collision
2809,-4.182486534118652,0.47453245520591736,-0.0002456429647281766,0.03300018981099129,0.03300018608570099,1.0,3.0,collision
2810,-4.18241024017334,0.4755856990814209,-0.0002460618270561099,0.03300011157989502,0.03300010785460472,1.0,3.0,collision
2811,-4.18233585357666,0.4766390919685364,-0.00024639745242893696,0.03300050273537636,0.03300049901008606,1.0,3.0,collision
2812,-4.1822638511657715,0.4776926636695862,-0.00024666599347256124,0.03300091251730919,0.03300091251730919,1.0,3.0,collision
2813,-4.182194709777832,0.4787464141845703,-0.0002468808088451624,0.033000510185956955,0.033000510185956955,1.0,3.0,collision
2814,-4.182127475738525,0.479800283908844,-0.0002470526669640094,0.03300037980079651,0.03300037980079651,1.0,3.0,collision
2815,-4.182127952575684,0.4798215329647064,-0.00025207229191437364,0.0006824719021096826,0.0006642001681029797,0.0,3.0,collision
2816,-4.182065486907959,0.4808754622936249,-0.0002465335128363222,0.03299354016780853,0.03299308568239212,1.0,0.0,collision
2817,-4.182066917419434,0.4808966815471649,-0.00025145511608570814,0.0006821705610491335,0.0006646068068221211,0.0,3.0,collision
2818,-4.182067394256592,0.4808967113494873,-0.000251015298999846,2.0293280613259412e-05,1.4930235920473933e-05,0.0,3.0,collision
2819,-4.182009220123291,0.48195090889930725,-0.0002453871420584619,0.03299426659941673,0.03299379348754883,1.0,0.0,collision
2820,-4.182008266448975,0.48197197914123535,-0.00025051197735592723,0.0006782966665923595,0.0006591191631741822,0.0,-3.0,collision
2821,-4.181947708129883,0.48300501704216003,-0.00024537552963010967,0.032338254153728485,0.03233785554766655,1.0,-3.0,collision
2822,-4.181884288787842,0.4840591251850128,-0.0002455579524394125,0.03300044313073158,0.03300044313073158,1.0,3.0,collision
2823,-4.18182373046875,0.48511338233947754,-0.0002459800452925265,0.03299984708428383,0.03299984335899353,1.0,3.0,collision
2824,-4.181765079498291,0.4861677587032318,-0.00024633127031847835,0.033000197261571884,0.033000193536281586,1.0,3.0,collision
2825,-4.181764602661133,0.4861888885498047,-0.0002514838124625385,0.0006798196118324995,0.0006604758091270924,0.0,-3.0,collision
2826,-4.181764602661133,0.4861888587474823,-0.00025104862288571894,1.3631525689561386e-05,9.313225177720597e-07,0.0,-3.0,collision
2827,-4.181765556335449,0.4861888885498047,-0.00025041127810254693,3.585712693165988e-05,2.981686884595547e-05,0.0,3.0,collision
2828,-4.181704998016357,0.48722201585769653,-0.0002449813182465732,0.032341089099645615,0.0323406457901001,1.0,-3.0,collision
2829,-4.181643009185791,0.4882761836051941,-0.00024521732120774686,0.03299964591860771,0.03299964591860771,1.0,-3.0,collision
2830,-4.181578159332275,0.4893302321434021,-0.0002457064692862332,0.03300129994750023,0.03300129622220993,1.0,-3.0,collision
2831,-4.181576251983643,0.4893513321876526,-0.00025099393678829074,0.0006823723088018596,0.00066206487827003,0.0,-3.0,collision
2832,-4.181507587432861,0.49038389325141907,-0.0002457732625771314,0.03233921155333519,0.03233879804611206,1.0,-3.0,collision
2833,-4.181435585021973,0.4914374351501465,-0.00024586665676906705,0.03299998119473457,0.03299998119473457,1.0,-3.0,collision
2834,-4.181360721588135,0.49249082803726196,-0.00024622687487863004,0.03300155699253082,0.03300155699253082,1.0,-3.0,collision
2835,-4.181360244750977,0.4924907386302948,-0.0002473862550687045,3.927479338017292e-05,1.5160831935645547e-05,0.0,-3.0,collision
2836,-4.181282997131348,0.493522584438324,-0.00024257157929241657,0.032335761934518814,0.03233541175723076,1.0,-3.0,collision
2837,-4.181201457977295,0.4945754408836365,-0.00024329025472979993,0.033000294119119644,0.03300028666853905,1.0,-3.0,collision
2838,-4.181118011474609,0.49562811851501465,-0.0002441655960865319,0.03299938142299652,0.032999370247125626,1.0,-3.0,collision
2839,-4.181032657623291,0.4966806471347809,-0.00024489007773809135,0.03299950063228607,0.032999493181705475,1.0,3.0,collision
2840,-4.180948734283447,0.49773332476615906,-0.0002454507921356708,0.033000554889440536,0.03300055116415024,1.0,-3.0,collision
2841,-4.180862903594971,0.4987858533859253,-0.00024590836255811155,0.033000703901052475,0.033000700175762177,1.0,-3.0,collision
2842,-4.180774688720703,0.4998381435871124,-0.00024627483799122274,0.03299941495060921,0.03299941122531891,1.0,-3.0,collision
2843,-4.180684566497803,0.50089031457901,-0.0002465774887241423,0.03300073742866516,0.03300073370337486,1.0,3.0,collision
2844,-4.180597305297852,0.5019426345825195,-0.00024680967908352613,0.03299786522984505,0.03299786522984505,1.0,3.0,collision
2845,-4.180511474609375,0.5029951930046082,-0.0002469853207003325,0.033001627773046494,0.033001627773046494,1.0,-3.0,collision
2846,-4.1805100440979,0.5030162334442139,-0.00025201644166372716,0.0006775261135771871,0.0006590316188521683,0.0,-3.0,collision
2847,-4.180420875549316,0.5040472149848938,-0.000246591167524457,0.03233889490365982,0.032338447868824005,1.0,-3.0,collision
2848,-4.180327892303467,0.5050991773605347,-0.0002465254510752857,0.03300199285149574,0.03300199285149574,1.0,0.0,collision
2849,-4.180326461791992,0.5051202774047852,-0.00025164170074276626,0.000679954478982836,0.0006608899566344917,0.0,3.0,collision
2850,-4.180234432220459,0.5061511993408203,-0.0002462788252159953,0.03234485164284706,0.03234441950917244,1.0,-3.0,collision
2851,-4.180141448974609,0.5072031021118164,-0.0002462714328430593,0.03300013765692711,0.03300013765692711,1.0,-3.0,collision
2852,-4.180142402648926,0.5072241425514221,-0.00025144399842247367,0.0006777468370273709,0.0006581887719221413,0.0,3.0,collision
2853,-4.180047988891602,0.5082549452781677,-0.00024611977278254926,0.032347846776247025,0.0323474183678627,1.0,-3.0,collision
2854,-4.179952621459961,0.5093066096305847,-0.0002461444237269461,0.03299935907125473,0.03299935907125473,1.0,-3.0,collision
2855,-4.179854393005371,0.5103580951690674,-0.0002464490826241672,0.03300199285149574,0.03300199285149574,1.0,-3.0,collision
2856,-4.179754734039307,0.511409342288971,-0.00024671602295711637,0.032998766750097275,0.032998763024806976,1.0,3.0,collision
2857,-4.179753303527832,0.5114304423332214,-0.0002518028486520052,0.0006797388778068125,0.0006608899566344917,0.0,3.0,collision
2858,-4.179753303527832,0.5114303827285767,-0.00025130316498689353,1.57258145918604e-05,1.8626450355441193e-06,0.0,3.0,collision
2859,-4.179659366607666,0.5124611854553223,-0.00024570850655436516,0.032346539199352264,0.03234606608748436,1.0,-3.0,collision
2860,-4.179564476013184,0.513512909412384,-0.0002458105736877769,0.03299987316131592,0.03299987316131592,1.0,3.0,collision
2861,-4.179471969604492,0.5145648717880249,-0.0002461810945533216,0.03300068527460098,0.033000681549310684,1.0,3.0,collision
2862,-4.179381847381592,0.5156170129776001,-0.00024648182443343103,0.032999809831380844,0.032999806106090546,1.0,-3.0,collision
2863,-4.179288864135742,0.516668975353241,-0.0002467326121404767,0.03300199285149574,0.03300199285149574,1.0,-3.0,collision
2864,-4.17919397354126,0.5177206993103027,-0.0002469437604304403,0.03299987316131592,0.03299987316131592,1.0,3.0,collision
2865,-4.17910099029541,0.5187726020812988,-0.00024709306308068335,0.03300013765692711,0.03300013765692711,1.0,-3.0,collision
2866,-4.179102897644043,0.5187937021255493,-0.00025211519096046686,0.0006804119911976159,0.00066206487827003,0.0,3.0,collision
2867,-4.179012298583984,0.5198245644569397,-0.0002466691075824201,0.03233906999230385,0.03233862295746803,1.0,3.0,collision
2868,-4.178922653198242,0.5208767652511597,-0.0002465815341565758,0.0330003947019577,0.0330003947019577,1.0,3.0,collision
2869,-4.178835868835449,0.5219292044639587,-0.0002467982121743262,0.03300034999847412,0.03300034999847412,1.0,3.0,collision
2870,-4.178750991821289,0.5229817628860474,-0.0002469751634635031,0.03299922123551369,0.03299922123551369,1.0,-3.0,collision
2871,-4.17866325378418,0.5240341424942017,-0.0002471268817316741,0.03300095722079277,0.03300095722079277,1.0,-3.0,collision
2872,-4.1785736083984375,0.5250863432884216,-0.0002472591877449304,0.0330003947019577,0.0330003947019577,1.0,3.0,collision
2873,-4.178485870361328,0.5261387228965759,-0.0002473452186677605,0.03300095722079277,0.03300095722079277,1.0,-3.0,collision
2874,-4.1784844398498535,0.5261597633361816,-0.00025230407482013106,0.0006770056206732988,0.0006590316188521683,0.0,-3.0,collision
2875,-4.1783928871154785,0.5271905660629272,-0.00024682117509655654,0.03233984112739563,0.032339390367269516,1.0,-3.0,collision
2876,-4.17839241027832,0.5271908640861511,-0.0002516880922485143,0.00015310291200876236,1.7572157958056778e-05,0.0,0.0,collision
2877,-4.178299427032471,0.5282214283943176,-0.00024622774799354374,0.03233640268445015,0.032335951924324036,1.0,3.0,collision
2878,-4.178298473358154,0.5282425880432129,-0.00025110680144280195,0.0006792440544813871,0.0006619102787226439,0.0,3.0,collision
2879,-4.178206920623779,0.5292735695838928,-0.00024583633057773113,0.032345373183488846,0.03234495595097542,1.0,-3.0,collision
2880,-4.178114414215088,0.5303255319595337,-0.00024591662804596126,0.033000681549310684,0.033000681549310684,1.0,-3.0,collision
2881,-4.178020000457764,0.5313773155212402,-0.0002462764969095588,0.0330003947019577,0.033000390976667404,1.0,3.0,collision
2882,-4.177927017211914,0.5324292182922363,-0.0002465587167534977,0.03300013765692711,0.03300013765692711,1.0,-3.0,collision
2883,-4.177925109863281,0.532450258731842,-0.00025167549028992653,0.000679297256283462,0.0006602098001167178,0.0,-3.0,collision
2884,-4.177829742431641,0.533480703830719,-0.0002463294949848205,0.03233945369720459,0.03233902528882027,1.0,3.0,collision
2885,-4.177827835083008,0.5335017442703247,-0.0002511823258828372,0.0006774031207896769,0.0006602098001167178,0.0,-3.0,collision
2886,-4.177732944488525,0.5345322489738464,-0.00024591985857114196,0.032339926809072495,0.03233950957655907,1.0,3.0,collision
2887,-4.177638530731201,0.535584032535553,-0.0002459722454659641,0.033000390976667404,0.033000390976667404,1.0,-3.0,collision
2888,-4.177640438079834,0.5356051325798035,-0.0002512046485207975,0.000681957695633173,0.00066206487827003,0.0,3.0,collision
2889,-4.177640438079834,0.5356051921844482,-0.00025082367938011885,1.2050114492012653e-05,1.8626450355441193e-06,0.0,3.0,collision
2890,-4.177640914916992,0.5356051921844482,-0.0002502207353245467,2.402218888164498e-05,1.4901160284352954e-05,0.0,3.0,collision
2891,-4.177640438079834,0.5356051325798035,-0.0002497140667401254,2.1822244889335707e-05,1.501712449680781e-05,0.0,-3.0,collision
2892,-4.177550315856934,0.5366360545158386,-0.00024444347945973277,0.03233959153294563,0.032339174300432205,1.0,3.0,collision
2893,-4.177460670471191,0.5376882553100586,-0.00024477671831846237,0.033000398427248,0.0330003947019577,1.0,-3.0,collision
2894,-4.177462577819824,0.5377094149589539,-0.000250248092925176,0.0006855829851701856,0.0006639199564233422,0.0,3.0,collision
2895,-4.177462577819824,0.5377094745635986,-0.0002500537666492164,6.351935098791728e-06,1.8626450355441193e-06,0.0,0.0,collision
2896,-4.177462100982666,0.5377094149589539,-0.0002496005326975137,2.064268664980773e-05,1.501712449680781e-05,0.0,-3.0,collision
2897,-4.177462100982666,0.5377094745635986,-0.0002492327766958624,1.164234163297806e-05,1.8626450355441193e-06,0.0,0.0,collision
2898,-4.177372455596924,0.5387403964996338,-0.00024405452131759375,0.03233828768134117,0.03233787789940834,1.0,3.0,collision
2899,-4.177283763885498,0.5397926568984985,-0.000244475610088557,0.032999735325574875,0.032999731600284576,1.0,3.0,collision
2900,-4.177284240722656,0.5397930145263672,-0.0002500873524695635,0.00017635336553212255,1.862645149230957e-05,0.0,0.0,collision
2901,-4.177198886871338,0.540824294090271,-0.00024494927492924035,0.03233807533979416,0.032337676733732224,1.0,-3.0,collision
2902,-4.177196979522705,0.5408453345298767,-0.0002500849077478051,0.0006794361979700625,0.0006602098001167178,0.0,-3.0,collision
2903,-4.1771063804626465,0.5418761968612671,-0.0002450306492391974,0.032339006662368774,0.03233862295746803,1.0,-3.0,collision
2904,-4.177011489868164,0.5429279208183289,-0.00024527180357836187,0.03299987316131592,0.03299987316131592,1.0,-3.0,collision
2905,-4.177012920379639,0.5429490208625793,-0.0002506449818611145,0.000681887031532824,0.0006608899566344917,0.0,3.0,collision
2906,-4.1770124435424805,0.5429489612579346,-0.00025036645820364356,1.7357167962472886e-05,1.501712449680781e-05,0.0,-3.0,collision
2907,-4.17691707611084,0.5439793467521667,-0.00024496958940289915,0.03233760967850685,0.03233717009425163,1.0,-3.0,collision
2908,-4.1769185066223145,0.5440004467964172,-0.0002501036797184497,0.0006800857954658568,0.0006608899566344917,0.0,3.0,collision
2909,-4.176917552947998,0.5440003871917725,-0.0002499187830835581,3.0414361390285194e-05,2.9860471840947866e-05,0.0,-3.0,collision
2910,-4.176819801330566,0.5450305938720703,-0.00024461065186187625,0.032338980585336685,0.03233855590224266,1.0,-3.0,collision
2911,-4.176718711853027,0.5460817813873291,-0.0002449319581501186,0.03300115838646889,0.03300115466117859,1.0,3.0,collision
2912,-4.1766204833984375,0.5471331477165222,-0.0002454784407746047,0.03299828991293907,0.032998282462358475,1.0,3.0,collision
2913,-4.176618576049805,0.5471542477607727,-0.0002508015895728022,0.00068264314904809,0.00066206487827003,0.0,-3.0,collision
2914,-4.176619052886963,0.5471543073654175,-0.00025051384000107646,1.750352021190338e-05,1.501712449680781e-05,0.0,3.0,collision
2915,-4.1765241622924805,0.5481847524642944,-0.00024508932256139815,0.03233809769153595,0.03233765438199043,1.0,3.0,collision
2916,-4.176523208618164,0.5482059121131897,-0.00025018700398504734,0.0006808101898059249,0.0006619102787226439,0.0,3.0,collision
2917,-4.1764302253723145,0.5492367744445801,-0.0002450997126288712,0.03234562277793884,0.032345227897167206,1.0,-3.0,collision
2918,-4.176428318023682,0.5492578744888306,-0.0002502094430383295,0.0006810486665926874,0.00066206487827003,0.0,-3.0,collision
2919,-4.176333427429199,0.5502883791923523,-0.0002451419422868639,0.03233989700675011,0.03233950957655907,1.0,3.0,collision
2920,-4.176239013671875,0.5513401627540588,-0.0002453501510899514,0.033000390976667404,0.033000390976667404,1.0,-3.0,collision
2921,-4.176142692565918,0.552391767501831,-0.00024582320475019515,0.03300021216273308,0.03300020843744278,1.0,3.0,collision
2922,-4.176048278808594,0.5534436106681824,-0.0002461960830260068,0.03300224989652634,0.03300224617123604,1.0,-3.0,collision
2923,-4.176046371459961,0.5534646511077881,-0.0002513854415155947,0.000679834745824337,0.0006602098001167178,0.0,-3.0,collision
2924,-4.175949573516846,0.5544949173927307,-0.00024609750835224986,0.03233803063631058,0.03233760967850685,1.0,3.0,collision
2925,-4.175853729248047,0.5555465817451477,-0.00024612515699118376,0.03300070762634277,0.03300070762634277,1.0,3.0,collision
2926,-4.175852298736572,0.5555676221847534,-0.0002513044746592641,0.0006786157027818263,0.0006590316188521683,0.0,-3.0,collision
2927,-4.175851821899414,0.5555676221847534,-0.00025090452982112765,1.9448689272394404e-05,1.4901160284352954e-05,0.0,-3.0,collision
2928,-4.175753593444824,0.5566188097000122,-0.0002453091146890074,0.03299318253993988,0.03299272060394287,1.0,0.0,collision
2929,-4.175751686096191,0.5566399097442627,-0.0002504501608200371,0.0006812788196839392,0.00066206487827003,0.0,-3.0,collision
2930,-4.175652503967285,0.5576699376106262,-0.00024533772375434637,0.03233764320611954,0.0323372483253479,1.0,3.0,collision
2931,-4.175553321838379,0.5587213039398193,-0.00024550684611313045,0.033001068979501724,0.033001068979501724,1.0,-3.0,collision
2932,-4.175551414489746,0.558742344379425,-0.0002508196921553463,0.0006807655445300043,0.0006602098001167178,0.0,-3.0,collision
2933,-4.175449371337891,0.5597721338272095,-0.000245632603764534,0.032338935881853104,0.03233852609992027,1.0,-3.0,collision
2934,-4.175448894500732,0.5597724318504333,-0.0002507379394955933,0.00016050651902332902,1.7572157958056778e-05,0.0,0.0,collision
2935,-4.175342559814453,0.5608229041099548,-0.000245365226874128,0.03299544006586075,0.032995011657476425,1.0,0.0,collision
2936,-4.175340175628662,0.5608438849449158,-0.00025050484691746533,0.0006791361956857145,0.0006598707986995578,0.0,-3.0,collision
2937,-4.175233840942383,0.561873197555542,-0.00024538187426514924,0.032337598502635956,0.03233720362186432,1.0,3.0,collision
2938,-4.1751275062561035,0.562923789024353,-0.00024554223637096584,0.032998718321323395,0.032998718321323395,1.0,-3.0,collision
2939,-4.175018310546875,0.5639742016792297,-0.00024596648290753365,0.03300228714942932,0.03300228342413902,1.0,-3.0,collision
2940,-4.174907207489014,0.5650243163108826,-0.00024632035638205707,0.03299923986196518,0.03299923986196518,1.0,-3.0,collision
2941,-4.174908638000488,0.5650453567504883,-0.0002514983352739364,0.0006786057492718101,0.0006590316188521683,0.0,3.0,collision
2942,-4.174796104431152,0.5660743713378906,-0.0002461628755554557,0.03234885632991791,0.032348424196243286,1.0,-3.0,collision
2943,-4.1746826171875,0.5671243667602539,-0.0002461841213516891,0.03300345689058304,0.03300345689058304,1.0,0.0,collision
2944,-4.174569129943848,0.5681743025779724,-0.00024648610269650817,0.0330016054213047,0.0330016054213047,1.0,3.0,collision
2945,-4.174458026885986,0.5692244172096252,-0.00024672612198628485,0.03299923986196518,0.03299923986196518,1.0,-3.0,collision
2946,-4.17434549331665,0.5702743530273438,-0.00024693814339116216,0.03299841657280922,0.03299841657280922,1.0,3.0,collision
2947,-4.174234867095947,0.5713245868682861,-0.00024709830177016556,0.0330013781785965,0.0330013781785965,1.0,3.0,collision
2948,-4.1742329597473145,0.5713455677032471,-0.00025209717568941414,0.0006766343722119927,0.0006583547801710665,0.0,-3.0,collision
2949,-4.174123764038086,0.5723746418952942,-0.0002466549922246486,0.03233955428004265,0.032339103519916534,1.0,-3.0,collision
2950,-4.174009799957275,0.5734244585037231,-0.00024657140602357686,0.03299950435757637,0.03299950435757637,1.0,-3.0,collision
2951,-4.173893451690674,0.574474036693573,-0.0002467901795171201,0.03300022333860397,0.03300022333860397,1.0,-3.0,collision
2952,-4.1737751960754395,0.5755234360694885,-0.00024698898778297007,0.03300129249691963,0.03300129249691963,1.0,3.0,collision
2953,-4.173659801483154,0.5765730738639832,-0.0002471388434059918,0.03299880400300026,0.03299880400300026,1.0,3.0,collision
2954,-4.173546314239502,0.5776229500770569,-0.0002472485357429832,0.03299975022673607,0.03299975022673607,1.0,-3.0,collision
2955,-4.173543930053711,0.5776439309120178,-0.00025222680415026844,0.0006779614486731589,0.0006598707986995578,0.0,-3.0,collision
2956,-4.173427104949951,0.5786721706390381,-0.000246759329456836,0.0323396697640419,0.03233921900391579,1.0,-3.0,collision
2957,-4.173306465148926,0.5797212719917297,-0.00024666512035764754,0.03300046548247337,0.03300046548247337,1.0,3.0,collision
2958,-4.173187732696533,0.5807705521583557,-0.0002468555176164955,0.03299925848841667,0.03299925848841667,1.0,-3.0,collision
2959,-4.17306661605835,0.5818197131156921,-0.0002470357867423445,0.033004023134708405,0.033004023134708405,1.0,0.0,collision
2960,-4.173066139221191,0.581820011138916,-0.00025215520872734487,0.000160944095114246,1.7572157958056778e-05,0.0,0.0,collision
2961,-4.172947883605957,0.5828480124473572,-0.00024661593488417566,0.032337360084056854,0.032336894422769547,1.0,3.0,collision
2962,-4.172946453094482,0.5828690528869629,-0.0002514180960133672,0.0006759015959687531,0.0006590316188521683,0.0,3.0,collision
2963,-4.172828674316406,0.583897590637207,-0.0002460844407323748,0.032352279871702194,0.03235184773802757,1.0,-3.0,collision
2964,-4.172709941864014,0.584946870803833,-0.00024611581466160715,0.03299925848841667,0.03299925848841667,1.0,-3.0,collision
2965,-4.1725897789001465,0.5859959721565247,-0.0002464358403813094,0.03299877047538757,0.032998766750097275,1.0,3.0,collision
2966,-4.172471046447754,0.5870453119277954,-0.0002466861333232373,0.033001117408275604,0.033001113682985306,1.0,-3.0,collision
2967,-4.17234992980957,0.5880943536758423,-0.00024689611745998263,0.03300032392144203,0.03300032392144203,1.0,-3.0,collision
2968,-4.172227382659912,0.5891432166099548,-0.0002470744657330215,0.032999929040670395,0.032999929040670395,1.0,3.0,collision
2969,-4.172106742858887,0.5901923775672913,-0.0002472072665113956,0.03300231695175171,0.03300231695175171,1.0,3.0,collision
2970,-4.171988487243652,0.591241717338562,-0.0002473032218404114,0.032999441027641296,0.032999441027641296,1.0,-3.0,collision
2971,-4.171867847442627,0.5922908782958984,-0.0002473945205565542,0.03300231695175171,0.03300231695175171,1.0,0.0,collision
2972,-4.171747207641602,0.5933400392532349,-0.0002474637876730412,0.03300231695175171,0.03300231695175171,1.0,0.0,collision
2973,-4.171626567840576,0.5943890810012817,-0.0002475141372997314,0.032998617738485336,0.032998617738485336,1.0,-3.0,collision
2974,-4.171504020690918,0.5954378843307495,-0.0002475685905665159,0.03299807757139206,0.03299807757139206,1.0,3.0,collision
2975,-4.171383380889893,0.5964869260787964,-0.00024759265943430364,0.032998617738485336,0.032998617738485336,1.0,-3.0,collision
2976,-4.171260356903076,0.5975358486175537,-0.00024762601242400706,0.03300350904464722,0.03300350904464722,1.0,0.0,collision
2977,-4.171258449554443,0.5975568294525146,-0.0002525361778680235,0.0006759997340850532,0.0006583547801710665,0.0,3.0,collision
2978,-4.171257972717285,0.5975567698478699,-0.0002518804685678333,2.540455898270011e-05,1.501712449680781e-05,0.0,-3.0,collision
2979,-4.171137809753418,0.5985845923423767,-0.00024619209580123425,0.032338697463274,0.032338209450244904,1.0,3.0,collision
2980,-4.171017646789551,0.5996336936950684,-0.00024617603048682213,0.032998766750097275,0.032998766750097275,1.0,-3.0,collision
2981,-4.170895099639893,0.6006825566291809,-0.0002464725694153458,0.032999929040670395,0.032999929040670395,1.0,-3.0,collision
2982,-4.170770645141602,0.6017312407493591,-0.0002467350277584046,0.03300135210156441,0.03300134837627411,1.0,3.0,collision
2983,-4.170648574829102,0.6027801632881165,-0.0002469308383297175,0.033000051975250244,0.033000051975250244,1.0,0.0,collision
2984,-4.170648574829102,0.6027804613113403,-0.00025207092403434217,0.00016089744167402387,9.313225746154785e-06,0.0,0.0,collision
2985,-4.170527935028076,0.6038082242012024,-0.0002465374709572643,0.03233855590224266,0.03233809396624565,1.0,-3.0,collision
2986,-4.170402526855469,0.6048567891120911,-0.00024647332611493766,0.03300117701292038,0.03300117701292038,1.0,-3.0,collision
2987,-4.1702752113342285,0.6059051156044006,-0.0002467164013069123,0.03300091251730919,0.03300091251730919,1.0,0.0,collision
2988,-4.17014741897583,0.6069533824920654,-0.00024691602448001504,0.03300086036324501,0.03300086036324501,1.0,-3.0,collision
2989,-4.170144557952881,0.6069743037223816,-0.00025196155183948576,0.0006784494034945965,0.0006598734180442989,0.0,-3.0,collision
2990,-4.170144081115723,0.606974184513092,-0.0002514317457098514,2.2584023099625483e-05,1.5359764802269638e-05,0.0,-3.0,collision
2991,-4.170011520385742,0.6080005168914795,-0.0002458224189467728,0.032339777797460556,0.03233930096030235,1.0,-3.0,collision
2992,-4.169875144958496,0.6090476512908936,-0.0002459011157043278,0.032999299466609955,0.032999299466609955,1.0,3.0,collision
2993,-4.169740676879883,0.6100951433181763,-0.00024624852812848985,0.033002741634845734,0.033002737909555435,1.0,0.0,collision
2994,-4.169737815856934,0.6101160645484924,-0.0002514226653147489,0.0006793946959078312,0.0006598734180442989,0.0,-3.0,collision
2995,-4.16960334777832,0.6111420392990112,-0.00024611566914245486,0.03233633562922478,0.03233591094613075,1.0,-3.0,collision
2996,-4.169464111328125,0.6121888756752014,-0.00024615039001218975,0.03300173580646515,0.03300173580646515,1.0,3.0,collision
2997,-4.169462203979492,0.6122098565101624,-0.00025133637245744467,0.0006780081894248724,0.0006583547801710665,0.0,3.0,collision
2998,-4.169330596923828,0.6132363080978394,-0.0002460458199493587,0.032339613884687424,0.0323391929268837,1.0,3.0,collision
2999,-4.169198989868164,0.614284098148346,-0.0002460833638906479,0.03300071507692337,0.03300071507692337,1.0,3.0,collision
3000,-4.169069290161133,0.6153321266174316,-0.0002463894779793918,0.03300073370337486,0.03300073370337486,1.0,-3.0,collision
3001,-4.1689372062683105,0.6163798570632935,-0.0002466578152962029,0.033000729978084564,0.033000726252794266,1.0,-3.0,collision
3002,-4.1688032150268555,0.6174273490905762,-0.0002468787715770304,0.033000845462083817,0.033000845462083817,1.0,0.0,collision
3003,-4.1688008308410645,0.6174483895301819,-0.0002519389381632209,0.0006803532596677542,0.0006617215112783015,0.0,3.0,collision
3004,-4.168801307678223,0.6174483299255371,-0.0002514125080779195,2.2274367438512854e-05,1.501712449680781e-05,0.0,3.0,collision
3005,-4.168801307678223,0.6174483299255371,-0.00025069169350899756,2.252545345982071e-05,0.0,0.0,3.0,collision
3006,-4.168676853179932,0.618475615978241,-0.00024521633167751133,0.032337866723537445,0.03233741223812103,1.0,3.0,collision
3007,-4.168552398681641,0.6195243000984192,-0.0002454044879414141,0.03300134837627411,0.03300134837627411,1.0,3.0,collision
3008,-4.168430328369141,0.6205733418464661,-0.00024585091159678996,0.033003754913806915,0.033003754913806915,1.0,0.0,collision
3009,-4.168307781219482,0.6216222047805786,-0.0002462229458615184,0.032999929040670395,0.032999929040670395,1.0,-3.0,collision
3010,-4.168182849884033,0.6226707696914673,-0.00024652565480209887,0.03299941122531891,0.03299940750002861,1.0,-3.0,collision
3011,-4.168056488037109,0.6237190961837769,-0.00024677833425812423,0.03299733251333237,0.03299733251333237,1.0,3.0,collision
3012,-4.168056488037109,0.6237194538116455,-0.00025194394402205944,0.0001618117094039917,1.117586998589104e-05,0.0,0.0,collision
3013,-4.167933940887451,0.6247470378875732,-0.00024644684162922204,0.03234000504016876,0.03233955055475235,1.0,3.0,collision
3014,-4.167811870574951,0.6257959008216858,-0.0002463900309521705,0.03299820050597191,0.03299820050597191,1.0,-3.0,collision
3015,-4.167814254760742,0.6258169412612915,-0.0002515394298825413,0.0006810067570768297,0.0006617215112783015,0.0,3.0,collision
3016,-4.167689800262451,0.6268447637557983,-0.00024619384203106165,0.032354485243558884,0.03235405683517456,1.0,-3.0,collision
3017,-4.167565822601318,0.6278934478759766,-0.000246214447543025,0.03299959376454353,0.03299959376454353,1.0,3.0,collision
3018,-4.1675639152526855,0.6279144883155823,-0.00025138765340670943,0.0006797144887968898,0.0006602098001167178,0.0,3.0,collision
3019,-4.1675639152526855,0.6279144287109375,-0.0002509608748368919,1.3466272321238648e-05,1.8626450355441193e-06,0.0,-3.0,collision
3020,-4.167444229125977,0.6289423704147339,-0.00024545640917494893,0.0323406420648098,0.03234018757939339,1.0,3.0,collision
3021,-4.167325496673584,0.6299916505813599,-0.0002455978246871382,0.03299925848841667,0.03299925848841667,1.0,3.0,collision
3022,-4.167209148406982,0.6310412883758545,-0.00024601095356047153,0.03300207853317261,0.03300207480788231,1.0,3.0,collision
3023,-4.1670942306518555,0.6320909857749939,-0.00024634547298774123,0.032999034970998764,0.032999034970998764,1.0,-3.0,collision
3024,-4.166977405548096,0.6331405639648438,-0.0002466340083628893,0.03300187364220619,0.03300187364220619,1.0,3.0,collision
3025,-4.166862487792969,0.6341903209686279,-0.0002468450693413615,0.0330008827149868,0.0330008827149868,1.0,-3.0,collision
3026,-4.166746139526367,0.635239839553833,-0.00024703354574739933,0.03299837186932564,0.03299837186932564,1.0,3.0,collision
3027,-4.166630744934082,0.6362895369529724,-0.00024716462939977646,0.033000655472278595,0.033000655472278595,1.0,-3.0,collision
3028,-4.166513919830322,0.6373391151428223,-0.000247289048274979,0.03300187364220619,0.03300187364220619,1.0,3.0,collision
3029,-4.166399002075195,0.6383888125419617,-0.00024736899649724364,0.032999034970998764,0.032999034970998764,1.0,-3.0,collision
3030,-4.1662821769714355,0.6394383311271667,-0.00024745246628299356,0.03300001844763756,0.03300001844763756,1.0,3.0,collision
3031,-4.166167259216309,0.6404880285263062,-0.00024749970179982483,0.032999034970998764,0.032999034970998764,1.0,-3.0,collision
3032,-4.166164875030518,0.6405090093612671,-0.000252427562372759,0.0006776017253287137,0.0006598707986995578,0.0,-3.0,collision
3033,-4.166046619415283,0.641537070274353,-0.0002469198079779744,0.03233920410275459,0.03233874589204788,1.0,-3.0,collision
3034,-4.166043758392334,0.641558051109314,-0.0002516648673918098,0.0006781296106055379,0.0006617189501412213,0.0,-3.0,collision
3035,-4.166043281555176,0.6415579319000244,-0.0002511797356419265,2.1581452529062517e-05,1.5359764802269638e-05,0.0,-3.0,collision
3036,-4.165917873382568,0.6425851583480835,-0.0002456199727021158,0.032339632511138916,0.03233916312456131,1.0,-3.0,collision
3037,-4.165787696838379,0.6436331272125244,-0.00024572928668931127,0.03300071880221367,0.03300071880221367,1.0,-3.0,collision
3038,-4.16578483581543,0.6436540484428406,-0.00025099777849391103,0.000680102501064539,0.0006598734180442989,0.0,-3.0,collision
3039,-4.16578483581543,0.6436540484428406,-0.00025067009846679866,1.0239999937766697e-05,0.0,0.0,3.0,collision
3040,-4.165655136108398,0.6446807384490967,-0.0002452139451634139,0.03233950957655907,0.03233905881643295,1.0,3.0,collision
3041,-4.165525913238525,0.6457288265228271,-0.00024540317826904356,0.03300075605511665,0.03300075605511665,1.0,3.0,collision
3042,-4.165399551391602,0.6467772126197815,-0.00024585507344454527,0.0329991839826107,0.032999180257320404,1.0,3.0,collision
3043,-4.165398120880127,0.6467983722686768,-0.0002511140482965857,0.0006828206242062151,0.000662748352624476,0.0,3.0,collision
3044,-4.165278434753418,0.6478262543678284,-0.00024586901417933404,0.03233874961733818,0.03233833238482475,1.0,3.0,collision
3045,-4.165158271789551,0.6488754749298096,-0.00024593170383013785,0.033002469688653946,0.033002469688653946,1.0,-3.0,collision
3046,-4.165036678314209,0.6499244570732117,-0.0002462884003762156,0.03300018608570099,0.03300018608570099,1.0,3.0,collision
3047,-4.164917469024658,0.6509737372398376,-0.00024657833273522556,0.03300094231963158,0.03300094231963158,1.0,3.0,collision
3048,-4.164916038513184,0.6509947180747986,-0.0002516814274713397,0.0006762454868294299,0.000657173281069845,0.0,-3.0,collision
3049,-4.164798259735107,0.6520228981971741,-0.00024633394787088037,0.03234117850661278,0.032340746372938156,1.0,3.0,collision
3050,-4.164681434631348,0.6530724763870239,-0.0002463146229274571,0.03300187364220619,0.03300187364220619,1.0,3.0,collision
3051,-4.164566516876221,0.6541221737861633,-0.00024657431640662253,0.032999034970998764,0.032999034970998764,1.0,-3.0,collision
3052,-4.1644487380981445,0.6551716327667236,-0.00024680542992427945,0.033001478761434555,0.033001478761434555,1.0,-3.0,collision
3053,-4.1643290519714355,0.6562208533287048,-0.0002470021427143365,0.033000778406858444,0.033000778406858444,1.0,3.0,collision
3054,-4.164329528808594,0.6562211513519287,-0.0002521229034755379,0.00016098566993605345,1.7572157958056778e-05,0.0,0.0,collision
3055,-4.164330005645752,0.6562212109565735,-0.00025147368432953954,2.5241255571017973e-05,1.501712449680781e-05,0.0,3.0,collision
3056,-4.164212703704834,0.6572497487068176,-0.00024584008497186005,0.03235063701868057,0.03235015645623207,1.0,-3.0,collision
3057,-4.164094924926758,0.6582991480827332,-0.00024591656983830035,0.03299962729215622,0.03299962729215622,1.0,3.0,collision
3058,-4.1639790534973145,0.6593487858772278,-0.0002462560951244086,0.033000439405441284,0.033000439405441284,1.0,-3.0,collision
3059,-4.163860321044922,0.6603981256484985,-0.0002465513243805617,0.033001117408275604,0.033001113682985306,1.0,-3.0,collision
3060,-4.1637396812438965,0.6614472270011902,-0.00024678875342942774,0.03300046548247337,0.03300046548247337,1.0,-3.0,collision
3061,-4.16361665725708,0.662496030330658,-0.00024697885964997113,0.032999809831380844,0.032999809831380844,1.0,-3.0,collision
3062,-4.163491725921631,0.6635445952415466,-0.0002471405314281583,0.03299940750002861,0.03299940750002861,1.0,3.0,collision
3063,-4.163369178771973,0.6645934581756592,-0.0002472599735483527,0.032999929040670395,0.032999929040670395,1.0,3.0,collision
3064,-4.163248538970947,0.6656425595283508,-0.0002473454223945737,0.03300046548247337,0.03300046548247337,1.0,-3.0,collision
3065,-4.163246154785156,0.6656635403633118,-0.0002523043367546052,0.0006778229144401848,0.0006598707986995578,0.0,-3.0,collision
3066,-4.163245677947998,0.665663480758667,-0.00025170575827360153,2.3987760869204067e-05,1.501712449680781e-05,0.0,-3.0,collision
3067,-4.163119792938232,0.6666906476020813,-0.000246041570790112,0.03233960643410683,0.03233912214636803,1.0,-3.0,collision
3068,-4.163119792938232,0.6666909456253052,-0.00025105022359639406,0.00015679722127970308,9.313225746154785e-06,0.0,0.0,collision
3069,-4.162991523742676,0.6677178144454956,-0.0002457057707943022,0.03233946114778519,0.032339029014110565,1.0,-3.0,collision
3070,-4.162988185882568,0.6677387356758118,-0.00025068948161788285,0.0006801284616813064,0.0006620570202358067,0.0,-3.0,collision
3071,-4.16298770904541,0.6677386164665222,-0.00025039954925887287,1.7832919184002094e-05,1.5359764802269638e-05,0.0,-3.0,collision
3072,-4.162987232208252,0.6677386164665222,-0.0002498860121704638,2.1899406419834122e-05,1.4901160284352954e-05,0.0,0.0,collision
3073,-4.1628522872924805,0.668764591217041,-0.0002445668214932084,0.032338276505470276,0.03233785182237625,1.0,-3.0,collision
3074,-4.162712574005127,0.6698113679885864,-0.0002448961022309959,0.0330018550157547,0.0330018550157547,1.0,3.0,collision
3075,-4.162709712982178,0.6698322892189026,-0.00025032198755070567,0.0006813098443672061,0.0006598734180442989,0.0,-3.0,collision
3076,-4.162572860717773,0.6708580255508423,-0.00024524526088498533,0.03233868256211281,0.03233829513192177,1.0,3.0,collision
3077,-4.162570953369141,0.6708791255950928,-0.00025032690609805286,0.0006808434263803065,0.00066206487827003,0.0,3.0,collision
3078,-4.162439346313477,0.671905517578125,-0.00024522433523088694,0.032337736338377,0.03233734518289566,1.0,3.0,collision
3079,-4.1623077392578125,0.6729533672332764,-0.00024542579194530845,0.03300256282091141,0.03300256282091141,1.0,3.0,collision
3080,-4.162178039550781,0.6740013360977173,-0.00024586357176303864,0.032998889684677124,0.032998885959386826,1.0,-3.0,collision
3081,-4.162045955657959,0.6750490665435791,-0.0002462371776346117,0.033000729978084564,0.033000726252794266,1.0,-3.0,collision
3082,-4.16204833984375,0.6750701069831848,-0.0002514329389669001,0.0006813505897298455,0.0006617215112783015,0.0,3.0,collision
3083,-4.161919116973877,0.6760967969894409,-0.0002461219555698335,0.03233762085437775,0.03233719617128372,1.0,3.0,collision
3084,-4.161917209625244,0.6761178970336914,-0.0002510269987396896,0.0006795773515477777,0.00066206487827003,0.0,3.0,collision
3085,-4.161793231964111,0.67714524269104,-0.0002457846130710095,0.032337889075279236,0.03233747556805611,1.0,3.0,collision
3086,-4.1616692543029785,0.678193986415863,-0.0002458738163113594,0.03300144523382187,0.03300144523382187,1.0,3.0,collision
3087,-4.161667346954346,0.6782150268554688,-0.00025110351270996034,0.0006801365525461733,0.0006602098001167178,0.0,-3.0,collision
3088,-4.161545753479004,0.679242730140686,-0.0002458707895129919,0.032340146601200104,0.032339729368686676,1.0,3.0,collision
3089,-4.161423683166504,0.6802916526794434,-0.0002459335664752871,0.033000051975250244,0.033000051975250244,1.0,-3.0,collision
3090,-4.161421298980713,0.6803126931190491,-0.0002511607308406383,0.0006815851083956659,0.0006617215112783015,0.0,-3.0,collision
3091,-4.16129732131958,0.6813400387763977,-0.00024591691908426583,0.032337889075279236,0.03233747556805611,1.0,3.0,collision
3092,-4.161295413970947,0.6813610792160034,-0.000250852492172271,0.0006779867107979953,0.0006602098001167178,0.0,-3.0,collision
3093,-4.161170482635498,0.6823883652687073,-0.00024564412888139486,0.03233962133526802,0.03233921155333519,1.0,-3.0,collision
3094,-4.161041259765625,0.6834364533424377,-0.00024577268050052226,0.03300075605511665,0.03300075605511665,1.0,3.0,collision
3095,-4.161038875579834,0.6834574341773987,-0.0002510233607608825,0.0006799653638154268,0.0006598707986995578,0.0,-3.0,collision
3096,-4.160911560058594,0.6844844222068787,-0.0002457949740346521,0.03233945742249489,0.03233904764056206,1.0,-3.0,collision
3097,-4.1609110832214355,0.6844847202301025,-0.0002508677134755999,0.00015949405496940017,1.7572157958056778e-05,0.0,0.0,collision
3098,-4.1609110832214355,0.6844846606254578,-0.0002504453877918422,1.3328470231499523e-05,1.8626450355441193e-06,0.0,-3.0,collision
3099,-4.160778522491455,0.6855109333992004,-0.0002450280007906258,0.03233789652585983,0.032337453216314316,1.0,-3.0,collision
3100,-4.160641670227051,0.6865580677986145,-0.0002452656044624746,0.03300122544169426,0.03300122544169426,1.0,3.0,collision
3101,-4.160506725311279,0.6876054406166077,-0.0002457355731166899,0.03300094977021217,0.033000946044921875,1.0,-3.0,collision
3102,-4.160503387451172,0.6876263618469238,-0.0002510167832951993,0.0006823173025622964,0.0006620570202358067,0.0,-3.0,collision
3103,-4.160366058349609,0.6886520385742188,-0.0002457911614328623,0.03233883157372475,0.03233841806650162,1.0,-3.0,collision
3104,-4.160224437713623,0.6896984577178955,-0.0002458908420521766,0.032998718321323395,0.032998718321323395,1.0,3.0,collision
3105,-4.160084247589111,0.6907451152801514,-0.0002462363918311894,0.03300013765692711,0.03300013765692711,1.0,-3.0,collision
3106,-4.159941673278809,0.6917915344238281,-0.00024653581203892827,0.03300272673368454,0.03300272673368454,1.0,-3.0,collision
3107,-4.159938335418701,0.6918123960494995,-0.0002516578242648393,0.0006793434731662273,0.000660217716358602,0.0,-3.0,collision
3108,-4.159794330596924,0.6928371787071228,-0.0002463150885887444,0.03233952820301056,0.032339099794626236,1.0,3.0,collision
3109,-4.159649848937988,0.6938832402229309,-0.0002462893316987902,0.03299975395202637,0.03299975395202637,1.0,-3.0,collision
3110,-4.159503936767578,0.6949291229248047,-0.00024657417088747025,0.03300036862492561,0.03300036862492561,1.0,3.0,collision
3111,-4.159359455108643,0.6959751844406128,-0.00024679669877514243,0.03299975395202637,0.03299975395202637,1.0,-3.0,collision
3112,-4.159212589263916,0.697020947933197,-0.00024698450579307973,0.03300080820918083,0.03300080820918083,1.0,-3.0,collision
3113,-4.159063339233398,0.6980663537979126,-0.00024713532184250653,0.03300018981099129,0.03300018981099129,1.0,-3.0,collision
3114,-4.158912181854248,0.6991115212440491,-0.0002472657070029527,0.03300129249691963,0.03300129249691963,1.0,3.0,collision
3115,-4.158912181854248,0.699111819267273,-0.00025233346968889236,0.00015864118176978081,9.313225746154785e-06,0.0,0.0,collision
3116,-4.15891170501709,0.699111819267273,-0.00025163672398775816,2.6384110242361203e-05,1.4901160284352954e-05,0.0,0.0,collision
3117,-4.158766269683838,0.7001363039016724,-0.00024598880554549396,0.03233661130070686,0.03233612701296806,1.0,3.0,collision
3118,-4.158763408660889,0.7001572251319885,-0.00025089498376473784,0.0006774506182409823,0.0006598734180442989,0.0,-3.0,collision
3119,-4.15861701965332,0.7011816501617432,-0.0002456774818710983,0.03233889490365982,0.03233848139643669,1.0,-3.0,collision
3120,-4.158466339111328,0.7022268176078796,-0.00024579925229772925,0.03299916535615921,0.03299916535615921,1.0,3.0,collision
3121,-4.158318042755127,0.7032723426818848,-0.0002461729454807937,0.032999683171510696,0.032999683171510696,1.0,3.0,collision
3122,-4.158318042755127,0.7032727003097534,-0.0002514588413760066,0.0001655618689255789,1.117586998589104e-05,0.0,0.0,collision
3123,-4.158174514770508,0.7042975425720215,-0.0002460586838424206,0.03233931213617325,0.03233887255191803,1.0,3.0,collision
3124,-4.158030986785889,0.7053438425064087,-0.0002460847026668489,0.0330030731856823,0.0330030731856823,1.0,0.0,collision
3125,-4.157886981964111,0.7063899040222168,-0.00024639573530294,0.03299771994352341,0.03299771994352341,1.0,-3.0,collision
3126,-4.1578850746154785,0.7064109444618225,-0.00025155622279271483,0.000679620134178549,0.0006602098001167178,0.0,3.0,collision
3127,-4.157738208770752,0.7074360251426697,-0.0002462090633343905,0.03236130625009537,0.032360877841711044,1.0,-3.0,collision
3128,-4.157738208770752,0.7074363231658936,-0.0002512013597879559,0.00015628698747605085,9.313225746154785e-06,0.0,0.0,collision
3129,-4.157594680786133,0.7084611058235168,-0.00024583839694969356,0.03233746066689491,0.03233702853322029,1.0,3.0,collision
3130,-4.157451152801514,0.7095073461532593,-0.00024591278634034097,0.03300122916698456,0.03300122916698456,1.0,3.0,collision
3131,-4.1573100090026855,0.7105538845062256,-0.00024626319645904005,0.03300041705369949,0.033000413328409195,1.0,3.0,collision
3132,-4.157171726226807,0.7116007804870605,-0.00024655775632709265,0.032999664545059204,0.032999660819768906,1.0,3.0,collision
3133,-4.157170295715332,0.711621880531311,-0.0002516766544431448,0.0006799739203415811,0.0006608899566344917,0.0,3.0,collision
3134,-4.157033443450928,0.7126482725143433,-0.00024630525149405,0.032359033823013306,0.032358601689338684,1.0,-3.0,collision
3135,-4.156897068023682,0.7136954069137573,-0.00024630434927530587,0.032999299466609955,0.032999299466609955,1.0,3.0,collision
3136,-4.156763076782227,0.7147428393363953,-0.0002465772267896682,0.03299899771809578,0.03299899771809578,1.0,3.0,collision
3137,-4.156630992889404,0.7157905697822571,-0.0002468089514877647,0.033000726252794266,0.033000726252794266,1.0,3.0,collision
3138,-4.1566290855407715,0.7158116102218628,-0.00025186577113345265,0.00067885871976614,0.0006602098001167178,0.0,-3.0,collision
3139,-4.15649938583374,0.7168383002281189,-0.00024648132966831326,0.03233949840068817,0.03233905881643295,1.0,3.0,collision
3140,-4.156369209289551,0.7178862690925598,-0.00024642187054269016,0.03300071880221367,0.03300071880221367,1.0,-3.0,collision
3141,-4.15623664855957,0.7189338803291321,-0.0002466696023475379,0.03299890086054802,0.03299890086054802,1.0,-3.0,collision
3142,-4.156102180480957,0.71998131275177,-0.00024689279962331057,0.0330008901655674,0.0330008901655674,1.0,3.0,collision
3143,-4.155969142913818,0.7210289239883423,-0.0002470521139912307,0.033000774681568146,0.033000774681568146,1.0,-3.0,collision
3144,-4.155834197998047,0.7220762372016907,-0.0002471886691637337,0.03299909830093384,0.03299909830093384,1.0,-3.0,collision
3145,-4.155696392059326,0.7231232523918152,-0.0002472984488122165,0.033001407980918884,0.033001407980918884,1.0,-3.0,collision
3146,-4.155693054199219,0.7231441140174866,-0.00025226754951290786,0.0006782334530726075,0.000660217716358602,0.0,-3.0,collision
3147,-4.155552864074707,0.7241694331169128,-0.0002467919257469475,0.03233978524804115,0.03233933076262474,1.0,-3.0,collision
3148,-4.155552387237549,0.7241697311401367,-0.0002516648964956403,0.0001532908354420215,1.7572157958056778e-05,0.0,0.0,collision
3149,-4.155409812927246,0.7251946926116943,-0.00024619835312478244,0.03233889117836952,0.03233844041824341,1.0,-3.0,collision
3150,-4.155409336090088,0.7251949310302734,-0.0002511853526812047,0.00015673169400542974,1.6660003893775865e-05,0.0,0.0,collision
3151,-4.15540885925293,0.7251948118209839,-0.0002507088356651366,2.1393198039731942e-05,1.5359764802269638e-05,0.0,3.0,collision
3152,-4.155266761779785,0.7262198328971863,-0.00024523978936485946,0.03233868628740311,0.03233823552727699,1.0,3.0,collision
3153,-4.155124187469482,0.7272661924362183,-0.00024541383027099073,0.0330008827149868,0.0330008827149868,1.0,-3.0,collision
3154,-4.154979705810547,0.7283121943473816,-0.0002458631934132427,0.03299791365861893,0.03299790993332863,1.0,-3.0,collision
3155,-4.1549763679504395,0.728333055973053,-0.00025111937429755926,0.0006803435389883816,0.000660217716358602,0.0,-3.0,collision
3156,-4.154829025268555,0.7293574213981628,-0.0002458732924424112,0.032341282814741135,0.032340869307518005,1.0,-3.0,collision
3157,-4.15467643737793,0.730402410030365,-0.00024594683782197535,0.03300219401717186,0.03300219401717186,1.0,-3.0,collision
3158,-4.15452241897583,0.7314471006393433,-0.0002463005075696856,0.032999470829963684,0.032999467104673386,1.0,3.0,collision
3159,-4.15437126159668,0.7324921488761902,-0.00024658741313032806,0.03299760818481445,0.032997604459524155,1.0,3.0,collision
3160,-4.154222011566162,0.7335376143455505,-0.0002468173624947667,0.033002033829689026,0.033002033829689026,1.0,3.0,collision
3161,-4.1540751457214355,0.73458331823349,-0.00024699134519323707,0.03299896419048309,0.03299896419048309,1.0,-3.0,collision
3162,-4.153925895690918,0.7356287837028503,-0.0002471503976266831,0.033002033829689026,0.033002033829689026,1.0,3.0,collision
3163,-4.153778553009033,0.736674427986145,-0.0002472581691108644,0.032999198883771896,0.032999198883771896,1.0,-3.0,collision
3164,-4.153775691986084,0.7366953492164612,-0.0002522345457691699,0.0006779504474252462,0.0006598734180442989,0.0,-3.0,collision
3165,-4.153626441955566,0.7377193570137024,-0.00024676535394974053,0.03233880177140236,0.032338351011276245,1.0,-3.0,collision
3166,-4.153623104095459,0.737740159034729,-0.0002515414962545037,0.0006750845350325108,0.0006583785288967192,0.0,-3.0,collision
3167,-4.153469085693359,0.7387635707855225,-0.00024620737531222403,0.03234219178557396,0.03234175965189934,1.0,3.0,collision
3168,-4.153314590454102,0.739808201789856,-0.00024620239855721593,0.03299980238080025,0.03299980238080025,1.0,-3.0,collision
3169,-4.153157711029053,0.7408524751663208,-0.00024649451370351017,0.032999731600284576,0.032999731600284576,1.0,-3.0,collision
3170,-4.1531548500061035,0.740873396396637,-0.0002516352979000658,0.0006791473715566099,0.0006598734180442989,0.0,3.0,collision
3171,-4.153000354766846,0.7418967485427856,-0.0002462753327563405,0.0323425717651844,0.03234213963150978,1.0,-3.0,collision
3172,-4.152841091156006,0.7429406046867371,-0.00024626796948723495,0.03299799561500549,0.03299799561500549,1.0,-3.0,collision
3173,-4.152837753295898,0.7429615259170532,-0.0002514401567168534,0.0006815012893639505,0.0006620570202358067,0.0,3.0,collision
3174,-4.15283727645874,0.7429613471031189,-0.0002510034537408501,2.0964476789231412e-05,1.5914445611997508e-05,0.0,-3.0,collision
3175,-4.152678489685059,0.7439839839935303,-0.000245479226578027,0.03234080597758293,0.03234034404158592,1.0,-3.0,collision
3176,-4.152514934539795,0.7450273036956787,-0.0002456266665831208,0.03300192579627037,0.03300192579627037,1.0,3.0,collision
3177,-4.1523542404174805,0.7460709810256958,-0.00024603394558653235,0.032999247312545776,0.03299924358725548,1.0,3.0,collision
3178,-4.1523518562316895,0.7460919618606567,-0.00025125686079263687,0.0006797565147280693,0.0006598707986995578,0.0,3.0,collision
3179,-4.1523518562316895,0.7460920810699463,-0.0002508616598788649,1.2899650755571201e-05,3.7252900710882386e-06,0.0,0.0,collision
3180,-4.152351379394531,0.7460919618606567,-0.0002502466959413141,2.4601613404229283e-05,1.5359764802269638e-05,0.0,-3.0,collision
3181,-4.152193069458008,0.7471358180046082,-0.00024476792896166444,0.03299395740032196,0.032993510365486145,1.0,0.0,collision
3182,-4.152193069458008,0.7471361756324768,-0.0002501190756447613,0.00016759635764174163,1.117586998589104e-05,0.0,0.0,collision
3183,-4.152037620544434,0.7481592893600464,-0.0002449755265843123,0.032339636236429214,0.03233923763036728,1.0,3.0,collision
3184,-4.151882171630859,0.7492038011550903,-0.00024521787418052554,0.03300049155950546,0.03300049155950546,1.0,0.0,collision
3185,-4.151726245880127,0.7502482533454895,-0.0002457077498547733,0.033000845462083817,0.033000845462083817,1.0,0.0,collision
3186,-4.151723384857178,0.7502691149711609,-0.00025099050253629684,0.0006784203578718007,0.0006580279441550374,0.0,-3.0,collision
3187,-4.151567459106445,0.7512921690940857,-0.00024576953728683293,0.032340046018362045,0.032339636236429214,1.0,-3.0,collision
3188,-4.1514058113098145,0.7523357272148132,-0.0002458634553477168,0.03300010785460472,0.03300010785460472,1.0,-3.0,collision
3189,-4.151405334472656,0.7523359656333923,-0.0002512076171115041,0.0001678339613135904,1.6660003893775865e-05,0.0,0.0,collision
3190,-4.151244640350342,0.7533581852912903,-0.00024584628408774734,0.03233709558844566,0.03233665972948074,1.0,-3.0,collision
3191,-4.151241302490234,0.7533790469169617,-0.000250813813181594,0.0006782222189940512,0.000660217716358602,0.0,3.0,collision
3192,-4.151241302490234,0.7533790469169617,-0.0002504976000636816,9.881659025268164e-06,0.0,0.0,3.0,collision
3193,-4.151240825653076,0.7533789277076721,-0.0002499495749361813,2.3004671675153077e-05,1.5359764802269638e-05,0.0,-3.0,collision
3194,-4.151240348815918,0.7533788084983826,-0.00024950678925961256,2.0673325707321055e-05,1.5359764802269638e-05,0.0,-3.0,collision
3195,-4.15123987197876,0.753378689289093,-0.00024915233370848,1.8937171262223274e-05,1.5359764802269638e-05,0.0,-3.0,collision
3196,-4.15107536315918,0.7544004321098328,-0.00024399418907705694,0.03234107792377472,0.032340675592422485,1.0,3.0,collision
3197,-4.150909900665283,0.7554433941841125,-0.00024441766436211765,0.03300017490983009,0.03300017490983009,1.0,-3.0,collision
3198,-4.150742053985596,0.7564859986305237,-0.0002450664760544896,0.03300090134143829,0.0330008938908577,1.0,-3.0,collision
3199,-4.150571823120117,0.7575281858444214,-0.0002456006477586925,0.032999955117702484,0.032999951392412186,1.0,-3.0,collision
3200,-4.150568008422852,0.757548987865448,-0.0002509104961063713,0.0006814151420257986,0.0006609031115658581,0.0,-3.0,collision
3201,-4.150568008422852,0.7575489282608032,-0.000250600918661803,9.8519758466864e-06,1.8626450355441193e-06,0.0,3.0,collision
3202,-4.150398254394531,0.7585697770118713,-0.00024514805409125984,0.03234002739191055,0.03233957290649414,1.0,-3.0,collision
3203,-4.1502227783203125,0.7596111297607422,-0.0002453518391121179,0.03300105407834053,0.03300105407834053,1.0,-3.0,collision
3204,-4.150221824645996,0.7596113681793213,-0.00025079798069782555,0.00017294213466811925,3.0719529604539275e-05,0.0,0.0,collision
3205,-4.150221347808838,0.759611189365387,-0.00025040379841811955,2.012479853874538e-05,1.5914445611997508e-05,0.0,-3.0,collision
3206,-4.150045394897461,0.7606310248374939,-0.00024500646395608783,0.03234114870429039,0.03234070912003517,1.0,3.0,collision
3207,-4.149868965148926,0.7616721987724304,-0.00024523757747374475,0.033000506460666656,0.033000506460666656,1.0,3.0,collision
3208,-4.149694442749023,0.7627136707305908,-0.0002457125228829682,0.03299979493021965,0.03299979120492935,1.0,-3.0,collision
3209,-4.149691104888916,0.7627344727516174,-0.0002509983314666897,0.0006787836318835616,0.0006583785288967192,0.0,-3.0,collision
3210,-4.149515628814697,0.7637543678283691,-0.00024578734883107245,0.03234042972326279,0.032340019941329956,1.0,3.0,collision
3211,-4.149515628814697,0.7637547254562378,-0.00025085115339607,0.0001586380385560915,1.117586998589104e-05,0.0,0.0,collision
3212,-4.149342060089111,0.7647748589515686,-0.0002455463691148907,0.0323377326130867,0.032337307929992676,1.0,-3.0,collision
3213,-4.149163246154785,0.7658156156539917,-0.0002456902584526688,0.03300018981099129,0.03300018981099129,1.0,3.0,collision
3214,-4.148985862731934,0.7668566703796387,-0.00024607559316791594,0.03300183266401291,0.03300182893872261,1.0,-3.0,collision
3215,-4.148806571960449,0.7678973078727722,-0.0002464070275891572,0.03299904614686966,0.03299904614686966,1.0,-3.0,collision
3216,-4.148803234100342,0.7679181694984436,-0.0002515661180950701,0.0006796173984184861,0.000660217716358602,0.0,3.0,collision
3217,-4.148803234100342,0.7679181694984436,-0.0002511142229195684,1.4121723324933555e-05,0.0,0.0,3.0,collision
3218,-4.148630142211914,0.7689383625984192,-0.00024556886637583375,0.03233711048960686,0.03233664482831955,1.0,3.0,collision
3219,-4.148456573486328,0.7699800133705139,-0.0002456871443428099,0.033000387251377106,0.033000387251377106,1.0,3.0,collision
3220,-4.148284912109375,0.7710220813751221,-0.0002460822288412601,0.033003512769937515,0.03300350904464722,1.0,3.0,collision
3221,-4.148115634918213,0.7720643877983093,-0.00024640251649543643,0.032998837530612946,0.03299883380532265,1.0,-3.0,collision
3222,-4.147943496704102,0.7731062769889832,-0.00024666893295943737,0.03300042450428009,0.03300042077898979,1.0,-3.0,collision
3223,-4.147940635681152,0.7731271982192993,-0.0002517755492590368,0.0006788955652154982,0.0006598734180442989,0.0,3.0,collision
3224,-4.147772312164307,0.7741482257843018,-0.0002463983546476811,0.0323382206261158,0.03233778476715088,1.0,3.0,collision
3225,-4.147769927978516,0.7741692066192627,-0.0002512481587473303,0.0006770515465177596,0.0006598707986995578,0.0,3.0,collision
3226,-4.147770404815674,0.7741693258285522,-0.0002508452453184873,1.986093593586702e-05,1.5359764802269638e-05,0.0,3.0,collision
3227,-4.147608280181885,0.7751914262771606,-0.00024534211843274534,0.032340411096811295,0.032339952886104584,1.0,-3.0,collision
3228,-4.1474409103393555,0.7762340903282166,-0.0002455065259709954,0.03300036862492561,0.03300036862492561,1.0,-3.0,collision
3229,-4.147272109985352,0.7772764563560486,-0.0002459478273522109,0.03299829363822937,0.03299828991293907,1.0,3.0,collision
3230,-4.147269248962402,0.7772974371910095,-0.0002511883794795722,0.0006816828972660005,0.0006617189501412213,0.0,3.0,collision
3231,-4.147269248962402,0.7772974967956543,-0.0002508069446776062,1.206449178425828e-05,1.8626450355441193e-06,0.0,0.0,collision
3232,-4.147104740142822,0.7783403992652893,-0.00024522648891434073,0.03299413621425629,0.03299367427825928,1.0,0.0,collision
3233,-4.146940231323242,0.7793835997581482,-0.0002455070207361132,0.03300287574529648,0.03300287574529648,1.0,0.0,collision
3234,-4.146937847137451,0.7794045209884644,-0.0002508309844415635,0.0006787272868677974,0.0006580200861208141,0.0,3.0,collision
3235,-4.146778106689453,0.7804270386695862,-0.0002456310030538589,0.03234165534377098,0.03234124928712845,1.0,-3.0,collision
3236,-4.146613121032715,0.781470000743866,-0.00024575236602686346,0.032997842878103256,0.032997842878103256,1.0,-3.0,collision
3237,-4.1464457511901855,0.7825126647949219,-0.00024613525602035224,0.03300036862492561,0.03300036862492561,1.0,-3.0,collision
3238,-4.146276473999023,0.7835550308227539,-0.0002464651770424098,0.03300067409873009,0.03300067409873009,1.0,3.0,collision
3239,-4.146273136138916,0.7835758328437805,-0.0002515918167773634,0.0006775903748348355,0.0006583785288967192,0.0,-3.0,collision
3240,-4.146272659301758,0.7835757732391357,-0.0002511354396119714,2.0710203898488544e-05,1.501712449680781e-05,0.0,-3.0,collision
3241,-4.146103858947754,0.7845967411994934,-0.0002455851645208895,0.03233884274959564,0.032338377088308334,1.0,-3.0,collision
3242,-4.145928859710693,0.7856382131576538,-0.00024570152163505554,0.033002253621816635,0.033002253621816635,1.0,-3.0,collision
3243,-4.145752429962158,0.7866794466972351,-0.0002460987016092986,0.033002350479364395,0.0330023467540741,1.0,0.0,collision
3244,-4.145575523376465,0.7877205014228821,-0.00024642213247716427,0.03299933299422264,0.03299932926893234,1.0,-3.0,collision
3245,-4.145397186279297,0.78876131772995,-0.00024669512640684843,0.03299950808286667,0.03299950435757637,1.0,3.0,collision
3246,-4.145393371582031,0.7887820601463318,-0.00025177563657052815,0.0006779243121854961,0.0006590710836462677,0.0,-3.0,collision
3247,-4.145218372344971,0.7898020148277283,-0.00024640889023430645,0.03233976289629936,0.03233933076262474,1.0,3.0,collision
3248,-4.145218372344971,0.7898023724555969,-0.0002513479848857969,0.00015475078544113785,1.117586998589104e-05,0.0,0.0,collision
3249,-4.145044803619385,0.7908225655555725,-0.00024594395654276013,0.032339584082365036,0.03233914449810982,1.0,-3.0,collision
3250,-4.144865989685059,0.7918632626533508,-0.0002459979441482574,0.032998353242874146,0.032998353242874146,1.0,-3.0,collision
3251,-4.144684314727783,0.7929036021232605,-0.0002463313576299697,0.03300260379910469,0.03300260379910469,1.0,-3.0,collision
3252,-4.144680500030518,0.7929242849349976,-0.0002514938241802156,0.0006767495069652796,0.0006572392885573208,0.0,-3.0,collision
3253,-4.144679546356201,0.792924165725708,-0.00025105761596933007,3.298293813713826e-05,3.003424899361562e-05,0.0,-3.0,collision
3254,-4.144494533538818,0.7939423322677612,-0.0002455229696352035,0.032339196652173996,0.03233873471617699,1.0,-3.0,collision
3255,-4.144304275512695,0.794981062412262,-0.0002456617366988212,0.03300033137202263,0.03300033137202263,1.0,3.0,collision
3256,-4.144115924835205,0.7960202693939209,-0.0002460571122355759,0.03300430625677109,0.03300430625677109,1.0,0.0,collision
3257,-4.143928527832031,0.7970594167709351,-0.0002463981800246984,0.03299717232584953,0.03299717232584953,1.0,3.0,collision
3258,-4.143924713134766,0.7970801591873169,-0.00025153785827569664,0.0006783597054891288,0.0006590710836462677,0.0,-3.0,collision
3259,-4.143739700317383,0.7980983257293701,-0.00024620728800073266,0.03233916312456131,0.03233873471617699,1.0,-3.0,collision
3260,-4.143548965454102,0.7991369962692261,-0.00024622378987260163,0.03300118446350098,0.03300118446350098,1.0,3.0,collision
3261,-4.14354944229126,0.7991373538970947,-0.0002514859661459923,0.00016549455176573247,1.862645149230957e-05,0.0,0.0,collision
3262,-4.143363952636719,0.8001554608345032,-0.00024606837541796267,0.03234001249074936,0.03233956918120384,1.0,-3.0,collision
3263,-4.143360614776611,0.8001762628555298,-0.0002509915502741933,0.0006761152762919664,0.0006583785288967192,0.0,3.0,collision
3264,-4.143360614776611,0.8001763224601746,-0.00025063494103960693,1.1298629942757543e-05,1.8626450355441193e-06,0.0,0.0,collision
3265,-4.14317512512207,0.8011943697929382,-0.0002451793698128313,0.032338183373212814,0.032337736338377,1.0,-3.0,collision
3266,-4.142983913421631,0.8022329807281494,-0.0002453816414345056,0.03300204873085022,0.03300204873085022,1.0,0.0,collision
3267,-4.142980575561523,0.802253782749176,-0.0002507267636246979,0.0006792370695620775,0.0006583785288967192,0.0,3.0,collision
3268,-4.142794609069824,0.8032718896865845,-0.00024554741685278714,0.03234264999628067,0.03234224393963814,1.0,-3.0,collision
3269,-4.142603874206543,0.8043104410171509,-0.0002456955553498119,0.03299752250313759,0.03299752250313759,1.0,3.0,collision
3270,-4.142603397369385,0.8043107390403748,-0.00025106369866989553,0.00016867229714989662,1.7572157958056778e-05,0.0,0.0,collision
3271,-4.142603874206543,0.8043107390403748,-0.00025062556960619986,2.0236171621945687e-05,1.4901160284352954e-05,0.0,3.0,collision
3272,-4.142420291900635,0.8053291440010071,-0.0002451633336022496,0.03233855217695236,0.03233810514211655,1.0,-3.0,collision
3273,-4.142419815063477,0.805329442024231,-0.0002503476571291685,0.00016296027752105147,1.7572157958056778e-05,0.0,0.0,collision
3274,-4.142419815063477,0.8053293824195862,-0.00025003854534588754,9.837686775426846e-06,1.8626450355441193e-06,0.0,3.0,collision
3275,-4.142420291900635,0.8053293824195862,-0.0002495881053619087,2.0498422600212507e-05,1.4901160284352954e-05,0.0,3.0,collision
3276,-4.142238140106201,0.8063481450080872,-0.0002443221746943891,0.032341621816158295,0.03234120458364487,1.0,-3.0,collision
3277,-4.1422343254089355,0.806368887424469,-0.0002495728258509189,0.0006791891064494848,0.0006590710836462677,0.0,-3.0,collision
3278,-4.14204740524292,0.8073867559432983,-0.00024462025612592697,0.032340653240680695,0.03234028443694115,1.0,-3.0,collision
3279,-4.141854763031006,0.8084250688552856,-0.0002449439780320972,0.033001016825437546,0.03300101310014725,1.0,-3.0,collision
3280,-4.141660690307617,0.8094630241394043,-0.0002454985515214503,0.0329982191324234,0.032998211681842804,1.0,3.0,collision
3281,-4.141468048095703,0.8105013370513916,-0.00024593668058514595,0.033001016825437546,0.03300101310014725,1.0,-3.0,collision
3282,-4.141273021697998,0.8115392327308655,-0.00024629695690236986,0.03300187736749649,0.03300187364220619,1.0,-3.0,collision
3283,-4.14107608795166,0.8125767111778259,-0.00024658560869283974,0.03300012648105621,0.033000122755765915,1.0,-3.0,collision
3284,-4.140876293182373,0.8136137127876282,-0.0002468165766913444,0.033002279698848724,0.033002279698848724,1.0,-3.0,collision
3285,-4.140675067901611,0.8146503567695618,-0.00024701067013666034,0.03299979493021965,0.03299979493021965,1.0,3.0,collision
3286,-4.140674591064453,0.8146505951881409,-0.0002521295682527125,0.00016083077935036272,1.6660003893775865e-05,0.0,0.0,collision
3287,-4.140476226806641,0.8156874775886536,-0.0002464928838890046,0.03299066424369812,0.032990194857120514,1.0,0.0,collision
3288,-4.14027738571167,0.8167246580123901,-0.0002465354045853019,0.03300214558839798,0.03300214558839798,1.0,3.0,collision
3289,-4.140273571014404,0.8167453408241272,-0.00025163681129924953,0.000676297175232321,0.0006572392885573208,0.0,-3.0,collision
3290,-4.140273571014404,0.8167452812194824,-0.00025117062614299357,1.4686877875647042e-05,1.8626450355441193e-06,0.0,-3.0,collision
3291,-4.14007568359375,0.8177610635757446,-0.000245613104198128,0.03234041482210159,0.03233994543552399,1.0,-3.0,collision
3292,-4.139871597290039,0.8187971711158752,-0.0002457237569615245,0.03300050273537636,0.03300050273537636,1.0,-3.0,collision
3293,-4.139665126800537,0.8198328018188477,-0.00024611165281385183,0.03300036862492561,0.03300036862492561,1.0,-3.0,collision
3294,-4.139664649963379,0.819832980632782,-0.0002514199586585164,0.00016664619033690542,1.5914445611997508e-05,0.0,0.0,collision
3295,-4.139459609985352,0.8208473920822144,-0.00024601691984571517,0.03234188258647919,0.03234143555164337,1.0,-3.0,collision
3296,-4.139248847961426,0.8218821287155151,-0.00024606718216091394,0.03299947455525398,0.03299947455525398,1.0,3.0,collision
3297,-4.139040946960449,0.8229174613952637,-0.0002463867131154984,0.03300001099705696,0.03300000727176666,1.0,3.0,collision
3298,-4.139036655426025,0.8229381442070007,-0.0002515277883503586,0.0006793742650188506,0.0006601046770811081,0.0,-3.0,collision
3299,-4.1388325691223145,0.8239526748657227,-0.0002462105476297438,0.03233962506055832,0.032339200377464294,1.0,3.0,collision
3300,-4.138626575469971,0.8249883651733398,-0.0002462056581862271,0.03299928456544876,0.03299928456544876,1.0,-3.0,collision
3301,-4.138418674468994,0.8260237574577332,-0.0002465074067004025,0.03300183638930321,0.03300183266401291,1.0,3.0,collision
3302,-4.13821268081665,0.8270594477653503,-0.00024674314772710204,0.03299928456544876,0.03299928456544876,1.0,-3.0,collision
3303,-4.13821268081665,0.8270597457885742,-0.00025192502653226256,0.00016220129327848554,9.313225746154785e-06,0.0,0.0,collision
3304,-4.138007640838623,0.8280741572380066,-0.00024642079370096326,0.03234189748764038,0.03234143555164337,1.0,-3.0,collision
3305,-4.137796401977539,0.8291088342666626,-0.00024638022296130657,0.03300062566995621,0.03300062566995621,1.0,-3.0,collision
3306,-4.1375837326049805,0.8301430940628052,-0.000246646988671273,0.032996825873851776,0.032996825873851776,1.0,3.0,collision
3307,-4.1373724937438965,0.831177830696106,-0.00024685499374754727,0.033002451062202454,0.033002451062202454,1.0,-3.0,collision
3308,-4.137159824371338,0.8322121500968933,-0.000247041170950979,0.03299865126609802,0.03299865126609802,1.0,3.0,collision
3309,-4.137159824371338,0.8322124481201172,-0.00025215401547029614,0.00016004758072085679,9.313225746154785e-06,0.0,0.0,collision
3310,-4.13715934753418,0.8322123289108276,-0.0002514882944524288,2.5859613742795773e-05,1.5359764802269638e-05,0.0,-3.0,collision
3311,-4.1369500160217285,0.8332257866859436,-0.00024586296058259904,0.03233956918120384,0.03233908861875534,1.0,-3.0,collision
3312,-4.1367340087890625,0.8342594504356384,-0.00024592343834228814,0.032999757677316666,0.032999757677316666,1.0,-3.0,collision
3313,-4.136516094207764,0.8352926969528198,-0.00024627134553156793,0.032999251037836075,0.032999247312545776,1.0,-3.0,collision
3314,-4.136515140533447,0.8352928757667542,-0.00025154760805889964,0.00016764806059654802,3.0321663871291094e-05,0.0,0.0,collision
3315,-4.1362996101379395,0.8363050222396851,-0.0002461295807734132,0.0323391929268837,0.03233874961733818,1.0,3.0,collision
3316,-4.136295318603516,0.8363255858421326,-0.00025101867504417896,0.0006740026292391121,0.000656457559671253,0.0,-3.0,collision
3317,-4.136078834533691,0.8373376131057739,-0.0002457769005559385,0.032341741025447845,0.03234132379293442,1.0,-3.0,collision
3318,-4.136078834533691,0.837337851524353,-0.00025085272500291467,0.00015879438433330506,7.450580142176477e-06,0.0,0.0,collision
3319,-4.136078834533691,0.837337851524353,-0.0002504432341083884,1.2796589544450399e-05,0.0,0.0,3.0,collision
3320,-4.135862827301025,0.8383499979972839,-0.00024502730229869485,0.032342299818992615,0.0323418565094471,1.0,3.0,collision
3321,-4.135645866394043,0.8393834233283997,-0.00024525393382646143,0.03299857676029205,0.03299857676029205,1.0,3.0,collision
3322,-4.135430335998535,0.840417206287384,-0.0002457255031913519,0.033000364899635315,0.033000361174345016,1.0,-3.0,collision
3323,-4.135426044464111,0.8404378890991211,-0.00025100860511884093,0.0006804375443607569,0.0006601046770811081,0.0,-3.0,collision
3324,-4.13520622253418,0.8414705395698547,-0.00024569316883571446,0.03299379721283913,0.0329933762550354,1.0,0.0,collision
3325,-4.134986877441406,0.8425034880638123,-0.00024590035900473595,0.032999392598867416,0.032999392598867416,1.0,3.0,collision
3326,-4.134768962860107,0.8435367345809937,-0.0002462476841174066,0.032999251037836075,0.032999247312545776,1.0,-3.0,collision
3327,-4.134764671325684,0.8435573577880859,-0.00025142633239738643,0.0006778817623853683,0.0006582809728570282,0.0,-3.0,collision
3328,-4.134545803070068,0.8445688486099243,-0.00024611837579868734,0.03234103322029114,0.03234060853719711,1.0,-3.0,collision
3329,-4.134320259094238,0.8456004858016968,-0.0002461426774971187,0.03300013765692711,0.03300013765692711,1.0,-3.0,collision
3330,-4.134092807769775,0.8466318249702454,-0.00024645222583785653,0.033003825694322586,0.033003825694322586,1.0,0.0,collision
3331,-4.134088516235352,0.8466524481773376,-0.00025159723008982837,0.0006776315858587623,0.0006582809728570282,0.0,3.0,collision
3332,-4.133867263793945,0.847663402557373,-0.0002462444535922259,0.03234050050377846,0.032340068370103836,1.0,-3.0,collision
3333,-4.133862495422363,0.8476839065551758,-0.00025112516595982015,0.0006752983899787068,0.0006578486645594239,0.0,-3.0,collision
3334,-4.133632659912109,0.8487144112586975,-0.000245771836489439,0.03299492225050926,0.03299449756741524,1.0,0.0,collision
3335,-4.1334028244018555,0.8497452139854431,-0.0002459573152009398,0.03300359100103378,0.03300359100103378,1.0,0.0,collision
3336,-4.1334028244018555,0.8497454524040222,-0.00025128235574811697,0.00016657421656418592,7.450580142176477e-06,0.0,0.0,collision
3337,-4.133402347564697,0.8497453927993774,-0.0002507957397028804,2.1371926777646877e-05,1.501712449680781e-05,0.0,0.0,collision
3338,-4.133401870727539,0.8497452139854431,-0.00025019023451022804,2.4724746253923513e-05,1.5914445611997508e-05,0.0,-3.0,collision
3339,-4.133174896240234,0.8507548570632935,-0.0002448248560540378,0.032339226454496384,0.032338790595531464,1.0,3.0,collision
3340,-4.133170127868652,0.850775420665741,-0.0002499644469935447,0.0006789341568946838,0.0006596630555577576,0.0,-3.0,collision
3341,-4.1329426765441895,0.8517849445343018,-0.00024493265664204955,0.032338809221982956,0.03233842924237251,1.0,-3.0,collision
3342,-4.1327080726623535,0.8528145551681519,-0.00024519351427443326,0.03300001844763756,0.03300001472234726,1.0,-3.0,collision
3343,-4.132471561431885,0.8538437485694885,-0.00024569823290221393,0.033000603318214417,0.03300059959292412,1.0,3.0,collision
3344,-4.132237911224365,0.854873538017273,-0.0002461060066707432,0.03299885615706444,0.03299885615706444,1.0,3.0,collision
3345,-4.1320061683654785,0.8559038639068604,-0.00024643258075229824,0.03300207480788231,0.03300207108259201,1.0,3.0,collision
3346,-4.131776809692383,0.8569346070289612,-0.0002466835139784962,0.03299853205680847,0.03299852833151817,1.0,-3.0,collision
3347,-4.131545066833496,0.8579649329185486,-0.00024690432474017143,0.03300207108259201,0.03300207108259201,1.0,3.0,collision
3348,-4.131315231323242,0.8589956164360046,-0.0002470612816978246,0.032999951392412186,0.032999951392412186,1.0,-3.0,collision
3349,-4.131311416625977,0.8590162992477417,-0.00025208896840922534,0.0006757578230462968,0.0006572392885573208,0.0,3.0,collision
3350,-4.131086349487305,0.860026478767395,-0.0002466489386279136,0.0323425754904747,0.032342132180929184,1.0,3.0,collision
3351,-4.130859851837158,0.8610578775405884,-0.00024656063760630786,0.03299923986196518,0.03299923986196518,1.0,0.0,collision
3352,-4.130632400512695,0.8620891571044922,-0.0002467766753397882,0.03300200775265694,0.03300200775265694,1.0,-3.0,collision
3353,-4.13062858581543,0.8621098399162292,-0.000251860823482275,0.0006761702243238688,0.0006572392885573208,0.0,3.0,collision
3354,-4.130629062652588,0.862109899520874,-0.0002513500803615898,2.1914802346145734e-05,1.501712449680781e-05,0.0,3.0,collision
3355,-4.13062858581543,0.862109899520874,-0.00025063674547709525,2.6813524527824484e-05,1.4901160284352954e-05,0.0,0.0,collision
3356,-4.130408763885498,0.8631210923194885,-0.000245177885517478,0.03233827278017998,0.03233782574534416,1.0,3.0,collision
3357,-4.130187034606934,0.8641535639762878,-0.0002453742199577391,0.03300037607550621,0.03300037607550621,1.0,3.0,collision
3358,-4.129967212677002,0.8651864528656006,-0.00024582160403952,0.03300066664814949,0.03300066664814949,1.0,-3.0,collision
3359,-4.129744529724121,0.8662187457084656,-0.0002462036209180951,0.033001188188791275,0.03300118446350098,1.0,-3.0,collision
3360,-4.1297407150268555,0.8662394881248474,-0.0002514036314096302,0.0006788085447624326,0.0006590710836462677,0.0,3.0,collision
3361,-4.129523277282715,0.8672512173652649,-0.0002461005933582783,0.03233889117836952,0.032338470220565796,1.0,3.0,collision
3362,-4.1293044090271,0.868284285068512,-0.0002461272233631462,0.03299994021654129,0.03299994021654129,1.0,3.0,collision
3363,-4.129300117492676,0.868304967880249,-0.0002513063373044133,0.0006796563393436372,0.0006601046770811081,0.0,-3.0,collision
3364,-4.129085063934326,0.8693172335624695,-0.0002460326941218227,0.03233971446752548,0.032339293509721756,1.0,3.0,collision
3365,-4.12886905670166,0.8703508377075195,-0.00024607375962659717,0.03299793601036072,0.03299793601036072,1.0,3.0,collision
3366,-4.128654479980469,0.8713849186897278,-0.0002463925047777593,0.033003415912389755,0.03300341218709946,1.0,3.0,collision
3367,-4.128652095794678,0.8714058995246887,-0.0002515440864954144,0.0006792247295379639,0.0006598707986995578,0.0,3.0,collision
3368,-4.128445625305176,0.8724200129508972,-0.00024620143813081086,0.03234162926673889,0.03234119713306427,1.0,-3.0,collision
3369,-4.128233432769775,0.8734544515609741,-0.0002462189586367458,0.03299930319190025,0.03299930319190025,1.0,3.0,collision
3370,-4.12822961807251,0.873475193977356,-0.0002513802028261125,0.0006785196019336581,0.0006590710836462677,0.0,-3.0,collision
3371,-4.12822961807251,0.8734753131866455,-0.00025097012985497713,1.3345274965104181e-05,3.7252900710882386e-06,0.0,0.0,collision
3372,-4.128020286560059,0.8744887709617615,-0.00024544846382923424,0.03233955055475235,0.03233908861875534,1.0,-3.0,collision
3373,-4.127804756164551,0.8755224943161011,-0.00024559180019423366,0.03299853950738907,0.03299853950738907,1.0,-3.0,collision
3374,-4.127799987792969,0.8755430579185486,-0.0002508878242224455,0.0006801072740927339,0.0006596630555577576,0.0,-3.0,collision
3375,-4.127583980560303,0.8765552043914795,-0.0002456980582792312,0.03234226256608963,0.0323418565094471,1.0,3.0,collision
3376,-4.127579689025879,0.8765758275985718,-0.00025067798560485244,0.0006764261634089053,0.0006582809728570282,0.0,-3.0,collision
3377,-4.127580165863037,0.8765758872032166,-0.0002504000731278211,1.734759825922083e-05,1.501712449680781e-05,0.0,3.0,collision
3378,-4.127366542816162,0.8775885105133057,-0.00024499729624949396,0.03234140947461128,0.032340966165065765,1.0,3.0,collision
3379,-4.1271514892578125,0.8786224126815796,-0.00024522512103430927,0.033000968396663666,0.033000968396663666,1.0,0.0,collision
3380,-4.1269354820251465,0.879656195640564,-0.00024570789537392557,0.03300341218709946,0.03300340846180916,1.0,-3.0,collision
3381,-4.126717567443848,0.8806894421577454,-0.00024611310800537467,0.032999251037836075,0.032999247312545776,1.0,-3.0,collision
3382,-4.1264967918396,0.8817221522331238,-0.00024643828510306776,0.03300142288208008,0.03300141915678978,1.0,-3.0,collision
3383,-4.126492023468018,0.8817426562309265,-0.0002515801170375198,0.0006771880434826016,0.0006578486645594239,0.0,-3.0,collision
3384,-4.1262712478637695,0.8827536702156067,-0.0002462416305206716,0.03233913704752922,0.0323387086391449,1.0,-3.0,collision
3385,-4.126043319702148,0.8837847709655762,-0.0002462415723130107,0.032999761402606964,0.032999761402606964,1.0,-3.0,collision
3386,-4.1258134841918945,0.8848155736923218,-0.0002465361903887242,0.03300359100103378,0.03300359100103378,1.0,3.0,collision
3387,-4.125586032867432,0.885846734046936,-0.0002467665181029588,0.03299836441874504,0.03299836441874504,1.0,-3.0,collision
3388,-4.125580787658691,0.8858672380447388,-0.00025184202240779996,0.0006801358540542424,0.0006613832665607333,0.0,-3.0,collision
3389,-4.125353813171387,0.8868770003318787,-0.0002464613935444504,0.03234286233782768,0.032342422753572464,1.0,3.0,collision
3390,-4.125349044799805,0.8868975639343262,-0.0002512889914214611,0.000676694035064429,0.0006596630555577576,0.0,-3.0,collision
3391,-4.1251220703125,0.8879073262214661,-0.0002460044343024492,0.03234284371137619,0.032342422753572464,1.0,3.0,collision
3392,-4.125117301940918,0.8879278898239136,-0.0002509223995730281,0.0006773291970603168,0.0006596630555577576,0.0,-3.0,collision
3393,-4.124889850616455,0.8889374732971191,-0.00024569989182054996,0.032340653240680695,0.032340243458747864,1.0,-3.0,collision
3394,-4.1246562004089355,0.8899672627449036,-0.00024581735488027334,0.03299885615706444,0.03299885615706444,1.0,3.0,collision
3395,-4.124423980712891,0.8909974098205566,-0.0002461774565745145,0.03299989551305771,0.03299989178776741,1.0,-3.0,collision
3396,-4.124189853668213,0.8920271992683411,-0.00024649876286275685,0.033002156764268875,0.033002156764268875,1.0,3.0,collision
3397,-4.124186038970947,0.8920480012893677,-0.00025162979727610946,0.0006800760165788233,0.0006609031115658581,0.0,3.0,collision
3398,-4.124186038970947,0.8920479416847229,-0.0002511550846975297,1.4951247067074291e-05,1.8626450355441193e-06,0.0,-3.0,collision
3399,-4.123959064483643,0.8930575847625732,-0.00024561159079894423,0.03233925625681877,0.032338790595531464,1.0,3.0,collision
3400,-4.123955249786377,0.8930784463882446,-0.00025060545885935426,0.0006808614125475287,0.0006627353141084313,0.0,3.0,collision
3401,-4.123732566833496,0.8940890431404114,-0.0002454350469633937,0.032339148223400116,0.03233874589204788,1.0,-3.0,collision
3402,-4.1237287521362305,0.8941097855567932,-0.0002504886651877314,0.000677727977745235,0.0006590710836462677,0.0,3.0,collision
3403,-4.12350606918335,0.8951205015182495,-0.0002453537890687585,0.032342780381441116,0.03234237805008888,1.0,3.0,collision
3404,-4.123282432556152,0.8961525559425354,-0.0002455293433740735,0.033000197261571884,0.033000197261571884,1.0,3.0,collision
3405,-4.123278617858887,0.8961732387542725,-0.00025082839420065284,0.0006777796079404652,0.0006572392885573208,0.0,-3.0,collision
3406,-4.123058795928955,0.8971845507621765,-0.0002456502988934517,0.03234187141060829,0.03234146162867546,1.0,3.0,collision
3407,-4.122836589813232,0.898216962814331,-0.00024575743009336293,0.03300169110298157,0.03300169110298157,1.0,-3.0,collision
3408,-4.122612953186035,0.8992490172386169,-0.0002461490803398192,0.03300020098686218,0.033000197261571884,1.0,3.0,collision
3409,-4.122391223907471,0.900281548500061,-0.0002464669232722372,0.03300220146775246,0.03300220146775246,1.0,3.0,collision
3410,-4.122171401977539,0.9013144373893738,-0.000246710900682956,0.03300066664814949,0.03300066664814949,1.0,-3.0,collision
3411,-4.121949195861816,0.9023467898368835,-0.00024691555881872773,0.03299986943602562,0.03299986943602562,1.0,-3.0,collision
3412,-4.121724605560303,0.9033786058425903,-0.00024707987904548645,0.032999247312545776,0.032999247312545776,1.0,-3.0,collision
3413,-4.121720314025879,0.9033992886543274,-0.00025210404419340193,0.0006785196019336581,0.0006601046770811081,0.0,3.0,collision
3414,-4.121499538421631,0.9044103622436523,-0.00024665019009262323,0.03234097361564636,0.03234052658081055,1.0,-3.0,collision
3415,-4.121494770050049,0.9044308662414551,-0.0002514496445655823,0.0006747294100932777,0.0006578486645594239,0.0,-3.0,collision
3416,-4.121270179748535,0.9054411053657532,-0.0002461334806866944,0.032341137528419495,0.03234071284532547,1.0,3.0,collision
3417,-4.121043682098389,0.9064725637435913,-0.0002461531839799136,0.03300105780363083,0.03300105780363083,1.0,3.0,collision
3418,-4.120820045471191,0.9075046181678772,-0.0002464556018821895,0.03300020098686218,0.033000197261571884,1.0,3.0,collision
3419,-4.120598316192627,0.9085371494293213,-0.00024671159917488694,0.03300220146775246,0.03300220146775246,1.0,3.0,collision
3420,-4.120594501495361,0.9085578322410583,-0.0002517880639061332,0.0006761138211004436,0.0006572392885573208,0.0,-3.0,collision
3421,-4.120594501495361,0.9085578322410583,-0.00025129163987003267,1.5513251128140837e-05,0.0,0.0,-3.0,collision
3422,-4.1203742027282715,0.9095689654350281,-0.00024570964160375297,0.03233963996171951,0.03233917057514191,1.0,-3.0,collision
3423,-4.120147705078125,0.9106003642082214,-0.00024581124307587743,0.03299923986196518,0.03299923986196518,1.0,3.0,collision
3424,-4.119923114776611,0.9116322994232178,-0.0002461819676682353,0.033002886921167374,0.033002883195877075,1.0,3.0,collision
3425,-4.119919300079346,0.9116529822349548,-0.000251364050200209,0.000676895899232477,0.0006572392885573208,0.0,-3.0,collision
3426,-4.1196980476379395,0.9126639366149902,-0.0002460677351336926,0.03234049677848816,0.032340068370103836,1.0,-3.0,collision
3427,-4.119470596313477,0.9136952757835388,-0.00024610699620097876,0.033003825694322586,0.033003825694322586,1.0,0.0,collision
3428,-4.119243621826172,0.9147265553474426,-0.00024642469361424446,0.03299880027770996,0.03299879655241966,1.0,3.0,collision
3429,-4.119018077850342,0.9157581925392151,-0.0002466768492013216,0.03300013765692711,0.03300013765692711,1.0,-3.0,collision
3430,-4.11901330947876,0.9157787561416626,-0.0002517699613235891,0.0006785920122638345,0.0006596630555577576,0.0,-3.0,collision
3431,-4.1187872886657715,0.916788637638092,-0.00024639329058118165,0.032339971512556076,0.032339539378881454,1.0,-3.0,collision
3432,-4.118554592132568,0.9178186058998108,-0.0002463625860400498,0.032997723668813705,0.032997723668813705,1.0,-3.0,collision
3433,-4.118549346923828,0.9178391098976135,-0.00025150488363578916,0.0006806256715208292,0.0006613832665607333,0.0,-3.0,collision
3434,-4.118315696716309,0.9188473224639893,-0.00024618080351501703,0.03234206140041351,0.03234163299202919,1.0,-3.0,collision
3435,-4.118075370788574,0.9198756217956543,-0.0002461928816046566,0.033000294119119644,0.033000294119119644,1.0,-3.0,collision
3436,-4.117832660675049,0.9209033846855164,-0.0002464878489263356,0.033001016825437546,0.033001016825437546,1.0,-3.0,collision
3437,-4.117588520050049,0.921930730342865,-0.00024674698943272233,0.03299863263964653,0.03299863263964653,1.0,3.0,collision
3438,-4.11734676361084,0.9229587316513062,-0.00024694507010281086,0.033001430332660675,0.033001430332660675,1.0,3.0,collision
3439,-4.11734676361084,0.9229589700698853,-0.0002520767448004335,0.00016053782019298524,7.450580142176477e-06,0.0,0.0,collision
3440,-4.11734676361084,0.92295902967453,-0.00025143136736005545,2.0253874026820995e-05,1.8626450355441193e-06,0.0,0.0,collision
3441,-4.117346286773682,0.9229589104652405,-0.00025069856201298535,2.7574264095164835e-05,1.5359764802269638e-05,0.0,-3.0,collision
3442,-4.117104530334473,0.9239866733551025,-0.00024512928212061524,0.03299463912844658,0.03299417719244957,1.0,0.0,collision
3443,-4.1168622970581055,0.9250144958496094,-0.0002454238128848374,0.03299940750002861,0.03299940750002861,1.0,-3.0,collision
3444,-4.116618633270264,0.9260419607162476,-0.0002458855742588639,0.03299881890416145,0.032998815178871155,1.0,3.0,collision
3445,-4.116377353668213,0.9270700216293335,-0.0002462560369167477,0.03299983963370323,0.03299983963370323,1.0,3.0,collision
3446,-4.116138458251953,0.9280986189842224,-0.0002465526049491018,0.032999224960803986,0.032999224960803986,1.0,3.0,collision
3447,-4.116134166717529,0.9281192421913147,-0.00025166105479002,0.0006773614441044629,0.0006582809728570282,0.0,-3.0,collision
3448,-4.115898609161377,0.9291269779205322,-0.00024630536790937185,0.032341066747903824,0.0323406346142292,1.0,-3.0,collision
3449,-4.115656852722168,0.9301549196243286,-0.00024630239931866527,0.032999616116285324,0.032999616116285324,1.0,3.0,collision
3450,-4.115652084350586,0.9301754832267761,-0.0002514469961170107,0.0006789711769670248,0.0006596630555577576,0.0,-3.0,collision
3451,-4.115414142608643,0.9311825633049011,-0.00024613350979052484,0.032338161021471024,0.0323377326130867,1.0,-3.0,collision
3452,-4.115409851074219,0.9312031865119934,-0.0002510481863282621,0.0006759599782526493,0.0006582809728570282,0.0,3.0,collision
3453,-4.115171432495117,0.9322102665901184,-0.00024579057935625315,0.03234158083796501,0.032341159880161285,1.0,-3.0,collision
3454,-4.114926338195801,0.9332374930381775,-0.00024588429369032383,0.03300191089510918,0.03300191089510918,1.0,0.0,collision
3455,-4.114681720733643,0.9342647790908813,-0.00024624637444503605,0.03300027176737785,0.033000268042087555,1.0,3.0,collision
3456,-4.114438533782959,0.9352924227714539,-0.00024653435684740543,0.03300081938505173,0.03300081938505173,1.0,-3.0,collision
3457,-4.114433765411377,0.9353128671646118,-0.0002516561944503337,0.0006752775516360998,0.0006560345645993948,0.0,-3.0,collision
3458,-4.114190101623535,0.9363187551498413,-0.0002463023702148348,0.032343540340662,0.03234310820698738,1.0,-3.0,collision
3459,-4.1139397621154785,0.9373446702957153,-0.0002462900010868907,0.03300052508711815,0.03300052508711815,1.0,-3.0,collision
3460,-4.113934516906738,0.9373649954795837,-0.0002514469379093498,0.0006754767382517457,0.0006559711182489991,0.0,-3.0,collision
3461,-4.113684177398682,0.9383691549301147,-0.0002461344702169299,0.032340869307518005,0.03234044462442398,1.0,-3.0,collision
3462,-4.113426208496094,0.9393932819366455,-0.0002461559197399765,0.03300366923213005,0.03300366923213005,1.0,-3.0,collision
3463,-4.113166332244873,0.9404167532920837,-0.00024645833764225245,0.03299842029809952,0.03299842029809952,1.0,-3.0,collision
3464,-4.1129045486450195,0.9414398670196533,-0.00024672335712239146,0.03300231322646141,0.03300231322646141,1.0,3.0,collision
3465,-4.112644672393799,0.9424634575843811,-0.00024691695580258965,0.03300203010439873,0.03300203010439873,1.0,-3.0,collision
3466,-4.112382888793945,0.9434864521026611,-0.0002470810723025352,0.0329987034201622,0.0329987034201622,1.0,-3.0,collision
3467,-4.112377166748047,0.9435067176818848,-0.00025209414889104664,0.000676449853926897,0.0006580596091225743,0.0,-3.0,collision
3468,-4.112115383148193,0.9445079565048218,-0.00024665301316417754,0.03234094753861427,0.03234050050377846,1.0,-3.0,collision
3469,-4.112114429473877,0.9445081353187561,-0.00025155406910926104,0.00015613062714692205,3.0321663871291094e-05,0.0,0.0,collision
3470,-4.111845970153809,0.9455291628837585,-0.00024601820041425526,0.03299204260110855,0.03299158811569214,1.0,0.0,collision
3471,-4.111577033996582,0.9465503096580505,-0.00024614541325718164,0.032998982816934586,0.032998982816934586,1.0,-3.0,collision
3472,-4.111306190490723,0.9475710391998291,-0.00024646296515129507,0.0330016128718853,0.033001609146595,1.0,3.0,collision
3473,-4.111037254333496,0.9485922455787659,-0.0002467080776114017,0.03300078585743904,0.03300078585743904,1.0,-3.0,collision
3474,-4.111031532287598,0.9486125111579895,-0.0002517953107599169,0.0006769903120584786,0.0006580596091225743,0.0,-3.0,collision
3475,-4.111031532287598,0.9486124515533447,-0.0002513084909878671,1.5326722859754227e-05,1.8626450355441193e-06,0.0,3.0,collision
3476,-4.11076545715332,0.949612557888031,-0.00024571403628215194,0.03234095498919487,0.032340485602617264,1.0,-3.0,collision
3477,-4.11049222946167,0.9506325721740723,-0.00024581426987424493,0.03299921005964279,0.03299921005964279,1.0,3.0,collision
3478,-4.1104865074157715,0.9506528973579407,-0.0002510562480892986,0.0006798819522373378,0.0006598523468710482,0.0,-3.0,collision
3479,-4.110218048095703,0.9516522884368896,-0.0002458210801705718,0.032338544726371765,0.032338131219148636,1.0,-3.0,collision
3480,-4.110212802886963,0.9516727328300476,-0.0002507984172552824,0.0006776707014068961,0.0006595788872800767,0.0,3.0,collision
3481,-4.110212802886963,0.9516727328300476,-0.00025048531824722886,9.78434309217846e-06,0.0,0.0,3.0,collision
3482,-4.109946250915527,0.9526727199554443,-0.00024505419423803687,0.032341159880161285,0.03234071657061577,1.0,-3.0,collision
3483,-4.1096720695495605,0.9536924958229065,-0.0002452766930218786,0.032999735325574875,0.032999735325574875,1.0,-3.0,collision
3484,-4.109395503997803,0.9547116160392761,-0.00024575431598350406,0.03299938887357712,0.03299938514828682,1.0,-3.0,collision
3485,-4.109389305114746,0.954731822013855,-0.00025103281950578094,0.00068076973548159,0.0006604830268770456,0.0,-3.0,collision
3486,-4.1091084480285645,0.9557496309280396,-0.0002457125810906291,0.03299567848443985,0.032995257526636124,1.0,0.0,collision
3487,-4.108827590942383,0.9567676782608032,-0.0002459106908645481,0.03300243988633156,0.03300243988633156,1.0,0.0,collision
3488,-4.108546733856201,0.9577856063842773,-0.00024626177037134767,0.03299885243177414,0.03299884870648384,1.0,-3.0,collision
3489,-4.1085405349731445,0.9578057527542114,-0.00025143835227936506,0.0006782757118344307,0.0006587025127373636,0.0,-3.0,collision
3490,-4.1082611083984375,0.9588024616241455,-0.0002461377589497715,0.03234843909740448,0.032348018139600754,1.0,3.0,collision
3491,-4.107978820800781,0.959820032119751,-0.00024615853908471763,0.032999999821186066,0.032999999821186066,1.0,3.0,collision
3492,-4.1076979637146,0.9608380794525146,-0.0002464498102199286,0.03300244361162186,0.03300243988633156,1.0,-3.0,collision
3493,-4.107415199279785,0.9618555903434753,-0.0002467113081365824,0.03300219401717186,0.03300219029188156,1.0,0.0,collision
3494,-4.107415199279785,0.9618558883666992,-0.000251895806286484,0.00016228301683440804,9.313225746154785e-06,0.0,0.0,collision
3495,-4.107137680053711,0.9628528356552124,-0.00024639713228680193,0.032339610159397125,0.03233915567398071,1.0,-3.0,collision
3496,-4.107137203216553,0.9628530144691467,-0.00025134513271041214,0.00015544182679150254,1.5914445611997508e-05,0.0,0.0,collision
3497,-4.106857776641846,0.9638494253158569,-0.00024595274589955807,0.032339487224817276,0.032339051365852356,1.0,3.0,collision
3498,-4.1065754890441895,0.9648670554161072,-0.0002460044343024492,0.033001791685819626,0.033001791685819626,1.0,3.0,collision
3499,-4.106570243835449,0.9648873805999756,-0.00025120805366896093,0.0006758262752555311,0.0006559711182489991,0.0,-3.0,collision
3500,-4.106292724609375,0.9658843278884888,-0.00024594212300144136,0.03233957290649414,0.03233915567398071,1.0,-3.0,collision
3501,-4.1060075759887695,0.9669011235237122,-0.00024600655888207257,0.03300069272518158,0.03300069272518158,1.0,0.0,collision
3502,-4.106007099151611,0.966901421546936,-0.0002513178624212742,0.0001669058110564947,1.7572157958056778e-05,0.0,0.0,collision
3503,-4.105727195739746,0.9678976535797119,-0.00024593400303274393,0.032338134944438934,0.032337699085474014,1.0,-3.0,collision
3504,-4.1057209968566895,0.967917799949646,-0.000250873010372743,0.0006765434518456459,0.0006587025127373636,0.0,-3.0,collision
3505,-4.1054368019104,0.9689128398895264,-0.0002456718066241592,0.032338812947273254,0.03233840689063072,1.0,3.0,collision
3506,-4.10543155670166,0.9689333438873291,-0.00025066756643354893,0.0006795590161345899,0.0006613832665607333,0.0,3.0,collision
3507,-4.105151653289795,0.969929575920105,-0.00024548539659008384,0.03233810141682625,0.032337699085474014,1.0,-3.0,collision
3508,-4.104864120483398,0.9709457159042358,-0.00024564549676142633,0.03300117701292038,0.03300117701292038,1.0,3.0,collision
3509,-4.104578495025635,0.9719623327255249,-0.0002460400282870978,0.032999344170093536,0.032999344170093536,1.0,-3.0,collision
3510,-4.104290962219238,0.9729784727096558,-0.00024638883769512177,0.03300117701292038,0.03300117701292038,1.0,3.0,collision
3511,-4.104290962219238,0.9729788303375244,-0.0002516325330361724,0.00016424614295829087,1.117586998589104e-05,0.0,0.0,collision
3512,-4.104010581970215,0.9739750027656555,-0.000246186216827482,0.032340385019779205,0.03233993798494339,1.0,-3.0,collision
3513,-4.103723049163818,0.9749910235404968,-0.00024620277690701187,0.03299758955836296,0.03299758955836296,1.0,3.0,collision
3514,-4.103437423706055,0.9760078191757202,-0.00024649547412991524,0.033004723489284515,0.03300471976399422,1.0,3.0,collision
3515,-4.10315465927124,0.9770252108573914,-0.00024674340966157615,0.03299860283732414,0.03299860283732414,1.0,3.0,collision
3516,-4.102873802185059,0.978043258190155,-0.00024693715386092663,0.03300243988633156,0.03300243988633156,1.0,0.0,collision
3517,-4.102592468261719,0.9790610671043396,-0.00024709233548492193,0.032999224960803986,0.032999224960803986,1.0,-3.0,collision
3518,-4.102308750152588,0.9800782203674316,-0.0002472208871040493,0.03299941495060921,0.03299941495060921,1.0,-3.0,collision
3519,-4.102022647857666,0.9810947179794312,-0.0002473241474945098,0.03299979120492935,0.03299979120492935,1.0,-3.0,collision
3520,-4.102016448974609,0.9811148643493652,-0.00025228821323253214,0.0006767224986106157,0.0006587025127373636,0.0,-3.0,collision
3521,-4.102016448974609,0.9811148047447205,-0.0002517027023714036,1.839177821238991e-05,1.8626450355441193e-06,0.0,3.0,collision
3522,-4.101733207702637,0.9821102023124695,-0.0002460294053889811,0.03234146907925606,0.03234098106622696,1.0,-3.0,collision
3523,-4.101442813873291,0.9831254482269287,-0.00024606651277281344,0.03299877047538757,0.03299877047538757,1.0,3.0,collision
3524,-4.101154804229736,0.9841414093971252,-0.00024638575268909335,0.03299986198544502,0.03299986198544502,1.0,3.0,collision
3525,-4.101149559020996,0.984161913394928,-0.0002515384112484753,0.0006807021563872695,0.0006613832665607333,0.0,3.0,collision
3526,-4.1008710861206055,0.9851585626602173,-0.00024619681062176824,0.03233862295746803,0.03233819082379341,1.0,-3.0,collision
3527,-4.100865840911865,0.9851790070533752,-0.00025109853595495224,0.0006771322223357856,0.0006595788872800767,0.0,3.0,collision
3528,-4.100865364074707,0.9851788282394409,-0.00025071584968827665,1.9906932720914483e-05,1.5914445611997508e-05,0.0,-3.0,collision
3529,-4.100584506988525,0.9861748814582825,-0.00024524799664504826,0.032340843230485916,0.0323403924703598,1.0,-3.0,collision
3530,-4.100295543670654,0.9871906042098999,-0.00024543199106119573,0.03300083428621292,0.03300083428621292,1.0,-3.0,collision
3531,-4.100289344787598,0.987210750579834,-0.0002507604076527059,0.0006794229848310351,0.0006587025127373636,0.0,-3.0,collision
3532,-4.100001335144043,0.9882047772407532,-0.00024558493169024587,0.03234133869409561,0.03234093636274338,1.0,-3.0,collision
3533,-4.100000858306885,0.9882048964500427,-0.0002507002209313214,0.00016058901383075863,1.5359764802269638e-05,0.0,0.0,collision
3534,-4.099999904632568,0.9882046580314636,-0.0002503117430023849,3.303131234133616e-05,3.0719529604539275e-05,0.0,-3.0,collision
3535,-4.099701881408691,0.9892176389694214,-0.0002448298910167068,0.03299766406416893,0.03299722075462341,1.0,0.0,collision
3536,-4.099404811859131,0.9902308583259583,-0.0002451948239468038,0.03299597278237343,0.03299597278237343,1.0,3.0,collision
3537,-4.099109172821045,0.9912446737289429,-0.00024568280787207186,0.03300130367279053,0.03300129994750023,1.0,-3.0,collision
3538,-4.098811626434326,0.9922579526901245,-0.00024610330001451075,0.03300195559859276,0.03300195187330246,1.0,3.0,collision
3539,-4.098516941070557,0.9932718873023987,-0.00024643074721097946,0.03299655020236969,0.03299655020236969,1.0,3.0,collision
3540,-4.098511219024658,0.9932921528816223,-0.00025156381889246404,0.0006773280911147594,0.0006580596091225743,0.0,-3.0,collision
3541,-4.0982208251953125,0.9942855834960938,-0.0002462275151629001,0.03234429657459259,0.03234386816620827,1.0,-3.0,collision
3542,-4.098215579986572,0.9943059086799622,-0.0002511235361453146,0.0006735780043527484,0.0006559711182489991,0.0,3.0,collision
3543,-4.097926139831543,0.9952994585037231,-0.00024586141807958484,0.032339513301849365,0.03233909606933594,1.0,3.0,collision
3544,-4.097632884979248,0.9963139295578003,-0.0002459252718836069,0.03300020098686218,0.03300020098686218,1.0,-3.0,collision
3545,-4.09733772277832,0.9973278641700745,-0.00024628310347907245,0.03300071135163307,0.03300071135163307,1.0,3.0,collision
3546,-4.09733772277832,0.9973282217979431,-0.0002515473170205951,0.0001648858597036451,1.117586998589104e-05,0.0,0.0,collision
3547,-4.097050189971924,0.9983223080635071,-0.00024611791013740003,0.03233902528882027,0.03233857825398445,1.0,-3.0,collision
3548,-4.09675407409668,0.9993359446525574,-0.0002461379626765847,0.03300011157989502,0.03300011157989502,1.0,-3.0,collision
3549,-4.096747875213623,0.9993560910224915,-0.0002513251092750579,0.0006783544667996466,0.0006587025127373636,0.0,-3.0,collision
3550,-4.096747398376465,0.9993560314178467,-0.00025092653231695294,1.9510362108121626e-05,1.501712449680781e-05,0.0,0.0,collision
3551,-4.0964531898498535,1.0003482103347778,-0.0002454245986882597,0.03234047070145607,0.03234001621603966,1.0,3.0,collision
3552,-4.096155166625977,1.0013612508773804,-0.00024556234711781144,0.032999005168676376,0.032999005168676376,1.0,-3.0,collision
3553,-4.095855712890625,1.0023739337921143,-0.00024599209427833557,0.03300093859434128,0.03300093486905098,1.0,3.0,collision
3554,-4.095557689666748,1.0033869743347168,-0.0002463310956954956,0.032999008893966675,0.032999005168676376,1.0,-3.0,collision
3555,-4.095257759094238,1.0043995380401611,-0.00024662233772687614,0.03300159052014351,0.03300158679485321,1.0,3.0,collision
3556,-4.095252513885498,1.0044200420379639,-0.00025172869209200144,0.0006803613505326211,0.0006613832665607333,0.0,3.0,collision
3557,-4.0949625968933105,1.0054134130477905,-0.0002463490527588874,0.03233833983540535,0.03233790025115013,1.0,-3.0,collision
3558,-4.094665050506592,1.0064266920089722,-0.0002463370328769088,0.03300195187330246,0.03300195187330246,1.0,3.0,collision
3559,-4.094369888305664,1.0074405670166016,-0.0002466030709911138,0.03299892321228981,0.03299892321228981,1.0,3.0,collision
3560,-4.094076633453369,1.0084550380706787,-0.0002468191378284246,0.03300020098686218,0.03300020098686218,1.0,-3.0,collision
3561,-4.093780517578125,1.009468674659729,-0.0002470022300258279,0.03300011157989502,0.03300011157989502,1.0,-3.0,collision
3562,-4.093775272369385,1.0094890594482422,-0.00025204214034602046,0.0006763676065020263,0.0006577748572453856,0.0,3.0,collision
3563,-4.0934858322143555,1.0104825496673584,-0.00024661110364831984,0.03233775123953819,0.032337307929992676,1.0,3.0,collision
3564,-4.093193054199219,1.0114972591400146,-0.0002465356083121151,0.03300322964787483,0.03300322964787483,1.0,3.0,collision
3565,-4.092902183532715,1.012512445449829,-0.0002467511803843081,0.03300108015537262,0.03300108015537262,1.0,-3.0,collision
3566,-4.09260892868042,1.0135269165039062,-0.0002469471364747733,0.03300020098686218,0.03300020098686218,1.0,-3.0,collision
3567,-4.09260892868042,1.013527274131775,-0.0002520884736441076,0.00016105500981211662,1.117586998589104e-05,0.0,0.0,collision
3568,-4.092319011688232,1.0145206451416016,-0.000246551469899714,0.03233836591243744,0.03233790025115013,1.0,-3.0,collision
3569,-4.092021465301514,1.0155339241027832,-0.000246494950260967,0.03300195187330246,0.03300195187330246,1.0,3.0,collision
3570,-4.091726303100586,1.0165477991104126,-0.0002467289741616696,0.03299892321228981,0.03299892321228981,1.0,3.0,collision
3571,-4.091433048248291,1.0175623893737793,-0.00024692484294064343,0.033003780990839005,0.033003780990839005,1.0,0.0,collision
3572,-4.091427326202393,1.017582654953003,-0.0002519641420803964,0.0006766400765627623,0.0006580596091225743,0.0,-3.0,collision
3573,-4.091137886047363,1.0185762643814087,-0.00024655970628373325,0.03234132379293442,0.0323408842086792,1.0,3.0,collision
3574,-4.091133117675781,1.0185967683792114,-0.0002513783401809633,0.0006748628802597523,0.0006578486645594239,0.0,3.0,collision
3575,-4.090848445892334,1.0195916891098022,-0.00024606523220427334,0.032339345663785934,0.03233892098069191,1.0,3.0,collision
3576,-4.090560436248779,1.020607590675354,-0.0002460880787111819,0.032998066395521164,0.032998066395521164,1.0,-3.0,collision
3577,-4.090269565582275,1.021622896194458,-0.00024640269111841917,0.03300466388463974,0.03300466015934944,1.0,-3.0,collision
3578,-4.0899763107299805,1.0226373672485352,-0.0002466689911670983,0.03300020471215248,0.03300020098686218,1.0,-3.0,collision
3579,-4.089970588684082,1.0226575136184692,-0.00025176454801112413,0.000673568167258054,0.0006544752395711839,0.0,-3.0,collision
3580,-4.0896782875061035,1.0236501693725586,-0.0002469939354341477,0.03233775496482849,0.03233741223812103,1.0,-3.0,collision
3581,-4.089378833770752,1.024662733078003,-0.0002468406455591321,0.032997362315654755,0.032997362315654755,1.0,3.0,collision
3582,-4.089081287384033,1.025675892829895,-0.0002469948085490614,0.032998379319906235,0.032998379319906235,1.0,-3.0,collision
3583,-4.088781833648682,1.026688575744629,-0.00024715226027183235,0.03300093486905098,0.03300093486905098,1.0,3.0,collision
3584,-4.088484764099121,1.0277018547058105,-0.0002472696069162339,0.03299775719642639,0.03299775719642639,1.0,3.0,collision
3585,-4.088189601898193,1.0287158489227295,-0.0002473579370416701,0.033002499490976334,0.033002499490976334,1.0,0.0,collision
3586,-4.087894916534424,1.0297298431396484,-0.00024743948597460985,0.03299833461642265,0.03299833461642265,1.0,3.0,collision
3587,-4.087889194488525,1.029750108718872,-0.00025237086811102927,0.0006758631789125502,0.0006580596091225743,0.0,-3.0,collision
3588,-4.087599277496338,1.0307434797286987,-0.0002468725433573127,0.03233835846185684,0.03233790025115013,1.0,-3.0,collision
3589,-4.087301254272461,1.0317565202713013,-0.00024674550513736904,0.032999005168676376,0.032999005168676376,1.0,-3.0,collision
3590,-4.087000846862793,1.032768964767456,-0.0002469394530635327,0.033002253621816635,0.033002253621816635,1.0,3.0,collision
3591,-4.086702823638916,1.0337820053100586,-0.0002470887848176062,0.032999005168676376,0.032999005168676376,1.0,-3.0,collision
3592,-4.086402416229248,1.0347943305969238,-0.000247218064032495,0.03299868106842041,0.03299868106842041,1.0,-3.0,collision
3593,-4.086099624633789,1.0358060598373413,-0.0002473268541507423,0.033002112060785294,0.033002112060785294,1.0,0.0,collision
3594,-4.085797309875488,1.0368179082870483,-0.0002474146895110607,0.03300141170620918,0.03300141170620918,1.0,3.0,collision
3595,-4.08549690246582,1.0378302335739136,-0.0002474694047123194,0.03299868106842041,0.03299868106842041,1.0,-3.0,collision
3596,-4.085491180419922,1.0378504991531372,-0.00025241519324481487,0.0006759659154340625,0.0006580596091225743,0.0,3.0,collision
3597,-4.08549165725708,1.0378504991531372,-0.00025179312797263265,2.4493676392012276e-05,1.4901160284352954e-05,0.0,3.0,collision
3598,-4.085491180419922,1.0378504991531372,-0.0002509910555090755,2.9159678888390772e-05,1.4901160284352954e-05,0.0,0.0,collision
3599,-4.085199356079102,1.0388433933258057,-0.0002454611530993134,0.03234081715345383,0.03234035521745682,1.0,3.0,collision
3600,-4.085199356079102,1.0388437509536743,-0.00025057478342205286,0.00016019125177990645,1.117586998589104e-05,0.0,0.0,collision
3601,-4.085199356079102,1.0388436317443848,-0.0002502096176613122,1.2004104064544663e-05,3.7252900710882386e-06,0.0,-3.0,collision
3602,-4.085199356079102,1.0388437509536743,-0.00024972963728941977,1.545507439004723e-05,3.7252900710882386e-06,0.0,0.0,collision
3603,-4.0849080085754395,1.0398367643356323,-0.00024445223971270025,0.0323401540517807,0.032339729368686676,1.0,3.0,collision
3604,-4.084612846374512,1.0408506393432617,-0.00024478384875692427,0.03299892321228981,0.03299892321228981,1.0,-3.0,collision
