step,x,y,z,speed_3d,speed_xy,command_v,command_w,outcome
0,1.8075058460235596,-1.5237072706222534,-0.01012932974845171,0.0,0.0,0.0,0.0,timeout
1,1.8075145483016968,-1.523717999458313,-0.005212884396314621,0.1536395251750946,0.0004316998820286244,1.0,3.0,timeout
2,1.8075143098831177,-1.5237177610397339,-0.004200987983494997,0.03162176534533501,1.0536711670283694e-05,0.0,3.0,timeout
3,1.8075822591781616,-1.522684931755066,-0.0034046112559735775,0.040811698883771896,0.03234568610787392,1.0,3.0,timeout
4,1.8076485395431519,-1.521630883216858,-0.0027721677906811237,0.03846919536590576,0.033004071563482285,1.0,3.0,timeout
5,1.8076485395431519,-1.5216095447540283,-0.0022715399973094463,0.015658821910619736,0.0006668269052170217,0.0,3.0,timeout
6,1.8077114820480347,-1.5205764770507812,-0.0018616978777572513,0.03478675335645676,0.03234322741627693,1.0,-3.0,timeout
7,1.8077126741409302,-1.5205552577972412,-0.0015430899802595377,0.009978622198104858,0.0006641471991315484,0.0,-3.0,timeout
8,1.8077791929244995,-1.5195225477218628,-0.0012791140470653772,0.033374618738889694,0.03233906626701355,1.0,-3.0,timeout
9,1.8078489303588867,-1.5184687376022339,-0.001072289189323783,0.03363051265478134,0.03300359472632408,1.0,0.0,timeout
10,1.807918906211853,-1.5174150466918945,-0.0009071568492799997,0.033401407301425934,0.03300036862492561,1.0,-3.0,timeout
11,1.8079913854599,-1.5163614749908447,-0.0007751092780381441,0.033258914947509766,0.03300192952156067,1.0,-3.0,timeout
12,1.8080662488937378,-1.515308141708374,-0.0006695048068650067,0.03316430002450943,0.03299969807267189,1.0,-3.0,timeout
13,1.8081427812576294,-1.5142548084259033,-0.0005850580637343228,0.03310877084732056,0.03300343453884125,1.0,3.0,timeout
14,1.8082174062728882,-1.5132014751434326,-0.0005175014375708997,0.033066630363464355,0.03299916908144951,1.0,-3.0,timeout
15,1.808294415473938,-1.5121482610702515,-0.00046348164323717356,0.03304395079612732,0.03300080448389053,1.0,-3.0,timeout
16,1.8082935810089111,-1.512127161026001,-0.00042517317342571914,0.0013669676845893264,0.0006598918116651475,0.0,3.0,timeout
17,1.8083714246749878,-1.5110951662063599,-0.00038506207056343555,0.03236573562026024,0.032341450452804565,1.0,-3.0,timeout
18,1.8084508180618286,-1.5100420713424683,-0.000357263459591195,0.03301403298974037,0.03300260379910469,1.0,-3.0,timeout
19,1.8085318803787231,-1.5089892148971558,-0.0003353265637997538,0.03300625458359718,0.03299913555383682,1.0,3.0,timeout
20,1.808533787727356,-1.5089681148529053,-0.000322658073855564,0.0007714006933383644,0.00066206487827003,0.0,-3.0,timeout
21,1.8086142539978027,-1.5079364776611328,-0.00030308665009215474,0.03234236314892769,0.03233657777309418,1.0,-3.0,timeout
22,1.8086978197097778,-1.5068837404251099,-0.00029171304777264595,0.033003438264131546,0.03300151973962784,1.0,3.0,timeout
23,1.808699607849121,-1.5068626403808594,-0.00028776409453712404,0.0006731481407769024,0.0006617399048991501,0.0,-3.0,timeout
24,1.8087817430496216,-1.5058311223983765,-0.0002751904248725623,0.03233934938907623,0.03233696147799492,1.0,3.0,timeout
25,1.8087824583053589,-1.5058099031448364,-0.00027427522582001984,0.000664094346575439,0.0006634782184846699,0.0,3.0,timeout
26,1.808862566947937,-1.5047780275344849,-0.0002643658663146198,0.032344624400138855,0.03234313800930977,1.0,-3.0,timeout
27,1.8088611364364624,-1.5047569274902344,-0.0002656294673215598,0.0006620686035603285,0.0006608899566344917,0.0,3.0,timeout
28,1.8089414834976196,-1.5037250518798828,-0.00025745105813257396,0.03234472498297691,0.03234371542930603,1.0,-3.0,timeout
29,1.8090234994888306,-1.5026721954345703,-0.00025520537747070193,0.03300151228904724,0.03300143778324127,1.0,-3.0,timeout
30,1.8091070652008057,-1.5016194581985474,-0.00025370519142597914,0.03300155699253082,0.03300151973962784,1.0,3.0,timeout
31,1.8091881275177002,-1.5005666017532349,-0.0002525095478631556,0.03299915790557861,0.03299913555383682,1.0,3.0,timeout
32,1.8092666864395142,-1.4995135068893433,-0.000251553748967126,0.03300066664814949,0.033000651746988297,1.0,3.0,timeout
33,1.8093427419662476,-1.498460292816162,-0.0002507895405869931,0.03299865126609802,0.03299864009022713,1.0,3.0,timeout
34,1.809343695640564,-1.498439073562622,-0.0002550491481088102,0.000676986644975841,0.0006637710030190647,0.0,-3.0,timeout
35,1.8093433380126953,-1.498439073562622,-0.000253905396675691,3.744872810784727e-05,1.117586998589104e-05,0.0,0.0,timeout
36,1.8093433380126953,-1.498439073562622,-0.00025268126046285033,3.8254256651271135e-05,0.0,0.0,-3.0,timeout
37,1.8093430995941162,-1.4984389543533325,-0.0002516965614631772,3.187938636983745e-05,8.330001946887933e-06,0.0,0.0,timeout
38,1.8094221353530884,-1.4973862171173096,-0.0002459227107465267,0.032991115003824234,0.03299061954021454,1.0,0.0,timeout
39,1.809500813484192,-1.496333122253418,-0.00024606837541796267,0.03300093114376068,0.03300093114376068,1.0,3.0,timeout
40,1.8095771074295044,-1.4952799081802368,-0.0002463915734551847,0.032999180257320404,0.032999180257320404,1.0,3.0,timeout
41,1.8096510171890259,-1.4942264556884766,-0.0002466606965754181,0.03300131484866142,0.033001311123371124,1.0,3.0,timeout
42,1.8097232580184937,-1.4931730031967163,-0.0002468658203724772,0.032997701317071915,0.032997701317071915,1.0,-3.0,timeout
43,1.809798002243042,-1.492119550704956,-0.0002470393665134907,0.03300314396619797,0.03300314396619797,1.0,-3.0,timeout
44,1.8097994327545166,-1.4920985698699951,-0.00025206003920175135,0.0006756427465006709,0.000657173281069845,0.0,-3.0,timeout
45,1.809799075126648,-1.4920985698699951,-0.00025213463231921196,1.1416383131290786e-05,1.117586998589104e-05,0.0,3.0,timeout
46,1.8097988367080688,-1.4920985698699951,-0.00025125910178758204,2.835663326550275e-05,7.450580142176477e-06,0.0,3.0,timeout
47,1.8097984790802002,-1.4920986890792847,-0.0002505534212104976,2.5001827452797443e-05,1.1780402019212488e-05,0.0,3.0,timeout
48,1.8097988367080688,-1.4920986890792847,-0.0002499792317394167,2.1139214368304238e-05,1.117586998589104e-05,0.0,-3.0,timeout
49,1.8098723888397217,-1.491066575050354,-0.00024465538444928825,0.032335784286260605,0.03233535960316658,1.0,3.0,timeout
50,1.8099441528320312,-1.4900130033493042,-0.0002449562889523804,0.0330004021525383,0.0330004021525383,1.0,3.0,timeout
51,1.8100136518478394,-1.4889591932296753,-0.0002454978821333498,0.03300311043858528,0.033003102988004684,1.0,3.0,timeout
52,1.8100813627243042,-1.4879053831100464,-0.00024593519628979266,0.03299947828054428,0.03299947455525398,1.0,-3.0,timeout
53,1.8101516962051392,-1.4868518114089966,-0.0002462951233610511,0.03299739584326744,0.03299739211797714,1.0,-3.0,timeout
54,1.8101518154144287,-1.486851453781128,-0.00025156736955977976,0.00016517829499207437,1.1780402019212488e-05,0.0,0.0,timeout
55,1.8101518154144287,-1.486851453781128,-0.00025102446670643985,1.6965714166872203e-05,0.0,0.0,0.0,timeout
56,1.8102242946624756,-1.4857981204986572,-0.0002453966299071908,0.032994966953992844,0.03299449756741524,1.0,0.0,timeout
57,1.8102971315383911,-1.484744668006897,-0.0002456379297655076,0.032998982816934586,0.032998982816934586,1.0,-3.0,timeout
58,1.8103724718093872,-1.4836913347244263,-0.00024604672216810286,0.03300075605511665,0.03300075605511665,1.0,-3.0,timeout
59,1.8103713989257812,-1.4836702346801758,-0.00025127799017354846,0.0006801661802455783,0.0006602281937375665,0.0,3.0,timeout
60,1.8104475736618042,-1.4826381206512451,-0.0002459885727148503,0.03234170749783516,0.032341282814741135,1.0,-3.0,timeout
61,1.8105250597000122,-1.481584906578064,-0.0002460437535773963,0.033001892268657684,0.033001892268657684,1.0,0.0,timeout
62,1.8106027841567993,-1.4805318117141724,-0.0002463642449583858,0.03299872577190399,0.03299872204661369,1.0,-3.0,timeout
63,1.8106821775436401,-1.4794787168502808,-0.0002466481237206608,0.03300260379910469,0.03300260379910469,1.0,3.0,timeout
64,1.8107590675354004,-1.4784256219863892,-0.0002468661987222731,0.03299681469798088,0.03299681469798088,1.0,3.0,timeout
65,1.8108340501785278,-1.4773722887039185,-0.0002470304898452014,0.03299995884299278,0.03299995884299278,1.0,-3.0,timeout
66,1.8108357191085815,-1.477351188659668,-0.00025205244310200214,0.0006797985988669097,0.0006614357116632164,0.0,-3.0,timeout
67,1.8108354806900024,-1.477351188659668,-0.0002515146043151617,1.8384829672868364e-05,7.450580142176477e-06,0.0,3.0,timeout
68,1.8109112977981567,-1.4763191938400269,-0.0002458899689372629,0.03233722969889641,0.032336752861738205,1.0,3.0,timeout
69,1.8109862804412842,-1.4752658605575562,-0.00024593385751359165,0.03299995884299278,0.03299995884299278,1.0,-3.0,timeout
70,1.8109849691390991,-1.4752446413040161,-0.0002511726343072951,0.0006842401344329119,0.0006643666420131922,0.0,3.0,timeout
71,1.8110580444335938,-1.474212408065796,-0.0002459147945046425,0.03233843669295311,0.032338015735149384,1.0,3.0,timeout
72,1.8111295700073242,-1.473158836364746,-0.00024597835727036,0.03299989551305771,0.03299989551305771,1.0,3.0,timeout
73,1.8111305236816406,-1.4731377363204956,-0.0002511870698072016,0.0006798236281611025,0.0006600494962185621,0.0,-3.0,timeout
74,1.811201810836792,-1.4721053838729858,-0.00024592605768702924,0.032338254153728485,0.03233783692121506,1.0,-3.0,timeout
75,1.8112760782241821,-1.4710520505905151,-0.0002459987299516797,0.032998379319906235,0.032998379319906235,1.0,3.0,timeout
76,1.8113486766815186,-1.4699984788894653,-0.0002463224809616804,0.03300218656659126,0.03300218656659126,1.0,-3.0,timeout
77,1.8114237785339355,-1.4689451456069946,-0.0002466044097673148,0.03300022333860397,0.03300022333860397,1.0,-3.0,timeout
78,1.8115010261535645,-1.4678919315338135,-0.00024683610536158085,0.03300134465098381,0.03300134465098381,1.0,0.0,timeout
79,1.811578631401062,-1.4668387174606323,-0.00024701247457414865,0.03300216421484947,0.03300216421484947,1.0,-3.0,timeout
80,1.8116577863693237,-1.4657857418060303,-0.0002471673651598394,0.032998327165842056,0.032998327165842056,1.0,3.0,timeout
81,1.8117345571517944,-1.4647325277328491,-0.0002472815685905516,0.03300026059150696,0.03300026059150696,1.0,3.0,timeout
82,1.8118091821670532,-1.4636790752410889,-0.0002473675413057208,0.033002883195877075,0.033002883195877075,1.0,0.0,timeout
83,1.8118840456008911,-1.4626257419586182,-0.0002474367502145469,0.03299969807267189,0.03299969807267189,1.0,-3.0,timeout
84,1.8119608163833618,-1.461572527885437,-0.0002475067740306258,0.03300026059150696,0.03300026059150696,1.0,3.0,timeout
85,1.8119614124298096,-1.4615514278411865,-0.00025243524578399956,0.0006773807690478861,0.0006596393650397658,0.0,3.0,timeout
86,1.8120321035385132,-1.4605190753936768,-0.00024692618171684444,0.032337017357349396,0.032336559146642685,1.0,3.0,timeout
87,1.8120323419570923,-1.4604978561401367,-0.0002516698441468179,0.0006795102963224053,0.0006631434662267566,0.0,3.0,timeout
88,1.8121006488800049,-1.4594652652740479,-0.00024628755636513233,0.0323394238948822,0.03233898803591728,1.0,-3.0,timeout
89,1.8121706247329712,-1.4584115743637085,-0.00024627678794786334,0.03300036862492561,0.03300036862492561,1.0,-3.0,timeout
90,1.812242865562439,-1.4573578834533691,-0.0002465593861415982,0.033005136996507645,0.033005136996507645,1.0,0.0,timeout
91,1.8122444152832031,-1.4573367834091187,-0.0002516716194804758,0.0006801800918765366,0.0006611524149775505,0.0,-3.0,timeout
92,1.8123184442520142,-1.456304669380188,-0.0002463150885887444,0.03233685344457626,0.03233642131090164,1.0,-3.0,timeout
93,1.8123953342437744,-1.4552514553070068,-0.0002463097625877708,0.03300052881240845,0.03300052881240845,1.0,3.0,timeout
94,1.8124698400497437,-1.4541981220245361,-0.0002465810684952885,0.032998908311128616,0.03299890458583832,1.0,3.0,timeout
95,1.8125418424606323,-1.4531445503234863,-0.0002468117163516581,0.03300091251730919,0.03300091251730919,1.0,3.0,timeout
96,1.8126113414764404,-1.452090859413147,-0.0002469970495440066,0.03299938887357712,0.03299938887357712,1.0,3.0,timeout
97,1.8126784563064575,-1.4510369300842285,-0.000247145420871675,0.03300200402736664,0.03300200402736664,1.0,3.0,timeout
98,1.8126782178878784,-1.4510157108306885,-0.0002521463029552251,0.0006813090294599533,0.0006631434662267566,0.0,3.0,timeout
99,1.8126779794692993,-1.4510157108306885,-0.00025156824267469347,1.9540550056262873e-05,7.450580142176477e-06,0.0,-3.0,timeout
100,1.8127425909042358,-1.44998300075531,-0.0002459307434037328,0.03233576938509941,0.03233528882265091,1.0,-3.0,timeout
101,1.8128107786178589,-1.4489291906356812,-0.00024597725132480264,0.03300043195486069,0.03300043195486069,1.0,-3.0,timeout
102,1.8128807544708252,-1.4478754997253418,-0.00024632434360682964,0.03300037235021591,0.03300036862492561,1.0,3.0,timeout
103,1.8129483461380005,-1.446821689605713,-0.00024660679628141224,0.03299923613667488,0.03299923613667488,1.0,3.0,timeout
104,1.81294846534729,-1.4468004703521729,-0.00025171550805680454,0.0006820593262091279,0.0006631120922975242,0.0,3.0,timeout
105,1.813010334968567,-1.4457675218582153,-0.00024635044974274933,0.03233792260289192,0.0323374904692173,1.0,3.0,timeout
106,1.8130708932876587,-1.4447132349014282,-0.0002463166310917586,0.033000774681568146,0.033000774681568146,1.0,-3.0,timeout
107,1.8130695819854736,-1.4446920156478882,-0.0002514790976420045,0.0006836734828539193,0.0006643666420131922,0.0,3.0,timeout
108,1.8131300210952759,-1.4436379671096802,-0.00024605810176581144,0.03299355506896973,0.032993119210004807,1.0,0.0,timeout
109,1.8131906986236572,-1.442583680152893,-0.000246181502006948,0.03300098329782486,0.03300098329782486,1.0,-3.0,timeout
110,1.8131897449493408,-1.4425625801086426,-0.0002513753133825958,0.000679712335113436,0.0006600494962185621,0.0,3.0,timeout
111,1.8132511377334595,-1.441529393196106,-0.000246066483668983,0.03234446421265602,0.032344039529561996,1.0,-3.0,timeout
112,1.8132503032684326,-1.4415082931518555,-0.0002509941696189344,0.0006776209338568151,0.0006598918116651475,0.0,3.0,timeout
113,1.8132503032684326,-1.4415082931518555,-0.0002506420132704079,1.100488498195773e-05,0.0,0.0,3.0,timeout
114,1.8132508993148804,-1.441508412361145,-0.00025006502983160317,2.619026054162532e-05,1.8995326172444038e-05,0.0,-3.0,timeout
115,1.8133100271224976,-1.4404752254486084,-0.00024472500081174076,0.03234034776687622,0.0323399156332016,1.0,3.0,timeout
116,1.813367247581482,-1.4394208192825317,-0.00024501181906089187,0.03299867361783981,0.03299867361783981,1.0,3.0,timeout
117,1.8134227991104126,-1.4383662939071655,-0.00024553193361498415,0.032999612390995026,0.03299960866570473,1.0,-3.0,timeout
118,1.813423752784729,-1.4383450746536255,-0.0002508536272216588,0.0006842869333922863,0.0006637710030190647,0.0,-3.0,timeout
119,1.8134233951568604,-1.4383450746536255,-0.00025055589503608644,1.4541901691700332e-05,1.117586998589104e-05,0.0,3.0,timeout
120,1.813423752784729,-1.4383450746536255,-0.0002499973343219608,2.0726260117953643e-05,1.117586998589104e-05,0.0,-3.0,timeout
121,1.8134835958480835,-1.4373120069503784,-0.00024465954629704356,0.03233791142702103,0.032337483018636703,1.0,-3.0,timeout
122,1.813482642173767,-1.437290906906128,-0.0002498541434761137,0.0006797181558795273,0.0006600494962185621,0.0,3.0,timeout
123,1.8135441541671753,-1.4362578392028809,-0.000244834489421919,0.032340921461582184,0.03234054148197174,1.0,-3.0,timeout
124,1.8136075735092163,-1.4352036714553833,-0.0002451149339322001,0.033002302050590515,0.033002302050590515,1.0,-3.0,timeout
125,1.813672661781311,-1.4341496229171753,-0.00024563531042076647,0.03300175815820694,0.03300175443291664,1.0,3.0,timeout
126,1.8137352466583252,-1.4330954551696777,-0.0002460555697325617,0.033000748604536057,0.03300074487924576,1.0,3.0,timeout
127,1.813796043395996,-1.4320412874221802,-0.0002463822311256081,0.032997481524944305,0.032997481524944305,1.0,-3.0,timeout
128,1.813859224319458,-1.4309871196746826,-0.000246653042268008,0.0330018550157547,0.0330018550157547,1.0,-3.0,timeout
129,1.8138607740402222,-1.4309660196304321,-0.0002517513057682663,0.0006800776463933289,0.0006611524149775505,0.0,-3.0,timeout
130,1.813928484916687,-1.4299123287200928,-0.000246287789195776,0.032996196299791336,0.03299575671553612,1.0,0.0,timeout
131,1.8139965534210205,-1.4288585186004639,-0.00024636596208438277,0.03300018981099129,0.03300018981099129,1.0,-3.0,timeout
132,1.8139969110488892,-1.4288582801818848,-0.0002516132371965796,0.00016452652926091105,1.3431724255497102e-05,0.0,0.0,timeout
133,1.8139969110488892,-1.4288582801818848,-0.00025106556131504476,1.7114871297962964e-05,0.0,0.0,3.0,timeout
134,1.8140634298324585,-1.427825689315796,-0.0002455262001603842,0.032335810363292694,0.032335348427295685,1.0,3.0,timeout
135,1.8141279220581055,-1.426771640777588,-0.0002456525689922273,0.03300061449408531,0.03300061449408531,1.0,3.0,timeout
136,1.8141281604766846,-1.4267504215240479,-0.00025093715521506965,0.0006833970546722412,0.0006631434662267566,0.0,3.0,timeout
137,1.8141870498657227,-1.4257173538208008,-0.0002457269001752138,0.03233618289232254,0.03233577311038971,1.0,3.0,timeout
138,1.8142446279525757,-1.4246629476547241,-0.0002458179369568825,0.03299928084015846,0.03299928084015846,1.0,-3.0,timeout
139,1.8143044710159302,-1.4236085414886475,-0.00024619195028208196,0.03300321847200394,0.03300321847200394,1.0,0.0,timeout
140,1.8143033981323242,-1.4235873222351074,-0.00025138945784419775,0.0006835267413407564,0.0006639487110078335,0.0,3.0,timeout
141,1.814361810684204,-1.4225541353225708,-0.00024607815430499613,0.032339077442884445,0.03233864903450012,1.0,-3.0,timeout
142,1.8144222497940063,-1.4214998483657837,-0.00024611002299934626,0.033000558614730835,0.033000558614730835,1.0,-3.0,timeout
143,1.8144851922988892,-1.4204456806182861,-0.00024642125936225057,0.03300141170620918,0.03300141170620918,1.0,-3.0,timeout
144,1.814550518989563,-1.4193917512893677,-0.00024668421247042716,0.032998498529195786,0.03299849480390549,1.0,-3.0,timeout
145,1.8145500421524048,-1.4193706512451172,-0.00025178780197165906,0.0006785538862459362,0.0006595447193831205,0.0,3.0,timeout
146,1.814613699913025,-1.4183378219604492,-0.00024640766787342727,0.03233759477734566,0.03233715891838074,1.0,3.0,timeout
147,1.814614176750183,-1.4183166027069092,-0.0002512549690436572,0.0006803465657867491,0.0006632690201513469,0.0,3.0,timeout
148,1.8146724700927734,-1.4172834157943726,-0.0002459669194649905,0.032338861376047134,0.03233844041824341,1.0,3.0,timeout
149,1.8147287368774414,-1.416229009628296,-0.0002460192481521517,0.03299707546830177,0.03299707546830177,1.0,3.0,timeout
150,1.8147832155227661,-1.4151743650436401,-0.00024633825523778796,0.03300158306956291,0.03300158306956291,1.0,-3.0,timeout
151,1.8148401975631714,-1.414119839668274,-0.0002466169244144112,0.03300199285149574,0.033001989126205444,1.0,-3.0,timeout
152,1.8148996829986572,-1.4130655527114868,-0.0002468411112204194,0.03299886733293533,0.03299886733293533,1.0,-3.0,timeout
153,1.8149608373641968,-1.4120112657546997,-0.0002470305480528623,0.0330018475651741,0.0330018475651741,1.0,3.0,timeout
154,1.8150198459625244,-1.410956859588623,-0.0002471672196406871,0.033001746982336044,0.033001746982336044,1.0,0.0,timeout
155,1.8150190114974976,-1.4109357595443726,-0.00025216929498128593,0.000678153068292886,0.0006598918116651475,0.0,3.0,timeout
156,1.8150744438171387,-1.4099024534225464,-0.000246713258093223,0.032337695360183716,0.0323372446000576,1.0,3.0,timeout
157,1.8151278495788574,-1.4088478088378906,-0.0002466169244144112,0.03299987316131592,0.03299987316131592,1.0,3.0,timeout
158,1.8151788711547852,-1.4077930450439453,-0.0002468265884090215,0.032999906688928604,0.032999906688928604,1.0,3.0,timeout
159,1.8152273893356323,-1.406738042831421,-0.0002470083418302238,0.033003661781549454,0.033003661781549454,1.0,3.0,timeout
160,1.815273642539978,-1.4056830406188965,-0.00024715453037060797,0.033000487834215164,0.033000487834215164,1.0,3.0,timeout
161,1.8153181076049805,-1.404628038406372,-0.00024726070114411414,0.032998085021972656,0.032998085021972656,1.0,-3.0,timeout
162,1.8153645992279053,-1.4035730361938477,-0.0002473659988027066,0.03300081193447113,0.03300081193447113,1.0,3.0,timeout
163,1.815408706665039,-1.4025179147720337,-0.0002474409411661327,0.03300134092569351,0.03300134092569351,1.0,3.0,timeout
164,1.8154503107070923,-1.4014627933502197,-0.0002475005167070776,0.03299816697835922,0.03299816697835922,1.0,3.0,timeout
165,1.8154900074005127,-1.4004074335098267,-0.00024754265905357897,0.0330033153295517,0.0330033153295517,1.0,0.0,timeout
166,1.8155301809310913,-1.3993521928787231,-0.0002475764777045697,0.0330001562833786,0.0330001562833786,1.0,-3.0,timeout
167,1.815529227256775,-1.3993310928344727,-0.0002525007294025272,0.0006777502130717039,0.0006600494962185621,0.0,3.0,timeout
168,1.8155287504196167,-1.3993310928344727,-0.00025186239508911967,2.489910002623219e-05,1.4901160284352954e-05,0.0,3.0,timeout
169,1.8155659437179565,-1.3982969522476196,-0.0002461681142449379,0.032338276505470276,0.03233778476715088,1.0,3.0,timeout
170,1.8155661821365356,-1.3982758522033691,-0.00025103770894929767,0.0006767495069652796,0.0006594184087589383,0.0,-3.0,timeout
171,1.8155661821365356,-1.3982758522033691,-0.0002506764722056687,1.1288647328910884e-05,0.0,0.0,-3.0,timeout
172,1.8156061172485352,-1.3972418308258057,-0.0002452170883771032,0.03233770653605461,0.0323372557759285,1.0,-3.0,timeout
173,1.815649151802063,-1.3961867094039917,-0.00024540661252103746,0.032999955117702484,0.032999955117702484,1.0,-3.0,timeout
174,1.815693974494934,-1.3951315879821777,-0.0002458679664414376,0.03300228342413902,0.033002279698848724,1.0,3.0,timeout
175,1.8157362937927246,-1.3940764665603638,-0.0002462417760398239,0.032999057322740555,0.032999053597450256,1.0,3.0,timeout
176,1.8157768249511719,-1.3930212259292603,-0.00024653103901073337,0.033000584691762924,0.033000584691762924,1.0,-3.0,timeout
177,1.8157776594161987,-1.3930001258850098,-0.00025165308034047484,0.0006790269399061799,0.0006598918116651475,0.0,-3.0,timeout
178,1.8158220052719116,-1.3919662237167358,-0.0002463118580635637,0.03233957663178444,0.032339148223400116,1.0,3.0,timeout
179,1.815864086151123,-1.3909111022949219,-0.00024629649124108255,0.03299875557422638,0.03299875557422638,1.0,3.0,timeout
180,1.8159037828445435,-1.3898557424545288,-0.0002465703582856804,0.0330033153295517,0.0330033153295517,1.0,3.0,timeout
181,1.815903902053833,-1.3898346424102783,-0.0002516741515137255,0.000678401964250952,0.0006593868602067232,0.0,-3.0,timeout
182,1.8159441947937012,-1.3888006210327148,-0.0002463164855726063,0.03233812376856804,0.03233768790960312,1.0,-3.0,timeout
183,1.8159433603286743,-1.3887794017791748,-0.00025119385099969804,0.0006808927864767611,0.0006636141915805638,0.0,3.0,timeout
184,1.8159838914871216,-1.3877243995666504,-0.000245816248934716,0.03299356624484062,0.0329931378364563,1.0,0.0,timeout
185,1.816024899482727,-1.3866691589355469,-0.0002459873794578016,0.03300115838646889,0.03300115838646889,1.0,-3.0,timeout
186,1.8160675764083862,-1.385614037513733,-0.0002463370910845697,0.03299950435757637,0.03299950435757637,1.0,3.0,timeout
187,1.8161077499389648,-1.3845587968826294,-0.00024661721545271575,0.0330001600086689,0.0330001562833786,1.0,3.0,timeout
188,1.816108226776123,-1.384537696838379,-0.0002517124521546066,0.0006784925935789943,0.0006595447193831205,0.0,-3.0,timeout
189,1.816148042678833,-1.3835035562515259,-0.0002463590062689036,0.03234127163887024,0.03234083577990532,1.0,3.0,timeout
190,1.816185712814331,-1.3824483156204224,-0.00024633435532450676,0.03299727290868759,0.03299727290868759,1.0,3.0,timeout
191,1.8162217140197754,-1.3813928365707397,-0.0002465902070980519,0.03300290182232857,0.03300289809703827,1.0,-3.0,timeout
192,1.8162593841552734,-1.3803375959396362,-0.00024682897492311895,0.03299727290868759,0.03299727290868759,1.0,3.0,timeout
193,1.8162951469421387,-1.3792821168899536,-0.0002470060426276177,0.03300264850258827,0.03300264850258827,1.0,0.0,timeout
194,1.8162943124771118,-1.3792608976364136,-0.0002520403068047017,0.0006820070557296276,0.0006636141915805638,0.0,3.0,timeout
195,1.8163272142410278,-1.378226637840271,-0.0002466107252985239,0.032337408512830734,0.03233696520328522,1.0,3.0,timeout
196,1.8163574934005737,-1.3771710395812988,-0.0002465351135469973,0.03300101310014725,0.03300100937485695,1.0,3.0,timeout
197,1.8163853883743286,-1.3761154413223267,-0.00024676130851730704,0.032998960465192795,0.032998956739902496,1.0,3.0,timeout
198,1.8164113759994507,-1.3750596046447754,-0.0002469507453497499,0.03300488740205765,0.03300488740205765,1.0,0.0,timeout
199,1.8164377212524414,-1.3740040063858032,-0.0002471031039021909,0.03299771249294281,0.03299771249294281,1.0,-3.0,timeout
200,1.8164371252059937,-1.3739827871322632,-0.00025212220498360693,0.000681653618812561,0.0006633632001467049,0.0,3.0,timeout
201,1.8164628744125366,-1.3729482889175415,-0.00024667655816301703,0.03233852609992027,0.03233807906508446,1.0,3.0,timeout
202,1.8164860010147095,-1.3718925714492798,-0.0002465876459609717,0.03299908712506294,0.032999083399772644,1.0,3.0,timeout
203,1.8164851665496826,-1.3718713521957397,-0.0002516854146961123,0.000682467594742775,0.0006636141915805638,0.0,3.0,timeout
204,1.816485047340393,-1.3718713521957397,-0.0002511991187930107,1.5646688552806154e-05,3.7252900710882386e-06,0.0,-3.0,timeout
205,1.8165056705474854,-1.370836853981018,-0.00024564735940657556,0.03233495354652405,0.03233448788523674,1.0,3.0,timeout
206,1.8165055513381958,-1.370815634727478,-0.0002506217861082405,0.000681089295540005,0.0006631120922975242,0.0,-3.0,timeout
207,1.8165260553359985,-1.3697810173034668,-0.00024547104840166867,0.03233854100108147,0.03233814239501953,1.0,3.0,timeout
208,1.8165439367294312,-1.3687251806259155,-0.0002456235233694315,0.03299962729215622,0.03299962356686592,1.0,3.0,timeout
209,1.8165602684020996,-1.3676693439483643,-0.00024602163466624916,0.03299884498119354,0.032998841255903244,1.0,-3.0,timeout
210,1.816559910774231,-1.3676689863204956,-0.0002513474610168487,0.00016718084225431085,1.5805066141183488e-05,0.0,0.0,timeout
211,1.8165780305862427,-1.3666343688964844,-0.0002459703537169844,0.032337188720703125,0.032336752861738205,1.0,3.0,timeout
212,1.8165942430496216,-1.365578532218933,-0.00024600871256552637,0.03299878537654877,0.03299878537654877,1.0,-3.0,timeout
213,1.8166123628616333,-1.3645225763320923,-0.00024634975125081837,0.03300347924232483,0.03300347551703453,1.0,3.0,timeout
214,1.8166286945343018,-1.363466739654541,-0.000246617040829733,0.032998841255903244,0.032998841255903244,1.0,-3.0,timeout
215,1.816646933555603,-1.3624109029769897,-0.00024685109383426607,0.03299981728196144,0.03299981728196144,1.0,3.0,timeout
216,1.8166626691818237,-1.3613550662994385,-0.00024702894734218717,0.03299855813384056,0.03299855813384056,1.0,3.0,timeout
217,1.8166759014129639,-1.3602991104125977,-0.00024717088672332466,0.033001210540533066,0.033001210540533066,1.0,3.0,timeout
218,1.8166875839233398,-1.3592431545257568,-0.00024727388517931104,0.0330006405711174,0.0330006405711174,1.0,-3.0,timeout
219,1.8167014122009277,-1.358187198638916,-0.0002473709755577147,0.03300144895911217,0.03300144895911217,1.0,0.0,timeout
220,1.8167155981063843,-1.3571312427520752,-0.0002474399225320667,0.03300159424543381,0.03300159424543381,1.0,-3.0,timeout
221,1.8167316913604736,-1.356075406074524,-0.00024750936427153647,0.03299872577190399,0.03299872577190399,1.0,3.0,timeout
222,1.8167458772659302,-1.3550195693969727,-0.0002475452492944896,0.032997868955135345,0.032997868955135345,1.0,-3.0,timeout
223,1.8167626857757568,-1.3539636135101318,-0.00024758302606642246,0.03300280123949051,0.03300280123949051,1.0,-3.0,timeout
224,1.8167815208435059,-1.3529077768325806,-0.0002476187073625624,0.033000145107507706,0.033000145107507706,1.0,0.0,timeout
225,1.8167999982833862,-1.3518519401550293,-0.00024764816043898463,0.03299994766712189,0.03299994766712189,1.0,3.0,timeout
226,1.8167996406555176,-1.3518308401107788,-0.00025254784850403666,0.0006770128384232521,0.0006594710284844041,0.0,3.0,timeout
227,1.8168131113052368,-1.350796103477478,-0.00024701652000658214,0.03233871981501579,0.032338257879018784,1.0,3.0,timeout
228,1.8168237209320068,-1.3497401475906372,-0.0002468594175297767,0.03300028666853905,0.03300028666853905,1.0,3.0,timeout
229,1.8168320655822754,-1.3486841917037964,-0.0002470205072313547,0.03299964964389801,0.03299964964389801,1.0,3.0,timeout
230,1.8168379068374634,-1.3476282358169556,-0.0002471634652465582,0.03299912065267563,0.03299912065267563,1.0,3.0,timeout
231,1.8168421983718872,-1.3465721607208252,-0.0002472678606864065,0.033002618700265884,0.033002618700265884,1.0,-3.0,timeout
232,1.8168482780456543,-1.3455162048339844,-0.0002473717031534761,0.03299916535615921,0.03299916535615921,1.0,3.0,timeout
233,1.8168474435806274,-1.3454949855804443,-0.00025232729967683554,0.0006814441876485944,0.0006636141915805638,0.0,3.0,timeout
234,1.8168494701385498,-1.3444602489471436,-0.0002468291495461017,0.0323360376060009,0.03233557939529419,1.0,-3.0,timeout
235,1.8168542385101318,-1.3434042930603027,-0.0002467099402565509,0.0329989530146122,0.0329989530146122,1.0,-3.0,timeout
236,1.8168615102767944,-1.3423482179641724,-0.0002469007740728557,0.033003129065036774,0.033003129065036774,1.0,-3.0,timeout
237,1.8168622255325317,-1.3423271179199219,-0.0002519484260119498,0.0006783497519791126,0.0006597550818696618,0.0,-3.0,timeout
238,1.8168745040893555,-1.341292381286621,-0.00024653709260746837,0.03233823552727699,0.032337795943021774,1.0,-3.0,timeout
239,1.816888689994812,-1.3402364253997803,-0.00024648717953823507,0.03300159424543381,0.03300159424543381,1.0,3.0,timeout
240,1.8169002532958984,-1.3391804695129395,-0.0002467229205649346,0.03300059959292412,0.03300059959292412,1.0,3.0,timeout
241,1.8169101476669312,-1.3381245136260986,-0.00024691515136510134,0.03300006687641144,0.03300006687641144,1.0,-3.0,timeout
242,1.8169224262237549,-1.3370685577392578,-0.0002470791223458946,0.033000849187374115,0.033000849187374115,1.0,-3.0,timeout
243,1.8169363737106323,-1.3360127210617065,-0.0002472209162078798,0.032997772097587585,0.032997772097587585,1.0,3.0,timeout
244,1.8169479370117188,-1.3349567651748657,-0.00024732446763664484,0.03300059959292412,0.03300059959292412,1.0,3.0,timeout
245,1.8169474601745605,-1.3349355459213257,-0.0002522889990359545,0.0006811716011725366,0.0006632690201513469,0.0,3.0,timeout
246,1.8169469833374023,-1.3349355459213257,-0.000251692661549896,2.3860598957980983e-05,1.4901160284352954e-05,0.0,3.0,timeout
247,1.8169512748718262,-1.333900809288025,-0.0002460323157720268,0.0323362834751606,0.0323357954621315,1.0,3.0,timeout
248,1.8169505596160889,-1.3338795900344849,-0.00025094032753258944,0.0006809753249399364,0.0006634782184846699,0.0,3.0,timeout
249,1.8169496059417725,-1.332844853401184,-0.0002457150840200484,0.03233594447374344,0.03233553096652031,1.0,3.0,timeout
250,1.8169468641281128,-1.3317888975143433,-0.0002458075759932399,0.03299872949719429,0.03299872949719429,1.0,-3.0,timeout
251,1.8169466257095337,-1.3317885398864746,-0.00025116236065514386,0.0001678752014413476,1.3431724255497102e-05,0.0,0.0,timeout
252,1.8169456720352173,-1.3307536840438843,-0.0002458214876241982,0.03233968839049339,0.03233925625681877,1.0,3.0,timeout
253,1.8169423341751099,-1.329697608947754,-0.0002458946546539664,0.03300251066684723,0.03300251066684723,1.0,0.0,timeout
254,1.816939353942871,-1.328641653060913,-0.0002462438424117863,0.03299875184893608,0.03299875184893608,1.0,-3.0,timeout
255,1.8169389963150024,-1.3275856971740723,-0.0002465416619088501,0.03299862518906593,0.032998621463775635,1.0,-3.0,timeout
256,1.8169411420822144,-1.3265297412872314,-0.0002467809244990349,0.03299868851900101,0.03299868479371071,1.0,-3.0,timeout
257,1.8169456720352173,-1.325473666191101,-0.00024697245680727065,0.03300265222787857,0.03300265222787857,1.0,-3.0,timeout
258,1.816951870918274,-1.3244177103042603,-0.00024713549646548927,0.032999187707901,0.032999187707901,1.0,3.0,timeout
259,1.8169561624526978,-1.3233617544174194,-0.00024724644026719034,0.03299889340996742,0.03299889340996742,1.0,-3.0,timeout
260,1.8169622421264648,-1.3223057985305786,-0.00024735426995903254,0.03299916535615921,0.03299916535615921,1.0,3.0,timeout
261,1.8169620037078857,-1.3222845792770386,-0.0002523130679037422,0.000681008561514318,0.0006631434662267566,0.0,3.0,timeout
262,1.816963791847229,-1.3212498426437378,-0.00024681788636371493,0.032336022704839706,0.032335564494132996,1.0,-3.0,timeout
263,1.816967487335205,-1.320193886756897,-0.0002467112790327519,0.03299881890416145,0.03299881890416145,1.0,3.0,timeout
264,1.816969394683838,-1.3191378116607666,-0.00024689239216968417,0.033002398908138275,0.033002398908138275,1.0,-3.0,timeout
265,1.8169738054275513,-1.3180818557739258,-0.00024706029216758907,0.032998908311128616,0.032998908311128616,1.0,-3.0,timeout
266,1.8169806003570557,-1.3170257806777954,-0.0002471958287060261,0.033003028482198715,0.033003028482198715,1.0,-3.0,timeout
267,1.8169890642166138,-1.3159698247909546,-0.0002473141357768327,0.0329996794462204,0.0329996794462204,1.0,3.0,timeout
268,1.8169896602630615,-1.315948724746704,-0.0002522700815461576,0.0006775764632038772,0.0006596393650397658,0.0,-3.0,timeout
269,1.8169901371002197,-1.315948724746704,-0.00025167822604998946,2.3751368644298054e-05,1.4901160284352954e-05,0.0,-3.0,timeout
270,1.817001461982727,-1.3149139881134033,-0.00024601983022876084,0.032337937504053116,0.032337453216314316,1.0,-3.0,timeout
271,1.8170154094696045,-1.3138580322265625,-0.0002460487303324044,0.03300149738788605,0.03300149738788605,1.0,-3.0,timeout
272,1.8170311450958252,-1.3128021955490112,-0.0002463813580106944,0.03299856185913086,0.03299855813384056,1.0,3.0,timeout
273,1.8170443773269653,-1.3117462396621704,-0.0002466521691530943,0.033001210540533066,0.033001210540533066,1.0,3.0,timeout
274,1.8170446157455444,-1.31172513961792,-0.00025174033362418413,0.0006783179705962539,0.0006594184087589383,0.0,-3.0,timeout
275,1.817057728767395,-1.3106904029846191,-0.00024638144532218575,0.032338548451662064,0.032338112592697144,1.0,3.0,timeout
276,1.8170682191848755,-1.3096344470977783,-0.0002463521668687463,0.033000245690345764,0.033000245690345764,1.0,3.0,timeout
277,1.8170762062072754,-1.308578372001648,-0.00024661494535394013,0.03300328925251961,0.03300328925251961,1.0,3.0,timeout
278,1.8170759677886963,-1.3085572719573975,-0.00025170965818688273,0.0006783660501241684,0.0006594184087589383,0.0,-3.0,timeout
279,1.817084550857544,-1.3075014352798462,-0.0002462538832332939,0.03299642726778984,0.03299598768353462,1.0,0.0,timeout
280,1.817092776298523,-1.3064454793930054,-0.00024634902365505695,0.03299961984157562,0.03299961984157562,1.0,3.0,timeout
281,1.8170926570892334,-1.3064243793487549,-0.0002514875668566674,0.0006786580779589713,0.0006593868602067232,0.0,-3.0,timeout
282,1.817091941833496,-1.3064243793487549,-0.0002510622434783727,2.60050092038e-05,2.235173997178208e-05,0.0,3.0,timeout
283,1.8170982599258423,-1.3053895235061646,-0.00024552849936299026,0.03234030678868294,0.03233984857797623,1.0,3.0,timeout
284,1.8170974254608154,-1.305368423461914,-0.00025053773424588144,0.0006782045820727944,0.0006598918116651475,0.0,3.0,timeout
285,1.8170993328094482,-1.3043335676193237,-0.00024538178695365787,0.03233969956636429,0.032339297235012054,1.0,-3.0,timeout
286,1.8171041011810303,-1.303277611732483,-0.0002455516078043729,0.0329989530146122,0.0329989530146122,1.0,-3.0,timeout
287,1.8171107769012451,-1.3022215366363525,-0.00024598470190539956,0.033003006130456924,0.033003002405166626,1.0,3.0,timeout
288,1.8171110153198242,-1.302200436592102,-0.0002512065984774381,0.0006793098291382194,0.0006594184087589383,0.0,-3.0,timeout
289,1.8171112537384033,-1.302200436592102,-0.0002508273464627564,1.3999006114318036e-05,7.450580142176477e-06,0.0,-3.0,timeout
290,1.81712007522583,-1.3011656999588013,-0.00024535032571293414,0.03233714401721954,0.03233669325709343,1.0,3.0,timeout
291,1.817126989364624,-1.300109624862671,-0.00024550259695388377,0.033003054559230804,0.033003054559230804,1.0,-3.0,timeout
292,1.8171273469924927,-1.3000885248184204,-0.0002508153556846082,0.0006800484843552113,0.0006594710284844041,0.0,-3.0,timeout
293,1.8171391487121582,-1.2990537881851196,-0.0002456295769661665,0.03233802691102028,0.03233762085437775,1.0,-3.0,timeout
294,1.8171530961990356,-1.2979978322982788,-0.0002457614755257964,0.03300149738788605,0.03300149738788605,1.0,3.0,timeout
295,1.8171652555465698,-1.296941876411438,-0.00024613284040242434,0.03300080820918083,0.03300080448389053,1.0,-3.0,timeout
296,1.817179799079895,-1.2958859205245972,-0.0002464528661221266,0.033001746982336044,0.033001746982336044,1.0,-3.0,timeout
297,1.8171968460083008,-1.294830083847046,-0.0002467100857757032,0.0329991951584816,0.0329991951584816,1.0,-3.0,timeout
298,1.8171974420547485,-1.2948297262191772,-0.00025189912412315607,0.00016360587324015796,2.1721985831391066e-05,0.0,0.0,timeout
299,1.8172160387039185,-1.2937952280044556,-0.0002464113640598953,0.032333746552467346,0.032333288341760635,1.0,3.0,timeout
300,1.8172158002853394,-1.2937740087509155,-0.0002512539504095912,0.0006801913841627538,0.0006631434662267566,0.0,3.0,timeout
301,1.8172298669815063,-1.2927393913269043,-0.000245955481659621,0.03233520686626434,0.03233477845788002,1.0,-3.0,timeout
302,1.8172458410263062,-1.2916834354400635,-0.0002460208488628268,0.03300239518284798,0.03300239145755768,1.0,3.0,timeout
303,1.8172454833984375,-1.291662335395813,-0.00025123252999037504,0.0006792842177674174,0.0006594710284844041,0.0,3.0,timeout
304,1.8172564506530762,-1.2906275987625122,-0.0002459633396938443,0.03233775123953819,0.032337334007024765,1.0,3.0,timeout
305,1.8172653913497925,-1.2895715236663818,-0.0002460069954395294,0.03300352767109871,0.03300352767109871,1.0,-3.0,timeout
306,1.8172657489776611,-1.2895504236221313,-0.00025121928774751723,0.0006792888161726296,0.0006594710284844041,0.0,-3.0,timeout
307,1.8172796964645386,-1.2885156869888306,-0.00024595283321104944,0.03233887255191803,0.0323384553194046,1.0,-3.0,timeout
308,1.8172804117202759,-1.2884944677352905,-0.0002508913166821003,0.0006811904022470117,0.0006634782184846699,0.0,-3.0,timeout
309,1.817299485206604,-1.2874598503112793,-0.0002456766087561846,0.032337699085474014,0.032337285578250885,1.0,-3.0,timeout
310,1.8173213005065918,-1.2864041328430176,-0.00024578836746513844,0.032998211681842804,0.032998211681842804,1.0,-3.0,timeout
311,1.8173456192016602,-1.2853482961654663,-0.0002461641270201653,0.03300364688038826,0.03300364315509796,1.0,-3.0,timeout
312,1.8173714876174927,-1.2842926979064941,-0.0002464882854837924,0.03299735113978386,0.03299734741449356,1.0,3.0,timeout
313,1.8173948526382446,-1.2832368612289429,-0.0002467383164912462,0.03300297632813454,0.03300297260284424,1.0,3.0,timeout
314,1.8174163103103638,-1.2821811437606812,-0.0002469282771926373,0.0329979844391346,0.0329979844391346,1.0,-3.0,timeout
315,1.8174399137496948,-1.2811253070831299,-0.00024709469289518893,0.03300313651561737,0.03300313651561737,1.0,0.0,timeout
316,1.8174633979797363,-1.2800694704055786,-0.00024722403031773865,0.033003054559230804,0.033003054559230804,1.0,0.0,timeout
317,1.8174866437911987,-1.279013752937317,-0.00024733241298235953,0.03299916535615921,0.03299916535615921,1.0,3.0,timeout
318,1.817507266998291,-1.2779579162597656,-0.00024741352535784245,0.033001188188791275,0.033001188188791275,1.0,3.0,timeout
319,1.8175253868103027,-1.2769020795822144,-0.0002474782813806087,0.03299975022673607,0.03299975022673607,1.0,3.0,timeout
320,1.817525029182434,-1.2769018411636353,-0.00025250299950130284,0.0001575958594912663,1.3431724255497102e-05,0.0,0.0,timeout
321,1.8175415992736816,-1.275867223739624,-0.0002468830207362771,0.03233641758561134,0.03233594074845314,1.0,-3.0,timeout
322,1.8175418376922607,-1.2758461236953735,-0.0002516303211450577,0.0006759003736078739,0.0006594184087589383,0.0,-3.0,timeout
323,1.8175634145736694,-1.2747905254364014,-0.0002461760595906526,0.032994773238897324,0.032994333654642105,1.0,0.0,timeout
324,1.8175629377365112,-1.2747693061828613,-0.00025116841425187886,0.0006813701475039124,0.0006632690201513469,0.0,3.0,timeout
325,1.817582368850708,-1.27373468875885,-0.000245891569647938,0.032337915152311325,0.0323374941945076,1.0,-3.0,timeout
326,1.817582607269287,-1.273734450340271,-0.0002509437908884138,0.00015823311696294695,1.0536711670283694e-05,0.0,0.0,timeout
327,1.8176039457321167,-1.2726999521255493,-0.0002456324000377208,0.032335370779037476,0.03233494237065315,1.0,3.0,timeout
328,1.8176043033599854,-1.2726787328720093,-0.00025061960332095623,0.0006812620558775961,0.0006631958531215787,0.0,-3.0,timeout
329,1.8176254034042358,-1.271644115447998,-0.00024546970962546766,0.03233891725540161,0.03233851492404938,1.0,3.0,timeout
330,1.8176437616348267,-1.2705882787704468,-0.0002456222428008914,0.032999880611896515,0.032999880611896515,1.0,3.0,timeout
331,1.817659854888916,-1.2695324420928955,-0.00024603118072263896,0.03299872949719429,0.03299872577190399,1.0,3.0,timeout
332,1.817659616470337,-1.2695112228393555,-0.0002512430655770004,0.000682851648889482,0.0006631434662267566,0.0,-3.0,timeout
333,1.8176761865615845,-1.2684556245803833,-0.0002458805392961949,0.032991934567689896,0.03299150615930557,1.0,0.0,timeout
334,1.817692518234253,-1.2673996686935425,-0.00024605041835457087,0.033002566546201706,0.033002566546201706,1.0,3.0,timeout
335,1.8177071809768677,-1.2663438320159912,-0.0002463675627950579,0.03299807757139206,0.03299807384610176,1.0,-3.0,timeout
336,1.81770658493042,-1.2663226127624512,-0.00025153346359729767,0.000682723824866116,0.0006633632001467049,0.0,3.0,timeout
337,1.8177205324172974,-1.26528799533844,-0.00024620548356324434,0.03233515843749046,0.03233473002910614,1.0,3.0,timeout
338,1.817732572555542,-1.2642320394515991,-0.0002462005941197276,0.03300076350569725,0.03300076350569725,1.0,-3.0,timeout
339,1.8177472352981567,-1.2631760835647583,-0.0002464927965775132,0.03300180286169052,0.03300179913640022,1.0,-3.0,timeout
340,1.8177642822265625,-1.262120246887207,-0.00024674111045897007,0.0329991951584816,0.0329991951584816,1.0,-3.0,timeout
341,1.8177649974822998,-1.262099027633667,-0.0002518215624149889,0.000682209269143641,0.0006634782184846699,0.0,-3.0,timeout
342,1.8177865743637085,-1.2610434293746948,-0.0002463440760038793,0.03299477696418762,0.032994333654642105,1.0,0.0,timeout
343,1.8178077936172485,-1.259987711906433,-0.0002464207645971328,0.03299783542752266,0.03299783170223236,1.0,3.0,timeout
344,1.8178272247314453,-1.2589318752288818,-0.0002466639853082597,0.033000484108924866,0.033000484108924866,1.0,-3.0,timeout
345,1.817849040031433,-1.2578760385513306,-0.00024687781115062535,0.033001936972141266,0.033001936972141266,1.0,-3.0,timeout
346,1.817849040031433,-1.25785493850708,-0.00025194211048074067,0.000678102660458535,0.0006593763246200979,0.0,3.0,timeout
347,1.817849040031433,-1.25785493850708,-0.0002514152438379824,1.646458258619532e-05,0.0,0.0,3.0,timeout
348,1.8178496360778809,-1.2578550577163696,-0.0002506842138245702,2.9710303351748735e-05,1.8995326172444038e-05,0.0,-3.0,timeout
349,1.817850112915039,-1.2578550577163696,-0.00025009430828504264,2.3703947590547614e-05,1.4901160284352954e-05,0.0,-3.0,timeout
350,1.817873239517212,-1.2568204402923584,-0.0002447481674607843,0.03234030306339264,0.03233987092971802,1.0,3.0,timeout
351,1.817873477935791,-1.256799340248108,-0.00024990239762701094,0.0006788049358874559,0.0006594184087589383,0.0,-3.0,timeout
352,1.8178962469100952,-1.2557647228240967,-0.000244895345531404,0.032340001314878464,0.03233962133526802,1.0,3.0,timeout
353,1.8178963661193848,-1.2557436227798462,-0.0002500347327440977,0.0006786643643863499,0.0006593868602067232,0.0,-3.0,timeout
354,1.8179190158843994,-1.254709005355835,-0.0002450020401738584,0.0323399193584919,0.032339539378881454,1.0,3.0,timeout
355,1.817939043045044,-1.2536531686782837,-0.00024524840409867465,0.03300083056092262,0.033000826835632324,1.0,3.0,timeout
356,1.8179384469985962,-1.253652811050415,-0.00025070586707443,0.00017192348605021834,2.1721985831391066e-05,0.0,0.0,timeout
357,1.8179377317428589,-1.253652811050415,-0.0002503397408872843,2.510989725124091e-05,2.235173997178208e-05,0.0,3.0,timeout
358,1.8179537057876587,-1.2525970935821533,-0.00024484333698637784,0.03299539163708687,0.03299494460225105,1.0,0.0,timeout
359,1.8179693222045898,-1.251541256904602,-0.00024520556326024234,0.032998502254486084,0.032998502254486084,1.0,3.0,timeout
360,1.8179832696914673,-1.2504853010177612,-0.0002456911897752434,0.033001501113176346,0.03300149738788605,1.0,-3.0,timeout
361,1.8179998397827148,-1.24942946434021,-0.00024609954562038183,0.032998960465192795,0.032998956739902496,1.0,-3.0,timeout
362,1.8180180788040161,-1.2483736276626587,-0.0002464375866111368,0.03299981728196144,0.03299981728196144,1.0,3.0,timeout
363,1.8180339336395264,-1.2473177909851074,-0.0002466981823090464,0.032998617738485336,0.03299861401319504,1.0,3.0,timeout
364,1.818048119544983,-1.2462618350982666,-0.00024689603014849126,0.03300159424543381,0.03300159424543381,1.0,-3.0,timeout
365,1.8180639743804932,-1.2452059984207153,-0.0002470742037985474,0.03299861401319504,0.03299861401319504,1.0,3.0,timeout
366,1.8180640935897827,-1.2451847791671753,-0.00025207819999195635,0.0006813008221797645,0.0006631120922975242,0.0,-3.0,timeout
367,1.8180807828903198,-1.244150161743164,-0.0002466401201672852,0.03233644738793373,0.03233599662780762,1.0,-3.0,timeout
368,1.8180999755859375,-1.2430943250656128,-0.0002465643920004368,0.033000342547893524,0.033000342547893524,1.0,0.0,timeout
369,1.8181194067001343,-1.2420384883880615,-0.0002467803715262562,0.033000484108924866,0.033000484108924866,1.0,-3.0,timeout
370,1.8181407451629639,-1.2409826517105103,-0.00024698107154108584,0.03300163149833679,0.03300163149833679,1.0,3.0,timeout
371,1.8181594610214233,-1.239926815032959,-0.0002471326442901045,0.03300007805228233,0.03300007805228233,1.0,3.0,timeout
372,1.8181763887405396,-1.2388709783554077,-0.0002472435007803142,0.03299913555383682,0.032999131828546524,1.0,-3.0,timeout
373,1.818176031112671,-1.2388498783111572,-0.00025223413831554353,0.0006776612717658281,0.0006594710284844041,0.0,3.0,timeout
374,1.8181757926940918,-1.2388498783111572,-0.0002516490640118718,1.9743356460821815e-05,7.450580142176477e-06,0.0,3.0,timeout
375,1.8181897401809692,-1.2378151416778564,-0.0002459973038639873,0.0323389396071434,0.0323384553194046,1.0,3.0,timeout
376,1.8182016611099243,-1.2367591857910156,-0.0002460194518789649,0.03300072252750397,0.03300072252750397,1.0,-3.0,timeout
377,1.8182154893875122,-1.2357033491134644,-0.0002463576674927026,0.032997723668813705,0.032997723668813705,1.0,3.0,timeout
378,1.8182274103164673,-1.2346473932266235,-0.0002466234436724335,0.03300072252750397,0.03300072252750397,1.0,-3.0,timeout
379,1.8182415962219238,-1.2335913181304932,-0.00024685089010745287,0.03300532326102257,0.03300531953573227,1.0,0.0,timeout
380,1.8182560205459595,-1.232535481452942,-0.0002470241452101618,0.0329979732632637,0.0329979732632637,1.0,-3.0,timeout
381,1.818272590637207,-1.231479525566101,-0.0002471716143190861,0.03300267830491066,0.03300267830491066,1.0,0.0,timeout
382,1.8182728290557861,-1.231479287147522,-0.00025226379511877894,0.0001594790956005454,1.0536711670283694e-05,0.0,0.0,timeout
383,1.8182889223098755,-1.2304446697235107,-0.0002467031008563936,0.032336167991161346,0.03233570232987404,1.0,3.0,timeout
384,1.8182884454727173,-1.2304234504699707,-0.0002514872467145324,0.0006799098337069154,0.0006632690201513469,0.0,3.0,timeout
385,1.8183001279830933,-1.2293888330459595,-0.0002461420954205096,0.03233428671956062,0.0323338508605957,1.0,-3.0,timeout
386,1.8182998895645142,-1.2293676137924194,-0.0002510528720449656,0.0006806686287745833,0.0006631434662267566,0.0,3.0,timeout
387,1.8183003664016724,-1.2293676137924194,-0.0002506798773538321,1.8918479327112436e-05,1.4901160284352954e-05,0.0,-3.0,timeout
388,1.8183135986328125,-1.2283329963684082,-0.00024523105821572244,0.032334886491298676,0.03233443945646286,1.0,3.0,timeout
389,1.8183249235153198,-1.2272770404815674,-0.0002454071945976466,0.03300051391124725,0.03300051391124725,1.0,-3.0,timeout
390,1.8183386325836182,-1.2262210845947266,-0.0002458577509969473,0.033001404255628586,0.03300140053033829,1.0,-3.0,timeout
391,1.8183386325836182,-1.2261998653411865,-0.0002511259517632425,0.0006832329672761261,0.0006631016149185598,0.0,3.0,timeout
392,1.8183523416519165,-1.2251652479171753,-0.0002458685194142163,0.03233505040407181,0.03233462944626808,1.0,-3.0,timeout
393,1.818368673324585,-1.2241092920303345,-0.0002459421812091023,0.033002566546201706,0.033002566546201706,1.0,-3.0,timeout
394,1.8183866739273071,-1.2230534553527832,-0.00024629684048704803,0.03299969062209129,0.03299969062209129,1.0,3.0,timeout
395,1.8183865547180176,-1.2230322360992432,-0.0002514669904485345,0.000682511308696121,0.0006631120922975242,0.0,3.0,timeout
396,1.818399429321289,-1.221997618675232,-0.00024615146685391665,0.03233472630381584,0.03233429417014122,1.0,3.0,timeout
397,1.8184099197387695,-1.2209415435791016,-0.0002461623807903379,0.033003970980644226,0.033003970980644226,1.0,0.0,timeout
398,1.8184095621109009,-1.2209203243255615,-0.0002513509534765035,0.0006827291217632592,0.0006631958531215787,0.0,3.0,timeout
399,1.81840980052948,-1.220920443534851,-0.00025093197473324835,1.551830609969329e-05,8.330001946887933e-06,0.0,-3.0,timeout
400,1.8184094429016113,-1.220920443534851,-0.0002503173891454935,2.222077273472678e-05,1.117586998589104e-05,0.0,3.0,timeout
401,1.8184177875518799,-1.2198857069015503,-0.00024490675423294306,0.0323370136320591,0.03233657032251358,1.0,-3.0,timeout
402,1.8184281587600708,-1.2188297510147095,-0.0002451675245538354,0.03300021216273308,0.03300020843744278,1.0,3.0,timeout
403,1.818436861038208,-1.217773675918579,-0.00024565705098211765,0.033003468066453934,0.033003464341163635,1.0,-3.0,timeout
404,1.8184373378753662,-1.2177525758743286,-0.0002509536861907691,0.0006799970869906247,0.0006595447193831205,0.0,-3.0,timeout
405,1.8184505701065063,-1.2166967391967773,-0.00024564965860918164,0.03299790248274803,0.032997485250234604,1.0,0.0,timeout
406,1.8184634447097778,-1.215640902519226,-0.0002458654926158488,0.03299734741449356,0.03299734741449356,1.0,3.0,timeout
407,1.8184744119644165,-1.2145849466323853,-0.0002462198899593204,0.033000398427248,0.033000398427248,1.0,-3.0,timeout
408,1.8184741735458374,-1.2145637273788452,-0.0002514153311494738,0.0006827292963862419,0.0006631434662267566,0.0,3.0,timeout
409,1.8184852600097656,-1.2135289907455444,-0.00024610001128166914,0.03233780339360237,0.03233737498521805,1.0,-3.0,timeout
410,1.8184982538223267,-1.2124731540679932,-0.0002461372350808233,0.03299739211797714,0.03299739211797714,1.0,3.0,timeout
411,1.8185094594955444,-1.2114171981811523,-0.0002464333374518901,0.03300048038363457,0.03300047665834427,1.0,-3.0,timeout
412,1.8185096979141235,-1.2114168405532837,-0.00025167668354697526,0.0001644041622057557,1.3431724255497102e-05,0.0,0.0,timeout
413,1.8185234069824219,-1.210382103919983,-0.0002462225966155529,0.03233880549669266,0.032338354736566544,1.0,-3.0,timeout
414,1.818539023399353,-1.2093262672424316,-0.0002462313277646899,0.032998502254486084,0.032998502254486084,1.0,3.0,timeout
415,1.818552017211914,-1.2082703113555908,-0.0002465181169100106,0.033001117408275604,0.033001117408275604,1.0,3.0,timeout
416,1.818562626838684,-1.20721435546875,-0.0002467613376211375,0.03300028666853905,0.03300028666853905,1.0,3.0,timeout
417,1.8185627460479736,-1.2071932554244995,-0.0002518275287002325,0.0006781266420148313,0.0006593868602067232,0.0,-3.0,timeout
418,1.8185620307922363,-1.2071932554244995,-0.0002513345971237868,2.714566289796494e-05,2.235173997178208e-05,0.0,3.0,timeout
419,1.8185713291168213,-1.2061585187911987,-0.0002457353111822158,0.03233729675412178,0.032336823642253876,1.0,-3.0,timeout
420,1.8185713291168213,-1.20615816116333,-0.0002508046745788306,0.00015881132276263088,1.117586998589104e-05,0.0,0.0,timeout
421,1.818583369255066,-1.2051235437393188,-0.00024550940725021064,0.032334405928850174,0.03233398124575615,1.0,-3.0,timeout
422,1.818583607673645,-1.2051231861114502,-0.00025063418434001505,0.00016071154095698148,1.3431724255497102e-05,0.0,0.0,timeout
423,1.8185982704162598,-1.204088568687439,-0.0002453736087772995,0.03233545646071434,0.03233503922820091,1.0,-3.0,timeout
424,1.8186149597167969,-1.2030326128005981,-0.00024555163690820336,0.033002741634845734,0.033002741634845734,1.0,3.0,timeout
425,1.8186297416687012,-1.2019767761230469,-0.0002459648239891976,0.032998133450746536,0.03299812972545624,1.0,-3.0,timeout
426,1.818647027015686,-1.2009209394454956,-0.00024631861015222967,0.03299931809306145,0.03299931436777115,1.0,-3.0,timeout
427,1.818647861480713,-1.2008997201919556,-0.00025148384156636894,0.0006829627091065049,0.0006636141915805638,0.0,-3.0,timeout
428,1.8186482191085815,-1.2008997201919556,-0.0002510548220016062,1.745405279507395e-05,1.117586998589104e-05,0.0,0.0,timeout
429,1.8186702728271484,-1.1998651027679443,-0.0002455170906614512,0.03233959898352623,0.03233913704752922,1.0,-3.0,timeout
430,1.818694829940796,-1.1988093852996826,-0.00024564669001847506,0.03300009295344353,0.03300009295344353,1.0,-3.0,timeout
431,1.818721890449524,-1.1977537870407104,-0.00024605015642009676,0.03299828618764877,0.032998282462358475,1.0,-3.0,timeout
432,1.818751335144043,-1.1966980695724487,-0.00024638755712658167,0.033004000782966614,0.033003997057676315,1.0,-3.0,timeout
433,1.8187824487686157,-1.1956425905227661,-0.0002466675650794059,0.03299804776906967,0.03299804404377937,1.0,3.0,timeout
434,1.8187832832336426,-1.195621371269226,-0.0002517533430363983,0.0006823802250437438,0.0006636141915805638,0.0,-3.0,timeout
435,1.8188139200210571,-1.1945871114730835,-0.0002463916316628456,0.032335225492715836,0.032334793359041214,1.0,3.0,timeout
436,1.8188419342041016,-1.1935313940048218,-0.00024636005400680006,0.03300278261303902,0.03300278261303902,1.0,3.0,timeout
437,1.8188421726226807,-1.1935102939605713,-0.0002514921361580491,0.0006786410231143236,0.0006594184087589383,0.0,-3.0,timeout
438,1.8188422918319702,-1.1935102939605713,-0.00025105493841692805,1.416120539943222e-05,3.7252900710882386e-06,0.0,-3.0,timeout
439,1.8188421726226807,-1.1935101747512817,-0.0002504108124412596,2.080696140183136e-05,5.268355835141847e-06,0.0,0.0,timeout
440,1.8188416957855225,-1.1935102939605713,-0.0002498821122571826,2.2558699129149318e-05,1.5359764802269638e-05,0.0,3.0,timeout
441,1.8188413381576538,-1.1935102939605713,-0.00024945265613496304,1.746453381201718e-05,1.117586998589104e-05,0.0,3.0,timeout
442,1.8188672065734863,-1.1924757957458496,-0.00024422447313554585,0.03233858570456505,0.03233817219734192,1.0,3.0,timeout
443,1.818891167640686,-1.191420078277588,-0.00024460096028633416,0.0329996682703495,0.032999664545059204,1.0,-3.0,timeout
444,1.8189175128936768,-1.1903643608093262,-0.000245212868321687,0.03300144523382187,0.03300143778324127,1.0,-3.0,timeout
445,1.8189464807510376,-1.189308762550354,-0.0002457175578456372,0.03299986571073532,0.03299986198544502,1.0,-3.0,timeout
446,1.8189778327941895,-1.1882531642913818,-0.00024612207198515534,0.03300199285149574,0.033001989126205444,1.0,-3.0,timeout
447,1.818977952003479,-1.1882320642471313,-0.00025133806047961116,0.000679234741255641,0.0006593868602067232,0.0,3.0,timeout
448,1.8190083503723145,-1.1871976852416992,-0.0002460484975017607,0.03233871981501579,0.03233829885721207,1.0,3.0,timeout
449,1.8190088272094727,-1.1871765851974487,-0.0002509569167159498,0.0006771463085897267,0.0006595447193831205,0.0,-3.0,timeout
450,1.8190085887908936,-1.1871765851974487,-0.00025062341592274606,1.2811211490770802e-05,7.450580142176477e-06,0.0,3.0,timeout
451,1.8190363645553589,-1.186142086982727,-0.0002451763139106333,0.032340165227651596,0.03233971819281578,1.0,3.0,timeout
452,1.8190357685089111,-1.1861209869384766,-0.0002502560964785516,0.0006784714641980827,0.0006596393650397658,0.0,3.0,timeout
453,1.8190582990646362,-1.1850863695144653,-0.00024516740813851357,0.03233984857797623,0.03233945742249489,1.0,3.0,timeout
454,1.8190782070159912,-1.184030532836914,-0.00024537998251616955,0.03300075978040695,0.03300075978040695,1.0,3.0,timeout
455,1.819077730178833,-1.1840301752090454,-0.0002508109901100397,0.0001707380433799699,1.862645149230957e-05,0.0,0.0,timeout
456,1.8190772533416748,-1.1840301752090454,-0.0002504183503333479,1.9302780856378376e-05,1.4901160284352954e-05,0.0,0.0,timeout
457,1.8190772533416748,-1.1840301752090454,-0.00024988804943859577,1.6571902961004525e-05,0.0,0.0,-3.0,timeout
458,1.8190971612930298,-1.1829955577850342,-0.00024458367261104286,0.03233820199966431,0.03233777731657028,1.0,3.0,timeout
459,1.8191144466400146,-1.181939721107483,-0.0002448990708217025,0.03299931809306145,0.03299931436777115,1.0,3.0,timeout
460,1.8191293478012085,-1.180883765220642,-0.00024545221822336316,0.03300190716981888,0.03300190344452858,1.0,3.0,timeout
461,1.8191425800323486,-1.1798279285430908,-0.00024589861277490854,0.0329974889755249,0.032997485250234604,1.0,-3.0,timeout
462,1.8191584348678589,-1.17877197265625,-0.0002462657866999507,0.0330023430287838,0.0330023393034935,1.0,-3.0,timeout
463,1.8191760778427124,-1.1777161359786987,-0.000246570649323985,0.03299950435757637,0.03299950063228607,1.0,3.0,timeout
464,1.8191920518875122,-1.1766602993011475,-0.0002467945159878582,0.032998669892549515,0.032998669892549515,1.0,-3.0,timeout
465,1.8191920518875122,-1.1766599416732788,-0.000251966092037037,0.00016199769743252546,1.117586998589104e-05,0.0,0.0,timeout
466,1.8192098140716553,-1.1756253242492676,-0.00024646520614624023,0.0323370136320591,0.032336555421352386,1.0,3.0,timeout
467,1.8192248344421387,-1.1745694875717163,-0.0002464146527927369,0.032998234033584595,0.032998230308294296,1.0,3.0,timeout
468,1.8192380666732788,-1.1735135316848755,-0.0002466542355250567,0.033001210540533066,0.033001210540533066,1.0,-3.0,timeout
469,1.8192532062530518,-1.1724576950073242,-0.00024688011035323143,0.03299828991293907,0.03299828618764877,1.0,3.0,timeout
470,1.8192533254623413,-1.1724364757537842,-0.0002519229892641306,0.0006815806846134365,0.0006631120922975242,0.0,-3.0,timeout
471,1.8192691802978516,-1.171401858329773,-0.00024651590501889586,0.0323360301554203,0.032335586845874786,1.0,-3.0,timeout
472,1.819287896156311,-1.1703460216522217,-0.000246459967456758,0.03300007805228233,0.03300007805228233,1.0,-3.0,timeout
473,1.8193084001541138,-1.1692901849746704,-0.0002467110753059387,0.033001117408275604,0.033001117408275604,1.0,3.0,timeout
474,1.819326400756836,-1.1682343482971191,-0.0002469160535838455,0.03299969062209129,0.03299969062209129,1.0,3.0,timeout
475,1.8193422555923462,-1.1671783924102783,-0.0002470751933287829,0.0330023393034935,0.0330023393034935,1.0,0.0,timeout
476,1.8193416595458984,-1.1671571731567383,-0.0002520954003557563,0.0006816615932621062,0.0006633632001467049,0.0,3.0,timeout
477,1.8193413019180298,-1.1671571731567383,-0.00025153806200250983,2.0694100385298952e-05,1.117586998589104e-05,0.0,3.0,timeout
478,1.8193528652191162,-1.166122555732727,-0.00024589759414084256,0.03233429044485092,0.03233381360769272,1.0,-3.0,timeout
479,1.8193671703338623,-1.1650665998458862,-0.00024595041759312153,0.033001646399497986,0.033001646399497986,1.0,-3.0,timeout
480,1.819383144378662,-1.164010763168335,-0.00024630280677229166,0.03299867361783981,0.032998669892549515,1.0,3.0,timeout
481,1.819382905960083,-1.163989543914795,-0.0002514718216843903,0.0006825333693996072,0.0006631434662267566,0.0,3.0,timeout
482,1.819382667541504,-1.163989543914795,-0.00025103893131017685,1.544387123431079e-05,7.450580142176477e-06,0.0,3.0,timeout
483,1.8193823099136353,-1.163989543914795,-0.0002503929426893592,2.3074246200849302e-05,1.117586998589104e-05,0.0,3.0,timeout
484,1.8193895816802979,-1.1629548072814941,-0.0002449667372275144,0.0323367640376091,0.032336313277482986,1.0,-3.0,timeout
485,1.8193987607955933,-1.1618988513946533,-0.0002452154876664281,0.03299986943602562,0.03299986571073532,1.0,3.0,timeout
486,1.8194061517715454,-1.1608428955078125,-0.00024569540983065963,0.0329994298517704,0.0329994261264801,1.0,-3.0,timeout
487,1.8194067478179932,-1.1608216762542725,-0.0002509843616280705,0.0006836432730779052,0.0006633632001467049,0.0,-3.0,timeout
488,1.819406509399414,-1.1608216762542725,-0.00025066049420274794,1.2567533303808887e-05,7.450580142176477e-06,0.0,3.0,timeout
489,1.8194063901901245,-1.1608216762542725,-0.0002500907576177269,1.8189823094871826e-05,3.7252900710882386e-06,0.0,3.0,timeout
490,1.819413423538208,-1.1597869396209717,-0.00024473576922900975,0.03233669698238373,0.032336264848709106,1.0,3.0,timeout
491,1.8194133043289185,-1.159786581993103,-0.000249994162004441,0.0001647464814595878,1.1780402019212488e-05,0.0,0.0,timeout
492,1.819413423538208,-1.159786581993103,-0.00024974526604637504,8.624096153653227e-06,3.7252900710882386e-06,0.0,-3.0,timeout
493,1.8194208145141602,-1.1587518453598022,-0.00024446792667731643,0.0323367640376091,0.032336343079805374,1.0,-3.0,timeout
494,1.8194301128387451,-1.1576958894729614,-0.0002448175218887627,0.03299989923834801,0.03299989551305771,1.0,3.0,timeout
495,1.8194376230239868,-1.1566399335861206,-0.0002453771885484457,0.03299945965409279,0.03299945220351219,1.0,-3.0,timeout
496,1.8194477558135986,-1.1555839776992798,-0.00024584849597886205,0.03300014138221741,0.03300013765692711,1.0,-3.0,timeout
497,1.8194594383239746,-1.154528021812439,-0.0002462367410771549,0.0330006442964077,0.0330006405711174,1.0,3.0,timeout
498,1.8194687366485596,-1.1534720659255981,-0.00024653744185343385,0.03299989923834801,0.03299989551305771,1.0,3.0,timeout
499,1.81946861743927,-1.1534717082977295,-0.0002517509274184704,0.00016334676183760166,1.1780402019212488e-05,0.0,0.0,timeout
500,1.8194761276245117,-1.1524369716644287,-0.0002462814445607364,0.03233681991696358,0.03233636915683746,1.0,-3.0,timeout
501,1.819486379623413,-1.1513811349868774,-0.0002462681441102177,0.03299645334482193,0.03299644961953163,1.0,-3.0,timeout
502,1.8194862604141235,-1.1513599157333374,-0.00025143989478237927,0.0006825231248512864,0.0006631120922975242,0.0,3.0,timeout
503,1.8194862604141235,-1.1513599157333374,-0.00025101291248574853,1.3343195860215928e-05,0.0,0.0,3.0,timeout
504,1.8194934129714966,-1.1503251791000366,-0.00024548816145397723,0.032336752861738205,0.032336290925741196,1.0,3.0,timeout
505,1.8194977045059204,-1.1492692232131958,-0.00024562227190472186,0.03299889340996742,0.03299889340996742,1.0,3.0,timeout
506,1.8194971084594727,-1.1492480039596558,-0.0002509128535166383,0.0006836556131020188,0.0006633632001467049,0.0,3.0,timeout
507,1.819496512413025,-1.148213267326355,-0.00024570777895860374,0.03233593329787254,0.03233552351593971,1.0,3.0,timeout
508,1.8194963932037354,-1.148192048072815,-0.0002506842138245702,0.0006811036146245897,0.0006631120922975242,0.0,-3.0,timeout
509,1.8194960355758667,-1.148192048072815,-0.00025039995671249926,1.427614643034758e-05,1.117586998589104e-05,0.0,0.0,timeout
510,1.8194961547851562,-1.1471571922302246,-0.0002449920284561813,0.032339684665203094,0.032339245080947876,1.0,-3.0,timeout
511,1.8194983005523682,-1.1461012363433838,-0.0002452367334626615,0.03299868851900101,0.03299868479371071,1.0,3.0,timeout
512,1.8194987773895264,-1.1450451612472534,-0.00024571234825998545,0.033002354204654694,0.033002350479364395,1.0,-3.0,timeout
513,1.8195010423660278,-1.1439892053604126,-0.00024612684501335025,0.0329986996948719,0.032998695969581604,1.0,3.0,timeout
514,1.8195013999938965,-1.1429332494735718,-0.0002464395947754383,0.03299862518906593,0.032998621463775635,1.0,-3.0,timeout
515,1.8195043802261353,-1.1418771743774414,-0.0002466988516971469,0.03300247713923454,0.03300247713923454,1.0,-3.0,timeout
516,1.8195090293884277,-1.1408212184906006,-0.00024691681028343737,0.0329989418387413,0.0329989418387413,1.0,3.0,timeout
517,1.8195120096206665,-1.1397651433944702,-0.00024707146803848445,0.03300247713923454,0.03300247713923454,1.0,-3.0,timeout
518,1.8195172548294067,-1.1387091875076294,-0.00024720426881685853,0.03299902752041817,0.03299902752041817,1.0,-3.0,timeout
519,1.8195244073867798,-1.1376532316207886,-0.0002473209460731596,0.03299937769770622,0.03299937769770622,1.0,3.0,timeout
520,1.81952965259552,-1.1365972757339478,-0.00024739469517953694,0.03299902752041817,0.03299902752041817,1.0,-3.0,timeout
521,1.819536566734314,-1.135541319847107,-0.0002474728680681437,0.032999325543642044,0.032999325543642044,1.0,3.0,timeout
522,1.8195414543151855,-1.1344852447509766,-0.00024752094759605825,0.03300269693136215,0.03300269693136215,1.0,0.0,timeout
523,1.819545865058899,-1.1334291696548462,-0.0002475696674082428,0.03300263360142708,0.03300263360142708,1.0,3.0,timeout
524,1.8195452690124512,-1.1334080696105957,-0.00025248524616472423,0.0006772892666049302,0.0006596393650397658,0.0,3.0,timeout
525,1.8195455074310303,-1.1334080696105957,-0.00025183960678987205,2.150793807231821e-05,7.450580142176477e-06,0.0,-3.0,timeout
526,1.8195452690124512,-1.1334080696105957,-0.00025103791267611086,2.6137347958865575e-05,7.450580142176477e-06,0.0,0.0,timeout
527,1.8195470571517944,-1.132373332977295,-0.00024549977388232946,0.0323360301554203,0.032335564494132996,1.0,3.0,timeout
528,1.819546103477478,-1.1313172578811646,-0.00024563135229982436,0.03300235792994499,0.03300235792994499,1.0,3.0,timeout
529,1.819543480873108,-1.1302613019943237,-0.00024602722260169685,0.03299872204661369,0.03299872204661369,1.0,-3.0,timeout
530,1.8195427656173706,-1.129205346107483,-0.0002463787095621228,0.03299863263964653,0.03299862891435623,1.0,3.0,timeout
531,1.8195427656173706,-1.1291841268539429,-0.0002515220839995891,0.000682303449138999,0.0006631016149185598,0.0,-3.0,timeout
532,1.8195421695709229,-1.1291841268539429,-0.0002510903577785939,2.2999211068963632e-05,1.862645149230957e-05,0.0,3.0,timeout
533,1.8195422887802124,-1.1291841268539429,-0.00025042466586455703,2.113379377988167e-05,3.7252900710882386e-06,0.0,-3.0,timeout
534,1.8195416927337646,-1.1291842460632324,-0.00024989707162603736,2.5152616217383184e-05,1.8995326172444038e-05,0.0,3.0,timeout
535,1.819538950920105,-1.128149390220642,-0.0002445806749165058,0.03233978524804115,0.03233935683965683,1.0,3.0,timeout
536,1.8195382356643677,-1.1281282901763916,-0.0002497792011126876,0.0006794615765102208,0.0006597550818696618,0.0,3.0,timeout
537,1.8195310831069946,-1.1270934343338013,-0.0002447748847771436,0.0323403924703598,0.03234001621603966,1.0,-3.0,timeout
538,1.819530725479126,-1.1270723342895508,-0.0002499599941074848,0.0006790856714360416,0.0006594710284844041,0.0,3.0,timeout
539,1.819523811340332,-1.1260374784469604,-0.0002449208695907146,0.03234034776687622,0.03233996406197548,1.0,-3.0,timeout
540,1.8195196390151978,-1.1249815225601196,-0.00024518341524526477,0.03299887850880623,0.03299887850880623,1.0,-3.0,timeout
541,1.819517970085144,-1.1239254474639893,-0.00024568018852733076,0.03300238773226738,0.03300238773226738,1.0,-3.0,timeout
542,1.8195185661315918,-1.1228693723678589,-0.00024609160027466714,0.033002354204654694,0.033002350479364395,1.0,-3.0,timeout
543,1.8195196390151978,-1.1228481531143188,-0.00025130249559879303,0.0006836263346485794,0.0006639487110078335,0.0,-3.0,timeout
544,1.8195204734802246,-1.1228481531143188,-0.0002509051118977368,2.8882941478514113e-05,2.6077030270243995e-05,0.0,-3.0,timeout
545,1.8195281028747559,-1.121813416481018,-0.0002454014611430466,0.03233685344457626,0.03233639895915985,1.0,-3.0,timeout
546,1.8195290565490723,-1.121792197227478,-0.0002504360454622656,0.0006821620045229793,0.0006637710030190647,0.0,-3.0,timeout
547,1.8195295333862305,-1.121792197227478,-0.00025020146858878434,1.6606662029516883e-05,1.4901160284352954e-05,0.0,0.0,timeout
548,1.8195420503616333,-1.1207574605941772,-0.00024483358720317483,0.03233832120895386,0.03233788162469864,1.0,-3.0,timeout
549,1.8195573091506958,-1.1197015047073364,-0.0002451000618748367,0.033002063632011414,0.033002063632011414,1.0,-3.0,timeout
550,1.8195741176605225,-1.1186456680297852,-0.0002456226502545178,0.032999079674482346,0.03299907594919205,1.0,3.0,timeout
551,1.8195741176605225,-1.1186245679855347,-0.0002509279584046453,0.0006798998219892383,0.0006593763246200979,0.0,3.0,timeout
552,1.8195858001708984,-1.1175898313522339,-0.0002457201189827174,0.032337989658117294,0.032337576150894165,1.0,3.0,timeout
553,1.8195946216583252,-1.116533875465393,-0.00024582253536209464,0.03299977257847786,0.03299976885318756,1.0,3.0,timeout
554,1.8196017742156982,-1.1154778003692627,-0.00024618100724183023,0.033003102988004684,0.033003102988004684,1.0,-3.0,timeout
555,1.8196107149124146,-1.1144218444824219,-0.00024650164414197206,0.03299980238080025,0.03299980238080025,1.0,3.0,timeout
556,1.8196178674697876,-1.113365888595581,-0.00024673930602148175,0.03299937769770622,0.03299937769770622,1.0,-3.0,timeout
557,1.8196269273757935,-1.1123099327087402,-0.0002469488827046007,0.03299983590841293,0.03299983590841293,1.0,3.0,timeout
558,1.819627046585083,-1.1122887134552002,-0.0002519779955036938,0.0006814813823439181,0.0006631120922975242,0.0,-3.0,timeout
559,1.8196361064910889,-1.1112539768218994,-0.0002465716388542205,0.03233719989657402,0.0323367603123188,1.0,3.0,timeout
560,1.8196431398391724,-1.1101980209350586,-0.0002464940189383924,0.03299935162067413,0.03299935162067413,1.0,-3.0,timeout
561,1.8196426630020142,-1.1101768016815186,-0.0002516203676350415,0.00068234110949561,0.0006632690201513469,0.0,3.0,timeout
562,1.8196498155593872,-1.1091420650482178,-0.00024626325466670096,0.03233672305941582,0.032336290925741196,1.0,-3.0,timeout
563,1.819650411605835,-1.1091208457946777,-0.0002511389902792871,0.0006806367309764028,0.0006633632001467049,0.0,-3.0,timeout
564,1.8196501731872559,-1.1091208457946777,-0.00025076951715163887,1.3741253496846184e-05,7.450580142176477e-06,0.0,3.0,timeout
565,1.8196594715118408,-1.108086109161377,-0.00024529328220523894,0.03233727440237999,0.032336823642253876,1.0,3.0,timeout
566,1.8196589946746826,-1.108064889907837,-0.00025034943246282637,0.0006818294059485197,0.0006632690201513469,0.0,3.0,timeout
567,1.8196630477905273,-1.1070301532745361,-0.0002452421758789569,0.03233615681529045,0.03233576565980911,1.0,3.0,timeout
568,1.8196643590927124,-1.1059740781784058,-0.0002454397326800972,0.03300236910581589,0.03300236910581589,1.0,3.0,timeout
569,1.8196632862091064,-1.104918122291565,-0.0002458852541167289,0.03299863636493683,0.03299863263964653,1.0,3.0,timeout
570,1.8196601867675781,-1.1038620471954346,-0.0002462501870468259,0.03300249204039574,0.03300248831510544,1.0,0.0,timeout
571,1.8196568489074707,-1.1028059720993042,-0.0002465537399984896,0.03300251439213753,0.03300251066684723,1.0,3.0,timeout
572,1.819656252861023,-1.102805733680725,-0.00025176425697281957,0.00016405982023570687,2.0061301256646402e-05,0.0,0.0,timeout
573,1.8196557760238647,-1.1028056144714355,-0.00025118148187175393,2.382412822043989e-05,1.5359764802269638e-05,0.0,0.0,timeout
574,1.8196552991867065,-1.1028056144714355,-0.00025050356634892523,2.5900633772835135e-05,1.4901160284352954e-05,0.0,0.0,timeout
575,1.8196552991867065,-1.102805733680725,-0.00024994544219225645,1.783478364814073e-05,3.7252900710882386e-06,0.0,-3.0,timeout
576,1.8196529150009155,-1.1017709970474243,-0.00024461737484671175,0.0323360338807106,0.03233560547232628,1.0,-3.0,timeout
577,1.8196526765823364,-1.100714921951294,-0.0002449365274515003,0.0330023467540741,0.0330023467540741,1.0,3.0,timeout
578,1.8196505308151245,-1.0996589660644531,-0.0002454722416587174,0.032998692244291306,0.03299868479371071,1.0,-3.0,timeout
579,1.8196502923965454,-1.0986030101776123,-0.0002459348179399967,0.03299862518906593,0.032998621463775635,1.0,3.0,timeout
580,1.8196475505828857,-1.097546935081482,-0.00024629608378745615,0.03300245851278305,0.03300245478749275,1.0,3.0,timeout
581,1.819647192955017,-1.0975466966629028,-0.0002515580563340336,0.00016498428885824978,1.3431724255497102e-05,0.0,0.0,timeout
582,1.8196420669555664,-1.096511960029602,-0.0002461384574417025,0.03233635798096657,0.03233591467142105,1.0,3.0,timeout
583,1.8196349143981934,-1.0954560041427612,-0.00024614311405457556,0.03299937769770622,0.03299937769770622,1.0,-3.0,timeout
584,1.8196302652359009,-1.0943999290466309,-0.00024644655059091747,0.033002667129039764,0.033002667129039764,1.0,-3.0,timeout
585,1.8196282386779785,-1.09334397315979,-0.00024670400307513773,0.03299868106842041,0.03299867734313011,1.0,-3.0,timeout
586,1.8196278810501099,-1.0922880172729492,-0.00024692091392353177,0.03299862518906593,0.032998621463775635,1.0,3.0,timeout
587,1.8196258544921875,-1.0912319421768188,-0.00024707475677132607,0.03300240635871887,0.03300240635871887,1.0,-3.0,timeout
588,1.8196264505386353,-1.0912108421325684,-0.0002520877169445157,0.0006779858958907425,0.0006596393650397658,0.0,-3.0,timeout
589,1.8196284770965576,-1.090175986289978,-0.0002466597652528435,0.03233974799513817,0.03233930468559265,1.0,3.0,timeout
590,1.8196277618408203,-1.0891200304031372,-0.0002465745201334357,0.03299862891435623,0.03299862891435623,1.0,3.0,timeout
591,1.8196253776550293,-1.0880640745162964,-0.0002467823796905577,0.0329987034201622,0.0329987034201622,1.0,-3.0,timeout
592,1.8196253776550293,-1.087007999420166,-0.00024697210756130517,0.0330023467540741,0.0330023467540741,1.0,-3.0,timeout
593,1.819627285003662,-1.0859520435333252,-0.000247135350946337,0.03299867361783981,0.03299867361783981,1.0,3.0,timeout
594,1.8196266889572144,-1.0848959684371948,-0.00024725613184273243,0.033002350479364395,0.033002350479364395,1.0,3.0,timeout
595,1.819626808166504,-1.0848748683929443,-0.00025222310796380043,0.0006774095236323774,0.0006593868602067232,0.0,-3.0,timeout
596,1.8196262121200562,-1.083840012550354,-0.00024676776956766844,0.03233969956636429,0.032339248806238174,1.0,3.0,timeout
597,1.8196253776550293,-1.0838189125061035,-0.00025154356262646616,0.0006765580619685352,0.0006598918116651475,0.0,3.0,timeout
598,1.8196204900741577,-1.0827840566635132,-0.0002461873518768698,0.03234003484249115,0.03233960270881653,1.0,-3.0,timeout
599,1.8196182250976562,-1.0817281007766724,-0.0002461959084030241,0.032998695969581604,0.032998695969581604,1.0,-3.0,timeout
600,1.819618582725525,-1.080672025680542,-0.0002464897115714848,0.033002350479364395,0.0330023467540741,1.0,-3.0,timeout
601,1.8196206092834473,-1.0796160697937012,-0.00024674879387021065,0.03299868106842041,0.03299867734313011,1.0,3.0,timeout
602,1.8196208477020264,-1.0785599946975708,-0.00024693712475709617,0.0330023467540741,0.0330023467540741,1.0,-3.0,timeout
603,1.8196210861206055,-1.0785597562789917,-0.00025208014994859695,0.00016106455586850643,1.0536711670283694e-05,0.0,0.0,timeout
604,1.8196229934692383,-1.077525019645691,-0.00024655633023940027,0.0323360338807106,0.03233557194471359,1.0,3.0,timeout
605,1.8196227550506592,-1.0764689445495605,-0.00024647751706652343,0.0330023467540741,0.0330023467540741,1.0,-3.0,timeout
606,1.819624423980713,-1.0754129886627197,-0.0002467244630679488,0.03299865871667862,0.03299865871667862,1.0,3.0,timeout
607,1.8196238279342651,-1.0743569135665894,-0.00024692167062312365,0.033002350479364395,0.033002350479364395,1.0,0.0,timeout
608,1.8196238279342651,-1.0743565559387207,-0.0002520635607652366,0.000161072239279747,1.117586998589104e-05,0.0,0.0,timeout
609,1.8196228742599487,-1.07332181930542,-0.0002465430006850511,0.03233599290251732,0.03233553096652031,1.0,3.0,timeout
610,1.81961989402771,-1.072265863418579,-0.00024646674864925444,0.03299875184893608,0.03299875184893608,1.0,-3.0,timeout
611,1.819618821144104,-1.0712099075317383,-0.000246715935645625,0.03299863636493683,0.03299863263964653,1.0,3.0,timeout
612,1.8196152448654175,-1.0701539516448975,-0.0002469200699124485,0.03299880772829056,0.03299880772829056,1.0,3.0,timeout
613,1.8196096420288086,-1.069097876548767,-0.0002470784238539636,0.033002812415361404,0.033002812415361404,1.0,0.0,timeout
614,1.8196043968200684,-1.0680419206619263,-0.00024720540386624634,0.03299902752041817,0.03299902752041817,1.0,-3.0,timeout
615,1.8196016550064087,-1.066985845565796,-0.00024731134180910885,0.03300245478749275,0.03300245478749275,1.0,-3.0,timeout
616,1.8196014165878296,-1.065929889678955,-0.0002473964705131948,0.032998621463775635,0.032998621463775635,1.0,-3.0,timeout
617,1.819603681564331,-1.0648739337921143,-0.0002474646898917854,0.032998695969581604,0.032998695969581604,1.0,-3.0,timeout
618,1.8196076154708862,-1.0638179779052734,-0.00024752915487624705,0.03299884870648384,0.03299884870648384,1.0,3.0,timeout
619,1.8196097612380981,-1.062761902809143,-0.0002475612564012408,0.03300241380929947,0.03300241380929947,1.0,-3.0,timeout
620,1.8196141719818115,-1.0617059469223022,-0.0002475960645824671,0.032998908311128616,0.032998908311128616,1.0,-3.0,timeout
621,1.8196210861206055,-1.0606499910354614,-0.0002476244408171624,0.032999325543642044,0.032999325543642044,1.0,-3.0,timeout
622,1.8196221590042114,-1.0606287717819214,-0.0002525277668610215,0.000681400706525892,0.0006639487110078335,0.0,-3.0,timeout
623,1.8196338415145874,-1.0595940351486206,-0.00024700097856111825,0.032338038086891174,0.032337576150894165,1.0,-3.0,timeout
624,1.8196481466293335,-1.0585381984710693,-0.00024684841628186405,0.032997921109199524,0.032997921109199524,1.0,-3.0,timeout
625,1.8196492195129395,-1.0585169792175293,-0.0002518928376957774,0.0006824058364145458,0.0006639487110078335,0.0,-3.0,timeout
626,1.8196674585342407,-1.057482361793518,-0.00024650292471051216,0.0323372557759285,0.03233681619167328,1.0,3.0,timeout
627,1.8196836709976196,-1.0564264059066772,-0.0002464393328409642,0.03300251066684723,0.03300251066684723,1.0,-3.0,timeout
628,1.8197015523910522,-1.055370569229126,-0.00024669404956512153,0.03299962729215622,0.03299962356686592,1.0,3.0,timeout
629,1.8197169303894043,-1.0543147325515747,-0.00024690228747203946,0.03299839422106743,0.03299839422106743,1.0,3.0,timeout
630,1.8197298049926758,-1.0532587766647339,-0.00024706931435503066,0.03300107270479202,0.03300107270479202,1.0,3.0,timeout
631,1.819740891456604,-1.052202820777893,-0.0002471928019076586,0.033000439405441284,0.033000439405441284,1.0,-3.0,timeout
632,1.819741129875183,-1.052181601524353,-0.00025218186783604324,0.0006812243955209851,0.0006631434662267566,0.0,-3.0,timeout
633,1.8197572231292725,-1.0511469841003418,-0.00024672370636835694,0.03233615309000015,0.03233570232987404,1.0,-3.0,timeout
634,1.819776177406311,-1.0500911474227905,-0.00024662629584781826,0.03300020843744278,0.03300020843744278,1.0,-3.0,timeout
635,1.8197968006134033,-1.0490353107452393,-0.00024684405070729554,0.033001188188791275,0.033001188188791275,1.0,3.0,timeout
636,1.8197965621948242,-1.0490142107009888,-0.00025190450833179057,0.0006781155825592577,0.0006594184087589383,0.0,3.0,timeout
637,1.8197963237762451,-1.0490142107009888,-0.00025138488854281604,1.786582106433343e-05,7.450580142176477e-06,0.0,3.0,timeout
638,1.819796085357666,-1.0490142107009888,-0.0002506696037016809,2.3561666239402257e-05,7.450580142176477e-06,0.0,3.0,timeout
639,1.819807767868042,-1.047979474067688,-0.0002451881009619683,0.03233803063631058,0.032337576150894165,1.0,-3.0,timeout
640,1.8198214769363403,-1.0469235181808472,-0.00024539249716326594,0.03300140053033829,0.03300140053033829,1.0,3.0,timeout
641,1.8198215961456299,-1.0469231605529785,-0.0002508206816855818,0.00017003931861836463,1.1780402019212488e-05,0.0,0.0,timeout
642,1.8198215961456299,-1.0469231605529785,-0.00025042606284841895,1.2331837751844432e-05,0.0,0.0,0.0,timeout
643,1.819833517074585,-1.0458884239196777,-0.0002450094325467944,0.032338108867406845,0.03233766555786133,1.0,-3.0,timeout
644,1.8198481798171997,-1.0448325872421265,-0.00024524025502614677,0.03299807757139206,0.03299807384610176,1.0,-3.0,timeout
645,1.819848895072937,-1.0448113679885864,-0.0002506063901819289,0.0006843419396318495,0.0006634782184846699,0.0,-3.0,timeout
646,1.819848895072937,-1.044811487197876,-0.0002503574069123715,8.626558155810926e-06,3.7252900710882386e-06,0.0,3.0,timeout
647,1.8198661804199219,-1.0437767505645752,-0.00024495358229614794,0.03234047070145607,0.03234003111720085,1.0,-3.0,timeout
648,1.8198853731155396,-1.042720913887024,-0.0002452056505717337,0.03300034627318382,0.033000342547893524,1.0,3.0,timeout
649,1.8199026584625244,-1.0416650772094727,-0.00024568766821175814,0.03299931809306145,0.03299931436777115,1.0,-3.0,timeout
650,1.8199033737182617,-1.0416438579559326,-0.00025097824982367456,0.0006837672553956509,0.0006634782184846699,0.0,-3.0,timeout
651,1.8199248313903809,-1.040609359741211,-0.00024577195290476084,0.03233542665839195,0.03233502060174942,1.0,3.0,timeout
652,1.8199244737625122,-1.040588140487671,-0.00025074734003283083,0.0006811775965616107,0.0006631958531215787,0.0,3.0,timeout
653,1.8199405670166016,-1.0395535230636597,-0.00024556112475693226,0.03233611211180687,0.03233570232987404,1.0,3.0,timeout
654,1.8199543952941895,-1.0384974479675293,-0.0002456895890645683,0.03300517424941063,0.03300517424941063,1.0,0.0,timeout
655,1.819968581199646,-1.037441611289978,-0.0002460800460539758,0.032997872680425644,0.032997868955135345,1.0,-3.0,timeout
656,1.819968342781067,-1.037420392036438,-0.0002513036015443504,0.0006829387275502086,0.0006631434662267566,0.0,3.0,timeout
657,1.8199679851531982,-1.037420392036438,-0.0002509048208594322,1.6739142665755935e-05,1.117586998589104e-05,0.0,3.0,timeout
658,1.8199800252914429,-1.0363856554031372,-0.00024539101286791265,0.03233816847205162,0.03233770653605461,1.0,-3.0,timeout
659,1.8199946880340576,-1.035329818725586,-0.0002455454086884856,0.03299807384610176,0.03299807384610176,1.0,-3.0,timeout
660,1.8200117349624634,-1.0342738628387451,-0.0002459690149407834,0.03300292417407036,0.03300292044878006,1.0,-3.0,timeout
661,1.8200305700302124,-1.0332180261611938,-0.0002463322307448834,0.033000148832798004,0.033000145107507706,1.0,3.0,timeout
662,1.8200467824935913,-1.0321621894836426,-0.00024661357747390866,0.032998789101839066,0.03299878537654877,1.0,3.0,timeout
663,1.820061206817627,-1.0311062335968018,-0.00024682850926183164,0.033001698553562164,0.033001698553562164,1.0,-3.0,timeout
664,1.8200618028640747,-1.0310850143432617,-0.00025189085863530636,0.0006819658447057009,0.0006633632001467049,0.0,-3.0,timeout
665,1.8200615644454956,-1.0310851335525513,-0.0002513855288270861,1.7853912140708417e-05,8.330001946887933e-06,0.0,3.0,timeout
666,1.8200616836547852,-1.0310850143432617,-0.0002506656164769083,2.3105892978492193e-05,5.268355835141847e-06,0.0,0.0,timeout
667,1.8200780153274536,-1.0300503969192505,-0.0002452013432048261,0.0323362722992897,0.03233582153916359,1.0,3.0,timeout
668,1.820077896118164,-1.0300500392913818,-0.0002503666328266263,0.0001618445967324078,1.1780402019212488e-05,0.0,0.0,timeout
669,1.8200913667678833,-1.0290154218673706,-0.0002451695327181369,0.032334938645362854,0.03233453258872032,1.0,3.0,timeout
670,1.8201029300689697,-1.0279594659805298,-0.0002453675551805645,0.03300059959292412,0.03300059959292412,1.0,-3.0,timeout
671,1.8201032876968384,-1.0279382467269897,-0.0002507078752387315,0.0006838708068244159,0.0006631958531215787,0.0,-3.0,timeout
672,1.8201028108596802,-1.0279383659362793,-0.00025043872301466763,1.7511922123958357e-05,1.5359764802269638e-05,0.0,3.0,timeout
673,1.8201172351837158,-1.0269036293029785,-0.00024501854204572737,0.032339103519916534,0.03233866021037102,1.0,-3.0,timeout
674,1.8201340436935425,-1.0258476734161377,-0.00024525250773876905,0.03300280123949051,0.03300280123949051,1.0,0.0,timeout
675,1.8201346397399902,-1.0258265733718872,-0.0002506120945326984,0.0006805704324506223,0.0006596393650397658,0.0,-3.0,timeout
676,1.8201533555984497,-1.024791955947876,-0.00024547812063246965,0.032337479293346405,0.03233708441257477,1.0,3.0,timeout
677,1.8201695680618286,-1.0237360000610352,-0.0002456295187585056,0.03300251066684723,0.03300251066684723,1.0,3.0,timeout
678,1.8201831579208374,-1.0226800441741943,-0.00024603691417723894,0.033001355826854706,0.03300135210156441,1.0,3.0,timeout
679,1.8201950788497925,-1.021624207496643,-0.00024636636953800917,0.032996997237205505,0.032996997237205505,1.0,-3.0,timeout
680,1.8201953172683716,-1.021602988243103,-0.00025152115267701447,0.0006824282463639975,0.0006631434662267566,0.0,-3.0,timeout
681,1.8202115297317505,-1.0205683708190918,-0.00024620650219731033,0.03233618661761284,0.032335761934518814,1.0,3.0,timeout
682,1.820225477218628,-1.0195122957229614,-0.00024620702606625855,0.03300522267818451,0.03300522267818451,1.0,0.0,timeout
683,1.8202399015426636,-1.0184564590454102,-0.0002464938734192401,0.032997976988554,0.0329979732632637,1.0,-3.0,timeout
684,1.820239543914795,-1.0184352397918701,-0.00025163436657749116,0.0006823738222010434,0.0006631958531215787,0.0,3.0,timeout
685,1.820239543914795,-1.0184352397918701,-0.00025116436881944537,1.4687429029436316e-05,0.0,0.0,0.0,timeout
686,1.8202539682388306,-1.0174005031585693,-0.00024560405290685594,0.032339125871658325,0.03233866021037102,1.0,-3.0,timeout
687,1.8202704191207886,-1.016344666481018,-0.00024572614347562194,0.03299890086054802,0.03299890086054802,1.0,3.0,timeout
688,1.820284366607666,-1.0152887105941772,-0.00024611366097815335,0.03300149738788605,0.03300149738788605,1.0,3.0,timeout
689,1.820295810699463,-1.0142327547073364,-0.00024643796496093273,0.033000558614730835,0.033000554889440536,1.0,3.0,timeout
690,1.820305585861206,-1.0131769180297852,-0.0002466878213454038,0.03299630805850029,0.03299630433320999,1.0,-3.0,timeout
691,1.8203178644180298,-1.0121209621429443,-0.0002468971651978791,0.033000849187374115,0.033000849187374115,1.0,-3.0,timeout
692,1.8203319311141968,-1.0110650062561035,-0.000247075455263257,0.033001549541950226,0.03300154581665993,1.0,3.0,timeout
693,1.8203434944152832,-1.0100090503692627,-0.00024720828514546156,0.03300059959292412,0.03300059959292412,1.0,3.0,timeout
694,1.820343255996704,-1.0100088119506836,-0.00025228719459846616,0.0001590652682352811,1.0536711670283694e-05,0.0,0.0,timeout
695,1.820343255996704,-1.0100088119506836,-0.0002515946398489177,2.1642334104399197e-05,0.0,0.0,-3.0,timeout
696,1.820342779159546,-1.0100088119506836,-0.0002508435572963208,2.780194154183846e-05,1.4901160284352954e-05,0.0,3.0,timeout
697,1.8203520774841309,-1.0089740753173828,-0.00024533848045393825,0.03233728185296059,0.032336823642253876,1.0,3.0,timeout
698,1.8203517198562622,-1.0089738368988037,-0.0002504760050214827,0.00016110851720441133,1.3431724255497102e-05,0.0,0.0,timeout
699,1.8203582763671875,-1.007939100265503,-0.0002452571352478117,0.032336581498384476,0.03233616426587105,1.0,3.0,timeout
700,1.8203574419021606,-1.007917881011963,-0.0002503308351151645,0.0006822923896834254,0.0006636141915805638,0.0,3.0,timeout
701,1.820357084274292,-1.0079177618026733,-0.00025010656099766493,1.370758400298655e-05,1.1780402019212488e-05,0.0,0.0,timeout
702,1.820357084274292,-1.007917881011963,-0.00024964186013676226,1.499211157351965e-05,3.7252900710882386e-06,0.0,-3.0,timeout
703,1.8203564882278442,-1.007917881011963,-0.00024927122285589576,2.1933923562755808e-05,1.862645149230957e-05,0.0,3.0,timeout
704,1.8203558921813965,-1.007917881011963,-0.0002489643811713904,2.09496956813382e-05,1.862645149230957e-05,0.0,3.0,timeout
705,1.8203554153442383,-1.006883144378662,-0.00024383398704230785,0.03233591839671135,0.03233552351593971,1.0,3.0,timeout
706,1.8203554153442383,-1.006861925125122,-0.0002491709601599723,0.0006837539258413017,0.0006631016149185598,0.0,-3.0,timeout
707,1.820354700088501,-1.006861925125122,-0.00024919447605498135,2.2363818061421625e-05,2.235173997178208e-05,0.0,3.0,timeout
708,1.8203518390655518,-1.0058271884918213,-0.0002440333046251908,0.0323360413312912,0.03233564272522926,1.0,3.0,timeout
709,1.8203463554382324,-1.004771113395691,-0.00024445910821668804,0.03300279378890991,0.033002790063619614,1.0,3.0,timeout
710,1.8203383684158325,-1.00371515750885,-0.00024510041112080216,0.032999567687511444,0.032999563962221146,1.0,3.0,timeout
711,1.8203288316726685,-1.0026592016220093,-0.00024561729514971375,0.03299997001886368,0.03299996629357338,1.0,-3.0,timeout
712,1.8203281164169312,-1.0026379823684692,-0.00025093427393585443,0.0006839671405032277,0.0006634782184846699,0.0,3.0,timeout
713,1.8203179836273193,-1.0016032457351685,-0.0002457262307871133,0.032337479293346405,0.032337069511413574,1.0,3.0,timeout
714,1.8203058242797852,-1.0005472898483276,-0.00024581729667261243,0.03300080448389053,0.03300080448389053,1.0,-3.0,timeout
715,1.8202955722808838,-0.9994913339614868,-0.00024619686882942915,0.03300017863512039,0.03300017490983009,1.0,3.0,timeout
716,1.8202828168869019,-0.998435378074646,-0.00024650507839396596,0.03300102800130844,0.03300102427601814,1.0,3.0,timeout
717,1.8202683925628662,-0.99737948179245,-0.000246741488808766,0.03299983963370323,0.03299983590841293,1.0,-3.0,timeout
718,1.8202686309814453,-0.9973583221435547,-0.00025182109675370157,0.0006800663541071117,0.0006612809374928474,0.0,-3.0,timeout
719,1.8202687501907349,-0.9973583817481995,-0.0002513192011974752,1.6227830201387405e-05,4.165000973443966e-06,0.0,-3.0,timeout
720,1.8202686309814453,-0.9973583221435547,-0.0002506221935618669,2.2176123820827343e-05,4.165000973443966e-06,0.0,0.0,timeout
721,1.8202686309814453,-0.9973582625389099,-0.0002500459086149931,1.8104974515154026e-05,1.8626450355441193e-06,0.0,0.0,timeout
722,1.8202688694000244,-0.9973582625389099,-0.00024957911227829754,1.6379955923184752e-05,7.450580142176477e-06,0.0,-3.0,timeout
723,1.820264220237732,-0.9963235259056091,-0.0002443244738969952,0.03233626112341881,0.03233584389090538,1.0,-3.0,timeout
724,1.8202621936798096,-0.9952675104141235,-0.0002446919970680028,0.03300054371356964,0.03300054371356964,1.0,-3.0,timeout
725,1.8202629089355469,-0.9952463507652283,-0.0002501681155990809,0.0006833898369222879,0.0006616166792809963,0.0,-3.0,timeout
726,1.8202658891677856,-0.9942115545272827,-0.00024511205265298486,0.03233790025115013,0.03233751654624939,1.0,-3.0,timeout
727,1.8202660083770752,-0.9941903948783875,-0.00025023057241924107,0.0006803206051699817,0.0006612495053559542,0.0,3.0,timeout
728,1.8202661275863647,-0.9941903948783875,-0.00025003167684189975,7.246382210723823e-06,3.7252900710882386e-06,0.0,3.0,timeout
729,1.820266842842102,-0.9931555986404419,-0.00024469176423735917,0.032337818294763565,0.03233738988637924,1.0,-3.0,timeout
730,1.8202701807022095,-0.9920995831489563,-0.0002449863823130727,0.033000651746988297,0.033000648021698,1.0,-3.0,timeout
731,1.8202704191207886,-0.992078423500061,-0.0002504146541468799,0.0006826917524449527,0.0006612809374928474,0.0,3.0,timeout
732,1.8202736377716064,-0.9910436272621155,-0.0002452987537253648,0.03233793005347252,0.03233753889799118,1.0,-3.0,timeout
733,1.8202786445617676,-0.9899876117706299,-0.00024549628142267466,0.03300085291266441,0.03300085291266441,1.0,3.0,timeout
734,1.8202786445617676,-0.9899664521217346,-0.00025081305648200214,0.0006817936082370579,0.0006612389697693288,0.0,3.0,timeout
735,1.8202792406082153,-0.9889316558837891,-0.00024561703321523964,0.032337795943021774,0.032337386161088943,1.0,-3.0,timeout
736,1.8202818632125854,-0.9878756403923035,-0.0002457508526276797,0.033000584691762924,0.033000584691762924,1.0,3.0,timeout
737,1.8202825784683228,-0.9868196249008179,-0.0002461244002915919,0.03300049528479576,0.03300049155950546,1.0,-3.0,timeout
738,1.820285677909851,-0.9857636094093323,-0.00024644623044878244,0.03300062566995621,0.03300062566995621,1.0,-3.0,timeout
739,1.820286512374878,-0.9857423901557922,-0.00025158582138828933,0.0006827737670391798,0.0006636141915805638,0.0,-3.0,timeout
740,1.8202946186065674,-0.9847075939178467,-0.0002462472184561193,0.03233880177140236,0.032338373363018036,1.0,-3.0,timeout
741,1.8203052282333374,-0.9836516380310059,-0.0002462455304339528,0.03300028666853905,0.03300028666853905,1.0,-3.0,timeout
742,1.8203059434890747,-0.983651340007782,-0.00025151309091597795,0.00016638269880786538,2.4214385121013038e-05,0.0,0.0,timeout
743,1.8203188180923462,-0.9826166033744812,-0.0002460912219248712,0.0323384664952755,0.03233801946043968,1.0,-3.0,timeout
744,1.82033371925354,-0.9815607666969299,-0.00024612611741758883,0.03299817815423012,0.03299817815423012,1.0,3.0,timeout
745,1.8203344345092773,-0.9815395474433899,-0.00025130552239716053,0.0006829354679211974,0.0006634782184846699,0.0,-3.0,timeout
746,1.820335030555725,-0.9815396070480347,-0.0002509061305318028,2.2498652469948865e-05,1.8719350919127464e-05,0.0,-3.0,timeout
747,1.8203521966934204,-0.980483889579773,-0.0002453105116728693,0.03299599513411522,0.03299552947282791,1.0,0.0,timeout
748,1.820369839668274,-0.9794280529022217,-0.00024556959397159517,0.03299950435757637,0.03299950063228607,1.0,-3.0,timeout
749,1.8203898668289185,-0.9783722162246704,-0.00024599223979748785,0.03300083056092262,0.033000826835632324,1.0,-3.0,timeout
750,1.8203907012939453,-0.9783510565757751,-0.0002512224018573761,0.000681638135574758,0.0006617530016228557,0.0,-3.0,timeout
751,1.820391058921814,-0.9783509969711304,-0.00025084574008360505,1.6337637134711258e-05,1.1330027518852148e-05,0.0,0.0,timeout
752,1.8204154968261719,-0.977295458316803,-0.00024525803746655583,0.03299488499760628,0.03299442306160927,1.0,0.0,timeout
753,1.8204401731491089,-0.976239800453186,-0.00024552750983275473,0.03299831971526146,0.03299831971526146,1.0,-3.0,timeout
754,1.8204410076141357,-0.9762186408042908,-0.00025083994842134416,0.0006822590949013829,0.0006617530016228557,0.0,-3.0,timeout
755,1.8204410076141357,-0.9762186408042908,-0.0002505443699192256,9.23682819120586e-06,0.0,0.0,3.0,timeout
756,1.820467472076416,-0.9751842617988586,-0.00024511365336366,0.03233536705374718,0.03233492001891136,1.0,3.0,timeout
757,1.8204911947250366,-0.9741284847259521,-0.00024532279348932207,0.033001359552145004,0.033001359552145004,1.0,3.0,timeout
758,1.820513129234314,-0.9730727076530457,-0.00024578062584623694,0.0330001562833786,0.0330001525580883,1.0,-3.0,timeout
759,1.8205369710922241,-0.9720169901847839,-0.0002461814146954566,0.03299958258867264,0.03299957886338234,1.0,3.0,timeout
760,1.8205589056015015,-0.9709612131118774,-0.00024648322141729295,0.0330001525580883,0.0330001525580883,1.0,-3.0,timeout
761,1.8205585479736328,-0.9709400534629822,-0.00025162645033560693,0.000680584111250937,0.0006613334408029914,0.0,3.0,timeout
762,1.8205806016921997,-0.969905436038971,-0.0002462688717059791,0.03233956918120384,0.03233913704752922,1.0,-3.0,timeout
763,1.8206045627593994,-0.9688497185707092,-0.000246272305957973,0.032999664545059204,0.032999664545059204,1.0,3.0,timeout
764,1.8206268548965454,-0.9677939414978027,-0.00024654134176671505,0.033000387251377106,0.03300038352608681,1.0,-3.0,timeout
765,1.8206508159637451,-0.966738224029541,-0.00024678974295966327,0.0329996682703495,0.032999664545059204,1.0,3.0,timeout
766,1.8206722736358643,-0.9656824469566345,-0.0002469796745572239,0.03299984708428383,0.03299984708428383,1.0,3.0,timeout
767,1.8206919431686401,-0.9646266102790833,-0.00024712117738090456,0.03300062194466591,0.03300062194466591,1.0,-3.0,timeout
768,1.8207141160964966,-0.9635708332061768,-0.00024724382092244923,0.03300030902028084,0.03300030902028084,1.0,-3.0,timeout
769,1.8207147121429443,-0.9635496735572815,-0.0002522233407944441,0.0006795575027354062,0.0006615012534894049,0.0,-3.0,timeout
770,1.8207148313522339,-0.9635496139526367,-0.00025164615362882614,1.8511729649617337e-05,4.165000973443966e-06,0.0,0.0,timeout
771,1.8207420110702515,-0.9625151753425598,-0.00024599008611403406,0.032337844371795654,0.03233736380934715,1.0,-3.0,timeout
772,1.8207718133926392,-0.9614596366882324,-0.00024602486519142985,0.03299872577190399,0.03299872577190399,1.0,-3.0,timeout
773,1.8208039999008179,-0.960404098033905,-0.0002463524870108813,0.03300091251730919,0.03300091251730919,1.0,-3.0,timeout
774,1.8208379745483398,-0.9593486189842224,-0.00024663886870257556,0.03300080448389053,0.033000800758600235,1.0,3.0,timeout
775,1.8208699226379395,-0.958293080329895,-0.00024684928939677775,0.03300068527460098,0.03300068527460098,1.0,-3.0,timeout
776,1.8208703994750977,-0.9582927823066711,-0.0002520099515095353,0.00016222520207520574,1.7572157958056778e-05,0.0,0.0,timeout
777,1.8209048509597778,-0.9572585821151733,-0.0002464893041178584,0.032337140291929245,0.032336682081222534,1.0,-3.0,timeout
778,1.8209059238433838,-0.9572374820709229,-0.0002513161743991077,0.0006772399065084755,0.0006602281937375665,0.0,-3.0,timeout
779,1.8209060430526733,-0.9572374820709229,-0.0002509108744561672,1.3202112313592806e-05,3.7252900710882386e-06,0.0,3.0,timeout
780,1.8209433555603027,-0.9562033414840698,-0.00024539558216929436,0.03233838081359863,0.032337918877601624,1.0,-3.0,timeout
781,1.8209830522537231,-0.9551481008529663,-0.0002455493959132582,0.032999590039253235,0.032999590039253235,1.0,-3.0,timeout
782,1.8210245370864868,-0.9540928602218628,-0.00024598196614533663,0.033001743257045746,0.03300173953175545,1.0,3.0,timeout
783,1.8210254907608032,-0.9540717601776123,-0.0002512045030016452,0.0006799271795898676,0.0006600494962185621,0.0,-3.0,timeout
784,1.8210663795471191,-0.9530377388000488,-0.00024595248396508396,0.032338835299015045,0.03233841806650162,1.0,3.0,timeout
785,1.821104884147644,-0.9519824385643005,-0.0002460089745000005,0.033000074326992035,0.033000074326992035,1.0,3.0,timeout
786,1.8211416006088257,-0.9509270191192627,-0.00024633013526909053,0.03300181031227112,0.03300180658698082,1.0,-3.0,timeout
787,1.8211408853530884,-0.9509058594703674,-0.00025150348665192723,0.0006810821942053735,0.0006616166792809963,0.0,3.0,timeout
788,1.8211766481399536,-0.9498716592788696,-0.00024618106544949114,0.032338500022888184,0.03233807161450386,1.0,3.0,timeout
789,1.821176290512085,-0.9498504996299744,-0.00025107403052970767,0.0006787797319702804,0.0006613334408029914,0.0,3.0,timeout
790,1.8212080001831055,-0.948816180229187,-0.000245811534114182,0.032338082790374756,0.03233766928315163,1.0,-3.0,timeout
791,1.8212075233459473,-0.948794960975647,-0.00025078890030272305,0.0006812630454078317,0.0006632690201513469,0.0,3.0,timeout
792,1.821207880973816,-0.948794960975647,-0.00025046864175237715,1.500205780757824e-05,1.117586998589104e-05,0.0,-3.0,timeout
793,1.821241855621338,-0.9477607607841492,-0.00024505064357072115,0.032336629927158356,0.03233619034290314,1.0,-3.0,timeout
794,1.8212785720825195,-0.9467053413391113,-0.0002452736662235111,0.03300180658698082,0.03300180658698082,1.0,-3.0,timeout
795,1.8213170766830444,-0.945650041103363,-0.00024576159194111824,0.03300007805228233,0.033000074326992035,1.0,3.0,timeout
796,1.8213177919387817,-0.9456288814544678,-0.0002510283375158906,0.000681780802551657,0.0006616166792809963,0.0,-3.0,timeout
797,1.8213558197021484,-0.9445947408676147,-0.0002458115923218429,0.03233914449810982,0.03233873471617699,1.0,3.0,timeout
798,1.8213914632797241,-0.9435393214225769,-0.0002458963717799634,0.03300065919756889,0.03300065919756889,1.0,3.0,timeout
799,1.8214250802993774,-0.9424837827682495,-0.0002462450647726655,0.03300230950117111,0.033002305775880814,1.0,0.0,timeout
800,1.8214589357376099,-0.9414283037185669,-0.00024653825676068664,0.033000681549310684,0.033000681549310684,1.0,-3.0,timeout
801,1.821458339691162,-0.9414071440696716,-0.0002516707463655621,0.0006806680466979742,0.0006615012534894049,0.0,3.0,timeout
802,1.8214586973190308,-0.9414072036743164,-0.0002511885832063854,1.885210986074526e-05,1.1330027518852148e-05,0.0,-3.0,timeout
803,1.821458339691162,-0.9414072036743164,-0.00025052265846170485,2.3621227228431962e-05,1.117586998589104e-05,0.0,3.0,timeout
804,1.8214579820632935,-0.9414072036743164,-0.0002499658439774066,2.0680323359556496e-05,1.117586998589104e-05,0.0,3.0,timeout
805,1.821489930152893,-0.940372884273529,-0.0002446241560392082,0.032338324934244156,0.03233789652585983,1.0,-3.0,timeout
806,1.8215243816375732,-0.9393174052238464,-0.00024493143428117037,0.033001285046339035,0.03300128132104874,1.0,-3.0,timeout
807,1.8215606212615967,-0.9382620453834534,-0.00024548787041567266,0.0329994335770607,0.0329994298517704,1.0,3.0,timeout
808,1.821561336517334,-0.9382408857345581,-0.0002508095349185169,0.000682197161950171,0.0006616166792809963,0.0,-3.0,timeout
809,1.821597933769226,-0.9372067451477051,-0.00024562524049542844,0.032337531447410583,0.03233712166547775,1.0,-3.0,timeout
810,1.8215988874435425,-0.9371855854988098,-0.0002506295859348029,0.0006801335839554667,0.0006619102787226439,0.0,-3.0,timeout
811,1.8215994834899902,-0.9371855854988098,-0.0002503519644960761,2.0547795429592952e-05,1.862645149230957e-05,0.0,-3.0,timeout
812,1.821642518043518,-0.9361516833305359,-0.00024496900732629,0.03233785554766655,0.03233741596341133,1.0,3.0,timeout
813,1.8216831684112549,-0.9350964426994324,-0.00024520771694369614,0.033000729978084564,0.033000726252794266,1.0,3.0,timeout
814,1.8216828107833862,-0.9350752234458923,-0.00025058165192604065,0.0006841279100626707,0.0006631958531215787,0.0,3.0,timeout
815,1.8217196464538574,-0.9340410828590393,-0.00024543143808841705,0.03233778476715088,0.032337386161088943,1.0,-3.0,timeout
816,1.8217582702636719,-0.932985782623291,-0.00024560277233831584,0.03300021216273308,0.03300021216273308,1.0,3.0,timeout
817,1.8217943906784058,-0.9319303631782532,-0.00024601593031547964,0.03300116956233978,0.033001165837049484,1.0,3.0,timeout
818,1.821828007698059,-0.9308748841285706,-0.00024635999579913914,0.03300044685602188,0.03300044313073158,1.0,3.0,timeout
819,1.8218271732330322,-0.9308536648750305,-0.00025151827139779925,0.0006829114281572402,0.0006636141915805638,0.0,3.0,timeout
820,1.8218568563461304,-0.9298192858695984,-0.0002461816475261003,0.03233807906508446,0.032337650656700134,1.0,-3.0,timeout
821,1.8218891620635986,-0.928763747215271,-0.00024619215400889516,0.03300102427601814,0.03300102427601814,1.0,-3.0,timeout
822,1.8218892812728882,-0.9287634491920471,-0.00025147030828520656,0.00016524703823961318,1.0030650628323201e-05,0.0,0.0,timeout
823,1.8219244480133057,-0.9277291893959045,-0.0002460565883666277,0.03233973681926727,0.032339293509721756,1.0,-3.0,timeout
824,1.8219619989395142,-0.9266738891601562,-0.00024608868989162147,0.03299900144338608,0.03299900144338608,1.0,-3.0,timeout
825,1.8220012187957764,-0.925618588924408,-0.00024641386698931456,0.03300090134143829,0.033000897616147995,1.0,3.0,timeout
826,1.822001338005066,-0.9255974292755127,-0.00025156058836728334,0.0006805283483117819,0.0006612495053559542,0.0,3.0,timeout
827,1.822035789489746,-0.9245421886444092,-0.0002461239346303046,0.03299427777528763,0.03299383819103241,1.0,0.0,timeout
828,1.8220700025558472,-0.9234867691993713,-0.0002462443080730736,0.032999180257320404,0.032999180257320404,1.0,3.0,timeout
829,1.8221023082733154,-0.922431230545044,-0.00024652277352288365,0.03300102800130844,0.03300102427601814,1.0,-3.0,timeout
830,1.822136402130127,-0.9213758111000061,-0.000246775132836774,0.03299906104803085,0.03299906104803085,1.0,3.0,timeout
831,1.8221687078475952,-0.9203202724456787,-0.0002469580213073641,0.03300102427601814,0.03300102427601814,1.0,-3.0,timeout
832,1.822168231010437,-0.9202991127967834,-0.0002520060515962541,0.0006799591355957091,0.0006614068406634033,0.0,3.0,timeout
833,1.8222007751464844,-0.9192648530006409,-0.00024657242465764284,0.03233706206083298,0.03233661502599716,1.0,-3.0,timeout
834,1.8222358226776123,-0.918209433555603,-0.00024650507839396596,0.03300003707408905,0.03300003334879875,1.0,-3.0,timeout
835,1.8222357034683228,-0.9181882739067078,-0.0002516295644454658,0.0006803644937463105,0.0006612495053559542,0.0,3.0,timeout
836,1.82223641872406,-0.9181882739067078,-0.0002511550555936992,2.6823157895705663e-05,2.235173997178208e-05,0.0,-3.0,timeout
837,1.8222724199295044,-0.9171541333198547,-0.0002456118236295879,0.03233693167567253,0.03233646601438522,1.0,3.0,timeout
838,1.8223063945770264,-0.9160985946655273,-0.00024571665562689304,0.033002663403749466,0.033002663403749466,1.0,0.0,timeout
839,1.8223398923873901,-0.9150431156158447,-0.00024611130356788635,0.03300032764673233,0.03300032764673233,1.0,3.0,timeout
840,1.8223708868026733,-0.9139875769615173,-0.00024643633514642715,0.03299979865550995,0.03299979865550995,1.0,3.0,timeout
841,1.8223994970321655,-0.9129319787025452,-0.0002466969017405063,0.03299956023693085,0.03299956023693085,1.0,3.0,timeout
842,1.822426438331604,-0.9118763208389282,-0.00024689483689144254,0.033000048249959946,0.033000048249959946,1.0,-3.0,timeout
843,1.8224552869796753,-0.9108206629753113,-0.00024707335978746414,0.033001624047756195,0.033001624047756195,1.0,3.0,timeout
844,1.822481632232666,-0.9097650051116943,-0.0002472068299539387,0.03299957513809204,0.03299957513809204,1.0,3.0,timeout
845,1.8225055932998657,-0.9087092876434326,-0.00024731323355808854,0.032999664545059204,0.032999664545059204,1.0,3.0,timeout
846,1.8225045204162598,-0.9086880683898926,-0.0002522802969906479,0.0006818514666520059,0.0006639487110078335,0.0,3.0,timeout
847,1.8225237131118774,-0.9076534509658813,-0.0002468028396833688,0.03233780711889267,0.032337356358766556,1.0,3.0,timeout
848,1.822522759437561,-0.9076322317123413,-0.00025157121126540005,0.0006802914431318641,0.0006637710030190647,0.0,3.0,timeout
849,1.8225369453430176,-0.9065974950790405,-0.00024622082128189504,0.03233898803591728,0.03233855590224266,1.0,3.0,timeout
850,1.8225491046905518,-0.9055415987968445,-0.0002462119737174362,0.0329989418387413,0.0329989418387413,1.0,-3.0,timeout
851,1.8225640058517456,-0.9044857025146484,-0.00024650164414197206,0.03300004079937935,0.03300004079937935,1.0,-3.0,timeout
852,1.8225805759429932,-0.9034298062324524,-0.00024675848544575274,0.03300081938505173,0.03300081938505173,1.0,3.0,timeout
853,1.822595238685608,-0.9023737907409668,-0.000246949668508023,0.033003661781549454,0.033003661781549454,1.0,0.0,timeout
854,1.8226101398468018,-0.9013179540634155,-0.0002471025800332427,0.03299817815423012,0.03299817815423012,1.0,-3.0,timeout
855,1.8226276636123657,-0.9002620577812195,-0.00024722921079955995,0.03300129994750023,0.03300129994750023,1.0,-3.0,timeout
856,1.8226468563079834,-0.899206280708313,-0.00024734094040468335,0.03299847990274429,0.03299847990274429,1.0,3.0,timeout
857,1.8226642608642578,-0.8981504440307617,-0.00024741064407862723,0.03299937769770622,0.03299937769770622,1.0,-3.0,timeout
858,1.8226648569107056,-0.8981292843818665,-0.00025235625798814,0.0006793156499043107,0.0006615012534894049,0.0,-3.0,timeout
859,1.8226653337478638,-0.8981292843818665,-0.00025174746406264603,2.4165843569790013e-05,1.4901160284352954e-05,0.0,-3.0,timeout
860,1.8226652145385742,-0.8981293439865112,-0.00025097004254348576,2.4648856197018176e-05,4.165000973443966e-06,0.0,3.0,timeout
861,1.822686791419983,-0.8970947861671448,-0.0002454396744724363,0.03233741968870163,0.03233695775270462,1.0,3.0,timeout
862,1.8226861953735352,-0.8970735669136047,-0.0002504657895769924,0.000681704084854573,0.0006633632001467049,0.0,3.0,timeout
863,1.8226858377456665,-0.8970735669136047,-0.00025021895999088883,1.357928522338625e-05,1.117586998589104e-05,0.0,3.0,timeout
864,1.8226853609085083,-0.8970735669136047,-0.00024973650579340756,2.119790588039905e-05,1.4901160284352954e-05,0.0,3.0,timeout
865,1.8226972818374634,-0.8960388898849487,-0.000244452414335683,0.03233622387051582,0.0323358029127121,1.0,3.0,timeout
866,1.8227063417434692,-0.8949828743934631,-0.000244793453020975,0.033001698553562164,0.033001698553562164,1.0,3.0,timeout
867,1.822713851928711,-0.8939269185066223,-0.0002453571942169219,0.03299945965409279,0.03299945220351219,1.0,-3.0,timeout
868,1.8227237462997437,-0.8928709030151367,-0.00024583222693763673,0.03300193324685097,0.03300192952156067,1.0,-3.0,timeout
869,1.8227355480194092,-0.8918149471282959,-0.00024622384808026254,0.033000681549310684,0.033000677824020386,1.0,3.0,timeout
870,1.8227455615997314,-0.8907589912414551,-0.0002465172437950969,0.03300010412931442,0.03300010412931442,1.0,-3.0,timeout
871,1.822757363319397,-0.889703094959259,-0.0002467712911311537,0.03299881890416145,0.032998815178871155,1.0,3.0,timeout
872,1.8227568864822388,-0.889681875705719,-0.0002518471737857908,0.0006819725967943668,0.0006632690201513469,0.0,3.0,timeout
873,1.8227643966674805,-0.8886471390724182,-0.0002464450662955642,0.03233680874109268,0.03233636915683746,1.0,-3.0,timeout
874,1.8227649927139282,-0.8886259198188782,-0.00025128430570475757,0.00068038230529055,0.0006633632001467049,0.0,-3.0,timeout
875,1.8227777481079102,-0.8875912427902222,-0.0002459909301251173,0.032336536794900894,0.03233611211180687,1.0,-3.0,timeout
876,1.8227932453155518,-0.8865353465080261,-0.0002460396499373019,0.033000312745571136,0.033000312745571136,1.0,-3.0,timeout
877,1.8228111267089844,-0.8854794502258301,-0.00024636503076180816,0.03300148993730545,0.03300148993730545,1.0,-3.0,timeout
878,1.8228120803833008,-0.88545823097229,-0.0002515203377697617,0.0006830419297330081,0.0006637710030190647,0.0,-3.0,timeout
879,1.822834849357605,-0.8844236731529236,-0.00024619477335363626,0.03233818709850311,0.03233775869011879,1.0,-3.0,timeout
880,1.8228358030319214,-0.8844025135040283,-0.00025108508998528123,0.0006793231004849076,0.0006619102787226439,0.0,-3.0,timeout
881,1.8228627443313599,-0.8833680748939514,-0.0002458426752127707,0.032337579876184464,0.032337166368961334,1.0,3.0,timeout
882,1.8228873014450073,-0.8823122382164001,-0.0002459152601659298,0.03300381824374199,0.03300381451845169,1.0,0.0,timeout
883,1.8229113817214966,-0.8812565207481384,-0.0002462707634549588,0.03299975022673607,0.03299975022673607,1.0,3.0,timeout
884,1.8229336738586426,-0.8802007436752319,-0.0002465537691023201,0.033000387251377106,0.03300038352608681,1.0,-3.0,timeout
885,1.8229334354400635,-0.8801795840263367,-0.00025168279535137117,0.0006804284057579935,0.0006612809374928474,0.0,3.0,timeout
886,1.8229550123214722,-0.8791450262069702,-0.0002463246346451342,0.03233739361166954,0.03233695775270462,1.0,3.0,timeout
887,1.8229745626449585,-0.878089189529419,-0.00024629602557979524,0.03300055116415024,0.03300055116415024,1.0,-3.0,timeout
888,1.822974681854248,-0.8780888915061951,-0.0002515528758522123,0.00016458251047879457,1.0030650628323201e-05,0.0,0.0,timeout
889,1.8229966163635254,-0.8770543336868286,-0.0002461227122694254,0.03233763948082924,0.03233719617128372,1.0,-3.0,timeout
890,1.8230206966400146,-0.8759986162185669,-0.00024615152506157756,0.03299975022673607,0.03299975022673607,1.0,3.0,timeout
891,1.8230210542678833,-0.8759774565696716,-0.0002513258077669889,0.0006808139150962234,0.0006613334408029914,0.0,-3.0,timeout
892,1.8230458498001099,-0.87494295835495,-0.000246037554461509,0.032337773591279984,0.03233735263347626,1.0,-3.0,timeout
893,1.8230456113815308,-0.8749217987060547,-0.000250970566412434,0.0006790116312913597,0.0006612809374928474,0.0,3.0,timeout
894,1.8230458498001099,-0.8749217391014099,-0.00025061873020604253,1.3411487088887952e-05,7.679882401134819e-06,0.0,0.0,timeout
895,1.8230459690093994,-0.8749217391014099,-0.0002500566188246012,1.7956654119188897e-05,3.7252900710882386e-06,0.0,0.0,timeout
896,1.8230700492858887,-0.8738872408866882,-0.0002447142614983022,0.0323372557759285,0.032336823642253876,1.0,3.0,timeout
897,1.8230921030044556,-0.8728314638137817,-0.00024499298888258636,0.03300023078918457,0.03300022706389427,1.0,-3.0,timeout
898,1.8231159448623657,-0.87177574634552,-0.00024553679395467043,0.032999586313962936,0.03299957886338234,1.0,3.0,timeout
899,1.8231158256530762,-0.8717753887176514,-0.0002509507176000625,0.0001695947430562228,1.1780402019212488e-05,0.0,0.0,timeout
900,1.8231371641159058,-0.8707408308982849,-0.0002456523652654141,0.03233722969889641,0.03233680501580238,1.0,3.0,timeout
901,1.8231565952301025,-0.8696850538253784,-0.0002457544906064868,0.032998621463775635,0.032998621463775635,1.0,-3.0,timeout
902,1.8231784105300903,-0.8686292767524719,-0.00024613586720079184,0.033000074326992035,0.033000074326992035,1.0,-3.0,timeout
903,1.823202133178711,-0.8675735592842102,-0.00024646587553434074,0.03299950063228607,0.03299949690699577,1.0,3.0,timeout
904,1.8232239484786987,-0.8665177822113037,-0.00024671078426763415,0.033000074326992035,0.033000074326992035,1.0,-3.0,timeout
905,1.8232479095458984,-0.8654619455337524,-0.0002469207684043795,0.033003393560647964,0.033003389835357666,1.0,0.0,timeout
906,1.8232719898223877,-0.864406168460846,-0.0002470849431119859,0.0330016128718853,0.0330016128718853,1.0,0.0,timeout
907,1.8232955932617188,-0.8633504509925842,-0.0002472211781423539,0.03299941122531891,0.03299941122531891,1.0,3.0,timeout
908,1.8233166933059692,-0.8622946739196777,-0.00024732458405196667,0.03299961984157562,0.03299961984157562,1.0,3.0,timeout
909,1.8233356475830078,-0.8612388372421265,-0.0002474019129294902,0.03300020843744278,0.03300020843744278,1.0,0.0,timeout
910,1.8233550786972046,-0.8601830005645752,-0.0002474641369190067,0.033000484108924866,0.033000484108924866,1.0,-3.0,timeout
911,1.823377013206482,-0.8591272830963135,-0.0002475182991474867,0.03299828991293907,0.03299828991293907,1.0,-3.0,timeout
912,1.8233776092529297,-0.8591061234474182,-0.00025244272546842694,0.0006791653577238321,0.0006615012534894049,0.0,-3.0,timeout
913,1.82340407371521,-0.8580506443977356,-0.00024684102390892804,0.032994549721479416,0.03299408406019211,1.0,0.0,timeout
914,1.8234308958053589,-0.8569950461387634,-0.0002468082820996642,0.03299809247255325,0.03299809247255325,1.0,-3.0,timeout
915,1.823459506034851,-0.8559394478797913,-0.0002469935279805213,0.03299956023693085,0.03299956023693085,1.0,3.0,timeout
916,1.8234599828720093,-0.855918288230896,-0.0002520132693462074,0.0006797545356675982,0.0006614068406634033,0.0,-3.0,timeout
917,1.8234883546829224,-0.8548839092254639,-0.0002465996367391199,0.03233693912625313,0.03233649954199791,1.0,3.0,timeout
918,1.8235149383544922,-0.8538282513618469,-0.00024651651619933546,0.03299976512789726,0.03299976512789726,1.0,-3.0,timeout
919,1.8235145807266235,-0.8538070917129517,-0.00025163835380226374,0.0006804265431128442,0.0006613334408029914,0.0,3.0,timeout
920,1.8235142230987549,-0.8538070917129517,-0.0002511717611923814,1.8371340047451667e-05,1.117586998589104e-05,0.0,3.0,timeout
921,1.823537826538086,-0.85277259349823,-0.0002456153160892427,0.032336946576833725,0.03233647719025612,1.0,3.0,timeout
922,1.8235585689544678,-0.8517167568206787,-0.00024572410620748997,0.033001262694597244,0.033001262694597244,1.0,3.0,timeout
923,1.8235769271850586,-0.8506609201431274,-0.00024611185654066503,0.032999880611896515,0.032999880611896515,1.0,3.0,timeout
924,1.8235929012298584,-0.8496050238609314,-0.000246436771703884,0.033000532537698746,0.033000532537698746,1.0,3.0,timeout
925,1.8236067295074463,-0.8485490083694458,-0.00024669195408932865,0.0330033116042614,0.0330033116042614,1.0,0.0,timeout
926,1.823621153831482,-0.8474931120872498,-0.000246896204771474,0.03299983590841293,0.03299983590841293,1.0,-3.0,timeout
927,1.8236380815505981,-0.8464372754096985,-0.0002470639592502266,0.03299913555383682,0.032999131828546524,1.0,-3.0,timeout
928,1.8236569166183472,-0.8453814387321472,-0.00024720889632590115,0.033000145107507706,0.033000145107507706,1.0,3.0,timeout
929,1.8236732482910156,-0.8443255424499512,-0.0002473150088917464,0.033000703901052475,0.033000703901052475,1.0,3.0,timeout
930,1.8236877918243408,-0.8432696461677551,-0.000247389281867072,0.03299988433718681,0.03299988433718681,1.0,-3.0,timeout
931,1.8236876726150513,-0.8432693481445312,-0.0002524414740037173,0.00015819931286387146,1.0030650628323201e-05,0.0,0.0,timeout
932,1.8237041234970093,-0.84223473072052,-0.00024684559321030974,0.03233635053038597,0.032335877418518066,1.0,3.0,timeout
933,1.8237184286117554,-0.841178834438324,-0.0002467087469995022,0.032999783754348755,0.032999783754348755,1.0,-3.0,timeout
934,1.8237346410751343,-0.8401229977607727,-0.0002469094470143318,0.03299878537654877,0.03299878537654877,1.0,3.0,timeout
935,1.82374906539917,-0.8390671014785767,-0.00024706468684598804,0.03299983590841293,0.03299983590841293,1.0,-3.0,timeout
936,1.8237661123275757,-0.8380112051963806,-0.0002471986517775804,0.03300105780363083,0.03300105780363083,1.0,-3.0,timeout
937,1.8237848281860352,-0.8369553685188293,-0.0002473164931870997,0.03300007805228233,0.03300007805228233,1.0,3.0,timeout
938,1.8237851858139038,-0.8369554877281189,-0.00024827371817082167,3.2149371691048145e-05,1.1780402019212488e-05,0.0,-3.0,timeout
939,1.8238035440444946,-0.8359208703041077,-0.0002432936744298786,0.0323372557759285,0.03233688324689865,1.0,3.0,timeout
940,1.8238029479980469,-0.8358997106552124,-0.0002487508754711598,0.0006831302889622748,0.0006615012534894049,0.0,3.0,timeout
941,1.8238168954849243,-0.8348650336265564,-0.00024395195941906422,0.03233693912625313,0.03233659267425537,1.0,-3.0,timeout
942,1.8238173723220825,-0.8348439335823059,-0.0002492906933184713,0.0006803185679018497,0.0006595447193831205,0.0,-3.0,timeout
943,1.8238366842269897,-0.8338093161582947,-0.00024439566186629236,0.03233778476715088,0.03233742341399193,1.0,-3.0,timeout
944,1.823858618736267,-0.8327535390853882,-0.0002447639126330614,0.0330001525580883,0.0330001525580883,1.0,-3.0,timeout
945,1.823883056640625,-0.8316977620124817,-0.0002453448250889778,0.03300187364220619,0.033001869916915894,1.0,-3.0,timeout
946,1.8239091634750366,-0.8306421041488647,-0.00024583310005255044,0.032999396324157715,0.032999392598867416,1.0,3.0,timeout
947,1.8239326477050781,-0.8295863270759583,-0.00024621441843919456,0.03300119563937187,0.033001191914081573,1.0,3.0,timeout
948,1.8239322900772095,-0.829565167427063,-0.00025140162324532866,0.0006809099577367306,0.0006613334408029914,0.0,3.0,timeout
949,1.8239507675170898,-0.8285305500030518,-0.00024609925458207726,0.03233737498521805,0.032336946576833725,1.0,3.0,timeout
950,1.8239670991897583,-0.8274746537208557,-0.0002461157273501158,0.033000703901052475,0.033000703901052475,1.0,-3.0,timeout
951,1.8239853382110596,-0.8264188170433044,-0.00024643546203151345,0.03299981728196144,0.03299981728196144,1.0,3.0,timeout
952,1.8240019083023071,-0.8253629207611084,-0.00024668566766195,0.03300081938505173,0.03300081938505173,1.0,-3.0,timeout
953,1.8240208625793457,-0.8243070840835571,-0.00024689556448720396,0.03300021216273308,0.03300020843744278,1.0,-3.0,timeout
954,1.8240416049957275,-0.8232513070106506,-0.000247074116487056,0.03299940004944801,0.03299940004944801,1.0,3.0,timeout
955,1.8240598440170288,-0.8221954107284546,-0.0002472071209922433,0.03300167992711067,0.03300167992711067,1.0,3.0,timeout
956,1.8240762948989868,-0.8211395740509033,-0.00024730307632125914,0.03299890086054802,0.03299890086054802,1.0,-3.0,timeout
957,1.824094533920288,-0.820083737373352,-0.0002473997010383755,0.03299981728196144,0.03299981728196144,1.0,3.0,timeout
958,1.8240939378738403,-0.820062518119812,-0.00025234956410713494,0.0006811590283177793,0.0006633632001467049,0.0,3.0,timeout
959,1.8240938186645508,-0.8200624585151672,-0.0002517359971534461,1.9621116734924726e-05,4.165000973443966e-06,0.0,0.0,timeout
960,1.8241078853607178,-0.8190277814865112,-0.00024606133229099214,0.03233712911605835,0.03233664482831955,1.0,-3.0,timeout
961,1.8241239786148071,-0.81797194480896,-0.00024609186220914125,0.03299872577190399,0.03299872577190399,1.0,3.0,timeout
962,1.8241376876831055,-0.8169160485267639,-0.00024640621268190444,0.032999541610479355,0.032999537885189056,1.0,3.0,timeout
963,1.8241487741470337,-0.8158600926399231,-0.00024667195975780487,0.033000439405441284,0.033000439405441284,1.0,3.0,timeout
964,1.8241479396820068,-0.8158388733863831,-0.00025176748749800026,0.0006824511801823974,0.0006636141915805638,0.0,3.0,timeout
965,1.8241550922393799,-0.8148041367530823,-0.0002463812124915421,0.032336730509996414,0.032336290925741196,1.0,-3.0,timeout
966,1.8241546154022217,-0.8147829174995422,-0.00025124484091065824,0.000680460303556174,0.0006632690201513469,0.0,3.0,timeout
967,1.8241620063781738,-0.8137481808662415,-0.0002459488750901073,0.0323367677628994,0.032336343079805374,1.0,-3.0,timeout
968,1.824172019958496,-0.8126921653747559,-0.00024600548204034567,0.033001966774463654,0.033001966774463654,1.0,-3.0,timeout
969,1.8241842985153198,-0.8116361498832703,-0.00024634244618937373,0.033002715557813644,0.033002711832523346,1.0,0.0,timeout
970,1.8241959810256958,-0.8105802536010742,-0.0002466267324052751,0.03299877792596817,0.03299877792596817,1.0,3.0,timeout
971,1.824205994606018,-0.8095242977142334,-0.0002468392485752702,0.03300010412931442,0.03300010412931442,1.0,-3.0,timeout
972,1.824217677116394,-0.8084683418273926,-0.00024702868540771306,0.0330006405711174,0.0330006405711174,1.0,3.0,timeout
973,1.8242275714874268,-0.8074123859405518,-0.000247160904109478,0.03300006687641144,0.03300006687641144,1.0,-3.0,timeout
974,1.8242391347885132,-0.8063564896583557,-0.0002472859632689506,0.03299873694777489,0.03299873694777489,1.0,3.0,timeout
975,1.824249029159546,-0.8053005337715149,-0.00024736663908697665,0.03300006687641144,0.03300006687641144,1.0,-3.0,timeout
976,1.8242605924606323,-0.8042445778846741,-0.0002474504872225225,0.03300059959292412,0.03300059959292412,1.0,3.0,timeout
977,1.824270486831665,-0.8031886219978333,-0.0002474981884006411,0.03300006687641144,0.03300006687641144,1.0,-3.0,timeout
978,1.8242709636688232,-0.803167462348938,-0.0002524261944927275,0.0006790987681597471,0.0006614068406634033,0.0,-3.0,timeout
979,1.824271321296692,-0.803167462348938,-0.00025180343072861433,2.2442034605774097e-05,1.117586998589104e-05,0.0,-3.0,timeout
980,1.8242876529693604,-0.8021328449249268,-0.0002461311814840883,0.03233630955219269,0.03233582153916359,1.0,3.0,timeout
981,1.8243019580841064,-0.8010768890380859,-0.0002461271360516548,0.033001646399497986,0.033001646399497986,1.0,-3.0,timeout
982,1.8243186473846436,-0.8000210523605347,-0.0002464334829710424,0.03299901634454727,0.03299901634454727,1.0,-3.0,timeout
983,1.824318528175354,-0.7999998927116394,-0.00025158619973808527,0.000680572644341737,0.0006612495053559542,0.0,3.0,timeout
984,1.8243345022201538,-0.7989652156829834,-0.0002462472766637802,0.032337937504053116,0.03233750909566879,1.0,3.0,timeout
985,1.8243483304977417,-0.7979092597961426,-0.0002462341799400747,0.03300144895911217,0.03300144895911217,1.0,-3.0,timeout
986,1.8243647813796997,-0.7968533635139465,-0.00024651989224366844,0.03300076350569725,0.03300076350569725,1.0,-3.0,timeout
987,1.8243834972381592,-0.7957975268363953,-0.0002467629383318126,0.03300007805228233,0.03300007805228233,1.0,-3.0,timeout
988,1.8244043588638306,-0.7947416305541992,-0.00024696291075088084,0.033003196120262146,0.033003196120262146,1.0,0.0,timeout
989,1.8244043588638306,-0.7947205305099487,-0.00025200581876561046,0.0006779468967579305,0.0006593763246200979,0.0,3.0,timeout
990,1.8244229555130005,-0.7936859130859375,-0.000246572308242321,0.03233746066689491,0.0323370136320591,1.0,-3.0,timeout
991,1.8244441747665405,-0.7926300764083862,-0.0002465050492901355,0.03300156071782112,0.03300155699253082,1.0,-3.0,timeout
992,1.8244677782058716,-0.7915743589401245,-0.0002467373269610107,0.03299941122531891,0.03299941122531891,1.0,-3.0,timeout
993,1.824493646621704,-0.7905186414718628,-0.00024693712475709617,0.03300107270479202,0.03300107270479202,1.0,-3.0,timeout
994,1.8245218992233276,-0.7894629836082458,-0.00024709769058972597,0.033001117408275604,0.033001117408275604,1.0,-3.0,timeout
995,1.8245518207550049,-0.7884074449539185,-0.0002472354390192777,0.03299883008003235,0.03299883008003235,1.0,3.0,timeout
996,1.8245797157287598,-0.7873517870903015,-0.0002473265049047768,0.033000823110342026,0.033000823110342026,1.0,-3.0,timeout
997,1.8246101140975952,-0.7862961888313293,-0.0002474085194990039,0.033001117408275604,0.033001117408275604,1.0,-3.0,timeout
998,1.8246420621871948,-0.7852407097816467,-0.0002474841021467,0.03299882262945175,0.03299882262945175,1.0,3.0,timeout
999,1.8246713876724243,-0.7841851115226746,-0.00024753468460403383,0.03300017490983009,0.033000171184539795,1.0,3.0,timeout
1000,1.8246989250183105,-0.7831294536590576,-0.00024756512721069157,0.03300052881240845,0.03300052881240845,1.0,-3.0,timeout
1001,1.8246995210647583,-0.7831082940101624,-0.0002524797455407679,0.0006790959741920233,0.0006615012534894049,0.0,-3.0,timeout
1002,1.8247311115264893,-0.782073974609375,-0.000246973242610693,0.032338012009859085,0.032337550073862076,1.0,3.0,timeout
1003,1.82476007938385,-0.7810183763504028,-0.00024682533694431186,0.03299986198544502,0.03299986198544502,1.0,3.0,timeout
1004,1.8247594833374023,-0.7809972167015076,-0.00025187540450133383,0.0006800657138228416,0.0006615012534894049,0.0,3.0,timeout
1005,1.8247835636138916,-0.7799626588821411,-0.00024647772079333663,0.032339125871658325,0.03233868628740311,1.0,3.0,timeout
1006,1.8248049020767212,-0.7789068818092346,-0.0002464287099428475,0.03299976885318756,0.03299976885318756,1.0,3.0,timeout
1007,1.8248238563537598,-0.7778509855270386,-0.0002466761798132211,0.03300207480788231,0.03300207108259201,1.0,3.0,timeout
1008,1.8248227834701538,-0.7778297662734985,-0.00025177031056955457,0.0006827663164585829,0.0006639487110078335,0.0,3.0,timeout
1009,1.8248225450515747,-0.7778298258781433,-0.0002512676583137363,1.7484799172962084e-05,7.679882401134819e-06,0.0,-3.0,timeout
1010,1.8248218297958374,-0.7778298258781433,-0.0002505860757082701,3.087502409471199e-05,2.235173997178208e-05,0.0,3.0,timeout
1011,1.8248369693756104,-0.7767951488494873,-0.0002451215696055442,0.03233756497502327,0.032337114214897156,1.0,-3.0,timeout
1012,1.8248541355133057,-0.7757392525672913,-0.0002453394408803433,0.033001117408275604,0.033001117408275604,1.0,3.0,timeout
1013,1.8248542547225952,-0.775718092918396,-0.00025067603564821184,0.000681955018080771,0.0006612495053559542,0.0,-3.0,timeout
1014,1.8248722553253174,-0.7746834754943848,-0.00024551746901124716,0.03233708441257477,0.03233668580651283,1.0,-3.0,timeout
1015,1.824892282485962,-0.7736276388168335,-0.00024567186483182013,0.033000826835632324,0.033000826835632324,1.0,3.0,timeout
1016,1.824910283088684,-0.7725716829299927,-0.00024606604711152613,0.033003415912389755,0.033003415912389755,1.0,0.0,timeout
1017,1.8249281644821167,-0.7715157866477966,-0.0002464002463966608,0.03300148993730545,0.03300148993730545,1.0,0.0,timeout
1018,1.8249458074569702,-0.7704598903656006,-0.0002466737059876323,0.0330013632774353,0.0330013632774353,1.0,3.0,timeout
1019,1.8249452114105225,-0.7704387307167053,-0.0002517690882086754,0.000680395751260221,0.0006615012534894049,0.0,3.0,timeout
1020,1.8249586820602417,-0.7694040536880493,-0.00024638252216391265,0.03233683109283447,0.03233639523386955,1.0,-3.0,timeout
1021,1.8249748945236206,-0.7683481574058533,-0.0002463528362568468,0.033000648021698,0.033000648021698,1.0,-3.0,timeout
1022,1.8249751329421997,-0.7683478593826294,-0.0002515987725928426,0.00016436877194792032,1.1926747902180068e-05,0.0,0.0,timeout
1023,1.8249938488006592,-0.7673132419586182,-0.00024615952861495316,0.032337531447410583,0.03233708441257477,1.0,-3.0,timeout
1024,1.8250144720077515,-0.7662574648857117,-0.0002461808908265084,0.032999325543642044,0.032999325543642044,1.0,3.0,timeout
1025,1.8250325918197632,-0.7652016282081604,-0.00024647777900099754,0.03299975395202637,0.03299975022673607,1.0,3.0,timeout
1026,1.8250489234924316,-0.7641457915306091,-0.0002467190788593143,0.032998841255903244,0.032998841255903244,1.0,-3.0,timeout
1027,1.8250669240951538,-0.7630898952484131,-0.0002469325845595449,0.033001553267240524,0.033001553267240524,1.0,3.0,timeout
1028,1.8250832557678223,-0.7620340585708618,-0.0002470840117894113,0.032998841255903244,0.032998841255903244,1.0,-3.0,timeout
1029,1.825101375579834,-0.7609782218933105,-0.00024722449597902596,0.03299975022673607,0.03299975022673607,1.0,3.0,timeout
1030,1.8251008987426758,-0.7609570026397705,-0.0002522094873711467,0.0006813175277784467,0.0006632690201513469,0.0,3.0,timeout
1031,1.8251140117645264,-0.7599223256111145,-0.0002467458543833345,0.032336704432964325,0.03233625367283821,1.0,3.0,timeout
1032,1.8251243829727173,-0.7588663697242737,-0.0002466430014465004,0.03300020843744278,0.03300020843744278,1.0,3.0,timeout
1033,1.8251323699951172,-0.7578103542327881,-0.0002468475140631199,0.03300142660737038,0.03300142660737038,1.0,3.0,timeout
1034,1.8251386880874634,-0.7567543983459473,-0.0002470145118422806,0.03299921005964279,0.03299921005964279,1.0,-3.0,timeout
1035,1.8251467943191528,-0.7556984424591064,-0.0002471690240781754,0.032999590039253235,0.032999590039253235,1.0,3.0,timeout
1036,1.8251526355743408,-0.7546424269676208,-0.0002472833439242095,0.03300098702311516,0.03300098702311516,1.0,3.0,timeout
1037,1.8251559734344482,-0.7535864114761353,-0.00024737443891353905,0.033000648021698,0.033000648021698,1.0,3.0,timeout
1038,1.8251557350158691,-0.75356525182724,-0.00025231754989363253,0.0006790833431296051,0.0006612809374928474,0.0,-3.0,timeout
1039,1.8251593112945557,-0.7525305151939392,-0.00024684338131919503,0.03233616054058075,0.032335709780454636,1.0,3.0,timeout
1040,1.825160264968872,-0.7514744997024536,-0.00024672181461937726,0.03300049528479576,0.03300049528479576,1.0,3.0,timeout
1041,1.8251596689224243,-0.750418484210968,-0.00024689993006177247,0.033000487834215164,0.033000487834215164,1.0,-3.0,timeout
1042,1.8251595497131348,-0.7503973245620728,-0.0002519467961974442,0.0006797975511290133,0.0006612495053559542,0.0,-3.0,timeout
1043,1.8251595497131348,-0.7503973245620728,-0.00025141952210105956,1.647731551202014e-05,0.0,0.0,-3.0,timeout
1044,1.8251664638519287,-0.749362587928772,-0.0002458125236444175,0.03233671560883522,0.03233623877167702,1.0,-3.0,timeout
1045,1.8251755237579346,-0.7483066320419312,-0.0002458931121509522,0.03299983590841293,0.03299983590841293,1.0,3.0,timeout
1046,1.8251819610595703,-0.7472506165504456,-0.0002462473639752716,0.03300109878182411,0.033001095056533813,1.0,3.0,timeout
1047,1.8251867294311523,-0.74619460105896,-0.0002465347060933709,0.03300081938505173,0.03300081938505173,1.0,-3.0,timeout
1048,1.8251867294311523,-0.7461943030357361,-0.00025175834889523685,0.00016350428631994873,9.313225746154785e-06,0.0,0.0,timeout
1049,1.8251869678497314,-0.7461943030357361,-0.0002511722268536687,1.9773680833168328e-05,7.450580142176477e-06,0.0,-3.0,timeout
1050,1.8251866102218628,-0.7461943626403809,-0.00025050572003237903,2.3710528694209643e-05,1.1330027518852148e-05,0.0,3.0,timeout
1051,1.825194001197815,-0.7451596260070801,-0.00024505722103640437,0.03233679011464119,0.032336343079805374,1.0,-3.0,timeout
1052,1.8252036571502686,-0.7441035509109497,-0.0002452826302032918,0.033003728836774826,0.03300372511148453,1.0,0.0,timeout
1053,1.8252038955688477,-0.7441032528877258,-0.00025073837605305016,0.00017090870824176818,1.1926747902180068e-05,0.0,0.0,timeout
1054,1.8252131938934326,-0.7430685758590698,-0.00024548187502659857,0.03233537822961807,0.032334960997104645,1.0,3.0,timeout
1055,1.8252201080322266,-0.7420125007629395,-0.0002456229995004833,0.033003054559230804,0.033003054559230804,1.0,0.0,timeout
1056,1.8252203464508057,-0.741991400718689,-0.0002509080804884434,0.0006797868409194052,0.0006594184087589383,0.0,-3.0,timeout
1057,1.8252205848693848,-0.741991400718689,-0.00025058811297640204,1.2469596185837872e-05,7.450580142176477e-06,0.0,-3.0,timeout
1058,1.8252208232879639,-0.7419914603233337,-0.00025003234623000026,1.8989943782798946e-05,7.679882401134819e-06,0.0,-3.0,timeout
1059,1.825221061706543,-0.7419914603233337,-0.0002495732042007148,1.6167301509995013e-05,7.450580142176477e-06,0.0,-3.0,timeout
1060,1.82523775100708,-0.7409568428993225,-0.0002443199628032744,0.03233641758561134,0.03233599662780762,1.0,-3.0,timeout
1061,1.82525634765625,-0.7399010062217712,-0.00024469863274134696,0.03300001472234726,0.03300001472234726,1.0,3.0,timeout
1062,1.825272560119629,-0.7388451099395752,-0.00024529200163669884,0.033000651746988297,0.033000648021698,1.0,3.0,timeout
1063,1.8252726793289185,-0.7388239502906799,-0.0002506523160263896,0.0006821366841904819,0.0006612495053559542,0.0,-3.0,timeout
1064,1.8252888917922974,-0.7377892732620239,-0.00024551089154556394,0.03233802318572998,0.032337624579668045,1.0,3.0,timeout
1065,1.8253024816513062,-0.7367333173751831,-0.0002456560614518821,0.03300135210156441,0.03300135210156441,1.0,3.0,timeout
1066,1.8253135681152344,-0.7356773614883423,-0.0002460583345964551,0.03300044313073158,0.033000439405441284,1.0,3.0,timeout
1067,1.8253231048583984,-0.7346214056015015,-0.00024638339527882636,0.03299996629357338,0.03299996629357338,1.0,-3.0,timeout
1068,1.825335144996643,-0.7335654497146606,-0.0002466535079292953,0.03300076723098755,0.03300076350569725,1.0,-3.0,timeout
1069,1.8253494501113892,-0.7325094938278198,-0.0002468753373250365,0.033001646399497986,0.033001646399497986,1.0,0.0,timeout
1070,1.825364112854004,-0.7314535975456238,-0.0002470436738803983,0.03299993649125099,0.03299993649125099,1.0,-3.0,timeout
1071,1.8253804445266724,-0.7303977012634277,-0.00024719242355786264,0.033000703901052475,0.033000703901052475,1.0,3.0,timeout
1072,1.8253943920135498,-0.7293418049812317,-0.0002473017666488886,0.032999634742736816,0.032999634742736816,1.0,3.0,timeout
1073,1.825393795967102,-0.7293206453323364,-0.00025227086734957993,0.0006794830551370978,0.0006615012534894049,0.0,3.0,timeout
1074,1.8254027366638184,-0.7282859086990356,-0.00024679506896063685,0.03233717754483223,0.032336726784706116,1.0,3.0,timeout
1075,1.825402021408081,-0.7282646894454956,-0.00025156480842269957,0.0006800151313655078,0.0006634782184846699,0.0,3.0,timeout
1076,1.8254058361053467,-0.7272299528121948,-0.0002462155243847519,0.032336167991161346,0.032335735857486725,1.0,3.0,timeout
1077,1.8254073858261108,-0.7261738181114197,-0.0002462129050400108,0.033004242926836014,0.033004242926836014,1.0,0.0,timeout
1078,1.825406551361084,-0.7261526584625244,-0.00025139140780083835,0.0006812528008595109,0.0006617530016228557,0.0,3.0,timeout
1079,1.8254053592681885,-0.7251178622245789,-0.0002460910764057189,0.03233782947063446,0.03233740106225014,1.0,3.0,timeout
1080,1.8254045248031616,-0.7250967025756836,-0.0002510020276531577,0.0006793152424506843,0.0006617530016228557,0.0,3.0,timeout
1081,1.8254038095474243,-0.7250967025756836,-0.0002506489690858871,2.4926475816755556e-05,2.235173997178208e-05,0.0,3.0,timeout
1082,1.8254034519195557,-0.7250966429710388,-0.00025007533258758485,2.120650970027782e-05,1.1330027518852148e-05,0.0,0.0,timeout
1083,1.8254035711288452,-0.7250966429710388,-0.0002496029483154416,1.5224803973978851e-05,3.7252900710882386e-06,0.0,-3.0,timeout
1084,1.8253982067108154,-0.724061906337738,-0.00024434339138679206,0.03233636915683746,0.032335951924324036,1.0,-3.0,timeout
1085,1.8253957033157349,-0.7230058908462524,-0.0002447070146445185,0.03300057724118233,0.03300057724118233,1.0,-3.0,timeout
1086,1.825395941734314,-0.7230055928230286,-0.00025028243544511497,0.00017463963013142347,1.1926747902180068e-05,0.0,0.0,timeout
1087,1.8253958225250244,-0.721970796585083,-0.00024510634830221534,0.03233778476715088,0.032337382435798645,1.0,-3.0,timeout
1088,1.825398325920105,-0.7209147810935974,-0.0002453286724630743,0.03300057724118233,0.03300057724118233,1.0,-3.0,timeout
1089,1.8254026174545288,-0.7198588252067566,-0.00024580606259405613,0.03299889713525772,0.03299889340996742,1.0,3.0,timeout
1090,1.8254050016403198,-0.718802809715271,-0.000246182520641014,0.03300056979060173,0.03300056606531143,1.0,-3.0,timeout
1091,1.8254097700119019,-0.7177467942237854,-0.0002464934659656137,0.03300081938505173,0.03300081938505173,1.0,-3.0,timeout
1092,1.8254165649414062,-0.716690719127655,-0.0002467474259901792,0.033003028482198715,0.033003028482198715,1.0,0.0,timeout
1093,1.8254235982894897,-0.7156347632408142,-0.0002469416649546474,0.03299935162067413,0.03299935162067413,1.0,-3.0,timeout
1094,1.8254324197769165,-0.7145788073539734,-0.0002471106708981097,0.03299977257847786,0.03299976885318756,1.0,3.0,timeout
1095,1.825432300567627,-0.7145577073097229,-0.0002521182468626648,0.0006777013768441975,0.0006593868602067232,0.0,3.0,timeout
1096,1.8254365921020508,-0.7135229110717773,-0.0002466620353516191,0.032338108867406845,0.03233765810728073,1.0,-3.0,timeout
1097,1.8254432678222656,-0.7124668955802917,-0.0002465814759489149,0.033001139760017395,0.033001139760017395,1.0,0.0,timeout
1098,1.8254495859146118,-0.7114108800888062,-0.0002468039165250957,0.03300107643008232,0.03300107270479202,1.0,3.0,timeout
1099,1.825453281402588,-0.7103549242019653,-0.0002469900355208665,0.03299881890416145,0.03299881890416145,1.0,3.0,timeout
1100,1.8254551887512207,-0.7092989087104797,-0.0002471294137649238,0.033000536262989044,0.033000536262989044,1.0,-3.0,timeout
1101,1.8254549503326416,-0.7092778086662292,-0.00025214292691089213,0.0006777749513275921,0.0006594184087589383,0.0,3.0,timeout
1102,1.825456142425537,-0.7082430124282837,-0.0002466929145157337,0.03233785182237625,0.03233740106225014,1.0,3.0,timeout
1103,1.8254562616348267,-0.7082218527793884,-0.00025147185078822076,0.0006779039977118373,0.0006612495053559542,0.0,-3.0,timeout
1104,1.8254575729370117,-0.7071660161018372,-0.0002460489922668785,0.03299535810947418,0.032994918525218964,1.0,0.0,timeout
1105,1.8254586458206177,-0.7061100006103516,-0.0002461842668708414,0.03300049901008606,0.03300049901008606,1.0,3.0,timeout
1106,1.825457215309143,-0.7050540447235107,-0.0002464849385432899,0.03299865126609802,0.032998647540807724,1.0,3.0,timeout
1107,1.8254534006118774,-0.7039980292320251,-0.0002467353187967092,0.033000700175762177,0.03300069645047188,1.0,3.0,timeout
1108,1.8254472017288208,-0.7029420137405396,-0.0002469361643306911,0.03300105035305023,0.03300105035305023,1.0,3.0,timeout
1109,1.8254393339157104,-0.7018860578536987,-0.0002470861072652042,0.032999537885189056,0.03299953415989876,1.0,-3.0,timeout
1110,1.8254340887069702,-0.7008301019668579,-0.0002472154446877539,0.03299902752041817,0.03299902752041817,1.0,-3.0,timeout
1111,1.8254306316375732,-0.6997740864753723,-0.000247330084675923,0.03300065919756889,0.03300065919756889,1.0,3.0,timeout
1112,1.8254247903823853,-0.6987181305885315,-0.00024741204106248915,0.03299912065267563,0.03299912065267563,1.0,3.0,timeout
1113,1.825416922569275,-0.6976620554924011,-0.00024747190764173865,0.03300326317548752,0.03300326317548752,1.0,0.0,timeout
1114,1.8254162073135376,-0.6976408958435059,-0.00025241251569241285,0.0006793924258090556,0.0006616166792809963,0.0,3.0,timeout
1115,1.8254063129425049,-0.6966061592102051,-0.00024689757265150547,0.032337456941604614,0.032336995005607605,1.0,-3.0,timeout
1116,1.8254063129425049,-0.6966058611869812,-0.000251748482696712,0.0001518767385277897,9.313225746154785e-06,0.0,0.0,timeout
1117,1.8253984451293945,-0.6955711245536804,-0.00024627643870189786,0.03233690559864044,0.03233645483851433,1.0,3.0,timeout
1118,1.8253878355026245,-0.6945152282714844,-0.0002462629054207355,0.032998424023389816,0.032998424023389816,1.0,3.0,timeout
1119,1.8253878355026245,-0.6944940686225891,-0.00025141413789242506,0.0006805515149608254,0.0006612389697693288,0.0,-3.0,timeout
1120,1.8253871202468872,-0.6944940686225891,-0.000251003191806376,2.5778264898690395e-05,2.235173997178208e-05,0.0,3.0,timeout
1121,1.8253744840621948,-0.6934593915939331,-0.00024548120563849807,0.03233652561903,0.03233606740832329,1.0,3.0,timeout
1122,1.825373649597168,-0.6934381723403931,-0.00025049992837011814,0.0006818951806053519,0.0006636141915805638,0.0,3.0,timeout
1123,1.825355887413025,-0.6924035549163818,-0.00024536275304853916,0.03233695402741432,0.032336555421352386,1.0,3.0,timeout
1124,1.8253355026245117,-0.6913477182388306,-0.0002455363573972136,0.033001042902469635,0.033001042902469635,1.0,3.0,timeout
1125,1.8253344297409058,-0.6913265585899353,-0.0002508451580069959,0.0006825568852946162,0.0006620884523727,0.0,3.0,timeout
1126,1.8253099918365479,-0.6902920007705688,-0.000245642353547737,0.03233935683965683,0.032338947057724,1.0,-3.0,timeout
1127,1.8252875804901123,-0.6892362236976624,-0.00024577148724347353,0.03300046548247337,0.03300046548247337,1.0,3.0,timeout
1128,1.8252629041671753,-0.6881805062294006,-0.00024615100119262934,0.03300018236041069,0.03300018236041069,1.0,3.0,timeout
1129,1.825236439704895,-0.6871248483657837,-0.00024645758094266057,0.0329996719956398,0.0329996719956398,1.0,-3.0,timeout
1130,1.8252365589141846,-0.6871036887168884,-0.0002515941159799695,0.0006804531440138817,0.0006612495053559542,0.0,-3.0,timeout
1131,1.825215220451355,-0.6860690712928772,-0.00024625315563753247,0.032339099794626236,0.032338667660951614,1.0,-3.0,timeout
1132,1.8252149820327759,-0.6860479116439819,-0.0002511429484002292,0.0006787062739022076,0.0006612809374928474,0.0,3.0,timeout
1133,1.8252153396606445,-0.6860479116439819,-0.0002507519966457039,1.6557809431105852e-05,1.117586998589104e-05,0.0,-3.0,timeout
1134,1.8251957893371582,-0.6850132942199707,-0.0002452888002153486,0.032338015735149384,0.03233756124973297,1.0,3.0,timeout
1135,1.825195550918579,-0.6850129961967468,-0.000250437471549958,0.00016133741883095354,1.1926747902180068e-05,0.0,0.0,timeout
1136,1.8251957893371582,-0.6850129961967468,-0.0002500998671166599,1.2915748811792582e-05,7.450580142176477e-06,0.0,-3.0,timeout
1137,1.8251956701278687,-0.685012936592102,-0.0002496418892405927,1.4905539501341991e-05,4.165000973443966e-06,0.0,0.0,timeout
1138,1.8251760005950928,-0.6839573383331299,-0.00024427982862107456,0.03299359604716301,0.032993171364068985,1.0,0.0,timeout
1139,1.8251559734344482,-0.6829015016555786,-0.0002447545120958239,0.03300083056092262,0.033000826835632324,1.0,3.0,timeout
1140,1.8251553773880005,-0.6828803420066833,-0.0002502236166037619,0.0006832232465967536,0.0006615012534894049,0.0,3.0,timeout
1141,1.8251547813415527,-0.6828804016113281,-0.0002500403206795454,1.957610948011279e-05,1.8719350919127464e-05,0.0,3.0,timeout
1142,1.8251277208328247,-0.6818459630012512,-0.0002447102451696992,0.032337695360183716,0.032337263226509094,1.0,3.0,timeout
1143,1.8251278400421143,-0.6818248629570007,-0.0002498723042663187,0.0006788323516957462,0.0006593868602067232,0.0,-3.0,timeout
1144,1.8251008987426758,-0.6807693243026733,-0.00024476833641529083,0.032996710389852524,0.032996322959661484,1.0,0.0,timeout
1145,1.8250737190246582,-0.6797136664390564,-0.00024516016128472984,0.033000241965055466,0.03300023823976517,1.0,3.0,timeout
1146,1.82504403591156,-0.678658127784729,-0.0002456660440657288,0.03299862518906593,0.032998621463775635,1.0,3.0,timeout
1147,1.8250120878219604,-0.6776025891304016,-0.0002460805408190936,0.03300068899989128,0.03300068527460098,1.0,3.0,timeout
1148,1.8250118494033813,-0.6775814294815063,-0.0002512832870706916,0.0006809748010709882,0.0006612809374928474,0.0,-3.0,timeout
1149,1.8249800205230713,-0.676547110080719,-0.000246015697484836,0.03233819827437401,0.03233778104186058,1.0,3.0,timeout
1150,1.8249456882476807,-0.6754916906356812,-0.0002460600226186216,0.03299930319190025,0.03299930319190025,1.0,3.0,timeout
1151,1.8249096870422363,-0.6744362711906433,-0.0002463707060087472,0.03300103917717934,0.03300103917717934,1.0,-3.0,timeout
1152,1.8248761892318726,-0.6733807921409607,-0.0002466425357852131,0.03300032764673233,0.03300032764673233,1.0,-3.0,timeout
1153,1.8248447179794312,-0.6723252534866333,-0.00024687190307304263,0.03300023823976517,0.03300023823976517,1.0,3.0,timeout
1154,1.8248106241226196,-0.6712698340415955,-0.00024704565294086933,0.03299906104803085,0.03299906104803085,1.0,3.0,timeout
1155,1.824774980545044,-0.6702144145965576,-0.0002471738262102008,0.03300065919756889,0.03300065919756889,1.0,-3.0,timeout
1156,1.8247411251068115,-0.669158935546875,-0.000247296440647915,0.033000681549310684,0.033000681549310684,1.0,3.0,timeout
1157,1.8247054815292358,-0.6681035757064819,-0.0002473748754709959,0.03299879655241966,0.03299879655241966,1.0,-3.0,timeout
1158,1.824671745300293,-0.6670480966567993,-0.00024745718110352755,0.03300056234002113,0.03300056234002113,1.0,3.0,timeout
1159,1.8246362209320068,-0.6659926772117615,-0.00024750345619395375,0.033000532537698746,0.033000532537698746,1.0,-3.0,timeout
1160,1.824602484703064,-0.6649371981620789,-0.00024755997583270073,0.03300056234002113,0.03300056234002113,1.0,3.0,timeout
1161,1.8246028423309326,-0.6649160981178284,-0.0002524666488170624,0.0006770621985197067,0.0006594710284844041,0.0,-3.0,timeout
1162,1.824569582939148,-0.6638607978820801,-0.000246859563048929,0.03299497067928314,0.032994505017995834,1.0,0.0,timeout
1163,1.8245699405670166,-0.6638396382331848,-0.00025170418666675687,0.0006784410215914249,0.0006613334408029914,0.0,-3.0,timeout
1164,1.8245387077331543,-0.6628053188323975,-0.00024634203873574734,0.032337646931409836,0.032337214797735214,1.0,3.0,timeout
1165,1.8245056867599487,-0.6617498397827148,-0.0002463099081069231,0.032999858260154724,0.032999858260154724,1.0,-3.0,timeout
1166,1.8245058059692383,-0.6617286801338196,-0.0002514614607207477,0.0006805639714002609,0.0006612495053559542,0.0,-3.0,timeout
1167,1.8245054483413696,-0.6617286801338196,-0.0002510413760319352,1.7240508896065876e-05,1.117586998589104e-05,0.0,3.0,timeout
1168,1.824505090713501,-0.6617287397384644,-0.000250395416514948,2.314851008122787e-05,1.1330027518852148e-05,0.0,3.0,timeout
1169,1.8244719505310059,-0.6606944799423218,-0.00024497954291291535,0.032337650656700134,0.03233720362186432,1.0,3.0,timeout
1170,1.8244366645812988,-0.6596390604972839,-0.0002452048356644809,0.03300028666853905,0.03300028666853905,1.0,-3.0,timeout
1171,1.8244038820266724,-0.6585835218429565,-0.00024569578818045557,0.03300148993730545,0.03300148621201515,1.0,-3.0,timeout
1172,1.8243736028671265,-0.6575279235839844,-0.00024610376567579806,0.03300101310014725,0.03300100937485695,1.0,-3.0,timeout
1173,1.8243458271026611,-0.6564722657203674,-0.00024643095093779266,0.033000726252794266,0.03300072252750397,1.0,-3.0,timeout
1174,1.824346661567688,-0.6564510464668274,-0.0002515738015063107,0.0006827977485954762,0.0006636141915805638,0.0,-3.0,timeout
1175,1.8243229389190674,-0.6554165482521057,-0.000246248411713168,0.032336995005607605,0.03233656659722328,1.0,3.0,timeout
1176,1.8242963552474976,-0.6543608903884888,-0.00024624544312246144,0.03299976512789726,0.03299976512789726,1.0,3.0,timeout
1177,1.8242679834365845,-0.6533052325248718,-0.00024651928106322885,0.03300122171640396,0.03300122171640396,1.0,-3.0,timeout
1178,1.8242413997650146,-0.6522495746612549,-0.00024677213514223695,0.03299976512789726,0.03299976512789726,1.0,3.0,timeout
1179,1.8242123126983643,-0.6511939764022827,-0.00024696567561477423,0.03299996629357338,0.03299996629357338,1.0,3.0,timeout
1180,1.8242119550704956,-0.6511936187744141,-0.00025209327577613294,0.00016101507935672998,1.5805066141183488e-05,0.0,0.0,timeout
1181,1.8242113590240479,-0.6511936783790588,-0.00025144999381154776,2.7468655389384367e-05,1.8719350919127464e-05,0.0,3.0,timeout
1182,1.824177861213684,-0.650159478187561,-0.00024583423510193825,0.03233617916703224,0.03233570232987404,1.0,3.0,timeout
1183,1.8241420984268188,-0.6491040587425232,-0.00024588886299170554,0.03300078585743904,0.03300078585743904,1.0,-3.0,timeout
1184,1.8241422176361084,-0.6490828990936279,-0.0002511240600142628,0.0006811870844103396,0.0006612495053559542,0.0,-3.0,timeout
1185,1.8241417407989502,-0.6490829586982727,-0.0002507714962121099,1.8625303709995933e-05,1.501712449680781e-05,0.0,3.0,timeout
1186,1.8241420984268188,-0.6490829586982727,-0.00025016971630975604,2.1875819584238343e-05,1.117586998589104e-05,0.0,-3.0,timeout
1187,1.8241117000579834,-0.6480485796928406,-0.0002447974984534085,0.03233873471617699,0.03233829885721207,1.0,-3.0,timeout
1188,1.8240838050842285,-0.6469929218292236,-0.0002450703759677708,0.033000823110342026,0.033000823110342026,1.0,-3.0,timeout
1189,1.8240845203399658,-0.6469717621803284,-0.0002504706208128482,0.0006827999604865909,0.0006616166792809963,0.0,-3.0,timeout
1190,1.8240609169006348,-0.6459372043609619,-0.00024536505225114524,0.032338738441467285,0.03233834356069565,1.0,3.0,timeout
1191,1.8240344524383545,-0.644881546497345,-0.0002455390349496156,0.0329996719956398,0.0329996719956398,1.0,3.0,timeout
1192,1.8240056037902832,-0.643825888633728,-0.0002459645038470626,0.033001624047756195,0.033001624047756195,1.0,3.0,timeout
1193,1.8239742517471313,-0.6427703499794006,-0.0002463188429828733,0.03300013020634651,0.03300013020634651,1.0,3.0,timeout
1194,1.8239408731460571,-0.6417147517204285,-0.00024659762857481837,0.03300393000245094,0.03300393000245094,1.0,0.0,timeout
1195,1.8239078521728516,-0.6406592726707458,-0.0002468208549544215,0.032999858260154724,0.032999858260154724,1.0,-3.0,timeout
1196,1.8238774538040161,-0.6396037340164185,-0.0002470037725288421,0.03299925476312637,0.03299925476312637,1.0,-3.0,timeout
1197,1.823848843574524,-0.6385481357574463,-0.00024716072948649526,0.03299956023693085,0.03299956023693085,1.0,3.0,timeout
1198,1.8238482475280762,-0.638526976108551,-0.00025215852656401694,0.0006796885281801224,0.0006615012534894049,0.0,3.0,timeout
1199,1.823814868927002,-0.6374927163124084,-0.00024670499260537326,0.032337892800569534,0.03233744204044342,1.0,3.0,timeout
1200,1.8237786293029785,-0.6364373564720154,-0.0002466103760525584,0.0329994298517704,0.0329994298517704,1.0,3.0,timeout
1201,1.823778748512268,-0.6364161968231201,-0.0002516922540962696,0.0006800522678531706,0.0006612495053559542,0.0,-3.0,timeout
1202,1.8237782716751099,-0.6364161372184753,-0.0002512199280317873,2.1056524929008447e-05,1.501712449680781e-05,0.0,0.0,timeout
1203,1.8237783908843994,-0.6364161968231201,-0.00025053348508663476,2.1851939891348593e-05,4.165000973443966e-06,0.0,-3.0,timeout
1204,1.8237777948379517,-0.6364162564277649,-0.00024998438311740756,2.539409979362972e-05,1.8719350919127464e-05,0.0,3.0,timeout
1205,1.8237420320510864,-0.6353820562362671,-0.00024465046590194106,0.032338500022888184,0.03233807161450386,1.0,3.0,timeout
1206,1.8237422704696655,-0.6353609561920166,-0.0002498238754924387,0.0006789473700337112,0.0006594184087589383,0.0,-3.0,timeout
1207,1.823707103729248,-0.6343267560005188,-0.00024482066510245204,0.03233781084418297,0.032337434589862823,1.0,-3.0,timeout
1208,1.8237065076828003,-0.6343055963516235,-0.0002499971305951476,0.0006809931364841759,0.0006615012534894049,0.0,3.0,timeout
1209,1.823671817779541,-0.633271336555481,-0.00024495046818628907,0.032339178025722504,0.032338790595531464,1.0,-3.0,timeout
1210,1.8236395120620728,-0.6322157979011536,-0.000245207134867087,0.03300102800130844,0.03300102427601814,1.0,-3.0,timeout
1211,1.8236088752746582,-0.6311601996421814,-0.00024570911773480475,0.033001337200403214,0.033001333475112915,1.0,3.0,timeout
1212,1.82357656955719,-0.6301047205924988,-0.00024610498803667724,0.03299916908144951,0.03299916535615921,1.0,-3.0,timeout
1213,1.8235763311386108,-0.6300835609436035,-0.00025132400332950056,0.0006810963386669755,0.0006612809374928474,0.0,3.0,timeout
1214,1.8235433101654053,-0.6290493011474609,-0.0002460374089423567,0.03233750909566879,0.03233708441257477,1.0,3.0,timeout
1215,1.823507308959961,-0.6279938817024231,-0.0002460762916598469,0.03300103917717934,0.03300103917717934,1.0,3.0,timeout
1216,1.8234695196151733,-0.62693852186203,-0.00024638394825160503,0.0330011285841465,0.0330011285841465,1.0,-3.0,timeout
1217,1.8234689235687256,-0.6269173622131348,-0.00025154635659419,0.0006808889447711408,0.0006615012534894049,0.0,3.0,timeout
1218,1.8234314918518066,-0.6258832216262817,-0.00024620466865599155,0.03233848139643669,0.03233805298805237,1.0,-3.0,timeout
1219,1.82339608669281,-0.6248277425765991,-0.0002462158154230565,0.03300226852297783,0.03300226852297783,1.0,0.0,timeout
1220,1.8233603239059448,-0.6237723231315613,-0.0002465115685481578,0.03300078958272934,0.03300078585743904,1.0,3.0,timeout
1221,1.8233227729797363,-0.622717022895813,-0.0002467464073561132,0.032999005168676376,0.03299900144338608,1.0,-3.0,timeout
1222,1.8232868909835815,-0.6216616034507751,-0.00024695444153621793,0.03300091251730919,0.03300091251730919,1.0,3.0,timeout
1223,1.823249340057373,-0.6206063032150269,-0.0002471015031915158,0.03299900144338608,0.03299900144338608,1.0,-3.0,timeout
1224,1.8232141733169556,-0.619550883769989,-0.0002472282503731549,0.0330001600086689,0.0330001600086689,1.0,-3.0,timeout
1225,1.8232139348983765,-0.6195297241210938,-0.00025222229305654764,0.0006794471410103142,0.0006612809374928474,0.0,3.0,timeout
1226,1.8232145309448242,-0.6195297241210938,-0.00025162988458760083,2.6261512175551616e-05,1.862645149230957e-05,0.0,-3.0,timeout
1227,1.8232144117355347,-0.6195297837257385,-0.00025087548419833183,2.3940099708852358e-05,4.165000973443966e-06,0.0,3.0,timeout
1228,1.8231794834136963,-0.618495523929596,-0.0002453532943036407,0.03233950212597847,0.03233904391527176,1.0,-3.0,timeout
1229,1.8231468200683594,-0.6174400448799133,-0.0002455146750435233,0.03299950808286667,0.03299950808286667,1.0,-3.0,timeout
1230,1.8231468200683594,-0.6174188852310181,-0.0002508369798306376,0.0006818358087912202,0.0006612389697693288,0.0,3.0,timeout
1231,1.8231134414672852,-0.6163846254348755,-0.0002456468064337969,0.03233785182237625,0.03233744204044342,1.0,3.0,timeout
1232,1.8230770826339722,-0.6153292059898376,-0.00024576374562457204,0.03300142288208008,0.03300142288208008,1.0,3.0,timeout
1233,1.8230382204055786,-0.6142739057540894,-0.0002461441035848111,0.033000487834215164,0.033000487834215164,1.0,3.0,timeout
1234,1.8230371475219727,-0.6142528057098389,-0.00025134487077593803,0.0006799377733841538,0.0006602281937375665,0.0,3.0,timeout
1235,1.822994589805603,-0.6132188439369202,-0.00024604288046248257,0.03233908861875534,0.03233866021037102,1.0,-3.0,timeout
1236,1.8229938745498657,-0.6131976842880249,-0.00025097455363720655,0.0006793290958739817,0.0006616166792809963,0.0,3.0,timeout
1237,1.8229938745498657,-0.6131976246833801,-0.0002506219607312232,1.1174855899298564e-05,1.8626450355441193e-06,0.0,0.0,timeout
1238,1.8229515552520752,-0.6121637225151062,-0.0002451692125760019,0.032336942851543427,0.03233649581670761,1.0,-3.0,timeout
1239,1.8229107856750488,-0.6111084818840027,-0.00024537844001315534,0.033000871539115906,0.03300086781382561,1.0,3.0,timeout
1240,1.8228682279586792,-0.610053300857544,-0.00024582576588727534,0.03300121799111366,0.033001214265823364,1.0,-3.0,timeout
1241,1.8228684663772583,-0.6100530028343201,-0.0002511909697204828,0.00016808627697173506,1.1926747902180068e-05,0.0,0.0,timeout
1242,1.8228685855865479,-0.6100529432296753,-0.00025072338758036494,1.5193948456726503e-05,4.165000973443966e-06,0.0,0.0,timeout
1243,1.8228281736373901,-0.6089979410171509,-0.00024515579571016133,0.03299345448613167,0.03299299627542496,1.0,0.0,timeout
1244,1.8228288888931274,-0.6089767813682556,-0.00025032731355167925,0.0006810685154050589,0.0006616166792809963,0.0,-3.0,timeout
1245,1.8228293657302856,-0.6089767813682556,-0.0002501130511518568,1.6336369299096987e-05,1.4901160284352954e-05,0.0,-3.0,timeout
1246,1.8227941989898682,-0.6079426407814026,-0.0002447668230161071,0.032336004078388214,0.03233557194471359,1.0,-3.0,timeout
1247,1.8227607011795044,-0.60688716173172,-0.00024505675537511706,0.03300032764673233,0.03300032764673233,1.0,3.0,timeout
1248,1.822725534439087,-0.6058317422866821,-0.0002455685462336987,0.0330001637339592,0.0330001600086689,1.0,-3.0,timeout
1249,1.8227256536483765,-0.6058313846588135,-0.00025098538026213646,0.00016968547424767166,1.1780402019212488e-05,0.0,0.0,timeout
1250,1.8227258920669556,-0.6058313846588135,-0.0002505589509382844,1.5267321941792034e-05,7.450580142176477e-06,0.0,0.0,timeout
1251,1.822692632675171,-0.6047760844230652,-0.00024502421729266644,0.03299495950341225,0.032994505017995834,1.0,0.0,timeout
1252,1.8226591348648071,-0.6037206649780273,-0.0002453501510899514,0.0329984687268734,0.0329984650015831,1.0,3.0,timeout
1253,1.822623372077942,-0.6026651859283447,-0.000245811854256317,0.03300265222787857,0.03300264850258827,1.0,0.0,timeout
1254,1.822587251663208,-0.6016098856925964,-0.00024620236945338547,0.03299744427204132,0.03299744427204132,1.0,3.0,timeout
1255,1.8225876092910767,-0.6015887260437012,-0.0002513810759410262,0.0006808468024246395,0.0006613334408029914,0.0,-3.0,timeout
1256,1.8225876092910767,-0.601588785648346,-0.0002509666373953223,1.3084461897960864e-05,1.8626450355441193e-06,0.0,-3.0,timeout
1257,1.8225871324539185,-0.6015888452529907,-0.000250345648964867,2.453777597111184e-05,1.501712449680781e-05,0.0,3.0,timeout
1258,1.8225866556167603,-0.6015889048576355,-0.0002498243993613869,2.2155070837470703e-05,1.501712449680781e-05,0.0,3.0,timeout
1259,1.822586178779602,-0.6015889048576355,-0.00024940629373304546,1.9818166038021445e-05,1.4901160284352954e-05,0.0,3.0,timeout
1260,1.8225460052490234,-0.600554883480072,-0.00024418733664788306,0.03233795613050461,0.03233754634857178,1.0,3.0,timeout
1261,1.8225029706954956,-0.5994997620582581,-0.00024458151892758906,0.03299995884299278,0.032999955117702484,1.0,3.0,timeout
1262,1.8225017786026,-0.5994786024093628,-0.00025008118245750666,0.0006842237780801952,0.000662287522573024,0.0,3.0,timeout
1263,1.8224542140960693,-0.5984448790550232,-0.00024504223256371915,0.03233841434121132,0.03233803063631058,1.0,3.0,timeout
1264,1.822404384613037,-0.5973900556564331,-0.0002452703192830086,0.03299999237060547,0.03299998864531517,1.0,-3.0,timeout
1265,1.822404146194458,-0.5973688960075378,-0.00025063042994588614,0.0006821656133979559,0.0006612809374928474,0.0,-3.0,timeout
1266,1.8223598003387451,-0.5963350534439087,-0.000245481263846159,0.03233768790960312,0.032337285578250885,1.0,-3.0,timeout
1267,1.822317123413086,-0.59527987241745,-0.00024564299383200705,0.0330013670027256,0.0330013632774353,1.0,3.0,timeout
1268,1.8222719430923462,-0.5942248106002808,-0.00024604806094430387,0.03300090134143829,0.033000897616147995,1.0,3.0,timeout
1269,1.8222243785858154,-0.5931698679924011,-0.0002463856362737715,0.03300044685602188,0.03300044685602188,1.0,3.0,timeout
1270,1.8221744298934937,-0.592115044593811,-0.000246656418312341,0.033000167459249496,0.033000167459249496,1.0,3.0,timeout
1271,1.822173833847046,-0.5921147465705872,-0.0002518460969440639,0.00016350903024431318,2.082500395772513e-05,0.0,0.0,timeout
1272,1.8221226930618286,-0.5910812020301819,-0.0002463572018314153,0.032338231801986694,0.03233777731657028,1.0,-3.0,timeout
1273,1.8221217393875122,-0.5910601019859314,-0.00025122202350758016,0.0006773308850824833,0.0006600494962185621,0.0,3.0,timeout
1274,1.8221219778060913,-0.5910601019859314,-0.00025081483181566,1.4745512999070343e-05,7.450580142176477e-06,0.0,-3.0,timeout
1275,1.8220735788345337,-0.5900264382362366,-0.0002453274792060256,0.03233783692121506,0.032337382435798645,1.0,-3.0,timeout
1276,1.8220267295837402,-0.5889714956283569,-0.0002455052162986249,0.032999444752931595,0.032999444752931595,1.0,3.0,timeout
1277,1.8220274448394775,-0.5889503359794617,-0.0002508089237380773,0.000682060606777668,0.0006616166792809963,0.0,-3.0,timeout
1278,1.822027325630188,-0.5889502763748169,-0.0002505134616512805,1.0129117072210647e-05,4.165000973443966e-06,0.0,0.0,timeout
1279,1.8219801187515259,-0.5879164934158325,-0.00024509456125088036,0.03233982250094414,0.03233938291668892,1.0,3.0,timeout
1280,1.82193124294281,-0.5868616104125977,-0.0002452980843372643,0.033000458031892776,0.033000458031892776,1.0,-3.0,timeout
1281,1.821884274482727,-0.585806667804718,-0.0002457808586768806,0.032999616116285324,0.032999612390995026,1.0,3.0,timeout
1282,1.8218355178833008,-0.5847517848014832,-0.0002461621188558638,0.03300028666853905,0.03300028666853905,1.0,-3.0,timeout
1283,1.8218355178833008,-0.5847514867782593,-0.00025146055850200355,0.00016583793330937624,9.313225746154785e-06,0.0,0.0,timeout
1284,1.8217880725860596,-0.5837177038192749,-0.000246060430072248,0.0323401615023613,0.03233972191810608,1.0,3.0,timeout
1285,1.8217389583587646,-0.5826628804206848,-0.0002460811228957027,0.0329989418387413,0.0329989418387413,1.0,-3.0,timeout
1286,1.8216917514801025,-0.5816079378128052,-0.00024640755145810544,0.03299994766712189,0.03299994394183159,1.0,3.0,timeout
1287,1.8216924667358398,-0.5815867781639099,-0.00025154484319500625,0.0006808156031183898,0.0006616166792809963,0.0,-3.0,timeout
1288,1.8216464519500732,-0.5805529952049255,-0.00024621307966299355,0.032338134944438934,0.03233770281076431,1.0,-3.0,timeout
1289,1.8216465711593628,-0.5805318355560303,-0.00025109940906986594,0.0006786512676626444,0.0006612495053559542,0.0,-3.0,timeout
1290,1.8216042518615723,-0.5794978737831116,-0.0002458540548104793,0.03233877196907997,0.032338354736566544,1.0,3.0,timeout
1291,1.8216032981872559,-0.5794767141342163,-0.0002508125326130539,0.0006798054091632366,0.0006619102787226439,0.0,3.0,timeout
1292,1.8215574026107788,-0.5784429311752319,-0.00024560230667702854,0.03233794867992401,0.03233753889799118,1.0,-3.0,timeout
1293,1.8215136528015137,-0.577387809753418,-0.00024572829715907574,0.033000875264406204,0.033000875264406204,1.0,-3.0,timeout
1294,1.8214725255966187,-0.5763325691223145,-0.0002461159019730985,0.03300130367279053,0.03300130367279053,1.0,-3.0,timeout
1295,1.8214728832244873,-0.5763322114944458,-0.00025142342201434076,0.00016661133849993348,1.5805066141183488e-05,0.0,0.0,timeout
1296,1.8214330673217773,-0.5752981901168823,-0.0002460305695421994,0.032337550073862076,0.03233711048960686,1.0,3.0,timeout
1297,1.821433186531067,-0.5752978920936584,-0.00025104093947447836,0.00015689502470195293,1.0030650628323201e-05,0.0,0.0,timeout
1298,1.8213902711868286,-0.5742639899253845,-0.00024570932146161795,0.03233769163489342,0.032337259501218796,1.0,3.0,timeout
1299,1.8213458061218262,-0.5732089281082153,-0.0002457995433360338,0.03299994766712189,0.03299994766712189,1.0,-3.0,timeout
1300,1.8213038444519043,-0.5721537470817566,-0.0002461719559505582,0.03300047293305397,0.03300046920776367,1.0,-3.0,timeout
1301,1.8213040828704834,-0.5721533894538879,-0.0002514681254979223,0.00016604943084530532,1.3431724255497102e-05,0.0,0.0,timeout
1302,1.8212648630142212,-0.5711193680763245,-0.00024605568614788353,0.03233684226870537,0.03233640268445015,1.0,-3.0,timeout
1303,1.8212645053863525,-0.571098268032074,-0.0002509807818569243,0.0006771927583031356,0.0006594710284844041,0.0,3.0,timeout
1304,1.8212246894836426,-0.5700642466545105,-0.0002457477676216513,0.032337527722120285,0.03233711048960686,1.0,3.0,timeout
1305,1.8211820125579834,-0.569009006023407,-0.00024583880440331995,0.033003225922584534,0.033003225922584534,1.0,0.0,timeout
1306,1.8211390972137451,-0.567953884601593,-0.00024620964541099966,0.032999806106090546,0.032999806106090546,1.0,3.0,timeout
1307,1.8210936784744263,-0.5668988823890686,-0.00024651497369632125,0.03299935534596443,0.03299935534596443,1.0,3.0,timeout
1308,1.8210464715957642,-0.565843939781189,-0.00024674940505065024,0.03299994394183159,0.03299994394183159,1.0,-3.0,timeout
1309,1.8210463523864746,-0.5658436417579651,-0.00025193000328727067,0.00016220411635003984,1.0030650628323201e-05,0.0,0.0,timeout
1310,1.8210021257400513,-0.5648097991943359,-0.00024642504286020994,0.03233758360147476,0.03233712539076805,1.0,-3.0,timeout
1311,1.820960283279419,-0.5637546181678772,-0.00024638319155201316,0.03300032392144203,0.03300032392144203,1.0,-3.0,timeout
1312,1.8209201097488403,-0.5626994371414185,-0.0002466494042892009,0.03299829736351967,0.03299829736351967,1.0,3.0,timeout
1313,1.820878267288208,-0.5616442561149597,-0.00024685688549652696,0.03300032392144203,0.03300032392144203,1.0,-3.0,timeout
1314,1.8208379745483398,-0.5605890154838562,-0.00024704274255782366,0.03300030156970024,0.03300029784440994,1.0,3.0,timeout
1315,1.820796012878418,-0.5595338344573975,-0.00024717216729186475,0.03300046920776367,0.03300046920776367,1.0,-3.0,timeout
1316,1.8207954168319702,-0.559512734413147,-0.0002521771239116788,0.0006779281538911164,0.0006596393650397658,0.0,3.0,timeout
1317,1.820753812789917,-0.5584787726402283,-0.0002467094163876027,0.03233790025115013,0.03233744949102402,1.0,-3.0,timeout
1318,1.8207136392593384,-0.5574235320091248,-0.00024662460782565176,0.0330001562833786,0.0330001562833786,1.0,3.0,timeout
1319,1.820671796798706,-0.556368350982666,-0.00024682312505319715,0.03300032392144203,0.03300032392144203,1.0,-3.0,timeout
1320,1.820631504058838,-0.5553131103515625,-0.0002470150066073984,0.03300030156970024,0.03300029784440994,1.0,3.0,timeout
1321,1.8205888271331787,-0.5542579293251038,-0.00024715979816392064,0.0330013670027256,0.0330013632774353,1.0,3.0,timeout
1322,1.820543646812439,-0.5532029271125793,-0.0002472753403708339,0.032999034970998764,0.032999034970998764,1.0,3.0,timeout
1323,1.8204959630966187,-0.5521479845046997,-0.0002473678905516863,0.03300061449408531,0.03300061449408531,1.0,3.0,timeout
1324,1.8204466104507446,-0.5510931611061096,-0.00024743142421357334,0.03299928829073906,0.03299928829073906,1.0,-3.0,timeout
1325,1.8203998804092407,-0.5500381588935852,-0.0002474917273502797,0.033001139760017395,0.033001139760017395,1.0,-3.0,timeout
1326,1.8203548192977905,-0.5489831566810608,-0.0002475509827490896,0.03299887850880623,0.03299887478351593,1.0,3.0,timeout
1327,1.8203539848327637,-0.5489619970321655,-0.0002524706069380045,0.0006793765351176262,0.0006617530016228557,0.0,3.0,timeout
1328,1.8203045129776,-0.5479283928871155,-0.0002469546452630311,0.03233756124973297,0.03233710303902626,1.0,3.0,timeout
1329,1.820252537727356,-0.5468736290931702,-0.0002467998128850013,0.033001359552145004,0.033001359552145004,1.0,-3.0,timeout
1330,1.8202024698257446,-0.5458188056945801,-0.00024698255583643913,0.033000338822603226,0.033000338822603226,1.0,3.0,timeout
1331,1.8201498985290527,-0.5447641015052795,-0.00024713334278203547,0.03300042077898979,0.03300042077898979,1.0,3.0,timeout
1332,1.8200956583023071,-0.5437095165252686,-0.0002472439082339406,0.03299934044480324,0.03299934044480324,1.0,-3.0,timeout
1333,1.8200432062149048,-0.542654812335968,-0.0002473524655215442,0.03300023823976517,0.03300023823976517,1.0,3.0,timeout
1334,1.8200420141220093,-0.5426337122917175,-0.00025231202016584575,0.0006783698336221278,0.0006604278460144997,0.0,3.0,timeout
1335,1.8200417757034302,-0.5426336526870728,-0.0002517059037927538,2.043886524916161e-05,7.679882401134819e-06,0.0,0.0,timeout
1336,1.819983959197998,-0.5416004061698914,-0.0002460481773596257,0.03233994543552399,0.03233946114778519,1.0,3.0,timeout
1337,1.819923996925354,-0.5405461192131042,-0.0002460711111780256,0.032999709248542786,0.032999709248542786,1.0,3.0,timeout
1338,1.819861650466919,-0.5394919514656067,-0.00024638950708322227,0.03300030902028084,0.03300030529499054,1.0,3.0,timeout
1339,1.8198599815368652,-0.5394708514213562,-0.0002515412634238601,0.0006807464524172246,0.0006614357116632164,0.0,3.0,timeout
1340,1.819793701171875,-0.5384381413459778,-0.0002462112461216748,0.03233901783823967,0.03233858942985535,1.0,3.0,timeout
1341,1.819724678993225,-0.5373843908309937,-0.00024620522162877023,0.033000268042087555,0.033000268042087555,1.0,-3.0,timeout
1342,1.8196574449539185,-0.53633052110672,-0.00024650717386975884,0.03300037980079651,0.03300037980079651,1.0,3.0,timeout
1343,1.8195886611938477,-0.5352767705917358,-0.0002467428566887975,0.032999783754348755,0.032999780029058456,1.0,-3.0,timeout
1344,1.8195880651474,-0.5352556109428406,-0.0002518222900107503,0.0006802792777307332,0.0006615012534894049,0.0,-3.0,timeout
1345,1.819525122642517,-0.5342227220535278,-0.0002464355493430048,0.03233809024095535,0.03233765438199043,1.0,-3.0,timeout
1346,1.8194634914398193,-0.5331684947013855,-0.00024640621268190444,0.03300085291266441,0.03300085291266441,1.0,3.0,timeout
1347,1.8194000720977783,-0.5321143865585327,-0.0002466484147589654,0.03300044313073158,0.03300044313073158,1.0,-3.0,timeout
1348,1.8193997144699097,-0.5320932269096375,-0.0002517462708055973,0.0006802506977692246,0.0006613334408029914,0.0,-3.0,timeout
1349,1.8193994760513306,-0.5320932865142822,-0.0002512697537895292,1.6754913303884678e-05,7.679882401134819e-06,0.0,3.0,timeout
1350,1.819339632987976,-0.5310602188110352,-0.000245683389948681,0.03233795613050461,0.032337483018636703,1.0,-3.0,timeout
1351,1.8192808628082275,-0.5300058126449585,-0.0002457894734106958,0.033001333475112915,0.033001333475112915,1.0,3.0,timeout
1352,1.8192195892333984,-0.5289515852928162,-0.00024616430164314806,0.03300020471215248,0.03300020098686218,1.0,3.0,timeout
1353,1.8192204236984253,-0.5289304256439209,-0.0002513501385692507,0.0006813072832301259,0.0006617530016228557,0.0,-3.0,timeout
1354,1.8191585540771484,-0.5278973579406738,-0.00024606825900264084,0.03234162926673889,0.032341208308935165,1.0,3.0,timeout
1355,1.8190946578979492,-0.5268433094024658,-0.00024610222317278385,0.03299948200583458,0.03299948200583458,1.0,3.0,timeout
1356,1.8190289735794067,-0.5257893204689026,-0.00024640458286739886,0.03300105035305023,0.03300105035305023,1.0,-3.0,timeout
1357,1.8189659118652344,-0.5247352123260498,-0.00024666980607435107,0.03299977257847786,0.03299977257847786,1.0,-3.0,timeout
1358,1.8189047574996948,-0.5236809253692627,-0.00024689367273822427,0.0330018475651741,0.0330018475651741,1.0,3.0,timeout
1359,1.8188413381576538,-0.5226267576217651,-0.0002470577892381698,0.033002302050590515,0.033002302050590515,1.0,0.0,timeout
1360,1.8188400268554688,-0.5226056575775146,-0.0002520816051401198,0.0006790460320189595,0.0006606484530493617,0.0,3.0,timeout
1361,1.818774700164795,-0.5215729475021362,-0.0002466435544192791,0.03233713656663895,0.03233669325709343,1.0,3.0,timeout
1362,1.8187057971954346,-0.5205191969871521,-0.0002465613360982388,0.033000025898218155,0.033000025898218155,1.0,3.0,timeout
1363,1.8187053203582764,-0.5205188989639282,-0.0002517553512006998,0.00016326138575095683,1.7572157958056778e-05,0.0,0.0,timeout
1364,1.8186333179473877,-0.5194864869117737,-0.0002462949196342379,0.032341692596673965,0.03234124556183815,1.0,3.0,timeout
1365,1.8185594081878662,-0.5184330940246582,-0.0002462794363964349,0.03299945592880249,0.03299945592880249,1.0,3.0,timeout
1366,1.8184839487075806,-0.5173797607421875,-0.00024654596927575767,0.03300102427601814,0.033001020550727844,1.0,-3.0,timeout
1367,1.8184821605682373,-0.5173587203025818,-0.00025167601415887475,0.0006790782790631056,0.0006598838954232633,0.0,3.0,timeout
1368,1.8184078931808472,-0.5163265466690063,-0.00024630813277326524,0.032339248806238174,0.032338812947273254,1.0,-3.0,timeout
1369,1.8183352947235107,-0.5152730345726013,-0.00024629352265037596,0.03300033137202263,0.03300033137202263,1.0,-3.0,timeout
1370,1.8183342218399048,-0.5152519345283508,-0.00025146050029434264,0.000679686083458364,0.0006602281937375665,0.0,3.0,timeout
1371,1.8182618618011475,-0.5142196416854858,-0.00024614587891846895,0.03233873471617699,0.032338306307792664,1.0,3.0,timeout
1372,1.8181865215301514,-0.5131663084030151,-0.0002461531257722527,0.03300075605511665,0.03300075605511665,1.0,-3.0,timeout
1373,1.8181860446929932,-0.5131451487541199,-0.0002513364015612751,0.000680952041875571,0.0006614068406634033,0.0,-3.0,timeout
1374,1.8181164264678955,-0.5121126770973206,-0.00024604625650681555,0.032338425517082214,0.03233800455927849,1.0,-3.0,timeout
1375,1.8180480003356934,-0.5110589265823364,-0.00024609477259218693,0.032999057322740555,0.032999057322740555,1.0,3.0,timeout
1376,1.8180493116378784,-0.5110377073287964,-0.00025128142442554235,0.0006838522385805845,0.0006643666420131922,0.0,-3.0,timeout
1377,1.8179824352264404,-0.5100050568580627,-0.0002460013492964208,0.03233834728598595,0.03233792632818222,1.0,-3.0,timeout
1378,1.8179173469543457,-0.5089510679244995,-0.0002460487012285739,0.03299989551305771,0.03299989551305771,1.0,-3.0,timeout
1379,1.8179173469543457,-0.5089298486709595,-0.00025125357205979526,0.0006827587494626641,0.0006631016149185598,0.0,-3.0,timeout
1380,1.8178555965423584,-0.5078967809677124,-0.00024599090102128685,0.032341402024030685,0.03234098106622696,1.0,3.0,timeout
1381,1.8177919387817383,-0.5068426728248596,-0.0002460400282870978,0.0330008901655674,0.0330008901655674,1.0,3.0,timeout
1382,1.8177263736724854,-0.5057886838912964,-0.00024635501904413104,0.03300081938505173,0.03300081938505173,1.0,-3.0,timeout
1383,1.8177260160446167,-0.5057675242424011,-0.0002515116357244551,0.000680683006066829,0.0006613334408029914,0.0,-3.0,timeout
1384,1.8176639080047607,-0.5047346949577332,-0.0002468008315190673,0.032334551215171814,0.03233421593904495,1.0,3.0,timeout
1385,1.8176006078720093,-0.5036806464195251,-0.0002466650621499866,0.032998356968164444,0.032998356968164444,1.0,-3.0,timeout
1386,1.8175994157791138,-0.5036595463752747,-0.0002517564280424267,0.0006793227512389421,0.0006604278460144997,0.0,3.0,timeout
1387,1.8175991773605347,-0.5036596059799194,-0.00025126602849923074,1.714163772703614e-05,7.679882401134819e-06,0.0,3.0,timeout
1388,1.8175989389419556,-0.5036596655845642,-0.0002505744923837483,2.293456782354042e-05,7.679882401134819e-06,0.0,3.0,timeout
1389,1.8175989389419556,-0.5036596059799194,-0.00025000175810419023,1.799460733309388e-05,1.8626450355441193e-06,0.0,0.0,timeout
1390,1.817529559135437,-0.5026270747184753,-0.0002446687431074679,0.03233978897333145,0.03233936056494713,1.0,3.0,timeout
1391,1.8174582719802856,-0.5015734434127808,-0.0002449672610964626,0.03300125524401665,0.03300125524401665,1.0,3.0,timeout
1392,1.8173844814300537,-0.5005200505256653,-0.00024550664238631725,0.032999198883771896,0.0329991951584816,1.0,3.0,timeout
1393,1.8173826932907104,-0.5004989504814148,-0.00025083558284677565,0.0006823721341788769,0.0006617399048991501,0.0,3.0,timeout
1394,1.817382574081421,-0.5004990100860596,-0.0002505199227016419,1.0707623914640862e-05,4.165000973443966e-06,0.0,-3.0,timeout
1395,1.8173818588256836,-0.5004990696907043,-0.00024998802109621465,2.7916987164644524e-05,2.242921618744731e-05,0.0,3.0,timeout
1396,1.8173044919967651,-0.499467134475708,-0.00024465410388074815,0.032338906079530716,0.03233848139643669,1.0,3.0,timeout
1397,1.817224144935608,-0.49841418862342834,-0.00024494461831636727,0.033000215888023376,0.03300021216273308,1.0,-3.0,timeout
1398,1.8171457052230835,-0.49736106395721436,-0.00024549823137931526,0.033001311123371124,0.033001307398080826,1.0,3.0,timeout
1399,1.8170651197433472,-0.4963080585002899,-0.0002459411043673754,0.033002644777297974,0.033002641052007675,1.0,0.0,timeout
1400,1.8169848918914795,-0.49525511264801025,-0.00024629588006064296,0.03299993276596069,0.032999929040670395,1.0,-3.0,timeout
1401,1.8169841766357422,-0.4952339828014374,-0.0002514653606340289,0.0006801492418162525,0.0006606858805753291,0.0,-3.0,timeout
1402,1.816907286643982,-0.4942018985748291,-0.00024616086739115417,0.03234243765473366,0.03234201297163963,1.0,3.0,timeout
1403,1.816828727722168,-0.4931488037109375,-0.0002461765252519399,0.033000651746988297,0.033000651746988297,1.0,3.0,timeout
1404,1.8167484998703003,-0.49209585785865784,-0.00024646404199302197,0.03299993276596069,0.032999929040670395,1.0,-3.0,timeout
1405,1.8166700601577759,-0.49104276299476624,-0.000246728042839095,0.03300037607550621,0.03300037607550621,1.0,3.0,timeout
1406,1.8165898323059082,-0.4899898171424866,-0.0002469203027430922,0.032999929040670395,0.032999929040670395,1.0,-3.0,timeout
1407,1.8165115118026733,-0.48893672227859497,-0.0002470936451572925,0.033000100404024124,0.033000100404024124,1.0,3.0,timeout
1408,1.8164314031600952,-0.4878837764263153,-0.00024721273803152144,0.03299964964389801,0.03299964964389801,1.0,-3.0,timeout
1409,1.8163530826568604,-0.4868306815624237,-0.00024732749443501234,0.033000100404024124,0.033000100404024124,1.0,3.0,timeout
1410,1.8163514137268066,-0.4868096113204956,-0.000252292025834322,0.0006784827564842999,0.0006605072994716465,0.0,3.0,timeout
1411,1.8162692785263062,-0.4857780337333679,-0.0002468116581439972,0.032339271157979965,0.03233881667256355,1.0,3.0,timeout
1412,1.8162689208984375,-0.48577773571014404,-0.00025166923296637833,0.00015249470015987754,1.454772336728638e-05,0.0,0.0,timeout
1413,1.8161851167678833,-0.48474636673927307,-0.000246201001573354,0.03233695030212402,0.03233649954199791,1.0,-3.0,timeout
1414,1.8161026239395142,-0.48369356989860535,-0.00024620312615297735,0.03300074115395546,0.03300074115395546,1.0,-3.0,timeout
1415,1.8160227537155151,-0.4826405942440033,-0.0002464952995069325,0.03300001472234726,0.03300001472234726,1.0,-3.0,timeout
1416,1.8160216808319092,-0.4826194941997528,-0.0002516357053536922,0.0006794893415644765,0.0006602281937375665,0.0,3.0,timeout
1417,1.8159420490264893,-0.4815877676010132,-0.0002462865668348968,0.03233777731657028,0.03233734890818596,1.0,3.0,timeout
1418,1.8159435987472534,-0.4815666377544403,-0.00025114824529737234,0.0006792889907956123,0.0006620812346227467,0.0,-3.0,timeout
1419,1.8158613443374634,-0.4805348813533783,-0.00024589101667515934,0.03234510496258736,0.03234468773007393,1.0,3.0,timeout
1420,1.8157775402069092,-0.4794822037220001,-0.0002459600509610027,0.03300025314092636,0.03300025314092636,1.0,3.0,timeout
1421,1.8157755136489868,-0.479461133480072,-0.00025118395569734275,0.0006813296931795776,0.0006614836165681481,0.0,3.0,timeout
1422,1.815774917602539,-0.4794611930847168,-0.0002508081670384854,2.2097996406955644e-05,1.8719350919127464e-05,0.0,3.0,timeout
1423,1.8157743215560913,-0.4794612526893616,-0.0002502086281310767,2.6484645786695182e-05,1.8719350919127464e-05,0.0,3.0,timeout
1424,1.815773844718933,-0.47946131229400635,-0.00024971444508992136,2.1540823581744917e-05,1.501712449680781e-05,0.0,3.0,timeout
1425,1.815773606300354,-0.4794612526893616,-0.0002493132196832448,1.470337974751601e-05,7.679882401134819e-06,0.0,0.0,timeout
1426,1.8156806230545044,-0.4784306287765503,-0.00024410714104305953,0.0323382169008255,0.03233780711889267,1.0,-3.0,timeout
1427,1.8156789541244507,-0.4784095585346222,-0.00024941214360296726,0.0006809943588450551,0.0006605072994716465,0.0,3.0,timeout
1428,1.8155853748321533,-0.4773789644241333,-0.0002444921701680869,0.03233892470598221,0.03233855962753296,1.0,3.0,timeout
1429,1.815583348274231,-0.4773579239845276,-0.0002497234381735325,0.0006804849253967404,0.0006605565431527793,0.0,3.0,timeout
1430,1.8155829906463623,-0.47735795378685,-0.00024962591123767197,1.162136049970286e-05,1.1214608093723655e-05,0.0,3.0,timeout
1431,1.8154820203781128,-0.476328045129776,-0.00024437770480290055,0.03233936056494713,0.032338947057724,1.0,3.0,timeout
1432,1.815376877784729,-0.47527727484703064,-0.0002447347214911133,0.03300055116415024,0.03300054743885994,1.0,3.0,timeout
1433,1.8152700662612915,-0.4742266833782196,-0.00024531022063456476,0.03300022706389427,0.033000219613313675,1.0,-3.0,timeout
1434,1.8151650428771973,-0.47317588329315186,-0.00024580536410212517,0.03300110995769501,0.03300110623240471,1.0,3.0,timeout
1435,1.8151626586914062,-0.47315487265586853,-0.0002510754857212305,0.0006810100749135017,0.0006607961258850992,0.0,3.0,timeout
1436,1.815162181854248,-0.4731549322605133,-0.0002507221361156553,1.863984107330907e-05,1.501712449680781e-05,0.0,3.0,timeout
1437,1.815051794052124,-0.4721260070800781,-0.0002452556218486279,0.03233887627720833,0.032338425517082214,1.0,3.0,timeout
1438,1.814937710762024,-0.4710761606693268,-0.00024542646133340895,0.03300083428621292,0.03300083428621292,1.0,-3.0,timeout
1439,1.8149361610412598,-0.4710550904273987,-0.0002507546450942755,0.0006808960461057723,0.0006602235953323543,0.0,-3.0,timeout
1440,1.8149360418319702,-0.4710550308227539,-0.0002504704752936959,9.80852018983569e-06,4.165000973443966e-06,0.0,0.0,timeout
1441,1.814828872680664,-0.4700257480144501,-0.00024504901375621557,0.03233941271901131,0.03233896568417549,1.0,-3.0,timeout
1442,1.8148291110992432,-0.4700254201889038,-0.00025025656213983893,0.00016322814917657524,1.2667356713791378e-05,0.0,0.0,timeout
1443,1.8147237300872803,-0.46899598836898804,-0.0002450816973578185,0.03233826532959938,0.03233785927295685,1.0,3.0,timeout
1444,1.8147236108779907,-0.46899569034576416,-0.000250281736953184,0.00016281050920952111,1.0030650628323201e-05,0.0,0.0,timeout
1445,1.8146156072616577,-0.4679665267467499,-0.00024510195362381637,0.03233838081359863,0.0323379747569561,1.0,3.0,timeout
1446,1.8146131038665771,-0.46794554591178894,-0.00025020723114721477,0.0006793021457269788,0.0006603017682209611,0.0,3.0,timeout
1447,1.8145002126693726,-0.46691688895225525,-0.0002451285836286843,0.03233892470598221,0.03233853355050087,1.0,3.0,timeout
1448,1.8143826723098755,-0.46586742997169495,-0.0002453492779750377,0.033000651746988297,0.033000648021698,1.0,3.0,timeout
1449,1.814262866973877,-0.46481823921203613,-0.0002458130184095353,0.03300027549266815,0.03300027176737785,1.0,3.0,timeout
1450,1.8141409158706665,-0.46376919746398926,-0.00024619241594336927,0.033003322780132294,0.033003322780132294,1.0,0.0,timeout
1451,1.8141380548477173,-0.4637482762336731,-0.0002513901563361287,0.0006795705994591117,0.0006598734180442989,0.0,3.0,timeout
1452,1.81413733959198,-0.46374836564064026,-0.00025097414618358016,2.6007975975517184e-05,2.2525686290464364e-05,0.0,3.0,timeout
1453,1.8140110969543457,-0.46270012855529785,-0.0002453548077028245,0.032994579523801804,0.032994113862514496,1.0,0.0,timeout
1454,1.814009189605713,-0.4626791477203369,-0.0002504862495698035,0.000677602831274271,0.0006583547801710665,0.0,-3.0,timeout
1455,1.8138833045959473,-0.4616515338420868,-0.00024536438286304474,0.03235338628292084,0.0323529914021492,1.0,3.0,timeout
1456,1.813757300376892,-0.46060308814048767,-0.00024553012917749584,0.03299969434738159,0.03299969434738159,1.0,-3.0,timeout
1457,1.8136337995529175,-0.4595543146133423,-0.0002459566749166697,0.033000629395246506,0.03300062566995621,1.0,-3.0,timeout
1458,1.8135120868682861,-0.4585053324699402,-0.0002463226264808327,0.03300061449408531,0.03300061449408531,1.0,3.0,timeout
1459,1.8135143518447876,-0.4584842920303345,-0.0002514798252377659,0.0006806669407524168,0.0006613124278374016,0.0,-3.0,timeout
1460,1.813390851020813,-0.45745640993118286,-0.0002461684343870729,0.032352760434150696,0.03235233575105667,1.0,3.0,timeout
1461,1.8132665157318115,-0.45640772581100464,-0.0002461839758325368,0.03300091251730919,0.03300091251730919,1.0,3.0,timeout
1462,1.8131401538848877,-0.45535922050476074,-0.00024647515965625644,0.03300287947058678,0.03300287947058678,1.0,0.0,timeout
1463,1.8130134344100952,-0.4543108642101288,-0.0002467328740749508,0.03299959376454353,0.03299959376454353,1.0,3.0,timeout
1464,1.813015341758728,-0.45428988337516785,-0.0002518074761610478,0.0006771846674382687,0.0006583547801710665,0.0,-3.0,timeout
1465,1.8128913640975952,-0.45326268672943115,-0.00024704315001145005,0.03233319893479347,0.032332856208086014,1.0,3.0,timeout
1466,1.8127633333206177,-0.4522145092487335,-0.00024685909738764167,0.03299899026751518,0.03299899026751518,1.0,-3.0,timeout
1467,1.8126370906829834,-0.4511661231517792,-0.00024702894734218717,0.03299873694777489,0.03299873694777489,1.0,3.0,timeout
1468,1.8125083446502686,-0.4501180052757263,-0.0002471703046467155,0.03299986198544502,0.03299986198544502,1.0,3.0,timeout
1469,1.8123772144317627,-0.44907018542289734,-0.0002472838677931577,0.032999783754348755,0.032999783754348755,1.0,3.0,timeout
1470,1.8122444152832031,-0.4480225741863251,-0.0002473641943652183,0.03299983590841293,0.03299983590841293,1.0,-3.0,timeout
1471,1.812244176864624,-0.4480223059654236,-0.00025242147967219353,0.00015843755681999028,1.1214608093723655e-05,0.0,0.0,timeout
1472,1.8122437000274658,-0.44802239537239075,-0.0002517128305044025,2.6837742552743293e-05,1.5160831935645547e-05,0.0,3.0,timeout
1473,1.812112808227539,-0.44699591398239136,-0.0002460442192386836,0.03233776614069939,0.03233728185296059,1.0,3.0,timeout
1474,1.8119776248931885,-0.44594860076904297,-0.00024605696671642363,0.033000048249959946,0.033000048249959946,1.0,-3.0,timeout
1475,1.8118443489074707,-0.4449010491371155,-0.0002463877317495644,0.03299986571073532,0.03299986571073532,1.0,3.0,timeout
1476,1.8118414878845215,-0.4448801279067993,-0.00025154021568596363,0.0006792339845560491,0.0006598734180442989,0.0,3.0,timeout
1477,1.8118410110473633,-0.4448802173137665,-0.00025109361740760505,2.0606461475836113e-05,1.5160831935645547e-05,0.0,3.0,timeout
1478,1.811702847480774,-0.4438546299934387,-0.0002455526846460998,0.032339584082365036,0.03233911842107773,1.0,3.0,timeout
1479,1.8115605115890503,-0.44280827045440674,-0.00024566412321291864,0.032999876886606216,0.032999876886606216,1.0,-3.0,timeout
1480,1.81141996383667,-0.44176164269447327,-0.0002460736141074449,0.033000700175762177,0.03300069645047188,1.0,3.0,timeout
1481,1.8114168643951416,-0.4417407214641571,-0.00025128916604444385,0.0006807239260524511,0.000660924066323787,0.0,3.0,timeout
1482,1.811274766921997,-0.4407157003879547,-0.00024599788594059646,0.03233865648508072,0.03233823552727699,1.0,-3.0,timeout
1483,1.8111320734024048,-0.4396693706512451,-0.00024605594808235765,0.03300046548247337,0.03300046548247337,1.0,3.0,timeout
1484,1.8109877109527588,-0.43862324953079224,-0.0002463682321831584,0.033001095056533813,0.033001091331243515,1.0,-3.0,timeout
1485,1.8108457326889038,-0.4375768303871155,-0.00024664102238602936,0.033000219613313675,0.033000215888023376,1.0,-3.0,timeout
1486,1.810705542564392,-0.4365301728248596,-0.0002468705060891807,0.03300013765692711,0.03300013765692711,1.0,3.0,timeout
1487,1.8107082843780518,-0.4365091621875763,-0.00025191871100105345,0.0006806826568208635,0.0006621493375860155,0.0,-3.0,timeout
1488,1.8105711936950684,-0.4354834258556366,-0.000246509414864704,0.03233972191810608,0.032339274883270264,1.0,-3.0,timeout
1489,1.8105686902999878,-0.43546247482299805,-0.00025134810130111873,0.0006764925783500075,0.0006593770231120288,0.0,3.0,timeout
1490,1.8105683326721191,-0.4354625940322876,-0.0002515555825084448,1.3446834600472357e-05,1.1780402019212488e-05,0.0,3.0,timeout
1491,1.81056809425354,-0.43546271324157715,-0.00025079568149521947,2.516554195608478e-05,8.330001946887933e-06,0.0,3.0,timeout
1492,1.8104265928268433,-0.4344376027584076,-0.0002452874614391476,0.032338909804821014,0.032338451594114304,1.0,-3.0,timeout
1493,1.8102853298187256,-0.43339109420776367,-0.0002454620262142271,0.03299998864531517,0.03299998864531517,1.0,-3.0,timeout
1494,1.8102829456329346,-0.4333701431751251,-0.0002507952740415931,0.000679695513099432,0.0006589454133063555,0.0,3.0,timeout
1495,1.810144066810608,-0.4323446452617645,-0.00024560251040384173,0.03233975172042847,0.032339345663785934,1.0,-3.0,timeout
1496,1.8100045919418335,-0.4312978982925415,-0.0002457394730299711,0.03299994766712189,0.03299994394183159,1.0,3.0,timeout
1497,1.810004711151123,-0.43129754066467285,-0.0002510988852009177,0.0001678954140515998,1.1780402019212488e-05,0.0,0.0,timeout
1498,1.8098649978637695,-0.4302721917629242,-0.0002457696245983243,0.032338667660951614,0.03233823925256729,1.0,3.0,timeout
1499,1.8097208738327026,-0.4292260706424713,-0.0002458485832903534,0.033000074326992035,0.033000074326992035,1.0,-3.0,timeout
1500,1.809578537940979,-0.42817971110343933,-0.0002462215779814869,0.032999876886606216,0.032999876886606216,1.0,3.0,timeout
1501,1.8094336986541748,-0.4271336793899536,-0.00024652466527186334,0.033000364899635315,0.033000364899635315,1.0,3.0,timeout
1502,1.8092864751815796,-0.42608800530433655,-0.00024676747852936387,0.03299960121512413,0.03299959748983383,1.0,3.0,timeout
1503,1.809137225151062,-0.4250425100326538,-0.00024695644970051944,0.033002957701683044,0.033002957701683044,1.0,0.0,timeout
1504,1.8091340065002441,-0.4250216782093048,-0.0002520009584259242,0.0006773192435503006,0.0006587189855054021,0.0,3.0,timeout
1505,1.8089845180511475,-0.4239976704120636,-0.00024657874018885195,0.03233987092971802,0.0323394238948822,1.0,3.0,timeout
1506,1.8088306188583374,-0.4229529798030853,-0.000246499344939366,0.03299892693758011,0.03299892693758011,1.0,-3.0,timeout
1507,1.8086785078048706,-0.4219079613685608,-0.0002467423037160188,0.03300096467137337,0.03300096094608307,1.0,3.0,timeout
1508,1.8085241317749023,-0.4208633303642273,-0.00024694131570868194,0.03299925476312637,0.03299925476312637,1.0,3.0,timeout
1509,1.8083679676055908,-0.4198189377784729,-0.0002470902691129595,0.03300010412931442,0.03300010412931442,1.0,-3.0,timeout
1510,1.8082143068313599,-0.41877415776252747,-0.00024721890804357827,0.033000603318214417,0.033000603318214417,1.0,-3.0,timeout
1511,1.8080631494522095,-0.41772904992103577,-0.0002473224594723433,0.03299944847822189,0.03299944847822189,1.0,-3.0,timeout
1512,1.8080612421035767,-0.41770800948143005,-0.00025228658341802657,0.0006781902047805488,0.0006602098001167178,0.0,-3.0,timeout
1513,1.80791175365448,-0.41668328642845154,-0.0002468150341883302,0.03236199542880058,0.03236154466867447,1.0,3.0,timeout
1514,1.8077646493911743,-0.4156591594219208,-0.00024297436175402254,0.032332658767700195,0.03233243152499199,1.0,3.0,timeout
1515,1.8076130151748657,-0.41461414098739624,-0.00024360227689612657,0.03299882635474205,0.03299881890416145,1.0,-3.0,timeout
1516,1.8074637651443481,-0.41356873512268066,-0.00024441402638331056,0.033000197261571884,0.03300018981099129,1.0,-3.0,timeout
1517,1.8073164224624634,-0.4125231206417084,-0.0002450888277962804,0.032998282462358475,0.03299827501177788,1.0,3.0,timeout
1518,1.8071671724319458,-0.4114777147769928,-0.0002456095826346427,0.033000193536281586,0.03300018981099129,1.0,-3.0,timeout
1519,1.807165265083313,-0.4114566743373871,-0.0002509170153643936,0.0006807243335060775,0.0006602098001167178,0.0,-3.0,timeout
1520,1.8070178031921387,-0.41043171286582947,-0.00024571921676397324,0.032360244542360306,0.03235983848571777,1.0,3.0,timeout
1521,1.806870698928833,-0.40938600897789,-0.00024581566685810685,0.033000003546476364,0.033000003546476364,1.0,-3.0,timeout
1522,1.8067253828048706,-0.40834006667137146,-0.00024619558826088905,0.03299964591860771,0.03299964219331741,1.0,3.0,timeout
1523,1.806725263595581,-0.4083397686481476,-0.000251477409619838,0.00016536141629330814,1.0030650628323201e-05,0.0,0.0,timeout
1524,1.8065799474716187,-0.4073151648044586,-0.0002460734103806317,0.032339729368686676,0.03233928978443146,1.0,3.0,timeout
1525,1.8064295053482056,-0.40626993775367737,-0.00024610169930383563,0.03299994766712189,0.03299994394183159,1.0,3.0,timeout
1526,1.8062773942947388,-0.4052249789237976,-0.0002464039425831288,0.03299912065267563,0.03299912065267563,1.0,-3.0,timeout
1527,1.806274175643921,-0.40520408749580383,-0.0002515626256354153,0.0006799467373639345,0.0006605598027817905,0.0,3.0,timeout
1528,1.8061240911483765,-0.4041801989078522,-0.0002462281263433397,0.03233886510133743,0.03233843669295311,1.0,3.0,timeout
1529,1.8059686422348022,-0.4031356871128082,-0.00024622929049655795,0.03300049155950546,0.03300049155950546,1.0,3.0,timeout
1530,1.8058111667633057,-0.4020914137363434,-0.0002465113066136837,0.03300250694155693,0.03300250694155693,1.0,0.0,timeout
1531,1.8056541681289673,-0.4010471701622009,-0.00024675106396898627,0.032999370247125626,0.03299936652183533,1.0,-3.0,timeout
1532,1.8056509494781494,-0.40102630853652954,-0.000251841003773734,0.0006785458535887301,0.0006596393650397658,0.0,3.0,timeout
1533,1.8054959774017334,-0.4000031352043152,-0.000246450916165486,0.03233927860856056,0.03233884274959564,1.0,3.0,timeout
1534,1.805336356163025,-0.39895927906036377,-0.0002463971613906324,0.032999683171510696,0.032999683171510696,1.0,-3.0,timeout
1535,1.805179238319397,-0.3979150354862213,-0.00024665004457347095,0.0329999215900898,0.0329999215900898,1.0,-3.0,timeout
1536,1.8050237894058228,-0.39687052369117737,-0.000246877025347203,0.03300049155950546,0.03300049155950546,1.0,3.0,timeout
1537,1.8050241470336914,-0.39687055349349976,-0.00024791155010461807,3.421878136578016e-05,1.1214608093723655e-05,0.0,-3.0,timeout
1538,1.80502450466156,-0.39687058329582214,-0.0002478784881532192,1.1262100997555535e-05,1.1214608093723655e-05,0.0,-3.0,timeout
1539,1.8048735857009888,-0.39584678411483765,-0.00024297458003275096,0.032339829951524734,0.032339464873075485,1.0,3.0,timeout
1540,1.8047175407409668,-0.39480239152908325,-0.00024361237592529505,0.03299956023693085,0.03299955278635025,1.0,3.0,timeout
1541,1.8045591115951538,-0.3937583565711975,-0.00024442319408990443,0.03299960494041443,0.03299959376454353,1.0,3.0,timeout
1542,1.8043988943099976,-0.39271458983421326,-0.0002450757601764053,0.03299974650144577,0.03299973905086517,1.0,-3.0,timeout
1543,1.8042405843734741,-0.3916705250740051,-0.0002456186048220843,0.03299996256828308,0.03299995884299278,1.0,3.0,timeout
1544,1.8042371273040771,-0.39164969325065613,-0.00025092638679780066,0.0006804243312217295,0.0006598976906388998,0.0,3.0,timeout
1545,1.8040767908096313,-0.39062732458114624,-0.0002457187802065164,0.03233993798494339,0.03233952820301056,1.0,3.0,timeout
1546,1.8039109706878662,-0.38958442211151123,-0.0002458220988046378,0.03300008550286293,0.03300008550286293,1.0,3.0,timeout
1547,1.8039071559906006,-0.3895636200904846,-0.00025107403052970767,0.0006809766637161374,0.0006609031115658581,0.0,3.0,timeout
1548,1.8037405014038086,-0.3885422945022583,-0.0002458247763570398,0.0323389507830143,0.03233853727579117,1.0,-3.0,timeout
1549,1.8035727739334106,-0.38749969005584717,-0.00024591758847236633,0.03300030156970024,0.03300030156970024,1.0,3.0,timeout
1550,1.803403377532959,-0.38645732402801514,-0.0002462574921082705,0.03300127014517784,0.03300127014517784,1.0,-3.0,timeout
1551,1.8034007549285889,-0.386436402797699,-0.0002514338993933052,0.0006784712895750999,0.0006589052500203252,0.0,-3.0,timeout
1552,1.8032383918762207,-0.38541433215141296,-0.00024613592540845275,0.032340627163648605,0.03234020248055458,1.0,3.0,timeout
1553,1.8030706644058228,-0.38437172770500183,-0.0002461561234667897,0.03300030156970024,0.03300030156970024,1.0,3.0,timeout
1554,1.8029005527496338,-0.38332951068878174,-0.00024645819212310016,0.03300027176737785,0.033000268042087555,1.0,3.0,timeout
1555,1.8027280569076538,-0.3822876513004303,-0.0002467138401698321,0.03300132974982262,0.03300132602453232,1.0,3.0,timeout
1556,1.8025538921356201,-0.3812461197376251,-0.00024690822465345263,0.032999780029058456,0.032999780029058456,1.0,-3.0,timeout
1557,1.8023818731307983,-0.38020414113998413,-0.00024707854026928544,0.033002570271492004,0.033002570271492004,1.0,0.0,timeout
1558,1.8022096157073975,-0.3791622817516327,-0.00024721649242565036,0.03300011157989502,0.03300011157989502,1.0,3.0,timeout
1559,1.8020358085632324,-0.3781207203865051,-0.00024731067242100835,0.032998859882354736,0.03299885615706444,1.0,-3.0,timeout
1560,1.801863670349121,-0.3770788311958313,-0.0002474058710504323,0.03300042077898979,0.03300042077898979,1.0,3.0,timeout
1561,1.801689863204956,-0.37603724002838135,-0.00024746236158534884,0.03299977630376816,0.03299977630376816,1.0,-3.0,timeout
1562,1.8015178442001343,-0.3749953508377075,-0.0002475271176081151,0.03299981728196144,0.03299981728196144,1.0,3.0,timeout
1563,1.8015142679214478,-0.3749745488166809,-0.0002524518349673599,0.000677315634675324,0.0006595999002456665,0.0,3.0,timeout
1564,1.8015143871307373,-0.3749745488166809,-0.0002518125402275473,2.032231896009762e-05,3.7252900710882386e-06,0.0,-3.0,timeout
1565,1.8013428449630737,-0.37395402789115906,-0.0002461377589497715,0.03233917057514191,0.03233868628740311,1.0,3.0,timeout
1566,1.8011655807495117,-0.3729130029678345,-0.00024614291032776237,0.03300028666853905,0.03300028666853905,1.0,3.0,timeout
1567,1.8011622428894043,-0.3728921711444855,-0.0002513180370442569,0.000678843236528337,0.0006592980935238302,0.0,-3.0,timeout
1568,1.801161527633667,-0.3728923201560974,-0.0002509260375518352,2.591035263321828e-05,2.28316512220772e-05,0.0,3.0,timeout
1569,1.8009861707687378,-0.3718724250793457,-0.00024540789308957756,0.03233984857797623,0.03233938664197922,1.0,-3.0,timeout
1570,1.8008097410202026,-0.3708312511444092,-0.0002455695066601038,0.033000506460666656,0.033000506460666656,1.0,3.0,timeout
1571,1.8008067607879639,-0.3708103597164154,-0.0002508603793103248,0.0006798774120397866,0.0006594664300791919,0.0,-3.0,timeout
1572,1.8006333112716675,-0.36979010701179504,-0.0002456757938489318,0.03234076499938965,0.03234035521745682,1.0,3.0,timeout
1573,1.8004542589187622,-0.36874935030937195,-0.0002457883092574775,0.033001452684402466,0.03300144895911217,1.0,3.0,timeout
1574,1.8002731800079346,-0.36770889163017273,-0.00024615871370770037,0.033003076910972595,0.0330030731856823,1.0,0.0,timeout
1575,1.8000919818878174,-0.36666858196258545,-0.00024647984537295997,0.03299912437796593,0.03299912437796593,1.0,3.0,timeout
1576,1.7999082803726196,-0.3656286597251892,-0.0002467320882715285,0.03300071880221367,0.03300071507692337,1.0,3.0,timeout
1577,1.7997223138809204,-0.3645891547203064,-0.00024693371960893273,0.033000268042087555,0.033000268042087555,1.0,3.0,timeout
1578,1.7997214794158936,-0.36458897590637207,-0.00025206778082065284,0.00016264081932604313,2.6669020371627994e-05,0.0,0.0,timeout
1579,1.7997205257415771,-0.3645891845226288,-0.0002514298539608717,3.644299431471154e-05,3.0507033443427645e-05,0.0,3.0,timeout
1580,1.7997198104858398,-0.3645893633365631,-0.00025070219999179244,3.2371219276683405e-05,2.3039647203404456e-05,0.0,3.0,timeout
1581,1.7997190952301025,-0.36458951234817505,-0.0002501091221347451,2.940717058663722e-05,2.28316512220772e-05,0.0,3.0,timeout
1582,1.79952871799469,-0.36357229948043823,-0.0002447382139507681,0.032340265810489655,0.032339829951524734,1.0,-3.0,timeout
1583,1.7993369102478027,-0.3625338673591614,-0.0002450332685839385,0.03299993276596069,0.032999929040670395,1.0,3.0,timeout
1584,1.799333095550537,-0.36251315474510193,-0.0002504430594854057,0.0006795205408707261,0.0006581551861017942,0.0,3.0,timeout
1585,1.7991398572921753,-0.3614964485168457,-0.0002453308261465281,0.03234123811125755,0.032340843230485916,1.0,3.0,timeout
1586,1.7989412546157837,-0.36045926809310913,-0.00024550152011215687,0.03300074487924576,0.03300074115395546,1.0,-3.0,timeout
1587,1.7987444400787354,-0.3594217598438263,-0.00024594436399638653,0.03300034627318382,0.033000342547893524,1.0,3.0,timeout
1588,1.798545241355896,-0.3583846986293793,-0.00024630315601825714,0.03300059586763382,0.03300059214234352,1.0,3.0,timeout
1589,1.798344373703003,-0.3573479652404785,-0.00024657996254973114,0.033000413328409195,0.033000413328409195,1.0,-3.0,timeout
1590,1.7983403205871582,-0.35732728242874146,-0.0002517042157705873,0.0006778184324502945,0.0006586314411833882,0.0,3.0,timeout
1591,1.7981432676315308,-0.35631129145622253,-0.0002463301061652601,0.03234180435538292,0.0323413722217083,1.0,-3.0,timeout
1592,1.7979451417922974,-0.3552740216255188,-0.00024631162523292005,0.03300068899989128,0.03300068899989128,1.0,-3.0,timeout
1593,1.7977495193481445,-0.35423630475997925,-0.0002465824654791504,0.032999828457832336,0.032999828457832336,1.0,-3.0,timeout
1594,1.7975554466247559,-0.35319826006889343,-0.00024682286311872303,0.03300096094608307,0.03300096094608307,1.0,3.0,timeout
1595,1.7973589897155762,-0.3521606922149658,-0.00024700595531612635,0.03300009295344353,0.03300009295344353,1.0,3.0,timeout
1596,1.7973557710647583,-0.3521398603916168,-0.00025202363030985,0.000677124597132206,0.0006587189855054021,0.0,-3.0,timeout
1597,1.7971625328063965,-0.3511231243610382,-0.00024660720373503864,0.032342202961444855,0.03234175592660904,1.0,3.0,timeout
1598,1.7971583604812622,-0.35110247135162354,-0.00025141608784906566,0.00067537633003667,0.0006584450020454824,0.0,3.0,timeout
1599,1.7969603538513184,-0.35008668899536133,-0.0002460956166032702,0.032341089099645615,0.03234065696597099,1.0,3.0,timeout
1600,1.7967561483383179,-0.3490506112575531,-0.00024612279958091676,0.03300030902028084,0.03300030902028084,1.0,3.0,timeout
1601,1.7965495586395264,-0.3480149805545807,-0.00024643162032589316,0.03300109878182411,0.03300109878182411,1.0,3.0,timeout
1602,1.7963405847549438,-0.3469798266887665,-0.00024669268168509007,0.03300114721059799,0.03300114721059799,1.0,3.0,timeout
1603,1.7961293458938599,-0.3459451496601105,-0.000246902258368209,0.03300062566995621,0.03300062566995621,1.0,3.0,timeout
1604,1.7959165573120117,-0.3449108302593231,-0.00024705883697606623,0.03299940377473831,0.03299940377473831,1.0,-3.0,timeout
1605,1.7959120273590088,-0.3448902368545532,-0.00025208713486790657,0.0006774063804186881,0.0006589296390302479,0.0,3.0,timeout
1606,1.7957024574279785,-0.34387677907943726,-0.00024664783268235624,0.03234104439616203,0.03234059736132622,1.0,3.0,timeout
1607,1.7954872846603394,-0.3428429365158081,-0.00024655467132106423,0.032999906688928604,0.032999906688928604,1.0,-3.0,timeout
1608,1.7952746152877808,-0.341808557510376,-0.00024677583132870495,0.03300047665834427,0.03300047665834427,1.0,-3.0,timeout
1609,1.7950636148452759,-0.3407738208770752,-0.0002469777246005833,0.03300096094608307,0.03300096094608307,1.0,3.0,timeout
1610,1.7950592041015625,-0.3407531976699829,-0.0002520125999581069,0.000677571224514395,0.0006590500706806779,0.0,3.0,timeout
1611,1.7950588464736938,-0.3407532870769501,-0.0002514712978154421,2.0465749912546016e-05,1.1519823601702228e-05,0.0,3.0,timeout
1612,1.7948455810546875,-0.3397406041622162,-0.0002458436938468367,0.032340966165065765,0.032340485602617264,1.0,-3.0,timeout
1613,1.7946302890777588,-0.3387067914009094,-0.0002459180250298232,0.03299975395202637,0.03299975022673607,1.0,3.0,timeout
1614,1.7946267127990723,-0.3386860191822052,-0.000251139048486948,0.0006785884615965188,0.0006586821400560439,0.0,-3.0,timeout
1615,1.794626235961914,-0.33868610858917236,-0.00025078270118683577,1.8811115296557546e-05,1.5160831935645547e-05,0.0,3.0,timeout
1616,1.7944092750549316,-0.3376528322696686,-0.0002452020416967571,0.032994478940963745,0.032994017004966736,1.0,0.0,timeout
1617,1.7941921949386597,-0.3366193175315857,-0.00024548725923523307,0.03300207853317261,0.03300207480788231,1.0,0.0,timeout
1618,1.7941877841949463,-0.3365986943244934,-0.0002508153847884387,0.0006797576788812876,0.0006590500706806779,0.0,3.0,timeout
1619,1.7939727306365967,-0.335586279630661,-0.0002456176734995097,0.03234425559639931,0.032343845814466476,1.0,-3.0,timeout
1620,1.793968677520752,-0.33556562662124634,-0.0002506357850506902,0.0006761535187251866,0.000657717464491725,0.0,3.0,timeout
1621,1.793752908706665,-0.33455348014831543,-0.0002454714267514646,0.032340701669454575,0.03234030306339264,1.0,3.0,timeout
1622,1.793749213218689,-0.3345327377319336,-0.00025049556279554963,0.000676868308801204,0.0006584075163118541,0.0,-3.0,timeout
1623,1.7935330867767334,-0.3335206210613251,-0.00024536982527934015,0.03234211727976799,0.03234172239899635,1.0,3.0,timeout
1624,1.793310523033142,-0.3324883282184601,-0.0002455428766552359,0.033000398427248,0.033000398427248,1.0,3.0,timeout
1625,1.7933100461959839,-0.332488089799881,-0.00025094125885516405,0.00016952007717918605,1.6660003893775865e-05,0.0,0.0,timeout
1626,1.7930891513824463,-0.3314770460128784,-0.0002456437505315989,0.03234083577990532,0.032340411096811295,1.0,3.0,timeout
1627,1.7928624153137207,-0.33044567704200745,-0.0002457478840369731,0.032999929040670395,0.032999929040670395,1.0,-3.0,timeout
1628,1.7928584814071655,-0.3304249942302704,-0.0002510122722014785,0.0006781811825931072,0.0006579251494258642,0.0,-3.0,timeout
1629,1.7926408052444458,-0.3294132649898529,-0.0002457860973663628,0.03234044834971428,0.03234003484249115,1.0,-3.0,timeout
1630,1.7924216985702515,-0.3283802270889282,-0.00024587675579823554,0.03300057724118233,0.03300057724118233,1.0,-3.0,timeout
1631,1.792204737663269,-0.32734665274620056,-0.0002462395641487092,0.03300313279032707,0.03300313279032707,1.0,0.0,timeout
1632,1.7919880151748657,-0.3263131380081177,-0.0002465347060933709,0.032999783754348755,0.032999783754348755,1.0,-3.0,timeout
1633,1.7917730808258057,-0.32527926564216614,-0.000246785202762112,0.03299930319190025,0.032999299466609955,1.0,3.0,timeout
1634,1.7915562391281128,-0.32424575090408325,-0.0002469662867952138,0.03300054743885994,0.03300054743885994,1.0,-3.0,timeout
1635,1.7915523052215576,-0.3242250680923462,-0.00025201283278875053,0.0006765620200894773,0.0006579251494258642,0.0,3.0,timeout
1636,1.7915529012680054,-0.32422494888305664,-0.0002514620136935264,2.5634217308834195e-05,1.8995326172444038e-05,0.0,-3.0,timeout
1637,1.7913413047790527,-0.3232119381427765,-0.0002458570816088468,0.03234027698636055,0.032339803874492645,1.0,3.0,timeout
1638,1.7911231517791748,-0.3221787214279175,-0.0002459182287566364,0.03299987316131592,0.03299987316131592,1.0,3.0,timeout
1639,1.7909026145935059,-0.32114601135253906,-0.0002462670672684908,0.03299986571073532,0.03299986198544502,1.0,3.0,timeout
1640,1.7908977270126343,-0.32112547755241394,-0.00025144362007267773,0.000679155346006155,0.0006596085149794817,0.0,3.0,timeout
1641,1.790676474571228,-0.32011449337005615,-0.00024613243294879794,0.032341405749320984,0.03234097734093666,1.0,3.0,timeout
1642,1.7904492616653442,-0.31908321380615234,-0.0002461424737703055,0.0330004021525383,0.0330004021525383,1.0,-3.0,timeout
1643,1.7904446125030518,-0.3190626800060272,-0.000251339835813269,0.0006776742520742118,0.0006579231703653932,0.0,3.0,timeout
1644,1.7904441356658936,-0.3190627694129944,-0.0002509329351596534,1.9787330529652536e-05,1.5160831935645547e-05,0.0,3.0,timeout
1645,1.790444016456604,-0.319062739610672,-0.0002503031282685697,2.0052561012562364e-05,3.839941200567409e-06,0.0,0.0,timeout
1646,1.7904435396194458,-0.31906285881996155,-0.00024979555746540427,2.207968100265134e-05,1.5359764802269638e-05,0.0,3.0,timeout
1647,1.7902156114578247,-0.31805339455604553,-0.0002444987476337701,0.032340314239263535,0.03233988583087921,1.0,3.0,timeout
1648,1.7899807691574097,-0.3170238137245178,-0.0002448309678584337,0.03300076350569725,0.03300076350569725,1.0,3.0,timeout
1649,1.7897436618804932,-0.3159947693347931,-0.00024539773585274816,0.033000241965055466,0.03300023823976517,1.0,3.0,timeout
1650,1.7895047664642334,-0.3149661421775818,-0.00024585501523688436,0.03300013393163681,0.03300013020634651,1.0,-3.0,timeout
1651,1.7894998788833618,-0.31494563817977905,-0.0002511247876100242,0.0006789761828258634,0.0006587025127373636,0.0,3.0,timeout
1652,1.7892647981643677,-0.313937783241272,-0.00024587768712081015,0.03234128654003143,0.032340873032808304,1.0,3.0,timeout
1653,1.789259672164917,-0.313917338848114,-0.00025083249784074724,0.0006766178412362933,0.0006586630479432642,0.0,3.0,timeout
1654,1.7890205383300781,-0.31291037797927856,-0.00024561717873439193,0.03234310820698738,0.03234269097447395,1.0,-3.0,timeout
1655,1.7887789011001587,-0.3118824064731598,-0.0002457511436659843,0.0329996719956398,0.0329996719956398,1.0,3.0,timeout
1656,1.7885355949401855,-0.31085479259490967,-0.0002461244002915919,0.033000774681568146,0.03300077095627785,1.0,-3.0,timeout
1657,1.7882946729660034,-0.3098266124725342,-0.0002464459976181388,0.03300091251730919,0.03300091251730919,1.0,-3.0,timeout
1658,1.7882908582687378,-0.30980587005615234,-0.00025158602511510253,0.000678362266626209,0.0006590710836462677,0.0,-3.0,timeout
1659,1.7880582809448242,-0.3087974190711975,-0.00024625740479677916,0.03234177082777023,0.03234134241938591,1.0,3.0,timeout
1660,1.787819504737854,-0.3077687621116638,-0.0002462432603351772,0.033000193536281586,0.033000193536281586,1.0,-3.0,timeout
1661,1.787582516670227,-0.3067396879196167,-0.0002465374127496034,0.033000312745571136,0.03300030902028084,1.0,3.0,timeout
1662,1.7875776290893555,-0.30671918392181396,-0.00025165994884446263,0.0006778748938813806,0.0006587025127373636,0.0,3.0,timeout
1663,1.7875778675079346,-0.3067191243171692,-0.00025117912446148694,1.6874659195309505e-05,7.679882401134819e-06,0.0,-3.0,timeout
1664,1.7873386144638062,-0.30569079518318176,-0.00024552844115532935,0.03299406170845032,0.03299358859658241,1.0,0.0,timeout
1665,1.7870988845825195,-0.3046623468399048,-0.0002457539376337081,0.03300059959292412,0.03300059586763382,1.0,3.0,timeout
1666,1.7868574857711792,-0.30363431572914124,-0.00024612981360405684,0.032999783754348755,0.032999780029058456,1.0,-3.0,timeout
1667,1.7866177558898926,-0.30260586738586426,-0.0002464608696755022,0.03300059959292412,0.03300059586763382,1.0,3.0,timeout
1668,1.7866135835647583,-0.302585244178772,-0.0002515883243177086,0.0006767740705981851,0.0006575321895070374,0.0,-3.0,timeout
1669,1.7866137027740479,-0.302585244178772,-0.0002511321217752993,1.473501561122248e-05,3.7252900710882386e-06,0.0,-3.0,timeout
1670,1.786381483078003,-0.30157676339149475,-0.0002455821668263525,0.03234020248055458,0.03233973681926727,1.0,-3.0,timeout
1671,1.786381483078003,-0.3015764355659485,-0.00025068307877518237,0.00015973234258126467,1.0244547411275562e-05,0.0,0.0,timeout
1672,1.7861518859863281,-0.3005673587322235,-0.0002454117638990283,0.03234003111720085,0.032339610159397125,1.0,-3.0,timeout
1673,1.7859206199645996,-0.2995370030403137,-0.00024557256256230175,0.03299971669912338,0.03299971669912338,1.0,-3.0,timeout
1674,1.7859164476394653,-0.29951635003089905,-0.00025088415713980794,0.0006790446932427585,0.0006584450020454824,0.0,3.0,timeout
1675,1.785916805267334,-0.2995161712169647,-0.0002505631127860397,1.602431984792929e-05,1.2495002920331899e-05,0.0,0.0,timeout
1676,1.785688877105713,-0.2985067665576935,-0.00024513338576070964,0.03233851492404938,0.03233807161450386,1.0,3.0,timeout
1677,1.7854539155960083,-0.29747724533081055,-0.00024533920804969966,0.03299977257847786,0.03299977257847786,1.0,3.0,timeout
1678,1.7852164506912231,-0.2964482605457306,-0.00024580396711826324,0.03300093859434128,0.03300093486905098,1.0,3.0,timeout
1679,1.7849767208099365,-0.2954198122024536,-0.0002461904950905591,0.03300059959292412,0.03300059586763382,1.0,3.0,timeout
1680,1.7847346067428589,-0.294391930103302,-0.0002465004799887538,0.033000364899635315,0.033000364899635315,1.0,3.0,timeout
1681,1.7844908237457275,-0.2933644652366638,-0.00024673761799931526,0.0329996794462204,0.0329996757209301,1.0,-3.0,timeout
1682,1.784248948097229,-0.29233652353286743,-0.0002469477185513824,0.03300047293305397,0.03300047293305397,1.0,3.0,timeout
1683,1.7840054035186768,-0.2913089990615845,-0.0002470958570484072,0.03299976885318756,0.03299976885318756,1.0,-3.0,timeout
1684,1.7837638854980469,-0.29028090834617615,-0.00024722865782678127,0.033002447336912155,0.033002447336912155,1.0,0.0,timeout
1685,1.7835228443145752,-0.28925278782844543,-0.0002473260974511504,0.032999951392412186,0.03299994766712189,1.0,-3.0,timeout
1686,1.7832835912704468,-0.2882242798805237,-0.0002474183274898678,0.032999031245708466,0.032999031245708466,1.0,3.0,timeout
1687,1.7830419540405273,-0.2871963083744049,-0.00024748247233219445,0.0329996719956398,0.0329996719956398,1.0,3.0,timeout
1688,1.7827978134155273,-0.2861689329147339,-0.00024753352045081556,0.032999541610479355,0.032999541610479355,1.0,3.0,timeout
1689,1.7825514078140259,-0.28514206409454346,-0.0002475744695402682,0.03300057724118233,0.03300057724118233,1.0,3.0,timeout
1690,1.7823026180267334,-0.2841157913208008,-0.0002476073568686843,0.03299994021654129,0.03299994021654129,1.0,3.0,timeout
1691,1.7820515632629395,-0.2830900549888611,-0.0002476337249390781,0.0330004058778286,0.0330004058778286,1.0,3.0,timeout
1692,1.781798243522644,-0.28206488490104675,-0.0002476549125276506,0.03300012648105621,0.03300012648105621,1.0,3.0,timeout
1693,1.7815428972244263,-0.28104013204574585,-0.00024766611750237644,0.03300272300839424,0.03300272300839424,1.0,0.0,timeout
1694,1.7812881469726562,-0.28001537919044495,-0.00024767505237832665,0.0329982228577137,0.0329982228577137,1.0,-3.0,timeout
1695,1.7810359001159668,-0.2789899706840515,-0.000247686606599018,0.03299933299422264,0.03299933299422264,1.0,-3.0,timeout
1696,1.7807854413986206,-0.2779640853404999,-0.0002477068919688463,0.033000506460666656,0.033000506460666656,1.0,3.0,timeout
1697,1.7807809114456177,-0.27794355154037476,-0.0002525844320189208,0.000674556999001652,0.0006571105914190412,0.0,-3.0,timeout
1698,1.7805359363555908,-0.2769381105899811,-0.0002470441104378551,0.0323396734893322,0.03233921155333519,1.0,-3.0,timeout
1699,1.7805311679840088,-0.27691760659217834,-0.00025177610223181546,0.0006742639234289527,0.0006578486645594239,0.0,3.0,timeout
1700,1.7802855968475342,-0.2759122848510742,-0.00024638374452479184,0.03234044462442398,0.03234000504016876,1.0,3.0,timeout
1701,1.7800335884094238,-0.2748867869377136,-0.00024634297005832195,0.033000268042087555,0.033000268042087555,1.0,-3.0,timeout
1702,1.7800285816192627,-0.2748663127422333,-0.00025149996508844197,0.000678099924698472,0.0006586715462617576,0.0,3.0,timeout
1703,1.7800283432006836,-0.27486637234687805,-0.0002510607009753585,1.5729310689494014e-05,7.679882401134819e-06,0.0,3.0,timeout
1704,1.779778003692627,-0.27386221289634705,-0.000245525996433571,0.03234090656042099,0.03234044462442398,1.0,3.0,timeout
1705,1.7795203924179077,-0.27283811569213867,-0.00024565320927649736,0.03300003707408905,0.03300003707408905,1.0,3.0,timeout
1706,1.7792611122131348,-0.2718144357204437,-0.0002460447431076318,0.0330001637339592,0.0330001600086689,1.0,-3.0,timeout
1707,1.7792608737945557,-0.27181413769721985,-0.00025136591284535825,0.00016671371122356504,1.1926747902180068e-05,0.0,0.0,timeout
1708,1.7792611122131348,-0.27181410789489746,-0.0002508582838345319,1.7550673874211498e-05,7.508562248403905e-06,0.0,-3.0,timeout
1709,1.779010534286499,-0.2708100378513336,-0.00024537023273296654,0.03233999013900757,0.032339535653591156,1.0,3.0,timeout
1710,1.7790058851242065,-0.2707895040512085,-0.00025040112086571753,0.0006764462450519204,0.0006579231703653932,0.0,-3.0,timeout
1711,1.7790052890777588,-0.27078965306282043,-0.0002501778653822839,2.0428007701411843e-05,1.9199706002837047e-05,0.0,3.0,timeout
1712,1.7790048122406006,-0.2707898020744324,-0.0002497042005416006,2.151345142920036e-05,1.5611809430993162e-05,0.0,3.0,timeout
1713,1.778749704360962,-0.2697868049144745,-0.0002444261044729501,0.032342031598091125,0.0323416106402874,1.0,3.0,timeout
1714,1.778488039970398,-0.2687637507915497,-0.0002447626320645213,0.03299958258867264,0.03299958258867264,1.0,-3.0,timeout
1715,1.7784826755523682,-0.2687433362007141,-0.00025023610214702785,0.0006814301013946533,0.0006596137536689639,0.0,3.0,timeout
1716,1.7784826755523682,-0.26874327659606934,-0.0002500448899809271,6.258962457650341e-06,1.8626450355441193e-06,0.0,0.0,timeout
1717,1.7782251834869385,-0.267740935087204,-0.0002447189763188362,0.0323406420648098,0.03234020993113518,1.0,3.0,timeout
1718,1.7779607772827148,-0.2667185366153717,-0.0002449978783261031,0.03300108388066292,0.03300108388066292,1.0,-3.0,timeout
1719,1.7776985168457031,-0.2656955420970917,-0.0002455354551784694,0.03300240635871887,0.033002398908138275,1.0,0.0,timeout
1720,1.7774360179901123,-0.26467272639274597,-0.00024598155869171023,0.032998841255903244,0.032998837530612946,1.0,3.0,timeout
1721,1.777171015739441,-0.26365047693252563,-0.0002463333948981017,0.03300124779343605,0.03300124406814575,1.0,3.0,timeout
1722,1.776903748512268,-0.2626288831233978,-0.000246614683419466,0.03299925476312637,0.03299925476312637,1.0,3.0,timeout
1723,1.7766340970993042,-0.2616078853607178,-0.00024683974334038794,0.03300018236041069,0.03300018236041069,1.0,3.0,timeout
1724,1.7763621807098389,-0.2605874836444855,-0.0002470198378432542,0.03300032764673233,0.03300032764673233,1.0,3.0,timeout
1725,1.776087999343872,-0.2595676779747009,-0.00024716396001167595,0.0330006368458271,0.0330006368458271,1.0,3.0,timeout
1726,1.7760818004608154,-0.25954756140708923,-0.00025216187350451946,0.0006760997348465025,0.0006578124011866748,0.0,3.0,timeout
1727,1.7758082151412964,-0.25854945182800293,-0.00024670702987350523,0.032341886311769485,0.03234143182635307,1.0,3.0,timeout
1728,1.7755275964736938,-0.25753140449523926,-0.0002466019941493869,0.033000461757183075,0.033000461757183075,1.0,-3.0,timeout
1729,1.7755216360092163,-0.2575111985206604,-0.00025170730077661574,0.0006773920613341033,0.000658336328342557,0.0,3.0,timeout
1730,1.7752466201782227,-0.25651323795318604,-0.0002463305718265474,0.032349225133657455,0.032348789274692535,1.0,-3.0,timeout
1731,1.7749685049057007,-0.2554944157600403,-0.0002463179116602987,0.03300311788916588,0.03300311788916588,1.0,0.0,timeout
1732,1.7746902704238892,-0.25447577238082886,-0.0002465934376232326,0.0329987071454525,0.0329987071454525,1.0,3.0,timeout
1733,1.7746851444244385,-0.2544553577899933,-0.00025169344735331833,0.0006767925806343555,0.0006577596650458872,0.0,-3.0,timeout
1734,1.774412751197815,-0.2534569501876831,-0.0002463311539031565,0.03234102576971054,0.03234058991074562,1.0,-3.0,timeout
1735,1.7741371393203735,-0.252437561750412,-0.00024632306303828955,0.032999683171510696,0.032999683171510696,1.0,3.0,timeout
1736,1.7738598585128784,-0.2514185905456543,-0.0002465818834025413,0.03300075605511665,0.033000752329826355,1.0,-3.0,timeout
1737,1.7735849618911743,-0.25039899349212646,-0.00024681189097464085,0.0330001525580883,0.0330001525580883,1.0,-3.0,timeout
1738,1.773311734199524,-0.249378964304924,-0.0002470071194693446,0.03299965709447861,0.03299965709447861,1.0,3.0,timeout
1739,1.7730367183685303,-0.24835938215255737,-0.00024714370374567807,0.03300067037343979,0.03300067037343979,1.0,-3.0,timeout
1740,1.7727642059326172,-0.2473391592502594,-0.00024726209812797606,0.03299972787499428,0.03299972787499428,1.0,-3.0,timeout
1741,1.7724932432174683,-0.2463185042142868,-0.00024736710474826396,0.033000316470861435,0.033000316470861435,1.0,3.0,timeout
1742,1.7724885940551758,-0.2462979406118393,-0.0002523129805922508,0.0006767180748283863,0.0006588315591216087,0.0,-3.0,timeout
1743,1.7724887132644653,-0.24629786610603333,-0.0002517169341444969,1.9137489289278165e-05,4.3930394895141944e-06,0.0,0.0,timeout
1744,1.772222638130188,-0.24529775977134705,-0.0002460571122355759,0.032340966165065765,0.032340485602617264,1.0,3.0,timeout
1745,1.7719497680664062,-0.24427765607833862,-0.000246068142587319,0.03299901634454727,0.03299901634454727,1.0,-3.0,timeout
1746,1.771679162979126,-0.24325689673423767,-0.00024638627655804157,0.033000603318214417,0.03300059959292412,1.0,-3.0,timeout
1747,1.7714109420776367,-0.24223551154136658,-0.0002466560108587146,0.03300050273537636,0.03300050273537636,1.0,-3.0,timeout
1748,1.7714067697525024,-0.24221482872962952,-0.0002517541579436511,0.0006783324060961604,0.0006593579309992492,0.0,-3.0,timeout
1749,1.7714074850082397,-0.24221467971801758,-0.0002512657083570957,2.746407699305564e-05,2.28316512220772e-05,0.0,-3.0,timeout
1750,1.7711502313613892,-0.24121226370334625,-0.0002457003283780068,0.03234108164906502,0.03234061226248741,1.0,3.0,timeout
1751,1.7708861827850342,-0.240189790725708,-0.00024578309967182577,0.03300053998827934,0.03300053998827934,1.0,-3.0,timeout
1752,1.7706243991851807,-0.239166721701622,-0.0002461585099808872,0.03300096094608307,0.03300096094608307,1.0,-3.0,timeout
1753,1.7706204652786255,-0.23914600908756256,-0.0002513557265046984,0.000678563374094665,0.000658840115647763,0.0,-3.0,timeout
1754,1.770368218421936,-0.23814229667186737,-0.00024606185615994036,0.032341789454221725,0.0323413647711277,1.0,-3.0,timeout
1755,1.7701138257980347,-0.23711736500263214,-0.00024609785759821534,0.03300095722079277,0.03300095722079277,1.0,-3.0,timeout
1756,1.7701101303100586,-0.23709656298160553,-0.00025129353161901236,0.0006799124530516565,0.0006602413486689329,0.0,-3.0,timeout
1757,1.7701106071472168,-0.23709636926651,-0.0002509013866074383,2.0220390069880523e-05,1.608386264706496e-05,0.0,0.0,timeout
1758,1.769864797592163,-0.23609113693237305,-0.00024540440062992275,0.032339513301849365,0.03233905881643295,1.0,3.0,timeout
1759,1.7696114778518677,-0.23506595194339752,-0.00024555594427511096,0.03300057724118233,0.03300057724118233,1.0,3.0,timeout
1760,1.7693558931350708,-0.23404134809970856,-0.0002459772222209722,0.03300001099705696,0.03300000727176666,1.0,3.0,timeout
1761,1.7690985202789307,-0.2330171763896942,-0.0002463185810483992,0.033000484108924866,0.03300048038363457,1.0,-3.0,timeout
1762,1.768843650817871,-0.23199240863323212,-0.00024660187773406506,0.03299957513809204,0.03299957141280174,1.0,-3.0,timeout
1763,1.7685911655426025,-0.23096702992916107,-0.0002468290913384408,0.03300020843744278,0.03300020843744278,1.0,-3.0,timeout
1764,1.7683409452438354,-0.22994105517864227,-0.0002470110193826258,0.033001452684402466,0.033001452684402466,1.0,-3.0,timeout
1765,1.768093228340149,-0.2289145141839981,-0.0002471566549502313,0.03300020471215248,0.03300020471215248,1.0,-3.0,timeout
1766,1.7678470611572266,-0.2278876155614853,-0.00024728267453610897,0.03299974650144577,0.03299974650144577,1.0,3.0,timeout
1767,1.7675985097885132,-0.22686131298542023,-0.00024737362400628626,0.03299909457564354,0.03299909457564354,1.0,3.0,timeout
1768,1.767593502998352,-0.22684085369110107,-0.00025232863845303655,0.0006761873373761773,0.00065821927273646,0.0,3.0,timeout
1769,1.76734459400177,-0.22583632171154022,-0.00024684006348252296,0.03234141319990158,0.03234095871448517,1.0,3.0,timeout
1770,1.767340064048767,-0.2258157730102539,-0.00025159044889733195,0.0006741138058714569,0.0006575653096660972,0.0,-3.0,timeout
1771,1.7673395872116089,-0.22581592202186584,-0.0002511297643650323,2.1236399334156886e-05,1.5611809430993162e-05,0.0,3.0,timeout
1772,1.7673391103744507,-0.2258160412311554,-0.0002504654985386878,2.5823044779826887e-05,1.5359764802269638e-05,0.0,3.0,timeout
1773,1.7670857906341553,-0.22481262683868408,-0.00024503516033291817,0.032340966165065765,0.03234051913022995,1.0,3.0,timeout
1774,1.7668250799179077,-0.2237892895936966,-0.00024526010383851826,0.03300078958272934,0.03300078585743904,1.0,3.0,timeout
1775,1.7665627002716064,-0.22276636958122253,-0.0002457302762195468,0.03300107270479202,0.033001068979501724,1.0,-3.0,timeout
1776,1.7663028240203857,-0.22174283862113953,-0.00024613054119981825,0.03300022333860397,0.03300022333860397,1.0,-3.0,timeout
1777,1.766298532485962,-0.22172221541404724,-0.00025133375311270356,0.0006780654657632113,0.0006582809728570282,0.0,-3.0,timeout
1778,1.7660481929779053,-0.22071802616119385,-0.00024604424834251404,0.032341767102479935,0.03234134614467621,1.0,-3.0,timeout
1779,1.7657952308654785,-0.21969278156757355,-0.00024609349202364683,0.032999709248542786,0.03299970552325249,1.0,3.0,timeout
1780,1.765795111656189,-0.21969245374202728,-0.0002513818326406181,0.00016561975644435734,1.090085061150603e-05,0.0,0.0,timeout
1781,1.7657948732376099,-0.21969257295131683,-0.000250880082603544,1.7755042790668085e-05,8.330001946887933e-06,0.0,3.0,timeout
1782,1.765541911125183,-0.21868906915187836,-0.00024537756689824164,0.03234095498919487,0.03234049677848816,1.0,3.0,timeout
1783,1.7655365467071533,-0.21866871416568756,-0.00025041779736056924,0.0006764064892195165,0.0006578124011866748,0.0,3.0,timeout
1784,1.7652794122695923,-0.21766608953475952,-0.00024528411449864507,0.03234639763832092,0.032346002757549286,1.0,-3.0,timeout
1785,1.7650200128555298,-0.21664242446422577,-0.0002454748027957976,0.03300062194466591,0.03300062194466591,1.0,-3.0,timeout
1786,1.764762282371521,-0.2156183421611786,-0.00024592323461547494,0.03300049528479576,0.03300049528479576,1.0,3.0,timeout
1787,1.7645028829574585,-0.21459467709064484,-0.00024627617676742375,0.03300062566995621,0.03300062194466591,1.0,-3.0,timeout
1788,1.764497995376587,-0.21457421779632568,-0.0002514612569939345,0.0006770197069272399,0.0006573437131009996,0.0,3.0,timeout
1789,1.7642426490783691,-0.21357132494449615,-0.0002461464027874172,0.03234071284532547,0.032340288162231445,1.0,3.0,timeout
1790,1.7639797925949097,-0.21254855394363403,-0.00024616389418952167,0.033000264316797256,0.033000264316797256,1.0,3.0,timeout
1791,1.763715147972107,-0.21152621507644653,-0.00024645397206768394,0.03300114721059799,0.033001143485307693,1.0,-3.0,timeout
1792,1.7634522914886475,-0.2105034440755844,-0.000246719951974228,0.033000268042087555,0.033000264316797256,1.0,3.0,timeout
1793,1.763187050819397,-0.20948126912117004,-0.0002469240571372211,0.03300086036324501,0.03300086036324501,1.0,3.0,timeout
1794,1.7631820440292358,-0.20946082472801208,-0.0002519580884836614,0.0006763170822523534,0.0006577669410035014,0.0,-3.0,timeout
1795,1.7629218101501465,-0.20845915377140045,-0.0002465546422172338,0.032341793179512024,0.032341353595256805,1.0,3.0,timeout
1796,1.762654185295105,-0.20743761956691742,-0.00024649148690514266,0.03300028294324875,0.03300028294324875,1.0,3.0,timeout
1797,1.7623841762542725,-0.20641668140888214,-0.00024672658764757216,0.033001236617565155,0.033001236617565155,1.0,3.0,timeout
1798,1.7621126174926758,-0.20539620518684387,-0.0002469176542945206,0.03299970552325249,0.03299970552325249,1.0,-3.0,timeout
1799,1.7618428468704224,-0.204375222325325,-0.00024709166609682143,0.033000681549310684,0.033000681549310684,1.0,3.0,timeout
1800,1.7618370056152344,-0.20435497164726257,-0.0002521041897125542,0.000677004805766046,0.0006586341769434512,0.0,3.0,timeout
1801,1.761836290359497,-0.2043551653623581,-0.0002515446685720235,2.9016768166911788e-05,2.3156993847806007e-05,0.0,3.0,timeout
1802,1.7615658044815063,-0.203356072306633,-0.000245901319431141,0.03234610706567764,0.03234562650322914,1.0,-3.0,timeout
1803,1.7615610361099243,-0.20333556830883026,-0.000250836688792333,0.0006756862276233733,0.0006578486645594239,0.0,-3.0,timeout
1804,1.7612954378128052,-0.20233529806137085,-0.0002456309157423675,0.03234201297163963,0.0323416031897068,1.0,-3.0,timeout
1805,1.7610267400741577,-0.2013140469789505,-0.0002457622322253883,0.03300023823976517,0.03300023823976517,1.0,3.0,timeout
1806,1.761021375656128,-0.2012936770915985,-0.00025102647487074137,0.00067850761115551,0.0006582627538591623,0.0,3.0,timeout
1807,1.7607537508010864,-0.200293630361557,-0.0002457850205246359,0.03235158324241638,0.03235116973519325,1.0,-3.0,timeout
1808,1.7604827880859375,-0.19927294552326202,-0.0002458872622810304,0.03300121799111366,0.03300121799111366,1.0,3.0,timeout
1809,1.760209560394287,-0.19825290143489838,-0.00024624340585432947,0.03300010785460472,0.03300010785460472,1.0,3.0,timeout
1810,1.7599338293075562,-0.19723349809646606,-0.0002465418365318328,0.03300110995769501,0.03300110623240471,1.0,3.0,timeout
1811,1.7596564292907715,-0.19621457159519196,-0.0002467708254698664,0.03300038352608681,0.03300037980079651,1.0,-3.0,timeout
1812,1.7593809366226196,-0.19519515335559845,-0.00024697414482943714,0.03299960866570473,0.03299960866570473,1.0,3.0,timeout
1813,1.7591029405593872,-0.19417636096477509,-0.0002471274638082832,0.033001240342855453,0.033001240342855453,1.0,3.0,timeout
1814,1.7588226795196533,-0.19315822422504425,-0.0002472497581038624,0.03300018608570099,0.03300018608570099,1.0,3.0,timeout
1815,1.7588165998458862,-0.19313806295394897,-0.00025223035481758416,0.0006762181874364614,0.0006580624030902982,0.0,3.0,timeout
1816,1.7585369348526,-0.19214162230491638,-0.0002467615413479507,0.03234241157770157,0.032341957092285156,1.0,3.0,timeout
1817,1.7585307359695435,-0.1921215057373047,-0.0002515395754016936,0.000674545590300113,0.0006578124011866748,0.0,3.0,timeout
1818,1.7585299015045166,-0.1921217292547226,-0.00025107842520810664,3.0601895559811965e-05,2.6996307497029193e-05,0.0,3.0,timeout
1819,1.7582435607910156,-0.1911272257566452,-0.0002455396461300552,0.03234124183654785,0.03234077990055084,1.0,3.0,timeout
1820,1.7582378387451172,-0.19110704958438873,-0.00025053657009266317,0.0006737176445312798,0.0006553712300956249,0.0,-3.0,timeout
1821,1.757951259613037,-0.19011254608631134,-0.0002454014029353857,0.03234323859214783,0.03234283626079559,1.0,3.0,timeout
1822,1.7576568126678467,-0.18909837305545807,-0.00024556860444135964,0.033001627773046494,0.033001627773046494,1.0,3.0,timeout
1823,1.7576560974121094,-0.18909825384616852,-0.0002509618643671274,0.00017005586414597929,2.2660055037704296e-05,0.0,0.0,timeout
1824,1.7576555013656616,-0.18909835815429688,-0.0002505389857105911,2.306956594111398e-05,1.8909517166321166e-05,0.0,0.0,timeout
1825,1.7573645114898682,-0.18810518085956573,-0.0002451105392538011,0.03234194591641426,0.032341502606868744,1.0,3.0,timeout
1826,1.7573587894439697,-0.18808500468730927,-0.000250193290412426,0.0006743443664163351,0.0006553712300956249,0.0,-3.0,timeout
1827,1.7570686340332031,-0.1870916187763214,-0.0002451151085551828,0.032340824604034424,0.032340437173843384,1.0,-3.0,timeout
1828,1.7567747831344604,-0.1860772967338562,-0.00024534991825930774,0.03300091251730919,0.03300090879201889,1.0,3.0,timeout
1829,1.7567685842514038,-0.1860571652650833,-0.00025069713592529297,0.0006791357882320881,0.0006582574569620192,0.0,3.0,timeout
1830,1.7567683458328247,-0.1860571652650833,-0.00025041314074769616,1.1587670087465085e-05,7.450580142176477e-06,0.0,0.0,timeout
1831,1.7564764022827148,-0.18506433069705963,-0.0002450021856930107,0.03234006091952324,0.03233961760997772,1.0,-3.0,timeout
1832,1.7564704418182373,-0.18504412472248077,-0.000250129058258608,0.0006775511428713799,0.000658336328342557,0.0,3.0,timeout
1833,1.7561780214309692,-0.18405142426490784,-0.0002450651372782886,0.032340191304683685,0.032339807599782944,1.0,3.0,timeout
1834,1.75587797164917,-0.18303893506526947,-0.0002452884509693831,0.03300041705369949,0.03300041705369949,1.0,-3.0,timeout
1835,1.7558720111846924,-0.1830187290906906,-0.00025065711815841496,0.0006793775246478617,0.000658336328342557,0.0,3.0,timeout
1836,1.7555768489837646,-0.18202678859233856,-0.00024550233501940966,0.03234175965189934,0.032341357320547104,1.0,3.0,timeout
1837,1.7552741765975952,-0.18101508915424347,-0.0002456388028804213,0.0330001525580883,0.0330001525580883,1.0,-3.0,timeout
1838,1.7549731731414795,-0.18000288307666779,-0.0002460540272295475,0.03300042077898979,0.03300041705369949,1.0,3.0,timeout
1839,1.75467050075531,-0.1789911687374115,-0.00024638063041493297,0.03300059959292412,0.03300059959292412,1.0,-3.0,timeout
1840,1.7543694972991943,-0.17797894775867462,-0.0002466619771439582,0.03300086408853531,0.03300086036324501,1.0,3.0,timeout
1841,1.7543632984161377,-0.17795883119106293,-0.0002517604152671993,0.0006768323364667594,0.0006578124011866748,0.0,3.0,timeout
1842,1.7540640830993652,-0.17696797847747803,-0.0002463739365339279,0.03234560415148735,0.03234516456723213,1.0,-3.0,timeout
1843,1.7537610530853271,-0.17595639824867249,-0.0002463574055582285,0.03299978747963905,0.03299978747963905,1.0,3.0,timeout
1844,1.7534555196762085,-0.17494551837444305,-0.00024661939824,0.0330013744533062,0.0330013707280159,1.0,3.0,timeout
1845,1.75344979763031,-0.1749252825975418,-0.0002517139364499599,0.0006761728436686099,0.0006571633857674897,0.0,-3.0,timeout
1846,1.7531509399414062,-0.17393448948860168,-0.00024634748115204275,0.03234058618545532,0.0323401540517807,1.0,-3.0,timeout
1847,1.7531448602676392,-0.1739143282175064,-0.0002512193750590086,0.0006754444329999387,0.0006580624030902982,0.0,3.0,timeout
1848,1.7528455257415771,-0.17292363941669464,-0.00024593816488049924,0.03234175965189934,0.03234133869409561,1.0,3.0,timeout
1849,1.7525384426116943,-0.1719132512807846,-0.0002459866809658706,0.03300071135163307,0.03300071135163307,1.0,-3.0,timeout
1850,1.7522337436676025,-0.17090213298797607,-0.0002463218697812408,0.033000968396663666,0.033000968396663666,1.0,-3.0,timeout
1851,1.7522279024124146,-0.17088191211223602,-0.0002514975203666836,0.0006773334462195635,0.0006577394087798893,0.0,3.0,timeout
1852,1.7519283294677734,-0.1698913276195526,-0.0002461752446833998,0.03234080225229263,0.03234037384390831,1.0,3.0,timeout
1853,1.751620888710022,-0.16888104379177094,-0.00024617707822471857,0.033000845462083817,0.033000845462083817,1.0,-3.0,timeout
1854,1.7513158321380615,-0.16787002980709076,-0.0002464742574375123,0.03300107643008232,0.03300107643008232,1.0,-3.0,timeout
1855,1.751310110092163,-0.16784989833831787,-0.00025161978555843234,0.0006735040224157274,0.0006540273316204548,0.0,3.0,timeout
1856,1.7513107061386108,-0.16784971952438354,-0.00025114711024798453,2.4420383851975203e-05,1.9446586520643905e-05,0.0,-3.0,timeout
1857,1.7513105869293213,-0.16784977912902832,-0.000250489276368171,2.0974988728994504e-05,4.165000973443966e-06,0.0,3.0,timeout
1858,1.7513108253479004,-0.16784965991973877,-0.00024993406259454787,1.9246463125455193e-05,8.330001946887933e-06,0.0,0.0,timeout
1859,1.7510113716125488,-0.16685901582241058,-0.000244603754254058,0.03234151005744934,0.03234108164906502,1.0,-3.0,timeout
1860,1.750707983970642,-0.1658475250005722,-0.0002449258463457227,0.03300032392144203,0.03300032019615173,1.0,3.0,timeout
1861,1.7504022121429443,-0.16483674943447113,-0.0002454735804349184,0.033000413328409195,0.0330004058778286,1.0,3.0,timeout
1862,1.7500947713851929,-0.16382648050785065,-0.0002459159877616912,0.0330004021525383,0.033000398427248,1.0,-3.0,timeout
1863,1.7500886917114258,-0.16380633413791656,-0.00025117347831837833,0.0006778296083211899,0.0006576165906153619,0.0,3.0,timeout
1864,1.749786376953125,-0.16281658411026,-0.00024591610417701304,0.03234076127409935,0.03234034404158592,1.0,3.0,timeout
1865,1.7497799396514893,-0.1627965271472931,-0.0002508632023818791,0.0006761812255717814,0.0006582711357623339,0.0,3.0,timeout
1866,1.749472737312317,-0.16180826723575592,-0.00024565288913436234,0.032341230660676956,0.03234081715345383,1.0,3.0,timeout
1867,1.7494667768478394,-0.16178809106349945,-0.0002506408200133592,0.0006756684160791337,0.0006574431317858398,0.0,-3.0,timeout
1868,1.7491600513458252,-0.16079966723918915,-0.00024547401699237525,0.032341696321964264,0.03234129026532173,1.0,-3.0,timeout
1869,1.7491599321365356,-0.16079935431480408,-0.000250610668445006,0.0001608610909897834,1.0464435035828501e-05,0.0,0.0,timeout
1870,1.7488559484481812,-0.1598101109266281,-0.00024535434204153717,0.03234089910984039,0.032340481877326965,1.0,-3.0,timeout
1871,1.7488499879837036,-0.15978997945785522,-0.00025042056222446263,0.0006749346503056586,0.0006561034824699163,0.0,3.0,timeout
1872,1.7485461235046387,-0.15880055725574493,-0.0002452875778544694,0.03234512731432915,0.03234472870826721,1.0,-3.0,timeout
1873,1.7482383251190186,-0.1577904224395752,-0.00024548755027353764,0.03299964591860771,0.03299964591860771,1.0,3.0,timeout
1874,1.7479286193847656,-0.15678080916404724,-0.00024591386318206787,0.03300148993730545,0.03300148621201515,1.0,-3.0,timeout
1875,1.7476214170455933,-0.15577048063278198,-0.00024627792299725115,0.03300001844763756,0.03300001472234726,1.0,-3.0,timeout
1876,1.7476216554641724,-0.15577003359794617,-0.00025155360344797373,0.0001656234817346558,1.5832483768463135e-05,0.0,0.0,timeout
1877,1.747621774673462,-0.15577006340026855,-0.00025101835490204394,1.7161630239570513e-05,3.839941200567409e-06,0.0,3.0,timeout
1878,1.7473196983337402,-0.15478026866912842,-0.00024548795772716403,0.03233996406197548,0.03233950212597847,1.0,3.0,timeout
1879,1.7470097541809082,-0.15377077460289001,-0.00024561258032917976,0.03300011157989502,0.03300011157989502,1.0,-3.0,timeout
1880,1.7467013597488403,-0.15276077389717102,-0.00024603219935670495,0.03300107643008232,0.03300107270479202,1.0,3.0,timeout
1881,1.746390700340271,-0.15175148844718933,-0.00024637312162667513,0.03300045058131218,0.03300045058131218,1.0,3.0,timeout
1882,1.7460776567459106,-0.15074294805526733,-0.0002466462610755116,0.03300020471215248,0.03300020471215248,1.0,3.0,timeout
1883,1.7460711002349854,-0.15072298049926758,-0.0002517477551009506,0.0006758359377272427,0.0006567640230059624,0.0,3.0,timeout
1884,1.74575936794281,-0.14973610639572144,-0.0002463753626216203,0.03234225884079933,0.03234182298183441,1.0,3.0,timeout
1885,1.745439052581787,-0.1487298160791397,-0.0002463475975673646,0.03300127014517784,0.03300127014517784,1.0,3.0,timeout
1886,1.7451165914535522,-0.1477242410182953,-0.0002466115402057767,0.033000390976667404,0.033000387251377106,1.0,3.0,timeout
1887,1.744791865348816,-0.14671939611434937,-0.0002468366583343595,0.03300035744905472,0.03300035744905472,1.0,3.0,timeout
1888,1.7447853088378906,-0.14669953286647797,-0.00025188844301737845,0.0006724611739628017,0.0006536678411066532,0.0,-3.0,timeout
1889,1.744466781616211,-0.14571477472782135,-0.0002464983263053,0.03234393149614334,0.03234349563717842,1.0,3.0,timeout
1890,1.744459629058838,-0.14569497108459473,-0.0002513300278224051,0.0006750930333510041,0.0006579912733286619,0.0,3.0,timeout
1891,1.7441365718841553,-0.1447117030620575,-0.00024602669873274863,0.03234352543950081,0.032343100756406784,1.0,3.0,timeout
1892,1.743804931640625,-0.14370910823345184,-0.0002460682298988104,0.03300067409873009,0.03300067409873009,1.0,3.0,timeout
1893,1.7434710264205933,-0.1427072435617447,-0.00024638825561851263,0.03300132229924202,0.03300132229924202,1.0,3.0,timeout
1894,1.7434636354446411,-0.14268752932548523,-0.0002515411179047078,0.0006773610366508365,0.0006579424953088164,0.0,3.0,timeout
1895,1.743132472038269,-0.14170658588409424,-0.00024619660689495504,0.03235465660691261,0.03235422819852829,1.0,-3.0,timeout
1896,1.7427971363067627,-0.14070512354373932,-0.00024621153715997934,0.033003564924001694,0.033003564924001694,1.0,0.0,timeout
1897,1.7427902221679688,-0.14068526029586792,-0.00025139155331999063,0.000676897238008678,0.0006572565762326121,0.0,3.0,timeout
1898,1.7427901029586792,-0.14068526029586792,-0.0002509687910787761,1.372649785480462e-05,3.7252900710882386e-06,0.0,0.0,timeout
1899,1.7424594163894653,-0.13970458507537842,-0.0002454466884955764,0.032341983169317245,0.032341524958610535,1.0,-3.0,timeout
1900,1.7424527406692505,-0.13968463242053986,-0.0002504844742361456,0.0006760791293345392,0.0006574941216968,0.0,3.0,timeout
1901,1.742121696472168,-0.13870413601398468,-0.0002453493943903595,0.032340195029973984,0.03233980014920235,1.0,3.0,timeout
1902,1.74178147315979,-0.13770440220832825,-0.0002455259091220796,0.033001236617565155,0.033001236617565155,1.0,3.0,timeout
1903,1.7414389848709106,-0.1367054581642151,-0.00024595411377958953,0.03300076350569725,0.03300075978040695,1.0,3.0,timeout
1904,1.7410942316055298,-0.1357073038816452,-0.0002463107230141759,0.033000458031892776,0.03300045430660248,1.0,3.0,timeout
1905,1.7407472133636475,-0.1347099244594574,-0.00024659675545990467,0.03300075978040695,0.03300075978040695,1.0,3.0,timeout
1906,1.7407402992248535,-0.13469025492668152,-0.0002516969689168036,0.0006707534193992615,0.0006515425047837198,0.0,-3.0,timeout
1907,1.740739345550537,-0.1346905678510666,-0.00025122915394604206,3.460529478616081e-05,3.136566374450922e-05,0.0,3.0,timeout
1908,1.7403980493545532,-0.13371315598487854,-0.0002456481452099979,0.03235315531492233,0.03235268592834473,1.0,-3.0,timeout
1909,1.740052580833435,-0.13271525502204895,-0.0002457530645187944,0.03300027921795845,0.03300027921795845,1.0,-3.0,timeout
1910,1.740046501159668,-0.13269509375095367,-0.00025101692881435156,0.0006783104036003351,0.0006580624030902982,0.0,-3.0,timeout
1911,1.7400462627410889,-0.13269519805908203,-0.0002506852033548057,1.3175696949474514e-05,8.132424227369484e-06,0.0,3.0,timeout
1912,1.7400466203689575,-0.1326950639486313,-0.0002501007402315736,2.181868694606237e-05,1.1935834663745482e-05,0.0,-3.0,timeout
1913,1.7400463819503784,-0.13269516825675964,-0.0002496379311196506,1.6592421161476523e-05,8.132424227369484e-06,0.0,3.0,timeout
1914,1.7397100925445557,-0.13171614706516266,-0.00024436067906208336,0.032349422574043274,0.03234900161623955,1.0,-3.0,timeout
1915,1.7397035360336304,-0.1316961795091629,-0.00024961636518128216,0.0006769887986592948,0.0006567640230059624,0.0,3.0,timeout
1916,1.7393605709075928,-0.1306975930929184,-0.00024455288075841963,0.03299540653824806,0.03299502655863762,1.0,0.0,timeout
1917,1.7390177249908447,-0.1296987533569336,-0.00024497718550264835,0.03300130367279053,0.03300129994750023,1.0,-3.0,timeout
1918,1.7390118837356567,-0.12967848777770996,-0.000250401470111683,0.0006805305602028966,0.000659081619232893,0.0,-3.0,timeout
1919,1.7386802434921265,-0.12869814038276672,-0.0002452977641951293,0.032341744750738144,0.03234134986996651,1.0,-3.0,timeout
1920,1.738344669342041,-0.12769687175750732,-0.0002454868226777762,0.03300018608570099,0.03300018608570099,1.0,-3.0,timeout
1921,1.7383451461791992,-0.12769636511802673,-0.000250906654400751,0.0001707595365587622,2.174194378312677e-05,0.0,0.0,timeout
1922,1.7380174398422241,-0.12671475112438202,-0.00024561581085436046,0.03234013170003891,0.032339710742235184,1.0,3.0,timeout
1923,1.7376809120178223,-0.12571370601654053,-0.0002457306836731732,0.033003050833940506,0.033003050833940506,1.0,0.0,timeout
1924,1.737344741821289,-0.12471265345811844,-0.0002461130206938833,0.03299971669912338,0.032999712973833084,1.0,-3.0,timeout
1925,1.7370108366012573,-0.12371081858873367,-0.00024643735378049314,0.03300044313073158,0.033000439405441284,1.0,-3.0,timeout
1926,1.7366786003112793,-0.12270845472812653,-0.00024670749553479254,0.0329996794462204,0.0329996794462204,1.0,3.0,timeout
1927,1.7366721630096436,-0.12268848717212677,-0.000251796591328457,0.0006746244616806507,0.0006556113949045539,0.0,3.0,timeout
1928,1.7366719245910645,-0.12268856912851334,-0.00025129798450507224,1.7460026356275193e-05,7.878487849666271e-06,0.0,3.0,timeout
1929,1.736672043800354,-0.12268847972154617,-0.0002505950105842203,2.2456049919128418e-05,4.656612873077393e-06,0.0,0.0,timeout
1930,1.736340045928955,-0.12170830368995667,-0.00024513324024155736,0.032340314239263535,0.03233986347913742,1.0,-3.0,timeout
1931,1.7360032796859741,-0.1207074224948883,-0.00024534936528652906,0.03300057351589203,0.03300056979060173,1.0,3.0,timeout
1932,1.7356642484664917,-0.11970732361078262,-0.00024581231991760433,0.03300005942583084,0.03300005570054054,1.0,3.0,timeout
1933,1.7356579303741455,-0.1196872666478157,-0.00025106879184022546,0.0006773617351427674,0.0006571422563865781,0.0,-3.0,timeout
1934,1.7353252172470093,-0.11870722472667694,-0.0002458427334204316,0.03234348073601723,0.032343070954084396,1.0,3.0,timeout
1935,1.7353187799453735,-0.1186872273683548,-0.0002507940516807139,0.0006744852871634066,0.0006564978393726051,0.0,-3.0,timeout
1936,1.7349799871444702,-0.11768722534179688,-0.0002455061476211995,0.03299521282315254,0.03299479931592941,1.0,0.0,timeout
1937,1.7346415519714355,-0.11668691784143448,-0.00024573964765295386,0.03300025686621666,0.03300025686621666,1.0,-3.0,timeout
1938,1.7346354722976685,-0.1166667565703392,-0.00025101061328314245,0.0006783641874790192,0.0006580624030902982,0.0,-3.0,timeout
1939,1.7343074083328247,-0.11568517982959747,-0.00024579616729170084,0.03234255686402321,0.03234214708209038,1.0,3.0,timeout
1940,1.7343004941940308,-0.11566532403230667,-0.00025076806196011603,0.0006751574692316353,0.000657036667689681,0.0,3.0,timeout
1941,1.733967661857605,-0.11468535661697388,-0.0002455767535138875,0.032342471182346344,0.03234206512570381,1.0,3.0,timeout
1942,1.7339603900909424,-0.11466557532548904,-0.0002505914308130741,0.0006769972387701273,0.0006586103700101376,0.0,3.0,timeout
1943,1.7336236238479614,-0.11368687450885773,-0.00024542369646951556,0.03234478086233139,0.032344378530979156,1.0,-3.0,timeout
1944,1.7332828044891357,-0.1126873642206192,-0.00024558629957027733,0.033000629395246506,0.033000629395246506,1.0,-3.0,timeout
1945,1.7329442501068115,-0.11168704926967621,-0.00024600233882665634,0.033001676201820374,0.033001672476530075,1.0,-3.0,timeout
1946,1.7329379320144653,-0.11166714131832123,-0.000251242658123374,0.0006729320739395916,0.0006527022924274206,0.0,3.0,timeout
1947,1.7326050996780396,-0.11068718880414963,-0.00024597058654762805,0.03234204277396202,0.032341621816158295,1.0,3.0,timeout
1948,1.732263207435608,-0.10968805849552155,-0.00024602326448075473,0.03300023078918457,0.03300023078918457,1.0,3.0,timeout
1949,1.7319196462631226,-0.10868949443101883,-0.00024634154397062957,0.03300042077898979,0.03300042077898979,1.0,-3.0,timeout
1950,1.731577754020691,-0.10769036412239075,-0.0002466300211381167,0.03300023078918457,0.03300023078918457,1.0,3.0,timeout
1951,1.7312341928482056,-0.10669180005788803,-0.0002468419261276722,0.03300042077898979,0.03300042077898979,1.0,-3.0,timeout
1952,1.7308926582336426,-0.10569247603416443,-0.00024702565860934556,0.0330023430287838,0.0330023430287838,1.0,0.0,timeout
1953,1.730550765991211,-0.10469335317611694,-0.00024717397172935307,0.03300001099705696,0.03300001099705696,1.0,3.0,timeout
1954,1.7302064895629883,-0.10369502753019333,-0.0002472869527991861,0.033000651746988297,0.033000651746988297,1.0,3.0,timeout
1955,1.7298606634140015,-0.10269728302955627,-0.000247366726398468,0.03299931436777115,0.03299931436777115,1.0,-3.0,timeout
1956,1.7298543453216553,-0.10267721861600876,-0.00025232150801457465,0.0006753535126335919,0.000657364318612963,0.0,-3.0,timeout
1957,1.729519009590149,-0.10169810801744461,-0.00024684553500264883,0.03234243020415306,0.03234197571873665,1.0,3.0,timeout
1958,1.7291747331619263,-0.10069981217384338,-0.0002467239974066615,0.03299977257847786,0.03299977257847786,1.0,3.0,timeout
1959,1.7288284301757812,-0.0997021272778511,-0.000246906973188743,0.03300243616104126,0.03300243616104126,1.0,0.0,timeout
1960,1.7284818887710571,-0.09870461374521255,-0.0002470782201271504,0.03299982473254204,0.03299982473254204,1.0,3.0,timeout
1961,1.7281330823898315,-0.09770788252353668,-0.00024721064255572855,0.03300004079937935,0.03300004079937935,1.0,3.0,timeout
1962,1.7277820110321045,-0.09671193361282349,-0.0002473164349794388,0.03300043195486069,0.03300043195486069,1.0,3.0,timeout
1963,1.727774977684021,-0.09669222682714462,-0.00025227191508747637,0.0006719710072502494,0.0006538836169056594,0.0,-3.0,timeout
1964,1.7274315357208252,-0.0957159698009491,-0.0002467930899001658,0.032341260462999344,0.03234080970287323,1.0,-3.0,timeout
1965,1.7274250984191895,-0.09569598734378815,-0.0002515637897886336,0.0006727806176058948,0.000656054588034749,0.0,-3.0,timeout
1966,1.7270866632461548,-0.09471794962882996,-0.0002462130505591631,0.03234223276376724,0.03234180063009262,1.0,-3.0,timeout
1967,1.7267435789108276,-0.09371922165155411,-0.00024622795172035694,0.03300042077898979,0.03300042077898979,1.0,3.0,timeout
1968,1.7263989448547363,-0.09272105246782303,-0.0002465058059897274,0.0329996794462204,0.0329996794462204,1.0,-3.0,timeout
1969,1.726392149925232,-0.09270115196704865,-0.0002516442909836769,0.0006764776771888137,0.000657142954878509,0.0,3.0,timeout
1970,1.7263925075531006,-0.0927010104060173,-0.0002511669881641865,1.915589746204205e-05,1.20195645649801e-05,0.0,-3.0,timeout
1971,1.7263922691345215,-0.09270112216472626,-0.00025050531257875264,2.225447678938508e-05,8.228512342611793e-06,0.0,3.0,timeout
1972,1.7260533571243286,-0.0917232558131218,-0.0002450672327540815,0.03234206512570381,0.032341618090867996,1.0,3.0,timeout
1973,1.7260531187057495,-0.0917230024933815,-0.00025025979266501963,0.00016263122961390764,1.0870971891563386e-05,0.0,0.0,timeout
1974,1.7257055044174194,-0.09072606265544891,-0.0002449813764542341,0.03299432247877121,0.03299391269683838,1.0,0.0,timeout
1975,1.7256990671157837,-0.09070603549480438,-0.0002501981798559427,0.0006772971828468144,0.000657384458463639,0.0,-3.0,timeout
1976,1.7253607511520386,-0.0897279903292656,-0.00024512421805411577,0.03234119340777397,0.03234080597758293,1.0,-3.0,timeout
1977,1.725017786026001,-0.08872925490140915,-0.0002453573397360742,0.0329994298517704,0.0329994261264801,1.0,3.0,timeout
1978,1.7250107526779175,-0.08870941400527954,-0.0002507029566913843,0.000678711396176368,0.0006578322499990463,0.0,3.0,timeout
1979,1.7246696949005127,-0.08773230761289597,-0.00024553839466534555,0.032341618090867996,0.03234121948480606,1.0,3.0,timeout
1980,1.7246631383895874,-0.08771234005689621,-0.00025055010337382555,0.0006751795881427824,0.0006567640230059624,0.0,-3.0,timeout
1981,1.7246625423431396,-0.08771254122257233,-0.0002502976858522743,2.1182189811952412e-05,1.9658682504086755e-05,0.0,3.0,timeout
1982,1.7246620655059814,-0.08771272748708725,-0.0002498000976629555,2.2309570340439677e-05,1.599768438609317e-05,0.0,3.0,timeout
1983,1.7243174314498901,-0.08673657476902008,-0.0002444904239382595,0.03235054016113281,0.032350119203329086,1.0,-3.0,timeout
1984,1.7239679098129272,-0.08574005961418152,-0.00024483641027472913,0.033001065254211426,0.03300106152892113,1.0,3.0,timeout
1985,1.7236168384552002,-0.08474411070346832,-0.0002453922643326223,0.033000439405441284,0.03300043195486069,1.0,-3.0,timeout
1986,1.7236099243164062,-0.08472424745559692,-0.0002507542085368186,0.0006782792625017464,0.0006572565762326121,0.0,3.0,timeout
1987,1.7232648134231567,-0.08374854922294617,-0.0002455804205965251,0.0323420912027359,0.03234168887138367,1.0,3.0,timeout
1988,1.72291100025177,-0.08275354653596878,-0.00024570143432356417,0.03300115466117859,0.03300115466117859,1.0,-3.0,timeout
1989,1.722904086112976,-0.08273371309041977,-0.000250987388426438,0.0006768436287529767,0.0006563771166838706,0.0,3.0,timeout
1990,1.7225563526153564,-0.08175893127918243,-0.0002457663940731436,0.03234254568815231,0.03234213590621948,1.0,3.0,timeout
1991,1.7221996784210205,-0.08076491206884384,-0.00024585501523688436,0.03300228714942932,0.03300228714942932,1.0,0.0,timeout
1992,1.7221930027008057,-0.08074495196342468,-0.0002510944032110274,0.0006777881062589586,0.0006577149033546448,0.0,-3.0,timeout
1993,1.7221925258636475,-0.08074512332677841,-0.0002507471072021872,1.9196597349946387e-05,1.583419543749187e-05,0.0,3.0,timeout
1994,1.7218433618545532,-0.0797707736492157,-0.0002452640619594604,0.03234492614865303,0.03234447166323662,1.0,-3.0,timeout
1995,1.7214893102645874,-0.07877591997385025,-0.0002454551577102393,0.03299926221370697,0.03299926221370697,1.0,3.0,timeout
1996,1.721132755279541,-0.07778189331293106,-0.0002458970993757248,0.03300125151872635,0.03300124779343605,1.0,3.0,timeout
1997,1.7207739353179932,-0.07678869366645813,-0.00024626494268886745,0.03300090879201889,0.03300090879201889,1.0,3.0,timeout
1998,1.7204129695892334,-0.07579632103443146,-0.00024655996821820736,0.03299946337938309,0.03299945965409279,1.0,3.0,timeout
1999,1.7200502157211304,-0.07480455189943314,-0.000246785202762112,0.0330008938908577,0.0330008901655674,1.0,-3.0,timeout
2000,1.7196893692016602,-0.07381213456392288,-0.0002469857572577894,0.03299950063228607,0.03299950063228607,1.0,3.0,timeout
2001,1.7193268537521362,-0.07282029837369919,-0.0002471262705512345,0.03300030156970024,0.03300030156970024,1.0,-3.0,timeout
2002,1.719319462776184,-0.07280059903860092,-0.0002521412097848952,0.000675925228279084,0.0006575064035132527,0.0,3.0,timeout
2003,1.7189632654190063,-0.07182888686656952,-0.0002466903533786535,0.032342325896024704,0.03234187886118889,1.0,3.0,timeout
2004,1.7189557552337646,-0.07180926948785782,-0.00025148250279016793,0.0006732972688041627,0.0006564318318851292,0.0,3.0,timeout
2005,1.7185955047607422,-0.07083874195814133,-0.0002461358089931309,0.03235141187906265,0.03235097974538803,1.0,-3.0,timeout
2006,1.718230128288269,-0.0698479488492012,-0.00024616706650704145,0.03300051391124725,0.03300051391124725,1.0,3.0,timeout
2007,1.7178632020950317,-0.06885775178670883,-0.00024645705707371235,0.03299983963370323,0.03299983963370323,1.0,-3.0,timeout
2008,1.717498540878296,-0.06786669790744781,-0.0002467120357323438,0.033000439405441284,0.033000435680150986,1.0,-3.0,timeout
2009,1.7174921035766602,-0.0678466185927391,-0.000251798948738724,0.0006778400857001543,0.0006589362164959311,0.0,-3.0,timeout
2010,1.7171382904052734,-0.06687404960393906,-0.0002464272838551551,0.03234190493822098,0.03234146907925606,1.0,3.0,timeout
2011,1.7171317338943481,-0.0668540894985199,-0.0002512615465093404,0.0006736993091180921,0.0006565428338944912,0.0,-3.0,timeout
2012,1.71677827835083,-0.06588134914636612,-0.0002459708193782717,0.03234310820698738,0.032342683523893356,1.0,-3.0,timeout
2013,1.7164199352264404,-0.06488800793886185,-0.000246034178417176,0.03300000727176666,0.03300000727176666,1.0,3.0,timeout
2014,1.716059923171997,-0.06389525532722473,-0.00024635085719637573,0.03300045058131218,0.03300045058131218,1.0,-3.0,timeout
2015,1.7157015800476074,-0.06290192157030106,-0.00024663741351105273,0.03299978747963905,0.03299978747963905,1.0,3.0,timeout
2016,1.7153408527374268,-0.06190942972898483,-0.0002468579332344234,0.03300041705369949,0.03300041705369949,1.0,3.0,timeout
2017,1.7153339385986328,-0.06188954785466194,-0.0002519054105505347,0.0006764532881788909,0.0006578063475899398,0.0,-3.0,timeout
2018,1.7153334617614746,-0.061889760196208954,-0.0002513962972443551,2.2785920009482652e-05,1.631186023587361e-05,0.0,3.0,timeout
2019,1.7153335809707642,-0.06188971921801567,-0.00025066931266337633,2.3057262296788394e-05,3.939243924833136e-06,0.0,-3.0,timeout
2020,1.715333104133606,-0.06188990920782089,-0.00025009276578202844,2.4122815375449136e-05,1.6040408809203655e-05,0.0,3.0,timeout
2021,1.7149772644042969,-0.060918036848306656,-0.0002447364677209407,0.03234316408634186,0.032342735677957535,1.0,3.0,timeout
2022,1.7146121263504028,-0.05992717668414116,-0.00024502145242877305,0.032999906688928604,0.032999902963638306,1.0,3.0,timeout
2023,1.7142449617385864,-0.058936964720487595,-0.00024554465198889375,0.03300286456942558,0.033002860844135284,1.0,0.0,timeout
2024,1.7138781547546387,-0.05794669687747955,-0.00024597792071290314,0.03300062194466591,0.03300061821937561,1.0,-3.0,timeout
2025,1.7135138511657715,-0.056955546140670776,-0.0002463296114001423,0.032999418675899506,0.032999418675899506,1.0,-3.0,timeout
2026,1.7131510972976685,-0.055963777005672455,-0.0002466216101311147,0.0330008938908577,0.0330008901655674,1.0,3.0,timeout
2027,1.7127867937088013,-0.054972611367702484,-0.00024683529045432806,0.032999858260154724,0.032999858260154724,1.0,-3.0,timeout
2028,1.7124241590499878,-0.05398084968328476,-0.00024702560040168464,0.032999396324157715,0.032999392598867416,1.0,3.0,timeout
2029,1.712417483329773,-0.053960926830768585,-0.00025203998666256666,0.0006750501343049109,0.0006566109950654209,0.0,-3.0,timeout
2030,1.7120616436004639,-0.05298905074596405,-0.0002466197474859655,0.032343290746212006,0.03234283998608589,1.0,3.0,timeout
2031,1.71205472946167,-0.052969206124544144,-0.00025141527294181287,0.0006735888891853392,0.0006567068630829453,0.0,-3.0,timeout
2032,1.7120541334152222,-0.052969422191381454,-0.0002509896003175527,2.386390042374842e-05,1.981250534299761e-05,0.0,3.0,timeout
2033,1.712053656578064,-0.052969612181186676,-0.00025035347789525986,2.5543342417222448e-05,1.6040408809203655e-05,0.0,3.0,timeout
2034,1.7116944789886475,-0.05199875682592392,-0.0002449332387186587,0.03234937787055969,0.032348934561014175,1.0,-3.0,timeout
2035,1.711330771446228,-0.05100734531879425,-0.0002451801556162536,0.033000651746988297,0.033000648021698,1.0,-3.0,timeout
2036,1.7109687328338623,-0.05001533403992653,-0.00024568685330450535,0.03300033137202263,0.03300033137202263,1.0,3.0,timeout
2037,1.7106049060821533,-0.049023933708667755,-0.00024608708918094635,0.0330016054213047,0.0330016054213047,1.0,-3.0,timeout
2038,1.7102428674697876,-0.04803195595741272,-0.0002464271383360028,0.032999347895383835,0.032999344170093536,1.0,3.0,timeout
2039,1.7098790407180786,-0.047040581703186035,-0.00024667984689585865,0.03300084173679352,0.03300083801150322,1.0,-3.0,timeout
2040,1.709517478942871,-0.046048372983932495,-0.0002468911116011441,0.033001020550727844,0.033001020550727844,1.0,-3.0,timeout
2041,1.7091583013534546,-0.0450553260743618,-0.0002470606123097241,0.033000215888023376,0.033000215888023376,1.0,-3.0,timeout
2042,1.708801031112671,-0.04406151920557022,-0.0002472010091878474,0.0330023393034935,0.0330023393034935,1.0,0.0,timeout
2043,1.7084434032440186,-0.04306795820593834,-0.0002473139320500195,0.03299889340996742,0.03299889340996742,1.0,3.0,timeout
2044,1.7080832719802856,-0.042075254023075104,-0.0002473985659889877,0.03300029784440994,0.03300029784440994,1.0,3.0,timeout
2045,1.7077208757400513,-0.041083402931690216,-0.0002474662323947996,0.03299945965409279,0.03299945965409279,1.0,3.0,timeout
2046,1.7077139616012573,-0.04106355831027031,-0.000252391560934484,0.0006745029240846634,0.0006567068630829453,0.0,-3.0,timeout
2047,1.7073583602905273,-0.04009157046675682,-0.00024690109421499074,0.032344017177820206,0.03234356269240379,1.0,3.0,timeout
2048,1.7073513269424438,-0.040071774274110794,-0.00025164010003209114,0.0006730116438120604,0.0006565157091245055,0.0,-3.0,timeout
2049,1.7069892883300781,-0.039079971611499786,-0.0002461829863023013,0.03299464285373688,0.03299420326948166,1.0,0.0,timeout
2050,1.7066268920898438,-0.03808809444308281,-0.0002462915435899049,0.03300022333860397,0.03300022333860397,1.0,3.0,timeout
2051,1.7062629461288452,-0.03709680587053299,-0.0002465602883603424,0.03299960866570473,0.03299960866570473,1.0,-3.0,timeout
2052,1.7059006690979004,-0.03610488027334213,-0.0002468052553012967,0.03300036862492561,0.03300036862492561,1.0,3.0,timeout
2053,1.7059003114700317,-0.03610469773411751,-0.00025196545175276697,0.00016174356278497726,1.2547497135528829e-05,0.0,0.0,timeout
2054,1.7055362462997437,-0.03511366248130798,-0.00024636159650981426,0.03299392759799957,0.032993461936712265,1.0,0.0,timeout
2055,1.705528736114502,-0.03509404510259628,-0.00025131390430033207,0.0006744280690327287,0.0006564318318851292,0.0,3.0,timeout
2056,1.7051624059677124,-0.03410382941365242,-0.00024591555120423436,0.032994344830513,0.03299391642212868,1.0,0.0,timeout
2057,1.705155611038208,-0.03408396244049072,-0.000250949029577896,0.0006747420993633568,0.00065615150379017,0.0,-3.0,timeout
2058,1.7047981023788452,-0.03311270847916603,-0.00024573650443926454,0.032342977821826935,0.032342564314603806,1.0,3.0,timeout
2059,1.704790472984314,-0.03309312462806702,-0.0002507200697436929,0.0006750077591277659,0.0006567965028807521,0.0,3.0,timeout
2060,1.7047898769378662,-0.033093344420194626,-0.0002504227159079164,2.1919579012319446e-05,1.9852481273119338e-05,0.0,3.0,timeout
2061,1.7047901153564453,-0.03309331834316254,-0.0002498893591109663,1.827504820539616e-05,7.495013051084243e-06,0.0,-3.0,timeout
2062,1.7047902345657349,-0.03309328854084015,-0.00024945821496658027,1.4009771803102922e-05,3.839941200567409e-06,0.0,-3.0,timeout
2063,1.7044310569763184,-0.03212271258234978,-0.00024422715068794787,0.032341159880161285,0.032340746372938156,1.0,-3.0,timeout
2064,1.7040666341781616,-0.031131548807024956,-0.00024462505825795233,0.033001091331243515,0.03300108760595322,1.0,3.0,timeout
2065,1.7036999464035034,-0.030141226947307587,-0.0002452332992106676,0.03300091251730919,0.03300090506672859,1.0,3.0,timeout
2066,1.703331708908081,-0.029151521623134613,-0.0002457236987538636,0.03299969807267189,0.03299969434738159,1.0,-3.0,timeout
2067,1.7033249139785767,-0.029131580144166946,-0.00025100819766521454,0.0006787508027628064,0.0006583549547940493,0.0,-3.0,timeout
2068,1.7029675245285034,-0.028160274028778076,-0.0002457946538925171,0.032343219965696335,0.032342810183763504,1.0,3.0,timeout
2069,1.7029600143432617,-0.028140654787421227,-0.0002507670724298805,0.0006746255094185472,0.0006564861396327615,0.0,3.0,timeout
2070,1.7025986909866333,-0.027170656248927116,-0.0002455640060361475,0.032347578555345535,0.032347172498703,1.0,-3.0,timeout
2071,1.7022321224212646,-0.026180291548371315,-0.00024570926325395703,0.03300086781382561,0.03300086781382561,1.0,3.0,timeout
2072,1.7018632888793945,-0.025190770626068115,-0.0002461011172272265,0.033000800758600235,0.033000797033309937,1.0,3.0,timeout
2073,1.7018555402755737,-0.025171205401420593,-0.0002513112558517605,0.0006774726207368076,0.0006576167652383447,0.0,3.0,timeout
2074,1.701854944229126,-0.025171419605612755,-0.0002509102050680667,2.3427006453857757e-05,1.979274384211749e-05,0.0,3.0,timeout
2075,1.701486587524414,-0.024204233661293983,-0.000245405564783141,0.03234285116195679,0.032342392951250076,1.0,3.0,timeout
2076,1.7011092901229858,-0.023217936977744102,-0.00024554680567234755,0.032999973744153976,0.032999973744153976,1.0,-3.0,timeout
2077,1.7007343769073486,-0.022230733186006546,-0.0002459691895637661,0.032999929040670395,0.032999929040670395,1.0,-3.0,timeout
2078,1.7003610134124756,-0.0212428979575634,-0.0002463325799908489,0.03300122544169426,0.03300122544169426,1.0,3.0,timeout
2079,1.7003533840179443,-0.021223293617367744,-0.0002514971711207181,0.0006769148167222738,0.000657393189612776,0.0,3.0,timeout
2080,1.7003530263900757,-0.02122344821691513,-0.00025105878012254834,1.8328208170714788e-05,1.2175422853033524e-05,0.0,3.0,timeout
2081,1.6999802589416504,-0.020257974043488503,-0.0002455243666190654,0.03234226256608963,0.03234180063009262,1.0,3.0,timeout
2082,1.699597716331482,-0.01927368715405464,-0.00024565221974626184,0.03300034627318382,0.03300034627318382,1.0,3.0,timeout
2083,1.6992135047912598,-0.018290027976036072,-0.0002460438699927181,0.03300100192427635,0.03300100192427635,1.0,-3.0,timeout
2084,1.6992056369781494,-0.01827050931751728,-0.00025127516710199416,0.0006776617956347764,0.0006576476735062897,0.0,3.0,timeout
2085,1.6988283395767212,-0.017306817695498466,-0.00024599747848697007,0.032341599464416504,0.03234117850661278,1.0,3.0,timeout
2086,1.6984410285949707,-0.016324372962117195,-0.00024604526697658,0.03300105407834053,0.03300105407834053,1.0,3.0,timeout
2087,1.698052167892456,-0.015342561528086662,-0.0002463589480612427,0.03300044685602188,0.03300044685602188,1.0,-3.0,timeout
2088,1.6976656913757324,-0.014359816908836365,-0.00024663330987095833,0.033000219613313675,0.033000219613313675,1.0,-3.0,timeout
2089,1.6972815990447998,-0.013376151211559772,-0.00024685412063263357,0.03299983963370323,0.03299983963370323,1.0,-3.0,timeout
2090,1.696899652481079,-0.012391588650643826,-0.00024703098461031914,0.03300163522362709,0.03300163522362709,1.0,-3.0,timeout
2091,1.6965200901031494,-0.01140615064650774,-0.0002471726038493216,0.033000290393829346,0.033000290393829346,1.0,-3.0,timeout
2092,1.6961427927017212,-0.010419854894280434,-0.00024728599237278104,0.03299994766712189,0.03299994766712189,1.0,-3.0,timeout
2093,1.6957676410675049,-0.0094327162951231,-0.0002473767672199756,0.03300066664814949,0.03300066664814949,1.0,-3.0,timeout
2094,1.6953946352005005,-0.008444746024906635,-0.00024744943948462605,0.03300122171640396,0.03300122171640396,1.0,-3.0,timeout
2095,1.6953887939453125,-0.00842451211065054,-0.0002523890871088952,0.0006759914685972035,0.0006581308552995324,0.0,-3.0,timeout
2096,1.6950262784957886,-0.00745398597791791,-0.00024689402198418975,0.03237609192728996,0.03237563744187355,1.0,3.0,timeout
2097,1.6946550607681274,-0.006465374957770109,-0.00024675767053849995,0.03300027176737785,0.03300027176737785,1.0,-3.0,timeout
2098,1.6942853927612305,-0.005476187448948622,-0.00024694876628927886,0.0330001525580883,0.0330001525580883,1.0,3.0,timeout
2099,1.6939140558242798,-0.004487628582865,-0.00024709635181352496,0.033000051975250244,0.033000051975250244,1.0,-3.0,timeout
2100,1.6935442686080933,-0.0034984848462045193,-0.0002472341584507376,0.03300017490983009,0.03300017490983009,1.0,3.0,timeout
2101,1.6931720972061157,-0.002510217484086752,-0.0002473350032232702,0.03300070762634277,0.03300070762634277,1.0,3.0,timeout
2102,1.692798376083374,-0.0015225847018882632,-0.00024740531807765365,0.03299925476312637,0.03299925476312637,1.0,-3.0,timeout
2103,1.6924268007278442,-0.0005340754869394004,-0.0002474711218383163,0.03300122544169426,0.03300122544169426,1.0,-3.0,timeout
2104,1.692057728767395,0.000455303059425205,-0.00024752438184805214,0.03299923241138458,0.03299923241138458,1.0,-3.0,timeout
2105,1.6916900873184204,0.0014452687464654446,-0.00024757685605436563,0.033000826835632324,0.033000826835632324,1.0,3.0,timeout
2106,1.6913201808929443,0.002434357302263379,-0.00024760898668318987,0.03299986571073532,0.03299986571073532,1.0,3.0,timeout
2107,1.6909480094909668,0.0034225666895508766,-0.00024763448163866997,0.03299901261925697,0.03299901261925697,1.0,3.0,timeout
2108,1.690574049949646,0.004410147666931152,-0.0002476446970831603,0.03300037980079651,0.03300037980079651,1.0,-3.0,timeout
2109,1.6905665397644043,0.004429767373949289,-0.0002525555610191077,0.0006741982069797814,0.0006564997602254152,0.0,3.0,timeout
2110,1.6901991367340088,0.005397301632910967,-0.0002470217877998948,0.03234243765473366,0.03234197571873665,1.0,3.0,timeout
2111,1.6901931762695312,0.005414158571511507,-0.0002517505781725049,0.0005779517232440412,0.0005587404011748731,0.0,-3.0,timeout
2112,1.6898255348205566,0.006381620187312365,-0.0002463596174493432,0.03234293684363365,0.03234249725937843,1.0,3.0,timeout
2113,1.6894482374191284,0.007367943879216909,-0.000246334180701524,0.03300076350569725,0.03300076350569725,1.0,3.0,timeout
2114,1.6894408464431763,0.007387599442154169,-0.0002514718798920512,0.0006755810463801026,0.0006562258931808174,0.0,-3.0,timeout
2115,1.6890716552734375,0.008354434743523598,-0.0002461526310071349,0.03234187886118889,0.03234144672751427,1.0,-3.0,timeout
2116,1.6886972188949585,0.009341827593743801,-0.000246180483372882,0.033000167459249496,0.033000167459249496,1.0,3.0,timeout
2117,1.6886967420578003,0.009342033416032791,-0.00025145141989924014,0.00016551442968193442,1.623004936845973e-05,0.0,0.0,timeout
2118,1.6883280277252197,0.010309026576578617,-0.00024604026111774147,0.032341185957193375,0.032340746372938156,1.0,-3.0,timeout
2119,1.6879546642303467,0.011296802200376987,-0.00024607585510239005,0.03299948200583458,0.03299948200583458,1.0,-3.0,timeout
2120,1.6879481077194214,0.011316809803247452,-0.00025127557455562055,0.0006777209928259254,0.0006579530891031027,0.0,-3.0,timeout
2121,1.6875849962234497,0.012288006953895092,-0.00024599884636700153,0.032402221113443375,0.03240180388092995,1.0,3.0,timeout
2122,1.6875847578048706,0.012288290075957775,-0.00025102897780016065,0.00015761659597046673,1.1566786270122975e-05,0.0,0.0,timeout
2123,1.687584400177002,0.012288120575249195,-0.0002505843585822731,1.8601349438540637e-05,1.2367586350592319e-05,0.0,3.0,timeout
2124,1.6872174739837646,0.013255798257887363,-0.00024514016695320606,0.032341327518224716,0.0323408804833889,1.0,3.0,timeout
2125,1.6868407726287842,0.014242344535887241,-0.0002453446504659951,0.03300061449408531,0.03300061449408531,1.0,3.0,timeout
2126,1.6864619255065918,0.015228032134473324,-0.00024580853641964495,0.03299954533576965,0.032999541610479355,1.0,3.0,timeout
2127,1.6860814094543457,0.01621309667825699,-0.0002461835101712495,0.03300013020634651,0.03300012648105621,1.0,-3.0,timeout
2128,1.6857032775878906,0.017199084162712097,-0.0002464936696924269,0.03300028294324875,0.03300027921795845,1.0,-3.0,timeout
2129,1.6853268146514893,0.018185723572969437,-0.00024675283930264413,0.03300067409873009,0.03300067409873009,1.0,3.0,timeout
2130,1.6849488019943237,0.019171740859746933,-0.0002469402097631246,0.03299981728196144,0.03299981728196144,1.0,-3.0,timeout
2131,1.684941291809082,0.019191371276974678,-0.000251992343692109,0.0006755207432433963,0.0006568123935721815,0.0,3.0,timeout
2132,1.6845698356628418,0.020157339051365852,-0.00024657114408910275,0.03234190121293068,0.03234146162867546,1.0,3.0,timeout
2133,1.6841884851455688,0.02114211581647396,-0.0002465038269292563,0.033001143485307693,0.033001143485307693,1.0,3.0,timeout
2134,1.683805227279663,0.022126207128167152,-0.00024673083680681884,0.03300275653600693,0.03300275653600693,1.0,0.0,timeout
2135,1.6834217309951782,0.023110108450055122,-0.0002469372993800789,0.032999929040670395,0.032999929040670395,1.0,3.0,timeout
2136,1.6830360889434814,0.0240931399166584,-0.00024709789431653917,0.032999031245708466,0.032999031245708466,1.0,3.0,timeout
2137,1.6826480627059937,0.02507529966533184,-0.00024722624220885336,0.03300097584724426,0.03300097584724426,1.0,3.0,timeout
2138,1.6822586059570312,0.02605682611465454,-0.00024731794837862253,0.032999034970998764,0.032999034970998764,1.0,-3.0,timeout
2139,1.6818715333938599,0.027039309963583946,-0.00024740080698393285,0.03299945965409279,0.03299945965409279,1.0,-3.0,timeout
2140,1.6818636655807495,0.027058832347393036,-0.0002523609437048435,0.0006757727242074907,0.0006577556487172842,0.0,3.0,timeout
2141,1.681483268737793,0.028024254366755486,-0.00024684268282726407,0.03242737799882889,0.032426923513412476,1.0,-3.0,timeout
2142,1.6810986995697021,0.029007768258452415,-0.0002467337471898645,0.03300084173679352,0.03300084173679352,1.0,-3.0,timeout
2143,1.6807165145874023,0.029992181807756424,-0.0002469206810928881,0.03299999237060547,0.03299998864531517,1.0,-3.0,timeout
2144,1.6807093620300293,0.030011838302016258,-0.000251976540312171,0.0006724913837388158,0.0006536681321449578,0.0,3.0,timeout
2145,1.6803336143493652,0.030976155772805214,-0.0002465576690156013,0.03234222158789635,0.03234177827835083,1.0,3.0,timeout
2146,1.6799479722976685,0.031959205865859985,-0.0002464926801621914,0.03299957141280174,0.03299957141280174,1.0,3.0,timeout
2147,1.6799399852752686,0.03197869285941124,-0.00025161003577522933,0.000677283969707787,0.0006581337656825781,0.0,3.0,timeout
2148,1.679557204246521,0.032940223813056946,-0.00024626412778161466,0.03234173730015755,0.032341305166482925,1.0,3.0,timeout
2149,1.6791642904281616,0.03392044082283974,-0.0002462584525346756,0.033001042902469635,0.033001042902469635,1.0,3.0,timeout
2150,1.6787694692611694,0.03489995747804642,-0.00024653464788571,0.03300296887755394,0.03300296887755394,1.0,0.0,timeout
2151,1.6783745288848877,0.03587929159402847,-0.00024678048794157803,0.03299907222390175,0.03299907222390175,1.0,3.0,timeout
2152,1.6779779195785522,0.036857981234788895,-0.0002469618048053235,0.03299994394183159,0.03299994394183159,1.0,-3.0,timeout
2153,1.6775829792022705,0.037837374955415726,-0.000247126939939335,0.033000800758600235,0.033000800758600235,1.0,3.0,timeout
2154,1.6771862506866455,0.038816068321466446,-0.00024724434479139745,0.03300144895911217,0.03300144895911217,1.0,0.0,timeout
2155,1.6767897605895996,0.03979482501745224,-0.0002473380882292986,0.033000487834215164,0.033000487834215164,1.0,-3.0,timeout
2156,1.6763957738876343,0.04077453538775444,-0.00024741748347878456,0.032998841255903244,0.032998841255903244,1.0,-3.0,timeout
2157,1.676003336906433,0.04175490885972977,-0.00024749149451963603,0.03300004079937935,0.03300004079937935,1.0,3.0,timeout
2158,1.6756086349487305,0.04273436963558197,-0.00024754091282375157,0.032999955117702484,0.032999955117702484,1.0,3.0,timeout
2159,1.6752116680145264,0.04371290281414986,-0.00024758020299486816,0.032999612390995026,0.032999612390995026,1.0,3.0,timeout
2160,1.674813151359558,0.044690780341625214,-0.00024760118685662746,0.03299887478351593,0.03299887478351593,1.0,-3.0,timeout
2161,1.674416184425354,0.045669350773096085,-0.00024763820692896843,0.03300068899989128,0.03300068899989128,1.0,3.0,timeout
2162,1.674407958984375,0.04568867012858391,-0.00025254112551920116,0.0006738227093592286,0.0006561721675097942,0.0,3.0,timeout
2163,1.6740126609802246,0.04665197432041168,-0.00024696969194337726,0.0325397364795208,0.03253927081823349,1.0,-3.0,timeout
2164,1.6736137866973877,0.04762972518801689,-0.000246861221967265,0.0329994261264801,0.0329994261264801,1.0,3.0,timeout
2165,1.6732125282287598,0.04860656335949898,-0.00024702359223738313,0.033001262694597244,0.033001262694597244,1.0,3.0,timeout
2166,1.6732041835784912,0.04862583056092262,-0.0002520488342270255,0.0006746752769686282,0.0006561444606631994,0.0,3.0,timeout
2167,1.6728062629699707,0.04958123341202736,-0.0002466159057803452,0.03234283998608589,0.032342396676540375,1.0,3.0,timeout
2168,1.6723986864089966,0.050555434077978134,-0.00024652943830005825,0.03300073370337486,0.03300073370337486,1.0,-3.0,timeout
2169,1.6719934940338135,0.0515306182205677,-0.0002467556914780289,0.03300042822957039,0.03300042822957039,1.0,-3.0,timeout
2170,1.6719855070114136,0.051550012081861496,-0.00025184458354488015,0.00067445810418576,0.0006554417195729911,0.0,3.0,timeout
2171,1.6715874671936035,0.052505362778902054,-0.00024645274970680475,0.032342761754989624,0.032342325896024704,1.0,3.0,timeout
2172,1.6711797714233398,0.05347949638962746,-0.0002463990240357816,0.03300023823976517,0.03300023823976517,1.0,-3.0,timeout
2173,1.6707737445831299,0.054454319179058075,-0.0002466619771439582,0.03300001844763756,0.03300001844763756,1.0,3.0,timeout
2174,1.6703660488128662,0.05542846396565437,-0.0002468668099027127,0.033000558614730835,0.033000558614730835,1.0,-3.0,timeout
2175,1.669960618019104,0.056403566151857376,-0.00024704047245904803,0.033000923693180084,0.033000923693180084,1.0,-3.0,timeout
2176,1.6699527502059937,0.05642290413379669,-0.000252073397859931,0.0006711044698022306,0.0006524143391288817,0.0,3.0,timeout
2177,1.6695523262023926,0.05738537386059761,-0.0002465902653057128,0.0325767919421196,0.032576341181993484,1.0,-3.0,timeout
2178,1.6691486835479736,0.058361150324344635,-0.0002465627039782703,0.03299897909164429,0.03299897909164429,1.0,3.0,timeout
2179,1.6687425374984741,0.059335969388484955,-0.00024678479530848563,0.03300134092569351,0.03300134092569351,1.0,3.0,timeout
2180,1.6683348417282104,0.06031009554862976,-0.00024696465698070824,0.033000022172927856,0.033000022172927856,1.0,-3.0,timeout
2181,1.668326735496521,0.06032946705818176,-0.00025201195967383683,0.0006749143940396607,0.0006562249618582428,0.0,3.0,timeout
2182,1.6683266162872314,0.060329370200634,-0.0002514705411158502,1.7587011825526133e-05,4.799926500709262e-06,0.0,3.0,timeout
2183,1.6683263778686523,0.06032925471663475,-0.00025073805591091514,2.434121233818587e-05,8.278594577859621e-06,0.0,3.0,timeout
2184,1.6683261394500732,0.0603291392326355,-0.0002501375856809318,2.050972580036614e-05,8.278594577859621e-06,0.0,3.0,timeout
2185,1.667919397354126,0.061280813068151474,-0.00024477162514813244,0.03234263136982918,0.03234219551086426,1.0,3.0,timeout
2186,1.6675028800964355,0.062251195311546326,-0.0002450392348691821,0.03299988433718681,0.032999880611896515,1.0,-3.0,timeout
2187,1.6670879125595093,0.06322227418422699,-0.0002455738140270114,0.03300083428621292,0.03300083056092262,1.0,3.0,timeout
2188,1.6666706800460815,0.06419239193201065,-0.00024600670440122485,0.033001117408275604,0.033001117408275604,1.0,3.0,timeout
2189,1.666251540184021,0.06516173481941223,-0.0002463480341248214,0.03300248458981514,0.03300248086452484,1.0,0.0,timeout
2190,1.6658320426940918,0.06613088399171829,-0.00024663194199092686,0.0330013632774353,0.0330013632774353,1.0,3.0,timeout
2191,1.6658233404159546,0.06614994257688522,-0.0002517367829568684,0.0006738841184414923,0.0006547298398800194,0.0,3.0,timeout
2192,1.665822982788086,0.06614984571933746,-0.00025124516105279326,1.9237697415519506e-05,1.1578496923903003e-05,0.0,0.0,timeout
2193,1.6654072999954224,0.06709766387939453,-0.0002456790825817734,0.03234310820698738,0.032342638820409775,1.0,3.0,timeout
2194,1.6649810075759888,0.06806382536888123,-0.000245776551309973,0.033000845462083817,0.033000845462083817,1.0,3.0,timeout
2195,1.6645526885986328,0.06902903318405151,-0.00024615414440631866,0.03299922123551369,0.03299921751022339,1.0,3.0,timeout
2196,1.6645433902740479,0.06904792040586472,-0.00025135400937870145,0.0006776456721127033,0.0006578744505532086,0.0,3.0,timeout
2197,1.6641111373901367,0.07001116871833801,-0.00024595807190053165,0.032993827015161514,0.03299339488148689,1.0,0.0,timeout
2198,1.6636784076690674,0.07097447663545609,-0.0002461120893713087,0.03300119936466217,0.03300119936466217,1.0,3.0,timeout
2199,1.6632436513900757,0.07193681597709656,-0.0002464275457896292,0.032999616116285324,0.032999616116285324,1.0,3.0,timeout
2200,1.6628073453903198,0.07289844751358032,-0.0002466786827426404,0.032999437302351,0.032999437302351,1.0,-3.0,timeout
2201,1.662798285484314,0.07291741669178009,-0.0002517835528124124,0.0006760201067663729,0.0006569278775714338,0.0,3.0,timeout
2202,1.6623647212982178,0.0738731101155281,-0.00024632629356347024,0.0327954925596714,0.032795049250125885,1.0,-3.0,timeout
2203,1.6623567342758179,0.0738925039768219,-0.0002512544742785394,0.0006732916226610541,0.0006554417195729911,0.0,-3.0,timeout
2204,1.66192626953125,0.07485140860080719,-0.00024590460816398263,0.03284710273146629,0.03284667432308197,1.0,3.0,timeout
2205,1.6619173288345337,0.07487044483423233,-0.00025092606665566564,0.0006757007795386016,0.0006572271231561899,0.0,3.0,timeout
2206,1.6614840030670166,0.07582589983940125,-0.00024562980979681015,0.032785605639219284,0.032785188406705856,1.0,-3.0,timeout
2207,1.6614758968353271,0.07584533840417862,-0.00025069573894143105,0.0006769304163753986,0.0006581585039384663,0.0,-3.0,timeout
2208,1.661475658416748,0.07584521174430847,-0.0002504170988686383,1.2124291970394552e-05,8.43669749883702e-06,0.0,3.0,timeout
2209,1.6610499620437622,0.0767885372042656,-0.0002450106549076736,0.032342005521059036,0.03234156593680382,1.0,3.0,timeout
2210,1.660614013671875,0.07775034755468369,-0.0002452311455272138,0.0329999104142189,0.0329999104142189,1.0,-3.0,timeout
2211,1.6601802110671997,0.07871319353580475,-0.00024571697576902807,0.033001791685819626,0.03300178796052933,1.0,-3.0,timeout
2212,1.6597486734390259,0.0796770453453064,-0.00024612079141661525,0.03300146386027336,0.03300146386027336,1.0,-3.0,timeout
2213,1.6593188047409058,0.08064157515764236,-0.00024645437952131033,0.032999541610479355,0.032999537885189056,1.0,3.0,timeout
2214,1.6593109369277954,0.08066107332706451,-0.00025158372591249645,0.0006763233686797321,0.0006570538389496505,0.0,-3.0,timeout
2215,1.6588900089263916,0.08160652965307236,-0.0002462433185428381,0.03234180808067322,0.032341379672288895,1.0,-3.0,timeout
2216,1.6584631204605103,0.08257243037223816,-0.00024624294019304216,0.03300091624259949,0.03300091624259949,1.0,-3.0,timeout
2217,1.6584550142288208,0.08259167522192001,-0.0002514210937079042,0.0006723388214595616,0.0006525754579342902,0.0,3.0,timeout
2218,1.6580311059951782,0.08354990929365158,-0.0002460432006046176,0.03274456411600113,0.032744135707616806,1.0,-3.0,timeout
2219,1.658023715019226,0.08356963098049164,-0.00025102111976593733,0.0006762943812645972,0.0006581604829989374,0.0,-3.0,timeout
2220,1.6576032638549805,0.08453014492988586,-0.00024572949041612446,0.032766249030828476,0.03276583179831505,1.0,3.0,timeout
2221,1.6575947999954224,0.08454938232898712,-0.00025077429017983377,0.0006754370988346636,0.0006567813106812537,0.0,3.0,timeout
2222,1.6571751832962036,0.0854954645037651,-0.0002455838257446885,0.03234301507472992,0.032342612743377686,1.0,3.0,timeout
2223,1.656745433807373,0.08646006882190704,-0.00024570358800701797,0.033000148832798004,0.033000148832798004,1.0,-3.0,timeout
2224,1.6563172340393066,0.08742538839578629,-0.0002461058320477605,0.03300090134143829,0.03300090134143829,1.0,3.0,timeout
2225,1.6558871269226074,0.08838992565870285,-0.00024642699281685054,0.033002786338329315,0.033002786338329315,1.0,0.0,timeout
2226,1.6558783054351807,0.08840900659561157,-0.00025157799245789647,0.0006763538694940507,0.0006569198449142277,0.0,3.0,timeout
2227,1.6554490327835083,0.08936607092618942,-0.00024616409791633487,0.03277939185500145,0.03277895599603653,1.0,-3.0,timeout
2228,1.6550194025039673,0.09033071249723434,-0.00024624046636745334,0.03299969807267189,0.03299969807267189,1.0,-3.0,timeout
2229,1.6550110578536987,0.09034985303878784,-0.00025142193771898746,0.0006723044789396226,0.0006525142816826701,0.0,3.0,timeout
2230,1.654589056968689,0.09129481762647629,-0.00024611325352452695,0.032341424375772476,0.03234099596738815,1.0,3.0,timeout
2231,1.6541566848754883,0.0922582820057869,-0.0002461276017129421,0.03300108388066292,0.03300108388066292,1.0,-3.0,timeout
2232,1.653726577758789,0.09322275966405869,-0.00024643473443575203,0.03300108388066292,0.03300108388066292,1.0,-3.0,timeout
2233,1.65371835231781,0.09324184060096741,-0.000251588731771335,0.0006690009031444788,0.0006493235123343766,0.0,3.0,timeout
2234,1.653295874595642,0.09418662637472153,-0.0002462468983139843,0.03234240412712097,0.03234197571873665,1.0,3.0,timeout
2235,1.652862787246704,0.09514982253313065,-0.00024623930221423507,0.033002596348524094,0.033002596348524094,1.0,0.0,timeout
2236,1.6524300575256348,0.09611308574676514,-0.000246519863139838,0.032999925315380096,0.032999925315380096,1.0,-3.0,timeout
2237,1.6519994735717773,0.09707735478878021,-0.00024676264729350805,0.03300120308995247,0.03300120308995247,1.0,-3.0,timeout
2238,1.6519912481307983,0.09709638357162476,-0.0002518517430871725,0.0006670621805824339,0.0006478271679952741,0.0,3.0,timeout
2239,1.6515635251998901,0.09805361181497574,-0.0002463847922626883,0.032764289528131485,0.03276384249329567,1.0,-3.0,timeout
2240,1.6511344909667969,0.09901854395866394,-0.0002464247518219054,0.03300042077898979,0.03300042077898979,1.0,3.0,timeout
2241,1.6507031917572021,0.09998245537281036,-0.00024667559773661196,0.033000122755765915,0.033000119030475616,1.0,3.0,timeout
2242,1.650269627571106,0.10094533860683441,-0.0002468874445185065,0.03299979493021965,0.03299979120492935,1.0,3.0,timeout
2243,1.649834394454956,0.10190749168395996,-0.000247047224547714,0.03300045058131218,0.03300045058131218,1.0,-3.0,timeout
2244,1.6494015455245972,0.10287067294120789,-0.0002471846528351307,0.03299911320209503,0.03299911320209503,1.0,-3.0,timeout
2245,1.6489708423614502,0.10383487492799759,-0.00024729518918320537,0.03300080448389053,0.03300080448389053,1.0,-3.0,timeout
2246,1.6485424041748047,0.10480007529258728,-0.0002473838103469461,0.03300051391124725,0.03300051391124725,1.0,-3.0,timeout
2247,1.6481155157089233,0.1057659462094307,-0.00024746436974965036,0.03300006315112114,0.03300006315112114,1.0,3.0,timeout
2248,1.648107886314392,0.10578548908233643,-0.00025239112437702715,0.0006734388880431652,0.0006556034786626697,0.0,-3.0,timeout
2249,1.6476833820343018,0.10674484819173813,-0.0002468347956892103,0.03278427943587303,0.03278382122516632,1.0,3.0,timeout
2250,1.6472543478012085,0.1077098548412323,-0.0002467728918418288,0.033002544194459915,0.033002544194459915,1.0,0.0,timeout
2251,1.6472463607788086,0.10772926360368729,-0.00025183107936754823,0.0006746510625816882,0.000655872281640768,0.0,-3.0,timeout
2252,1.6468217372894287,0.10868873447179794,-0.00024638581089675426,0.0327889658510685,0.03278852254152298,1.0,3.0,timeout
2253,1.646812915802002,0.10870777815580368,-0.0002513031067792326,0.0006736243958584964,0.0006558633758686483,0.0,3.0,timeout
2254,1.6463896036148071,0.10965223610401154,-0.00024600743199698627,0.032343704253435135,0.03234328329563141,1.0,3.0,timeout
2255,1.6459555625915527,0.11061492562294006,-0.00024605277576483786,0.0330003947019577,0.0330003947019577,1.0,3.0,timeout
2256,1.6459462642669678,0.11063381284475327,-0.00025125881074927747,0.0006776919472031295,0.0006578744505532086,0.0,3.0,timeout
2257,1.6459455490112305,0.110633485019207,-0.0002508677134755999,2.7457661417429335e-05,2.4587619918747805e-05,0.0,3.0,timeout
2258,1.6459455490112305,0.11063346266746521,-0.00025024585193023086,1.944572250067722e-05,6.9849187411819e-07,0.0,-3.0,timeout
2259,1.6455156803131104,0.1115749403834343,-0.00024486915208399296,0.032343313097953796,0.032342877238988876,1.0,3.0,timeout
2260,1.6450755596160889,0.11253488808870316,-0.000245117669692263,0.03300103172659874,0.03300103172659874,1.0,-3.0,timeout
2261,1.6446378231048584,0.11349589377641678,-0.0002456259389873594,0.03300013765692711,0.03300013393163681,1.0,-3.0,timeout
2262,1.6442023515701294,0.11445794254541397,-0.00024604779900982976,0.033000554889440536,0.03300055116415024,1.0,-3.0,timeout
2263,1.6437684297561646,0.11542070657014847,-0.00024639611365273595,0.03300098702311516,0.03300098329782486,1.0,3.0,timeout
2264,1.6433323621749878,0.11638243496417999,-0.00024666491663083434,0.03299911692738533,0.03299911692738533,1.0,3.0,timeout
2265,1.64289391040802,0.11734314262866974,-0.0002468796446919441,0.03300093486905098,0.03300093486905098,1.0,3.0,timeout
2266,1.6424533128738403,0.1183028295636177,-0.0002470515319146216,0.03299983963370323,0.03299983963370323,1.0,3.0,timeout
2267,1.6420104503631592,0.11926151067018509,-0.00024718913482502103,0.033000897616147995,0.033000897616147995,1.0,3.0,timeout
2268,1.6415661573410034,0.12021946907043457,-0.0002472882915753871,0.032999180257320404,0.032999180257320404,1.0,-3.0,timeout
2269,1.6415568590164185,0.12023836374282837,-0.00025227086734957993,0.000676252820994705,0.000658083357848227,0.0,3.0,timeout
2270,1.6411206722259521,0.12117689102888107,-0.0002467941085342318,0.032342199236154556,0.032341744750738144,1.0,3.0,timeout
2271,1.6406733989715576,0.12213350087404251,-0.0002466825535520911,0.033000290393829346,0.033000290393829346,1.0,3.0,timeout
2272,1.6402242183685303,0.12308930605649948,-0.0002468738239258528,0.0330028235912323,0.0330028235912323,1.0,0.0,timeout
2273,1.6402153968811035,0.12310834974050522,-0.0002519226400181651,0.000674573821015656,0.0006558633758686483,0.0,-3.0,timeout
2274,1.6402153968811035,0.12310829758644104,-0.00025139909121207893,1.644187796046026e-05,1.6298143918902497e-06,0.0,-3.0,timeout
2275,1.639778971672058,0.12404678016901016,-0.0002458069648128003,0.032344091683626175,0.03234361857175827,1.0,3.0,timeout
2276,1.6397695541381836,0.1240655779838562,-0.00025076259043999016,0.000675033254083246,0.0006570291006937623,0.0,3.0,timeout
2277,1.6397689580917358,0.12406527996063232,-0.0002504560980014503,2.2921971321920864e-05,2.082500395772513e-05,0.0,3.0,timeout
2278,1.639768362045288,0.12406500428915024,-0.00024992635007947683,2.636690805957187e-05,2.052214040304534e-05,0.0,3.0,timeout
2279,1.6393237113952637,0.12499955296516418,-0.00024460366694256663,0.03234221786260605,0.032341793179512024,1.0,3.0,timeout
2280,1.6393234729766846,0.12500032782554626,-0.00024988167569972575,0.0001668721524765715,2.5334713427582756e-05,0.0,-3.0,timeout
2281,1.638878345489502,0.12593473494052887,-0.00024478748673573136,0.03234459459781647,0.03234420344233513,1.0,3.0,timeout
2282,1.6384221315383911,0.12688712775707245,-0.0002450738975312561,0.03300069645047188,0.03300069645047188,1.0,3.0,timeout
2283,1.6379637718200684,0.12783850729465485,-0.0002455928479321301,0.03300119563937187,0.033001191914081573,1.0,3.0,timeout
2284,1.6379538774490356,0.12785707414150238,-0.0002509054320398718,0.0006780960829928517,0.0006574589642696083,0.0,3.0,timeout
2285,1.6379530429840088,0.12785667181015015,-0.00025058590108528733,3.062344330828637e-05,2.8949752959306352e-05,0.0,3.0,timeout
2286,1.6379529237747192,0.12785659730434418,-0.000250020413659513,1.820933903218247e-05,4.3930394895141944e-06,0.0,-3.0,timeout
2287,1.6375001668930054,0.12878724932670593,-0.0002446768630761653,0.032342322170734406,0.032341890037059784,1.0,-3.0,timeout
2288,1.6374914646148682,0.12880639731884003,-0.0002498571411706507,0.0006769145838916302,0.0006572724087163806,0.0,-3.0,timeout
2289,1.6370434761047363,0.12973935902118683,-0.0002448466548230499,0.03234240785241127,0.032342031598091125,1.0,-3.0,timeout
2290,1.6365883350372314,0.130692258477211,-0.00024513527750968933,0.03300051391124725,0.033000510185956955,1.0,3.0,timeout
2291,1.6365880966186523,0.13069254159927368,-0.0002506159071344882,0.00017165980534628034,1.1566786270122975e-05,0.0,0.0,timeout
2292,1.636588454246521,0.13069264590740204,-0.00025025734794326127,1.6157868230948225e-05,1.164153127319878e-05,0.0,-3.0,timeout
2293,1.6361417770385742,0.13162632286548615,-0.0002448889135848731,0.03234491124749184,0.032344475388526917,1.0,3.0,timeout
2294,1.635684609413147,0.13257825374603271,-0.00024513425887562335,0.03300056979060173,0.03300056979060173,1.0,-3.0,timeout
2295,1.6352297067642212,0.13353127241134644,-0.00024563941406086087,0.03300066664814949,0.03300066292285919,1.0,-3.0,timeout
2296,1.6352207660675049,0.13355013728141785,-0.000250952725764364,0.0006731823086738586,0.0006523839547298849,0.0,3.0,timeout
2297,1.6352206468582153,0.13355006277561188,-0.00025062280474230647,1.120694196288241e-05,4.3930394895141944e-06,0.0,3.0,timeout
2298,1.6352211236953735,0.1335502713918686,-0.00025005039060488343,2.4176926672225818e-05,1.6264848454738967e-05,0.0,-3.0,timeout
2299,1.635221004486084,0.13355015218257904,-0.00024959759321063757,1.5098865333129652e-05,5.268355835141847e-06,0.0,3.0,timeout
2300,1.6347721815109253,0.1344827264547348,-0.00024434010265395045,0.032342832535505295,0.03234241530299187,1.0,3.0,timeout
2301,1.634312629699707,0.13543350994586945,-0.00024469412164762616,0.03300061076879501,0.033000607043504715,1.0,-3.0,timeout
2302,1.633854627609253,0.13638506829738617,-0.0002452978224027902,0.033001381903886795,0.0330013781785965,1.0,3.0,timeout
2303,1.6338459253311157,0.13640418648719788,-0.0002506582241039723,0.0006774613284505904,0.0006564246723428369,0.0,-3.0,timeout
2304,1.6333881616592407,0.1373547613620758,-0.0002454206405673176,0.0329708606004715,0.032970454543828964,1.0,3.0,timeout
2305,1.6329281330108643,0.13830527663230896,-0.00024567398941144347,0.03299955278635025,0.03299954906105995,1.0,3.0,timeout
2306,1.6329190731048584,0.13832421600818634,-0.0002509482728783041,0.0006764740101061761,0.000656087591778487,0.0,-3.0,timeout
2307,1.6324591636657715,0.1392737776041031,-0.0002456524525769055,0.032971516251564026,0.0329711027443409,1.0,3.0,timeout
2308,1.6319971084594727,0.14022332429885864,-0.0002458594390191138,0.03299997001886368,0.03299997001886368,1.0,3.0,timeout
2309,1.6315327882766724,0.14117182791233063,-0.00024622524506412446,0.033001720905303955,0.033001720905303955,1.0,3.0,timeout
2310,1.63152277469635,0.1411903351545334,-0.0002514111693017185,0.000677255738992244,0.0006575803272426128,0.0,3.0,timeout
2311,1.631522297859192,0.14119014143943787,-0.00025098476908169687,2.0886513084406033e-05,1.608386264706496e-05,0.0,0.0,timeout
2312,1.6315221786499023,0.1411900371313095,-0.0002503447176422924,2.0605029931175523e-05,4.95004724143655e-06,0.0,-3.0,timeout
2313,1.6310656070709229,0.14211882650852203,-0.0002449365856591612,0.03234241157770157,0.03234197199344635,1.0,-3.0,timeout
2314,1.6310651302337646,0.1421193927526474,-0.0002501697454135865,0.00016516433970537037,2.313357254024595e-05,0.0,3.0,timeout
2315,1.6306084394454956,0.14304813742637634,-0.0002450083557050675,0.03234276548027992,0.03234236314892769,1.0,3.0,timeout
2316,1.6301409006118774,0.1439949870109558,-0.00024523917818441987,0.032999712973833084,0.032999712973833084,1.0,-3.0,timeout
2317,1.6296751499176025,0.14494287967681885,-0.0002457289374433458,0.033004265278577805,0.033004261553287506,1.0,0.0,timeout
2318,1.629209280014038,0.1458905190229416,-0.0002461363037582487,0.03299880400300026,0.03299880027770996,1.0,3.0,timeout
2319,1.6287413835525513,0.14683730900287628,-0.00024645187659189105,0.03300299122929573,0.03300299122929573,1.0,0.0,timeout
2320,1.6282732486724854,0.14778386056423187,-0.000246714917011559,0.032999616116285324,0.032999616116285324,1.0,3.0,timeout
2321,1.6278029680252075,0.1487293541431427,-0.00024692004080861807,0.03299979120492935,0.03299979120492935,1.0,3.0,timeout
2322,1.6273305416107178,0.14967375993728638,-0.0002470839535817504,0.03299930319190025,0.03299930319190025,1.0,3.0,timeout
2323,1.6268559694290161,0.15061712265014648,-0.0002472151827532798,0.03300023451447487,0.03300023451447487,1.0,3.0,timeout
2324,1.6263792514801025,0.15155941247940063,-0.0002473201893735677,0.03300050273537636,0.03300050273537636,1.0,3.0,timeout
2325,1.6259005069732666,0.15250064432621002,-0.0002474042703397572,0.0329996682703495,0.0329996682703495,1.0,3.0,timeout
2326,1.6258907318115234,0.15251898765563965,-0.0002523426664993167,0.0006676241173408926,0.0006495427223853767,0.0,-3.0,timeout
2327,1.6254123449325562,0.15345926582813263,-0.0002467683225404471,0.03296849876642227,0.03296804055571556,1.0,3.0,timeout
2328,1.6249325275421143,0.15439990162849426,-0.00024674044107086957,0.03299828991293907,0.03299828991293907,1.0,-3.0,timeout
2329,1.624922513961792,0.15441837906837463,-0.0002518222900107503,0.0006756888469681144,0.0006567614036612213,0.0,3.0,timeout
2330,1.6244513988494873,0.15533994138240814,-0.0002464346762280911,0.032344210892915726,0.03234377130866051,1.0,3.0,timeout
2331,1.6239689588546753,0.15627937018871307,-0.000246389681706205,0.03300204873085022,0.03300204873085022,1.0,0.0,timeout
2332,1.6234862804412842,0.15721860527992249,-0.00024665065575391054,0.033000074326992035,0.033000070601701736,1.0,3.0,timeout
2333,1.6230018138885498,0.15815697610378265,-0.0002468625025358051,0.033001650124788284,0.033001650124788284,1.0,0.0,timeout
2334,1.622517704963684,0.15909545123577118,-0.00024703252711333334,0.032999418675899506,0.032999418675899506,1.0,-3.0,timeout
2335,1.622035264968872,0.16003479063510895,-0.00024718366330489516,0.032999567687511444,0.032999567687511444,1.0,3.0,timeout
2336,1.6220258474349976,0.1600535362958908,-0.00025216644280590117,0.000673811009619385,0.000655572337564081,0.0,-3.0,timeout
2337,1.6220253705978394,0.16005323827266693,-0.00025160485529340804,2.4834844225551933e-05,1.7572157958056778e-05,0.0,3.0,timeout
2338,1.621550440788269,0.16097280383110046,-0.00024596170987933874,0.03234323486685753,0.03234275430440903,1.0,3.0,timeout
2339,1.6210637092590332,0.16190996766090393,-0.00024600225151516497,0.033000703901052475,0.033000703901052475,1.0,3.0,timeout
2340,1.6210541725158691,0.16192853450775146,-0.0002512061910238117,0.0006722442340105772,0.000652277551125735,0.0,-3.0,timeout
2341,1.621053695678711,0.16192837059497833,-0.0002508302277419716,1.9654968127724715e-05,1.5756975699332543e-05,0.0,0.0,timeout
2342,1.621053695678711,0.16192834079265594,-0.00025022163754329085,1.9041232008021325e-05,9.313225177720597e-07,0.0,-3.0,timeout
2343,1.620578646659851,0.1628478765487671,-0.00024484991445206106,0.032344069331884384,0.03234363719820976,1.0,3.0,timeout
2344,1.6205683946609497,0.1628662347793579,-0.0002499969268683344,0.0006764883873984218,0.0006570888217538595,0.0,3.0,timeout
2345,1.6200803518295288,0.16380199790000916,-0.0002448533196002245,0.03298118710517883,0.032980792224407196,1.0,-3.0,timeout
2346,1.6200710535049438,0.16382086277008057,-0.0002501023409422487,0.0006774077191948891,0.0006572478450834751,0.0,-3.0,timeout
2347,1.620071291923523,0.16382096707820892,-0.00024993318947963417,9.699379006633535e-06,8.132424227369484e-06,0.0,-3.0,timeout
2348,1.6200711727142334,0.1638209968805313,-0.00024951319210231304,1.3675109585165046e-05,3.839941200567409e-06,0.0,0.0,timeout
2349,1.6195982694625854,0.16474154591560364,-0.00024427901371382177,0.03234149143099785,0.03234107792377472,1.0,3.0,timeout
2350,1.6191140413284302,0.16568003594875336,-0.00024464557645842433,0.03300154581665993,0.03300154209136963,1.0,-3.0,timeout
2351,1.619104266166687,0.16569848358631134,-0.0002501434355508536,0.00067466392647475,0.0006524211494252086,0.0,3.0,timeout
2352,1.618628978729248,0.16661784052848816,-0.00024509025388397276,0.03234247863292694,0.0323420912027359,1.0,3.0,timeout
2353,1.618628978729248,0.16661874949932098,-0.0002502859861124307,0.00016483258514199406,2.840533670678269e-05,0.0,-3.0,timeout
2354,1.6186285018920898,0.1666184812784195,-0.0002499967231415212,1.9339411664986983e-05,1.7096808733185753e-05,0.0,3.0,timeout
2355,1.6181508302688599,0.1675366461277008,-0.000244670343818143,0.032343752682209015,0.03234332054853439,1.0,3.0,timeout
2356,1.617661952972412,0.16847266256809235,-0.00024495870457030833,0.032999876886606216,0.032999876886606216,1.0,-3.0,timeout
2357,1.6171746253967285,0.16940952837467194,-0.00024550952366553247,0.03300103545188904,0.03300102800130844,1.0,3.0,timeout
2358,1.616685152053833,0.170345276594162,-0.00024595545255579054,0.03300108015537262,0.03300107643008232,1.0,3.0,timeout
2359,1.6161935329437256,0.1712798923254013,-0.00024631249834783375,0.0330008864402771,0.0330008864402771,1.0,3.0,timeout
2360,1.6161929368972778,0.1712799072265625,-0.0002515711821615696,0.00016538675117772073,1.8632270439411514e-05,0.0,0.0,timeout
2361,1.615708827972412,0.172194704413414,-0.00024614817812107503,0.03234404698014259,0.032343603670597076,1.0,3.0,timeout
2362,1.6152135133743286,0.17312730848789215,-0.0002461516414768994,0.03299926966428757,0.03299926966428757,1.0,-3.0,timeout
2363,1.6147197484970093,0.17406080663204193,-0.0002464642166160047,0.03300127759575844,0.03300127759575844,1.0,3.0,timeout
2364,1.6142239570617676,0.17499318718910217,-0.00024671904975548387,0.033000096678733826,0.033000096678733826,1.0,3.0,timeout
2365,1.613726019859314,0.17592443525791168,-0.00024692327133379877,0.03300042077898979,0.03300042077898979,1.0,3.0,timeout
2366,1.613715410232544,0.1759425699710846,-0.0002519696718081832,0.0006752446061000228,0.0006565712974406779,0.0,3.0,timeout
2367,1.613214135169983,0.1768714338541031,-0.0002464464632794261,0.032984595745801926,0.03298414498567581,1.0,-3.0,timeout
2368,1.6132044792175293,0.1768900752067566,-0.0002513770305085927,0.0006739053060300648,0.000656054588034749,0.0,-3.0,timeout
2369,1.613204002380371,0.1768898218870163,-0.0002509632904548198,2.1257474145386368e-05,1.687339499767404e-05,0.0,3.0,timeout
2370,1.612714171409607,0.17780153453350067,-0.00024544779444113374,0.03234313800930977,0.03234267979860306,1.0,3.0,timeout
2371,1.612212896347046,0.17873097956180573,-0.0002455807407386601,0.03300013020634651,0.03300013020634651,1.0,-3.0,timeout
2372,1.611713171005249,0.17966127395629883,-0.00024600696633569896,0.03300055116415024,0.03300054743885994,1.0,3.0,timeout
2373,1.6117128133773804,0.17966143786907196,-0.00025132656446658075,0.00016669140313751996,1.2293809959373903e-05,0.0,0.0,timeout
2374,1.611221432685852,0.18057237565517426,-0.0002459406678099185,0.0323447547852993,0.03234431892633438,1.0,-3.0,timeout
2375,1.6107226610183716,0.18150317668914795,-0.0002459966635797173,0.033000409603118896,0.033000409603118896,1.0,-3.0,timeout
2376,1.6107128858566284,0.1815216839313507,-0.0002512238861527294,0.0006741571705788374,0.0006540676113218069,0.0,3.0,timeout
2377,1.6102231740951538,0.18243345618247986,-0.0002459548704791814,0.03234298154711723,0.03234255686402321,1.0,3.0,timeout
2378,1.609721302986145,0.18336257338523865,-0.0002460109244566411,0.03299995884299278,0.03299995884299278,1.0,3.0,timeout
2379,1.6092172861099243,0.18429052829742432,-0.0002463419805280864,0.03299995884299278,0.03299995884299278,1.0,3.0,timeout
2380,1.6087117195129395,0.18521763384342194,-0.0002466102014295757,0.03299979493021965,0.03299979493021965,1.0,-3.0,timeout
2381,1.6087113618850708,0.18521785736083984,-0.00025181868113577366,0.00016329767822753638,1.3179118468542583e-05,0.0,0.0,timeout
2382,1.6082179546356201,0.18612763285636902,-0.0002463350829202682,0.032342951744794846,0.03234249725937843,1.0,-3.0,timeout
2383,1.6077165603637695,0.18705692887306213,-0.0002463222772348672,0.032997798174619675,0.032997798174619675,1.0,3.0,timeout
2384,1.607212781906128,0.18798507750034332,-0.0002465910802129656,0.033001724630594254,0.033001724630594254,1.0,3.0,timeout
2385,1.606706976890564,0.1889120489358902,-0.00024681989452801645,0.032999683171510696,0.032999683171510696,1.0,3.0,timeout
2386,1.606199026107788,0.18983784317970276,-0.0002470037725288421,0.03299959748983383,0.03299959748983383,1.0,3.0,timeout
2387,1.605689525604248,0.19076281785964966,-0.00024714009487070143,0.033000487834215164,0.033000487834215164,1.0,-3.0,timeout
2388,1.6051816940307617,0.19168870151042938,-0.000247269548708573,0.03300025686621666,0.03300025686621666,1.0,3.0,timeout
2389,1.604671835899353,0.19261343777179718,-0.00024736381601542234,0.03299935534596443,0.03299935534596443,1.0,3.0,timeout
2390,1.6041597127914429,0.19353701174259186,-0.0002474389330018312,0.033001817762851715,0.033001817762851715,1.0,3.0,timeout
2391,1.6041488647460938,0.19355496764183044,-0.0002523819566704333,0.0006735283532179892,0.0006555757718160748,0.0,3.0,timeout
2392,1.6041481494903564,0.19355453550815582,-0.0002517665852792561,3.2430998544441536e-05,2.6114423235412687e-05,0.0,3.0,timeout
2393,1.6036409139633179,0.19445699453353882,-0.000246077892370522,0.03235170990228653,0.03235122188925743,1.0,-3.0,timeout
2394,1.6036403179168701,0.19445748627185822,-0.0002510840422473848,0.00015829478797968477,2.4147129806806333e-05,0.0,3.0,timeout
2395,1.6031328439712524,0.1953595131635666,-0.00024573964765295386,0.032343532890081406,0.03234310448169708,1.0,3.0,timeout
2396,1.6026132106781006,0.1962788999080658,-0.0002458291710354388,0.03300228714942932,0.03300228714942932,1.0,0.0,timeout
2397,1.6020939350128174,0.19719840586185455,-0.00024619142641313374,0.03300003334879875,0.03300003334879875,1.0,-3.0,timeout
2398,1.6015769243240356,0.1981191635131836,-0.00024649978149682283,0.03299938887357712,0.03299938887357712,1.0,-3.0,timeout
2399,1.6010613441467285,0.19904077053070068,-0.00024675752501934767,0.03300068527460098,0.03300068527460098,1.0,3.0,timeout
2400,1.601050853729248,0.19905896484851837,-0.0002518369583413005,0.0006752333138138056,0.0006563109927810729,0.0,3.0,timeout
2401,1.601050615310669,0.19905878603458405,-0.00025133026065304875,1.8370119505561888e-05,9.313225746154785e-06,0.0,3.0,timeout
2402,1.6005396842956543,0.19995903968811035,-0.0002457296068314463,0.03234848007559776,0.03234800696372986,1.0,-3.0,timeout
2403,1.6000207662582397,0.2008787840604782,-0.0002458178496453911,0.03300102800130844,0.03300102800130844,1.0,-3.0,timeout
2404,1.6000111103057861,0.2008962780237198,-0.00025108479894697666,0.0006457620766013861,0.0006244342075660825,0.0,3.0,timeout
2405,1.6000111103057861,0.2008962780237198,-0.0002507235330995172,1.1289556823612656e-05,0.0,0.0,3.0,timeout
2406,1.5994899272918701,0.20181448757648468,-0.00024515390396118164,0.032994601875543594,0.03299414739012718,1.0,0.0,timeout
2407,1.5989686250686646,0.2027328908443451,-0.00024544872576370835,0.03300125151872635,0.03300125151872635,1.0,0.0,timeout
2408,1.5984468460083008,0.20365101099014282,-0.0002459012612234801,0.033000919967889786,0.03300091624259949,1.0,3.0,timeout
2409,1.5979230403900146,0.20456789433956146,-0.0002462684642523527,0.03299868851900101,0.03299868479371071,1.0,3.0,timeout
2410,1.5979121923446655,0.20458586513996124,-0.00025144589017145336,0.0006756330258212984,0.0006559744360856712,0.0,3.0,timeout
2411,1.5973848104476929,0.20550024509429932,-0.0002460273972246796,0.03298691287636757,0.03298647701740265,1.0,-3.0,timeout
2412,1.5968592166900635,0.20641617476940155,-0.0002461652038618922,0.03300059214234352,0.03300059214234352,1.0,0.0,timeout
2413,1.5963335037231445,0.20733210444450378,-0.00024647009558975697,0.033002447336912155,0.03300244361162186,1.0,0.0,timeout
2414,1.5958075523376465,0.20824778079986572,-0.0002467289741616696,0.03299928829073906,0.03299928829073906,1.0,3.0,timeout
2415,1.5952796936035156,0.20916247367858887,-0.00024692583247087896,0.03300239145755768,0.03300239145755768,1.0,0.0,timeout
2416,1.5947519540786743,0.210077166557312,-0.0002470885228831321,0.033000532537698746,0.033000532537698746,1.0,0.0,timeout
2417,1.5942238569259644,0.21099162101745605,-0.0002472242049407214,0.0329996682703495,0.032999664545059204,1.0,3.0,timeout
2418,1.5942165851593018,0.2110045999288559,-0.00025222671683877707,0.0004904914530925453,0.0004649121256079525,0.0,-3.0,timeout
2419,1.5942161083221436,0.21100424230098724,-0.0002516261884011328,2.6441002773935907e-05,1.862645149230957e-05,0.0,3.0,timeout
2420,1.5936964750289917,0.21189934015274048,-0.0002459774841554463,0.032344140112400055,0.032343655824661255,1.0,3.0,timeout
2421,1.5931644439697266,0.21281161904335022,-0.00024600946926511824,0.033002570271492004,0.033002570271492004,1.0,0.0,timeout
2422,1.593164086341858,0.21281170845031738,-0.0002513189392630011,0.00016632035840302706,1.1519823601702228e-05,0.0,0.0,timeout
2423,1.5926423072814941,0.21370552480220795,-0.00024594555725343525,0.032343219965696335,0.032342784106731415,1.0,3.0,timeout
2424,1.5926311016082764,0.2137233018875122,-0.00025088389520533383,0.0006745795835740864,0.0006566902156919241,0.0,3.0,timeout
2425,1.5920953750610352,0.21463273465633392,-0.0002455629291944206,0.0329846553504467,0.032984234392642975,1.0,-3.0,timeout
2426,1.5920851230621338,0.21465106308460236,-0.00025067018577829003,0.0006754040950909257,0.0006562758353538811,0.0,-3.0,timeout
2427,1.5915533304214478,0.21556316316127777,-0.00024541126913391054,0.03299440070986748,0.03299398720264435,1.0,0.0,timeout
2428,1.591021180152893,0.21647526323795319,-0.00024567439686506987,0.03299961984157562,0.03299961984157562,1.0,3.0,timeout
2429,1.5904874801635742,0.21738648414611816,-0.0002460668911226094,0.033000342547893524,0.033000338822603226,1.0,-3.0,timeout
2430,1.589955449104309,0.21829861402511597,-0.00024641057825647295,0.032998550683259964,0.032998546957969666,1.0,3.0,timeout
2431,1.5894211530685425,0.21920950710773468,-0.0002466766454745084,0.033000923693180084,0.033000923693180084,1.0,3.0,timeout
2432,1.5894206762313843,0.21920958161354065,-0.0002518622495699674,0.00016275043890345842,1.5081963283591904e-05,0.0,0.0,timeout
2433,1.5894206762313843,0.21920955181121826,-0.0002512546197976917,1.901125506265089e-05,9.313225177720597e-07,0.0,-3.0,timeout
2434,1.5888946056365967,0.22010575234889984,-0.0002456673246342689,0.0324753038585186,0.032474830746650696,1.0,3.0,timeout
2435,1.588358759880066,0.22101564705371857,-0.00024577538715675473,0.03299856558442116,0.03299856558442116,1.0,-3.0,timeout
2436,1.5883485078811646,0.22103393077850342,-0.0002510350605007261,0.0006753631751053035,0.0006550569669343531,0.0,-3.0,timeout
2437,1.5878273248672485,0.22192813456058502,-0.0002458035887684673,0.0323442667722702,0.03234385699033737,1.0,-3.0,timeout
2438,1.5872975587844849,0.22284162044525146,-0.0002459013485349715,0.032999590039253235,0.032999590039253235,1.0,3.0,timeout
2439,1.5872867107391357,0.22285962104797363,-0.00025113800074905157,0.0006768524181097746,0.0006567718810401857,0.0,3.0,timeout
2440,1.5872864723205566,0.2228594273328781,-0.00025077053578570485,1.4967393326514866e-05,9.599853001418523e-06,0.0,3.0,timeout
2441,1.5867609977722168,0.22375251352787018,-0.00024527707137167454,0.032381944358348846,0.032381489872932434,1.0,-3.0,timeout
2442,1.586227297782898,0.22466373443603516,-0.00024547046632505953,0.033000338822603226,0.033000338822603226,1.0,3.0,timeout
2443,1.5856914520263672,0.22557371854782104,-0.0002459095558151603,0.033000972121953964,0.033000968396663666,1.0,3.0,timeout
2444,1.5856804847717285,0.22559157013893127,-0.00025115825701504946,0.0006749629392288625,0.0006547303055413067,0.0,3.0,timeout
2445,1.585150957107544,0.2264808565378189,-0.00024590303655713797,0.032344236969947815,0.032343823462724686,1.0,3.0,timeout
2446,1.5846091508865356,0.22738729417324066,-0.00024595946888439357,0.03300069645047188,0.03300069645047188,1.0,-3.0,timeout
2447,1.5846089124679565,0.22738750278949738,-0.0002512838691473007,0.00016668176976963878,9.9000944828731e-06,0.0,0.0,timeout
2448,1.5840792655944824,0.22827669978141785,-0.00024591770488768816,0.03234376013278961,0.03234332427382469,1.0,3.0,timeout
2449,1.5835367441177368,0.22918269038200378,-0.00024597786250524223,0.03300018608570099,0.03300018608570099,1.0,3.0,timeout
2450,1.58352530002594,0.2292003482580185,-0.0002511987986508757,0.000677502597682178,0.0006575640290975571,0.0,3.0,timeout
2451,1.5829893350601196,0.23008576035499573,-0.0002459351089783013,0.03234398737549782,0.03234357014298439,1.0,3.0,timeout
2452,1.5824403762817383,0.23098787665367126,-0.00024599573225714266,0.03300049528479576,0.03300049528479576,1.0,3.0,timeout
2453,1.5818897485733032,0.231889009475708,-0.0002463245764374733,0.033001407980918884,0.033001407980918884,1.0,0.0,timeout
2454,1.581338882446289,0.23278994858264923,-0.00024661264615133405,0.03300013020634651,0.03300013020634651,1.0,3.0,timeout
2455,1.581333041191101,0.2327992171049118,-0.0002517560205888003,0.00037821545265614986,0.0003423633170314133,0.0,-3.0,timeout
2456,1.5813323259353638,0.2327987402677536,-0.0002512323553673923,3.145541268168017e-05,2.6863448510994203e-05,0.0,3.0,timeout
2457,1.5813322067260742,0.23279868066310883,-0.00025053598801605403,2.215646964032203e-05,4.165000973443966e-06,0.0,-3.0,timeout
2458,1.5813322067260742,0.23279865086078644,-0.0002499751572031528,1.7550688426126726e-05,9.313225177720597e-07,0.0,-3.0,timeout
2459,1.581331729888916,0.23279830813407898,-0.0002495373191777617,2.2890222680871375e-05,1.8350834579905495e-05,0.0,3.0,timeout
2460,1.5807815790176392,0.2336995154619217,-0.00024419015971943736,0.032996051013469696,0.03299563005566597,1.0,0.0,timeout
2461,1.5802311897277832,0.23460069298744202,-0.0002446825965307653,0.03299872204661369,0.032998718321323395,1.0,3.0,timeout
2462,1.579679250717163,0.2355009913444519,-0.0002452729095239192,0.03300056234002113,0.033000554889440536,1.0,-3.0,timeout
2463,1.5791294574737549,0.23640260100364685,-0.00024576514260843396,0.03300054371356964,0.03300053998827934,1.0,-3.0,timeout
2464,1.5785818099975586,0.23730550706386566,-0.00024615999427624047,0.033000312745571136,0.033000312745571136,1.0,-3.0,timeout
2465,1.5780357122421265,0.2382093071937561,-0.0002464857534505427,0.032999131828546524,0.032999128103256226,1.0,3.0,timeout
2466,1.5774873495101929,0.23911181092262268,-0.0002467365120537579,0.033001162111759186,0.033001162111759186,1.0,3.0,timeout
2467,1.5774871110916138,0.2391120046377182,-0.0002519100671634078,0.00016195834905374795,9.599853001418523e-06,0.0,0.0,timeout
2468,1.5774867534637451,0.23911172151565552,-0.0002513033978175372,2.371921254962217e-05,1.4254103916755412e-05,0.0,3.0,timeout
2469,1.57694411277771,0.23999719321727753,-0.0002456888323649764,0.032454151660203934,0.03245367482304573,1.0,-3.0,timeout
2470,1.57694411277771,0.2399975210428238,-0.0002507836907170713,0.00015954356058500707,1.0244547411275562e-05,0.0,0.0,timeout
2471,1.5769439935684204,0.23999737203121185,-0.000250388024142012,1.3727515579375904e-05,5.963373951090034e-06,0.0,3.0,timeout
2472,1.5764027833938599,0.2408795803785324,-0.0002449826861266047,0.03234381228685379,0.03234337270259857,1.0,3.0,timeout
2473,1.5763914585113525,0.2408972531557083,-0.00025010277749970555,0.0006751702167093754,0.0006559373578056693,0.0,3.0,timeout
2474,1.5763911008834839,0.2408970147371292,-0.00024992789258249104,1.4501004443445709e-05,1.3431724255497102e-05,0.0,3.0,timeout
2475,1.576391339302063,0.24089711904525757,-0.0002494936343282461,1.5820767657714896e-05,8.132424227369484e-06,0.0,-3.0,timeout
2476,1.575846552848816,0.24177707731723785,-0.00024425561423413455,0.03234255686402321,0.03234214708209038,1.0,-3.0,timeout
2477,1.5752924680709839,0.2426760494709015,-0.0002446480211801827,0.03300036862492561,0.033000364899635315,1.0,3.0,timeout
2478,1.5752875804901123,0.2426847517490387,-0.0002501756534911692,0.0003565415390767157,0.00031190269510261714,0.0,-3.0,timeout
2479,1.5747336149215698,0.24358290433883667,-0.0002449835592415184,0.03297701105475426,0.03297660872340202,1.0,3.0,timeout
2480,1.5741772651672363,0.24448055028915405,-0.00024532314273528755,0.033002328127622604,0.033002328127622604,1.0,3.0,timeout
2481,1.5736196041107178,0.24537727236747742,-0.00024578545708209276,0.03299941122531891,0.03299941122531891,1.0,-3.0,timeout
2482,1.5736192464828491,0.24537748098373413,-0.0002511588972993195,0.00016841772594489157,1.2938346117152832e-05,0.0,0.0,timeout
2483,1.5730739831924438,0.24625718593597412,-0.0002458184026181698,0.03234369307756424,0.032343264669179916,1.0,3.0,timeout
2484,1.5730738639831543,0.24625776708126068,-0.0002508655597921461,0.00015880944556556642,1.8538932636147365e-05,0.0,-3.0,timeout
2485,1.5730736255645752,0.24625766277313232,-0.00025045344955287874,1.5231239558488596e-05,8.132424227369484e-06,0.0,0.0,timeout
2486,1.573073387145996,0.24625758826732635,-0.00024992082035169005,1.8384147551842034e-05,7.805904715496581e-06,0.0,0.0,timeout
2487,1.5725278854370117,0.2471371293067932,-0.00024460465647280216,0.032343264669179916,0.032342832535505295,1.0,3.0,timeout
2488,1.5725163221359253,0.2471546232700348,-0.00024980056332424283,0.0006751345936208963,0.0006553182611241937,0.0,3.0,timeout
2489,1.5719563961029053,0.24804939329624176,-0.000244695576839149,0.03298550471663475,0.03298512101173401,1.0,-3.0,timeout
2490,1.5719456672668457,0.2480674535036087,-0.0002499769616406411,0.0006768868188373744,0.000656457559671253,0.0,-3.0,timeout
2491,1.5719460248947144,0.24806760251522064,-0.0002498329558875412,1.2916490959469229e-05,1.2107192560506519e-05,0.0,-3.0,timeout
2492,1.5719456672668457,0.24806739389896393,-0.0002494383661542088,1.7873237084131688e-05,1.2938346117152832e-05,0.0,3.0,timeout
2493,1.5713989734649658,0.24895049631595612,-0.0002441856195218861,0.03245747834444046,0.03245706111192703,1.0,-3.0,timeout
2494,1.5713986158370972,0.24895091354846954,-0.00024958624271675944,0.00016964090173132718,1.7172738807857968e-05,0.0,3.0,timeout
2495,1.5713984966278076,0.24895083904266357,-0.00024942582240328193,6.665606633760035e-06,4.3930394895141944e-06,0.0,3.0,timeout
2496,1.570851445198059,0.24982938170433044,-0.00024421268608421087,0.03234231099486351,0.03234189748764038,1.0,3.0,timeout
2497,1.5702910423278809,0.2507244348526001,-0.0002446029393468052,0.03300052508711815,0.03300052136182785,1.0,3.0,timeout
2498,1.5702793598175049,0.2507419288158417,-0.00025009913952089846,0.0006794471410103142,0.0006573798018507659,0.0,3.0,timeout
2499,1.5697258710861206,0.2516164779663086,-0.0002450550382491201,0.0323435440659523,0.03234316036105156,1.0,3.0,timeout
2500,1.569714069366455,0.2516338527202606,-0.0002501757408026606,0.0006755959475412965,0.0006563710048794746,0.0,3.0,timeout
2501,1.569156289100647,0.25250571966171265,-0.0002451025939080864,0.03234482929110527,0.03234444186091423,1.0,3.0,timeout
2502,1.569144368171692,0.2525230050086975,-0.0002502130810171366,0.0006753245834261179,0.0006561694317497313,0.0,3.0,timeout
2503,1.5685824155807495,0.25339218974113464,-0.00024513251264579594,0.03234485909342766,0.03234447166323662,1.0,3.0,timeout
2504,1.568007230758667,0.25427794456481934,-0.0002453476772643626,0.03300389274954796,0.03300389274954796,1.0,0.0,timeout
2505,1.5679951906204224,0.2542951703071594,-0.0002507008903194219,0.0006777346134185791,0.0006567640230059624,0.0,3.0,timeout
2506,1.5679947137832642,0.2542947828769684,-0.00025042160996235907,2.1090238078613766e-05,1.9199706002837047e-05,0.0,3.0,timeout
2507,1.5679947137832642,0.25429481267929077,-0.00024988912628032267,1.6666155715938658e-05,9.313225177720597e-07,0.0,-3.0,timeout
2508,1.5674294233322144,0.2551617920398712,-0.0002445718564558774,0.032343897968530655,0.03234346956014633,1.0,-3.0,timeout
2509,1.5674185752868652,0.2551797032356262,-0.00024977358407340944,0.0006742682307958603,0.0006543804774992168,0.0,-3.0,timeout
2510,1.5668575763702393,0.2560495436191559,-0.00024477968690916896,0.03234589472413063,0.03234551474452019,1.0,-3.0,timeout
2511,1.5662871599197388,0.2569381892681122,-0.0002450817555654794,0.03299896419048309,0.032998960465192795,1.0,3.0,timeout
2512,1.5657148361206055,0.2578257620334625,-0.0002455941285006702,0.03300301730632782,0.03300301358103752,1.0,0.0,timeout
2513,1.5657145977020264,0.257826030254364,-0.00025100167840719223,0.0001693576341494918,1.1214608093723655e-05,0.0,0.0,timeout
2514,1.5651532411575317,0.258695513010025,-0.00024569229572080076,0.03234260901808739,0.03234218806028366,1.0,3.0,timeout
2515,1.564578890800476,0.25958168506622314,-0.00024578734883107245,0.0330006405711174,0.0330006405711174,1.0,-3.0,timeout
2516,1.564568042755127,0.25959959626197815,-0.0002510444901417941,0.0006746877916157246,0.0006543804774992168,0.0,-3.0,timeout
2517,1.563997507095337,0.26048746705055237,-0.00024572762777097523,0.0329810194671154,0.032980602234601974,1.0,3.0,timeout
2518,1.5634247064590454,0.26137465238571167,-0.0002459207898937166,0.033000923693180084,0.033000919967889786,1.0,3.0,timeout
2519,1.5634127855300903,0.2613919675350189,-0.0002511574130039662,0.0006770116742700338,0.0006569363758899271,0.0,3.0,timeout
2520,1.562836766242981,0.26227647066116333,-0.00024579596356488764,0.03298574313521385,0.03298531472682953,1.0,-3.0,timeout
2521,1.5628256797790527,0.26229432225227356,-0.0002508574689272791,0.0006754684145562351,0.0006566880620084703,0.0,-3.0,timeout
2522,1.5622532367706299,0.2631809711456299,-0.0002455681678839028,0.03298119083046913,0.032980777323246,1.0,3.0,timeout
2523,1.5616785287857056,0.2640669047832489,-0.00024579279124736786,0.03300046920776367,0.03300046548247337,1.0,3.0,timeout
2524,1.5616745948791504,0.26407313346862793,-0.0002511068887542933,0.0002838624641299248,0.00023021758534014225,0.0,-3.0,timeout
2525,1.5616741180419922,0.2640727460384369,-0.00025069640832953155,2.3090555259841494e-05,1.9199706002837047e-05,0.0,3.0,timeout
2526,1.5611088275909424,0.2649397552013397,-0.00024523213505744934,0.032344698905944824,0.03234424814581871,1.0,3.0,timeout
2527,1.5611083507537842,0.2649397850036621,-0.00025039256433956325,0.00016195308126043528,1.4930235920473933e-05,0.0,0.0,timeout
2528,1.5605409145355225,0.2658053934574127,-0.00024518955615349114,0.03234471380710602,0.03234430402517319,1.0,3.0,timeout
2529,1.5599604845046997,0.2666876018047333,-0.0002453843189869076,0.03300080448389053,0.03300080448389053,1.0,-3.0,timeout
2530,1.5593816041946411,0.2675708532333374,-0.00024585050414316356,0.03300147131085396,0.03300147131085396,1.0,3.0,timeout
2531,1.5588008165359497,0.2684527635574341,-0.0002462282427586615,0.03299917280673981,0.03299916908144951,1.0,3.0,timeout
2532,1.5587886571884155,0.2684698700904846,-0.00025141393416561186,0.0006755889626219869,0.0006558653549291193,0.0,3.0,timeout
2533,1.5582045316696167,0.26934918761253357,-0.0002460014948155731,0.03298956900835037,0.03298913687467575,1.0,-3.0,timeout
2534,1.558193325996399,0.2693668603897095,-0.00025102190556935966,0.0006724915001541376,0.000653935014270246,0.0,-3.0,timeout
2535,1.5576128959655762,0.27024829387664795,-0.00024569977540522814,0.03298100084066391,0.032980579882860184,1.0,3.0,timeout
2536,1.557030439376831,0.2711292803287506,-0.00024589276290498674,0.0330037958920002,0.0330037958920002,1.0,0.0,timeout
2537,1.5564481019973755,0.27201026678085327,-0.00024625175865367055,0.033001743257045746,0.033001743257045746,1.0,0.0,timeout
2538,1.5558655261993408,0.27289101481437683,-0.0002465545549057424,0.032999638468027115,0.032999638468027115,1.0,3.0,timeout
2539,1.5552809238433838,0.27377045154571533,-0.0002467917511239648,0.033000487834215164,0.033000487834215164,1.0,3.0,timeout
2540,1.5546942949295044,0.274648517370224,-0.00024698139168322086,0.032999955117702484,0.032999955117702484,1.0,3.0,timeout
2541,1.5541057586669922,0.27552530169487,-0.00024713313905522227,0.03299984708428383,0.03299984708428383,1.0,3.0,timeout
2542,1.5535157918930054,0.2764011025428772,-0.00024724341346882284,0.03299928456544876,0.03299928456544876,1.0,-3.0,timeout
2543,1.5529273748397827,0.27727800607681274,-0.000247352261794731,0.03300086408853531,0.03300086408853531,1.0,3.0,timeout
2544,1.5529268980026245,0.27727797627449036,-0.00025240276590920985,0.00015853285731282085,1.4930235920473933e-05,0.0,0.0,timeout
2545,1.5523488521575928,0.27813658118247986,-0.0002468012971803546,0.03234594687819481,0.032345473766326904,1.0,-3.0,timeout
2546,1.5517609119415283,0.2790137529373169,-0.00024669565027579665,0.03299952670931816,0.03299952670931816,1.0,3.0,timeout
2547,1.5511709451675415,0.2798895835876465,-0.00024688986013643444,0.03300005942583084,0.03300005942583084,1.0,3.0,timeout
2548,1.5511586666107178,0.27990660071372986,-0.0002519420813769102,0.0006745009450241923,0.0006557627930305898,0.0,3.0,timeout
2549,1.550565481185913,0.28077980875968933,-0.0002464237913955003,0.032988984137773514,0.0329885333776474,1.0,-3.0,timeout
2550,1.5505648851394653,0.2807800769805908,-0.00025146559346467257,0.00015887475456111133,2.0425499315024354e-05,0.0,3.0,timeout
2551,1.5499829053878784,0.2816358506679535,-0.00024604881764389575,0.03234153613448143,0.03234109282493591,1.0,3.0,timeout
2552,1.5493870973587036,0.28250786662101746,-0.0002460766118019819,0.03300389274954796,0.03300389274954796,1.0,0.0,timeout
2553,1.5493749380111694,0.2825249433517456,-0.0002512831997592002,0.0006750093889422715,0.0006551064434461296,0.0,3.0,timeout
2554,1.5487886667251587,0.28337788581848145,-0.00024600265896879137,0.03234416991472244,0.032343748956918716,1.0,3.0,timeout
2555,1.5487885475158691,0.28337833285331726,-0.0002510167541913688,0.0001573560875840485,1.4458013538387604e-05,0.0,-3.0,timeout
2556,1.548202633857727,0.2842315137386322,-0.00024568327353335917,0.03234398737549782,0.032343558967113495,1.0,-3.0,timeout
2557,1.547607183456421,0.2851036489009857,-0.00024579002638347447,0.03300066292285919,0.03300066292285919,1.0,-3.0,timeout
2558,1.547013282775879,0.2859767973423004,-0.0002461750991642475,0.03299956023693085,0.03299956023693085,1.0,3.0,timeout
2559,1.5470012426376343,0.2859939932823181,-0.00025137074408121407,0.0006757952505722642,0.0006560008623637259,0.0,3.0,timeout
2560,1.5470008850097656,0.2859937846660614,-0.0002509573532734066,1.8283530152984895e-05,1.2938346117152832e-05,0.0,3.0,timeout
2561,1.5470006465911865,0.2859935760498047,-0.00025032772100530565,2.202628274972085e-05,9.9000944828731e-06,0.0,3.0,timeout
2562,1.5470010042190552,0.285993754863739,-0.00024979960289783776,2.0700166714959778e-05,1.2495002920331899e-05,0.0,-3.0,timeout
2563,1.5464134216308594,0.2868458330631256,-0.0002444997080601752,0.032345160841941833,0.03234473988413811,1.0,-3.0,timeout
2564,1.545816421508789,0.2877168655395508,-0.0002448331215418875,0.032999563962221146,0.032999563962221146,1.0,-3.0,timeout
2565,1.5452207326889038,0.28858885169029236,-0.0002454092027619481,0.03300102427601814,0.033001020550727844,1.0,3.0,timeout
2566,1.5446230173110962,0.2894594073295593,-0.00024587480584159493,0.032999925315380096,0.0329999215900898,1.0,3.0,timeout
2567,1.5440237522125244,0.2903289496898651,-0.0002462375850882381,0.03300128132104874,0.03300127759575844,1.0,-3.0,timeout
2568,1.544019103050232,0.2903355360031128,-0.0002514901862014085,0.00030068939668126404,0.0002519343688618392,0.0,3.0,timeout
2569,1.5440188646316528,0.29033538699150085,-0.00025099661434069276,1.7751019186107442e-05,8.786078979028389e-06,0.0,3.0,timeout
2570,1.5434176921844482,0.2912033498287201,-0.00024537014542147517,0.03299501910805702,0.032994549721479416,1.0,0.0,timeout
2571,1.5434056520462036,0.291220486164093,-0.00025051049306057394,0.0006739010568708181,0.0006544759380631149,0.0,3.0,timeout
2572,1.5428138971328735,0.29206958413124084,-0.00024537346325814724,0.032342880964279175,0.03234248608350754,1.0,3.0,timeout
2573,1.5428014993667603,0.29208654165267944,-0.00025042955530807376,0.0006751925102435052,0.0006564449868164957,0.0,3.0,timeout
2574,1.5421943664550781,0.2929500937461853,-0.0002451991895213723,0.03298851475119591,0.032988108694553375,1.0,-3.0,timeout
2575,1.5415890216827393,0.29381540417671204,-0.0002454974455758929,0.03300101310014725,0.03300100937485695,1.0,-3.0,timeout
2576,1.5409857034683228,0.2946821451187134,-0.00024593540001660585,0.033001430332660675,0.03300142660737038,1.0,-3.0,timeout
2577,1.5403838157653809,0.29554983973503113,-0.00024630557163618505,0.0330003947019577,0.0330003947019577,1.0,3.0,timeout
2578,1.5397801399230957,0.29641634225845337,-0.00024658741313032806,0.03300170600414276,0.03300170227885246,1.0,0.0,timeout
2579,1.5391765832901,0.2972823679447174,-0.00024269380082841963,0.0329875722527504,0.03298734501004219,1.0,0.0,timeout
2580,1.5385724306106567,0.2981484830379486,-0.0002434867201372981,0.03300030156970024,0.033000290393829346,1.0,3.0,timeout
2581,1.5385700464248657,0.29815250635147095,-0.0002492750936653465,0.00023254842380993068,0.00014614644169341773,0.0,-3.0,timeout
2582,1.5379784107208252,0.29900163412094116,-0.0002443227858748287,0.03234148770570755,0.032341118901968,1.0,-3.0,timeout
2583,1.537377119064331,0.29986968636512756,-0.00024470366770401597,0.03299896791577339,0.03299896791577339,1.0,-3.0,timeout
2584,1.5367777347564697,0.3007391691207886,-0.0002452964836265892,0.033001866191625595,0.033001858741045,1.0,-3.0,timeout
2585,1.5361799001693726,0.3016095757484436,-0.000245794391958043,0.03299819305539131,0.03299818933010101,1.0,3.0,timeout
2586,1.5355805158615112,0.30247896909713745,-0.0002461739059071988,0.032999563962221146,0.03299956023693085,1.0,-3.0,timeout
2587,1.5355759859085083,0.3024856448173523,-0.0002514392544981092,0.0003010554355569184,0.0002521116111893207,0.0,3.0,timeout
2588,1.5349878072738647,0.3033372461795807,-0.0002460711111780256,0.032343488186597824,0.032343052327632904,1.0,3.0,timeout
2589,1.5343855619430542,0.30420467257499695,-0.000246101466473192,0.032999880611896515,0.032999880611896515,1.0,3.0,timeout
2590,1.5343852043151855,0.3042047917842865,-0.000251387624302879,0.0001656119420658797,1.1780402019212488e-05,0.0,0.0,timeout
2591,1.5337927341461182,0.3050534725189209,-0.00024600024335086346,0.032345015555620193,0.032344575971364975,1.0,3.0,timeout
2592,1.5331865549087524,0.30591821670532227,-0.0002460386313032359,0.03300147503614426,0.03300147503614426,1.0,0.0,timeout
2593,1.5325806140899658,0.30678310990333557,-0.0002463588898535818,0.03300101310014725,0.03300100937485695,1.0,-3.0,timeout
2594,1.5325804948806763,0.3067833185195923,-0.00025161728262901306,0.00016449621762149036,7.508562248403905e-06,0.0,0.0,timeout
2595,1.5325807332992554,0.30678343772888184,-0.0002510593621991575,1.93227479030611e-05,8.330001946887933e-06,0.0,-3.0,timeout
2596,1.5325804948806763,0.30678319931030273,-0.00025041543995030224,2.271431549161207e-05,1.0536711670283694e-05,0.0,3.0,timeout
2597,1.5319827795028687,0.3076407313346863,-0.0002449366729706526,0.032665666192770004,0.03266521915793419,1.0,-3.0,timeout
2598,1.5313812494277954,0.30850860476493835,-0.0002452274493407458,0.032998621463775635,0.032998621463775635,1.0,-3.0,timeout
2599,1.5313771963119507,0.3085145950317383,-0.000250673561822623,0.0002829310542438179,0.0002260199107695371,0.0,3.0,timeout
2600,1.5307868719100952,0.3093647062778473,-0.00024545405176468194,0.032343361526727676,0.032342951744794846,1.0,3.0,timeout
2601,1.5307867527008057,0.30936500430107117,-0.00025058185565285385,0.000160557494382374,1.0030650628323201e-05,0.0,0.0,timeout
2602,1.5307865142822266,0.30936476588249207,-0.00025022620684467256,1.5314824850065634e-05,1.0536711670283694e-05,0.0,3.0,timeout
2603,1.5307862758636475,0.30936455726623535,-0.0002497383684385568,1.817746669985354e-05,9.9000944828731e-06,0.0,3.0,timeout
2604,1.5307860374450684,0.30936434864997864,-0.00024933789973147213,1.5957075447659008e-05,9.9000944828731e-06,0.0,3.0,timeout
2605,1.530786395072937,0.30936455726623535,-0.0002490072220098227,1.6558555216761306e-05,1.2938346117152832e-05,0.0,-3.0,timeout
2606,1.5307860374450684,0.30936434864997864,-0.0002487626043148339,1.5027846529847011e-05,1.2938346117152832e-05,0.0,3.0,timeout
2607,1.530786395072937,0.30936452746391296,-0.00024854758521541953,1.4187131455400959e-05,1.2495002920331899e-05,0.0,-3.0,timeout
2608,1.5307862758636475,0.30936458706855774,-0.0002483896678313613,6.457603831222514e-06,4.165000973443966e-06,0.0,0.0,timeout
2609,1.5301907062530518,0.31021106243133545,-0.00024336791830137372,0.03234410658478737,0.032343730330467224,1.0,-3.0,timeout
2610,1.5295847654342651,0.311075896024704,-0.00024393810599576682,0.032999489456415176,0.03299948573112488,1.0,3.0,timeout
2611,1.5289767980575562,0.3119393289089203,-0.0002446838770993054,0.033000074326992035,0.03300006687641144,1.0,3.0,timeout
2612,1.5289642810821533,0.3119561970233917,-0.00025017853477038443,0.0006784915458410978,0.0006564047071151435,0.0,3.0,timeout
2613,1.5283643007278442,0.3127995431423187,-0.0002451191539876163,0.032343897968530655,0.032343506813049316,1.0,3.0,timeout
2614,1.527750015258789,0.31365853548049927,-0.0002453432243783027,0.03300115838646889,0.03300115838646889,1.0,3.0,timeout
2615,1.527133822441101,0.3145161271095276,-0.0002458083617966622,0.033000312745571136,0.03300030902028084,1.0,3.0,timeout
2616,1.5265157222747803,0.3153723180294037,-0.00024619439500384033,0.03299962729215622,0.03299962356686592,1.0,3.0,timeout
2617,1.525895595550537,0.31622716784477234,-0.0002465039142407477,0.03300280123949051,0.03300280123949051,1.0,3.0,timeout
2618,1.5258824825286865,0.3162435293197632,-0.00025163471582345665,0.0006745761493220925,0.0006552441045641899,0.0,3.0,timeout
2619,1.5252708196640015,0.31707853078842163,-0.00024628470418974757,0.0323462039232254,0.03234577178955078,1.0,3.0,timeout
2620,1.5246449708938599,0.31792905926704407,-0.0002462757984176278,0.032999251037836075,0.032999251037836075,1.0,3.0,timeout
2621,1.5246434211730957,0.31793051958084106,-0.00025151288718916476,0.00017666962230578065,6.654232129221782e-05,0.0,-3.0,timeout
2622,1.5246425867080688,0.3179298937320709,-0.0002509979240130633,3.6352299503050745e-05,3.259629011154175e-05,0.0,3.0,timeout
2623,1.5240201950073242,0.31877341866493225,-0.0002453997149132192,0.03275943920016289,0.03275896981358528,1.0,-3.0,timeout
2624,1.5233948230743408,0.31962430477142334,-0.00024562186445109546,0.032999422401189804,0.032999422401189804,1.0,3.0,timeout
2625,1.522767424583435,0.3204737901687622,-0.0002460333635099232,0.03300175070762634,0.033001746982336044,1.0,3.0,timeout
2626,1.5227668285369873,0.32047373056411743,-0.00025134740280918777,0.00016711544594727457,1.8719350919127464e-05,0.0,0.0,timeout
2627,1.5227662324905396,0.32047325372695923,-0.00025085368542931974,2.840832712536212e-05,2.3853495804360136e-05,0.0,3.0,timeout
2628,1.5227657556533813,0.3204728364944458,-0.0002502413699403405,2.753525404841639e-05,1.98001889657462e-05,0.0,3.0,timeout
2629,1.5221455097198486,0.3213014006614685,-0.00024485535686835647,0.032344166189432144,0.032343726605176926,1.0,3.0,timeout
2630,1.5215108394622803,0.3221455514431,-0.00024511144147254527,0.03300385922193527,0.03300385922193527,1.0,0.0,timeout
2631,1.5208762884140015,0.32298973202705383,-0.0002456220972817391,0.03300236538052559,0.03300236165523529,1.0,0.0,timeout
2632,1.5202418565750122,0.3238339424133301,-0.0002460454124957323,0.033000871539115906,0.03300086781382561,1.0,0.0,timeout
2633,1.520229458808899,0.3238508105278015,-0.00025126172113232315,0.0006741949473507702,0.0006541915936395526,0.0,-3.0,timeout
2634,1.5196099281311035,0.32467982172966003,-0.00024598516756668687,0.03234194591641426,0.032341524958610535,1.0,-3.0,timeout
2635,1.5189800262451172,0.3255273997783661,-0.0002460364194121212,0.03300042822957039,0.03300042450428009,1.0,-3.0,timeout
2636,1.518351674079895,0.3263760507106781,-0.0002463723358232528,0.032998502254486084,0.032998498529195786,1.0,3.0,timeout
2637,1.517721176147461,0.3272232115268707,-0.0002466450969222933,0.03300108388066292,0.03300108015537262,1.0,3.0,timeout
2638,1.517088770866394,0.3280688524246216,-0.00024686375400051475,0.03299865126609802,0.03299865126609802,1.0,3.0,timeout
2639,1.5170756578445435,0.3280852437019348,-0.00025192194152623415,0.0006747471634298563,0.0006559711182489991,0.0,3.0,timeout
2640,1.5164400339126587,0.328928142786026,-0.0002464076387695968,0.032990988343954086,0.03299053758382797,1.0,-3.0,timeout
2641,1.515805721282959,0.32977238297462463,-0.0002464751887600869,0.03299937769770622,0.03299937769770622,1.0,3.0,timeout
2642,1.515792727470398,0.32978883385658264,-0.00025160101358778775,0.0006744100246578455,0.0006551111000590026,0.0,3.0,timeout
2643,1.5151551961898804,0.3306303024291992,-0.0002461504773236811,0.032991256564855576,0.03299081698060036,1.0,-3.0,timeout
2644,1.5151548385620117,0.33063051104545593,-0.00025124746025539935,0.00015980533498805016,1.2938346117152832e-05,0.0,3.0,timeout
2645,1.5145293474197388,0.3314551115036011,-0.00024587384541518986,0.03234388306736946,0.03234344720840454,1.0,3.0,timeout
2646,1.5138890743255615,0.33229488134384155,-0.0002459418901707977,0.033000398427248,0.033000398427248,1.0,3.0,timeout
2647,1.5132471323013306,0.3331334590911865,-0.0002462812699377537,0.03300245851278305,0.03300245851278305,1.0,0.0,timeout
2648,1.5126049518585205,0.3339717984199524,-0.0002465778379701078,0.03300107270479202,0.03300107270479202,1.0,3.0,timeout
2649,1.5119608640670776,0.3348086476325989,-0.0002468105230946094,0.033000439405441284,0.033000439405441284,1.0,3.0,timeout
2650,1.5113149881362915,0.33564403653144836,-0.0002469964965712279,0.03299843519926071,0.03299843519926071,1.0,3.0,timeout
2651,1.5113143920898438,0.335644394159317,-0.0002521104470361024,0.00016128044808283448,2.1721985831391066e-05,0.0,-3.0,timeout
2652,1.5113139152526855,0.33564406633377075,-0.000251464283792302,2.7106023480882868e-05,1.8083013856085017e-05,0.0,0.0,timeout
2653,1.5106806755065918,0.3364628255367279,-0.00024585076607763767,0.032346248626708984,0.03234577551484108,1.0,3.0,timeout
2654,1.5106803178787231,0.3364630341529846,-0.0002508813049644232,0.00015773586346767843,1.2938346117152832e-05,0.0,-3.0,timeout
2655,1.510034441947937,0.33729779720306396,-0.0002454906061757356,0.03298339620232582,0.0329829640686512,1.0,3.0,timeout
2656,1.5093867778778076,0.33813193440437317,-0.0002457215159665793,0.03300173580646515,0.03300173580646515,1.0,0.0,timeout
2657,1.5087388753890991,0.33896586298942566,-0.00024612023844383657,0.033001162111759186,0.03300115838646889,1.0,3.0,timeout
2658,1.5087252855300903,0.33898186683654785,-0.000251327408477664,0.0006759845418855548,0.0006561066838912666,0.0,3.0,timeout
2659,1.5087246894836426,0.33898136019706726,-0.0002509232144802809,2.7516465706867166e-05,2.4446108000120148e-05,0.0,3.0,timeout
2660,1.5080842971801758,0.339794397354126,-0.000245416013058275,0.03234279900789261,0.0323423407971859,1.0,3.0,timeout
2661,1.5074294805526733,0.34062284231185913,-0.0002455551875755191,0.03299955278635025,0.03299955278635025,1.0,-3.0,timeout
2662,1.5074290037155151,0.3406229615211487,-0.00025095988530665636,0.00016959378262981772,1.5359764802269638e-05,0.0,0.0,timeout
2663,1.506789207458496,0.3414365351200104,-0.0002456468646414578,0.03234441950917244,0.032343994826078415,1.0,-3.0,timeout
2664,1.5061380863189697,0.34226784110069275,-0.0002457721275277436,0.03299840912222862,0.03299840912222862,1.0,3.0,timeout
2665,1.50612473487854,0.34228408336639404,-0.00025103462394326925,0.0006773151690140367,0.0006570472032763064,0.0,3.0,timeout
2666,1.5054705142974854,0.3431125283241272,-0.00024569715606048703,0.03298842906951904,0.03298800438642502,1.0,-3.0,timeout
2667,1.5048179626464844,0.343942791223526,-0.0002458966337144375,0.03300035372376442,0.03300035372376442,1.0,-3.0,timeout
2668,1.5041669607162476,0.34477442502975464,-0.00024625950027257204,0.03300417587161064,0.03300417587161064,1.0,0.0,timeout
2669,1.5035157203674316,0.3456057012081146,-0.00024656057939864695,0.032999973744153976,0.03299997001886368,1.0,3.0,timeout
2670,1.502862572669983,0.34643542766571045,-0.00024679620401002467,0.032998695969581604,0.032998695969581604,1.0,3.0,timeout
2671,1.5022079944610596,0.3472640812397003,-0.00024697434855625033,0.033000048249959946,0.033000048249959946,1.0,-3.0,timeout
2672,1.501555323600769,0.34809425473213196,-0.00024712641607038677,0.033000461757183075,0.033000461757183075,1.0,-3.0,timeout
2673,1.5009040832519531,0.34892553091049194,-0.0002472586929798126,0.03299997001886368,0.03299997001886368,1.0,3.0,timeout
2674,1.5002511739730835,0.34975552558898926,-0.0002473496424499899,0.03300067409873009,0.03300067409873009,1.0,0.0,timeout
2675,1.5002385377883911,0.34977227449417114,-0.00025230427854694426,0.0006736874929629266,0.000655653711874038,0.0,-3.0,timeout
2676,1.500238299369812,0.34977200627326965,-0.0002517151297070086,2.1557567379204556e-05,1.1214608093723655e-05,0.0,3.0,timeout
2677,1.4995856285095215,0.3506019711494446,-0.000245948089286685,0.03299583122134209,0.03299533575773239,1.0,0.0,timeout
2678,1.49893319606781,0.35143226385116577,-0.000246078911004588,0.032998789101839066,0.032998789101839066,1.0,-3.0,timeout
2679,1.4982824325561523,0.3522639572620392,-0.00024640432093292475,0.03300105035305023,0.03300105035305023,1.0,0.0,timeout
2680,1.4976319074630737,0.35309576988220215,-0.0002466665464453399,0.032999396324157715,0.032999392598867416,1.0,-3.0,timeout
2681,1.49761962890625,0.3531127870082855,-0.0002517627435736358,0.0006748239975422621,0.0006557627930305898,0.0,-3.0,timeout
2682,1.4969857931137085,0.3539309501647949,-0.00024638688773848116,0.032342880964279175,0.032342445105314255,1.0,-3.0,timeout
2683,1.496985673904419,0.3539313077926636,-0.0002513460349291563,0.00015542045002803206,1.1780402019212488e-05,0.0,3.0,timeout
2684,1.4963390827178955,0.35476601123809814,-0.00024584669154137373,0.03299562260508537,0.03299517557024956,1.0,0.0,timeout
2685,1.4963269233703613,0.3547830283641815,-0.0002508903562556952,0.0006723260157741606,0.0006535900174640119,0.0,-3.0,timeout
2686,1.4963268041610718,0.35478293895721436,-0.00025057338643819094,1.0945279427687638e-05,4.656612873077393e-06,0.0,3.0,timeout
2687,1.4963266849517822,0.3547828495502472,-0.0002500203263480216,1.7899455997394398e-05,4.656612873077393e-06,0.0,3.0,timeout
2688,1.4956908226013184,0.35559940338134766,-0.00024467831826768816,0.032342009246349335,0.03234157711267471,1.0,3.0,timeout
2689,1.495039939880371,0.35643094778060913,-0.0002449748571962118,0.032999683171510696,0.0329996794462204,1.0,3.0,timeout
2690,1.495039701461792,0.35643136501312256,-0.00025048039969988167,0.00017270231910515577,1.501712449680781e-05,0.0,-3.0,timeout
2691,1.4943888187408447,0.3572622537612915,-0.00024518437567166984,0.03298396244645119,0.03298354893922806,1.0,3.0,timeout
2692,1.4937365055084229,0.35809263586997986,-0.00024547221255488694,0.03299868106842041,0.03299868106842041,1.0,-3.0,timeout
2693,1.4930860996246338,0.35892459750175476,-0.00024591415422037244,0.03300077095627785,0.03300076723098755,1.0,-3.0,timeout
2694,1.4924371242523193,0.3597576320171356,-0.00024628880782984197,0.03299969807267189,0.03299969807267189,1.0,3.0,timeout
2695,1.4917861223220825,0.3605891764163971,-0.00024657920585013926,0.03300197795033455,0.03300197422504425,1.0,3.0,timeout
2696,1.4911333322525024,0.3614192008972168,-0.00024681122158654034,0.032999102026224136,0.032999102026224136,1.0,3.0,timeout
2697,1.4911197423934937,0.361435204744339,-0.000251880002906546,0.0006749564781785011,0.0006561066838912666,0.0,3.0,timeout
2698,1.491119384765625,0.36143502593040466,-0.00025135959731414914,2.0508527086349204e-05,1.2495002920331899e-05,0.0,0.0,timeout
2699,1.4911189079284668,0.36143460869789124,-0.0002506553428247571,2.9604010705952533e-05,1.98001889657462e-05,0.0,3.0,timeout
2700,1.4904736280441284,0.36224377155303955,-0.0002451870823279023,0.03234277665615082,0.032342325896024704,1.0,3.0,timeout
2701,1.4898130893707275,0.36306777596473694,-0.00024538213619962335,0.0330023467540741,0.0330023467540741,1.0,3.0,timeout
2702,1.489150881767273,0.36389029026031494,-0.00024583868798799813,0.0329987108707428,0.0329987071454525,1.0,3.0,timeout
2703,1.4891504049301147,0.3638904094696045,-0.00025118543999269605,0.00016779049474280328,1.5359764802269638e-05,0.0,-3.0,timeout
2704,1.4884883165359497,0.3647123873233795,-0.00024574928102083504,0.032983750104904175,0.032983314245939255,1.0,3.0,timeout
2705,1.4878244400024414,0.365533709526062,-0.000245929230004549,0.03300245851278305,0.03300245851278305,1.0,0.0,timeout
2706,1.487160563468933,0.3663550913333893,-0.000246280716964975,0.03300390765070915,0.03300390765070915,1.0,0.0,timeout
2707,1.486497163772583,0.3671766519546509,-0.00024656698224134743,0.032998889684677124,0.032998889684677124,1.0,-3.0,timeout
2708,1.486496925354004,0.3671768009662628,-0.00025178436771966517,0.0001632798375794664,8.786078979028389e-06,0.0,0.0,timeout
2709,1.4858486652374268,0.3679836690425873,-0.0002463074051775038,0.0323449932038784,0.03234453499317169,1.0,-3.0,timeout
2710,1.4851889610290527,0.36880815029144287,-0.00024630033294670284,0.032997675240039825,0.032997675240039825,1.0,3.0,timeout
2711,1.4851754903793335,0.3688242733478546,-0.0002514567459002137,0.0006760407704859972,0.0006565559306181967,0.0,3.0,timeout
2712,1.4845249652862549,0.36962923407554626,-0.0002461410185787827,0.03234296292066574,0.03234253451228142,1.0,3.0,timeout
2713,1.4838591814041138,0.37044891715049744,-0.0002461601688992232,0.03300018608570099,0.03300018608570099,1.0,3.0,timeout
2714,1.4831914901733398,0.37126708030700684,-0.0002464615390636027,0.03300098329782486,0.03300097957253456,1.0,3.0,timeout
2715,1.4825224876403809,0.3720841407775879,-0.00024670566199347377,0.03300023823976517,0.03300023823976517,1.0,-3.0,timeout
2716,1.4825215339660645,0.37208446860313416,-0.00025189778534695506,0.0001652859355090186,3.1513951398665085e-05,0.0,3.0,timeout
2717,1.482521653175354,0.37208452820777893,-0.00025128095876425505,1.972067002498079e-05,4.165000973443966e-06,0.0,-3.0,timeout
2718,1.481868028640747,0.3728869557380676,-0.0002456962538417429,0.03234255686402321,0.0323420874774456,1.0,-3.0,timeout
2719,1.4812029600143433,0.37370729446411133,-0.00024579549790360034,0.033002011477947235,0.033002011477947235,1.0,0.0,timeout
2720,1.4805381298065186,0.37452781200408936,-0.00024616479640826583,0.03300166130065918,0.03300165757536888,1.0,-3.0,timeout
2721,1.4805374145507812,0.3745286762714386,-0.00025146317784674466,0.00016924520605243742,3.5057830245932564e-05,0.0,3.0,timeout
2722,1.4805378913879395,0.37452903389930725,-0.0002509349724277854,2.4887878680601716e-05,1.862645149230957e-05,0.0,-3.0,timeout
2723,1.480538010597229,0.3745291829109192,-0.00025031057884916663,2.040322397078853e-05,5.963373951090034e-06,0.0,0.0,timeout
2724,1.4805378913879395,0.37452903389930725,-0.0002498015237506479,1.6988979041343555e-05,5.963373951090034e-06,0.0,3.0,timeout
2725,1.4798858165740967,0.37533271312713623,-0.00024450282217003405,0.03234231472015381,0.032341890037059784,1.0,3.0,timeout
2726,1.4798858165740967,0.3753332197666168,-0.0002498030662536621,0.00016638760280329734,1.5832483768463135e-05,0.0,-3.0,timeout
2727,1.4792202711105347,0.37615251541137695,-0.0002446273574605584,0.032986484467983246,0.03298608586192131,1.0,3.0,timeout
2728,1.4792201519012451,0.3761529326438904,-0.0002500047266948968,0.00016858901653904468,1.3560260413214564e-05,0.0,-3.0,timeout
2729,1.4785544872283936,0.37697210907936096,-0.0002447935112286359,0.03298594802618027,0.03298554569482803,1.0,3.0,timeout
2730,1.4778871536254883,0.37779057025909424,-0.00024516452685929835,0.0330011360347271,0.0330011360347271,1.0,0.0,timeout
2731,1.4778733253479004,0.3778063952922821,-0.00025055836886167526,0.0006780216353945434,0.0006567355594597757,0.0,3.0,timeout
2732,1.47720468044281,0.37862324714660645,-0.00024531641975045204,0.032988522201776505,0.032988112419843674,1.0,-3.0,timeout
2733,1.4765371084213257,0.379441499710083,-0.0002456024813000113,0.033000797033309937,0.03300079330801964,1.0,3.0,timeout
2734,1.4765369892120361,0.3794419765472412,-0.0002509875048417598,0.00016898149624466896,1.5359764802269638e-05,0.0,-3.0,timeout
2735,1.4765371084213257,0.379442036151886,-0.0002505594748072326,1.4009387996338774e-05,4.165000973443966e-06,0.0,-3.0,timeout
2736,1.4758714437484741,0.3802611529827118,-0.0002450354804750532,0.032984551042318344,0.03298410028219223,1.0,3.0,timeout
2737,1.4758577346801758,0.38027700781822205,-0.00025023697526194155,0.000674862414598465,0.0006549945683218539,0.0,3.0,timeout
2738,1.4752012491226196,0.38107722997665405,-0.00024515463155694306,0.03234570473432541,0.03234531357884407,1.0,3.0,timeout
2739,1.474529504776001,0.38189202547073364,-0.0002453710185363889,0.03299994021654129,0.03299994021654129,1.0,3.0,timeout
2740,1.4738558530807495,0.38270533084869385,-0.00024583059712313116,0.03300201892852783,0.033002015203237534,1.0,3.0,timeout
2741,1.473841667175293,0.38272085785865784,-0.0002510955382604152,0.000677518080919981,0.0006572372512891889,0.0,3.0,timeout
2742,1.4738415479660034,0.3827207088470459,-0.0002507269673515111,1.2970061106898356e-05,5.963373951090034e-06,0.0,-3.0,timeout
2743,1.4731663465499878,0.38353198766708374,-0.0002451732871122658,0.03298468142747879,0.03298422321677208,1.0,3.0,timeout
2744,1.4731659889221191,0.38353222608566284,-0.00025043118512257934,0.00016485739615745842,1.3431724255497102e-05,0.0,-3.0,timeout
2745,1.4731658697128296,0.3835321068763733,-0.00025010333047248423,1.1520632142492104e-05,5.268355835141847e-06,0.0,-3.0,timeout
2746,1.4725061655044556,0.38432955741882324,-0.00024475358077324927,0.03234285116195679,0.032342419028282166,1.0,-3.0,timeout
2747,1.4718351364135742,0.38514506816864014,-0.00024503638269379735,0.033002983778715134,0.033002983778715134,1.0,-3.0,timeout
2748,1.4711661338806152,0.3859621584415436,-0.0002455618523526937,0.03300096094608307,0.03300096094608307,1.0,-3.0,timeout
2749,1.470499038696289,0.3867807984352112,-0.0002459969255141914,0.03300076350569725,0.03300075978040695,1.0,-3.0,timeout
2750,1.469833254814148,0.38760048151016235,-0.00024635522277094424,0.03300018608570099,0.03300018608570099,1.0,3.0,timeout
2751,1.469833493232727,0.38760122656822205,-0.0002516001113690436,0.00016571579908486456,2.4446108000120148e-05,0.0,-3.0,timeout
2752,1.469167709350586,0.3884202241897583,-0.00024608056992292404,0.03298401087522507,0.03298356011509895,1.0,3.0,timeout
2753,1.4691541194915771,0.3884362280368805,-0.0002510830236133188,0.0006744731217622757,0.0006561066838912666,0.0,3.0,timeout
2754,1.4691543579101562,0.3884364068508148,-0.0002507064491510391,1.5007360161689576e-05,9.313225746154785e-06,0.0,-3.0,timeout
2755,1.4684864282608032,0.389253705739975,-0.0002451559994369745,0.03298523277044296,0.03298477828502655,1.0,3.0,timeout
2756,1.4678163528442383,0.3900699019432068,-0.00024544965708628297,0.03300061076879501,0.03300061076879501,1.0,3.0,timeout
2757,1.4678024053573608,0.3900856375694275,-0.00025078022736124694,0.000677885371260345,0.0006570993573404849,0.0,3.0,timeout
2758,1.4671419858932495,0.3908825218677521,-0.00024560015299357474,0.03234345093369484,0.03234304487705231,1.0,3.0,timeout
2759,1.4664660692214966,0.39169391989707947,-0.00024572794791311026,0.03300139307975769,0.03300139307975769,1.0,3.0,timeout
2760,1.46645188331604,0.39170944690704346,-0.00025099952472373843,0.000677568546961993,0.0006572372512891889,0.0,3.0,timeout
2761,1.4657857418060303,0.3925016522407532,-0.0002457756781950593,0.03234580159187317,0.03234539180994034,1.0,3.0,timeout
2762,1.4657715559005737,0.39251708984375,-0.00025075211306102574,0.0006733808550052345,0.0006551772821694613,0.0,3.0,timeout
2763,1.4657708406448364,0.39251652359962463,-0.0002504485019017011,3.004558675456792e-05,2.8508207833510824e-05,0.0,3.0,timeout
2764,1.4657704830169678,0.3925163149833679,-0.00024991497048176825,2.1104144252603874e-05,1.2938346117152832e-05,0.0,0.0,timeout
2765,1.4657700061798096,0.3925158679485321,-0.00024948533973656595,2.4442941139568575e-05,2.0425499315024354e-05,0.0,3.0,timeout
2766,1.4657695293426514,0.3925154507160187,-0.0002491355990059674,2.2616348360315897e-05,1.98001889657462e-05,0.0,3.0,timeout
2767,1.4650837182998657,0.39331474900245667,-0.00024387486337218434,0.03291267529129982,0.03291226550936699,1.0,-3.0,timeout
2768,1.465070366859436,0.39333099126815796,-0.00024929631035774946,0.0006785383448004723,0.0006570472032763064,0.0,-3.0,timeout
2769,1.4643861055374146,0.3941347301006317,-0.0002443169942125678,0.032986655831336975,0.032986290752887726,1.0,3.0,timeout
2770,1.4636998176574707,0.39493730664253235,-0.0002447928418405354,0.03299976512789726,0.032999761402606964,1.0,3.0,timeout
2771,1.4630118608474731,0.3957385718822479,-0.0002453667111694813,0.0330025851726532,0.0330025814473629,1.0,0.0,timeout
2772,1.4623236656188965,0.396539568901062,-0.0002458466624375433,0.03300108015537262,0.03300107643008232,1.0,3.0,timeout
2773,1.46230947971344,0.39655497670173645,-0.00025110915885306895,0.0006748365121893585,0.0006544918287545443,0.0,3.0,timeout
2774,1.4623088836669922,0.39655449986457825,-0.0002507485041860491,2.6382047508377582e-05,2.3853495804360136e-05,0.0,3.0,timeout
2775,1.461617112159729,0.39735013246536255,-0.000245175848249346,0.032947786152362823,0.032947324216365814,1.0,-3.0,timeout
2776,1.4616037607192993,0.3973662257194519,-0.0002503416617400944,0.0006731015746481717,0.0006534566637128592,0.0,-3.0,timeout
2777,1.4609283208847046,0.3981504738330841,-0.00024523778120055795,0.03234473243355751,0.03234433755278587,1.0,-3.0,timeout
2778,1.4602409601211548,0.39895227551460266,-0.0002454432542435825,0.033003173768520355,0.033003173768520355,1.0,0.0,timeout
2779,1.4602278470993042,0.3989686071872711,-0.00025076640304178,0.0006753259804099798,0.0006545176729559898,0.0,-3.0,timeout
2780,1.4602277278900146,0.3989684581756592,-0.00025048432871699333,1.0642505003488623e-05,5.963373951090034e-06,0.0,3.0,timeout
2781,1.459542155265808,0.39976900815963745,-0.00024496670812368393,0.032937563955783844,0.03293711319565773,1.0,-3.0,timeout
2782,1.4588565826416016,0.4005722403526306,-0.0002453005581628531,0.033000823110342026,0.033000823110342026,1.0,3.0,timeout
2783,1.4581691026687622,0.40137380361557007,-0.00024577704607509077,0.03299994766712189,0.03299994394183159,1.0,3.0,timeout
2784,1.4574803113937378,0.4021742343902588,-0.00024615880101919174,0.032999806106090546,0.03299980238080025,1.0,-3.0,timeout
2785,1.4567933082580566,0.40297627449035645,-0.0002464742574375123,0.03300156444311142,0.03300156071782112,1.0,-3.0,timeout
2786,1.456780195236206,0.40299269556999207,-0.00025160922086797655,0.0006760199321433902,0.0006566986558027565,0.0,-3.0,timeout
2787,1.4567803144454956,0.4029928743839264,-0.0002511541824787855,1.5726085621281527e-05,6.715862127748551e-06,0.0,0.0,timeout
2788,1.4561107158660889,0.40378206968307495,-0.0002455954672768712,0.03234371170401573,0.032343242317438126,1.0,-3.0,timeout
2789,1.4554290771484375,0.4045885503292084,-0.0002457201189827174,0.03299861401319504,0.03299861401319504,1.0,3.0,timeout
2790,1.455429196357727,0.4045892059803009,-0.00025107708643190563,0.00016869555111043155,2.082500395772513e-05,0.0,-3.0,timeout
2791,1.455429196357727,0.40458929538726807,-0.00025063607608899474,1.4061934052733704e-05,2.79396749647276e-06,0.0,0.0,timeout
2792,1.455428957939148,0.40458905696868896,-0.0002500726841390133,2.0518124074442312e-05,1.0536711670283694e-05,0.0,3.0,timeout
2793,1.4554293155670166,0.40458932518959045,-0.0002495957596693188,2.042748747044243e-05,1.3969837709737476e-05,0.0,-3.0,timeout
2794,1.4547615051269531,0.4053799510002136,-0.000244336697505787,0.03234167397022247,0.032341256737709045,1.0,-3.0,timeout
2795,1.4540821313858032,0.4061884880065918,-0.0002447028527967632,0.03300214186310768,0.03300214186310768,1.0,-3.0,timeout
2796,1.453404188156128,0.40699806809425354,-0.00024530498194508255,0.03299839049577713,0.03299838304519653,1.0,3.0,timeout
2797,1.4527242183685303,0.40780606865882874,-0.00024579139426350594,0.03300129994750023,0.03300129622220993,1.0,3.0,timeout
2798,1.4520423412322998,0.4086124300956726,-0.0002461809490341693,0.033000580966472626,0.03300057724118233,1.0,3.0,timeout
2799,1.4513585567474365,0.40941718220710754,-0.0002464926801621914,0.03300075605511665,0.03300075605511665,1.0,3.0,timeout
2800,1.45067298412323,0.4102204144001007,-0.00024674218730069697,0.033000823110342026,0.033000823110342026,1.0,3.0,timeout
2801,1.4499856233596802,0.41102203726768494,-0.00024694183957763016,0.032998934388160706,0.032998934388160706,1.0,3.0,timeout
2802,1.449296474456787,0.4118221700191498,-0.00024710161960683763,0.03300003707408905,0.03300003707408905,1.0,3.0,timeout
2803,1.4486054182052612,0.41262075304985046,-0.00024722947273403406,0.0330023318529129,0.0330023318529129,1.0,3.0,timeout
2804,1.4479126930236816,0.413417786359787,-0.0002473317726980895,0.0329999141395092,0.0329999141395092,1.0,3.0,timeout
2805,1.4472182989120483,0.4142133295536041,-0.00024741364177316427,0.032999057322740555,0.032999053597450256,1.0,3.0,timeout
2806,1.44652259349823,0.4150077998638153,-0.00024746754206717014,0.03300078585743904,0.03300078585743904,1.0,-3.0,timeout
2807,1.445828914642334,0.415803998708725,-0.0002475201617926359,0.032999806106090546,0.032999806106090546,1.0,-3.0,timeout
2808,1.4451371431350708,0.41660189628601074,-0.00024756306083872914,0.033000774681568146,0.033000774681568146,1.0,-3.0,timeout
2809,1.44444739818573,0.4174014627933502,-0.0002475977235008031,0.032998792827129364,0.032998792827129364,1.0,-3.0,timeout
2810,1.4444471597671509,0.4174017012119293,-0.00025261318660341203,0.00015708699356764555,1.0536711670283694e-05,0.0,3.0,timeout
2811,1.4437706470489502,0.41818493604660034,-0.00024697670596651733,0.032342735677957535,0.03234225511550903,1.0,3.0,timeout
2812,1.4430782794952393,0.4189823567867279,-0.0002468241727910936,0.033001724630594254,0.033001724630594254,1.0,3.0,timeout
2813,1.4423847198486328,0.41977858543395996,-0.0002469817700330168,0.03299805894494057,0.03299805894494057,1.0,-3.0,timeout
2814,1.4416929483413696,0.4205764830112457,-0.0002471315674483776,0.033000774681568146,0.033000774681568146,1.0,-3.0,timeout
2815,1.4410030841827393,0.42137598991394043,-0.0002472527849022299,0.03299981728196144,0.03299981728196144,1.0,-3.0,timeout
2816,1.4403150081634521,0.42217710614204407,-0.00024734996259212494,0.03300147503614426,0.03300147503614426,1.0,-3.0,timeout
2817,1.4403152465820312,0.4221777021884918,-0.00025241062394343317,0.00015941300080157816,2.0061301256646402e-05,0.0,0.0,timeout
2818,1.4396419525146484,0.42296379804611206,-0.0002468193706590682,0.03234492242336273,0.03234444931149483,1.0,3.0,timeout
2819,1.4389536380767822,0.42376458644866943,-0.0002466890146024525,0.03299856185913086,0.03299856185913086,1.0,-3.0,timeout
2820,1.4389533996582031,0.42376479506492615,-0.00025187156279571354,0.00016225692525040358,9.9000944828731e-06,0.0,3.0,timeout
2821,1.4389532804489136,0.42376473546028137,-0.00025126663967967033,1.935723594215233e-05,4.165000973443966e-06,0.0,3.0,timeout
2822,1.4389535188674927,0.4237649142742157,-0.00025056584854610264,2.3797772882971913e-05,9.313225746154785e-06,0.0,0.0,timeout
2823,1.4382765293121338,0.42454779148101807,-0.00024512014351785183,0.032343991100788116,0.0323435440659523,1.0,3.0,timeout
2824,1.4382765293121338,0.42454826831817627,-0.00025029710377566516,0.00016246481391135603,1.4901160284352954e-05,0.0,-3.0,timeout
2825,1.4375858306884766,0.42534688115119934,-0.0002450160391163081,0.03299613669514656,0.03299571946263313,1.0,0.0,timeout
2826,1.4375718832015991,0.4253624677658081,-0.0002502379647921771,0.0006736846407875419,0.0006536219152621925,0.0,3.0,timeout
2827,1.4368926286697388,0.42614346742630005,-0.00024515597033314407,0.032345984131097794,0.032345596700906754,1.0,3.0,timeout
2828,1.4368784427642822,0.4261588454246521,-0.00025025586364790797,0.0006729508750140667,0.0006538070156238973,0.0,3.0,timeout
2829,1.4361954927444458,0.4269365072250366,-0.00024516633129678667,0.032343439757823944,0.03234304487705231,1.0,3.0,timeout
2830,1.4354966878890991,0.42772823572158813,-0.00024538018624298275,0.033000387251377106,0.033000387251377106,1.0,3.0,timeout
2831,1.4347959756851196,0.4285183846950531,-0.00024583787308074534,0.03300291672348976,0.03300291299819946,1.0,3.0,timeout
2832,1.434795618057251,0.42851850390434265,-0.0002511849161237478,0.000167509846505709,1.1780402019212488e-05,0.0,-3.0,timeout
2833,1.4340953826904297,0.4293087124824524,-0.0002457417140249163,0.03299486264586449,0.03299442306160927,1.0,0.0,timeout
2834,1.4340814352035522,0.4293243885040283,-0.00025080706109292805,0.0006745425052940845,0.0006557066226378083,0.0,-3.0,timeout
2835,1.434080958366394,0.4293239116668701,-0.00025050711701624095,2.3063976186676882e-05,2.1073423340567388e-05,0.0,3.0,timeout
2836,1.4340804815292358,0.4293234944343567,-0.00024996785214170814,2.600073639769107e-05,1.98001889657462e-05,0.0,3.0,timeout
2837,1.4333925247192383,0.43009674549102783,-0.0002446367288939655,0.032343827188014984,0.03234339877963066,1.0,3.0,timeout
2838,1.4326893091201782,0.430884450674057,-0.000244931346969679,0.03299786150455475,0.03299786150455475,1.0,-3.0,timeout
2839,1.4319875240325928,0.43167364597320557,-0.00024548222427256405,0.03300289809703827,0.03300289064645767,1.0,0.0,timeout
2840,1.4312855005264282,0.432462602853775,-0.00024593903799541295,0.033002279698848724,0.033002275973558426,1.0,3.0,timeout
2841,1.43058180809021,0.43324989080429077,-0.00024629945983178914,0.032998066395521164,0.032998066395521164,1.0,3.0,timeout
2842,1.429876685142517,0.4340360462665558,-0.00024657693575136364,0.03300151973962784,0.03300151973962784,1.0,-3.0,timeout
2843,1.4298629760742188,0.43405184149742126,-0.00025169047876261175,0.0006728380685672164,0.0006535867578350008,0.0,-3.0,timeout
2844,1.4291614294052124,0.43484050035476685,-0.000246244395384565,0.03298585116863251,0.03298541530966759,1.0,3.0,timeout
2845,1.4284577369689941,0.4356279671192169,-0.0002463349956087768,0.033002231270074844,0.033002231270074844,1.0,3.0,timeout
2846,1.4277523756027222,0.43641382455825806,-0.00024660545750521123,0.032999563962221146,0.032999563962221146,1.0,3.0,timeout
2847,1.427045226097107,0.43719807267189026,-0.00024683194351382554,0.03299954906105995,0.03299954906105995,1.0,3.0,timeout
2848,1.427030324935913,0.4372129738330841,-0.00025189670850522816,0.0006772971828468144,0.0006585444789379835,0.0,3.0,timeout
2849,1.4270297288894653,0.43721237778663635,-0.0002513786021154374,3.091977123403922e-05,2.6341778720961884e-05,0.0,3.0,timeout
2850,1.4263315200805664,0.4379764199256897,-0.0002457803930155933,0.03234468773007393,0.032344214618206024,1.0,3.0,timeout
2851,1.4256173372268677,0.43875426054000854,-0.00024585751816630363,0.03299936652183533,0.03299936652183533,1.0,3.0,timeout
2852,1.4249013662338257,0.43953049182891846,-0.0002462190168444067,0.033000197261571884,0.033000193536281586,1.0,3.0,timeout
2853,1.4241842031478882,0.44030559062957764,-0.00024651153944432735,0.03299948200583458,0.03299948200583458,1.0,-3.0,timeout
2854,1.4241836071014404,0.44030556082725525,-0.000251739751547575,0.00016444259381387383,1.864972000475973e-05,0.0,0.0,timeout
2855,1.4234826564788818,0.441067099571228,-0.0002462714328430593,0.03234492614865303,0.032344475388526917,1.0,-3.0,timeout
2856,1.4227690696716309,0.44184544682502747,-0.0002462717529851943,0.03299843892455101,0.03299843892455101,1.0,3.0,timeout
2857,1.4227544069290161,0.44186049699783325,-0.0002514340740162879,0.0006761515396647155,0.0006566246738657355,0.0,3.0,timeout
2858,1.4220513105392456,0.44262006878852844,-0.0002461230615153909,0.03234521299600601,0.03234478831291199,1.0,3.0,timeout
2859,1.421332597732544,0.443393737077713,-0.00024613537243567407,0.03299962356686592,0.03299962356686592,1.0,-3.0,timeout
2860,1.4206151962280273,0.44416865706443787,-0.00024645126541145146,0.03300044313073158,0.03300044313073158,1.0,3.0,timeout
2861,1.4198960065841675,0.4449419379234314,-0.00024670857237651944,0.03300090134143829,0.03300090134143829,1.0,3.0,timeout
2862,1.419175148010254,0.4457135498523712,-0.00024691480211913586,0.03299831598997116,0.03299831598997116,1.0,3.0,timeout
2863,1.4184523820877075,0.4464835226535797,-0.00024707987904548645,0.03300166502594948,0.03300166502594948,1.0,3.0,timeout
2864,1.4177279472351074,0.4472518861293793,-0.00024721201043576,0.033000774681568146,0.033000774681568146,1.0,3.0,timeout
2865,1.4170018434524536,0.4480186402797699,-0.00024731774465180933,0.03300003707408905,0.03300003707408905,1.0,3.0,timeout
2866,1.416274070739746,0.4487837851047516,-0.0002474023785907775,0.03299945965409279,0.03299945965409279,1.0,3.0,timeout
2867,1.4155445098876953,0.44954732060432434,-0.0002474701323080808,0.0330016165971756,0.0330016165971756,1.0,3.0,timeout
2868,1.4148138761520386,0.45030975341796875,-0.000247512711212039,0.032999902963638306,0.03299989923834801,1.0,-3.0,timeout
2869,1.4148130416870117,0.4503093659877777,-0.00025254557840526104,0.0001598833332536742,2.8750577257596888e-05,0.0,3.0,timeout
2870,1.4148125648498535,0.4503088593482971,-0.00025180718512274325,3.17042286042124e-05,2.174194378312677e-05,0.0,3.0,timeout
2871,1.4148120880126953,0.4503083825111389,-0.0002510037156753242,3.277989890193567e-05,2.1073423340567388e-05,0.0,3.0,timeout
2872,1.4148122072219849,0.4503084123134613,-0.0002503398573026061,2.1097959688631818e-05,3.839941200567409e-06,0.0,-3.0,timeout
2873,1.414080262184143,0.4510693848133087,-0.0002448414161335677,0.032995812594890594,0.03299536556005478,1.0,0.0,timeout
2874,1.4133480787277222,0.45183026790618896,-0.0002452038461342454,0.03299851715564728,0.03299851343035698,1.0,3.0,timeout
2875,1.413347840309143,0.45183053612709045,-0.000250668206717819,0.00017112912610173225,1.1214608093723655e-05,0.0,-3.0,timeout
2876,1.413347840309143,0.45183053612709045,-0.00025030350661836565,1.1396877198421862e-05,0.0,0.0,-3.0,timeout
2877,1.4126174449920654,0.45259255170822144,-0.00024483041488565505,0.03298577666282654,0.03298533335328102,1.0,3.0,timeout
2878,1.4118850231170654,0.45335331559181213,-0.00024518946884199977,0.03300099819898605,0.03300099819898605,1.0,3.0,timeout
2879,1.41115140914917,0.4541128873825073,-0.0002456778602208942,0.03300004079937935,0.03300003707408905,1.0,-3.0,timeout
2880,1.4104195833206177,0.4548742175102234,-0.0002460887480992824,0.03300083801150322,0.03300083428621292,1.0,-3.0,timeout
2881,1.4104194641113281,0.4548744857311249,-0.0002514023217372596,0.00016630231402814388,9.172463251161389e-06,0.0,0.0,timeout
2882,1.4097033739089966,0.4556218683719635,-0.00024601296172477305,0.03234631568193436,0.03234587609767914,1.0,3.0,timeout
2883,1.4089715480804443,0.4563830494880676,-0.000246043928200379,0.03299747779965401,0.03299747779965401,1.0,-3.0,timeout
2884,1.4089710712432861,0.45638307929039,-0.00025135616306215525,0.0001666773750912398,1.4930235920473933e-05,0.0,3.0,timeout
2885,1.4089713096618652,0.4563833177089691,-0.0002508448960725218,1.9138698917231523e-05,1.0536711670283694e-05,0.0,-3.0,timeout
2886,1.4089716672897339,0.4563835561275482,-0.00025023327907547355,2.336063153052237e-05,1.3431724255497102e-05,0.0,-3.0,timeout
2887,1.4082576036453247,0.45713281631469727,-0.00024484770256094635,0.032344985753297806,0.03234454244375229,1.0,-3.0,timeout
2888,1.4075305461883545,0.45789867639541626,-0.0002451215113978833,0.033000268042087555,0.033000268042087555,1.0,3.0,timeout
2889,1.406801700592041,0.45866283774375916,-0.0002456301881466061,0.03300033509731293,0.03300033137202263,1.0,3.0,timeout
2890,1.4060710668563843,0.45942530035972595,-0.0002460514078848064,0.03300057724118233,0.03300057351589203,1.0,3.0,timeout
2891,1.405339241027832,0.46018651127815247,-0.00024637856404297054,0.03299815207719803,0.03299815207719803,1.0,-3.0,timeout
2892,1.405324935913086,0.46020185947418213,-0.00025153192109428346,0.0006751450127921999,0.00065565702971071,0.0,-3.0,timeout
2893,1.4045963287353516,0.46096575260162354,-0.00024611741537228227,0.03298955783247948,0.032989125698804855,1.0,3.0,timeout
2894,1.4038658142089844,0.4617283046245575,-0.00024623359786346555,0.03300001844763756,0.03300001844763756,1.0,3.0,timeout
2895,1.4031336307525635,0.46248921751976013,-0.0002465243742335588,0.032999187707901,0.0329991839826107,1.0,3.0,timeout
2896,1.4023995399475098,0.46324843168258667,-0.00024676710017956793,0.03300235792994499,0.03300235792994499,1.0,3.0,timeout
2897,1.401663899421692,0.4640060365200043,-0.00024696183390915394,0.03299994021654129,0.03299994021654129,1.0,3.0,timeout
2898,1.4009264707565308,0.46476197242736816,-0.0002471177140250802,0.03300153836607933,0.03300153836607933,1.0,3.0,timeout
2899,1.4009109735488892,0.4647761583328247,-0.00025212528998963535,0.0006749415188096464,0.0006565500516444445,0.0,3.0,timeout
2900,1.400184988975525,0.46551382541656494,-0.0002466773730702698,0.03234391286969185,0.03234346583485603,1.0,3.0,timeout
2901,1.4001693725585938,0.4655279815196991,-0.0002514730440452695,0.0006755106151103973,0.0006586768431589007,0.0,3.0,timeout
2902,1.399425983428955,0.46627742052078247,-0.000246033858275041,0.03298785910010338,0.03298742324113846,1.0,-3.0,timeout
2903,1.3994255065917969,0.46627745032310486,-0.00025114871095865965,0.0001605349243618548,1.4930235920473933e-05,0.0,0.0,timeout
2904,1.398697853088379,0.46701347827911377,-0.00024579971795901656,0.03234405815601349,0.03234362229704857,1.0,3.0,timeout
2905,1.3979536294937134,0.46776264905929565,-0.0002458832459524274,0.03299984708428383,0.03299984335899353,1.0,3.0,timeout
2906,1.3979532718658447,0.4677627682685852,-0.00025120723876170814,0.00016679131658747792,1.1780402019212488e-05,0.0,-3.0,timeout
2907,1.397952675819397,0.46776217222213745,-0.000250745564699173,3.003392521350179e-05,2.6341778720961884e-05,0.0,3.0,timeout
2908,1.3972216844558716,0.46849486231803894,-0.0002452701737638563,0.03234357014298439,0.03234311565756798,1.0,3.0,timeout
2909,1.396474003791809,0.46924057602882385,-0.0002454492496326566,0.03299969434738159,0.03299969434738159,1.0,3.0,timeout
2910,1.3957246541976929,0.46998462080955505,-0.00024589247186668217,0.03299987316131592,0.03299987316131592,1.0,3.0,timeout
2911,1.3949735164642334,0.47072696685791016,-0.00024626171216368675,0.03300221264362335,0.033002208918333054,1.0,3.0,timeout
2912,1.3949730396270752,0.470726877450943,-0.000251524499617517,0.00016515940660610795,1.5160831935645547e-05,0.0,-3.0,timeout
2913,1.3942222595214844,0.4714689552783966,-0.00024601974291726947,0.03298882022500038,0.03298836946487427,1.0,3.0,timeout
2914,1.393470048904419,0.472210168838501,-0.0002461406693328172,0.03300121799111366,0.03300121799111366,1.0,-3.0,timeout
2915,1.3927192687988281,0.4729527533054352,-0.00024645961821079254,0.03299950435757637,0.03299950435757637,1.0,3.0,timeout
2916,1.3927189111709595,0.4729529023170471,-0.000251682911766693,0.00016367630450986326,1.2107192560506519e-05,0.0,-3.0,timeout
2917,1.3919683694839478,0.47369512915611267,-0.00024614628637209535,0.032986801117658615,0.0329863466322422,1.0,3.0,timeout
2918,1.3919527530670166,0.47370922565460205,-0.000251136370934546,0.0006756685907021165,0.0006574272993020713,0.0,3.0,timeout
2919,1.391952395439148,0.47370895743370056,-0.0002507541503291577,1.8380014807917178e-05,1.3969837709737476e-05,0.0,0.0,timeout
2920,1.3911986351013184,0.4744482934474945,-0.0002451836480759084,0.0329950749874115,0.03299461677670479,1.0,0.0,timeout
2921,1.3911982774734497,0.4744482934474945,-0.0002504518779460341,0.0001650110789341852,1.117586998589104e-05,0.0,0.0,timeout
2922,1.3904591798782349,0.47517281770706177,-0.00024524127366021276,0.032343789935112,0.03234338015317917,1.0,3.0,timeout
2923,1.3897032737731934,0.4759101867675781,-0.00024543661857023835,0.03299957141280174,0.032999567687511444,1.0,3.0,timeout
2924,1.3889455795288086,0.4766458570957184,-0.00024588280939497054,0.033002596348524094,0.033002592623233795,1.0,3.0,timeout
2925,1.3881863355636597,0.47737979888916016,-0.0002462539414409548,0.03299979493021965,0.03299979120492935,1.0,3.0,timeout
2926,1.3874255418777466,0.4781120717525482,-0.0002465515281073749,0.03299843892455101,0.03299843892455101,1.0,3.0,timeout
2927,1.3866629600524902,0.4788426458835602,-0.00024678962654434144,0.03300197422504425,0.03300197422504425,1.0,3.0,timeout
2928,1.3866621255874634,0.47884222865104675,-0.00025195261696353555,0.00016395645798183978,2.9155007723602466e-05,0.0,0.0,timeout
2929,1.3866615295410156,0.4788414537906647,-0.0002513379731681198,3.6086195905227214e-05,3.054965054616332e-05,0.0,3.0,timeout
2930,1.385911226272583,0.4795544445514679,-0.00024574421695433557,0.03234551474452019,0.03234504535794258,1.0,3.0,timeout
2931,1.3851439952850342,0.4802800118923187,-0.00024582850164733827,0.03299934044480324,0.03299934044480324,1.0,3.0,timeout
2932,1.3843752145767212,0.48100391030311584,-0.0002461959084030241,0.032998766750097275,0.032998766750097275,1.0,3.0,timeout
2933,1.3843590021133423,0.48101741075515747,-0.0002513875951990485,0.0006789667531847954,0.0006592980935238302,0.0,3.0,timeout
2934,1.383602261543274,0.48172351717948914,-0.0002460871764924377,0.03234443813562393,0.032344017177820206,1.0,3.0,timeout
2935,1.3828284740447998,0.48244208097457886,-0.00024611776461824775,0.032999187707901,0.0329991839826107,1.0,3.0,timeout
2936,1.3820534944534302,0.48315945267677307,-0.00024641657364554703,0.03300117701292038,0.03300117701292038,1.0,-3.0,timeout
2937,1.3820526599884033,0.48315906524658203,-0.0002516683016438037,0.00016661577683407813,2.8750577257596888e-05,0.0,3.0,timeout
2938,1.3812930583953857,0.4838619828224182,-0.0002462213742546737,0.03234212473034859,0.03234167769551277,1.0,3.0,timeout
2939,1.3805160522460938,0.4845772385597229,-0.00024622073397040367,0.033002857118844986,0.033002857118844986,1.0,3.0,timeout
2940,1.380515694618225,0.4845772385597229,-0.000251477089477703,0.00016464086365886033,1.117586998589104e-05,0.0,-3.0,timeout
2941,1.3797391653060913,0.48529261350631714,-0.0002459744573570788,0.032994870096445084,0.03299442306160927,1.0,0.0,timeout
2942,1.3789622783660889,0.4860078990459442,-0.0002461215481162071,0.033000748604536057,0.033000748604536057,1.0,3.0,timeout
2943,1.3789619207382202,0.486007958650589,-0.0002514022635295987,0.0001654108491493389,1.1330027518852148e-05,0.0,-3.0,timeout
2944,1.3781852722167969,0.4867229759693146,-0.00024592102272436023,0.03299003466963768,0.03298959136009216,1.0,3.0,timeout
2945,1.3774073123931885,0.48743703961372375,-0.0002460619725752622,0.032999590039253235,0.032999590039253235,1.0,-3.0,timeout
2946,1.3774065971374512,0.48743683099746704,-0.0002513747022021562,0.00016764744941610843,2.328306254639756e-05,0.0,3.0,timeout
2947,1.37662935256958,0.488150954246521,-0.0002458797534927726,0.03298483043909073,0.03298438712954521,1.0,-3.0,timeout
2948,1.3758528232574463,0.4888665974140167,-0.0002460484975017607,0.033000100404024124,0.033000100404024124,1.0,3.0,timeout
2949,1.375836968421936,0.4888803958892822,-0.0002512595965526998,0.0006767117301933467,0.0006568253738805652,0.0,3.0,timeout
2950,1.3750725984573364,0.4895782470703125,-0.0002459835959598422,0.03234466165304184,0.03234424069523811,1.0,3.0,timeout
2951,1.374290943145752,0.49028825759887695,-0.0002460343821439892,0.03299946337938309,0.03299946337938309,1.0,3.0,timeout
2952,1.3735076189041138,0.49099647998809814,-0.0002463610435370356,0.03300058841705322,0.03300058841705322,1.0,3.0,timeout
2953,1.3727232217788696,0.49170345067977905,-0.0002466252481099218,0.03299926593899727,0.03299926221370697,1.0,-3.0,timeout
2954,1.3719404935836792,0.4924123287200928,-0.0002468468446750194,0.03300052508711815,0.03300052136182785,1.0,-3.0,timeout
2955,1.3711590766906738,0.49312257766723633,-0.00024703529197722673,0.032998960465192795,0.032998960465192795,1.0,3.0,timeout
2956,1.3703758716583252,0.49383100867271423,-0.00024717632913962007,0.03300219774246216,0.03300219774246216,1.0,3.0,timeout
2957,1.3695911169052124,0.4945376515388489,-0.00024728887365199625,0.03300071135163307,0.03300071135163307,1.0,3.0,timeout
2958,1.3695907592773438,0.49453771114349365,-0.0002523458970244974,0.00015843760047573596,1.1330027518852148e-05,0.0,-3.0,timeout
2959,1.36880624294281,0.49524402618408203,-0.00024667655816301703,0.03298879414796829,0.03298831731081009,1.0,3.0,timeout
2960,1.3680202960968018,0.4959493577480316,-0.0002466662263032049,0.033001020550727844,0.033001020550727844,1.0,-3.0,timeout
2961,1.3680195808410645,0.4959491193294525,-0.0002518576802685857,0.00016393484838772565,2.3560804038424976e-05,0.0,3.0,timeout
2962,1.3672491312026978,0.4966401755809784,-0.00024637216120027006,0.03234309330582619,0.032342638820409775,1.0,3.0,timeout
2963,1.3664612770080566,0.4973432719707489,-0.00024634116562083364,0.03299885615706444,0.03299885615706444,1.0,3.0,timeout
2964,1.3656716346740723,0.49804455041885376,-0.0002466061559971422,0.033002819865942,0.033002819865942,1.0,3.0,timeout
2965,1.3648810386657715,0.49874457716941833,-0.0002468212624080479,0.03299916163086891,0.03299916163086891,1.0,-3.0,timeout
2966,1.3640921115875244,0.4994465112686157,-0.0002470035688020289,0.03299972414970398,0.03299972042441368,1.0,-3.0,timeout
2967,1.3633043766021729,0.5001498460769653,-0.0002471606421750039,0.03300103917717934,0.03300103917717934,1.0,3.0,timeout
2968,1.3632882833480835,0.5001633167266846,-0.00025215951609425247,0.0006741893012076616,0.0006558415479958057,0.0,3.0,timeout
2969,1.3625130653381348,0.5008490681648254,-0.0002467042359057814,0.032344091683626175,0.03234364092350006,1.0,3.0,timeout
2970,1.3624968528747559,0.5008623600006104,-0.00025149411521852016,0.0006720274104736745,0.0006551455007866025,0.0,3.0,timeout
2971,1.3617182970046997,0.5015442967414856,-0.000246157287620008,0.032343603670597076,0.032343171536922455,1.0,3.0,timeout
2972,1.3609225749969482,0.5022386312484741,-0.00024616194423288107,0.03300204128026962,0.03300204128026962,1.0,-3.0,timeout
2973,1.3601281642913818,0.5029343366622925,-0.0002464725694153458,0.03299938514828682,0.03299938514828682,1.0,3.0,timeout
2974,1.35933256149292,0.5036287307739258,-0.0002467151207383722,0.033000458031892776,0.033000458031892776,1.0,-3.0,timeout
2975,1.3585386276245117,0.5043250322341919,-0.0002469189930707216,0.03300045430660248,0.03300045430660248,1.0,-3.0,timeout
2976,1.3577463626861572,0.5050232410430908,-0.00024708270211704075,0.0330006405711174,0.0330006405711174,1.0,-3.0,timeout
2977,1.3569554090499878,0.5057230591773987,-0.00024721864610910416,0.03300321102142334,0.03300321102142334,1.0,0.0,timeout
2978,1.3569554090499878,0.5057234764099121,-0.0002523014263715595,0.00015937113494146615,1.3038515135121997e-05,0.0,0.0,timeout
2979,1.35617995262146,0.5064089298248291,-0.0002467319427523762,0.03234352171421051,0.032343052327632904,1.0,3.0,timeout
2980,1.35617995262146,0.5064093470573425,-0.00025159731740131974,0.00015260098734870553,1.3038515135121997e-05,0.0,-3.0,timeout
2981,1.3561797142028809,0.5064090490341187,-0.00025104297674261034,2.1031848518759944e-05,1.1926747902180068e-05,0.0,3.0,timeout
2982,1.3554024696350098,0.5070924758911133,-0.0002455070207361132,0.032343555241823196,0.03234308958053589,1.0,3.0,timeout
2983,1.3546077013015747,0.5077877640724182,-0.000245638337219134,0.03299920633435249,0.03299920633435249,1.0,3.0,timeout
2984,1.3538117408752441,0.5084817409515381,-0.00024603275232948363,0.03300030902028084,0.03300030902028084,1.0,-3.0,timeout
2985,1.353016972541809,0.5091770887374878,-0.0002463831624481827,0.03300043195486069,0.03300043195486069,1.0,3.0,timeout
2986,1.3530006408691406,0.5091903209686279,-0.0002515380911063403,0.0006763215642422438,0.000656856398563832,0.0,3.0,timeout
2987,1.352203130722046,0.5098821520805359,-0.0002461052790749818,0.03299328312277794,0.03299284726381302,1.0,0.0,timeout
2988,1.351405143737793,0.5105738639831543,-0.00024622963974252343,0.03300166502594948,0.03300166502594948,1.0,3.0,timeout
2989,1.3506056070327759,0.5112637281417847,-0.0002465214056428522,0.03300052508711815,0.03300052136182785,1.0,3.0,timeout
2990,1.3498046398162842,0.5119518041610718,-0.00024676468456164,0.032997943460941315,0.032997943460941315,1.0,3.0,timeout
2991,1.349002480506897,0.5126385688781738,-0.00024694876628927886,0.03299954533576965,0.03299954533576965,1.0,-3.0,timeout
2992,1.3482019901275635,0.5133273005485535,-0.0002471055486239493,0.032999999821186066,0.032999999821186066,1.0,-3.0,timeout
2993,1.3482013940811157,0.5133272409439087,-0.0002522198192309588,0.00016091347788460553,1.8719350919127464e-05,0.0,3.0,timeout
2994,1.347416639328003,0.5140020251274109,-0.0002466623845975846,0.03234344348311424,0.032342977821826935,1.0,3.0,timeout
2995,1.346614122390747,0.5146883726119995,-0.00024657309404574335,0.03299956023693085,0.03299956023693085,1.0,3.0,timeout
2996,1.3458099365234375,0.5153728723526001,-0.00024679151829332113,0.03300175443291664,0.03300175443291664,1.0,3.0,timeout
2997,1.3450043201446533,0.5160555839538574,-0.00024698051856830716,0.03299965709447861,0.03299965709447861,1.0,3.0,timeout
2998,1.3450038433074951,0.5160555243492126,-0.00025209918385371566,0.0001606616424396634,1.501712449680781e-05,0.0,-3.0,timeout
2999,1.34419846534729,0.5167379975318909,-0.0002464792050886899,0.03298962488770485,0.03298915550112724,1.0,3.0,timeout
3000,1.3433917760849,0.5174193978309631,-0.0002465084253344685,0.03299878537654877,0.03299878537654877,1.0,-3.0,timeout
3001,1.3425861597061157,0.5181022882461548,-0.0002467536833137274,0.033003270626068115,0.033003270626068115,1.0,3.0,timeout
3002,1.341779112815857,0.5187833309173584,-0.00024695080355741084,0.03300011530518532,0.03300011157989502,1.0,3.0,timeout
3003,1.3417785167694092,0.5187830924987793,-0.0002520814014133066,0.0001615813816897571,2.0061301256646402e-05,0.0,0.0,timeout
3004,1.341778039932251,0.5187824368476868,-0.00025144076789729297,3.2289935916196555e-05,2.5334713427582756e-05,0.0,3.0,timeout
3005,1.3409711122512817,0.5194587111473083,-0.0002457322843838483,0.032901838421821594,0.032901354134082794,1.0,-3.0,timeout
3006,1.340163230895996,0.5201388597488403,-0.00024589747772552073,0.03300204873085022,0.03300204873085022,1.0,-3.0,timeout
3007,1.340162754058838,0.5201389193534851,-0.0002512419887352735,0.00016768972272984684,1.501712449680781e-05,0.0,3.0,timeout
3008,1.3393555879592896,0.5208190083503723,-0.00024577416479587555,0.03298419341444969,0.032983750104904175,1.0,-3.0,timeout
3009,1.338549017906189,0.5215006470680237,-0.0002459636889398098,0.033000748604536057,0.033000748604536057,1.0,3.0,timeout
3010,1.3385326862335205,0.5215138792991638,-0.0002511916100047529,0.0006768684834241867,0.000656856398563832,0.0,3.0,timeout
3011,1.337739109992981,0.5221781730651855,-0.0002459289680700749,0.03234151750802994,0.03234110027551651,1.0,3.0,timeout
3012,1.3369276523590088,0.5228541493415833,-0.0002459852839820087,0.03300401568412781,0.03300401568412781,1.0,0.0,timeout
3013,1.336911678314209,0.5228676795959473,-0.00025119882775470614,0.0006741740508005023,0.0006541915936395526,0.0,-3.0,timeout
3014,1.3361183404922485,0.5235323905944824,-0.0002459341485518962,0.03234417736530304,0.03234376013278961,1.0,-3.0,timeout
3015,1.3353102207183838,0.5242121815681458,-0.00024600588949397206,0.03300055116415024,0.03300055116415024,1.0,3.0,timeout
3016,1.3345005512237549,0.5248900651931763,-0.0002463383134454489,0.03299933299422264,0.03299932926893234,1.0,3.0,timeout
3017,1.3336892127990723,0.525566041469574,-0.0002466178557369858,0.03300115093588829,0.03300115093588829,1.0,3.0,timeout
3018,1.3328763246536255,0.5262401700019836,-0.0002468422462698072,0.033001482486724854,0.033001482486724854,1.0,3.0,timeout
3019,1.3328595161437988,0.5262527465820312,-0.0002519048866815865,0.0006748311570845544,0.0006560240290127695,0.0,3.0,timeout
3020,1.3328595161437988,0.5262526273727417,-0.00025137432385236025,1.6993442841339856e-05,3.7252900710882386e-06,0.0,-3.0,timeout
3021,1.332045316696167,0.5269246101379395,-0.00024569060769863427,0.03299079090356827,0.032990314066410065,1.0,3.0,timeout
3022,1.3320449590682983,0.5269246697425842,-0.00025084568187594414,0.00016149399743881077,1.1330027518852148e-05,0.0,-3.0,timeout
3023,1.3320444822311401,0.5269240736961365,-0.00025044576614163816,2.6929044906864874e-05,2.3853495804360136e-05,0.0,3.0,timeout
3024,1.3320441246032715,0.5269235372543335,-0.0002499147376511246,2.6101864932570606e-05,2.0147586837993003e-05,0.0,3.0,timeout
3025,1.3312431573867798,0.5275790691375732,-0.0002445941208861768,0.03234486281871796,0.03234443441033363,1.0,3.0,timeout
3026,1.3304243087768555,0.5282458662986755,-0.00024490791838616133,0.03299993276596069,0.032999929040670395,1.0,3.0,timeout
3027,1.3296037912368774,0.528910756111145,-0.00024545949418097734,0.033002834767103195,0.0330028310418129,1.0,3.0,timeout
3028,1.3287824392318726,0.5295743942260742,-0.0002459042298141867,0.032998498529195786,0.03299849480390549,1.0,-3.0,timeout
3029,1.3279625177383423,0.530239999294281,-0.00024627018137834966,0.033002447336912155,0.03300244361162186,1.0,-3.0,timeout
3030,1.3271443843841553,0.5309075713157654,-0.0002465636353008449,0.03299790620803833,0.03299790620803833,1.0,-3.0,timeout
3031,1.3271284103393555,0.530921220779419,-0.00025168064166791737,0.0006757964729331434,0.000656605523545295,0.0,-3.0,timeout
3032,1.3263131380081177,0.5315919518470764,-0.00024623589706607163,0.03299175202846527,0.03299131616950035,1.0,3.0,timeout
3033,1.3254965543746948,0.5322614312171936,-0.0002463184355292469,0.032998159527778625,0.03299815580248833,1.0,-3.0,timeout
3034,1.3254960775375366,0.5322614908218384,-0.00025157941854558885,0.00016509013948962092,1.501712449680781e-05,0.0,3.0,timeout
3035,1.324679970741272,0.5329309701919556,-0.0002460443356540054,0.0329870879650116,0.032986633479595184,1.0,-3.0,timeout
3036,1.3238645792007446,0.5336019992828369,-0.0002461796102579683,0.03300010785460472,0.03300010785460472,1.0,3.0,timeout
3037,1.3230479955673218,0.5342715978622437,-0.0002464710851199925,0.03300051763653755,0.03300051391124725,1.0,-3.0,timeout
3038,1.3222326040267944,0.5349425673484802,-0.00024673365987837315,0.03299892693758011,0.03299892693758011,1.0,3.0,timeout
3039,1.3214155435562134,0.535611629486084,-0.0002469348255544901,0.03300141915678978,0.03300141915678978,1.0,3.0,timeout
3040,1.3205969333648682,0.5362787246704102,-0.0002470955369062722,0.03300003707408905,0.03300003707408905,1.0,3.0,timeout
3041,1.3197768926620483,0.5369439721107483,-0.00024722423404455185,0.03299829736351967,0.03299829736351967,1.0,3.0,timeout
3042,1.3197598457336426,0.5369564294815063,-0.00025221018586307764,0.0006779474788345397,0.0006597997853532434,0.0,3.0,timeout
3043,1.3189531564712524,0.5376047492027283,-0.00024674501037225127,0.03234179690480232,0.03234134614467621,1.0,3.0,timeout
3044,1.3181284666061401,0.5382645130157471,-0.00024663799558766186,0.033003926277160645,0.033003926277160645,1.0,0.0,timeout
3045,1.3181120157241821,0.5382774472236633,-0.00025172033929266036,0.000672968162689358,0.0006539581809192896,0.0,-3.0,timeout
3046,1.3172892332077026,0.5389387011528015,-0.00024626709637232125,0.032986994832754135,0.032986558973789215,1.0,3.0,timeout
3047,1.3164645433425903,0.5395984053611755,-0.00024635373847559094,0.03300276771187782,0.03300276771187782,1.0,3.0,timeout
3048,1.3156384229660034,0.5402562022209167,-0.00024662064970470965,0.03300052508711815,0.03300052508711815,1.0,3.0,timeout
3049,1.3156379461288452,0.5402560830116272,-0.0002518109686207026,0.00016292311192955822,1.5359764802269638e-05,0.0,-3.0,timeout
3050,1.3156378269195557,0.5402558445930481,-0.00025121765793301165,2.0326240701251663e-05,8.330001946887933e-06,0.0,-3.0,timeout
3051,1.3148300647735596,0.5409029722213745,-0.0002456455840729177,0.03234465420246124,0.032344184815883636,1.0,-3.0,timeout
3052,1.3140077590942383,0.5415654182434082,-0.000245749659370631,0.032998304814100266,0.032998304814100266,1.0,-3.0,timeout
3053,1.3140071630477905,0.5415654182434082,-0.0002511203056201339,0.00016886313096620142,1.862645149230957e-05,0.0,3.0,timeout
3054,1.3140075206756592,0.5415657758712769,-0.00025065679801627994,2.1438379917526618e-05,1.5805066141183488e-05,0.0,-3.0,timeout
3055,1.313186526298523,0.5422297716140747,-0.00024510646471753716,0.032997287809848785,0.03299683332443237,1.0,0.0,timeout
3056,1.3123652935028076,0.5428935885429382,-0.0002454161876812577,0.03299911320209503,0.03299911320209503,1.0,3.0,timeout
3057,1.3115425109863281,0.543555498123169,-0.00024586988729424775,0.03299940004944801,0.032999396324157715,1.0,3.0,timeout
3058,1.310718059539795,0.5442154407501221,-0.0002462434349581599,0.0330016054213047,0.033001601696014404,1.0,3.0,timeout
3059,1.3107177019119263,0.5442155599594116,-0.00025151000590994954,0.00016500140191055834,1.1780402019212488e-05,0.0,-3.0,timeout
3060,1.310717225074768,0.5442149043083191,-0.0002509885234758258,3.012337583641056e-05,2.5334713427582756e-05,0.0,3.0,timeout
3061,1.3107168674468994,0.5442144274711609,-0.00025034937425516546,2.7310838049743325e-05,1.862645149230957e-05,0.0,3.0,timeout
3062,1.309906244277954,0.5448578596115112,-0.0002449418534524739,0.03234252706170082,0.032342083752155304,1.0,3.0,timeout
3063,1.3090773820877075,0.545512318611145,-0.00024518597638234496,0.03300285339355469,0.03300285339355469,1.0,3.0,timeout
3064,1.3082470893859863,0.5461648106575012,-0.0002456818474456668,0.03299994021654129,0.03299993649125099,1.0,3.0,timeout
3065,1.308229923248291,0.5461769104003906,-0.00025097656180150807,0.0006768450257368386,0.00065630953758955,0.0,3.0,timeout
3066,1.3074133396148682,0.5468128323554993,-0.00024575815768912435,0.03234386816620827,0.03234345465898514,1.0,3.0,timeout
3067,1.3065788745880127,0.5474600791931152,-0.00024584337370470166,0.033001840114593506,0.033001840114593506,1.0,-3.0,timeout
3068,1.3057457208633423,0.5481088161468506,-0.00024621791089884937,0.03299805894494057,0.03299805521965027,1.0,3.0,timeout
3069,1.3049111366271973,0.5487560629844666,-0.00024651666171848774,0.03300478309392929,0.03300478309392929,1.0,0.0,timeout
3070,1.3040764331817627,0.5494029521942139,-0.00024676689645275474,0.0330008789896965,0.0330008789896965,1.0,3.0,timeout
3071,1.3032408952713013,0.5500485897064209,-0.0002469509490765631,0.03299755975604057,0.03299755975604057,1.0,-3.0,timeout
3072,1.3024064302444458,0.5506959557533264,-0.0002471127372700721,0.033004119992256165,0.033004119992256165,1.0,0.0,timeout
3073,1.3023895025253296,0.5507082939147949,-0.0002521267451811582,0.0006730862660333514,0.0006545945070683956,0.0,3.0,timeout
3074,1.3015544414520264,0.5513538122177124,-0.0002465727156959474,0.03298395127058029,0.03298349305987358,1.0,-3.0,timeout
3075,1.301538109779358,0.5513669848442078,-0.000251478428253904,0.0006733686896041036,0.0006556854350492358,0.0,-3.0,timeout
3076,1.3015379905700684,0.5513667464256287,-0.0002510440826881677,1.592555781826377e-05,8.330001946887933e-06,0.0,3.0,timeout
3077,1.3007203340530396,0.5520012378692627,-0.00024551217211410403,0.032342951744794846,0.032342489808797836,1.0,3.0,timeout
3078,1.29988431930542,0.5526463389396667,-0.00024564246996305883,0.03299910947680473,0.03299910947680473,1.0,3.0,timeout
3079,1.2998839616775513,0.5526465177536011,-0.0002510143385734409,0.00016833526024129242,1.2495002920331899e-05,0.0,-3.0,timeout
3080,1.2998837232589722,0.5526463389396667,-0.00025058561004698277,1.631674967939034e-05,9.313225746154785e-06,0.0,0.0,timeout
3081,1.2990642786026,0.5532785654067993,-0.00024514764663763344,0.03234381601214409,0.03234336897730827,1.0,3.0,timeout
3082,1.2990471124649048,0.5532906651496887,-0.00025023528723977506,0.00067529221996665,0.00065630953758955,0.0,3.0,timeout
3083,1.2990467548370361,0.5532901287078857,-0.0002500341506674886,2.1105282939970493e-05,2.0147586837993003e-05,0.0,3.0,timeout
3084,1.2990463972091675,0.5532896518707275,-0.0002495888329576701,2.3250906451721676e-05,1.862645149230957e-05,0.0,3.0,timeout
3085,1.2982103824615479,0.5539237856864929,-0.0002442565746605396,0.03279128298163414,0.032790858298540115,1.0,-3.0,timeout
3086,1.2982097864151,0.5539237260818481,-0.0002496896777302027,0.00017081329133361578,1.8719350919127464e-05,0.0,3.0,timeout
3087,1.298209547996521,0.553923487663269,-0.00024951077648438513,1.192802574223606e-05,1.0536711670283694e-05,0.0,3.0,timeout
3088,1.297383427619934,0.5545468330383301,-0.00024428084725514054,0.032341279089450836,0.032340869307518005,1.0,3.0,timeout
3089,1.2965391874313354,0.5551812052726746,-0.00024464738089591265,0.03300049528479576,0.03300049528479576,1.0,-3.0,timeout
3090,1.2956959009170532,0.5558169484138489,-0.0002452604821883142,0.03300245478749275,0.033002447336912155,1.0,3.0,timeout
3091,1.295678734779358,0.5558290481567383,-0.0002506397431716323,0.0006774957873858511,0.00065630953758955,0.0,3.0,timeout
3092,1.2956784963607788,0.5558286905288696,-0.00025037286104634404,1.5810373952263035e-05,1.3431724255497102e-05,0.0,3.0,timeout
3093,1.2956782579421997,0.555828332901001,-0.0002498603716958314,2.0902170945191756e-05,1.3431724255497102e-05,0.0,3.0,timeout
3094,1.2956781387329102,0.5558282732963562,-0.00024943065363913774,1.405976217938587e-05,4.165000973443966e-06,0.0,0.0,timeout
3095,1.2948462963104248,0.5564440488815308,-0.00024421175476163626,0.03234289586544037,0.03234248608350754,1.0,3.0,timeout
3096,1.2939963340759277,0.5570706725120544,-0.0002445917925797403,0.03299936652183533,0.03299936279654503,1.0,-3.0,timeout
3097,1.293147325515747,0.5576987266540527,-0.00024521604063920677,0.03300194814801216,0.03300194442272186,1.0,3.0,timeout
3098,1.29229736328125,0.5583254098892212,-0.00024571039830334485,0.03300047293305397,0.03300046548247337,1.0,-3.0,timeout
3099,1.292280673980713,0.5583381056785583,-0.00025099795311689377,0.0006758053787052631,0.00065529381390661,0.0,-3.0,timeout
3100,1.2914506196975708,0.5589563846588135,-0.00024577463045716286,0.03234467655420303,0.032344259321689606,1.0,-3.0,timeout
3101,1.290604829788208,0.5595886707305908,-0.00024587824009358883,0.0330001525580883,0.0330001525580883,1.0,3.0,timeout
3102,1.2897576093673706,0.5602189898490906,-0.0002462361298967153,0.03299923986196518,0.03299923986196518,1.0,3.0,timeout
3103,1.2897403240203857,0.5602309703826904,-0.00025141926016658545,0.0006768934545107186,0.0006572286947630346,0.0,3.0,timeout
3104,1.288891077041626,0.5608576536178589,-0.00024600635515525937,0.03298291563987732,0.0329824797809124,1.0,-3.0,timeout
3105,1.2888743877410889,0.5608704090118408,-0.0002510255144443363,0.0006749021704308689,0.0006564231589436531,0.0,-3.0,timeout
3106,1.2880275249481201,0.5615005493164062,-0.00024570143432356417,0.032987356185913086,0.03298693522810936,1.0,3.0,timeout
3107,1.2871787548065186,0.5621289610862732,-0.0002459003299009055,0.03300260379910469,0.03300260379910469,1.0,3.0,timeout
3108,1.2863285541534424,0.5627553462982178,-0.0002462577249389142,0.03300094231963158,0.03300093859434128,1.0,3.0,timeout
3109,1.2854769229888916,0.5633798241615295,-0.0002465537691023201,0.03300166130065918,0.03300165757536888,1.0,3.0,timeout
3110,1.284624457359314,0.5640029311180115,-0.00024678013869561255,0.03299739211797714,0.03299739211797714,1.0,-3.0,timeout
3111,1.2846200466156006,0.5640051364898682,-0.00025193902547471225,0.00022302176512312144,0.00015410502965096384,0.0,3.0,timeout
3112,1.2837681770324707,0.5646283030509949,-0.0002463519340381026,0.032983917742967606,0.032983455806970596,1.0,-3.0,timeout
3113,1.2829169034957886,0.5652531385421753,-0.00024642658536322415,0.03299925476312637,0.03299925476312637,1.0,3.0,timeout
3114,1.2820640802383423,0.5658760070800781,-0.0002466786536388099,0.03300202265381813,0.03300202265381813,1.0,3.0,timeout
3115,1.2812103033065796,0.5664974451065063,-0.00024687970289960504,0.03299976512789726,0.03299976512789726,1.0,-3.0,timeout
3116,1.2803579568862915,0.5671209096908569,-0.000247050600592047,0.03300097957253456,0.03300097957253456,1.0,-3.0,timeout
3117,1.2803539037704468,0.5671234726905823,-0.00025215555797331035,0.00021887787443120033,0.00014985902816988528,0.0,3.0,timeout
3118,1.279502272605896,0.5677469372749329,-0.0002465253637637943,0.03298341482877731,0.03298294544219971,1.0,-3.0,timeout
3119,1.2786511182785034,0.5683719515800476,-0.000246564915869385,0.032999563962221146,0.032999563962221146,1.0,3.0,timeout
3120,1.2777984142303467,0.56899493932724,-0.00024678901536390185,0.033001210540533066,0.033001210540533066,1.0,3.0,timeout
3121,1.2777811288833618,0.5690067410469055,-0.0002518613764550537,0.0006729951128363609,0.0006540616741403937,0.0,3.0,timeout
3122,1.2769426107406616,0.5696134567260742,-0.00024646558449603617,0.03234406188130379,0.03234362229704857,1.0,3.0,timeout
3123,1.276942253112793,0.5696136355400085,-0.0002513874787837267,0.00015431588690262288,1.2495002920331899e-05,0.0,-3.0,timeout
3124,1.2761039733886719,0.5702206492424011,-0.000245979375904426,0.032343488186597824,0.03234304487705231,1.0,-3.0,timeout
3125,1.27524995803833,0.570841908454895,-0.00024603193742223084,0.03300250321626663,0.03300250321626663,1.0,0.0,timeout
3126,1.2743961811065674,0.571463406085968,-0.0002463543205522001,0.03300086408853531,0.03300086036324501,1.0,-3.0,timeout
3127,1.2735439538955688,0.5720868706703186,-0.0002466303121764213,0.032997976988554,0.032997976988554,1.0,-3.0,timeout
3128,1.2726926803588867,0.5727117657661438,-0.00024686180404387414,0.033000361174345016,0.033000361174345016,1.0,3.0,timeout
3129,1.2726755142211914,0.5727238655090332,-0.0002519202826078981,0.0006750782486051321,0.00065630953758955,0.0,3.0,timeout
3130,1.2718383073806763,0.5733323693275452,-0.0002465124416630715,0.03234369307756424,0.03234325349330902,1.0,3.0,timeout
3131,1.2718209028244019,0.5733441114425659,-0.0002513405343052,0.0006732226465828717,0.0006560980691574514,0.0,3.0,timeout
3132,1.270980715751648,0.5739484429359436,-0.00024603414931334555,0.03234275057911873,0.032342329621315,1.0,3.0,timeout
3133,1.2701221704483032,0.5745633840560913,-0.00024606360238976777,0.033001724630594254,0.033001724630594254,1.0,-3.0,timeout
3134,1.270105242729187,0.5745757818222046,-0.00025126541731879115,0.000675543153192848,0.000655693409498781,0.0,-3.0,timeout
3135,1.269249677658081,0.5751940011978149,-0.00024590324028395116,0.03298637270927429,0.03298594802618027,1.0,3.0,timeout
3136,1.269232153892517,0.5752056837081909,-0.00025094597367569804,0.0006767573649995029,0.0006581544876098633,0.0,3.0,timeout
3137,1.2692317962646484,0.5752052664756775,-0.0002506072341930121,2.0173200027784333e-05,1.7172738807857968e-05,0.0,3.0,timeout
3138,1.2683888673782349,0.5758057832717896,-0.00024516243138350546,0.0323430560529232,0.03234260901808739,1.0,3.0,timeout
3139,1.2675275802612305,0.5764167904853821,-0.00024535247939638793,0.03300013765692711,0.03300013765692711,1.0,-3.0,timeout
3140,1.266667366027832,0.577029287815094,-0.00024582442711107433,0.03299978747963905,0.032999783754348755,1.0,3.0,timeout
3141,1.2658061981201172,0.5776404142379761,-0.00024619686882942915,0.03299925476312637,0.03299925476312637,1.0,-3.0,timeout
3142,1.2658007144927979,0.5776436924934387,-0.00025146568077616394,0.00025878605083562434,0.00019965087994933128,0.0,3.0,timeout
3143,1.2649563550949097,0.578242301940918,-0.0002460851101204753,0.03234495595097542,0.0323445200920105,1.0,3.0,timeout
3144,1.264093279838562,0.5788507461547852,-0.000246112555032596,0.032999515533447266,0.032999515533447266,1.0,3.0,timeout
3145,1.264075517654419,0.5788620710372925,-0.0002513065410312265,0.0006780066178180277,0.0006582915666513145,0.0,3.0,timeout
3146,1.2632269859313965,0.5794545412063599,-0.0002460211981087923,0.032341182231903076,0.03234076127409935,1.0,3.0,timeout
3147,1.2632263898849487,0.5794543623924255,-0.0002510380290914327,0.00015797743981238455,1.9446586520643905e-05,0.0,0.0,timeout
3148,1.262376308441162,0.5800447463989258,-0.00024570690584369004,0.03234367445111275,0.032343246042728424,1.0,3.0,timeout
3149,1.2615073919296265,0.5806449055671692,-0.0002458088274579495,0.033001046627759933,0.033001046627759933,1.0,3.0,timeout
3150,1.2606371641159058,0.581243097782135,-0.0002461805706843734,0.0329999178647995,0.0329999141395092,1.0,3.0,timeout
3151,1.259765625,0.581839382648468,-0.0002464921271894127,0.032999999821186066,0.032999999821186066,1.0,3.0,timeout
3152,1.2588931322097778,0.5824342966079712,-0.0002467306621838361,0.03300044685602188,0.03300044685602188,1.0,-3.0,timeout
3153,1.2580217123031616,0.5830308198928833,-0.000246942276135087,0.0330011323094368,0.0330011323094368,1.0,3.0,timeout
3154,1.2580175399780273,0.5830333232879639,-0.0002520479029044509,0.0002204015909228474,0.00015205390809569508,0.0,-3.0,timeout
3155,1.2580170631408691,0.5830326080322266,-0.00025143896345980465,3.292053224868141e-05,2.6863448510994203e-05,0.0,3.0,timeout
3156,1.2580167055130005,0.5830320715904236,-0.000250710581894964,3.0397868613363244e-05,2.0147586837993003e-05,0.0,3.0,timeout
3157,1.2571603059768677,0.5836132764816284,-0.00024523100000806153,0.032344114035367966,0.03234365954995155,1.0,3.0,timeout
3158,1.2562849521636963,0.5842040181159973,-0.00024541717721149325,0.03300124406814575,0.033001240342855453,1.0,3.0,timeout
3159,1.2562669515609741,0.5842148661613464,-0.00025075016310438514,0.0006775865331292152,0.0006567718810401857,0.0,3.0,timeout
3160,1.2554064989089966,0.5847899913787842,-0.00024557625874876976,0.03234298527240753,0.0323425829410553,1.0,3.0,timeout
3161,1.254526972770691,0.5853745937347412,-0.00024570885580033064,0.033002812415361404,0.033002812415361404,1.0,3.0,timeout
3162,1.2545218467712402,0.5853775143623352,-0.00025104181258939207,0.00024852369097061455,0.00018436422396916896,0.0,-3.0,timeout
3163,1.254521369934082,0.585377037525177,-0.00025063243811018765,2.46525614784332e-05,2.1073423340567388e-05,0.0,0.0,timeout
3164,1.2536600828170776,0.5859508514404297,-0.00024517453857697546,0.03234197944402695,0.03234152868390083,1.0,-3.0,timeout
3165,1.2527823448181152,0.5865379571914673,-0.0002453835622873157,0.03299972042441368,0.03299972042441368,1.0,3.0,timeout
3166,1.2527774572372437,0.5865411758422852,-0.0002507826138753444,0.00024882127763703465,0.00018288102000951767,0.0,-3.0,timeout
3167,1.25190007686615,0.5871279835700989,-0.0002454498317092657,0.03298567235469818,0.03298525512218475,1.0,3.0,timeout
3168,1.2518997192382812,0.5871281027793884,-0.00025066398666240275,0.00016336762928403914,1.1780402019212488e-05,0.0,-3.0,timeout
3169,1.251022219657898,0.5877152681350708,-0.00024531446979381144,0.032994985580444336,0.03299456462264061,1.0,0.0,timeout
3170,1.2501448392868042,0.5883029103279114,-0.00024558245786465704,0.032999757677316666,0.03299975395202637,1.0,-3.0,timeout
3171,1.2492684125900269,0.5888920426368713,-0.00024601316545158625,0.03300095722079277,0.03300095722079277,1.0,3.0,timeout
3172,1.2483906745910645,0.5894791483879089,-0.0002463583368808031,0.03299972042441368,0.03299972042441368,1.0,3.0,timeout
3173,1.247511863708496,0.5900647640228271,-0.0002466240548528731,0.033001746982336044,0.033001746982336044,1.0,-3.0,timeout
3174,1.247511625289917,0.5900648832321167,-0.00025182979879900813,0.0001628926256671548,8.330001946887933e-06,0.0,0.0,timeout
3175,1.2466514110565186,0.5906404256820679,-0.00024635522277094424,0.032344087958335876,0.03234363719820976,1.0,3.0,timeout
3176,1.2457726001739502,0.5912259817123413,-0.00024631741689518094,0.03300071507692337,0.03300071507692337,1.0,-3.0,timeout
3177,1.2448952198028564,0.5918135643005371,-0.0002465861034579575,0.03299872204661369,0.03299872204661369,1.0,-3.0,timeout
3178,1.2440192699432373,0.5924032926559448,-0.00024681579088792205,0.032998986542224884,0.032998986542224884,1.0,-3.0,timeout
3179,1.2440022230148315,0.5924155116081238,-0.00025188233121298254,0.0006742837140336633,0.0006554314168170094,0.0,-3.0,timeout
3180,1.243128776550293,0.5930084586143494,-0.00024639733601361513,0.0329909548163414,0.03299051150679588,1.0,3.0,timeout
3181,1.2422538995742798,0.5935998558998108,-0.00024645222583785653,0.03300035744905472,0.03300035744905472,1.0,0.0,timeout
3182,1.2422362565994263,0.5936111807823181,-0.00025158762582577765,0.0006745223072357476,0.0006551534752361476,0.0,3.0,timeout
3183,1.2422361373901367,0.5936108827590942,-0.00025113040464930236,1.7457532521802932e-05,1.0030650628323201e-05,0.0,3.0,timeout
3184,1.2413586378097534,0.5941981673240662,-0.0002454796922393143,0.03299710527062416,0.032996632158756256,1.0,0.0,timeout
3185,1.2404812574386597,0.5947858691215515,-0.0002457043156027794,0.033000797033309937,0.03300079330801964,1.0,-3.0,timeout
3186,1.2396049499511719,0.5953749418258667,-0.00024610990658402443,0.032996825873851776,0.03299682214856148,1.0,3.0,timeout
3187,1.23872709274292,0.5959619879722595,-0.00024643546203151345,0.03300178050994873,0.03300178050994873,1.0,3.0,timeout
3188,1.237847924232483,0.59654700756073,-0.0002466961741447449,0.033000726252794266,0.033000726252794266,1.0,3.0,timeout
3189,1.2369674444198608,0.5971299409866333,-0.00024690484860911965,0.032998815178871155,0.032998815178871155,1.0,3.0,timeout
3190,1.2360860109329224,0.5977115035057068,-0.0002470609615556896,0.03300005570054054,0.03300005570054054,1.0,-3.0,timeout
3191,1.2352056503295898,0.5982945561408997,-0.00024720627698116004,0.03299776464700699,0.03299776464700699,1.0,3.0,timeout
3192,1.235199213027954,0.5982986092567444,-0.0002522469440009445,0.00028517216560430825,0.00023771905398461968,0.0,-3.0,timeout
3193,1.2351988554000854,0.5982980132102966,-0.00025160962832160294,2.947026223409921e-05,2.1721985831391066e-05,0.0,3.0,timeout
3194,1.234334945678711,0.5988678336143494,-0.0002459629322402179,0.0323413647711277,0.0323408842086792,1.0,3.0,timeout
3195,1.2334519624710083,0.5994471907615662,-0.00024599768221378326,0.03300263360142708,0.03300263360142708,1.0,0.0,timeout
3196,1.2325689792633057,0.6000266075134277,-0.0002463308337610215,0.03300365433096886,0.03300365433096886,1.0,0.0,timeout
3197,1.2325514554977417,0.6000380516052246,-0.0002514890511520207,0.0006736218347214162,0.0006540510221384466,0.0,-3.0,timeout
3198,1.2325512170791626,0.6000375151634216,-0.0002510632330086082,2.266291448904667e-05,1.8344926502322778e-05,0.0,3.0,timeout
3199,1.231685996055603,0.6006054878234863,-0.000245528353843838,0.03234383836388588,0.03234337642788887,1.0,3.0,timeout
3200,1.2308017015457153,0.6011826992034912,-0.0002456556831020862,0.03300020098686218,0.03300020098686218,1.0,3.0,timeout
3201,1.2299164533615112,0.6017584204673767,-0.0002460465475451201,0.03299975395202637,0.03299975022673607,1.0,-3.0,timeout
3202,1.2298989295959473,0.6017699241638184,-0.0002512655919417739,0.0006750692846253514,0.0006550713442265987,0.0,-3.0,timeout
3203,1.2298985719680786,0.6017694473266602,-0.00025088468100875616,2.210513957834337e-05,1.862645149230957e-05,0.0,3.0,timeout
3204,1.229898452758789,0.6017690896987915,-0.0002502702409401536,2.2527005057781935e-05,1.1780402019212488e-05,0.0,3.0,timeout
3205,1.2290308475494385,0.6023334264755249,-0.0002448786690365523,0.0323440358042717,0.03234359622001648,1.0,3.0,timeout
3206,1.2290304899215698,0.602333664894104,-0.00025010333047248423,0.0001638222165638581,1.3431724255497102e-05,0.0,-3.0,timeout
3207,1.2281454801559448,0.6029088497161865,-0.0002448677259963006,0.03298477455973625,0.03298436477780342,1.0,3.0,timeout
3208,1.228127360343933,0.6029194593429565,-0.0002501129056327045,0.0006763322744518518,0.0006561694317497313,0.0,3.0,timeout
3209,1.228127121925354,0.6029192209243774,-0.0002499356050975621,1.1904663551831618e-05,1.0536711670283694e-05,0.0,0.0,timeout
3210,1.2272567749023438,0.603479266166687,-0.0002446307917125523,0.03234311193227768,0.032342683523893356,1.0,3.0,timeout
3211,1.2263673543930054,0.6040487289428711,-0.0002449327439535409,0.03300326690077782,0.03300326317548752,1.0,0.0,timeout
3212,1.225477933883667,0.6046182513237,-0.000245479226578027,0.0330042727291584,0.033004265278577805,1.0,0.0,timeout
3213,1.2245885133743286,0.6051874756813049,-0.0002459366514813155,0.032999251037836075,0.032999247312545776,1.0,3.0,timeout
3214,1.2245702743530273,0.6051979064941406,-0.0002511809580028057,0.0006767385639250278,0.0006565949297510087,0.0,3.0,timeout
3215,1.2236793041229248,0.6057634949684143,-0.0002458161034155637,0.032979439944028854,0.03297901526093483,1.0,-3.0,timeout
3216,1.2227885723114014,0.6063308119773865,-0.00024600100005045533,0.03300171345472336,0.03300171345472336,1.0,3.0,timeout
3217,1.2218966484069824,0.6068960428237915,-0.000246338575379923,0.03299819678068161,0.03299819305539131,1.0,3.0,timeout
3218,1.2210036516189575,0.6074598431587219,-0.0002466076985001564,0.03300263360142708,0.03300263360142708,1.0,-3.0,timeout
3219,1.2201117277145386,0.6080251336097717,-0.00024684370146133006,0.0329991914331913,0.0329991914331913,1.0,3.0,timeout
3220,1.2192184925079346,0.608588457107544,-0.00024702318478375673,0.03300097957253456,0.03300097957253456,1.0,3.0,timeout
3221,1.2192093133926392,0.6085940599441528,-0.0002520845446269959,0.0003714220947586,0.0003360616392455995,0.0,-3.0,timeout
3222,1.2183165550231934,0.6091572046279907,-0.0002465150610078126,0.032985858619213104,0.032985396683216095,1.0,3.0,timeout
3223,1.2183167934417725,0.6091574430465698,-0.0002476233639754355,3.620177449192852e-05,1.0536711670283694e-05,0.0,-3.0,timeout
3224,1.2183170318603516,0.6091576814651489,-0.0002476477820891887,1.0564306649030186e-05,1.0536711670283694e-05,0.0,-3.0,timeout
3225,1.217436671257019,0.6097160577774048,-0.00024275408941321075,0.03257867321372032,0.03257831186056137,1.0,3.0,timeout
3226,1.2174361944198608,0.6097163558006287,-0.0002484391152393073,0.00017852397286333144,1.7572157958056778e-05,0.0,-3.0,timeout
3227,1.2165446281433105,0.6102814078330994,-0.00024353779735974967,0.032986119389534,0.032985761761665344,1.0,3.0,timeout
3228,1.2156517505645752,0.6108452677726746,-0.0002441552060190588,0.033000484108924866,0.03300048038363457,1.0,-3.0,timeout
3229,1.2156410217285156,0.6108513474464417,-0.00024979517911560833,0.000423756951931864,0.0003853650123346597,0.0,3.0,timeout
3230,1.2147488594055176,0.6114151477813721,-0.0002446700818836689,0.03298097476363182,0.03298058733344078,1.0,-3.0,timeout
3231,1.2138571739196777,0.6119809746742249,-0.0002450770407449454,0.03300188109278679,0.03300188109278679,1.0,0.0,timeout
3232,1.2138570547103882,0.6119812726974487,-0.00025057882885448635,0.00017222321184817702,1.0030650628323201e-05,0.0,0.0,timeout
3233,1.2129833698272705,0.6125361919403076,-0.0002453424094710499,0.032344698905944824,0.032344285398721695,1.0,-3.0,timeout
3234,1.2120933532714844,0.6131044626235962,-0.00024551842943765223,0.032998889684677124,0.032998889684677124,1.0,-3.0,timeout
3235,1.2120836973190308,0.6131106019020081,-0.0002508852630853653,0.000394952337956056,0.0003575744922272861,0.0,3.0,timeout
3236,1.211211085319519,0.6136670708656311,-0.0002456418005749583,0.032342419028282166,0.032342005521059036,1.0,3.0,timeout
3237,1.21121084690094,0.6136676073074341,-0.000250726705417037,0.00015995869762264192,1.8344926502322778e-05,0.0,-3.0,timeout
3238,1.2103207111358643,0.614234447479248,-0.00024536813725717366,0.032978422939777374,0.03297799453139305,1.0,3.0,timeout
3239,1.2094289064407349,0.6148000955581665,-0.0002456180809531361,0.033002033829689026,0.03300203010439873,1.0,-3.0,timeout
3240,1.2085381746292114,0.6153672933578491,-0.0002460413088556379,0.032999712973833084,0.032999709248542786,1.0,3.0,timeout
3241,1.2076464891433716,0.6159330010414124,-0.00024637061869725585,0.032999880611896515,0.032999880611896515,1.0,-3.0,timeout
3242,1.2067557573318481,0.6165001392364502,-0.0002466539735905826,0.0329987108707428,0.0329987108707428,1.0,3.0,timeout
3243,1.2058640718460083,0.6170658469200134,-0.00024686113465577364,0.032999880611896515,0.032999880611896515,1.0,-3.0,timeout
3244,1.2058533430099487,0.6170721650123596,-0.00025196908973157406,0.00042056210804730654,0.0003890922525897622,0.0,3.0,timeout
3245,1.2049791812896729,0.6176261305809021,-0.00024651410058140755,0.032341353595256805,0.03234090283513069,1.0,3.0,timeout
3246,1.2049788236618042,0.6176261901855469,-0.00025143029051832855,0.00015404814621433616,1.1330027518852148e-05,0.0,0.0,timeout
3247,1.2040857076644897,0.6181892156600952,-0.00024591857800260186,0.03299331292510033,0.03299286589026451,1.0,0.0,timeout
3248,1.2031925916671753,0.6187527179718018,-0.0002460652613081038,0.03300081193447113,0.03300081193447113,1.0,-3.0,timeout
3249,1.2023004293441772,0.6193176507949829,-0.0002463991695549339,0.03299950808286667,0.03299950435757637,1.0,3.0,timeout
3250,1.2014069557189941,0.6198805570602417,-0.0002466668956913054,0.03300033509731293,0.03300033137202263,1.0,3.0,timeout
3251,1.200512170791626,0.6204413175582886,-0.0002468813327141106,0.03299935534596443,0.03299935162067413,1.0,3.0,timeout
3252,1.1996161937713623,0.6210001111030579,-0.00024705298710614443,0.032998356968164444,0.032998356968164444,1.0,3.0,timeout
3253,1.198718786239624,0.62155681848526,-0.00024719038628973067,0.03300188481807709,0.03300188481807709,1.0,3.0,timeout
3254,1.1978201866149902,0.6221115589141846,-0.00024730036966502666,0.033001214265823364,0.033001214265823364,1.0,3.0,timeout
3255,1.196920394897461,0.6226642727851868,-0.00024738843785598874,0.03299972787499428,0.03299972787499428,1.0,3.0,timeout
3256,1.196901798248291,0.6226740479469299,-0.00025234161876142025,0.0006745391292497516,0.0006565394578501582,0.0,3.0,timeout
3257,1.1969013214111328,0.6226732134819031,-0.00025173465837724507,3.552214184310287e-05,3.003424899361562e-05,0.0,3.0,timeout
3258,1.1960159540176392,0.6232093572616577,-0.00024606543593108654,0.03234575316309929,0.03234526515007019,1.0,3.0,timeout
3259,1.1959973573684692,0.6232191324234009,-0.00025096896570175886,0.0006741847610101104,0.0006565394578501582,0.0,3.0,timeout
3260,1.1950924396514893,0.6237621903419495,-0.00024563094484619796,0.03298046812415123,0.032980043441057205,1.0,-3.0,timeout
3261,1.195074439048767,0.6237730383872986,-0.0002507238241378218,0.0006757801747880876,0.0006567718810401857,0.0,-3.0,timeout
3262,1.194171667098999,0.624319851398468,-0.0002454609493725002,0.03298361971974373,0.0329832099378109,1.0,3.0,timeout
3263,1.1932671070098877,0.6248647570610046,-0.00024570748792029917,0.03300022333860397,0.033000219613313675,1.0,3.0,timeout
3264,1.1932551860809326,0.6248717308044434,-0.00025100831408053637,0.00046228920109570026,0.00043159135384485126,0.0,-3.0,timeout
3265,1.1932551860809326,0.6248716115951538,-0.0002506353484932333,1.2236047950864304e-05,3.7252900710882386e-06,0.0,-3.0,timeout
3266,1.1923655271530151,0.6254104375839233,-0.00024517092970199883,0.032503850758075714,0.0325033999979496,1.0,3.0,timeout
3267,1.1914608478546143,0.6259552240371704,-0.00024539296282455325,0.03300149366259575,0.03300149366259575,1.0,3.0,timeout
3268,1.1914489269256592,0.6259620189666748,-0.0002507536846678704,0.0004603592096827924,0.0004287969204597175,0.0,-3.0,timeout
3269,1.190544843673706,0.6265067458152771,-0.0002454622299410403,0.032984986901283264,0.032984573394060135,1.0,3.0,timeout
3270,1.1905262470245361,0.626516580581665,-0.0002505915181245655,0.0006766672013327479,0.0006574081489816308,0.0,3.0,timeout
3271,1.1905258893966675,0.6265158653259277,-0.00025032408302649856,2.6350438929512165e-05,2.4990005840663798e-05,0.0,3.0,timeout
3272,1.1896358728408813,0.6270442008972168,-0.0002449361782055348,0.03234483674168587,0.03234439343214035,1.0,3.0,timeout
3273,1.1887264251708984,0.6275809407234192,-0.0002451822510920465,0.03300071880221367,0.03300071880221367,1.0,3.0,timeout
3274,1.18781578540802,0.6281155943870544,-0.00024567899527028203,0.03299975395202637,0.03299975022673607,1.0,3.0,timeout
3275,1.1869038343429565,0.6286481618881226,-0.000246091018198058,0.03300217539072037,0.03300217166543007,1.0,3.0,timeout
3276,1.185990810394287,0.6291788220405579,-0.0002464213175699115,0.0330011360347271,0.0330011360347271,1.0,3.0,timeout
3277,1.1850765943527222,0.629707396030426,-0.00024668555124662817,0.03300067037343979,0.03300067037343979,1.0,3.0,timeout
3278,1.1841613054275513,0.6302340030670166,-0.00024689690326340497,0.032999005168676376,0.032999005168676376,1.0,3.0,timeout
3279,1.1832447052001953,0.6307585835456848,-0.0002470659383106977,0.03300302475690842,0.03300302475690842,1.0,3.0,timeout
3280,1.182327151298523,0.6312812566757202,-0.00024720115470699966,0.03299935162067413,0.03299935162067413,1.0,3.0,timeout
3281,1.1814085245132446,0.6318022012710571,-0.00024730328004807234,0.03300181031227112,0.03300181031227112,1.0,0.0,timeout
3282,1.1814078092575073,0.6318016648292542,-0.0002523686271160841,0.00016073895676527172,2.7939675419474952e-05,0.0,0.0,timeout
3283,1.1814073324203491,0.6318007707595825,-0.0002516708627808839,3.8446505641331896e-05,3.166496753692627e-05,0.0,3.0,timeout
3284,1.1805062294006348,0.6323096752166748,-0.0002460104878991842,0.032340388745069504,0.032339904457330704,1.0,3.0,timeout
3285,1.1805057525634766,0.6323095560073853,-0.0002510084887035191,0.0001569409650983289,1.5359764802269638e-05,0.0,-3.0,timeout
3286,1.1805052757263184,0.6323087811470032,-0.00025057216407731175,3.153249781462364e-05,2.843204310920555e-05,0.0,3.0,timeout
3287,1.179602861404419,0.6328155994415283,-0.000245130795519799,0.032344065606594086,0.03234361857175827,1.0,3.0,timeout
3288,1.1796023845672607,0.6328155994415283,-0.0002503050782252103,0.0001623814896447584,1.4901160284352954e-05,0.0,-3.0,timeout
3289,1.1786891222000122,0.6333280801773071,-0.00024506807676516473,0.03272625431418419,0.03272584453225136,1.0,3.0,timeout
3290,1.1777673959732056,0.6338433027267456,-0.0002453415945637971,0.03299847990274429,0.03299847990274429,1.0,-3.0,timeout
3291,1.1768463850021362,0.6343600749969482,-0.00024581883917562664,0.03300264850258827,0.033002644777297974,1.0,3.0,timeout
3292,1.1759246587753296,0.6348754167556763,-0.00024619241594336927,0.03300030156970024,0.03300030156970024,1.0,-3.0,timeout
3293,1.175004243850708,0.635392963886261,-0.0002465009456500411,0.03299826383590698,0.03299826383590698,1.0,-3.0,timeout
3294,1.1740849018096924,0.6359127163887024,-0.0002467483573127538,0.033002905547618866,0.033002905547618866,1.0,-3.0,timeout
3295,1.1731665134429932,0.6364339590072632,-0.0002469563332851976,0.032999925315380096,0.032999925315380096,1.0,3.0,timeout
3296,1.172247290611267,0.6369536519050598,-0.0002471031039021909,0.032998744398355484,0.032998744398355484,1.0,-3.0,timeout
3297,1.1722298860549927,0.6369631290435791,-0.0002521277347113937,0.0006388936890289187,0.0006192979635670781,0.0,3.0,timeout
3298,1.1713286638259888,0.6374719738960266,-0.00024667405523359776,0.03234267979860306,0.03234223276376724,1.0,3.0,timeout
3299,1.1704076528549194,0.6379888653755188,-0.00024658083566464484,0.03300446644425392,0.03300446644425392,1.0,0.0,timeout
3300,1.16948664188385,0.6385054588317871,-0.00024680321803316474,0.0329999104142189,0.032999906688928604,1.0,3.0,timeout
3301,1.1685644388198853,0.6390198469161987,-0.00024698980269022286,0.03299878165125847,0.03299878165125847,1.0,3.0,timeout
3302,1.167641043663025,0.6395321488380432,-0.0002471396583132446,0.03299964219331741,0.03299964219331741,1.0,3.0,timeout
3303,1.1667165756225586,0.6400427222251892,-0.00024725406547077,0.0330028161406517,0.0330028161406517,1.0,0.0,timeout
3304,1.1657921075820923,0.64055335521698,-0.0002473510103300214,0.03300371766090393,0.03300371766090393,1.0,0.0,timeout
3305,1.1648679971694946,0.6410642862319946,-0.0002474235079716891,0.03299843892455101,0.03299843892455101,1.0,-3.0,timeout
3306,1.1639448404312134,0.641576886177063,-0.00024749632575549185,0.03299764543771744,0.03299764543771744,1.0,3.0,timeout
3307,1.1639260053634644,0.6415863633155823,-0.00025242770789191127,0.0006766865844838321,0.0006589052500203252,0.0,3.0,timeout
3308,1.1630189418792725,0.6420846581459045,-0.000246919080382213,0.032341741025447845,0.032341282814741135,1.0,3.0,timeout
3309,1.1620920896530151,0.6425905823707581,-0.0002467824670020491,0.03299819678068161,0.03299819678068161,1.0,3.0,timeout
3310,1.161164402961731,0.643095076084137,-0.00024694838793948293,0.032999712973833084,0.032999709248542786,1.0,-3.0,timeout
3311,1.1602375507354736,0.64360111951828,-0.00024711547303013504,0.03299998492002487,0.03299998492002487,1.0,3.0,timeout
3312,1.1593096256256104,0.6441054940223694,-0.0002472351479809731,0.03300447762012482,0.03300447762012482,1.0,0.0,timeout
3313,1.158381700515747,0.6446095108985901,-0.0002473414351698011,0.03299913927912712,0.03299913927912712,1.0,3.0,timeout
3314,1.1574527025222778,0.6451114416122437,-0.00024742117966525257,0.03299756720662117,0.03299756720662117,1.0,3.0,timeout
3315,1.156522512435913,0.645611584186554,-0.0002474792127031833,0.03300384804606438,0.03300384804606438,1.0,0.0,timeout
3316,1.1555923223495483,0.6461114883422852,-0.0002475367218721658,0.03300032019615173,0.03300032019615173,1.0,3.0,timeout
3317,1.1546610593795776,0.6466093063354492,-0.0002475774672348052,0.03299907594919205,0.03299907594919205,1.0,3.0,timeout
3318,1.153728723526001,0.6471050381660461,-0.0002476099180057645,0.032997988164424896,0.032997988164424896,1.0,3.0,timeout
3319,1.1527951955795288,0.6475987434387207,-0.00024763590772636235,0.03300123289227486,0.03300123289227486,1.0,3.0,timeout
3320,1.1518605947494507,0.6480903625488281,-0.0002476568042766303,0.03300047293305397,0.03300047293305397,1.0,3.0,timeout
3321,1.1509252786636353,0.6485805511474609,-0.0002476620429661125,0.03299948200583458,0.03299948200583458,1.0,-3.0,timeout
3322,1.1499911546707153,0.6490730047225952,-0.0002476757508702576,0.032999437302351,0.032999437302351,1.0,-3.0,timeout
3323,1.1490579843521118,0.649567186832428,-0.00024769827723503113,0.03299832344055176,0.03299832344055176,1.0,3.0,timeout
3324,1.1481239795684814,0.6500598788261414,-0.0002476961526554078,0.032999616116285324,0.032999616116285324,1.0,-3.0,timeout
3325,1.147190809249878,0.6505541801452637,-0.0002477141097187996,0.03300006687641144,0.03300006687641144,1.0,3.0,timeout
3326,1.146256446838379,0.6510462760925293,-0.0002477192028891295,0.03300081938505173,0.03300081938505173,1.0,3.0,timeout
3327,1.145321011543274,0.6515362858772278,-0.0002477229863870889,0.03300018608570099,0.03300018608570099,1.0,3.0,timeout
3328,1.1443846225738525,0.652024507522583,-0.000247720570769161,0.03300071880221367,0.03300071880221367,1.0,0.0,timeout
3329,1.1434481143951416,0.6525124311447144,-0.0002477297093719244,0.03299972042441368,0.03299972042441368,1.0,3.0,timeout
3330,1.1425105333328247,0.6529982686042786,-0.00024773177574388683,0.03299941122531891,0.03299940750002861,1.0,3.0,timeout
3331,1.1415717601776123,0.6534820199012756,-0.0002477332891430706,0.0330025777220726,0.0330025777220726,1.0,3.0,timeout
3332,1.1406320333480835,0.6539636850357056,-0.0002477345697116107,0.03299928456544876,0.03299928456544876,1.0,3.0,timeout
3333,1.1396912336349487,0.6544432640075684,-0.00024773567565716803,0.032999467104673386,0.032999467104673386,1.0,3.0,timeout
3334,1.138749361038208,0.654920756816864,-0.00024773660697974265,0.03299981355667114,0.03299981355667114,1.0,3.0,timeout
3335,1.13780677318573,0.6553968191146851,-0.00024772583856247365,0.032999567687511444,0.032999567687511444,1.0,-3.0,timeout
3336,1.1368651390075684,0.6558749675750732,-0.0002477323287166655,0.03300243616104126,0.03300243616104126,1.0,0.0,timeout
3337,1.1359238624572754,0.6563535332679749,-0.0002477286325301975,0.032998379319906235,0.032998379319906235,1.0,-3.0,timeout
3338,1.1349834203720093,0.656834065914154,-0.0002477348898537457,0.0330030582845211,0.0330030582845211,1.0,0.0,timeout
3339,1.1340429782867432,0.6573143005371094,-0.0002477412926964462,0.03299882262945175,0.03299882262945175,1.0,3.0,timeout
3340,1.1331017017364502,0.6577929854393005,-0.0002477303787600249,0.03300006687641144,0.03300006687641144,1.0,-3.0,timeout
3341,1.1330827474594116,0.6578018665313721,-0.0002526242460589856,0.0006717575015500188,0.0006541173788718879,0.0,3.0,timeout
3342,1.1330829858779907,0.657802164554596,-0.00025195040507242084,2.420055534457788e-05,1.1926747902180068e-05,0.0,-3.0,timeout
3343,1.1321611404418945,0.6582728028297424,-0.00024624710204079747,0.03234536200761795,0.03234487026929855,1.0,3.0,timeout
3344,1.1312192678451538,0.6587504744529724,-0.0002462311240378767,0.0330023393034935,0.0330023393034935,1.0,3.0,timeout
3345,1.1312000751495361,0.6587590575218201,-0.0002514005755074322,0.0006765836733393371,0.0006570148980244994,0.0,3.0,timeout
3346,1.130275011062622,0.6592231392860413,-0.00024609663523733616,0.032342519611120224,0.0323420949280262,1.0,3.0,timeout
3347,1.1293301582336426,0.6596946716308594,-0.0002461140393279493,0.03299931064248085,0.03299931064248085,1.0,-3.0,timeout
3348,1.12838613986969,0.6601682305335999,-0.00024642873904667795,0.03300433233380318,0.03300432860851288,1.0,0.0,timeout
3349,1.1283670663833618,0.6601769924163818,-0.0002515790984034538,0.0006753866327926517,0.000655928801279515,0.0,3.0,timeout
3350,1.1274231672286987,0.6606485247612,-0.00024613644927740097,0.03297308832406998,0.03297264873981476,1.0,-3.0,timeout
3351,1.1264795064926147,0.6611223816871643,-0.0002462455886416137,0.03299851715564728,0.03299851715564728,1.0,-3.0,timeout
3352,1.1255366802215576,0.6615982055664062,-0.00024653846048749983,0.03300286456942558,0.03300286456942558,1.0,0.0,timeout
3353,1.1245940923690796,0.6620742678642273,-0.0002467739686835557,0.03299957141280174,0.032999567687511444,1.0,-3.0,timeout
3354,1.1236522197723389,0.6625518202781677,-0.00024697650223970413,0.033000651746988297,0.033000651746988297,1.0,3.0,timeout
3355,1.1227092742919922,0.6630271077156067,-0.0002471288898959756,0.03299864009022713,0.03299864009022713,1.0,3.0,timeout
3356,1.12176513671875,0.663500189781189,-0.00024725054390728474,0.03300097957253456,0.03300097957253456,1.0,3.0,timeout
3357,1.1217459440231323,0.6635087728500366,-0.0002522308495827019,0.000675196701195091,0.0006570148980244994,0.0,3.0,timeout
3358,1.1208000183105469,0.6639776825904846,-0.00024665964883752167,0.032993294298648834,0.032992832362651825,1.0,0.0,timeout
3359,1.1198537349700928,0.6644464135169983,-0.00024667292018420994,0.033000364899635315,0.033000364899635315,1.0,3.0,timeout
3360,1.1189063787460327,0.6649129390716553,-0.00024687586119398475,0.032999906688928604,0.032999906688928604,1.0,3.0,timeout
3361,1.1179583072662354,0.6653779149055481,-0.00024703730014152825,0.03299861028790474,0.03299861028790474,1.0,-3.0,timeout
3362,1.1170109510421753,0.6658446192741394,-0.0002471872721798718,0.033002376556396484,0.033002376556396484,1.0,3.0,timeout
3363,1.1160626411437988,0.666309118270874,-0.0002472979831509292,0.032998740673065186,0.032998740673065186,1.0,3.0,timeout
3364,1.1151134967803955,0.6667720675468445,-0.0002473754284437746,0.03300090134143829,0.03300090134143829,1.0,-3.0,timeout
3365,1.1151131391525269,0.6667720079421997,-0.0002524303854443133,0.0001583731936989352,1.1330027518852148e-05,0.0,0.0,timeout
3366,1.1141839027404785,0.6672276258468628,-0.00024683604715391994,0.0323418527841568,0.032341379672288895,1.0,3.0,timeout
3367,1.1141645908355713,0.6672359704971313,-0.00025159528013318777,0.0006740394746884704,0.0006574266008101404,0.0,3.0,timeout
3368,1.1141643524169922,0.6672353744506836,-0.0002511224593035877,2.4915369067457505e-05,2.0061301256646402e-05,0.0,3.0,timeout
3369,1.1132322549819946,0.6676852703094482,-0.0002455633075442165,0.032344017177820206,0.0323435515165329,1.0,-3.0,timeout
3370,1.1122822761535645,0.6681464910507202,-0.00024568376829847693,0.03300071135163307,0.03300071135163307,1.0,-3.0,timeout
3371,1.1113334894180298,0.6686099171638489,-0.0002460795803926885,0.03299739584326744,0.03299739211797714,1.0,-3.0,timeout
3372,1.1103856563568115,0.6690755486488342,-0.00024641098571009934,0.03300094977021217,0.03300094977021217,1.0,-3.0,timeout
3373,1.1103668212890625,0.6690847873687744,-0.0002515694941394031,0.0006751185865141451,0.0006555902073159814,0.0,3.0,timeout
3374,1.1094375848770142,0.669540524482727,-0.00024623211356811225,0.03234344720840454,0.03234301507472992,1.0,3.0,timeout
3375,1.1084882020950317,0.670002818107605,-0.0002462324337102473,0.03299862518906593,0.03299862518906593,1.0,3.0,timeout
3376,1.107537865638733,0.670463502407074,-0.00024650886189192533,0.03300345316529274,0.03300344944000244,1.0,-3.0,timeout
3377,1.1065887212753296,0.6709263324737549,-0.0002467535377945751,0.03299926966428757,0.03299926593899727,1.0,-3.0,timeout
3378,1.1056402921676636,0.6713907718658447,-0.00024696040782146156,0.03300127014517784,0.03300127014517784,1.0,3.0,timeout
3379,1.1056212186813354,0.6713994741439819,-0.0002519990666769445,0.0006738093798048794,0.0006551534752361476,0.0,3.0,timeout
3380,1.1046897172927856,0.6718504428863525,-0.0002465758298058063,0.032341815531253815,0.0323413722217083,1.0,3.0,timeout
3381,1.1037379503250122,0.6723082661628723,-0.0002465024881530553,0.03300483152270317,0.03300483152270317,1.0,0.0,timeout
3382,1.1027861833572388,0.6727657318115234,-0.00024674064479768276,0.03299998864531517,0.03299998864531517,1.0,3.0,timeout
3383,1.1018333435058594,0.6732209920883179,-0.00024693983141332865,0.033000439405441284,0.033000439405441284,1.0,3.0,timeout
3384,1.1018139123916626,0.6732290387153625,-0.0002519825648050755,0.0006758570089004934,0.0006572286947630346,0.0,3.0,timeout
3385,1.100878119468689,0.6736711263656616,-0.00024656314053572714,0.0323430560529232,0.032342616468667984,1.0,3.0,timeout
3386,1.0999224185943604,0.674120306968689,-0.00024648712133057415,0.03299987316131592,0.03299987316131592,1.0,-3.0,timeout
3387,1.0999031066894531,0.6741284728050232,-0.0002516157692298293,0.0006745466380380094,0.0006552302511408925,0.0,3.0,timeout
3388,1.0989474058151245,0.6745773553848267,-0.0002461671829223633,0.03299634903669357,0.032995909452438354,1.0,0.0,timeout
3389,1.0979914665222168,0.675025999546051,-0.00024627905804663897,0.032999489456415176,0.03299948573112488,1.0,3.0,timeout
3390,1.0970348119735718,0.6754730939865112,-0.00024655036395415664,0.0329991914331913,0.0329991914331913,1.0,-3.0,timeout
3391,1.096078872680664,0.6759217977523804,-0.00024679728085175157,0.03300028294324875,0.03300027921795845,1.0,3.0,timeout
3392,1.09512197971344,0.6763683557510376,-0.0002469859318807721,0.03299884870648384,0.03299884870648384,1.0,3.0,timeout
3393,1.0941638946533203,0.6768126487731934,-0.00024713657330721617,0.03300276771187782,0.03300276771187782,1.0,3.0,timeout
3394,1.093205213546753,0.6772554516792297,-0.0002472463238518685,0.03300011530518532,0.03300011530518532,1.0,-3.0,timeout
3395,1.0931859016418457,0.6772634387016296,-0.00025223736884072423,0.0006714407354593277,0.0006530742975883186,0.0,3.0,timeout
3396,1.0931856632232666,0.6772629618644714,-0.0002516511012800038,2.476307054166682e-05,1.6660003893775865e-05,0.0,3.0,timeout
3397,1.09224534034729,0.6776953935623169,-0.0002459871466271579,0.032343920320272446,0.032343436032533646,1.0,-3.0,timeout
3398,1.0912866592407227,0.6781380772590637,-0.0002460331015754491,0.03299855440855026,0.03299855440855026,1.0,3.0,timeout
3399,1.0903269052505493,0.6785786151885986,-0.0002463592973072082,0.03300096467137337,0.03300096467137337,1.0,3.0,timeout
3400,1.090307354927063,0.678586483001709,-0.0002515176311135292,0.0006780069088563323,0.0006585655501112342,0.0,3.0,timeout
3401,1.0893648862838745,0.6790140271186829,-0.0002461909025441855,0.032341402024030685,0.032340969890356064,1.0,3.0,timeout
3402,1.088402271270752,0.6794482469558716,-0.00024618953466415405,0.03300056979060173,0.03300056979060173,1.0,-3.0,timeout
3403,1.0874403715133667,0.679884135723114,-0.00024649460101500154,0.03300169110298157,0.03300168737769127,1.0,3.0,timeout
3404,1.086477518081665,0.6803178191184998,-0.0002467432350385934,0.03300047293305397,0.03300047293305397,1.0,3.0,timeout
3405,1.085513949394226,0.6807499527931213,-0.00024693182785995305,0.03300100564956665,0.03300100564956665,1.0,-3.0,timeout
3406,1.084551215171814,0.6811837553977966,-0.0002471029292792082,0.03299860656261444,0.03299860656261444,1.0,3.0,timeout
3407,1.0845507383346558,0.6811835765838623,-0.00025220346287824214,0.0001601841941010207,1.5914445611997508e-05,0.0,0.0,timeout
3408,1.0845504999160767,0.6811829805374146,-0.0002515382075216621,2.8890273824799806e-05,2.0061301256646402e-05,0.0,3.0,timeout
3409,1.084550380706787,0.6811825037002563,-0.00025078863836824894,2.8010850655846298e-05,1.5359764802269638e-05,0.0,3.0,timeout
3410,1.0845502614974976,0.6811823844909668,-0.00025017285952344537,1.9951241483795457e-05,5.268355835141847e-06,0.0,0.0,timeout
3411,1.083604335784912,0.6816023588180542,-0.00024479435523971915,0.03234311193227768,0.03234267234802246,1.0,-3.0,timeout
3412,1.0835970640182495,0.6816049814224243,-0.00025002320762723684,0.0002916439261753112,0.00024157005827873945,0.0,3.0,timeout
3413,1.0826510190963745,0.6820246577262878,-0.0002449220046401024,0.03234269469976425,0.03234230354428291,1.0,3.0,timeout
3414,1.0826462507247925,0.6820268630981445,-0.0002501275157555938,0.00023111984774004668,0.00016417712322436273,0.0,-3.0,timeout
3415,1.0816997289657593,0.6824461817741394,-0.000245003669988364,0.032351791858673096,0.03235139325261116,1.0,3.0,timeout
3416,1.080733060836792,0.6828713417053223,-0.0002452482294756919,0.033001068979501724,0.033001068979501724,1.0,3.0,timeout
3417,1.0797654390335083,0.6832942962646484,-0.000245732138864696,0.03300068899989128,0.03300068527460098,1.0,3.0,timeout
3418,1.0787968635559082,0.6837150454521179,-0.0002461333351675421,0.03300048038363457,0.03300047665834427,1.0,3.0,timeout
3419,1.0778276920318604,0.684134304523468,-0.0002464439021423459,0.03299904614686966,0.03299904614686966,1.0,-3.0,timeout
3420,1.0768592357635498,0.6845552325248718,-0.0002467128506395966,0.03299928829073906,0.03299928456544876,1.0,3.0,timeout
3421,1.0758898258209229,0.6849740743637085,-0.00024691870203241706,0.03300071135163307,0.03300071135163307,1.0,3.0,timeout
3422,1.0758706331253052,0.6849818825721741,-0.0002519551198929548,0.0006663604872301221,0.0006475069676525891,0.0,-3.0,timeout
3423,1.0749074220657349,0.6853984594345093,-0.0002464837161824107,0.0327952615916729,0.03279481455683708,1.0,3.0,timeout
3424,1.073937177658081,0.6858155727386475,-0.00024649352417327464,0.03300328180193901,0.03300328180193901,1.0,0.0,timeout
3425,1.0739178657531738,0.6858235001564026,-0.0002516075619496405,0.0006716547650285065,0.0006523646879941225,0.0,-3.0,timeout
3426,1.0739175081253052,0.6858227849006653,-0.0002511576749384403,2.867324474209454e-05,2.4990005840663798e-05,0.0,3.0,timeout
3427,1.0729671716690063,0.6862326264381409,-0.0002455927897244692,0.032342471182346344,0.032342005521059036,1.0,-3.0,timeout
3428,1.0719984769821167,0.6866531372070312,-0.0002457072550896555,0.03300092741847038,0.03300092741847038,1.0,-3.0,timeout
3429,1.0710304975509644,0.6870751976966858,-0.0002461083931848407,0.03299975022673607,0.03299975022673607,1.0,3.0,timeout
3430,1.0710114240646362,0.6870836615562439,-0.00025130697758868337,0.0006720275850966573,0.0006520960596390069,0.0,-3.0,timeout
3431,1.0710113048553467,0.6870833039283752,-0.000250916724326089,1.6956002582446672e-05,1.1780402019212488e-05,0.0,3.0,timeout
3432,1.0710111856460571,0.6870829463005066,-0.0002502956776879728,2.2703237846144475e-05,1.1780402019212488e-05,0.0,3.0,timeout
3433,1.0710110664367676,0.6870826482772827,-0.0002497838868293911,1.8878687114920467e-05,1.0030650628323201e-05,0.0,3.0,timeout
3434,1.070059895515442,0.6874905228614807,-0.00024448870681226254,0.0323420986533165,0.03234167769551277,1.0,3.0,timeout
3435,1.069088101387024,0.687903881072998,-0.0002448231971357018,0.03300166875123978,0.03300166875123978,1.0,3.0,timeout
3436,1.0681157112121582,0.6883156895637512,-0.0002453809429425746,0.03299989551305771,0.03299989178776741,1.0,-3.0,timeout
3437,1.068096399307251,0.6883239150047302,-0.00025073345750570297,0.0006769480532966554,0.0006559579051099718,0.0,-3.0,timeout
3438,1.0671454668045044,0.6887323260307312,-0.0002455632493365556,0.0323418453335762,0.03234143927693367,1.0,-3.0,timeout
3439,1.0661760568618774,0.6891513466835022,-0.0002456989313941449,0.03300292789936066,0.03300292789936066,1.0,-3.0,timeout
3440,1.0652074813842773,0.6895719170570374,-0.00024610242689959705,0.03299825266003609,0.03299825266003609,1.0,3.0,timeout
3441,1.0642378330230713,0.689990222454071,-0.0002464292338117957,0.03300090879201889,0.03300090879201889,1.0,3.0,timeout
3442,1.0632672309875488,0.6904062628746033,-0.0002466910518705845,0.03300032764673233,0.03300032392144203,1.0,3.0,timeout
3443,1.06229567527771,0.6908199787139893,-0.0002469006576575339,0.0329991914331913,0.0329991914331913,1.0,3.0,timeout
3444,1.0613230466842651,0.6912315487861633,-0.00024706844124011695,0.033003851771354675,0.033003851771354675,1.0,3.0,timeout
3445,1.060349941253662,0.6916415095329285,-0.00024719181237742305,0.032998014241456985,0.032998014241456985,1.0,-3.0,timeout
3446,1.0593774318695068,0.6920531988143921,-0.000247310905251652,0.03300187364220619,0.03300187364220619,1.0,3.0,timeout
3447,1.0584044456481934,0.6924633383750916,-0.0002473863132763654,0.032996755093336105,0.03299675136804581,1.0,-3.0,timeout
3448,1.0574320554733276,0.6928752064704895,-0.0002474663779139519,0.03300062194466591,0.03300062194466591,1.0,3.0,timeout
3449,1.0574122667312622,0.6928824782371521,-0.00025240378454327583,0.0006766551523469388,0.0006588288815692067,0.0,3.0,timeout
3450,1.0564507246017456,0.6932855844497681,-0.0002468534803483635,0.0325823538005352,0.03258189186453819,1.0,-3.0,timeout
3451,1.055477499961853,0.6936953663825989,-0.0002467743761371821,0.032999277114868164,0.032999277114868164,1.0,3.0,timeout
3452,1.054503321647644,0.694102942943573,-0.00024695444153621793,0.03300008550286293,0.03300008550286293,1.0,3.0,timeout
3453,1.054483413696289,0.6941100358963013,-0.00025199350784532726,0.0006789443432353437,0.0006604304653592408,0.0,3.0,timeout
3454,1.0535210371017456,0.6945085525512695,-0.00024652949650771916,0.032551251351833344,0.03255080431699753,1.0,-3.0,timeout
3455,1.053520679473877,0.6945086121559143,-0.00025148445274680853,0.00015525633352808654,1.1330027518852148e-05,0.0,0.0,timeout
3456,1.053520679473877,0.6945086121559143,-0.0002509447804186493,1.686476025497541e-05,0.0,0.0,0.0,timeout
3457,1.0525652170181274,0.6949062943458557,-0.0002454342320561409,0.03234171122312546,0.03234125301241875,1.0,3.0,timeout
3458,1.0525554418563843,0.6949102878570557,-0.00025050091790035367,0.0003660030197352171,0.00032998272217810154,0.0,-3.0,timeout
3459,1.0525552034378052,0.6949097514152527,-0.00025021113106049597,2.0458361177588813e-05,1.8344926502322778e-05,0.0,3.0,timeout
3460,1.0515987873077393,0.6953051686286926,-0.0002448438317514956,0.0323420949280262,0.03234165906906128,1.0,3.0,timeout
3461,1.0506221055984497,0.6957065463066101,-0.00024509747163392603,0.03299815580248833,0.03299815207719803,1.0,-3.0,timeout
3462,1.049646019935608,0.6961095929145813,-0.000245620496571064,0.033000800758600235,0.033000797033309937,1.0,3.0,timeout
3463,1.0486692190170288,0.6965110898017883,-0.00024603380006738007,0.03300301358103752,0.03300300985574722,1.0,-3.0,timeout
3464,1.0486499071121216,0.6965191960334778,-0.00025125619140453637,0.0006745469872839749,0.0006545070791617036,0.0,-3.0,timeout
3465,1.0486500263214111,0.6965194344520569,-0.0002508668403606862,1.4745512999070343e-05,8.330001946887933e-06,0.0,-3.0,timeout
3466,1.0476760864257812,0.6969272494316101,-0.00024527907953597605,0.03299655392765999,0.03299609199166298,1.0,0.0,timeout
3467,1.0467021465301514,0.697335422039032,-0.0002455443609505892,0.033000409603118896,0.033000409603118896,1.0,-3.0,timeout
3468,1.0457290410995483,0.6977455615997314,-0.00024597690207883716,0.03300018608570099,0.03300018608570099,1.0,0.0,timeout
3469,1.0447558164596558,0.6981557011604309,-0.0002463295531924814,0.03300361707806587,0.03300361707806587,1.0,0.0,timeout
3470,1.044736623764038,0.6981641054153442,-0.0002514889638405293,0.00067431281786412,0.0006547535303980112,0.0,-3.0,timeout
3471,1.0437841415405273,0.6985688209533691,-0.00024616782320663333,0.032341036945581436,0.03234061226248741,1.0,-3.0,timeout
3472,1.0428129434585571,0.6989833116531372,-0.0002461924741510302,0.032998405396938324,0.032998405396938324,1.0,3.0,timeout
3473,1.041840672492981,0.6993955373764038,-0.0002464872959535569,0.033001553267240524,0.033001549541950226,1.0,3.0,timeout
3474,1.0408674478530884,0.699805498123169,-0.0002467368030920625,0.03300144895911217,0.03300144895911217,1.0,3.0,timeout
3475,1.0408477783203125,0.699812650680542,-0.00025182010722346604,0.0006730654276907444,0.0006540510221384466,0.0,3.0,timeout
3476,1.0398855209350586,0.7002137899398804,-0.00024638729519210756,0.03257925063371658,0.032578807324171066,1.0,-3.0,timeout
3477,1.0389118194580078,0.7006223201751709,-0.00024639026378281415,0.03299785777926445,0.03299785777926445,1.0,-3.0,timeout
3478,1.0379389524459839,0.7010331749916077,-0.0002466467267367989,0.033002011477947235,0.03300200775265694,1.0,-3.0,timeout
3479,1.037919521331787,0.7010411620140076,-0.0002517573593650013,0.0006756646325811744,0.0006565183284692466,0.0,3.0,timeout
3480,1.037919521331787,0.7010411620140076,-0.0002512667269911617,1.5332261682488024e-05,0.0,0.0,3.0,timeout
3481,1.0369653701782227,0.7014419436454773,-0.0002456798392813653,0.032341279089450836,0.03234080970287323,1.0,-3.0,timeout
3482,1.0359923839569092,0.7018523216247559,-0.00024578714510425925,0.03299964591860771,0.03299964591860771,1.0,3.0,timeout
3483,1.0350185632705688,0.7022610306739807,-0.0002461527183186263,0.03300345689058304,0.03300345689058304,1.0,-3.0,timeout
3484,1.0340455770492554,0.7026712894439697,-0.00024647879763506353,0.03299820050597191,0.03299820050597191,1.0,3.0,timeout
3485,1.033071517944336,0.7030792832374573,-0.00024673095322214067,0.03300168737769127,0.03300168737769127,1.0,3.0,timeout
3486,1.0330711603164673,0.7030792236328125,-0.0002519056142773479,0.0001621045812498778,1.1330027518852148e-05,0.0,0.0,timeout
3487,1.0321160554885864,0.7034777402877808,-0.0002464044373482466,0.032341424375772476,0.032340966165065765,1.0,-3.0,timeout
3488,1.0311421155929565,0.7038859724998474,-0.00024637748720124364,0.0330011285841465,0.0330011285841465,1.0,3.0,timeout
3489,1.0311224460601807,0.7038933634757996,-0.00025151832960546017,0.0006760013638995588,0.0006566345691680908,0.0,3.0,timeout
3490,1.0311225652694702,0.7038935422897339,-0.00025106483371928334,1.5682511730119586e-05,6.715862127748551e-06,0.0,-3.0,timeout
3491,1.0301671028137207,0.7042914032936096,-0.0002455389767419547,0.03234386071562767,0.03234339877963066,1.0,3.0,timeout
3492,1.0291911363601685,0.7046946287155151,-0.0002456645015627146,0.03299948200583458,0.03299948200583458,1.0,3.0,timeout
3493,1.0291712284088135,0.7047016024589539,-0.0002509476325940341,0.0006795499357394874,0.0006591895362362266,0.0,3.0,timeout
3494,1.029171109199524,0.70470130443573,-0.0002506133751012385,1.448182956664823e-05,1.0030650628323201e-05,0.0,0.0,timeout
3495,1.0282129049301147,0.7050923705101013,-0.0002451737818773836,0.032342128455638885,0.03234168142080307,1.0,3.0,timeout
3496,1.0282124280929565,0.7050920724868774,-0.00025034608552232385,0.00016258686082437634,1.7572157958056778e-05,0.0,0.0,timeout
3497,1.0282121896743774,0.7050913572311401,-0.0002500373520888388,2.5459650714765303e-05,2.3560804038424976e-05,0.0,3.0,timeout
3498,1.0282119512557983,0.7050907611846924,-0.00024958763970062137,2.4494020181009546e-05,2.0061301256646402e-05,0.0,3.0,timeout
3499,1.028212070465088,0.7050908207893372,-0.00024920731084421277,1.2593927749549039e-05,4.165000973443966e-06,0.0,-3.0,timeout
3500,1.0282118320465088,0.7050902843475342,-0.0002489227626938373,2.038642378465738e-05,1.8344926502322778e-05,0.0,3.0,timeout
3501,1.027251124382019,0.7054751515388489,-0.00024380044487770647,0.032341983169317245,0.03234158456325531,1.0,3.0,timeout
3502,1.0262700319290161,0.705865740776062,-0.000244262395426631,0.03299950435757637,0.03299950063228607,1.0,-3.0,timeout
3503,1.025289535522461,0.7062579989433289,-0.00024495270918123424,0.03300153836607933,0.03300153464078903,1.0,3.0,timeout
3504,1.025269627571106,0.7062649130821228,-0.00025039358297362924,0.0006801703711971641,0.0006585760856978595,0.0,3.0,timeout
3505,1.0252695083618164,0.7062647342681885,-0.00025017105508595705,9.667515769251622e-06,6.715862127748551e-06,0.0,0.0,timeout
3506,1.024307131767273,0.7066450715065002,-0.00024571100948378444,0.032338012009859085,0.03233771026134491,1.0,3.0,timeout
3507,1.0242927074432373,0.7066506743431091,-0.00025070153060369194,0.0005080967675894499,0.00048357079504057765,0.0,-3.0,timeout
3508,1.0233107805252075,0.7070385813713074,-0.000245406263275072,0.03299325332045555,0.03299284353852272,1.0,0.0,timeout
3509,1.023290991783142,0.7070454955101013,-0.0002505528391338885,0.0006745128775946796,0.0006550581310875714,0.0,3.0,timeout
3510,1.0223275423049927,0.7074234485626221,-0.0002454084751661867,0.03234201297163963,0.0323416106402874,1.0,3.0,timeout
3511,1.021343469619751,0.7078067064285278,-0.0002455682842992246,0.033002208918333054,0.033002208918333054,1.0,0.0,timeout
3512,1.021323800086975,0.7078141570091248,-0.0002508652105461806,0.0006778146489523351,0.0006572920829057693,0.0,-3.0,timeout
3513,1.0203555822372437,0.7081937789916992,-0.00024565565399825573,0.032499782741069794,0.03249937668442726,1.0,3.0,timeout
3514,1.0193713903427124,0.7085766792297363,-0.00024579514865763485,0.033001627773046494,0.033001627773046494,1.0,3.0,timeout
3515,1.019351840019226,0.7085838317871094,-0.0002510425401851535,0.0006708999280817807,0.0006505512865260243,0.0,-3.0,timeout
3516,1.0193514823913574,0.7085830569267273,-0.00025070508127100766,2.8678319722530432e-05,2.6669020371627994e-05,0.0,3.0,timeout
3517,1.019351601600647,0.7085830569267273,-0.0002501162816770375,1.8773313058773056e-05,3.7252900710882386e-06,0.0,-3.0,timeout
3518,1.0183871984481812,0.7089588046073914,-0.0002447656588628888,0.03234470263123512,0.0323442704975605,1.0,3.0,timeout
3519,1.018386721611023,0.7089585065841675,-0.0002500193368177861,0.00016511512512806803,1.7572157958056778e-05,0.0,0.0,timeout
3520,1.0174214839935303,0.7093319296836853,-0.0002448912709951401,0.032342687249183655,0.03234229236841202,1.0,3.0,timeout
3521,1.0164356231689453,0.7097101807594299,-0.0002451562322676182,0.032997917383909225,0.032997917383909225,1.0,3.0,timeout
3522,1.015449047088623,0.7100869417190552,-0.00024564762134104967,0.03300214931368828,0.03300214558839798,1.0,-3.0,timeout
3523,1.0154486894607544,0.7100867629051208,-0.00025104847736656666,0.00016923864313866943,1.2495002920331899e-05,0.0,0.0,timeout
3524,1.0144826173782349,0.710457980632782,-0.00024573050905019045,0.03234225511550903,0.03234182670712471,1.0,3.0,timeout
3525,1.0144625902175903,0.7104644775390625,-0.0002507114259060472,0.0006761177792213857,0.0006579568143934011,0.0,3.0,timeout
3526,1.0134947299957275,0.7108310461044312,-0.0002455313806422055,0.03234265744686127,0.032342251390218735,1.0,3.0,timeout
3527,1.0125062465667725,0.7112026810646057,-0.00024566639331169426,0.0330011211335659,0.0330011211335659,1.0,0.0,timeout
3528,1.0115176439285278,0.7115740776062012,-0.0002460721880197525,0.03300199285149574,0.033001989126205444,1.0,3.0,timeout
3529,1.010528564453125,0.7119438648223877,-0.00024639462935738266,0.03299829736351967,0.03299829363822937,1.0,-3.0,timeout
3530,1.00954008102417,0.7123154401779175,-0.0002466733567416668,0.03300046920776367,0.03300046920776367,1.0,3.0,timeout
3531,1.008551001548767,0.7126853466033936,-0.00024687647237442434,0.03299959748983383,0.03299959748983383,1.0,-3.0,timeout
3532,1.0085506439208984,0.7126853466033936,-0.00025203157565556467,0.0001614841603441164,1.117586998589104e-05,0.0,0.0,timeout
3533,1.0075820684432983,0.7130498886108398,-0.0002465170109644532,0.03234125301241875,0.032340794801712036,1.0,3.0,timeout
3534,1.0075817108154297,0.7130497097969055,-0.000251430319622159,0.00015404846635647118,1.2495002920331899e-05,0.0,0.0,timeout
3535,1.0066121816635132,0.7134117484092712,-0.00024602070334367454,0.03234168142080307,0.03234123811125755,1.0,3.0,timeout
3536,1.0056219100952148,0.7137783765792847,-0.00024605929502286017,0.032998789101839066,0.03299878537654877,1.0,3.0,timeout
3537,1.0056017637252808,0.7137845158576965,-0.00025126367108896375,0.000677953998092562,0.0006581571069546044,0.0,3.0,timeout
3538,1.0046297311782837,0.7141396999359131,-0.00024598752497695386,0.03234081715345383,0.0323403961956501,1.0,3.0,timeout
3539,1.0036368370056152,0.7144997715950012,-0.0002460319083184004,0.0330052450299263,0.0330052450299263,1.0,0.0,timeout
3540,1.0026440620422363,0.7148595452308655,-0.00024636456510052085,0.03299856558442116,0.03299856558442116,1.0,3.0,timeout
3541,1.0016504526138306,0.7152170538902283,-0.00024663933436386287,0.032999057322740555,0.032999053597450256,1.0,3.0,timeout
3542,1.0016306638717651,0.7152235507965088,-0.00025173125322908163,0.0006700423546135426,0.0006508738733828068,0.0,-3.0,timeout
3543,1.0006569623947144,0.7155744433403015,-0.0002463722776155919,0.03234410658478737,0.03234367445111275,1.0,3.0,timeout
3544,0.9996628165245056,0.7159304618835449,-0.0002463347918819636,0.03299909830093384,0.03299909830093384,1.0,-3.0,timeout
3545,0.9986695051193237,0.7162888646125793,-0.0002465998404659331,0.03299976512789726,0.032999761402606964,1.0,-3.0,timeout
3546,0.9976768493652344,0.716649055480957,-0.00024683703668415546,0.03299950808286667,0.03299950808286667,1.0,3.0,timeout
3547,0.9976764917373657,0.7166489362716675,-0.0002519908593967557,0.00016148721624631435,1.1780402019212488e-05,0.0,0.0,timeout
3548,0.9967029094696045,0.7169999480247498,-0.00024648415273986757,0.03234189376235008,0.03234143182635307,1.0,3.0,timeout
3549,0.9966827630996704,0.7170060276985168,-0.0002513137587811798,0.0006747132865712047,0.0006576165906153619,0.0,3.0,timeout
3550,0.9957077503204346,0.717353105545044,-0.0002460018440615386,0.03234248235821724,0.032342053949832916,1.0,-3.0,timeout
3551,0.9956876635551453,0.7173594832420349,-0.0002509422483853996,0.0006764456629753113,0.000658591918181628,0.0,3.0,timeout
3552,0.994712769985199,0.7177068591117859,-0.0002457053051330149,0.032342083752155304,0.03234167397022247,1.0,-3.0,timeout
3553,0.9937185645103455,0.7180627584457397,-0.0002458215458318591,0.03299959376454353,0.03299959376454353,1.0,3.0,timeout
3554,0.9937182068824768,0.7180628776550293,-0.0002511644270271063,0.00016738010162953287,1.1780402019212488e-05,0.0,0.0,timeout
3555,0.9927234649658203,0.7184167504310608,-0.00024571994435973465,0.03299453854560852,0.0329941026866436,1.0,0.0,timeout
3556,0.9917284846305847,0.7187703251838684,-0.00024591744295321405,0.03299800306558609,0.03299800306558609,1.0,3.0,timeout
3557,0.9907326102256775,0.7191216349601746,-0.00024627134553156793,0.03300071507692337,0.03300071135163307,1.0,3.0,timeout
3558,0.9907124042510986,0.7191275358200073,-0.0002514475490897894,0.0006774078938178718,0.0006578118191100657,0.0,3.0,timeout
3559,0.9907124638557434,0.7191275358200073,-0.0002510088379494846,1.3835676327289548e-05,1.8626450355441193e-06,0.0,-3.0,timeout
3560,0.9897357225418091,0.7194696664810181,-0.00024549453519284725,0.03234197199344635,0.03234151378273964,1.0,3.0,timeout
3561,0.9887381196022034,0.7198159694671631,-0.00024562893668189645,0.03300001844763756,0.03300001844763756,1.0,3.0,timeout
3562,0.9887182116508484,0.7198224067687988,-0.0002509078767616302,0.0006743287667632103,0.000653838855214417,0.0,-3.0,timeout
3563,0.9887179136276245,0.719821572303772,-0.00025059730978682637,2.9341761546675116e-05,2.7690210117725655e-05,0.0,3.0,timeout
3564,0.9877397418022156,0.7201594710350037,-0.00024515591212548316,0.03234073147177696,0.032340288162231445,1.0,3.0,timeout
3565,0.9877200126647949,0.7201658487319946,-0.00025023092166520655,0.000667075568344444,0.0006479488802142441,0.0,-3.0,timeout
3566,0.9867417216300964,0.7205036282539368,-0.0002451559412293136,0.03234298154711723,0.032342590391635895,1.0,3.0,timeout
3567,0.986721396446228,0.7205092906951904,-0.0002502557763364166,0.0006783371209166944,0.000659350014757365,0.0,3.0,timeout
3568,0.9867213368415833,0.7205091714859009,-0.00025004101917147636,7.898539479356259e-06,4.165000973443966e-06,0.0,-3.0,timeout
3569,0.9867213368415833,0.7205091118812561,-0.0002495932567398995,1.4116005331743509e-05,1.8626450355441193e-06,0.0,-3.0,timeout
3570,0.9867211580276489,0.7205088138580322,-0.000249227014137432,1.5778183296788484e-05,1.0860992915695533e-05,0.0,0.0,timeout
3571,0.9857428073883057,0.7208463549613953,-0.0002440496755298227,0.032342325896024704,0.03234191983938217,1.0,3.0,timeout
3572,0.984743595123291,0.721187949180603,-0.0002444724668748677,0.03299964219331741,0.032999638468027115,1.0,3.0,timeout
3573,0.9847232103347778,0.7211935520172119,-0.00024999474408105016,0.0006828156183473766,0.0006606484530493617,0.0,3.0,timeout
3574,0.9837427735328674,0.7215249538421631,-0.00024496062542311847,0.03234199434518814,0.0323416106402874,1.0,-3.0,timeout
3575,0.9827429056167603,0.721864640712738,-0.00024522689636796713,0.032999809831380844,0.032999806106090546,1.0,3.0,timeout
3576,0.9827226400375366,0.721870481967926,-0.0002505988231860101,0.0006801248528063297,0.000659081619232893,0.0,3.0,timeout
3577,0.9817412495613098,0.7221991419792175,-0.00024545550695620477,0.03234293684363365,0.03234253451228142,1.0,3.0,timeout
3578,0.9807392358779907,0.7225323915481567,-0.00024560122983530164,0.03299926966428757,0.03299926593899727,1.0,-3.0,timeout
3579,0.9797377586364746,0.7228673696517944,-0.00024602413759566844,0.033000461757183075,0.033000458031892776,1.0,3.0,timeout
3580,0.9787355065345764,0.7232000231742859,-0.00024636703892610967,0.03300046920776367,0.03300046548247337,1.0,3.0,timeout
3581,0.9777325391769409,0.7235307693481445,-0.000246636220254004,0.03300296887755394,0.03300296887755394,1.0,0.0,timeout
3582,0.9767295718193054,0.7238612174987793,-0.00024686247343197465,0.033000048249959946,0.033000048249959946,1.0,3.0,timeout
3583,0.9757258892059326,0.724189817905426,-0.00024703267263248563,0.033003270626068115,0.033003270626068115,1.0,0.0,timeout
3584,0.9757058024406433,0.7241959571838379,-0.0002520502603147179,0.0006748444866389036,0.0006563756032846868,0.0,-3.0,timeout
3585,0.9747230410575867,0.7245203256607056,-0.0002466285659465939,0.03234132006764412,0.0323408767580986,1.0,3.0,timeout
3586,0.973719596862793,0.7248492240905762,-0.0002465398865751922,0.03299908712506294,0.03299908712506294,1.0,-3.0,timeout
3587,0.9727166891098022,0.7251798510551453,-0.00024677481269463897,0.03300002962350845,0.03300002962350845,1.0,3.0,timeout
3588,0.9726963639259338,0.7251853942871094,-0.0002518500841688365,0.0006771947373636067,0.0006583600770682096,0.0,3.0,timeout
3589,0.9717121124267578,0.7255051732063293,-0.0002464573481120169,0.03234093636274338,0.03234049677848816,1.0,3.0,timeout
3590,0.9716922044754028,0.7255112528800964,-0.0002512854989618063,0.0006677562487311661,0.0006504873163066804,0.0,-3.0,timeout
3591,0.9707078337669373,0.7258309125900269,-0.00024600070901215076,0.0323433093726635,0.03234288841485977,1.0,3.0,timeout
3592,0.9697027802467346,0.7261549830436707,-0.0002460370888002217,0.033000268042087555,0.033000268042087555,1.0,-3.0,timeout
3593,0.968698263168335,0.7264807820320129,-0.00024637271417304873,0.03300094231963158,0.03300093859434128,1.0,3.0,timeout
3594,0.967693030834198,0.7268043756484985,-0.0002466458536218852,0.033001016825437546,0.033001016825437546,1.0,3.0,timeout
3595,0.9666873216629028,0.7271263003349304,-0.00024685391690582037,0.03299926593899727,0.03299926221370697,1.0,-3.0,timeout
3596,0.9666672348976135,0.7271325588226318,-0.0002519114641472697,0.000676203693728894,0.0006574741564691067,0.0,-3.0,timeout
3597,0.9666672945022583,0.7271326780319214,-0.00025139079662039876,1.6795478586573154e-05,4.165000973443966e-06,0.0,-3.0,timeout
3598,0.9666671752929688,0.7271325588226318,-0.0002506794407963753,2.284562651766464e-05,5.268355835141847e-06,0.0,0.0,timeout
3599,0.9656836986541748,0.7274546027183533,-0.00024521243176423013,0.032339878380298615,0.032339420169591904,1.0,3.0,timeout
3600,0.9646791815757751,0.7277803421020508,-0.00024540218873880804,0.033000364899635315,0.033000364899635315,1.0,3.0,timeout
3601,0.9646587371826172,0.7277857065200806,-0.0002507377357687801,0.0006812344072386622,0.0006605145172215998,0.0,3.0,timeout
3602,0.9646585583686829,0.727785050868988,-0.00025045100483112037,2.30502882914152e-05,2.123742160620168e-05,0.0,3.0,timeout
3603,0.9636721014976501,0.7280980348587036,-0.00024503839085809886,0.03234164044260979,0.03234119713306427,1.0,3.0,timeout
3604,0.9626648426055908,0.7284152507781982,-0.00024525297340005636,0.0330008938908577,0.0330008901655674,1.0,-3.0,timeout
3605,0.9616581797599792,0.7287341952323914,-0.00024574491544626653,0.03299940750002861,0.03299940377473831,1.0,3.0,timeout
3606,0.9616377353668213,0.7287395000457764,-0.0002510267368052155,0.0006803691503591835,0.0006600442575290799,0.0,3.0,timeout
3607,0.9606500267982483,0.7290486097335815,-0.00024578729062341154,0.03234253078699112,0.03234211727976799,1.0,-3.0,timeout
3608,0.9606297612190247,0.7290542125701904,-0.0002507713797967881,0.0006752650951966643,0.0006570571567863226,0.0,3.0,timeout
3609,0.9596421122550964,0.7293635606765747,-0.00024556880816817284,0.032342977821826935,0.032342564314603806,1.0,-3.0,timeout
3610,0.9586348533630371,0.7296807765960693,-0.000245712319156155,0.0330008901655674,0.0330008901655674,1.0,3.0,timeout
3611,0.9576268792152405,0.729995608329773,-0.0002461033873260021,0.032999925315380096,0.0329999215900898,1.0,3.0,timeout
3612,0.9566183686256409,0.7303087115287781,-0.00024641960044391453,0.03299987316131592,0.03299986943602562,1.0,-3.0,timeout
3613,0.9556105732917786,0.730624258518219,-0.0002466827572789043,0.033001262694597244,0.033001262694597244,1.0,-3.0,timeout
3614,0.9555903673171997,0.730630099773407,-0.00025178681244142354,0.0006763680139556527,0.0006572920829057693,0.0,3.0,timeout
3615,0.9546025991439819,0.7309388518333435,-0.00024640673655085266,0.03234099596738815,0.032340556383132935,1.0,3.0,timeout
3616,0.9535937905311584,0.7312513589859009,-0.00024636703892610967,0.033003248274326324,0.033003248274326324,1.0,0.0,timeout
3617,0.952584981918335,0.7315634489059448,-0.00024663223302923143,0.032999392598867416,0.032999392598867416,1.0,3.0,timeout
3618,0.9515754580497742,0.7318732738494873,-0.00024685304379090667,0.0329999104142189,0.032999906688928604,1.0,3.0,timeout
3619,0.9515549540519714,0.7318782806396484,-0.000251912948442623,0.0006782650016248226,0.0006595762679353356,0.0,3.0,timeout
3620,0.9505642652511597,0.7321776151657104,-0.0002465077268425375,0.03234177827835083,0.03234133869409561,1.0,3.0,timeout
3621,0.9505437612533569,0.732182502746582,-0.0002513364306651056,0.0006757654482498765,0.0006587025127373636,0.0,3.0,timeout
3622,0.9495516419410706,0.732477068901062,-0.0002460318792145699,0.03234183415770531,0.03234140947461128,1.0,3.0,timeout
3623,0.9485384821891785,0.7327751517295837,-0.00024606657098047435,0.03300310671329498,0.03300310671329498,1.0,0.0,timeout
3624,0.9485182166099548,0.7327806949615479,-0.000251263176323846,0.000676348339766264,0.0006565632065758109,0.0,-3.0,timeout
3625,0.9485179781913757,0.7327799797058105,-0.00025088226539082825,2.6397045076009817e-05,2.3560804038424976e-05,0.0,3.0,timeout
3626,0.9485178589820862,0.7327796816825867,-0.0002502631105016917,2.17940778384218e-05,1.0030650628323201e-05,0.0,0.0,timeout
3627,0.9475252032279968,0.7330722808837891,-0.0002448790182825178,0.032340485602617264,0.03234004229307175,1.0,3.0,timeout
3628,0.9475046396255493,0.7330771088600159,-0.0002500191912986338,0.0006793497013859451,0.0006600863416679204,0.0,3.0,timeout
3629,0.9465105533599854,0.7333648800849915,-0.00024497712729498744,0.03234103322029114,0.032340653240680695,1.0,3.0,timeout
3630,0.94549560546875,0.7336563467979431,-0.00024521781597286463,0.032999053597450256,0.032999053597450256,1.0,-3.0,timeout
3631,0.9444813132286072,0.7339502573013306,-0.00024570670211687684,0.033000536262989044,0.033000532537698746,1.0,-3.0,timeout
3632,0.9434674978256226,0.7342458963394165,-0.0002461227704770863,0.03300130367279053,0.03300129994750023,1.0,3.0,timeout
3633,0.9424530863761902,0.7345392107963562,-0.0002464464632794261,0.032998934388160706,0.032998934388160706,1.0,3.0,timeout
3634,0.9414381384849548,0.7348308563232422,-0.00024669463164173067,0.03300059586763382,0.03300059586763382,1.0,-3.0,timeout
3635,0.9414176940917969,0.7348359227180481,-0.00025179600925184786,0.0006772428168915212,0.0006582124624401331,0.0,3.0,timeout
3636,0.9404231309890747,0.7351222038269043,-0.0002464033314026892,0.032342493534088135,0.03234205022454262,1.0,-3.0,timeout
3637,0.9404228925704956,0.7351225018501282,-0.0002513540384825319,0.00015516862913500518,1.1926747902180068e-05,0.0,0.0,timeout
3638,0.9394288659095764,0.7354105114936829,-0.000245960196480155,0.0323413722217083,0.03234093636274338,1.0,3.0,timeout
3639,0.9384137392044067,0.7357014417648315,-0.0002460104878991842,0.03299980238080025,0.03299980238080025,1.0,3.0,timeout
3640,0.9373978972434998,0.7359899878501892,-0.00024634136934764683,0.03300085291266441,0.03300085291266441,1.0,3.0,timeout
3641,0.9373773336410522,0.7359945774078369,-0.00025150319561362267,0.0006778946844860911,0.0006584232905879617,0.0,3.0,timeout
3642,0.9363806247711182,0.7362731695175171,-0.0002461799012962729,0.03234141692519188,0.03234098479151726,1.0,3.0,timeout
3643,0.9363604187965393,0.7362782955169678,-0.0002510634367354214,0.0006690756417810917,0.0006514386041089892,0.0,-3.0,timeout
3644,0.9353435039520264,0.7365623712539673,-0.00024572081747464836,0.03299567103385925,0.03299524635076523,1.0,0.0,timeout
3645,0.9343264102935791,0.7368463277816772,-0.00024592195404693484,0.03299962729215622,0.03299962356686592,1.0,3.0,timeout
3646,0.9333088397979736,0.7371286153793335,-0.0002462647098582238,0.032999999821186066,0.032999999821186066,1.0,-3.0,timeout
3647,0.9322917461395264,0.737412691116333,-0.0002465689030941576,0.033000629395246506,0.033000629395246506,1.0,3.0,timeout
3648,0.932271420955658,0.737417995929718,-0.00025167467538267374,0.0006755517097190022,0.0006564390496350825,0.0,-3.0,timeout
3649,0.9312747716903687,0.7376968264579773,-0.0002463279524818063,0.03234163299202919,0.03234120085835457,1.0,3.0,timeout
3650,0.9302572011947632,0.7379791736602783,-0.00024629945983178914,0.03300049528479576,0.03300049528479576,1.0,-3.0,timeout
3651,0.9292402863502502,0.7382639050483704,-0.00024657181347720325,0.03300076723098755,0.03300076723098755,1.0,-3.0,timeout
3652,0.9282239079475403,0.7385504245758057,-0.0002468145394232124,0.03299973905086517,0.03299973905086517,1.0,3.0,timeout
3653,0.9272068738937378,0.73883455991745,-0.00024699963978491724,0.03299933671951294,0.03299933671951294,1.0,3.0,timeout
3654,0.926189124584198,0.739116370677948,-0.00024714739993214607,0.033001404255628586,0.033001404255628586,1.0,3.0,timeout
3655,0.9251709580421448,0.7393965125083923,-0.000247255084104836,0.033000096678733826,0.033000096678733826,1.0,-3.0,timeout
3656,0.9241532683372498,0.7396783828735352,-0.00024736145860515535,0.03300010785460472,0.03300010785460472,1.0,3.0,timeout
3657,0.923134982585907,0.7399579882621765,-0.0002474372158758342,0.03299924358725548,0.03299924358725548,1.0,3.0,timeout
3658,0.9221159815788269,0.7402352690696716,-0.0002474975190125406,0.033001650124788284,0.033001650124788284,1.0,3.0,timeout
3659,0.9210963845252991,0.7405102252960205,-0.00024754583137109876,0.0330006368458271,0.0330006368458271,1.0,3.0,timeout
3660,0.9200762510299683,0.7407832741737366,-0.0002475788933224976,0.033001359552145004,0.033001359552145004,1.0,0.0,timeout
3661,0.9190562963485718,0.7410567402839661,-0.00024760537780821323,0.03299933671951294,0.03299933671951294,1.0,-3.0,timeout
3662,0.9180369973182678,0.7413327097892761,-0.0002476310182828456,0.032999902963638306,0.032999902963638306,1.0,-3.0,timeout
3663,0.9170181751251221,0.7416104078292847,-0.0002476623631082475,0.032999686896800995,0.032999686896800995,1.0,3.0,timeout
3664,0.9159987568855286,0.7418858408927917,-0.0002476777008268982,0.03299912065267563,0.03299912065267563,1.0,3.0,timeout
3665,0.9149786233901978,0.742158830165863,-0.0002476896916050464,0.0330008789896965,0.0330008789896965,1.0,3.0,timeout
3666,0.913957953453064,0.7424299120903015,-0.0002476939407642931,0.033001724630594254,0.033001720905303955,1.0,0.0,timeout
3667,0.9129374623298645,0.7427013516426086,-0.00024769752053543925,0.0329991914331913,0.0329991914331913,1.0,-3.0,timeout
3668,0.9119176268577576,0.7429752349853516,-0.0002477048255968839,0.03299911692738533,0.03299911692738533,1.0,-3.0,timeout
3669,0.9118973612785339,0.7429808974266052,-0.000252592348260805,0.0006750613101758063,0.0006575559382326901,0.0,-3.0,timeout
3670,0.9108990430831909,0.7432536482810974,-0.0002470624167472124,0.03234129771590233,0.03234083577990532,1.0,3.0,timeout
3671,0.9108785390853882,0.7432583570480347,-0.0002517799148336053,0.0006737554795108736,0.0006574292783625424,0.0,3.0,timeout
3672,0.9098790884017944,0.7435269951820374,-0.0002463754208292812,0.03234182298183441,0.032341379672288895,1.0,-3.0,timeout
3673,0.9088596701622009,0.7438026666641235,-0.00024635728914290667,0.033001068979501724,0.033001068979501724,1.0,3.0,timeout
3674,0.9078396558761597,0.7440759539604187,-0.00024661922361701727,0.03299969062209129,0.03299969062209129,1.0,3.0,timeout
3675,0.9078192710876465,0.7440810799598694,-0.00025171382003463805,0.0006758749950677156,0.000656856398563832,0.0,-3.0,timeout
3676,0.9078192710876465,0.7440811395645142,-0.0002512322389520705,1.5164238902798388e-05,1.8626450355441193e-06,0.0,-3.0,timeout
3677,0.9068202972412109,0.7443515062332153,-0.0002456737565807998,0.032341524958610535,0.03234105929732323,1.0,3.0,timeout
3678,0.9058002233505249,0.7446244955062866,-0.00024577206932008266,0.032999079674482346,0.032999079674482346,1.0,3.0,timeout
3679,0.9047794342041016,0.7448951601982117,-0.00024615044821985066,0.03300198167562485,0.03300197795033455,1.0,3.0,timeout
3680,0.9047586917877197,0.7448991537094116,-0.0002513506624381989,0.0006798136746510863,0.0006601046770811081,0.0,3.0,timeout
3681,0.9037572741508484,0.7451602816581726,-0.0002460580144543201,0.03234115242958069,0.03234073147177696,1.0,3.0,timeout
3682,0.90373694896698,0.7451649308204651,-0.0002509659971110523,0.000669374770950526,0.0006515664863400161,0.0,-3.0,timeout
3683,0.9027354717254639,0.7454259395599365,-0.00024574549752287567,0.032342005521059036,0.03234159201383591,1.0,3.0,timeout
3684,0.9017130136489868,0.745690107345581,-0.00024583275080658495,0.033001020550727844,0.033001020550727844,1.0,-3.0,timeout
3685,0.9006912112236023,0.7459567785263062,-0.00024619841133244336,0.03300085291266441,0.03300085291266441,1.0,-3.0,timeout
3686,0.899669885635376,0.7462252974510193,-0.00024651599233038723,0.033001068979501724,0.033001068979501724,1.0,3.0,timeout
3687,0.8996492624282837,0.7462297081947327,-0.0002516436798032373,0.000678250624332577,0.0006590500706806779,0.0,3.0,timeout
3688,0.8986474275588989,0.7464892268180847,-0.00024628115352243185,0.0323411300778389,0.032340697944164276,1.0,-3.0,timeout
3689,0.8986268639564514,0.7464938759803772,-0.00025116594042629004,0.0006762846023775637,0.0006588315591216087,0.0,3.0,timeout
3690,0.8976250886917114,0.7467536926269531,-0.0002458847011439502,0.03234165534377098,0.032341234385967255,1.0,-3.0,timeout
3691,0.8976248502731323,0.7467540502548218,-0.00025093869771808386,0.00015850750787649304,1.3431724255497102e-05,0.0,0.0,timeout
3692,0.8966235518455505,0.7470155954360962,-0.0002456278307363391,0.032340843230485916,0.03234041854739189,1.0,3.0,timeout
3693,0.8956010341644287,0.7472794651985168,-0.0002457445370964706,0.03300049528479576,0.03300049528479576,1.0,3.0,timeout
3694,0.8955803513526917,0.7472837567329407,-0.0002510116610210389,0.0006803164724260569,0.0006601046770811081,0.0,3.0,timeout
3695,0.8945772051811218,0.7475379705429077,-0.0002457858354318887,0.032339662313461304,0.032339248806238174,1.0,3.0,timeout
3696,0.8935527801513672,0.7477944493293762,-0.0002458758244756609,0.033001359552145004,0.033001359552145004,1.0,3.0,timeout
3697,0.8925279974937439,0.748049259185791,-0.00024622344062663615,0.03299957886338234,0.03299957513809204,1.0,-3.0,timeout
3698,0.891503632068634,0.7483058571815491,-0.00024653569562360644,0.033000461757183075,0.033000458031892776,1.0,3.0,timeout
3699,0.8904786705970764,0.7485601902008057,-0.0002467768790666014,0.033001407980918884,0.033001407980918884,1.0,3.0,timeout
3700,0.890478253364563,0.7485597133636475,-0.00025194240151904523,0.00016263237921521068,1.98001889657462e-05,0.0,0.0,timeout
3701,0.8904780745506287,0.748559296131134,-0.00025132394512183964,2.3973976567503996e-05,1.4185482541506644e-05,0.0,0.0,timeout
3702,0.8894732594490051,0.7488067150115967,-0.00024573871633037925,0.03233885020017624,0.03233838081359863,1.0,3.0,timeout
3703,0.8894524574279785,0.7488104701042175,-0.000250706885708496,0.000678569485899061,0.0006605696398764849,0.0,3.0,timeout
3704,0.8884463906288147,0.7490530610084534,-0.0002455274807289243,0.03234107047319412,0.03234066441655159,1.0,3.0,timeout
3705,0.8874192833900452,0.7492983341217041,-0.00024565786588937044,0.032999586313962936,0.032999586313962936,1.0,-3.0,timeout
3706,0.8873985409736633,0.7493022680282593,-0.00025095249293372035,0.000680185854434967,0.0006597550818696618,0.0,3.0,timeout
3707,0.8863919377326965,0.7495424151420593,-0.00024573906557634473,0.032339565455913544,0.032339151948690414,1.0,3.0,timeout
3708,0.8863711357116699,0.7495461702346802,-0.00025072149583138525,0.0006786715821363032,0.0006605696398764849,0.0,3.0,timeout
3709,0.8853429555892944,0.7497862577438354,-0.00024543769541196525,0.03299538418650627,0.03299497067928314,1.0,0.0,timeout
3710,0.8843147158622742,0.7500267028808594,-0.00024568443768657744,0.03299932926893234,0.03299932926893234,1.0,-3.0,timeout
3711,0.8832868337631226,0.7502689361572266,-0.0002460949181113392,0.03300122171640396,0.03300122171640396,1.0,3.0,timeout
3712,0.882258415222168,0.7505087852478027,-0.0002464236749801785,0.033000536262989044,0.033000532537698746,1.0,3.0,timeout
3713,0.8812296390533447,0.7507469058036804,-0.0002466763835400343,0.0329991951584816,0.0329991951584816,1.0,-3.0,timeout
3714,0.8802013993263245,0.7509875297546387,-0.00024688802659511566,0.033000603318214417,0.033000603318214417,1.0,-3.0,timeout
3715,0.8791736364364624,0.7512298822402954,-0.00024706812109798193,0.032998450100421906,0.032998450100421906,1.0,3.0,timeout
3716,0.8791528940200806,0.7512338757514954,-0.0002520848938729614,0.0006784661673009396,0.0006601046770811081,0.0,3.0,timeout
3717,0.8781448006629944,0.7514678239822388,-0.00024663429940119386,0.032340556383132935,0.03234010934829712,1.0,-3.0,timeout
3718,0.8771164417266846,0.7517079710960388,-0.00024656503228470683,0.03300083801150322,0.03300083801150322,1.0,3.0,timeout
3719,0.8760875463485718,0.7519457340240479,-0.00024678537738509476,0.03300030902028084,0.03300030902028084,1.0,3.0,timeout
3720,0.8750582933425903,0.7521818280220032,-0.00024696497712284327,0.03299949690699577,0.03299949690699577,1.0,-3.0,timeout
3721,0.8740293979644775,0.7524195909500122,-0.000247129297349602,0.03300030902028084,0.03300030902028084,1.0,3.0,timeout
3722,0.8740290403366089,0.7524194717407227,-0.00025222450494766235,0.00015966042701620609,1.1780402019212488e-05,0.0,0.0,timeout
3723,0.8730204701423645,0.7526512742042542,-0.0002466598234605044,0.03234000876545906,0.03233954310417175,1.0,-3.0,timeout
3724,0.8719918131828308,0.7528901100158691,-0.0002465712314005941,0.03300061821937561,0.03300061821937561,1.0,-3.0,timeout
3725,0.8709635734558105,0.7531306147575378,-0.0002467998128850013,0.03299975395202637,0.03299975022673607,1.0,3.0,timeout
3726,0.8709428906440735,0.7531347274780273,-0.0002518695837352425,0.000677768955938518,0.000658992154058069,0.0,3.0,timeout
3727,0.8709428906440735,0.7531344294548035,-0.0002513565996196121,1.85397202585591e-05,9.313225746154785e-06,0.0,3.0,timeout
3728,0.8699338436126709,0.7533642649650574,-0.0002457519876770675,0.03234082832932472,0.03234035521745682,1.0,-3.0,timeout
3729,0.8689045906066895,0.7536007165908813,-0.00024583944468759,0.03300199657678604,0.03300199657678604,1.0,0.0,timeout
3730,0.8688839077949524,0.7536048889160156,-0.0002510928607080132,0.000679488352034241,0.0006593579309992492,0.0,3.0,timeout
3731,0.8688839077949524,0.7536047101020813,-0.00025073473807424307,1.2508834515756462e-05,5.58793499294552e-06,0.0,3.0,timeout
3732,0.8678744435310364,0.7538325190544128,-0.0002452544285915792,0.03233952075242996,0.03233906999230385,1.0,-3.0,timeout
3733,0.8678537607192993,0.7538366913795471,-0.00025033028214238584,0.0006781690753996372,0.0006593579309992492,0.0,3.0,timeout
3734,0.8668441772460938,0.7540639042854309,-0.00024522599414922297,0.03233899921178818,0.03233860805630684,1.0,3.0,timeout
3735,0.8658133745193481,0.7542933821678162,-0.0002454170607961714,0.03300115838646889,0.03300115838646889,1.0,-3.0,timeout
3736,0.8647831082344055,0.7545252442359924,-0.0002458664821460843,0.03300107643008232,0.03300107270479202,1.0,-3.0,timeout
3737,0.8637532591819763,0.7547587752342224,-0.00024625033256597817,0.03299985080957413,0.03299984708428383,1.0,3.0,timeout
3738,0.8627228140830994,0.7549898624420166,-0.00024654821027070284,0.03300122171640396,0.03300121799111366,1.0,3.0,timeout
3739,0.8616920113563538,0.7552191615104675,-0.00024677615147084,0.03299994394183159,0.03299994394183159,1.0,-3.0,timeout
3740,0.8606616258621216,0.7554506063461304,-0.0002469730097800493,0.0330018512904644,0.0330018512904644,1.0,0.0,timeout
3741,0.8596311807632446,0.7556816339492798,-0.0002471318584866822,0.03300080820918083,0.03300080820918083,1.0,3.0,timeout
3742,0.8586004376411438,0.7559109330177307,-0.0002472431515343487,0.03299812600016594,0.03299812600016594,1.0,-3.0,timeout
3743,0.8575701713562012,0.7561426758766174,-0.00024734146427363157,0.03300025686621666,0.03300025686621666,1.0,-3.0,timeout
3744,0.8565404415130615,0.7563768029212952,-0.0002474206849001348,0.033000338822603226,0.033000338822603226,1.0,-3.0,timeout
3745,0.8555112481117249,0.7566133141517639,-0.00024748421856202185,0.03300059959292412,0.03300059959292412,1.0,-3.0,timeout
3746,0.8544825911521912,0.7568521499633789,-0.00024753515026532114,0.03300061821937561,0.03300061821937561,1.0,-3.0,timeout
3747,0.8534543514251709,0.7570925951004028,-0.0002475852961651981,0.03299932926893234,0.03299932926893234,1.0,3.0,timeout
3748,0.8534337878227234,0.7570969462394714,-0.0002524979936424643,0.0006745432037860155,0.0006568405660800636,0.0,3.0,timeout
3749,0.8524251580238342,0.7573288679122925,-0.00024696486070752144,0.03234265372157097,0.03234219178557396,1.0,-3.0,timeout
3750,0.8513963222503662,0.7575668692588806,-0.0002468292659614235,0.03300017490983009,0.03300017490983009,1.0,3.0,timeout
3751,0.8513758182525635,0.7575717568397522,-0.00025186827406287193,0.0006772631895728409,0.0006587025127373636,0.0,-3.0,timeout
3752,0.8503472208976746,0.7578099966049194,-0.0002463798737153411,0.03299504145979881,0.032994594424963,1.0,0.0,timeout
3753,0.8493183851242065,0.758047878742218,-0.00024644940276630223,0.03299933299422264,0.03299933299422264,1.0,3.0,timeout
3754,0.849297821521759,0.7580524682998657,-0.00025156838819384575,0.0006775773945264518,0.0006584232905879617,0.0,-3.0,timeout
3755,0.8482898473739624,0.758286714553833,-0.000246230949414894,0.03233901783823967,0.03233858942985535,1.0,-3.0,timeout
3756,0.8472617268562317,0.7585279941558838,-0.00024623252102173865,0.033001650124788284,0.033001650124788284,1.0,-3.0,timeout
3757,0.8472412824630737,0.7585331797599792,-0.00025140083744190633,0.0006786182057112455,0.0006591184646822512,0.0,-3.0,timeout
3758,0.8462347984313965,0.7587739825248718,-0.0002461083931848407,0.03234071284532547,0.032340291887521744,1.0,3.0,timeout
3759,0.8452070951461792,0.7590170502662659,-0.00024612894048914313,0.033001773059368134,0.033001773059368134,1.0,0.0,timeout
3760,0.8441793322563171,0.7592597007751465,-0.00024644177756272256,0.03300058841705322,0.03300058841705322,1.0,3.0,timeout
3761,0.8431510329246521,0.7595000267028809,-0.0002467006561346352,0.03300029784440994,0.033000294119119644,1.0,3.0,timeout
3762,0.8421221971511841,0.7597379088401794,-0.00024690834106877446,0.03299933299422264,0.03299933299422264,1.0,3.0,timeout
3763,0.8410929441452026,0.7599741816520691,-0.0002470638428349048,0.033000748604536057,0.03300074487924576,1.0,-3.0,timeout
3764,0.8400641083717346,0.760212242603302,-0.00024720854707993567,0.03300059214234352,0.03300059214234352,1.0,3.0,timeout
3765,0.8390347957611084,0.7604483366012573,-0.00024730959557928145,0.03300131484866142,0.03300131484866142,1.0,0.0,timeout
3766,0.8380056023597717,0.7606848478317261,-0.0002473902713973075,0.03300059959292412,0.03300059959292412,1.0,-3.0,timeout
3767,0.8369768857955933,0.7609230875968933,-0.00024746969575062394,0.0329982228577137,0.0329982228577137,1.0,3.0,timeout
3768,0.835947573184967,0.7611589431762695,-0.0002475236542522907,0.03299964964389801,0.03299964964389801,1.0,3.0,timeout
3769,0.8359269499778748,0.7611632347106934,-0.00025243734125979245,0.0006759528769180179,0.0006582809728570282,0.0,-3.0,timeout
3770,0.8359269499778748,0.7611631751060486,-0.00025181093951687217,1.9663473722175695e-05,1.8626450355441193e-06,0.0,-3.0,timeout
3771,0.8349188566207886,0.7613970041275024,-0.0002461368858348578,0.03233975172042847,0.03233926743268967,1.0,3.0,timeout
3772,0.8338894844055176,0.7616326808929443,-0.0002461424155626446,0.033000215888023376,0.033000215888023376,1.0,3.0,timeout
3773,0.8338686227798462,0.7616360187530518,-0.00025132944574579597,0.0006798250251449645,0.000660217716358602,0.0,3.0,timeout
3774,0.8328588604927063,0.7618627548217773,-0.0002460403775330633,0.03234121575951576,0.032340794801712036,1.0,3.0,timeout
3775,0.8318278193473816,0.7620911598205566,-0.00024607955128885806,0.033001162111759186,0.033001162111759186,1.0,3.0,timeout
3776,0.830796480178833,0.7623180150985718,-0.0002463862474542111,0.03299982100725174,0.03299981728196144,1.0,-3.0,timeout
3777,0.8297654986381531,0.7625465989112854,-0.0002466659643687308,0.033000554889440536,0.033000554889440536,1.0,3.0,timeout
3778,0.8287340402603149,0.7627729773521423,-0.00024688115809112787,0.03300026059150696,0.03300026059150696,1.0,3.0,timeout
3779,0.8277022242546082,0.7629976272583008,-0.0002470421022735536,0.03299964219331741,0.03299964219331741,1.0,-3.0,timeout
3780,0.82667076587677,0.7632244825363159,-0.00024718561326153576,0.03300345689058304,0.03300345689058304,1.0,0.0,timeout
3781,0.8256393671035767,0.763451099395752,-0.00024730211589485407,0.03300003707408905,0.03300003707408905,1.0,3.0,timeout
3782,0.8246074914932251,0.763675332069397,-0.000247389602009207,0.03299868851900101,0.03299868851900101,1.0,3.0,timeout
3783,0.8235751986503601,0.7638978958129883,-0.0002474487409926951,0.033000398427248,0.033000398427248,1.0,-3.0,timeout
3784,0.8235543966293335,0.7639013528823853,-0.0002523987495806068,0.000676891126204282,0.0006589789409190416,0.0,3.0,timeout
3785,0.8235543370246887,0.763900876045227,-0.0002517805260140449,2.446950202283915e-05,1.501712449680781e-05,0.0,3.0,timeout
3786,0.8225421905517578,0.764116644859314,-0.0002461021940689534,0.03234079107642174,0.03234030306339264,1.0,3.0,timeout
3787,0.8225213289260864,0.7641199231147766,-0.0002509970508981496,0.000677421863656491,0.0006599259795621037,0.0,3.0,timeout
3788,0.8215082883834839,0.7643314599990845,-0.00024574840790592134,0.03234075382351875,0.032340336591005325,1.0,-3.0,timeout
3789,0.8204749226570129,0.7645489573478699,-0.0002458558010403067,0.03300020098686218,0.03300020098686218,1.0,3.0,timeout
3790,0.819441020488739,0.7647640109062195,-0.00024621831835247576,0.033000972121953964,0.033000968396663666,1.0,3.0,timeout
3791,0.819420337677002,0.7647678852081299,-0.00025139315403066576,0.0006771722692064941,0.0006575796287506819,0.0,-3.0,timeout
3792,0.8184072375297546,0.7649791240692139,-0.00024610283435322344,0.032340679317712784,0.03234025835990906,1.0,3.0,timeout
3793,0.8173729777336121,0.765192449092865,-0.0002461193944327533,0.03300096094608307,0.03300096094608307,1.0,-3.0,timeout
3794,0.8163390755653381,0.7654075026512146,-0.0002464385179337114,0.033000972121953964,0.033000968396663666,1.0,3.0,timeout
3795,0.815304696559906,0.765620231628418,-0.00024669841513969004,0.033000849187374115,0.033000849187374115,1.0,3.0,timeout
3796,0.8142698407173157,0.7658305764198303,-0.00024690665304660797,0.03300052508711815,0.03300052508711815,1.0,3.0,timeout
3797,0.8132345080375671,0.7660385966300964,-0.00024707330157980323,0.03300074115395546,0.03300074115395546,1.0,3.0,timeout
3798,0.8121987581253052,0.7662442922592163,-0.000247206655330956,0.032999295741319656,0.032999295741319656,1.0,3.0,timeout
3799,0.8111626505851746,0.766448438167572,-0.00024730226141400635,0.03300086408853531,0.03300086408853531,1.0,-3.0,timeout
3800,0.8111417293548584,0.7664512395858765,-0.0002522817812860012,0.0006777298403903842,0.0006596236489713192,0.0,3.0,timeout
3801,0.8101058006286621,0.7666551470756531,-0.0002467012091074139,0.03299440070986748,0.03299393877387047,1.0,0.0,timeout
3802,0.8090697526931763,0.7668595314025879,-0.00024669565027579665,0.03300047665834427,0.03300047665834427,1.0,-3.0,timeout
3803,0.8080342411994934,0.7670663595199585,-0.00024689314886927605,0.03299890086054802,0.03299890086054802,1.0,-3.0,timeout
3804,0.8069990277290344,0.7672749757766724,-0.0002470716426614672,0.03300076350569725,0.03300076350569725,1.0,3.0,timeout
3805,0.8059635162353516,0.767481803894043,-0.00024719524662941694,0.03299890086054802,0.03299890086054802,1.0,-3.0,timeout
3806,0.8049283027648926,0.7676907181739807,-0.00024730816949158907,0.03300260379910469,0.03300260379910469,1.0,0.0,timeout
3807,0.8038932085037231,0.7678999304771423,-0.00024738992215134203,0.033000797033309937,0.033000797033309937,1.0,-3.0,timeout
3808,0.8028585314750671,0.7681108117103577,-0.00024746923008933663,0.03299839049577713,0.03299839049577713,1.0,3.0,timeout
3809,0.8018233180046082,0.768319308757782,-0.0002475230139680207,0.03300002962350845,0.03300002962350845,1.0,3.0,timeout
3810,0.800787627696991,0.7685253024101257,-0.0002475657965987921,0.03299928456544876,0.03299928456544876,1.0,3.0,timeout
3811,0.8007667064666748,0.7685282826423645,-0.0002524824521970004,0.0006780264666303992,0.0006603884394280612,0.0,3.0,timeout
3812,0.80076664686203,0.7685276865959167,-0.0002518471737857908,2.7286147087579593e-05,1.8719350919127464e-05,0.0,3.0,timeout
3813,0.8007667064666748,0.7685278058052063,-0.0002510293561499566,2.589396171970293e-05,4.165000973443966e-06,0.0,-3.0,timeout
3814,0.7997508645057678,0.7687253355979919,-0.0002454964560456574,0.03234010189771652,0.03233963996171951,1.0,3.0,timeout
3815,0.799730122089386,0.7687289714813232,-0.00025050112162716687,0.0006764120771549642,0.000658083357848227,0.0,-3.0,timeout
3816,0.7987142205238342,0.7689263820648193,-0.00024537378340028226,0.03234115242958069,0.03234075754880905,1.0,3.0,timeout
3817,0.7986934185028076,0.7689298987388611,-0.00025041771004907787,0.0006778673268854618,0.0006592868594452739,0.0,-3.0,timeout
3818,0.7976775169372559,0.7691272497177124,-0.0002453078341204673,0.032340798527002335,0.0323403999209404,1.0,3.0,timeout
3819,0.7976567149162292,0.7691307067871094,-0.0002503650321159512,0.0006776644731871784,0.0006589789409190416,0.0,-3.0,timeout
3820,0.7966407537460327,0.7693279981613159,-0.0002452657208777964,0.03234227001667023,0.03234187886118889,1.0,3.0,timeout
3821,0.7956035733222961,0.769526481628418,-0.00024545981432311237,0.03300004079937935,0.03300004079937935,1.0,3.0,timeout
3822,0.7945660352706909,0.7697232961654663,-0.00024589066742919385,0.033001262694597244,0.033001258969306946,1.0,-3.0,timeout
3823,0.7935288548469543,0.7699219584465027,-0.00024626965750940144,0.033001095056533813,0.033001095056533813,1.0,3.0,timeout
3824,0.7935078740119934,0.7699246406555176,-0.0002514468797016889,0.0006804993026889861,0.0006609871052205563,0.0,3.0,timeout
3825,0.7924700975418091,0.7701189517974854,-0.00024603286874480546,0.03299452364444733,0.032994091510772705,1.0,0.0,timeout
3826,0.7914320230484009,0.7703129649162292,-0.0002461718104314059,0.03300153464078903,0.03300153464078903,1.0,3.0,timeout
3827,0.790393590927124,0.7705045938491821,-0.00024647515965625644,0.03299891948699951,0.03299891948699951,1.0,3.0,timeout
3828,0.789354681968689,0.7706938982009888,-0.00024672766448929906,0.03300047293305397,0.03300047293305397,1.0,3.0,timeout
3829,0.78831547498703,0.7708815932273865,-0.00024691925500519574,0.03300065919756889,0.033000655472278595,1.0,-3.0,timeout
3830,0.7872768044471741,0.7710718512535095,-0.00024708197452127934,0.03299849480390549,0.03299849480390549,1.0,-3.0,timeout
3831,0.7872560620307922,0.7710756063461304,-0.0002520941197872162,0.0006771018961444497,0.0006587367388419807,0.0,-3.0,timeout
3832,0.786238968372345,0.771266520023346,-0.0002466641890350729,0.03233970329165459,0.03233925625681877,1.0,3.0,timeout
3833,0.7862180471420288,0.7712693810462952,-0.00025146137340925634,0.0006766879232600331,0.0006598734180442989,0.0,3.0,timeout
3834,0.7851999998092651,0.7714554071426392,-0.00024613202549517155,0.03234117478132248,0.032340746372938156,1.0,3.0,timeout
3835,0.7851791977882385,0.7714587450027466,-0.00025102333165705204,0.0006758893141523004,0.0006583785288967192,0.0,-3.0,timeout
3836,0.7841611504554749,0.7716445922851562,-0.000245792354689911,0.0323401540517807,0.03233974054455757,1.0,3.0,timeout
3837,0.7831217050552368,0.7718312740325928,-0.00024588085943832994,0.033002376556396484,0.033002376556396484,1.0,3.0,timeout
3838,0.7831006646156311,0.7718335390090942,-0.00025112100411206484,0.0006812852807343006,0.0006613124278374016,0.0,3.0,timeout
3839,0.7820813655853271,0.7720122933387756,-0.0002458739036228508,0.032339613884687424,0.032339200377464294,1.0,3.0,timeout
3840,0.7810407876968384,0.7721923589706421,-0.00024593554553575814,0.03300132974982262,0.03300132974982262,1.0,-3.0,timeout
3841,0.7800005674362183,0.7723743319511414,-0.0002462915435899049,0.033000536262989044,0.033000532537698746,1.0,3.0,timeout
3842,0.7799795269966125,0.7723767161369324,-0.0002514635561965406,0.0006811741041019559,0.0006617215112783015,0.0,3.0,timeout
3843,0.7789593935012817,0.7725507020950317,-0.00024614870199002326,0.032339923083782196,0.03233949840068817,1.0,3.0,timeout
3844,0.778938353061676,0.7725529670715332,-0.0002510489139240235,0.00067881029099226,0.0006613124278374016,0.0,3.0,timeout
3845,0.7779173851013184,0.7727220058441162,-0.00024580227909609675,0.03234000876545906,0.03233959153294563,1.0,3.0,timeout
3846,0.7778964638710022,0.7727248668670654,-0.0002507596218492836,0.0006778142414987087,0.0006598734180442989,0.0,-3.0,timeout
3847,0.7768756151199341,0.7728946208953857,-0.00024556933203712106,0.03233998268842697,0.03233957290649414,1.0,-3.0,timeout
3848,0.7758342027664185,0.7730695009231567,-0.0002457130467519164,0.03299980238080025,0.03299980238080025,1.0,3.0,timeout
3849,0.7758131623268127,0.7730718851089478,-0.00025098712649196386,0.0006819379632361233,0.0006617215112783015,0.0,3.0,timeout
3850,0.7747920155525208,0.7732397317886353,-0.0002457554219290614,0.03233945369720459,0.03233904018998146,1.0,-3.0,timeout
3851,0.7747711539268494,0.7732431888580322,-0.00025073360302485526,0.0006788813043385744,0.0006608164985664189,0.0,-3.0,timeout
3852,0.7747712135314941,0.7732435464859009,-0.0002504345902707428,1.4686136637465097e-05,1.1330027518852148e-05,0.0,-3.0,timeout
3853,0.7737512588500977,0.7734186053276062,-0.00024502354790456593,0.03234008699655533,0.03233964368700981,1.0,-3.0,timeout
3854,0.7727108597755432,0.7735995650291443,-0.0002452522749081254,0.03300059959292412,0.03300059959292412,1.0,-3.0,timeout
3855,0.7716707587242126,0.7737826108932495,-0.00024573944392614067,0.033002667129039764,0.033002663403749466,1.0,0.0,timeout
3856,0.7706306576728821,0.7739651799201965,-0.0002461444237269461,0.03300008550286293,0.03300008177757263,1.0,3.0,timeout
3857,0.7695901393890381,0.774145245552063,-0.00024646337260492146,0.03299949690699577,0.032999493181705475,1.0,3.0,timeout
3858,0.7685491442680359,0.7743228673934937,-0.00024671838036738336,0.03300124779343605,0.03300124779343605,1.0,3.0,timeout
3859,0.7685283422470093,0.7743260264396667,-0.00025179347721859813,0.000676373194437474,0.000657516298815608,0.0,-3.0,timeout
3860,0.7675082683563232,0.7745005488395691,-0.00024642335483804345,0.032340921461582184,0.032340485602617264,1.0,3.0,timeout
3861,0.7664669752120972,0.7746763229370117,-0.0002463756827637553,0.03300076723098755,0.03300076723098755,1.0,-3.0,timeout
3862,0.7664461731910706,0.7746796607971191,-0.00025151422596536577,0.0006776783848181367,0.0006583785288967192,0.0,-3.0,timeout
3863,0.7664461135864258,0.7746791839599609,-0.0002510833437554538,2.0169831259408966e-05,1.501712449680781e-05,0.0,3.0,timeout
3864,0.7654260993003845,0.7748539447784424,-0.0002455448848195374,0.03234036639332771,0.032339904457330704,1.0,3.0,timeout
3865,0.7654052376747131,0.7748571634292603,-0.00025054009165614843,0.0006778579554520547,0.0006596393650397658,0.0,-3.0,timeout
3866,0.7643851637840271,0.7750316858291626,-0.0002454050409141928,0.0323408842086792,0.032340485602617264,1.0,3.0,timeout
3867,0.7633439302444458,0.77520751953125,-0.0002455604844726622,0.03299923986196518,0.03299923986196518,1.0,-3.0,timeout
3868,0.7623029351234436,0.7753851413726807,-0.0002459915413055569,0.03300125151872635,0.03300124779343605,1.0,3.0,timeout
3869,0.7612616419792175,0.7755610942840576,-0.0002463305718265474,0.033001698553562164,0.033001698553562164,1.0,-3.0,timeout
3870,0.7602207064628601,0.7757387757301331,-0.00024662204668857157,0.03299972414970398,0.03299972414970398,1.0,3.0,timeout
3871,0.7591793537139893,0.7759141325950623,-0.0002468458260409534,0.033000439405441284,0.033000435680150986,1.0,3.0,timeout
3872,0.7581377029418945,0.7760877013206482,-0.0002470139879733324,0.033000387251377106,0.033000387251377106,1.0,-3.0,timeout
3873,0.7581167817115784,0.7760902643203735,-0.00025205110432580113,0.0006772238994017243,0.0006586761446669698,0.0,3.0,timeout
3874,0.7581167221069336,0.7760899066925049,-0.0002515024971216917,2.0549583496176638e-05,1.1330027518852148e-05,0.0,3.0,timeout
3875,0.7570955753326416,0.7762576341629028,-0.0002458798117004335,0.03233891353011131,0.03233843669295311,1.0,3.0,timeout
3876,0.7560529708862305,0.7764257192611694,-0.0002459360403008759,0.03300207853317261,0.03300207480788231,1.0,3.0,timeout
3877,0.7560319304466248,0.7764278054237366,-0.0002511642233002931,0.0006806376622989774,0.000660737743601203,0.0,3.0,timeout
3878,0.7550095915794373,0.7765882611274719,-0.00024590836255811155,0.03233960270881653,0.0323391854763031,1.0,3.0,timeout
3879,0.7539658546447754,0.7767488956451416,-0.0002459737879689783,0.03300080448389053,0.03300080448389053,1.0,3.0,timeout
3880,0.7529217600822449,0.776907205581665,-0.0002463125856593251,0.0330008789896965,0.0330008789896965,1.0,3.0,timeout
3881,0.7529006004333496,0.7769087553024292,-0.00025148014537990093,0.0006823929725214839,0.0006630100542679429,0.0,3.0,timeout
3882,0.7518768310546875,0.77705979347229,-0.0002461621188558638,0.032339513301849365,0.03233908861875534,1.0,3.0,timeout
3883,0.7518556714057922,0.7770612835884094,-0.00025105976965278387,0.0006803162978030741,0.0006628765841014683,0.0,3.0,timeout
3884,0.7518556714057922,0.7770611047744751,-0.00025068435934372246,1.2994413737033028e-05,5.58793499294552e-06,0.0,-3.0,timeout
3885,0.7518555521965027,0.7770602703094482,-0.00025011884281411767,3.172069773427211e-05,2.6341778720961884e-05,0.0,3.0,timeout
3886,0.7518555521965027,0.7770602107048035,-0.00024963277974165976,1.5303248801501468e-05,1.8626450355441193e-06,0.0,-3.0,timeout
3887,0.7508314251899719,0.7772087454795837,-0.0002443784906063229,0.03233924135565758,0.03233882039785385,1.0,3.0,timeout
3888,0.749785840511322,0.7773573398590088,-0.000244735274463892,0.0330028310418129,0.0330028310418129,1.0,3.0,timeout
3889,0.748740017414093,0.7775035500526428,-0.00024532133829779923,0.03299981728196144,0.03299981355667114,1.0,3.0,timeout
3890,0.7476939558982849,0.7776480913162231,-0.0002457938971929252,0.03300001472234726,0.03300001472234726,1.0,-3.0,timeout
3891,0.7466481328010559,0.7777945399284363,-0.0002461929980199784,0.033000845462083817,0.033000845462083817,1.0,3.0,timeout
3892,0.7456019520759583,0.7779386043548584,-0.00024650292471051216,0.03300166875123978,0.03300166502594948,1.0,3.0,timeout
3893,0.7455810308456421,0.7779408097267151,-0.00025162118254229426,0.0006765881553292274,0.0006574108265340328,0.0,-3.0,timeout
3894,0.7445560097694397,0.778083324432373,-0.0002462735283188522,0.032340459525585175,0.03234003111720085,1.0,-3.0,timeout
3895,0.7435103058815002,0.7782304286956787,-0.00024627690436318517,0.033000003546476364,0.033000003546476364,1.0,3.0,timeout
3896,0.7434892058372498,0.7782321572303772,-0.00025143782841041684,0.0006809594924561679,0.0006615851889364421,0.0,3.0,timeout
3897,0.7424638271331787,0.778372049331665,-0.00024612731067463756,0.03234034404158592,0.0323399156332016,1.0,3.0,timeout
3898,0.7424427270889282,0.7783735990524292,-0.00025103165535256267,0.0006786835729144514,0.0006611524149775505,0.0,3.0,timeout
3899,0.7414166927337646,0.7785084843635559,-0.0002457884547766298,0.03233987092971802,0.03233945369720459,1.0,3.0,timeout
3900,0.7403692603111267,0.7786430716514587,-0.000245877105044201,0.0330013670027256,0.0330013670027256,1.0,3.0,timeout
3901,0.7403482794761658,0.7786450982093811,-0.000251106102950871,0.0006786682060919702,0.0006587025127373636,0.0,-3.0,timeout
3902,0.7393218874931335,0.778777539730072,-0.00024587285588495433,0.032341085374355316,0.03234066814184189,1.0,3.0,timeout
3903,0.7393214702606201,0.7787769436836243,-0.0002509194309823215,0.00015933600661810488,2.2736479877494276e-05,0.0,0.0,timeout
3904,0.7382949590682983,0.7789077758789062,-0.0002456008514855057,0.03233839571475983,0.0323379710316658,1.0,-3.0,timeout
3905,0.7382946610450745,0.7789075970649719,-0.0002507074677851051,0.00015995092689990997,1.0860992915695533e-05,0.0,0.0,timeout
3906,0.7372683882713318,0.779040515422821,-0.0002454431087244302,0.03233930468559265,0.032338887453079224,1.0,3.0,timeout
3907,0.7362207174301147,0.7791733741760254,-0.00024559159646742046,0.033001918345689774,0.033001918345689774,1.0,0.0,timeout
3908,0.7361996173858643,0.7791749238967896,-0.00025089483824558556,0.0006816067034378648,0.0006611524149775505,0.0,3.0,timeout
3909,0.7351728081703186,0.7793079018592834,-0.00024567946093156934,0.03235616534948349,0.03235575184226036,1.0,-3.0,timeout
3910,0.7351517677307129,0.7793054580688477,-0.00025068927789106965,0.0006801958661526442,0.0006619338528253138,0.0,3.0,timeout
3911,0.7341249585151672,0.7794387340545654,-0.00024549910449422896,0.032357357442379,0.032356951385736465,1.0,-3.0,timeout
3912,0.7330774068832397,0.7795718908309937,-0.0002456585061736405,0.032999396324157715,0.032999396324157715,1.0,3.0,timeout
3913,0.733056366443634,0.7795736789703369,-0.00025094326701946557,0.0006802359130233526,0.0006598838954232633,0.0,3.0,timeout
3914,0.7320291996002197,0.7796996831893921,-0.00024573144037276506,0.03233999013900757,0.03233957663178444,1.0,3.0,timeout
3915,0.730980634689331,0.7798250913619995,-0.00024583193589933217,0.03300117701292038,0.03300117701292038,1.0,3.0,timeout
3916,0.7309595346450806,0.7798263430595398,-0.0002510816266294569,0.0006806030287407339,0.0006605355883948505,0.0,3.0,timeout
3917,0.7299314737319946,0.779944896697998,-0.00024584244238212705,0.03234022483229637,0.03233981132507324,1.0,3.0,timeout
3918,0.7288820147514343,0.7800632119178772,-0.0002459155221004039,0.03300335258245468,0.03300335258245468,1.0,0.0,timeout
3919,0.7278326153755188,0.7801812291145325,-0.0002462713746353984,0.033000461757183075,0.033000461757183075,1.0,3.0,timeout
3920,0.7278114557266235,0.7801821231842041,-0.00025144717073999345,0.000681306526530534,0.0006618290208280087,0.0,3.0,timeout
3921,0.7267826199531555,0.7802935242652893,-0.00024613577988930047,0.032339464873075485,0.03233904018998146,1.0,3.0,timeout
3922,0.7257325053215027,0.7804048657417297,-0.00024614494759589434,0.033000025898218155,0.033000022172927856,1.0,-3.0,timeout
3923,0.7257114052772522,0.780402421951294,-0.00025134332827292383,0.0006833733059465885,0.0006637840997427702,0.0,3.0,timeout
3924,0.7246823310852051,0.7805113792419434,-0.0002460506511852145,0.032338742166757584,0.03233832120895386,1.0,3.0,timeout
3925,0.7236318588256836,0.7806194424629211,-0.00024608723470009863,0.03300049528479576,0.03300049528479576,1.0,3.0,timeout
3926,0.7225810885429382,0.7807250618934631,-0.0002464031567797065,0.033002037554979324,0.033002033829689026,1.0,3.0,timeout
3927,0.7215302586555481,0.7808290719985962,-0.000246659095864743,0.03299890086054802,0.03299889713525772,1.0,-3.0,timeout
3928,0.7215090990066528,0.7808268070220947,-0.00025176876806654036,0.0006839178968220949,0.0006650164723396301,0.0,3.0,timeout
3929,0.7215090990066528,0.7808269262313843,-0.00025126541731879115,1.6164825865416788e-05,3.7252900710882386e-06,0.0,-3.0,timeout
3930,0.7204796075820923,0.7809317111968994,-0.00024568842491135,0.03233829513192177,0.032337822020053864,1.0,-3.0,timeout
3931,0.7194291353225708,0.7810405492782593,-0.0002457888040225953,0.033002980053424835,0.033002980053424835,1.0,0.0,timeout
3932,0.7183787822723389,0.7811498045921326,-0.0002461593830958009,0.03300062566995621,0.03300062566995621,1.0,-3.0,timeout
3933,0.7183577418327332,0.7811479568481445,-0.000251368765020743,0.0006798235699534416,0.0006600442575290799,0.0,3.0,timeout
3934,0.7173284888267517,0.781258761882782,-0.0002460591495037079,0.03235043212771416,0.032350003719329834,1.0,-3.0,timeout
3935,0.7162783741950989,0.7813705205917358,-0.0002460963441990316,0.03300140053033829,0.03300140053033829,1.0,-3.0,timeout
3936,0.7152284979820251,0.7814840078353882,-0.00024642018252052367,0.03299975395202637,0.03299975022673607,1.0,3.0,timeout
3937,0.7141783237457275,0.7815952897071838,-0.0002466783334966749,0.03300167992711067,0.03300167992711067,1.0,0.0,timeout
3938,0.7141573429107666,0.7815976738929749,-0.0002517669927328825,0.0006787613965570927,0.0006598707986995578,0.0,-3.0,timeout
3939,0.7131076455116272,0.7817112803459167,-0.00024630004190839827,0.03299504145979881,0.032994598150253296,1.0,0.0,timeout
3940,0.7120577692985535,0.7818245887756348,-0.0002463855780661106,0.032999150454998016,0.032999150454998016,1.0,3.0,timeout
3941,0.7110076546669006,0.7819361090660095,-0.00024663578369654715,0.03300061449408531,0.03300061449408531,1.0,-3.0,timeout
3942,0.7099578380584717,0.7820500731468201,-0.00024685519747436047,0.03299950435757637,0.03299950435757637,1.0,-3.0,timeout
3943,0.7089082598686218,0.7821664810180664,-0.00024703177041374147,0.03300043195486069,0.03300043195486069,1.0,-3.0,timeout
3944,0.7078589797019958,0.7822853326797485,-0.00024717318592593074,0.032999683171510696,0.032999683171510696,1.0,-3.0,timeout
3945,0.7068098783493042,0.7824058532714844,-0.00024729594588279724,0.03300003707408905,0.03300003707408905,1.0,3.0,timeout
3946,0.7057605981826782,0.7825244665145874,-0.00024737478815950453,0.032998841255903244,0.032998841255903244,1.0,-3.0,timeout
3947,0.7057395577430725,0.7825227379798889,-0.0002523411822039634,0.0006777382222935557,0.0006597287720069289,0.0,3.0,timeout
3948,0.7057395577430725,0.7825230956077576,-0.0002517274406272918,2.219798079750035e-05,1.117586998589104e-05,0.0,0.0,timeout
3949,0.7057396173477173,0.7825230360031128,-0.00025094900047406554,2.446845974191092e-05,2.6341779175709235e-06,0.0,3.0,timeout
3950,0.7047110199928284,0.7826365232467651,-0.00024542229948565364,0.0323391817510128,0.03233871981501579,1.0,3.0,timeout
3951,0.7036610841751099,0.7827491760253906,-0.00024556907010264695,0.032998811453580856,0.032998811453580856,1.0,3.0,timeout
3952,0.7026108503341675,0.7828593254089355,-0.00024598772870376706,0.03299982473254204,0.03299982100725174,1.0,3.0,timeout
3953,0.7015603184700012,0.7829670906066895,-0.0002463374403305352,0.03300140053033829,0.03300140053033829,1.0,3.0,timeout
3954,0.701539158821106,0.7829678058624268,-0.00025150045985355973,0.0006810055929236114,0.0006616166792809963,0.0,3.0,timeout
3955,0.700509250164032,0.7830691933631897,-0.00024617844610475004,0.032340649515390396,0.032340217381715775,1.0,3.0,timeout
3956,0.6994580626487732,0.7831695079803467,-0.00024618973839096725,0.03299884498119354,0.03299884498119354,1.0,3.0,timeout
3957,0.6984066367149353,0.7832682132720947,-0.00024647440295666456,0.033001527190208435,0.033001527190208435,1.0,-3.0,timeout
3958,0.69838547706604,0.783266007900238,-0.00025162025121971965,0.0006839925772510469,0.0006648208363913,0.0,3.0,timeout
3959,0.69838547706604,0.7832654118537903,-0.00025115697644650936,2.3591055651195347e-05,1.862645149230957e-05,0.0,3.0,timeout
3960,0.6973549723625183,0.783359944820404,-0.0002456035581417382,0.0323389507830143,0.03233848512172699,1.0,3.0,timeout
3961,0.696303129196167,0.7834539413452148,-0.0002457046357449144,0.03300108760595322,0.03300108760595322,1.0,-3.0,timeout
3962,0.6962819695472717,0.7834519743919373,-0.0002509899786673486,0.0006843211012892425,0.0006640898063778877,0.0,3.0,timeout
3963,0.6952512264251709,0.7835439443588257,-0.0002457684022374451,0.032339099794626236,0.032338690012693405,1.0,3.0,timeout
3964,0.6941991448402405,0.783634603023529,-0.0002458613889757544,0.03299938887357712,0.03299938887357712,1.0,3.0,timeout
3965,0.6941779255867004,0.7836350798606873,-0.000251105084316805,0.0006832113140262663,0.0006632690201513469,0.0,3.0,timeout
3966,0.6931465268135071,0.7837195992469788,-0.00024586141807958484,0.0323396660387516,0.032339248806238174,1.0,3.0,timeout
3967,0.6920937895774841,0.7838028073310852,-0.0002459360403008759,0.0330006405711174,0.0330006405711174,1.0,3.0,timeout
3968,0.6910408735275269,0.7838836312294006,-0.0002462823467794806,0.03300042450428009,0.03300042077898979,1.0,3.0,timeout
3969,0.68998783826828,0.7839627861976624,-0.0002465624420437962,0.03300018608570099,0.03300018608570099,1.0,-3.0,timeout
3970,0.68996661901474,0.7839609384536743,-0.00025169074069708586,0.0006846319884061813,0.0006656109471805394,0.0,3.0,timeout
3971,0.6889347434043884,0.7840414047241211,-0.000246318377321586,0.03234444186091423,0.03234400600194931,1.0,-3.0,timeout
3972,0.6889137029647827,0.7840429544448853,-0.0002511841303203255,0.0006766020087525249,0.0006592947756871581,0.0,-3.0,timeout
3973,0.6889137029647827,0.7840425968170166,-0.00025080551858991385,1.6275354937533848e-05,1.117586998589104e-05,0.0,3.0,timeout
3974,0.6889136433601379,0.7840422987937927,-0.00025020603789016604,2.1003803340136074e-05,9.497663086222019e-06,0.0,3.0,timeout
3975,0.6878608465194702,0.784122109413147,-0.00024472546647302806,0.032994747161865234,0.03299430012702942,1.0,0.0,timeout
3976,0.6878398060798645,0.7841235995292664,-0.00024998252047225833,0.0006793243810534477,0.0006591605488210917,0.0,-3.0,timeout
3977,0.686808168888092,0.7842051386833191,-0.0002449520688969642,0.032339584082365036,0.03233920410275459,1.0,-3.0,timeout
3978,0.6857555508613586,0.7842897772789001,-0.000245219242060557,0.03300048038363457,0.03300047665834427,1.0,3.0,timeout
3979,0.6847027540206909,0.7843719720840454,-0.0002457090886309743,0.03300001844763756,0.03300001844763756,1.0,3.0,timeout
3980,0.6836497783660889,0.7844517230987549,-0.0002461145049892366,0.032999731600284576,0.03299972787499428,1.0,3.0,timeout
3981,0.6825965642929077,0.7845290303230286,-0.0002464395365677774,0.033001482486724854,0.033001482486724854,1.0,3.0,timeout
3982,0.681543231010437,0.7846038937568665,-0.00024669960839673877,0.03299969807267189,0.03299969807267189,1.0,3.0,timeout
3983,0.6804897785186768,0.7846771478652954,-0.0002468969614710659,0.03299988433718681,0.032999880611896515,1.0,-3.0,timeout
3984,0.6804686784744263,0.7846781611442566,-0.0002519453992135823,0.00067872618092224,0.0006601362256333232,0.0,-3.0,timeout
3985,0.6794366836547852,0.7847546935081482,-0.00024654564913362265,0.032338835299015045,0.03233839571475983,1.0,3.0,timeout
3986,0.6783834099769592,0.7848304510116577,-0.0002464732970111072,0.032999832183122635,0.032999832183122635,1.0,-3.0,timeout
3987,0.6773301959037781,0.7849083542823792,-0.0002467160811647773,0.03300284966826439,0.03300284966826439,1.0,0.0,timeout
3988,0.6773090362548828,0.7849088907241821,-0.0002518080873414874,0.0006803226424381137,0.0006614514859393239,0.0,3.0,timeout
3989,0.6773090958595276,0.784909188747406,-0.00025129818823188543,1.8550175809650682e-05,9.497663086222019e-06,0.0,-3.0,timeout
3990,0.6773090958595276,0.7849087715148926,-0.00025061031919904053,2.5141140213236213e-05,1.3038515135121997e-05,0.0,3.0,timeout
3991,0.6762769222259521,0.7849828004837036,-0.00024515186669304967,0.03233872726559639,0.032338280230760574,1.0,3.0,timeout
3992,0.6762557625770569,0.7849831581115723,-0.0002502360148355365,0.0006801504641771317,0.0006613334408029914,0.0,3.0,timeout
3993,0.6762557029724121,0.7849826216697693,-0.0002500352275092155,1.7996257156482898e-05,1.6866968508111313e-05,0.0,3.0,timeout
3994,0.6762557625770569,0.7849828004837036,-0.0002495794906280935,1.5411771528306417e-05,5.890201009606244e-06,0.0,-3.0,timeout
3995,0.6752232313156128,0.7850518226623535,-0.0002443366392981261,0.032339029014110565,0.032338615506887436,1.0,3.0,timeout
3996,0.6741693019866943,0.7851195335388184,-0.0002446962462272495,0.03300319239497185,0.03300319239497185,1.0,0.0,timeout
3997,0.6731153726577759,0.7851872444152832,-0.0002452900807838887,0.033003196120262146,0.03300319239497185,1.0,0.0,timeout
3998,0.6730942130088806,0.7851858139038086,-0.00025066855596378446,0.0006837290129624307,0.000662748352624476,0.0,3.0,timeout
3999,0.6730942130088806,0.7851852774620056,-0.0002503963769413531,1.8798145902110264e-05,1.6763806343078613e-05,0.0,3.0,timeout
4000,0.6720612645149231,0.785247266292572,-0.00024499502615071833,0.03233815357089043,0.03233771026134491,1.0,3.0,timeout
4001,0.6710070371627808,0.7853080630302429,-0.0002452179614920169,0.032999344170093536,0.032999344170093536,1.0,-3.0,timeout
4002,0.669952929019928,0.7853713631629944,-0.00024570626555942,0.033000219613313675,0.033000219613313675,1.0,-3.0,timeout
4003,0.6688989400863647,0.7854371666908264,-0.00024611206026747823,0.03300128132104874,0.03300128132104874,1.0,-3.0,timeout
4004,0.6688778400421143,0.7854363322257996,-0.0002513305807951838,0.0006797440000809729,0.0006598918116651475,0.0,3.0,timeout
4005,0.668877899646759,0.7854369878768921,-0.0002509162586648017,2.430867971270345e-05,2.057358688034583e-05,0.0,-3.0,timeout
4006,0.6678451895713806,0.7855032086372375,-0.000245420727878809,0.03233892470598221,0.032338470220565796,1.0,3.0,timeout
4007,0.6667911410331726,0.7855676412582397,-0.0002455689536873251,0.03300049901008606,0.03300049901008606,1.0,3.0,timeout
4008,0.6667699813842773,0.7855677604675293,-0.0002508703910280019,0.0006816871464252472,0.0006612495053559542,0.0,3.0,timeout
4009,0.6667699217796326,0.7855672240257263,-0.00025055729201994836,1.9499435438774526e-05,1.6866968508111313e-05,0.0,3.0,timeout
4010,0.6657366752624512,0.7856237888336182,-0.00024512375239282846,0.032337743788957596,0.03233730047941208,1.0,3.0,timeout
4011,0.6646820306777954,0.7856783270835876,-0.0002453312336001545,0.03300167992711067,0.03300167992711067,1.0,3.0,timeout
4012,0.6636273264884949,0.7857304811477661,-0.0002457977971062064,0.032999780029058456,0.03299977630376816,1.0,3.0,timeout
4013,0.6625725030899048,0.7857809662818909,-0.0002461749827489257,0.03300096094608307,0.03300096094608307,1.0,-3.0,timeout
4014,0.661517858505249,0.785834014415741,-0.00024648685939610004,0.03299930691719055,0.03299930691719055,1.0,-3.0,timeout
4015,0.660463273525238,0.7858895659446716,-0.00024673694861121476,0.03300147131085396,0.03300146758556366,1.0,-3.0,timeout
4016,0.6594088673591614,0.7859476804733276,-0.0002469371829647571,0.033000197261571884,0.033000197261571884,1.0,-3.0,timeout
4017,0.6583545804023743,0.7860081791877747,-0.0002470974868629128,0.03300066664814949,0.03300066664814949,1.0,-3.0,timeout
4018,0.6583334803581238,0.7860077023506165,-0.00025211810134351254,0.0006779491086490452,0.0006595447193831205,0.0,3.0,timeout
4019,0.6573003530502319,0.7860686779022217,-0.0002466615114826709,0.032341860234737396,0.03234140947461128,1.0,-3.0,timeout
4020,0.6562461853027344,0.7861309051513672,-0.00024658659822307527,0.03300008550286293,0.03300008550286293,1.0,3.0,timeout
4021,0.6551918983459473,0.7861906290054321,-0.0002468023158144206,0.03299928829073906,0.03299928456544876,1.0,3.0,timeout
4022,0.655170738697052,0.786190927028656,-0.0002518708351999521,0.0006800084374845028,0.0006613045698031783,0.0,3.0,timeout
4023,0.655170738697052,0.7861912846565247,-0.0002513481304049492,1.9791834347415715e-05,1.117586998589104e-05,0.0,-3.0,timeout
4024,0.6541374921798706,0.7862474322319031,-0.00024576636496931314,0.03233706206083298,0.03233659267425537,1.0,3.0,timeout
4025,0.6541163325309753,0.7862482070922852,-0.00025071718846447766,0.0006795289227738976,0.0006616822211071849,0.0,-3.0,timeout
4026,0.6541162729263306,0.7862476706504822,-0.00025043103960342705,1.909074853756465e-05,1.6866968508111313e-05,0.0,3.0,timeout
4027,0.6541162729263306,0.786247193813324,-0.0002499066467862576,2.214920641563367e-05,1.4901160284352954e-05,0.0,3.0,timeout
4028,0.6541162729263306,0.7862467169761658,-0.0002494727959856391,2.0145955204498023e-05,1.4901160284352954e-05,0.0,3.0,timeout
4029,0.6530826687812805,0.7862962484359741,-0.0002442405966576189,0.03233760595321655,0.03233719617128372,1.0,3.0,timeout
4030,0.6530614495277405,0.786296010017395,-0.000249507516855374,0.0006832639337517321,0.0006631434662267566,0.0,3.0,timeout
4031,0.6520275473594666,0.7863404750823975,-0.00024456848041154444,0.0323396772146225,0.03233930468559265,1.0,3.0,timeout
4032,0.6520063877105713,0.7863408327102661,-0.0002497729437891394,0.0006810385966673493,0.0006613334408029914,0.0,-3.0,timeout
4033,0.6509726047515869,0.7863858938217163,-0.00024478064733557403,0.0323367714881897,0.032336391508579254,1.0,-3.0,timeout
4034,0.6509514451026917,0.7863866686820984,-0.00024995350395329297,0.0006811421480961144,0.0006616822211071849,0.0,-3.0,timeout
4035,0.6498968005180359,0.7864371538162231,-0.0002448346058372408,0.03299576789140701,0.03299538046121597,1.0,0.0,timeout
4036,0.6488419771194458,0.7864872217178345,-0.0002452130720485002,0.033000342547893524,0.033000338822603226,1.0,3.0,timeout
4037,0.6477870941162109,0.7865356206893921,-0.0002456980582792312,0.03299977257847786,0.03299976885318756,1.0,-3.0,timeout
4038,0.6467322707176208,0.786585807800293,-0.0002461156400386244,0.03300052136182785,0.03300051763653755,1.0,3.0,timeout
4039,0.6456773281097412,0.7866334915161133,-0.0002464407589286566,0.03300061821937561,0.03300061449408531,1.0,3.0,timeout
4040,0.6446222066879272,0.7866791486740112,-0.0002466951555106789,0.03300340101122856,0.03300339728593826,1.0,0.0,timeout
4041,0.644601047039032,0.78667813539505,-0.000251791876507923,0.0006808871985413134,0.0006619967170991004,0.0,3.0,timeout
4042,0.6446009874343872,0.786677896976471,-0.0002512900100555271,1.7462740288465284e-05,7.679882401134819e-06,0.0,0.0,timeout
4043,0.6435670852661133,0.7867218852043152,-0.000245704228291288,0.03233914077281952,0.032338667660951614,1.0,-3.0,timeout
4044,0.6425121426582336,0.7867676019668579,-0.00024580652825534344,0.032997895032167435,0.032997895032167435,1.0,3.0,timeout
4045,0.6414570212364197,0.7868108749389648,-0.0002461780677549541,0.033000264316797256,0.03300026059150696,1.0,3.0,timeout
4046,0.6404017806053162,0.7868516445159912,-0.0002464895660523325,0.033000871539115906,0.03300086781382561,1.0,3.0,timeout
4047,0.6393464803695679,0.7868900299072266,-0.00024673950974829495,0.03299994021654129,0.03299994021654129,1.0,3.0,timeout
4048,0.63829106092453,0.7869260311126709,-0.0002469395403750241,0.03300103917717934,0.03300103917717934,1.0,3.0,timeout
4049,0.6372355818748474,0.786959707736969,-0.00024709958233870566,0.03300050273537636,0.03300050273537636,1.0,3.0,timeout
4050,0.63618004322052,0.7869910001754761,-0.0002472276391927153,0.033000070601701736,0.033000070601701736,1.0,3.0,timeout
4051,0.6351244449615479,0.7870200276374817,-0.00024733005557209253,0.0329999141395092,0.0329999141395092,1.0,3.0,timeout
4052,0.6351240873336792,0.7870191335678101,-0.0002523846342228353,0.00016079642227850854,3.0091952794464305e-05,0.0,0.0,timeout
4053,0.6340896487236023,0.7870458960533142,-0.00024679998750798404,0.0323374941945076,0.032337021082639694,1.0,3.0,timeout
4054,0.6330339312553406,0.7870701551437378,-0.0002466829027980566,0.032999876886606216,0.032999876886606216,1.0,3.0,timeout
4055,0.6330127120018005,0.7870689034461975,-0.0002517615503165871,0.0006829508929513395,0.0006642543012276292,0.0,3.0,timeout
4056,0.6330127716064453,0.7870685458183289,-0.0002512598584871739,1.9343347958056256e-05,1.1330027518852148e-05,0.0,-3.0,timeout
4057,0.6319782137870789,0.7870912551879883,-0.0002456839138176292,0.03233818709850311,0.03233771398663521,1.0,-3.0,timeout
4058,0.6309224963188171,0.7871161103248596,-0.0002457904047332704,0.033000312745571136,0.033000312745571136,1.0,3.0,timeout
4059,0.6298667192459106,0.7871385216712952,-0.00024616537848487496,0.03300046548247337,0.03300046548247337,1.0,3.0,timeout
4060,0.6288108825683594,0.7871585488319397,-0.00024647958343848586,0.03300083056092262,0.033000826835632324,1.0,3.0,timeout
4061,0.6287896633148193,0.7871575355529785,-0.00025161379016935825,0.0006829705089330673,0.0006638572667725384,0.0,3.0,timeout
4062,0.6277549862861633,0.787172794342041,-0.000246269628405571,0.032337602227926254,0.03233717009425163,1.0,3.0,timeout
4063,0.6266989707946777,0.787185788154602,-0.0002462569682393223,0.033002980053424835,0.033002980053424835,1.0,0.0,timeout
4064,0.6266777515411377,0.7871848940849304,-0.0002514266816433519,0.0006830695201642811,0.0006636899779550731,0.0,3.0,timeout
4065,0.6266778111457825,0.7871848344802856,-0.0002509924815967679,1.3822079381498042e-05,2.6341779175709235e-06,0.0,-3.0,timeout
4066,0.6266778111457825,0.7871841192245483,-0.0002503659052308649,2.9715260097873397e-05,2.235173997178208e-05,0.0,3.0,timeout
4067,0.6256430745124817,0.7871946096420288,-0.0002449566381983459,0.03233762085437775,0.03233718127012253,1.0,3.0,timeout
4068,0.6245871186256409,0.7872024178504944,-0.0002451967739034444,0.03299952298402786,0.03299952298402786,1.0,3.0,timeout
4069,0.6235311031341553,0.7872085571289062,-0.00024567966465838253,0.033001046627759933,0.033001042902469635,1.0,-3.0,timeout
4070,0.62350994348526,0.787208616733551,-0.0002509714395273477,0.0006816062377765775,0.0006612415891140699,0.0,-3.0,timeout
4071,0.6224752068519592,0.7872191667556763,-0.00024576668511144817,0.03233760595321655,0.03233719989657402,1.0,3.0,timeout
4072,0.6224539875984192,0.7872183918952942,-0.00025074323639273643,0.0006815245724283159,0.0006635435856878757,0.0,3.0,timeout
4073,0.6214192509651184,0.7872238159179688,-0.00024555824347771704,0.03233636915683746,0.03233596310019493,1.0,3.0,timeout
4074,0.620363175868988,0.7872265577316284,-0.0002456926158629358,0.03300245478749275,0.03300245478749275,1.0,3.0,timeout
4075,0.6193071007728577,0.7872272729873657,-0.00024608211242593825,0.03300235792994499,0.033002354204654694,1.0,0.0,timeout
4076,0.6182511448860168,0.7872284650802612,-0.0002464077842887491,0.03299864009022713,0.03299863636493683,1.0,-3.0,timeout
4077,0.6171951293945312,0.7872322201728821,-0.0002466733567416668,0.03300069272518158,0.03300068899989128,1.0,-3.0,timeout
4078,0.617173969745636,0.7872319221496582,-0.00025177872157655656,0.0006802775897085667,0.0006613045698031783,0.0,3.0,timeout
4079,0.617173969745636,0.7872316837310791,-0.00025128491688519716,1.713590245344676e-05,7.450580142176477e-06,0.0,3.0,timeout
4080,0.6161391735076904,0.7872331738471985,-0.0002456950896885246,0.03233788534998894,0.03233741223812103,1.0,-3.0,timeout
4081,0.6150831580162048,0.7872374057769775,-0.00024578862939961255,0.033000748604536057,0.033000748604536057,1.0,-3.0,timeout
4082,0.614027202129364,0.7872433662414551,-0.00024617338203825057,0.03299914672970772,0.03299914300441742,1.0,3.0,timeout
4083,0.6129711866378784,0.7872474789619446,-0.0002464762073941529,0.03300073370337486,0.03300073370337486,1.0,-3.0,timeout
4084,0.6129500269889832,0.7872474193572998,-0.00025162065867334604,0.0006805039010941982,0.0006612415891140699,0.0,3.0,timeout
4085,0.6119152307510376,0.7872514128684998,-0.0002462643606122583,0.03233805298805237,0.03233762085437775,1.0,-3.0,timeout
4086,0.610859215259552,0.7872573733329773,-0.00024626863887533545,0.03300100937485695,0.03300100564956665,1.0,3.0,timeout
4087,0.6108380556106567,0.787257194519043,-0.00025143049424514174,0.0006806530291214585,0.0006612626020796597,0.0,3.0,timeout
4088,0.6098032593727112,0.7872588038444519,-0.0002461110125295818,0.03233784809708595,0.03233741968870163,1.0,-3.0,timeout
4089,0.6097820401191711,0.7872594594955444,-0.0002510173071641475,0.0006809046608395875,0.0006634180899709463,0.0,-3.0,timeout
4090,0.6097820401191711,0.7872593998908997,-0.00025067219394259155,1.094445451599313e-05,1.8626450355441193e-06,0.0,3.0,timeout
4091,0.6087473034858704,0.7872630953788757,-0.0002452153421472758,0.032336171716451645,0.03233572468161583,1.0,3.0,timeout
4092,0.6076912879943848,0.7872647047042847,-0.00024539418518543243,0.03300052136182785,0.03300052136182785,1.0,-3.0,timeout
4093,0.6066352725028992,0.7872681021690369,-0.000245857605477795,0.033000655472278595,0.033000651746988297,1.0,3.0,timeout
4094,0.6055792570114136,0.7872689962387085,-0.0002462335687596351,0.03300049528479576,0.03300049528479576,1.0,3.0,timeout
4095,0.604523241519928,0.7872681617736816,-0.00024652446154505014,0.03300049528479576,0.03300049528479576,1.0,-3.0,timeout
4096,0.6045020818710327,0.7872685194015503,-0.00025164763792417943,0.0006804363802075386,0.0006613334408029914,0.0,-3.0,timeout
4097,0.6034672856330872,0.7872726917266846,-0.00024629628751426935,0.03233807533979416,0.03233764320611954,1.0,-3.0,timeout
4098,0.6034460663795471,0.7872732877731323,-0.00025116585311479867,0.000680593540892005,0.0006633632001467049,0.0,-3.0,timeout
4099,0.6034460067749023,0.7872734665870667,-0.00025078581529669464,1.3256626516522374e-05,5.890201009606244e-06,0.0,0.0,timeout
4100,0.6034460663795471,0.7872739434242249,-0.00025018592714332044,2.4019687771215104e-05,1.501712449680781e-05,0.0,-3.0,timeout
4101,0.6024113297462463,0.787285566329956,-0.0002448108571115881,0.03233799338340759,0.03233755752444267,1.0,-3.0,timeout
4102,0.6013554334640503,0.7872991561889648,-0.0002450911852065474,0.032999489456415176,0.032999489456415176,1.0,3.0,timeout
4103,0.6002994775772095,0.7873108983039856,-0.00024559604935348034,0.03300066292285919,0.03300065919756889,1.0,-3.0,timeout
4104,0.5992435216903687,0.7873244285583496,-0.00024603374185971916,0.03300132974982262,0.03300132602453232,1.0,3.0,timeout
4105,0.5981876254081726,0.7873354554176331,-0.00024637507158331573,0.03299855813384056,0.03299855813384056,1.0,3.0,timeout
4106,0.598187267780304,0.787335216999054,-0.00025162118254229426,0.00016449026588816196,1.3431724255497102e-05,0.0,0.0,timeout
4107,0.5981873273849487,0.7873347401618958,-0.0002510723425075412,2.2796477423980832e-05,1.501712449680781e-05,0.0,3.0,timeout
4108,0.5971525311470032,0.7873410582542419,-0.0002455321082379669,0.032338447868824005,0.032337985932826996,1.0,3.0,timeout
4109,0.5971314311027527,0.7873410582542419,-0.00025052897399291396,0.0006776139489375055,0.0006593763246200979,0.0,-3.0,timeout
4110,0.5960966348648071,0.7873479723930359,-0.0002453850756864995,0.032338500022888184,0.03233810514211655,1.0,-3.0,timeout
4111,0.5950406789779663,0.787356972694397,-0.0002455651992931962,0.03299981728196144,0.03299981728196144,1.0,3.0,timeout
4112,0.595019519329071,0.7873571515083313,-0.00025085723609663546,0.0006816285313107073,0.0006612626020796597,0.0,-3.0,timeout
4113,0.5939847826957703,0.7873669266700745,-0.00024566258070990443,0.03233737125992775,0.03233695775270462,1.0,-3.0,timeout
4114,0.593963623046875,0.7873674035072327,-0.0002506591263227165,0.0006795876543037593,0.0006614068406634033,0.0,-3.0,timeout
4115,0.593963623046875,0.7873671650886536,-0.0002503858122508973,1.133406021835981e-05,7.450580142176477e-06,0.0,3.0,timeout
4116,0.5939635634422302,0.7873672246932983,-0.0002498653484508395,1.6476426026201807e-05,2.6341779175709235e-06,0.0,0.0,timeout
4117,0.5939635634422302,0.7873669862747192,-0.0002494452928658575,1.5093784895725548e-05,7.450580142176477e-06,0.0,3.0,timeout
4118,0.5929288268089294,0.7873767614364624,-0.0002442188560962677,0.03233737498521805,0.03233695775270462,1.0,3.0,timeout
4119,0.5929285287857056,0.7873765230178833,-0.0002495809458196163,0.00016798920114524662,1.1926747902180068e-05,0.0,0.0,timeout
4120,0.59189373254776,0.7873835563659668,-0.0002445410063955933,0.03233851119875908,0.03233812749385834,1.0,3.0,timeout
4121,0.5918725728988647,0.7873828411102295,-0.0002497583336662501,0.0006814096705056727,0.0006616166792809963,0.0,3.0,timeout
4122,0.5908377766609192,0.7873855233192444,-0.00024475876125507057,0.032337866723537445,0.0323374904692173,1.0,-3.0,timeout
4123,0.5908166170120239,0.787385106086731,-0.0002499471011105925,0.0006809515180066228,0.0006613674922846258,0.0,3.0,timeout
4124,0.5897818207740784,0.7873873114585876,-0.00024492148077115417,0.03233783692121506,0.032337453216314316,1.0,3.0,timeout
4125,0.5887258052825928,0.7873867750167847,-0.00024518321151845157,0.033000487834215164,0.033000487834215164,1.0,3.0,timeout
4126,0.5887045860290527,0.7873860001564026,-0.0002505627053324133,0.0006845077150501311,0.0006635435856878757,0.0,3.0,timeout
4127,0.5887045860290527,0.7873853445053101,-0.00025031151017174125,2.1941355953458697e-05,2.0489094822551124e-05,0.0,3.0,timeout
4128,0.587669849395752,0.7873777747154236,-0.0002449273597449064,0.03233681991696358,0.03233638405799866,1.0,3.0,timeout
4129,0.5876486301422119,0.7873769402503967,-0.0002500571426935494,0.0006827017641626298,0.0006636141915805638,0.0,3.0,timeout
4130,0.5866138935089111,0.7873642444610596,-0.0002450085594318807,0.03233833611011505,0.03233795240521431,1.0,3.0,timeout
4131,0.5865927338600159,0.7873640656471252,-0.00025012451806105673,0.0006803144933655858,0.0006612626020796597,0.0,-3.0,timeout
4132,0.5855579972267151,0.7873512506484985,-0.000245073955738917,0.03233838453888893,0.03233800083398819,1.0,3.0,timeout
4133,0.584502100944519,0.7873358130455017,-0.000245306029682979,0.03300028666853905,0.03300028294324875,1.0,3.0,timeout
4134,0.5845017433166504,0.7873351573944092,-0.000250751938438043,0.0001717775157885626,2.333887641725596e-05,0.0,0.0,timeout
4135,0.5845018029212952,0.7873342633247375,-0.0002503766736481339,3.0358160074683838e-05,2.800169568217825e-05,0.0,3.0,timeout
4136,0.5834671854972839,0.7873144149780273,-0.00024497570120729506,0.032338179647922516,0.0323377400636673,1.0,3.0,timeout
4137,0.5824114084243774,0.787291944026947,-0.00024521275190636516,0.03300050273537636,0.03300050273537636,1.0,3.0,timeout
4138,0.5813556909561157,0.7872671484947205,-0.0002457031805533916,0.03300027176737785,0.033000268042087555,1.0,3.0,timeout
4139,0.5813345909118652,0.787266731262207,-0.0002509807818569243,0.0006798142567276955,0.0006595052545890212,0.0,-3.0,timeout
4140,0.5803000330924988,0.7872429490089417,-0.0002457615628372878,0.032338883727788925,0.032338473945856094,1.0,-3.0,timeout
4141,0.5792442560195923,0.7872213125228882,-0.0002458672388456762,0.03299995884299278,0.03299995884299278,1.0,3.0,timeout
4142,0.579223096370697,0.7872205376625061,-0.00025111009017564356,0.0006816646200604737,0.0006616822211071849,0.0,3.0,timeout
4143,0.579223096370697,0.7872205376625061,-0.0002507390163373202,1.1596056538110133e-05,0.0,0.0,-3.0,timeout
4144,0.5781885981559753,0.7871963381767273,-0.0002452791959512979,0.032337360084056854,0.03233691304922104,1.0,3.0,timeout
4145,0.5771328806877136,0.7871702313423157,-0.0002454456116538495,0.03300125524401665,0.03300125524401665,1.0,-3.0,timeout
4146,0.5760770440101624,0.787146270275116,-0.00024589349050074816,0.033003393560647964,0.033003389835357666,1.0,0.0,timeout
4147,0.5750213265419006,0.7871220111846924,-0.00024626791127957404,0.032999880611896515,0.032999876886606216,1.0,3.0,timeout
4148,0.5750001668930054,0.7871213555335999,-0.00025144475512206554,0.0006810494814999402,0.00066155637614429,0.0,3.0,timeout
4149,0.5739657878875732,0.7870922088623047,-0.0002461340627633035,0.032337598502635956,0.03233717381954193,1.0,3.0,timeout
4150,0.5729102492332458,0.7870604395866394,-0.000246153911575675,0.03300051763653755,0.03300051763653755,1.0,3.0,timeout
4151,0.5718547701835632,0.7870268821716309,-0.0002464458520989865,0.03300038352608681,0.03300038352608681,1.0,-3.0,timeout
4152,0.571833610534668,0.7870261073112488,-0.0002515958622097969,0.0006809731130488217,0.0006616822211071849,0.0,3.0,timeout
4153,0.5707994103431702,0.7869921922683716,-0.0002462553675286472,0.032336559146642685,0.03233613073825836,1.0,3.0,timeout
4154,0.5707782506942749,0.7869911789894104,-0.0002511334896553308,0.0006793217617087066,0.0006619967170991004,0.0,3.0,timeout
4155,0.5707781910896301,0.7869908809661865,-0.0002507487079128623,1.5322941180784255e-05,9.497663086222019e-06,0.0,0.0,timeout
4156,0.5697441101074219,0.7869527339935303,-0.0002452704356983304,0.03233746439218521,0.0323370099067688,1.0,-3.0,timeout
4157,0.568688690662384,0.7869163751602173,-0.00024545949418097734,0.03300142288208008,0.03300142288208008,1.0,3.0,timeout
4158,0.5676333904266357,0.7868775129318237,-0.00024590062093921006,0.033000487834215164,0.033000487834215164,1.0,3.0,timeout
4159,0.566578209400177,0.7868369221687317,-0.0002462573756929487,0.03299879655241966,0.032998792827129364,1.0,-3.0,timeout
4160,0.566556990146637,0.7868369221687317,-0.0002514341613277793,0.0006825501914136112,0.0006631016149185598,0.0,-3.0,timeout
4161,0.5655228495597839,0.7868004441261292,-0.0002461367112118751,0.03233741223812103,0.032336991280317307,1.0,3.0,timeout
4162,0.5655016899108887,0.7867995500564575,-0.0002510392514523119,0.0006793299689888954,0.0006618290208280087,0.0,3.0,timeout
4163,0.5644466280937195,0.7867584824562073,-0.0002456922084093094,0.03299607336521149,0.03299564868211746,1.0,0.0,timeout
4164,0.564425528049469,0.7867590188980103,-0.00025076986639760435,0.000678407377563417,0.0006595894228667021,0.0,-3.0,timeout
4165,0.563391387462616,0.7867212295532227,-0.0002455827489029616,0.03233886882662773,0.0323384627699852,1.0,-3.0,timeout
4166,0.5633702874183655,0.7867206931114197,-0.0002506065648049116,0.0006780157564207911,0.0006595894228667021,0.0,3.0,timeout
4167,0.5623360872268677,0.786683201789856,-0.0002454380737617612,0.032340388745069504,0.03233998641371727,1.0,-3.0,timeout
4168,0.5623149871826172,0.7866828441619873,-0.00025049023679457605,0.0006781063275411725,0.0006594710284844041,0.0,3.0,timeout
4169,0.5612598061561584,0.7866448163986206,-0.0002452532935421914,0.03299621865153313,0.032995812594890594,1.0,0.0,timeout
4170,0.5602045059204102,0.7866063714027405,-0.0002455472422298044,0.03300001099705696,0.03300001099705696,1.0,3.0,timeout
4171,0.5591492652893066,0.7865654230117798,-0.00024597530136816204,0.033001091331243515,0.03300108760595322,1.0,3.0,timeout
4172,0.5591281652450562,0.7865658402442932,-0.0002511989150661975,0.000679406919516623,0.0006595052545890212,0.0,-3.0,timeout
4173,0.5580941438674927,0.7865245938301086,-0.0002459478855598718,0.03233927860856056,0.032338861376047134,1.0,3.0,timeout
4174,0.5570390224456787,0.7864810228347778,-0.0002460057148709893,0.0330006442964077,0.0330006442964077,1.0,3.0,timeout
4175,0.5559839606285095,0.786435067653656,-0.00024633799330331385,0.033001940697431564,0.033001940697431564,1.0,3.0,timeout
4176,0.555962860584259,0.7864336967468262,-0.00025150011060759425,0.000680173106957227,0.000660766614601016,0.0,3.0,timeout
4177,0.554929256439209,0.7863841652870178,-0.00024616692098788917,0.032337624579668045,0.03233719617128372,1.0,-3.0,timeout
4178,0.5538743138313293,0.7863363027572632,-0.0002461910480633378,0.03300086781382561,0.03300086781382561,1.0,3.0,timeout
4179,0.5528194904327393,0.7862866520881653,-0.0002464761782903224,0.03299972414970398,0.03299972414970398,1.0,-3.0,timeout
4180,0.5517645478248596,0.7862388491630554,-0.00024673776351846755,0.03300078585743904,0.03300078213214874,1.0,3.0,timeout
4181,0.5517642498016357,0.7862386107444763,-0.0002519114932511002,0.00016211836191359907,1.1926747902180068e-05,0.0,0.0,timeout
4182,0.55070960521698,0.7861887812614441,-0.0002463184355292469,0.032994870096445084,0.032994408160448074,1.0,0.0,timeout
4183,0.5496547818183899,0.786138653755188,-0.00024639617186039686,0.03300043195486069,0.03300043195486069,1.0,3.0,timeout
4184,0.5486000776290894,0.7860867977142334,-0.0002466439036652446,0.03299931809306145,0.03299931809306145,1.0,-3.0,timeout
4185,0.5475452542304993,0.7860374450683594,-0.0002468614839017391,0.03299928829073906,0.03299928829073906,1.0,-3.0,timeout
4186,0.547524094581604,0.7860375046730042,-0.000251917663263157,0.0006798575050197542,0.0006612415891140699,0.0,-3.0,timeout
4187,0.5464902520179749,0.7859919667243958,-0.00024652338470332325,0.032339341938495636,0.032338906079530716,1.0,3.0,timeout
4188,0.5454352498054504,0.7859445214271545,-0.00024646060774102807,0.03300214186310768,0.03300213813781738,1.0,0.0,timeout
4189,0.5443803668022156,0.7858966588973999,-0.0002467070589773357,0.032999008893966675,0.032999005168676376,1.0,3.0,timeout
4190,0.5433255434036255,0.7858464121818542,-0.00024691285216249526,0.033000607043504715,0.033000607043504715,1.0,3.0,timeout
4191,0.5422708988189697,0.7857937812805176,-0.0002470780455041677,0.03299865499138832,0.03299865126609802,1.0,3.0,timeout
4192,0.5412163138389587,0.7857394218444824,-0.000247199583100155,0.03299953043460846,0.03299953043460846,1.0,-3.0,timeout
4193,0.5411951541900635,0.7857382297515869,-0.00025219921371899545,0.0006804668810218573,0.000662287522573024,0.0,3.0,timeout
4194,0.5411950945854187,0.7857380509376526,-0.00025161608937196434,1.9150949810864404e-05,5.890201009606244e-06,0.0,0.0,timeout
4195,0.5411951541900635,0.7857382297515869,-0.00025084998924285173,2.4654575099702924e-05,5.890201009606244e-06,0.0,-3.0,timeout
4196,0.540161669254303,0.7856850028038025,-0.0002453531778883189,0.0323396660387516,0.03233920782804489,1.0,3.0,timeout
4197,0.5401405692100525,0.785685658454895,-0.0002503866271581501,0.0006781878764741123,0.0006596946041099727,0.0,-3.0,timeout
4198,0.5401405692100525,0.7856850028038025,-0.0002501663693692535,2.161433621949982e-05,2.0489094822551124e-05,0.0,3.0,timeout
4199,0.5391072034835815,0.7856314778327942,-0.0002447996521368623,0.03233640268445015,0.03233597055077553,1.0,-3.0,timeout
4200,0.5390860438346863,0.7856305837631226,-0.0002499660768080503,0.0006812370847910643,0.0006618290208280087,0.0,3.0,timeout
4201,0.5390860438346863,0.7856302857398987,-0.00024981965543702245,1.0376555110269692e-05,9.313225746154785e-06,0.0,3.0,timeout
4202,0.5390860438346863,0.7856307029724121,-0.0002494072250556201,1.8333439584239386e-05,1.3038515135121997e-05,0.0,-3.0,timeout
4203,0.5380526185035706,0.7855773568153381,-0.0002441873657517135,0.03233795240521431,0.03233753889799118,1.0,-3.0,timeout
4204,0.5380314588546753,0.7855766415596008,-0.000249476230237633,0.0006819480331614614,0.0006616166792809963,0.0,3.0,timeout
4205,0.5369980931282043,0.7855226993560791,-0.0002445435675326735,0.0323370136320591,0.03233664482831955,1.0,3.0,timeout
4206,0.5359435677528381,0.7854661345481873,-0.00024487098562531173,0.03300129249691963,0.033001288771629333,1.0,-3.0,timeout
4207,0.5348889231681824,0.7854120135307312,-0.0002454297209624201,0.03300101310014725,0.03300100564956665,1.0,-3.0,timeout
4208,0.5338342189788818,0.7853596806526184,-0.0002459011157043278,0.03300005570054054,0.033000051975250244,1.0,3.0,timeout
4209,0.5327796339988708,0.7853047847747803,-0.0002462690172251314,0.033000398427248,0.033000398427248,1.0,3.0,timeout
4210,0.5327584743499756,0.7853035926818848,-0.0002514454536139965,0.0006817567627876997,0.000662287522573024,0.0,3.0,timeout
4211,0.5327584743499756,0.7853038311004639,-0.00025100790662690997,1.5571495168842375e-05,7.450580142176477e-06,0.0,-3.0,timeout
4212,0.5327585339546204,0.7853033542633057,-0.0002503781870473176,2.4754124751780182e-05,1.501712449680781e-05,0.0,3.0,timeout
4213,0.5327585339546204,0.7853029370307922,-0.00024985038908198476,2.1024856323492713e-05,1.3038515135121997e-05,0.0,3.0,timeout
4214,0.5317255854606628,0.7852415442466736,-0.0002445426944177598,0.03233702853322029,0.032336603850126266,1.0,3.0,timeout
4215,0.5317044258117676,0.7852424383163452,-0.00024973819381557405,0.0006814529770053923,0.0006618290208280087,0.0,-3.0,timeout
4216,0.5317044854164124,0.7852417826652527,-0.00024964759359136224,2.0767485693795606e-05,2.057358688034583e-05,0.0,3.0,timeout
4217,0.5306715965270996,0.7851780652999878,-0.00024439566186629236,0.03233955055475235,0.03233913332223892,1.0,3.0,timeout
4218,0.5306712985038757,0.7851776480674744,-0.00024972326355054975,0.00016725680325180292,1.6023079297156073e-05,0.0,0.0,timeout
4219,0.5296385884284973,0.78510981798172,-0.0002446543949190527,0.03234211355447769,0.03234172612428665,1.0,3.0,timeout
4220,0.5296174883842468,0.7851080894470215,-0.00024984986521303654,0.0006812160136178136,0.0006615851889364421,0.0,3.0,timeout
4221,0.5285850763320923,0.7850376963615417,-0.0002448316663503647,0.03233816474676132,0.03233778104186058,1.0,-3.0,timeout
4222,0.5285639762878418,0.7850362658500671,-0.00025000571622513235,0.0006803814903832972,0.0006608899566344917,0.0,3.0,timeout
4223,0.528563916683197,0.7850362062454224,-0.0002498470712453127,5.614022029476473e-06,2.6341779175709235e-06,0.0,0.0,timeout
4224,0.528563916683197,0.7850358486175537,-0.0002494447398930788,1.6821912140585482e-05,1.117586998589104e-05,0.0,3.0,timeout
4225,0.527531623840332,0.7849635481834412,-0.00024420811678282917,0.03233858942985535,0.03233817219734192,1.0,-3.0,timeout
4226,0.5264780521392822,0.7848922610282898,-0.00024460902204737067,0.032999396324157715,0.032999392598867416,1.0,3.0,timeout
4227,0.5264569520950317,0.7848909497261047,-0.00025010344688780606,0.0006825961754657328,0.0006606484530493617,0.0,3.0,timeout
4228,0.5254248380661011,0.7848156094551086,-0.00024505972396582365,0.032339759171009064,0.03233937919139862,1.0,3.0,timeout
4229,0.5254037380218506,0.7848167419433594,-0.00025016730069182813,0.0006793420179747045,0.000660325400531292,0.0,-3.0,timeout
4230,0.5243716835975647,0.7847392559051514,-0.0002451065229251981,0.032342858612537384,0.032342471182346344,1.0,3.0,timeout
4231,0.5233185887336731,0.7846601009368896,-0.0002453327178955078,0.03300204500555992,0.03300204500555992,1.0,3.0,timeout
4232,0.5222656726837158,0.7845792174339294,-0.0002457891823723912,0.03300056979060173,0.03300056606531143,1.0,-3.0,timeout
4233,0.5212125182151794,0.7845005393028259,-0.0002461829280946404,0.033002790063619614,0.033002790063619614,1.0,0.0,timeout
4234,0.5201594829559326,0.7844216227531433,-0.00024650018895044923,0.03299963101744652,0.03299962729215622,1.0,3.0,timeout
4235,0.5201591849327087,0.7844212651252747,-0.0002517214452382177,0.00016381150635425001,1.454772336728638e-05,0.0,0.0,timeout
4236,0.5191274881362915,0.7843418121337891,-0.00024625755031593144,0.032336439937353134,0.03233598917722702,1.0,-3.0,timeout
4237,0.5180743336677551,0.7842640280723572,-0.000246249110205099,0.03300071880221367,0.03300071880221367,1.0,-3.0,timeout
4238,0.517021119594574,0.7841879725456238,-0.00024654227308928967,0.03299864009022713,0.03299864009022713,1.0,3.0,timeout
4239,0.5170207619667053,0.784187912940979,-0.00025175444898195565,0.00016327407502103597,1.1330027518852148e-05,0.0,0.0,timeout
4240,0.5159888863563538,0.7841094136238098,-0.0002462949196342379,0.032339733093976974,0.03233928605914116,1.0,3.0,timeout
4241,0.515967845916748,0.7841076850891113,-0.00025116174947470427,0.0006770325126126409,0.0006597287720069289,0.0,3.0,timeout
4242,0.5159679055213928,0.7841071486473083,-0.00025077612372115254,2.072960342047736e-05,1.6866968508111313e-05,0.0,3.0,timeout
4243,0.5149365663528442,0.7840223908424377,-0.00024529805523343384,0.0323384553194046,0.03233800455927849,1.0,3.0,timeout
4244,0.5138843059539795,0.7839337587356567,-0.0002454706991557032,0.03299957513809204,0.03299957513809204,1.0,3.0,timeout
4245,0.5128321647644043,0.7838426828384399,-0.0002459093520883471,0.03300236538052559,0.03300236165523529,1.0,3.0,timeout
4246,0.511780321598053,0.7837492823600769,-0.00024627495440654457,0.0329994335770607,0.0329994298517704,1.0,3.0,timeout
4247,0.510728657245636,0.7836535573005676,-0.0002465681463945657,0.03300037235021591,0.03300036862492561,1.0,3.0,timeout
4248,0.5107284188270569,0.7836527228355408,-0.0002517755492590368,0.0001649757759878412,2.712052082642913e-05,0.0,0.0,timeout
4249,0.5096980333328247,0.7835569381713867,-0.0002463004784658551,0.03233882412314415,0.032338373363018036,1.0,-3.0,timeout
4250,0.5086463093757629,0.78346186876297,-0.000246294162934646,0.03300037607550621,0.03300037607550621,1.0,3.0,timeout
4251,0.508625328540802,0.7834597229957581,-0.0002514513616915792,0.0006784895667806268,0.0006590710836462677,0.0,3.0,timeout
4252,0.5075950622558594,0.7833621501922607,-0.000246127019636333,0.032340314239263535,0.03233988210558891,1.0,-3.0,timeout
4253,0.5065435767173767,0.7832650542259216,-0.0002461591793689877,0.032998718321323395,0.032998718321323395,1.0,3.0,timeout
4254,0.5065224766731262,0.783266544342041,-0.00025133349117822945,0.0006805083248764277,0.0006610185955651104,0.0,-3.0,timeout
4255,0.506522536277771,0.7832659482955933,-0.00025093735894188285,2.2442303816205822e-05,1.8719350919127464e-05,0.0,3.0,timeout
4256,0.5054923295974731,0.7831681370735168,-0.00024542814935557544,0.0323391929268837,0.03233873471617699,1.0,3.0,timeout
4257,0.5044412016868591,0.783066987991333,-0.00024556450080126524,0.03299948200583458,0.03299948200583458,1.0,-3.0,timeout
4258,0.5044201016426086,0.7830649614334106,-0.00025087676476687193,0.0006828957120887935,0.000662410631775856,0.0,3.0,timeout
4259,0.5033901929855347,0.7829646468162537,-0.0002456788206472993,0.032337360084056854,0.03233695030212402,1.0,3.0,timeout
4260,0.5023393630981445,0.7828601598739624,-0.00024578985176049173,0.03300036862492561,0.03300036862492561,1.0,3.0,timeout
4261,0.5023183226585388,0.7828577160835266,-0.0002510479826014489,0.0006820237613283098,0.0006619338528253138,0.0,3.0,timeout
4262,0.5012681484222412,0.7827486991882324,-0.0002457130467519164,0.03299471735954285,0.03299429267644882,1.0,0.0,timeout
4263,0.5002177357673645,0.7826400995254517,-0.00024590539396740496,0.033000361174345016,0.033000361174345016,1.0,-3.0,timeout
4264,0.5001966953277588,0.7826380133628845,-0.0002511543279979378,0.0006807936006225646,0.000660737743601203,0.0,3.0,timeout
4265,0.49916738271713257,0.7825312614440918,-0.00024589020176790655,0.03233896568417549,0.032338544726371765,1.0,-3.0,timeout
4266,0.4991670250892639,0.7825314402580261,-0.00025094347074627876,0.00015840820560697466,1.2495002920331899e-05,0.0,0.0,timeout
4267,0.4981374442577362,0.7824273109436035,-0.0002456210495438427,0.032338958233594894,0.03233853355050087,1.0,-3.0,timeout
4268,0.4970865845680237,0.78232342004776,-0.00024574974668212235,0.03299945592880249,0.03299945592880249,1.0,3.0,timeout
4269,0.4960358738899231,0.7822176814079285,-0.00024612326524220407,0.033000554889440536,0.033000554889440536,1.0,-3.0,timeout
4270,0.4949849247932434,0.7821143865585327,-0.00024644529912620783,0.033000413328409195,0.033000409603118896,1.0,-3.0,timeout
4271,0.4939338266849518,0.7820128202438354,-0.000246713898377493,0.032999806106090546,0.032999806106090546,1.0,3.0,timeout
4272,0.49288296699523926,0.7819087505340576,-0.00024691890575923026,0.03300000727176666,0.03300000727176666,1.0,3.0,timeout
4273,0.4918323755264282,0.7818021178245544,-0.0002470826148055494,0.032999660819768906,0.03299965709447861,1.0,3.0,timeout
4274,0.4907819926738739,0.7816930413246155,-0.0002472136984579265,0.033000972121953964,0.033000972121953964,1.0,3.0,timeout
4275,0.48973190784454346,0.7815815806388855,-0.0002473186468705535,0.032999489456415176,0.032999489456415176,1.0,3.0,timeout
4276,0.48971089720726013,0.7815830111503601,-0.00025227482547052205,0.000676081923302263,0.0006581024499610066,0.0,-3.0,timeout
4277,0.4886818528175354,0.7814701795578003,-0.0002468055463396013,0.0323508158326149,0.032350365072488785,1.0,3.0,timeout
4278,0.48763200640678406,0.7813562750816345,-0.00024669335107319057,0.03300023078918457,0.03300023078918457,1.0,3.0,timeout
4279,0.4865823984146118,0.7812400460243225,-0.0002468880848027766,0.03300074115395546,0.03300074115395546,1.0,3.0,timeout
4280,0.4855330288410187,0.781121551990509,-0.0002470577892381698,0.03300120308995247,0.03300120308995247,1.0,3.0,timeout
4281,0.48448389768600464,0.7810013890266418,-0.00024718319764360785,0.03299969434738159,0.03299969434738159,1.0,-3.0,timeout
4282,0.4834348261356354,0.7808840274810791,-0.00024317631323356181,0.032988231629133224,0.03298799321055412,1.0,0.0,timeout
4283,0.4823854863643646,0.7807662487030029,-0.0002438726369291544,0.03299778327345848,0.032997775822877884,1.0,3.0,timeout
4284,0.4823645353317261,0.7807637453079224,-0.00024951889645308256,0.0006825767923146486,0.0006593770231120288,0.0,3.0,timeout
4285,0.48133671283721924,0.780643880367279,-0.0002445808204356581,0.0323374979197979,0.03233712911605835,1.0,-3.0,timeout
4286,0.4813157320022583,0.7806415557861328,-0.00024980620946735144,0.0006795734516344965,0.0006596630555577576,0.0,3.0,timeout
4287,0.4802878499031067,0.7805219888687134,-0.00024479723651893437,0.03233828395605087,0.03233790025115013,1.0,-3.0,timeout
4288,0.4802667200565338,0.7805206775665283,-0.00024996703723445535,0.0006810182239860296,0.0006615780293941498,0.0,-3.0,timeout
4289,0.4802667498588562,0.7805205583572388,-0.00024983190814964473,5.70763086216175e-06,3.839941200567409e-06,0.0,3.0,timeout
4290,0.4792385399341583,0.780403733253479,-0.00024453207151964307,0.03233871981501579,0.03233829513192177,1.0,-3.0,timeout
4291,0.47818902134895325,0.7802868485450745,-0.000244868773734197,0.03300022706389427,0.03300022333860397,1.0,3.0,timeout
4292,0.47713977098464966,0.7801674604415894,-0.0002454279747325927,0.033000651746988297,0.033000648021698,1.0,3.0,timeout
4293,0.47609081864356995,0.7800455689430237,-0.00024588959058746696,0.03300033509731293,0.03300033137202263,1.0,3.0,timeout
4294,0.4750421345233917,0.7799212336540222,-0.0002462596457917243,0.03300091251730919,0.03300091251730919,1.0,3.0,timeout
4295,0.4739936888217926,0.779795229434967,-0.00024654518347233534,0.03299969807267189,0.03299969434738159,1.0,-3.0,timeout
4296,0.47397270798683167,0.7797926664352417,-0.0002516763051971793,0.0006797092501074076,0.0006605250528082252,0.0,3.0,timeout
4297,0.4729453921318054,0.7796680331230164,-0.00024631916312500834,0.03233944624662399,0.03233901411294937,1.0,3.0,timeout
4298,0.47189727425575256,0.7795394062995911,-0.000246291805524379,0.03299940750002861,0.03299940750002861,1.0,-3.0,timeout
4299,0.47084879875183105,0.7794132828712463,-0.00024656575988046825,0.033001065254211426,0.033001065254211426,1.0,-3.0,timeout
4300,0.4698001444339752,0.7792889475822449,-0.0002468096499796957,0.03299998864531517,0.03299998492002487,1.0,3.0,timeout
4301,0.4687516987323761,0.7791628837585449,-0.00024698569905012846,0.0329999178647995,0.0329999141395092,1.0,-3.0,timeout
4302,0.4687305986881256,0.779161274433136,-0.0002520168200135231,0.0006797245005145669,0.0006612914730794728,0.0,-3.0,timeout
4303,0.4687306582927704,0.7791610956192017,-0.0002514860243536532,1.7602134903427213e-05,5.890201009606244e-06,0.0,3.0,timeout
4304,0.4687306880950928,0.7791608572006226,-0.00025075094890780747,2.4167131414287724e-05,7.508562248403905e-06,0.0,3.0,timeout
4305,0.46873074769973755,0.7791606783866882,-0.0002501478884369135,1.9744684323086403e-05,5.890201009606244e-06,0.0,3.0,timeout
4306,0.4687308073043823,0.7791603803634644,-0.0002496648230589926,1.7835038306657225e-05,9.497663086222019e-06,0.0,3.0,timeout
4307,0.46873071789741516,0.7791604399681091,-0.0002492734638508409,1.2682586202572566e-05,3.3579310638742754e-06,0.0,0.0,timeout
4308,0.46873077750205994,0.7791601419448853,-0.00024897116236388683,1.3395891983236652e-05,9.497663086222019e-06,0.0,3.0,timeout
4309,0.46770426630973816,0.7790290117263794,-0.00024383912386838347,0.03233954682946205,0.032339148223400116,1.0,3.0,timeout
4310,0.46665704250335693,0.7788931131362915,-0.00024430325720459223,0.0330001525580883,0.033000148832798004,1.0,3.0,timeout
4311,0.46663612127304077,0.7788901925086975,-0.0002498589747119695,0.0006825774325989187,0.000660128309391439,0.0,3.0,timeout
4312,0.4655896723270416,0.7787498235702515,-0.00024476158432662487,0.03299480304121971,0.03299441933631897,1.0,0.0,timeout
4313,0.46556878089904785,0.7787469029426575,-0.00025003839982673526,0.0006795179797336459,0.0006592060090042651,0.0,3.0,timeout
4314,0.46556878089904785,0.7787470817565918,-0.00024987204233184457,7.632247616129462e-06,5.58793499294552e-06,0.0,-3.0,timeout
4315,0.4645432233810425,0.7786039113998413,-0.00024458192638121545,0.032359883189201355,0.03235945850610733,1.0,3.0,timeout
4316,0.46349701285362244,0.7784603834152222,-0.00024490137002430856,0.03300030902028084,0.03300030902028084,1.0,3.0,timeout
4317,0.46347615122795105,0.7784571051597595,-0.0002503372961655259,0.0006814389489591122,0.0006599259795621037,0.0,3.0,timeout
4318,0.46245160698890686,0.7783112525939941,-0.00024524680338799953,0.032340195029973984,0.032339807599782944,1.0,3.0,timeout
4319,0.46140632033348083,0.7781610488891602,-0.0002454340865369886,0.033000729978084564,0.033000729978084564,1.0,-3.0,timeout
4320,0.46036070585250854,0.7780133485794067,-0.0002458796661812812,0.03299983963370323,0.03299983590841293,1.0,-3.0,timeout
4321,0.4593147933483124,0.7778674364089966,-0.00024626110098324716,0.03300129249691963,0.033001288771629333,1.0,3.0,timeout
4322,0.45826926827430725,0.7777191400527954,-0.00024655708693899214,0.032999683171510696,0.032999683171510696,1.0,3.0,timeout
4323,0.457224041223526,0.7775683999061584,-0.00024679352645762265,0.03300127387046814,0.03300127014517784,1.0,3.0,timeout
4324,0.4561792016029358,0.7774152755737305,-0.0002469827013555914,0.03300001472234726,0.03300001472234726,1.0,3.0,timeout
4325,0.4551346004009247,0.7772605419158936,-0.0002471233019605279,0.032999973744153976,0.032999973744153976,1.0,-3.0,timeout
4326,0.4540897309780121,0.7771075963973999,-0.00024725610273890197,0.033000122755765915,0.033000122755765915,1.0,3.0,timeout
4327,0.4540688395500183,0.7771049737930298,-0.0002522238646633923,0.000676046940498054,0.0006579812034033239,0.0,-3.0,timeout
4328,0.45406895875930786,0.7771042585372925,-0.00025165124679915607,2.887359369196929e-05,2.2660055037704296e-05,0.0,3.0,timeout
4329,0.4530453681945801,0.7769519090652466,-0.0002459993993397802,0.032340046018362045,0.03233956918120384,1.0,3.0,timeout
4330,0.45200115442276,0.7767943739891052,-0.0002460318792145699,0.03300094231963158,0.03300094231963158,1.0,3.0,timeout
4331,0.4509572982788086,0.7766344547271729,-0.0002463581913616508,0.033001095056533813,0.033001091331243515,1.0,3.0,timeout
4332,0.4509364664554596,0.7766314744949341,-0.00025150473811663687,0.0006770033505745232,0.0006576225277967751,0.0,-3.0,timeout
4333,0.44991356134414673,0.7764738202095032,-0.00024619183386676013,0.03234364092350006,0.032343216240406036,1.0,3.0,timeout
4334,0.44887006282806396,0.7763115763664246,-0.00024620164185762405,0.0330011248588562,0.0330011248588562,1.0,3.0,timeout
4335,0.44782716035842896,0.7761482000350952,-0.00024237651086878031,0.03298839554190636,0.032988183200359344,1.0,0.0,timeout
4336,0.44678398966789246,0.7759844064712524,-0.00024323239631485194,0.03299849107861519,0.03299847990274429,1.0,3.0,timeout
4337,0.445741206407547,0.7758181691169739,-0.00024412320635747164,0.032998472452163696,0.0329984575510025,1.0,3.0,timeout
4338,0.4446987807750702,0.7756495475769043,-0.00024484656751155853,0.03299924358725548,0.03299923613667488,1.0,3.0,timeout
4339,0.44365671277046204,0.7754785418510437,-0.0002454257046338171,0.03300018981099129,0.03300018608570099,1.0,3.0,timeout
4340,0.4426150321960449,0.7753052115440369,-0.00024588897940702736,0.03300008550286293,0.03300008550286293,1.0,3.0,timeout
4341,0.44157376885414124,0.7751295566558838,-0.00024625950027257204,0.03299923241138458,0.032999228686094284,1.0,3.0,timeout
4342,0.4405328631401062,0.7749515771865845,-0.0002465558936819434,0.03300037607550621,0.03300037235021591,1.0,3.0,timeout
4343,0.43949225544929504,0.774772047996521,-0.0002467817976139486,0.032999396324157715,0.032999392598867416,1.0,-3.0,timeout
4344,0.43949204683303833,0.774771511554718,-0.00025195584748871624,0.00016268642502836883,1.7986825696425512e-05,0.0,0.0,timeout
4345,0.43845123052597046,0.7745943665504456,-0.00024635426234453917,0.03299370035529137,0.03299323469400406,1.0,0.0,timeout
4346,0.43843039870262146,0.774591326713562,-0.0002512961800675839,0.0006757721421308815,0.0006578888860531151,0.0,-3.0,timeout
4347,0.4374099373817444,0.7744193077087402,-0.00024601464974693954,0.03233974054455757,0.032339323312044144,1.0,3.0,timeout
4348,0.43636900186538696,0.7742416858673096,-0.00024605877115391195,0.03299941122531891,0.03299940750002861,1.0,3.0,timeout
4349,0.43532833456993103,0.77406245470047,-0.0002463697164785117,0.03299964964389801,0.03299964591860771,1.0,-3.0,timeout
4350,0.43428733944892883,0.7738850116729736,-0.00024665266391821206,0.03300030902028084,0.03300030902028084,1.0,3.0,timeout
4351,0.43426650762557983,0.7738819122314453,-0.00025174152688123286,0.0006771002663299441,0.0006581604247912765,0.0,-3.0,timeout
4352,0.4332464039325714,0.7737075686454773,-0.0002463816199451685,0.032340895384550095,0.032340459525585175,1.0,3.0,timeout
4353,0.43220582604408264,0.7735277414321899,-0.00024635286536067724,0.03300005942583084,0.03300005942583084,1.0,3.0,timeout
4354,0.4311656355857849,0.7733454704284668,-0.00024661567294970155,0.03300122544169426,0.03300122544169426,1.0,3.0,timeout
4355,0.430125892162323,0.7731609344482422,-0.0002468398888595402,0.032999757677316666,0.032999757677316666,1.0,3.0,timeout
4356,0.43010520935058594,0.7731566429138184,-0.00025190250016748905,0.0006787985912524164,0.0006601046770811081,0.0,3.0,timeout
4357,0.42906638979911804,0.7729678750038147,-0.0002463973651174456,0.03299517184495926,0.032994721084833145,1.0,0.0,timeout
4358,0.4280274510383606,0.7727788090705872,-0.00024646337260492146,0.033000051975250244,0.033000051975250244,1.0,3.0,timeout
4359,0.4269888401031494,0.7725881338119507,-0.00024669765844009817,0.03299902006983757,0.03299901634454727,1.0,-3.0,timeout
4360,0.42594972252845764,0.7723999619483948,-0.000246904295636341,0.033000558614730835,0.033000558614730835,1.0,-3.0,timeout
4361,0.42594942450523376,0.77239990234375,-0.00025205418933182955,0.0001612141786608845,9.497663086222019e-06,0.0,0.0,timeout
4362,0.4249309301376343,0.7722168564796448,-0.0002465353172738105,0.03233834356069565,0.03233788162469864,1.0,3.0,timeout
4363,0.42389199137687683,0.772027850151062,-0.00024647111422382295,0.03299972042441368,0.03299972042441368,1.0,3.0,timeout
4364,0.4228534698486328,0.7718364596366882,-0.0002467098238412291,0.033000316470861435,0.033000316470861435,1.0,3.0,timeout
4365,0.42283281683921814,0.7718321681022644,-0.0002517975808586925,0.0006780956755392253,0.0006591927958652377,0.0,3.0,timeout
4366,0.42181602120399475,0.7716394662857056,-0.0002464157296344638,0.03234089910984039,0.03234046325087547,1.0,3.0,timeout
4367,0.420778751373291,0.7714411020278931,-0.00024637419846840203,0.033002085983753204,0.033002085983753204,1.0,0.0,timeout
4368,0.4197414815425873,0.771243155002594,-0.0002466273435857147,0.032999638468027115,0.032999638468027115,1.0,-3.0,timeout
4369,0.4187038540840149,0.7710469961166382,-0.00024685889366082847,0.03300018981099129,0.03300018981099129,1.0,3.0,timeout
4370,0.4176665246486664,0.7708488702774048,-0.00024702996597625315,0.033002518117427826,0.033002518117427826,1.0,0.0,timeout
4371,0.41662922501564026,0.77065110206604,-0.00024716666666790843,0.03299950808286667,0.03299950808286667,1.0,-3.0,timeout
4372,0.41662895679473877,0.7706510424613953,-0.0002522637660149485,0.00015951560635585338,8.586369403928984e-06,0.0,0.0,timeout
4373,0.4166289269924164,0.7706510424613953,-0.0002515813976060599,2.13443399843527e-05,9.313225177720597e-07,0.0,0.0,timeout
4374,0.41561201214790344,0.7704593539237976,-0.00024593345005996525,0.03233872354030609,0.03233824297785759,1.0,-3.0,timeout
4375,0.4156116843223572,0.7704595327377319,-0.000250963494181633,0.00015762144175823778,1.166943820862798e-05,0.0,0.0,timeout
4376,0.4145944118499756,0.7702696919441223,-0.00024564703926444054,0.03233901038765907,0.03233858197927475,1.0,3.0,timeout
4377,0.4135567843914032,0.7700737118721008,-0.0002457597875036299,0.032999154180288315,0.032999154180288315,1.0,3.0,timeout
4378,0.4125196039676666,0.7698752880096436,-0.0002461408148519695,0.03299969434738159,0.03299969434738159,1.0,3.0,timeout
4379,0.4125193953514099,0.7698748111724854,-0.0002514331426937133,0.00016618309018667787,1.6264848454738967e-05,0.0,0.0,timeout
4380,0.4115033745765686,0.7696784138679504,-0.0002460265241097659,0.03233883157372475,0.03233838826417923,1.0,-3.0,timeout
4381,0.41148269176483154,0.7696744203567505,-0.00025095819728448987,0.0006760756368748844,0.000658275734167546,0.0,3.0,timeout
4382,0.410466730594635,0.7694775462150574,-0.0002457294031046331,0.032339807599782944,0.032339394092559814,1.0,3.0,timeout
4383,0.40943029522895813,0.7692751884460449,-0.00024581950856372714,0.0330001600086689,0.0330001600086689,1.0,-3.0,timeout
4384,0.40940946340560913,0.7692719101905823,-0.0002510698395781219,0.0006791234482079744,0.0006590059492737055,0.0,-3.0,timeout
4385,0.4083930552005768,0.7690771818161011,-0.0002458438102621585,0.03234083577990532,0.03234042227268219,1.0,3.0,timeout
4386,0.407356321811676,0.7688763737678528,-0.0002459225070197135,0.03300005942583084,0.03300005942583084,1.0,3.0,timeout
4387,0.40631991624832153,0.768673837184906,-0.00024626089725643396,0.03300032019615173,0.033000316470861435,1.0,-3.0,timeout
4388,0.4062992334365845,0.7686697244644165,-0.0002514483639970422,0.0006786381127312779,0.000658992154058069,0.0,3.0,timeout
4389,0.40629932284355164,0.7686693072319031,-0.00025102036306634545,1.888651604531333e-05,1.3334510185813997e-05,0.0,3.0,timeout
4390,0.40629926323890686,0.768669605255127,-0.0002503682626411319,2.2482750864583068e-05,9.497663086222019e-06,0.0,-3.0,timeout
4391,0.4052838087081909,0.768470048904419,-0.0002449674066156149,0.03234034776687622,0.032339908182621,1.0,3.0,timeout
4392,0.40424805879592896,0.7682642340660095,-0.0002452062035445124,0.033000025898218155,0.033000022172927856,1.0,3.0,timeout
4393,0.40321260690689087,0.768056333065033,-0.0002456924121361226,0.033003661781549454,0.033003658056259155,1.0,0.0,timeout
4394,0.40217718482017517,0.767848551273346,-0.0002461013791617006,0.03300201892852783,0.033002015203237534,1.0,0.0,timeout
4395,0.4011417329311371,0.7676408290863037,-0.0002464294375386089,0.03300255909562111,0.03300255909562111,1.0,0.0,timeout
4396,0.4011211395263672,0.7676364779472351,-0.0002515798551030457,0.0006771576008759439,0.000657751748804003,0.0,3.0,timeout
4397,0.40010711550712585,0.7674298882484436,-0.0002462416887283325,0.032339636236429214,0.03233920410275459,1.0,3.0,timeout
4398,0.4000864326953888,0.767426073551178,-0.00025111183640547097,0.0006746302242390811,0.0006572392885573208,0.0,-3.0,timeout
4399,0.4000864624977112,0.7674257159233093,-0.00025074149016290903,1.611549305380322e-05,1.1214608093723655e-05,0.0,0.0,timeout
4400,0.4000866115093231,0.7674251198768616,-0.0002501606068108231,2.642244908201974e-05,1.9199706002837047e-05,0.0,3.0,timeout
4401,0.3990730345249176,0.7672163248062134,-0.0002447916485834867,0.03233978524804115,0.03233934938907623,1.0,3.0,timeout
4402,0.3990727961063385,0.7672158479690552,-0.0002500393311493099,0.00016483415674883872,1.6660003893775865e-05,0.0,0.0,timeout
4403,0.3990729749202728,0.7672152519226074,-0.00024979186127893627,2.0927867808495648e-05,1.9446586520643905e-05,0.0,3.0,timeout
4404,0.39907312393188477,0.7672146558761597,-0.00024939121794886887,2.292120552738197e-05,1.9199706002837047e-05,0.0,3.0,timeout
4405,0.39806094765663147,0.7669990658760071,-0.0002441755204927176,0.032340459525585175,0.032340046018362045,1.0,3.0,timeout
4406,0.3970285654067993,0.7667768597602844,-0.00024457264225929976,0.033000778406858444,0.033000778406858444,1.0,3.0,timeout
4407,0.3959965407848358,0.7665526866912842,-0.0002451857435517013,0.03300284966826439,0.03300284221768379,1.0,0.0,timeout
4408,0.3959760367870331,0.7665478587150574,-0.0002505849115550518,0.000679552264045924,0.000658273056615144,0.0,3.0,timeout
4409,0.3949649930000305,0.7663260102272034,-0.0002454332134220749,0.0323471873998642,0.03234678506851196,1.0,-3.0,timeout
4410,0.3939330279827118,0.7661019563674927,-0.0002456055663060397,0.03300023451447487,0.03300023451447487,1.0,3.0,timeout
4411,0.39290156960487366,0.765875518321991,-0.0002460183168295771,0.03300065919756889,0.03300065919756889,1.0,3.0,timeout
4412,0.3928810656070709,0.7658706903457642,-0.00025124489911831915,0.0006782332784496248,0.000658273056615144,0.0,3.0,timeout
4413,0.3918713629245758,0.7656436562538147,-0.00024597326410003006,0.03234143182635307,0.032341014593839645,1.0,3.0,timeout
4414,0.39185088872909546,0.7656385898590088,-0.00025090904091484845,0.0006769234896637499,0.0006591165438294411,0.0,3.0,timeout
4415,0.39185091853141785,0.765638530254364,-0.0002505636657588184,1.0992046554747503e-05,2.082500486721983e-06,0.0,-3.0,timeout
4416,0.390821248292923,0.7654050588607788,-0.00024503516033291817,0.03299444168806076,0.03299398347735405,1.0,0.0,timeout
4417,0.3897913098335266,0.7651715874671936,-0.0002453541965223849,0.03300216421484947,0.033002160489559174,1.0,0.0,timeout
4418,0.3887614905834198,0.7649378776550293,-0.000245825998717919,0.03300017863512039,0.03300017490983009,1.0,3.0,timeout
4419,0.38874104619026184,0.7649328112602234,-0.0002510914928279817,0.0006784683209843934,0.0006582124624401331,0.0,3.0,timeout
4420,0.38874104619026184,0.7649328708648682,-0.00025072434800677,1.1623488717305008e-05,1.8626450355441193e-06,0.0,-3.0,timeout
4421,0.38773250579833984,0.7647008895874023,-0.0002452670014463365,0.032340336591005325,0.03233988210558891,1.0,3.0,timeout
4422,0.38670384883880615,0.7644620537757874,-0.0002454468049108982,0.03300061821937561,0.03300061821937561,1.0,3.0,timeout
4423,0.38567572832107544,0.7642208933830261,-0.00024589034728705883,0.03300080448389053,0.033000800758600235,1.0,3.0,timeout
4424,0.3856755793094635,0.7642201781272888,-0.0002512329665478319,0.0001685107417870313,2.28316512220772e-05,0.0,0.0,timeout
4425,0.3846481144428253,0.7639771699905396,-0.00024577544536441565,0.03299453482031822,0.032994095236063004,1.0,0.0,timeout
4426,0.38362038135528564,0.7637346386909485,-0.0002459513198118657,0.03299882635474205,0.03299882635474205,1.0,-3.0,timeout
4427,0.38359975814819336,0.7637304067611694,-0.00025117932818830013,0.0006778858951292932,0.0006579040782526135,0.0,-3.0,timeout
4428,0.3825916647911072,0.7634963989257812,-0.00024593150010332465,0.03234094753861427,0.032340530306100845,1.0,3.0,timeout
4429,0.3815635144710541,0.7632554769515991,-0.00024599279277026653,0.03300000727176666,0.03300000727176666,1.0,3.0,timeout
4430,0.380535751581192,0.7630128860473633,-0.000246317038545385,0.0330001637339592,0.0330001600086689,1.0,-3.0,timeout
4431,0.3795074224472046,0.762772798538208,-0.00024659981136210263,0.03299950808286667,0.03299950808286667,1.0,-3.0,timeout
4432,0.37948688864707947,0.7627680897712708,-0.0002517203683964908,0.0006775051006115973,0.0006583370268344879,0.0,3.0,timeout
4433,0.37948694825172424,0.7627678513526917,-0.0002512377395760268,1.692488876869902e-05,7.679882401134819e-06,0.0,3.0,timeout
4434,0.3784797489643097,0.7625301480293274,-0.0002456568763591349,0.032340116798877716,0.03233964368700981,1.0,-3.0,timeout
4435,0.3774512708187103,0.7622904777526855,-0.00024575856514275074,0.03300108388066292,0.03300108388066292,1.0,-3.0,timeout
4436,0.37743064761161804,0.7622861266136169,-0.00025103235384449363,0.0006789682665839791,0.0006586630479432642,0.0,3.0,timeout
4437,0.37642285227775574,0.7620508074760437,-0.000245792034547776,0.032341163605451584,0.032340750098228455,1.0,-3.0,timeout
4438,0.37539398670196533,0.7618129253387451,-0.0002458911912981421,0.033000241965055466,0.033000241965055466,1.0,3.0,timeout
4439,0.37436553835868835,0.7615731954574585,-0.0002462367119733244,0.03300059959292412,0.03300059586763382,1.0,-3.0,timeout
4440,0.37333670258522034,0.7613351345062256,-0.00024654599837958813,0.03300059214234352,0.03300059214234352,1.0,3.0,timeout
4441,0.3733363747596741,0.7613351345062256,-0.00025175814516842365,0.00016320143186021596,1.0244547411275562e-05,0.0,0.0,timeout
4442,0.3723287880420685,0.7610989809036255,-0.0002462978009134531,0.032340794801712036,0.03234034404158592,1.0,3.0,timeout
4443,0.37130117416381836,0.7608557343482971,-0.00024628129904158413,0.033000338822603226,0.033000338822603226,1.0,3.0,timeout
4444,0.37027397751808167,0.760610818862915,-0.00024654759909026325,0.032999712973833084,0.032999712973833084,1.0,-3.0,timeout
4445,0.36924636363983154,0.7603676915168762,-0.0002467948361299932,0.03299948573112488,0.03299948200583458,1.0,3.0,timeout
4446,0.36821913719177246,0.7601224780082703,-0.00024697871413081884,0.03300277888774872,0.03300277888774872,1.0,0.0,timeout
4447,0.3671920597553253,0.7598770260810852,-0.00024713625316508114,0.03299998119473457,0.03299998119473457,1.0,3.0,timeout
4448,0.36717167496681213,0.759871780872345,-0.00025213949265889823,0.0006761016556993127,0.0006577748572453856,0.0,3.0,timeout
4449,0.3671717047691345,0.7598714232444763,-0.00025156751507893205,2.110113564413041e-05,1.1214608093723655e-05,0.0,0.0,timeout
4450,0.36717188358306885,0.7598708868026733,-0.0002508215548004955,2.9251752494019456e-05,1.767060166457668e-05,0.0,3.0,timeout
4451,0.3661670982837677,0.7596231698989868,-0.00024532037787139416,0.0323401615023613,0.03233970329165459,1.0,3.0,timeout
4452,0.36514216661453247,0.7593689560890198,-0.0002454777713865042,0.03299960866570473,0.03299960866570473,1.0,-3.0,timeout
4453,0.3641166090965271,0.7591171860694885,-0.0002459139213897288,0.03300030529499054,0.03300030156970024,1.0,-3.0,timeout
4454,0.3630906343460083,0.7588671445846558,-0.0002462883712723851,0.03300013020634651,0.03300013020634651,1.0,3.0,timeout
4455,0.36206522583961487,0.758614718914032,-0.0002465788275003433,0.03300066664814949,0.03300066664814949,1.0,3.0,timeout
4456,0.3610404133796692,0.7583599090576172,-0.00024681087234057486,0.033000484108924866,0.033000484108924866,1.0,3.0,timeout
4457,0.3600160479545593,0.7581034898757935,-0.00024698596098460257,0.03299909830093384,0.03299909830093384,1.0,-3.0,timeout
4458,0.35899123549461365,0.7578487396240234,-0.0002471462357789278,0.03300002962350845,0.03300002962350845,1.0,3.0,timeout
4459,0.357966810464859,0.7575924396514893,-0.0002472546766512096,0.033000003546476364,0.033000003546476364,1.0,-3.0,timeout
4460,0.3579462170600891,0.7575879693031311,-0.0002522318682167679,0.0006766507285647094,0.0006585319642908871,0.0,-3.0,timeout
4461,0.35794633626937866,0.7575876116752625,-0.00025165785336866975,2.1460391508298926e-05,1.1780402019212488e-05,0.0,3.0,timeout
4462,0.3579462766647339,0.7575879096984863,-0.0002508785983081907,2.6138321118196473e-05,9.497663086222019e-06,0.0,-3.0,timeout
4463,0.35794639587402344,0.7575875520706177,-0.0002502600837033242,2.263563328597229e-05,1.1780402019212488e-05,0.0,3.0,timeout
4464,0.3569420576095581,0.7573379278182983,-0.0002448704617563635,0.03234090656042099,0.03234046697616577,1.0,3.0,timeout
4465,0.3559177815914154,0.7570809125900269,-0.00024512826348654926,0.033000919967889786,0.033000919967889786,1.0,3.0,timeout
4466,0.35589730739593506,0.7570760846138,-0.00025050705880858004,0.0006785161676816642,0.0006573665887117386,0.0,-3.0,timeout
4467,0.355897456407547,0.7570754289627075,-0.00025027734227478504,2.2204052584129386e-05,2.101159407175146e-05,0.0,3.0,timeout
4468,0.3558976352214813,0.7570748329162598,-0.00024978461442515254,2.4804439817671664e-05,1.9446586520643905e-05,0.0,3.0,timeout
4469,0.3548949360847473,0.7568184733390808,-0.00024449045304208994,0.03234267234802246,0.032342251390218735,1.0,3.0,timeout
4470,0.3538723587989807,0.7565547823905945,-0.00024482468143105507,0.03300090506672859,0.03300090506672859,1.0,3.0,timeout
4471,0.35285040736198425,0.7562887668609619,-0.00024539281730540097,0.033000193536281586,0.03300018981099129,1.0,3.0,timeout
4472,0.35182902216911316,0.7560204267501831,-0.0002458619710523635,0.033001452684402466,0.03300144895911217,1.0,3.0,timeout
4473,0.3518088161945343,0.7560144662857056,-0.00025112106231972575,0.0006785400328226388,0.000658336328342557,0.0,3.0,timeout
4474,0.35180890560150146,0.7560142278671265,-0.0002507476892787963,1.4122941138339229e-05,7.957222805998754e-06,0.0,-3.0,timeout
4475,0.35080865025520325,0.7557485103607178,-0.0002452856278978288,0.03234256058931351,0.03234210982918739,1.0,3.0,timeout
4476,0.350788414478302,0.7557424902915955,-0.00025034553254954517,0.0006784420693293214,0.0006597583997063339,0.0,3.0,timeout
4477,0.3507884740829468,0.7557420134544373,-0.0002501173585187644,1.6623993360553868e-05,1.501712449680781e-05,0.0,0.0,timeout
4478,0.34978947043418884,0.7554717063903809,-0.00024477633996866643,0.03234190121293068,0.03234146907925606,1.0,3.0,timeout
4479,0.3497692942619324,0.7554656267166138,-0.0002499379916116595,0.0006779759423807263,0.0006585082155652344,0.0,3.0,timeout
4480,0.3487715721130371,0.7551906704902649,-0.00024491234216839075,0.03234149143099785,0.032341115176677704,1.0,3.0,timeout
4481,0.3477541208267212,0.7549078464508057,-0.0002451768086757511,0.0330008938908577,0.0330008938908577,1.0,3.0,timeout
4482,0.34773385524749756,0.7549022436141968,-0.0002505464944988489,0.0006781458505429327,0.0006570571567863226,0.0,-3.0,timeout
4483,0.34671640396118164,0.7546200752258301,-0.00024532192037440836,0.03299581632018089,0.03299541026353836,1.0,0.0,timeout
4484,0.34669607877731323,0.7546147108078003,-0.00025047516101039946,0.0006763628916814923,0.0006569119286723435,0.0,-3.0,timeout
4485,0.3456982970237732,0.7543399333953857,-0.000245357834501192,0.03234181925654411,0.032341424375772476,1.0,3.0,timeout
4486,0.3456781208515167,0.7543337941169739,-0.000250417273491621,0.0006777480011805892,0.0006590480916202068,0.0,3.0,timeout
4487,0.34567832946777344,0.7543330788612366,-0.00025018086307682097,2.4427054086118005e-05,2.328306254639756e-05,0.0,3.0,timeout
4488,0.3446824252605438,0.7540515065193176,-0.0002448215673211962,0.032342419028282166,0.032341986894607544,1.0,3.0,timeout
4489,0.3436667025089264,0.7537623643875122,-0.00024508475326001644,0.03300236165523529,0.03300236165523529,1.0,0.0,timeout
4490,0.3426509201526642,0.753473699092865,-0.0002455954672768712,0.03300008177757263,0.03300007805228233,1.0,-3.0,timeout
4491,0.3426305055618286,0.7534685730934143,-0.0002509049663785845,0.0006783640710636973,0.0006577596650458872,0.0,-3.0,timeout
4492,0.34163397550582886,0.7531893253326416,-0.0002457123773638159,0.03234153613448143,0.0323411263525486,1.0,3.0,timeout
4493,0.34061771631240845,0.7529022693634033,-0.0002458177041262388,0.03300070762634277,0.03300070762634277,1.0,3.0,timeout
4494,0.34059756994247437,0.7528960704803467,-0.00025107062538154423,0.000678848649840802,0.0006587025127373636,0.0,3.0,timeout
4495,0.3396030366420746,0.7526097893714905,-0.0002458331291563809,0.032341573387384415,0.03234115615487099,1.0,3.0,timeout
4496,0.3385888636112213,0.7523154616355896,-0.00024591389228589833,0.03300058841705322,0.03300058841705322,1.0,3.0,timeout
4497,0.33757534623146057,0.7520188689231873,-0.0002462647098582238,0.03300071880221367,0.03300071880221367,1.0,3.0,timeout
4498,0.3375551700592041,0.7520129680633545,-0.0002514301158953458,0.000676459283567965,0.0006569178076460958,0.0,-3.0,timeout
4499,0.3375554382801056,0.7520120143890381,-0.0002510163467377424,3.355036096763797e-05,3.09585957438685e-05,0.0,3.0,timeout
4500,0.33755552768707275,0.7520115375518799,-0.0002503704163245857,2.5244764401577413e-05,1.5160831935645547e-05,0.0,0.0,timeout
4501,0.3365628719329834,0.7517187595367432,-0.0002449648454785347,0.03234206512570381,0.03234162554144859,1.0,3.0,timeout
4502,0.33555060625076294,0.7514179348945618,-0.0002452045155223459,0.03300061076879501,0.03300061076879501,1.0,3.0,timeout
4503,0.3345388174057007,0.7511155605316162,-0.00024568571825511754,0.0330001637339592,0.0330001600086689,1.0,-3.0,timeout
4504,0.3345187306404114,0.75110924243927,-0.00025098881451413035,0.0006785779260098934,0.0006580305634997785,0.0,3.0,timeout
4505,0.3345187306404114,0.7511093616485596,-0.0002506426244508475,1.144187081081327e-05,3.7252900710882386e-06,0.0,-3.0,timeout
4506,0.33352676033973694,0.7508141994476318,-0.00024520151782780886,0.03234269469976425,0.032342251390218735,1.0,3.0,timeout
4507,0.33251523971557617,0.7505108714103699,-0.0002453945344313979,0.03300067409873009,0.03300067409873009,1.0,3.0,timeout
4508,0.3315044045448303,0.7502052783966064,-0.0002458485832903534,0.03300057724118233,0.03300057351589203,1.0,3.0,timeout
4509,0.3304942548274994,0.7498973608016968,-0.0002462264383211732,0.03300118073821068,0.03300117701292038,1.0,3.0,timeout
4510,0.32948464155197144,0.7495875954627991,-0.0002465237630531192,0.033002033829689026,0.033002033829689026,1.0,0.0,timeout
4511,0.3294646739959717,0.7495808601379395,-0.0002516555250622332,0.0006777741364203393,0.000658528646454215,0.0,3.0,timeout
4512,0.3284761607646942,0.7492744326591492,-0.00024630207917653024,0.03234163299202919,0.03234120085835457,1.0,3.0,timeout
4513,0.32845625281333923,0.749267578125,-0.0002511722268536687,0.0006753395427949727,0.0006579672917723656,0.0,3.0,timeout
4514,0.32845649123191833,0.7492668032646179,-0.0002507846802473068,2.8080596166546457e-05,2.5334713427582756e-05,0.0,3.0,timeout
4515,0.3274700939655304,0.748953640460968,-0.0002453046618029475,0.032341569662094116,0.032341115176677704,1.0,3.0,timeout
4516,0.3274501860141754,0.7489466667175293,-0.0002503601717762649,0.0006778569077141583,0.0006591895362362266,0.0,3.0,timeout
4517,0.3264647424221039,0.7486295700073242,-0.00024523711181245744,0.03235055133700371,0.03235015273094177,1.0,-3.0,timeout
4518,0.3254587948322296,0.7483083009719849,-0.00024544840562157333,0.033000122755765915,0.033000122755765915,1.0,3.0,timeout
4519,0.32543864846229553,0.7483022212982178,-0.0002507644530851394,0.0006782754207961261,0.0006576165906153619,0.0,-3.0,timeout
4520,0.32445263862609863,0.7479878664016724,-0.0002455869398545474,0.03234127536416054,0.032340869307518005,1.0,-3.0,timeout
4521,0.32445231080055237,0.7479877471923828,-0.00025070173433050513,0.0001602086122147739,1.090085061150603e-05,0.0,0.0,timeout
4522,0.3234654664993286,0.7476760149002075,-0.0002454272180330008,0.032341357320547104,0.03234093636274338,1.0,-3.0,timeout
4523,0.32344508171081543,0.7476706504821777,-0.0002504673320800066,0.0006772815249860287,0.0006587130483239889,0.0,-3.0,timeout
4524,0.3224567174911499,0.7473637461662292,-0.00024533606483601034,0.03234156593680382,0.03234116733074188,1.0,-3.0,timeout
4525,0.32144755125045776,0.747052788734436,-0.0002455264038871974,0.03299962729215622,0.03299962729215622,1.0,3.0,timeout
4526,0.32043910026550293,0.746739387512207,-0.0002459546085447073,0.03300085663795471,0.03300085291266441,1.0,3.0,timeout
4527,0.3194313943386078,0.746423602104187,-0.00024631075211800635,0.033000823110342026,0.03300081938505173,1.0,3.0,timeout
4528,0.3184242248535156,0.7461061477661133,-0.00024658607435412705,0.03300046920776367,0.03300046548247337,1.0,-3.0,timeout
4529,0.31741634011268616,0.7457907795906067,-0.00024682097136974335,0.033002257347106934,0.033002257347106934,1.0,0.0,timeout
4530,0.3164084553718567,0.745475709438324,-0.00024700016365386546,0.03299947828054428,0.03299947828054428,1.0,-3.0,timeout
4531,0.31540000438690186,0.7451623678207397,-0.0002471576153766364,0.03300030156970024,0.03300030156970024,1.0,3.0,timeout
4532,0.3143923282623291,0.7448467016220093,-0.00024727394338697195,0.03299881890416145,0.03299881890416145,1.0,3.0,timeout
4533,0.31439208984375,0.7448463439941406,-0.00025233966880477965,0.00015887271729297936,1.3431724255497102e-05,0.0,0.0,timeout
4534,0.3134053647518158,0.7445341944694519,-0.00024676305474713445,0.03234178200364113,0.03234131261706352,1.0,3.0,timeout
4535,0.3123992085456848,0.7442136406898499,-0.0002466538571752608,0.032999541610479355,0.032999541610479355,1.0,3.0,timeout
4536,0.3113935887813568,0.7438914179801941,-0.0002468453603796661,0.032999444752931595,0.032999444752931595,1.0,-3.0,timeout
4537,0.31038740277290344,0.7435709834098816,-0.00024703305098228157,0.032999295741319656,0.032999295741319656,1.0,3.0,timeout
4538,0.309381902217865,0.7432482242584229,-0.0002471746411174536,0.033001016825437546,0.033001016825437546,1.0,3.0,timeout
4539,0.3093620538711548,0.7432413101196289,-0.000252170255407691,0.0006751144537702203,0.0006568168173544109,0.0,3.0,timeout
4540,0.30837753415107727,0.7429209351539612,-0.00024670010316185653,0.032354678958654404,0.03235422819852829,1.0,-3.0,timeout
4541,0.30737248063087463,0.7425969243049622,-0.0002466090372763574,0.03299969807267189,0.03299969807267189,1.0,-3.0,timeout
4542,0.3073521852493286,0.7425912618637085,-0.00025170185836032033,0.0006774135981686413,0.0006584529182873666,0.0,-3.0,timeout
4543,0.3063657581806183,0.7422781586647034,-0.00024633778957650065,0.03234187513589859,0.03234143555164337,1.0,-3.0,timeout
4544,0.30535855889320374,0.741960883140564,-0.00024632830172777176,0.0329996757209301,0.0329996757209301,1.0,3.0,timeout
4545,0.3043521046638489,0.7416411638259888,-0.00024659596965648234,0.033000506460666656,0.033000506460666656,1.0,3.0,timeout
4546,0.30433189868927,0.741635262966156,-0.00025169525179080665,0.0006768379244022071,0.0006578118191100657,0.0,-3.0,timeout
4547,0.30433207750320435,0.7416347861289978,-0.000251228193519637,2.159398718504235e-05,1.5914445611997508e-05,0.0,3.0,timeout
4548,0.3033464848995209,0.7413190603256226,-0.00024566042702645063,0.032341960817575455,0.03234149143099785,1.0,3.0,timeout
4549,0.302341490983963,0.7409946918487549,-0.0002457610971760005,0.033001355826854706,0.033001355826854706,1.0,3.0,timeout
4550,0.30133727192878723,0.740667998790741,-0.00024614162975922227,0.03300071507692337,0.03300071135163307,1.0,3.0,timeout
4551,0.30033379793167114,0.7403390407562256,-0.0002464607823640108,0.033000554889440536,0.03300055116415024,1.0,3.0,timeout
4552,0.29933083057403564,0.740008533000946,-0.00024670574930496514,0.0330006368458271,0.0330006368458271,1.0,-3.0,timeout
4553,0.2993107736110687,0.7400023341178894,-0.000251792895141989,0.0006750195170752704,0.0006560325855389237,0.0,-3.0,timeout
4554,0.29830649495124817,0.7396764159202576,-0.00024632038548588753,0.03299544379115105,0.03299500420689583,1.0,0.0,timeout
4555,0.29730212688446045,0.7393502593040466,-0.0002464021381456405,0.03299995884299278,0.03299995884299278,1.0,3.0,timeout
4556,0.29728224873542786,0.7393434047698975,-0.00025154234026558697,0.0006764359422959387,0.0006570867844857275,0.0,3.0,timeout
4557,0.2962995171546936,0.7390187978744507,-0.0002462103730067611,0.032342758029699326,0.032342329621315,1.0,3.0,timeout
4558,0.2952975034713745,0.7386854290962219,-0.0002462156699039042,0.03300044685602188,0.03300044685602188,1.0,3.0,timeout
4559,0.2942960262298584,0.738350510597229,-0.0002464950957801193,0.03299986943602562,0.03299986571073532,1.0,-3.0,timeout
4560,0.2932937443256378,0.7380179762840271,-0.00024674207088537514,0.03300017863512039,0.03300017863512039,1.0,-3.0,timeout
4561,0.29327377676963806,0.738011360168457,-0.000251834251685068,0.0006763344281353056,0.000657347496598959,0.0,3.0,timeout
4562,0.2922918200492859,0.7376845479011536,-0.0002464449207764119,0.032341472804546356,0.032341036945581436,1.0,3.0,timeout
4563,0.2912905812263489,0.7373488545417786,-0.00024640289484523237,0.03300049155950546,0.03300049155950546,1.0,3.0,timeout
4564,0.29029014706611633,0.7370108366012573,-0.00024665554519742727,0.032999832183122635,0.032999832183122635,1.0,3.0,timeout
4565,0.2902703881263733,0.7370035648345947,-0.000251754536293447,0.0006769747706130147,0.0006579548353329301,0.0,3.0,timeout
4566,0.28929153084754944,0.7366674542427063,-0.0002463808632455766,0.03234277665615082,0.032342344522476196,1.0,3.0,timeout
4567,0.2882932722568512,0.7363230586051941,-0.00024634128203615546,0.03299988433718681,0.03299988433718681,1.0,-3.0,timeout
4568,0.2872943878173828,0.7359803915023804,-0.00024661602219566703,0.03300080820918083,0.03300080820918083,1.0,3.0,timeout
4569,0.2862962782382965,0.7356354594230652,-0.0002468404418323189,0.03300096094608307,0.03300096094608307,1.0,3.0,timeout
4570,0.28627657890319824,0.7356280088424683,-0.0002519030822440982,0.0006769108003936708,0.0006581631023436785,0.0,3.0,timeout
4571,0.285300076007843,0.7352851629257202,-0.00024649978149682283,0.032342322170734406,0.03234188258647919,1.0,3.0,timeout
4572,0.2843044400215149,0.7349331974983215,-0.000246447219979018,0.033000510185956955,0.033000510185956955,1.0,3.0,timeout
4573,0.28330957889556885,0.7345790266990662,-0.0002466913138050586,0.03300073370337486,0.03300073370337486,1.0,3.0,timeout
4574,0.2832898795604706,0.7345718741416931,-0.000251771358307451,0.0006738920928910375,0.0006549263489432633,0.0,-3.0,timeout
4575,0.2823146879673004,0.7342253923416138,-0.00024639253388158977,0.03234151750802994,0.03234108164906502,1.0,-3.0,timeout
4576,0.28229495882987976,0.7342181205749512,-0.00025125572574324906,0.0006744269048795104,0.0006570809055119753,0.0,3.0,timeout
4577,0.2822951376438141,0.734217643737793,-0.00025085158995352685,2.031667645496782e-05,1.5914445611997508e-05,0.0,3.0,timeout
4578,0.2822950780391693,0.7342178225517273,-0.0002502324350643903,2.0225290427333675e-05,5.890201009606244e-06,0.0,-3.0,timeout
4579,0.28229525685310364,0.7342173457145691,-0.00024974331608973444,2.2065805751481093e-05,1.5914445611997508e-05,0.0,3.0,timeout
4580,0.28132084012031555,0.7338685393333435,-0.0002444568963255733,0.032343097031116486,0.03234267234802246,1.0,3.0,timeout
4581,0.2803271412849426,0.7335111498832703,-0.00024478742852807045,0.03300042077898979,0.03300042077898979,1.0,-3.0,timeout
4582,0.27933284640312195,0.7331554293632507,-0.00024537250283174217,0.03300034999847412,0.033000342547893524,1.0,3.0,timeout
4583,0.27833911776542664,0.7327980399131775,-0.00024583551567047834,0.03300129994750023,0.03300129622220993,1.0,-3.0,timeout
4584,0.27734455466270447,0.73244309425354,-0.00024621569900773466,0.03300009295344353,0.03300008922815323,1.0,-3.0,timeout
4585,0.2773244380950928,0.7324368953704834,-0.00025140217621810734,0.0006774852517992258,0.0006578124011866748,0.0,-3.0,timeout
4586,0.2763484716415405,0.7320924997329712,-0.00024610987748019397,0.032342568039894104,0.03234214708209038,1.0,3.0,timeout
4587,0.27535343170166016,0.7317388653755188,-0.00024613545974716544,0.03300037607550621,0.03300037607550621,1.0,3.0,timeout
4588,0.2753337025642395,0.7317314743995667,-0.00025132461450994015,0.0006780549301765859,0.0006583785288967192,0.0,3.0,timeout
4589,0.2753336727619171,0.7317315936088562,-0.0002509099431335926,1.351544869976351e-05,3.839941200567409e-06,0.0,-3.0,timeout
4590,0.27435922622680664,0.7313830256462097,-0.0002454036148265004,0.032341498881578445,0.032341040670871735,1.0,-3.0,timeout
4591,0.2733638882637024,0.7310302257537842,-0.0002455563226249069,0.033000435680150986,0.033000435680150986,1.0,-3.0,timeout
4592,0.2723679840564728,0.7306790947914124,-0.00024598767049610615,0.032999735325574875,0.032999731600284576,1.0,3.0,timeout
4593,0.2713726758956909,0.7303258776664734,-0.00024633246357552707,0.03300391510128975,0.03300391137599945,1.0,0.0,timeout
4594,0.2713528871536255,0.7303187847137451,-0.00025150220608338714,0.0006764961290173233,0.0006569224642589688,0.0,3.0,timeout
4595,0.27037861943244934,0.7299696803092957,-0.00024617885355837643,0.032341860234737396,0.03234143182635307,1.0,3.0,timeout
4596,0.26938509941101074,0.7296119332313538,-0.0002461799012962729,0.0329989455640316,0.0329989455640316,1.0,-3.0,timeout
4597,0.2693653702735901,0.7296047806739807,-0.000251370103796944,0.0006755611975677311,0.0006558018503710628,0.0,3.0,timeout
4598,0.26936548948287964,0.7296044826507568,-0.0002509564801584929,1.6361193047487177e-05,1.0030650628323201e-05,0.0,3.0,timeout
4599,0.2693656086921692,0.7296042442321777,-0.00025032696430571377,2.136331022484228e-05,8.330001946887933e-06,0.0,3.0,timeout
4600,0.26839375495910645,0.7292484641075134,-0.00024492410011589527,0.032341986894607544,0.032341547310352325,1.0,3.0,timeout
4601,0.2674029469490051,0.7288831472396851,-0.0002451712789479643,0.03300030902028084,0.03300030902028084,1.0,3.0,timeout
4602,0.2664127051830292,0.7285162210464478,-0.0002456592919770628,0.03300115093588829,0.033001143485307693,1.0,-3.0,timeout
4603,0.2663927972316742,0.7285094857215881,-0.0002509558980818838,0.000677300151437521,0.0006567640230059624,0.0,-3.0,timeout
4604,0.2663927674293518,0.7285093665122986,-0.00025063176872208714,1.0832481166289654e-05,3.839941200567409e-06,0.0,0.0,timeout
4605,0.26542067527770996,0.7281542420387268,-0.0002451776817906648,0.032341957092285156,0.03234150633215904,1.0,-3.0,timeout
4606,0.2654009461402893,0.7281471490859985,-0.0002502696879673749,0.0006742163677699864,0.000655169365927577,0.0,3.0,timeout
4607,0.2644290626049042,0.7277914881706238,-0.00024517718702554703,0.03234153240919113,0.03234114125370979,1.0,3.0,timeout
4608,0.2634381949901581,0.727426290512085,-0.0002453881606925279,0.03300076723098755,0.03300076723098755,1.0,3.0,timeout
4609,0.26343798637390137,0.7274259328842163,-0.0002508175384718925,0.00017016065248753875,1.2938346117152832e-05,0.0,0.0,timeout
4610,0.2624678611755371,0.7270654439926147,-0.00024554444826208055,0.03234220668673515,0.03234178572893143,1.0,3.0,timeout
4611,0.2614785432815552,0.7266961336135864,-0.0002456687216181308,0.03300005942583084,0.03300005942583084,1.0,-3.0,timeout
4612,0.2604885697364807,0.7263285517692566,-0.0002460779214743525,0.03300041705369949,0.033000413328409195,1.0,3.0,timeout
4613,0.2594994604587555,0.7259586453437805,-0.0002464099961798638,0.03300047293305397,0.03300047293305397,1.0,3.0,timeout
4614,0.25947993993759155,0.7259507775306702,-0.0002515589876566082,0.000677098345477134,0.0006577016320079565,0.0,3.0,timeout
4615,0.25851234793663025,0.725583553314209,-0.00024622431374154985,0.032342106103897095,0.03234167769551277,1.0,3.0,timeout
4616,0.25752586126327515,0.7252066731452942,-0.0002462269039824605,0.03300086408853531,0.03300086408853531,1.0,3.0,timeout
4617,0.2565400004386902,0.7248282432556152,-0.0002465040597599,0.0329999215900898,0.0329999178647995,1.0,-3.0,timeout
4618,0.25652047991752625,0.7248203754425049,-0.0002516430977266282,0.0006770245381630957,0.0006577016320079565,0.0,3.0,timeout
4619,0.25652068853378296,0.7248198390007019,-0.00025117609766311944,2.316254540346563e-05,1.7986825696425512e-05,0.0,3.0,timeout
4620,0.25553587079048157,0.724439263343811,-0.0002455163630656898,0.03299407660961151,0.03299360349774361,1.0,0.0,timeout
4621,0.254550963640213,0.7240582704544067,-0.000245743925916031,0.03300091251730919,0.03300091251730919,1.0,3.0,timeout
4622,0.2535669505596161,0.723675012588501,-0.0002461321419104934,0.03300048038363457,0.03300047665834427,1.0,3.0,timeout
4623,0.2525835633277893,0.723290205001831,-0.0002464425633661449,0.03299987316131592,0.03299987316131592,1.0,-3.0,timeout
4624,0.25256383419036865,0.723283052444458,-0.0002515827363822609,0.0006751875043846667,0.0006558018503710628,0.0,-3.0,timeout
4625,0.25256380438804626,0.7232831716537476,-0.00025112784351222217,1.4724902939633466e-05,3.839941200567409e-06,0.0,-3.0,timeout
4626,0.2515977919101715,0.7229117751121521,-0.0002455899375490844,0.03234255686402321,0.0323420949280262,1.0,3.0,timeout
4627,0.25061294436454773,0.7225306630134583,-0.00024570527602918446,0.03300051763653755,0.03300051763653755,1.0,3.0,timeout
4628,0.2496289610862732,0.7221472859382629,-0.0002460970135871321,0.03300096094608307,0.03300096094608307,1.0,3.0,timeout
4629,0.24864561855793,0.7217623591423035,-0.0002464141580276191,0.032999929040670395,0.032999925315380096,1.0,-3.0,timeout
4630,0.24766133725643158,0.721379816532135,-0.00024667810066603124,0.03300018608570099,0.03300018608570099,1.0,-3.0,timeout
4631,0.24764150381088257,0.7213728427886963,-0.0002517716493457556,0.0006759995594620705,0.0006569926044903696,0.0,-3.0,timeout
4632,0.24667516350746155,0.7210022807121277,-0.0002463941345922649,0.03234274685382843,0.03234231472015381,1.0,-3.0,timeout
4633,0.2456880658864975,0.7206270098686218,-0.0002463634591549635,0.033000797033309937,0.033000797033309937,1.0,-3.0,timeout
4634,0.24568761885166168,0.7206273078918457,-0.00025160738732665777,0.00016473060532007366,1.6789654182503e-05,0.0,0.0,timeout
4635,0.24568764865398407,0.7206273674964905,-0.0002510606136638671,1.7213113096659072e-05,2.082500486721983e-06,0.0,3.0,timeout
4636,0.24472026526927948,0.720259428024292,-0.00024551094975322485,0.03234398737549782,0.03234352171421051,1.0,-3.0,timeout
4637,0.24373221397399902,0.7198867201805115,-0.00024564232444390655,0.03300030156970024,0.03300030156970024,1.0,-3.0,timeout
4638,0.242743581533432,0.7195155620574951,-0.00024605621001683176,0.033000241965055466,0.033000241965055466,1.0,3.0,timeout
4639,0.24175558984279633,0.7191426753997803,-0.000246382609475404,0.033000532537698746,0.033000532537698746,1.0,-3.0,timeout
4640,0.24173550307750702,0.7191362977027893,-0.0002515353262424469,0.0006779907271265984,0.000658591918181628,0.0,-3.0,timeout
4641,0.2407643347978592,0.7187736630439758,-0.00024620830663479865,0.032396167516708374,0.03239574283361435,1.0,3.0,timeout
4642,0.2397756278514862,0.7184027433395386,-0.00024621194461360574,0.03299980238080025,0.03299980238080025,1.0,-3.0,timeout
4643,0.23878604173660278,0.718034029006958,-0.00024650260456837714,0.033001404255628586,0.033001404255628586,1.0,-3.0,timeout
4644,0.23878560960292816,0.7180343270301819,-0.00025173250469379127,0.00016425557259935886,1.6404235793743283e-05,0.0,0.0,timeout
4645,0.23781508207321167,0.717674970626831,-0.0002462667762301862,0.03234172239899635,0.03234127163887024,1.0,-3.0,timeout
4646,0.23779553174972534,0.7176680564880371,-0.00025115179596468806,0.0006657671765424311,0.0006480291485786438,0.0,3.0,timeout
4647,0.23680539429187775,0.7173014879226685,-0.00024578056763857603,0.03299463540315628,0.03299420699477196,1.0,0.0,timeout
4648,0.23581528663635254,0.7169343829154968,-0.00024596863659098744,0.03299915790557861,0.03299915790557861,1.0,3.0,timeout
4649,0.23482583463191986,0.7165651917457581,-0.0002463071432430297,0.03300268203020096,0.03300267830491066,1.0,0.0,timeout
4650,0.2338366061449051,0.7161957025527954,-0.0002465984143782407,0.032999396324157715,0.032999396324157715,1.0,3.0,timeout
4651,0.23284800350666046,0.715824544429779,-0.0002468164311721921,0.032999370247125626,0.032999370247125626,1.0,-3.0,timeout
4652,0.23282833397388458,0.7158171534538269,-0.0002518933906685561,0.000675529649015516,0.0006566345691680908,0.0,3.0,timeout
4653,0.23185981810092926,0.7154524326324463,-0.0002464919234625995,0.03234146162867546,0.032341018319129944,1.0,3.0,timeout
4654,0.23184025287628174,0.7154447436332703,-0.00025132368318736553,0.0006740622338838875,0.0006569331744685769,0.0,3.0,timeout
4655,0.23087352514266968,0.7150752544403076,-0.0002460211399011314,0.032342053949832916,0.03234163299202919,1.0,3.0,timeout
4656,0.22988776862621307,0.7146962881088257,-0.000246058072661981,0.03300289064645767,0.03300289064645767,1.0,0.0,timeout
4657,0.228902205824852,0.7143170833587646,-0.00024638528702780604,0.0329999141395092,0.0329999141395092,1.0,3.0,timeout
4658,0.2288825511932373,0.7143097519874573,-0.00025152703165076673,0.0006749500753358006,0.000655545387417078,0.0,-3.0,timeout
4659,0.22791272401809692,0.7139363288879395,-0.0002461895637679845,0.0324765220284462,0.032476093620061874,1.0,3.0,timeout
4660,0.22789330780506134,0.7139281630516052,-0.0002511019119992852,0.0006758973468095064,0.0006582337664440274,0.0,3.0,timeout
4661,0.2269292175769806,0.7135518193244934,-0.0002458448871038854,0.032342348247766495,0.03234193101525307,1.0,3.0,timeout
4662,0.22691485285758972,0.7135462760925293,-0.0002508204197511077,0.0005056598456576467,0.0004811612598132342,0.0,-3.0,timeout
4663,0.2269151657819748,0.7135455012321472,-0.00025048895622603595,2.8093701985199004e-05,2.6114423235412687e-05,0.0,3.0,timeout
4664,0.2259514480829239,0.7131677865982056,-0.00024505527107976377,0.032347142696380615,0.0323466956615448,1.0,-3.0,timeout
4665,0.22496743500232697,0.7127845883369446,-0.00024528842186555266,0.03299980238080025,0.03299979865550995,1.0,3.0,timeout
4666,0.2239840179681778,0.7123997211456299,-0.00024575364659540355,0.03300141915678978,0.03300141543149948,1.0,-3.0,timeout
4667,0.222999706864357,0.7120172381401062,-0.00024614945868961513,0.03300037607550621,0.03300037607550621,1.0,-3.0,timeout
4668,0.22297978401184082,0.7120104432106018,-0.000251349265454337,0.0006775768706575036,0.0006578040192835033,0.0,-3.0,timeout
4669,0.2220095545053482,0.7116374969482422,-0.0002460466348566115,0.032482899725437164,0.03248247876763344,1.0,3.0,timeout
4670,0.22102469205856323,0.7112564444541931,-0.0002461048134136945,0.03300028294324875,0.03300028294324875,1.0,3.0,timeout
4671,0.22004052996635437,0.7108733654022217,-0.00024641267373226583,0.033002790063619614,0.033002790063619614,1.0,0.0,timeout
4672,0.21905654668807983,0.7104900479316711,-0.0002466828445903957,0.03300028666853905,0.03300028666853905,1.0,3.0,timeout
4673,0.21807320415973663,0.7101051807403564,-0.0002468838356435299,0.032999251037836075,0.032999251037836075,1.0,-3.0,timeout
4674,0.2180536985397339,0.7100973129272461,-0.0002519473491702229,0.0006760486867278814,0.0006572697893716395,0.0,3.0,timeout
4675,0.21709030866622925,0.7097192406654358,-0.0002465352590661496,0.03234168142080307,0.03234123811125755,1.0,3.0,timeout
4676,0.21610818803310394,0.709331214427948,-0.0002464752469677478,0.03299983963370323,0.03299983963370323,1.0,3.0,timeout
4677,0.21608859300613403,0.7093236446380615,-0.00025158474454656243,0.0006755883805453777,0.0006564484792761505,0.0,-3.0,timeout
4678,0.21512585878372192,0.7089439034461975,-0.00024624294019304216,0.032341696321964264,0.03234126791357994,1.0,-3.0,timeout
4679,0.21510834991931915,0.7089368104934692,-0.0002511459169909358,0.0006099031888879836,0.0005903440760448575,0.0,3.0,timeout
4680,0.2141457349061966,0.7085567116737366,-0.00024586988729424775,0.032342322170734406,0.03234190121293068,1.0,3.0,timeout
4681,0.21316440403461456,0.7081665992736816,-0.0002459419774822891,0.03300091624259949,0.03300091624259949,1.0,3.0,timeout
4682,0.21218396723270416,0.70777428150177,-0.0002462869160808623,0.03300049528479576,0.03300049528479576,1.0,3.0,timeout
4683,0.2112044245004654,0.7073796987533569,-0.00024657693575136364,0.03300093859434128,0.03300093859434128,1.0,3.0,timeout
4684,0.21118520200252533,0.707371175289154,-0.00025169269065372646,0.0006762754055671394,0.0006571079720743,0.0,3.0,timeout
4685,0.2111855298280716,0.7073703408241272,-0.0002512154751457274,3.1738927646074444e-05,2.8017178919981234e-05,0.0,3.0,timeout
4686,0.21022821962833405,0.7069770097732544,-0.00024564992054365575,0.03234311565756798,0.03234264999628067,1.0,3.0,timeout
4687,0.21020901203155518,0.7069684267044067,-0.00025063659995794296,0.0006756563670933247,0.0006574399885721505,0.0,3.0,timeout
4688,0.21020911633968353,0.7069679498672485,-0.00025034992722794414,1.7689682863419876e-05,1.5253516721713822e-05,0.0,0.0,timeout
4689,0.2102092206478119,0.7069675922393799,-0.00024984157062135637,1.9695044102263637e-05,1.164153127319878e-05,0.0,0.0,timeout
4690,0.2092534601688385,0.7065706253051758,-0.0002445301797706634,0.032341696321964264,0.03234127163887024,1.0,-3.0,timeout
4691,0.20924057066440582,0.7065652012825012,-0.000249783624894917,0.0004668273322749883,0.0004370078968349844,0.0,3.0,timeout
4692,0.20828492939472198,0.7061678767204285,-0.0002447576553095132,0.03234250098466873,0.03234211727976799,1.0,3.0,timeout
4693,0.2073107808828354,0.7057602405548096,-0.00024505151668563485,0.032999951392412186,0.03299994766712189,1.0,3.0,timeout
4694,0.20731063187122345,0.7057597041130066,-0.0002505483862478286,0.00017265602946281433,1.7398540876456536e-05,0.0,0.0,timeout
4695,0.20635664463043213,0.7053585052490234,-0.0002453175256960094,0.03234155476093292,0.032341137528419495,1.0,-3.0,timeout
4696,0.20634432137012482,0.7053532004356384,-0.00025042699417099357,0.0004486420948524028,0.00041926713311113417,0.0,3.0,timeout
4697,0.20634420216083527,0.7053535580635071,-0.00025014515267685056,1.4708866729051806e-05,1.1780402019212488e-05,0.0,-3.0,timeout
4698,0.2063443660736084,0.7053532004356384,-0.0002496858942322433,1.8897424524766393e-05,1.2293809959373903e-05,0.0,3.0,timeout
4699,0.20634450018405914,0.7053529024124146,-0.00024929651408456266,1.5885956599959172e-05,1.0212749657512177e-05,0.0,3.0,timeout
4700,0.20539093017578125,0.7049500346183777,-0.00024408689932897687,0.03234979137778282,0.03234938159584999,1.0,-3.0,timeout
4701,0.20537906885147095,0.7049452066421509,-0.0002494354557711631,0.0004336971032898873,0.00040019568405114114,0.0,3.0,timeout
4702,0.20442594587802887,0.7045418620109558,-0.00024447368923574686,0.032342687249183655,0.03234231844544411,1.0,3.0,timeout
4703,0.20440666377544403,0.7045334577560425,-0.0002497080131433904,0.0006773606291972101,0.000657313852570951,0.0,3.0,timeout
4704,0.20345555245876312,0.7041253447532654,-0.000244728202233091,0.03234327957034111,0.032342903316020966,1.0,3.0,timeout
4705,0.20248576998710632,0.7037073969841003,-0.0002450190659146756,0.03300033137202263,0.03300033137202263,1.0,-3.0,timeout
4706,0.20246621966362,0.7036996483802795,-0.00025043037021532655,0.0006785916048102081,0.0006571838166564703,0.0,-3.0,timeout
4707,0.20151391625404358,0.7032943367958069,-0.00024532011593692005,0.032343149185180664,0.03234275430440903,1.0,-3.0,timeout
4708,0.20054137706756592,0.7028828859329224,-0.00024551458773203194,0.03299982473254204,0.03299982473254204,1.0,3.0,timeout
4709,0.19956977665424347,0.7024691104888916,-0.00024594535352662206,0.03300120681524277,0.03300120308995247,1.0,3.0,timeout
4710,0.19859889149665833,0.7020537257194519,-0.00024629320250824094,0.033000390976667404,0.033000390976667404,1.0,-3.0,timeout
4711,0.19762730598449707,0.7016399502754211,-0.0002465920988470316,0.033000778406858444,0.033000778406858444,1.0,3.0,timeout
4712,0.19665639102458954,0.7012246251106262,-0.0002468116581439972,0.03300051391124725,0.033000510185956955,1.0,-3.0,timeout
4713,0.19568480551242828,0.7008109092712402,-0.0002470067120157182,0.03300004452466965,0.03300004452466965,1.0,3.0,timeout
4714,0.19471415877342224,0.7003949284553528,-0.0002471533662173897,0.033000871539115906,0.033000871539115906,1.0,3.0,timeout
4715,0.193744495511055,0.6999767422676086,-0.00024727039271965623,0.03299986198544502,0.032999858260154724,1.0,3.0,timeout
4716,0.19372527301311493,0.6999685168266296,-0.00025223547709174454,0.0006715583149343729,0.0006533882697112858,0.0,-3.0,timeout
4717,0.1937253475189209,0.6999684572219849,-0.0002516487438697368,1.857627103163395e-05,2.981686975545017e-06,0.0,-3.0,timeout
4718,0.19277416169643402,0.6995604038238525,-0.00024600664619356394,0.03234478831291199,0.032344307750463486,1.0,3.0,timeout
4719,0.19277405738830566,0.6995598673820496,-0.0002510123304091394,0.00015735709166619927,1.7077773009077646e-05,0.0,0.0,timeout
4720,0.19277438521385193,0.6995591521263123,-0.00025057021412067115,2.8203487090650015e-05,2.4587619918747805e-05,0.0,3.0,timeout
4721,0.19277465343475342,0.6995585560798645,-0.00025001377798616886,2.6824714950635098e-05,2.0425499315024354e-05,0.0,3.0,timeout
4722,0.19182619452476501,0.6991444230079651,-0.0002446733706165105,0.03234199807047844,0.032341569662094116,1.0,3.0,timeout
4723,0.1908593624830246,0.6987196207046509,-0.0002449711610097438,0.033001262694597244,0.033001262694597244,1.0,3.0,timeout
4724,0.18989348411560059,0.6982927322387695,-0.00024551001843065023,0.03300028294324875,0.03300027549266815,1.0,3.0,timeout
4725,0.18892857432365417,0.6978635787963867,-0.0002459557435940951,0.03300129622220993,0.03300129249691963,1.0,3.0,timeout
4726,0.18796461820602417,0.6974323391914368,-0.000246313022216782,0.0330006368458271,0.0330006368458271,1.0,3.0,timeout
4727,0.18700134754180908,0.6969996094703674,-0.0002465875295456499,0.03300013765692711,0.03300013765692711,1.0,-3.0,timeout
4728,0.18603728711605072,0.6965686678886414,-0.0002468277816660702,0.032999809831380844,0.032999809831380844,1.0,3.0,timeout
4729,0.18507418036460876,0.6961355209350586,-0.0002470106992404908,0.03300080820918083,0.03300080820918083,1.0,3.0,timeout
4730,0.1841120570898056,0.6957002282142639,-0.00024715662584640086,0.03300036862492561,0.03300036862492561,1.0,3.0,timeout
4731,0.18409325182437897,0.6956908702850342,-0.00025215628556907177,0.0006747434381395578,0.0006564052891917527,0.0,3.0,timeout
4732,0.1831383854150772,0.6952544450759888,-0.0002466216392349452,0.03280903771519661,0.0328085832297802,1.0,-3.0,timeout
4733,0.1821771115064621,0.694817304611206,-0.00024662105715833604,0.03300004452466965,0.03300004452466965,1.0,3.0,timeout
4734,0.18121682107448578,0.6943779587745667,-0.00024683348601683974,0.03300068527460098,0.03300068527460098,1.0,3.0,timeout
4735,0.18025752902030945,0.6939364671707153,-0.0002470141917001456,0.03300029784440994,0.033000294119119644,1.0,3.0,timeout
4736,0.180238738656044,0.6939276456832886,-0.00025203110999427736,0.0006673655589111149,0.000648688874207437,0.0,-3.0,timeout
4737,0.17928186058998108,0.6934870481491089,-0.00024652594584040344,0.03292053937911987,0.03292008861899376,1.0,3.0,timeout
4738,0.17832346260547638,0.69304358959198,-0.00024655094603076577,0.033000681549310684,0.033000681549310684,1.0,3.0,timeout
4739,0.17736577987670898,0.6925986409187317,-0.0002467668382450938,0.03299999237060547,0.03299999237060547,1.0,-3.0,timeout
4740,0.1764070689678192,0.6921557188034058,-0.0002469648898113519,0.033002521842718124,0.033002518117427826,1.0,0.0,timeout
4741,0.17544832825660706,0.6917128562927246,-0.000247120187850669,0.0330025888979435,0.0330025888979435,1.0,0.0,timeout
4742,0.17542915046215057,0.6917044520378113,-0.00025212083710357547,0.0006727289292030036,0.0006543269846588373,0.0,-3.0,timeout
4743,0.17448848485946655,0.6912729144096375,-0.00024667286197654903,0.03234195336699486,0.03234150633215904,1.0,-3.0,timeout
4744,0.17352750897407532,0.6908349394798279,-0.0002465912839397788,0.033002376556396484,0.033002376556396484,1.0,0.0,timeout
4745,0.1735084354877472,0.6908261775970459,-0.0002516949316486716,0.0006750402390025556,0.000655928801279515,0.0,3.0,timeout
4746,0.17255347967147827,0.6903885006904602,-0.00024624986690469086,0.032827842980623245,0.03282740339636803,1.0,-3.0,timeout
4747,0.17159241437911987,0.6899509429931641,-0.00024631599080748856,0.032999515533447266,0.032999515533447266,1.0,-3.0,timeout
4748,0.17159195244312286,0.6899511814117432,-0.00025157243362627923,0.0001650651392992586,1.6244839571299963e-05,0.0,0.0,timeout
4749,0.17064952850341797,0.6895235180854797,-0.00024614855647087097,0.03234168514609337,0.03234124183654785,1.0,3.0,timeout
4750,0.16968895494937897,0.6890848875045776,-0.0002461619151290506,0.032999441027641296,0.032999437302351,1.0,3.0,timeout
4751,0.16872940957546234,0.6886439919471741,-0.00024646238307468593,0.032999709248542786,0.03299970552325249,1.0,3.0,timeout
4752,0.1677705943584442,0.6882014870643616,-0.00024670653510838747,0.03300001844763756,0.03300001844763756,1.0,-3.0,timeout
4753,0.16775159537792206,0.6881925463676453,-0.0002518056717235595,0.0006752448389306664,0.0006561735644936562,0.0,3.0,timeout
4754,0.16679732501506805,0.6877520084381104,-0.0002463367418386042,0.03284574672579765,0.032845303416252136,1.0,-3.0,timeout
4755,0.16583772003650665,0.6873112320899963,-0.0002463980345055461,0.03299984335899353,0.03299984335899353,1.0,3.0,timeout
4756,0.16487891972064972,0.6868684887886047,-0.0002466498699504882,0.033002715557813644,0.033002715557813644,1.0,0.0,timeout
4757,0.1639203578233719,0.6864254474639893,-0.00024687257246114314,0.03299986198544502,0.032999858260154724,1.0,3.0,timeout
4758,0.1639012098312378,0.6864169239997864,-0.00025191748864017427,0.0006736866198480129,0.0006549801910296082,0.0,-3.0,timeout
4759,0.16294516623020172,0.6859747767448425,-0.0002464361023157835,0.032917145639657974,0.03291670233011246,1.0,3.0,timeout
4760,0.16198758780956268,0.6855295896530151,-0.0002464785357005894,0.03300017490983009,0.03300017490983009,1.0,3.0,timeout
4761,0.16103072464466095,0.6850828528404236,-0.0002467090671416372,0.033000364899635315,0.033000364899635315,1.0,-3.0,timeout
4762,0.16103054583072662,0.6850824952125549,-0.000251897145062685,0.00016260820848401636,1.2495002920331899e-05,0.0,0.0,timeout
4763,0.16103051602840424,0.6850826740264893,-0.00025128305424004793,2.0009032596135512e-05,5.665013759426074e-06,0.0,-3.0,timeout
4764,0.16009113192558289,0.6846482753753662,-0.00024570978712290525,0.032343003898859024,0.03234253451228142,1.0,3.0,timeout
4765,0.15913334488868713,0.684203565120697,-0.0002457905502524227,0.032999809831380844,0.032999809831380844,1.0,-3.0,timeout
4766,0.15911448001861572,0.6841945648193359,-0.0002510585472919047,0.0006736100767739117,0.0006531838444061577,0.0,3.0,timeout
4767,0.15911436080932617,0.6841948628425598,-0.00025069707771763206,1.5106681530596688e-05,1.0030650628323201e-05,0.0,-3.0,timeout
4768,0.15817514061927795,0.6837601065635681,-0.00024524476611986756,0.032343026250600815,0.032342579215765,1.0,3.0,timeout
4769,0.15817496180534363,0.6837597489356995,-0.00025040307082235813,0.00016168055299203843,1.2495002920331899e-05,0.0,0.0,timeout
4770,0.15817521512508392,0.6837592720985413,-0.00025008281227201223,1.9618182705016807e-05,1.687339499767404e-05,0.0,3.0,timeout
4771,0.15723758935928345,0.683320939540863,-0.00024472741642966866,0.03234497457742691,0.03234453871846199,1.0,-3.0,timeout
4772,0.15627972781658173,0.6828764081001282,-0.0002450154279358685,0.032999567687511444,0.032999567687511444,1.0,-3.0,timeout
4773,0.15626026690006256,0.6828683614730835,-0.00025042748893611133,0.0006794743821956217,0.0006580892368219793,0.0,-3.0,timeout
4774,0.15626032650470734,0.6828683018684387,-0.0002502136048860848,7.1842255238152575e-06,2.6341779175709235e-06,0.0,3.0,timeout
4775,0.1562601774930954,0.682868480682373,-0.0002497282694093883,1.6820786186144687e-05,7.27386168364319e-06,0.0,0.0,timeout
4776,0.15626028180122375,0.6828683018684387,-0.00024933560052886605,1.3871742339688353e-05,6.469173058576416e-06,0.0,3.0,timeout
4777,0.15532182157039642,0.6824319958686829,-0.00024413022038061172,0.03234182670712471,0.03234141692519188,1.0,3.0,timeout
4778,0.15530289709568024,0.6824228763580322,-0.00024942049640230834,0.0006769706378690898,0.0006564740324392915,0.0,3.0,timeout
4779,0.15530307590961456,0.6824224591255188,-0.00024938237038441,1.4235428352549206e-05,1.4185482541506644e-05,0.0,3.0,timeout
4780,0.15436714887619019,0.6819802522659302,-0.00024417031090706587,0.032348405569791794,0.03234799578785896,1.0,-3.0,timeout
4781,0.15341147780418396,0.6815309524536133,-0.0002445809368509799,0.03300061821937561,0.03300061449408531,1.0,3.0,timeout
4782,0.1524568349123001,0.6810794472694397,-0.0002451980544719845,0.03300095349550247,0.033000946044921875,1.0,3.0,timeout
4783,0.15150325000286102,0.6806257367134094,-0.0002457059163134545,0.03300061821937561,0.03300061076879501,1.0,3.0,timeout
4784,0.15150314569473267,0.6806252002716064,-0.00025108628324232996,0.00016900154878385365,1.7077773009077646e-05,0.0,0.0,timeout
4785,0.15150320529937744,0.6806252002716064,-0.00025063398061320186,1.4256658687372692e-05,1.8626450355441193e-06,0.0,-3.0,timeout
4786,0.15056848526000977,0.6801809072494507,-0.0002451787586323917,0.032342277467250824,0.03234182670712471,1.0,-3.0,timeout
4787,0.15054923295974731,0.6801725029945374,-0.00025025889044627547,0.0006753834313713014,0.0006564601790159941,0.0,-3.0,timeout
4788,0.15054939687252045,0.6801722049713135,-0.0002500642731320113,1.2245898687979206e-05,1.0628916243149433e-05,0.0,3.0,timeout
4789,0.15054954588413239,0.6801719069480896,-0.0002496131637599319,1.7525704606669024e-05,1.0412501978862565e-05,0.0,3.0,timeout
4790,0.1496141105890274,0.6797283887863159,-0.00024434071383439004,0.032352056354284286,0.03235163539648056,1.0,-3.0,timeout
4791,0.14865905046463013,0.6792778372764587,-0.0002447168226353824,0.03300001099705696,0.03300000727176666,1.0,3.0,timeout
4792,0.1477048248052597,0.678825318813324,-0.0002453015767969191,0.03300271928310394,0.033002711832523346,1.0,0.0,timeout
4793,0.14770454168319702,0.6788251399993896,-0.00025076777092181146,0.0001711387885734439,1.0464435035828501e-05,0.0,0.0,timeout
4794,0.1467505842447281,0.6783727407455444,-0.00024540352751500905,0.032993972301483154,0.03299354389309883,1.0,0.0,timeout
4795,0.14579631388187408,0.6779205799102783,-0.00024565422791056335,0.0329991914331913,0.0329991914331913,1.0,-3.0,timeout
4796,0.1448412984609604,0.6774699687957764,-0.0002460704417899251,0.032999541610479355,0.032999537885189056,1.0,3.0,timeout
4797,0.14388732612133026,0.6770171523094177,-0.0002464039425831288,0.03299955651164055,0.03299955651164055,1.0,3.0,timeout
4798,0.1429344117641449,0.6765620708465576,-0.00024667097022756934,0.03300013020634651,0.03300013020634651,1.0,3.0,timeout
4799,0.14293432235717773,0.6765615940093994,-0.0002518576802685857,0.0001627921883482486,1.5160831935645547e-05,0.0,0.0,timeout
4800,0.14198246598243713,0.6761047840118408,-0.00024627530365251005,0.032994095236063004,0.03299363702535629,1.0,0.0,timeout
4801,0.1419823318719864,0.6761044263839722,-0.00025133512099273503,0.0001585691497894004,1.1935834663745482e-05,0.0,0.0,timeout
4802,0.14198262989521027,0.676103949546814,-0.00025083310902118683,2.3556105588795617e-05,1.7572157958056778e-05,0.0,3.0,timeout
4803,0.14105075597763062,0.6756536960601807,-0.0002453392662573606,0.0323425754904747,0.03234212100505829,1.0,3.0,timeout
4804,0.1401006430387497,0.6751928329467773,-0.00024549372028559446,0.03299960494041443,0.03299960494041443,1.0,-3.0,timeout
4805,0.1401004195213318,0.6751925945281982,-0.00025091078714467585,0.0001695911050774157,1.0212749657512177e-05,0.0,0.0,timeout
4806,0.13916859030723572,0.6747422814369202,-0.00024561918689869344,0.0323420949280262,0.03234167397022247,1.0,3.0,timeout
4807,0.13916881382465363,0.6747419834136963,-0.0002469033352099359,4.1784122004173696e-05,1.164153127319878e-05,0.0,3.0,timeout
4808,0.13823850452899933,0.674288272857666,-0.00024217426835093647,0.03234564885497093,0.03234530985355377,1.0,-3.0,timeout
4809,0.1372881382703781,0.6738279461860657,-0.00024297335767187178,0.0329994261264801,0.03299941495060921,1.0,-3.0,timeout
4810,0.1363367885351181,0.6733694672584534,-0.00024391703482251614,0.033001985400915146,0.03300197049975395,1.0,0.0,timeout
4811,0.13538537919521332,0.6729112863540649,-0.0002446774742566049,0.032999616116285324,0.03299960494041443,1.0,-3.0,timeout
4812,0.13443294167518616,0.6724552512168884,-0.00024529031361453235,0.03299954906105995,0.03299954533576965,1.0,-3.0,timeout
4813,0.13441401720046997,0.672446608543396,-0.00025067455135285854,0.0006715634954161942,0.0006501438328996301,0.0,3.0,timeout
4814,0.13346320390701294,0.6719909310340881,-0.0002454158675391227,0.03294934704899788,0.03294894099235535,1.0,-3.0,timeout
4815,0.13251015543937683,0.6715362071990967,-0.0002456758520565927,0.03299909830093384,0.03299909830093384,1.0,3.0,timeout
4816,0.1315578669309616,0.6710797548294067,-0.0002460683463141322,0.03300097957253456,0.03300097584724426,1.0,-3.0,timeout
4817,0.13060487806797028,0.670624852180481,-0.0002464114804752171,0.03299982473254204,0.03299982473254204,1.0,3.0,timeout
4818,0.12965266406536102,0.6701683402061462,-0.0002466673613525927,0.032999683171510696,0.032999683171510696,1.0,-3.0,timeout
4819,0.1286994069814682,0.6697139739990234,-0.00024688124540261924,0.03300017490983009,0.03300017490983009,1.0,-3.0,timeout
4820,0.12867996096611023,0.6697059273719788,-0.000251934485277161,0.0006763520068489015,0.0006576589657925069,0.0,-3.0,timeout
4821,0.12774376571178436,0.6692647337913513,-0.0002465247525833547,0.03234250470995903,0.03234206140041351,1.0,-3.0,timeout
4822,0.12774325907230377,0.66926509141922,-0.00025145168183371425,0.00015518137661274523,1.937956767505966e-05,0.0,0.0,timeout
4823,0.1268063187599182,0.6688254475593567,-0.0002460377581883222,0.03234296664595604,0.03234252333641052,1.0,3.0,timeout
4824,0.12585140764713287,0.6683745980262756,-0.000246072537265718,0.03299976885318756,0.03299976885318756,1.0,3.0,timeout
4825,0.12489726394414902,0.6679221391677856,-0.0002463807468302548,0.03299960121512413,0.03299960121512413,1.0,-3.0,timeout
4826,0.12394236028194427,0.6674712300300598,-0.0002466613077558577,0.03300035372376442,0.03300035372376442,1.0,3.0,timeout
4827,0.12298820912837982,0.6670187711715698,-0.000246866955421865,0.03299981355667114,0.03299981355667114,1.0,-3.0,timeout
4828,0.12203330546617508,0.6665679216384888,-0.000247050920734182,0.03299956023693085,0.03299956023693085,1.0,3.0,timeout
4829,0.122014120221138,0.6665593385696411,-0.0002520603593438864,0.0006752004264853895,0.0006568023236468434,0.0,-3.0,timeout
4830,0.12106089293956757,0.6661089658737183,-0.0002465460856910795,0.032946277409791946,0.03294582664966583,1.0,3.0,timeout
4831,0.1201070174574852,0.6656559109687805,-0.0002465705620124936,0.03300001844763756,0.03300001844763756,1.0,3.0,timeout
4832,0.11915417015552521,0.6652006506919861,-0.0002467935555614531,0.033000651746988297,0.033000648021698,1.0,3.0,timeout
4833,0.11820236593484879,0.6647432446479797,-0.00024698235210962594,0.03300022706389427,0.03300022706389427,1.0,3.0,timeout
4834,0.11725129187107086,0.664284348487854,-0.0002471228362992406,0.03299987316131592,0.03299987316131592,1.0,-3.0,timeout
4835,0.11629939824342728,0.663827121257782,-0.0002472558117005974,0.03300033137202263,0.03300033137202263,1.0,3.0,timeout
4836,0.11534852534532547,0.663367748260498,-0.0002473529311828315,0.03300068899989128,0.03300068899989128,1.0,3.0,timeout
4837,0.11439869552850723,0.662906289100647,-0.0002474302891641855,0.032999780029058456,0.032999780029058456,1.0,3.0,timeout
4838,0.11344961076974869,0.6624432802200317,-0.0002474810753483325,0.03300004452466965,0.03300004452466965,1.0,-3.0,timeout
4839,0.11249939352273941,0.6619825959205627,-0.000247531192144379,0.033000100404024124,0.033000100404024124,1.0,-3.0,timeout
4840,0.11248055845499039,0.6619732975959778,-0.0002524652809370309,0.0006742789992131293,0.0006564125651493669,0.0,3.0,timeout
4841,0.11154966056346893,0.6615210771560669,-0.00024694952298887074,0.03234193101525307,0.03234146907925606,1.0,3.0,timeout
4842,0.11060088872909546,0.6610574126243591,-0.00024680665228515863,0.033000245690345764,0.033000245690345764,1.0,3.0,timeout
4843,0.10965287685394287,0.6605921983718872,-0.000246967829298228,0.033000215888023376,0.033000215888023376,1.0,-3.0,timeout
4844,0.10870406031608582,0.6601285934448242,-0.0002471309853717685,0.03300068527460098,0.03300068527460098,1.0,3.0,timeout
4845,0.10868538916110992,0.6601189374923706,-0.00025213570916093886,0.0006752434419468045,0.0006568817188963294,0.0,3.0,timeout
4846,0.10775770246982574,0.6596601009368896,-0.00024668549303896725,0.0323428176343441,0.03234236687421799,1.0,3.0,timeout
4847,0.10681222379207611,0.659189760684967,-0.0002465957368258387,0.03300020098686218,0.03300020098686218,1.0,3.0,timeout
4848,0.10586781054735184,0.6587172150611877,-0.0002468099701218307,0.03300118073821068,0.03300118073821068,1.0,3.0,timeout
4849,0.10492444783449173,0.6582426428794861,-0.00024699539062567055,0.03300023451447487,0.03300023451447487,1.0,3.0,timeout
4850,0.1039818599820137,0.657766580581665,-0.0002471331972628832,0.032999567687511444,0.032999567687511444,1.0,-3.0,timeout
4851,0.10303809493780136,0.6572927832603455,-0.00024725295952521265,0.03300059586763382,0.03300059586763382,1.0,-3.0,timeout
4852,0.1030191108584404,0.6572838425636292,-0.00025223116972483695,0.0006739530363120139,0.0006557522574439645,0.0,-3.0,timeout
4853,0.10207435488700867,0.6568141579627991,-0.0002466794685460627,0.03297131508588791,0.0329708568751812,1.0,3.0,timeout
4854,0.10205572843551636,0.6568044424057007,-0.00025156381889246404,0.0006740108365193009,0.0006565004587173462,0.0,3.0,timeout
4855,0.1011124849319458,0.6563310027122498,-0.00024611203116364777,0.03298145532608032,0.032981015741825104,1.0,-3.0,timeout
4856,0.10016758739948273,0.6558592915534973,-0.0002462316188029945,0.0330030582845211,0.0330030582845211,1.0,0.0,timeout
4857,0.10014884918928146,0.655849814414978,-0.00025141146034002304,0.0006758728413842618,0.0006562028429470956,0.0,3.0,timeout
4858,0.1001489982008934,0.6558495759963989,-0.00025098968762904406,1.5840392734389752e-05,8.786078979028389e-06,0.0,3.0,timeout
4859,0.09922538697719574,0.6553826332092285,-0.00024546889471821487,0.03234221786260605,0.03234175965189934,1.0,3.0,timeout
4860,0.09828410297632217,0.6549039483070374,-0.0002456078364048153,0.03300027921795845,0.03300027921795845,1.0,3.0,timeout
4861,0.09734390676021576,0.6544231176376343,-0.00024601901532150805,0.033000461757183075,0.033000458031892776,1.0,3.0,timeout
4862,0.09640450775623322,0.653940737247467,-0.0002463518176227808,0.03300037607550621,0.03300037235021591,1.0,-3.0,timeout
4863,0.09640432894229889,0.6539403796195984,-0.00025161210214719176,0.00016485808009747416,1.2495002920331899e-05,0.0,0.0,timeout
4864,0.09548253566026688,0.6534698009490967,-0.00024616968585178256,0.03234301880002022,0.0323425717651844,1.0,-3.0,timeout
4865,0.09454070031642914,0.6529922485351562,-0.00024617978488095105,0.032999616116285324,0.032999616116285324,1.0,-3.0,timeout
4866,0.09359806030988693,0.65251624584198,-0.0002464867720846087,0.03300018608570099,0.03300018608570099,1.0,3.0,timeout
4867,0.09265655279159546,0.652038037776947,-0.00024673662846907973,0.03299975022673607,0.03299975022673607,1.0,3.0,timeout
4868,0.09263770282268524,0.6520288586616516,-0.000251808698521927,0.0006740903481841087,0.0006551906699314713,0.0,-3.0,timeout
4869,0.09169717133045197,0.6515507698059082,-0.0002463409909978509,0.03297131508588791,0.03297087177634239,1.0,3.0,timeout
4870,0.09075674414634705,0.6510704159736633,-0.0002464100543875247,0.03300010412931442,0.03300010412931442,1.0,3.0,timeout
4871,0.09073833376169205,0.6510602831840515,-0.00025154853938147426,0.0006760550895705819,0.0006567079108208418,0.0,3.0,timeout
4872,0.08980033546686172,0.6505764126777649,-0.0002461093827150762,0.0329832024872303,0.03298276290297508,1.0,-3.0,timeout
4873,0.08980009704828262,0.6505761742591858,-0.00025120913051068783,0.00015971505490597337,1.0536711670283694e-05,0.0,0.0,timeout
4874,0.0888795554637909,0.6501030921936035,-0.0002458480594214052,0.03234385699033737,0.03234342485666275,1.0,3.0,timeout
4875,0.08886110037565231,0.6500930786132812,-0.0002508051402401179,0.0006741854595020413,0.0006561473710462451,0.0,3.0,timeout
4876,0.0888613685965538,0.650092601776123,-0.00025049044052138925,1.9723478544619866e-05,1.7096808733185753e-05,0.0,3.0,timeout
4877,0.0879441499710083,0.6496131420135498,-0.00024506886256858706,0.032343387603759766,0.03234294429421425,1.0,3.0,timeout
4878,0.08700907230377197,0.6491224765777588,-0.0002452775661367923,0.03299980238080025,0.03299980238080025,1.0,-3.0,timeout
4879,0.08607281744480133,0.6486340165138245,-0.0002457538794260472,0.03300045058131218,0.03300044685602188,1.0,-3.0,timeout
4880,0.08605429530143738,0.6486243009567261,-0.0002510441408958286,0.0006741955876350403,0.0006536120781674981,0.0,3.0,timeout
4881,0.08605439215898514,0.6486241221427917,-0.00025069614639505744,1.2595571206475142e-05,6.355039204208879e-06,0.0,3.0,timeout
4882,0.0851377472281456,0.6481432914733887,-0.0002452225307933986,0.032347388565540314,0.0323469340801239,1.0,-3.0,timeout
4883,0.08420129120349884,0.647655189037323,-0.00024541220045648515,0.03300085663795471,0.03300085291266441,1.0,-3.0,timeout
4884,0.0832638144493103,0.6471688747406006,-0.000245867355260998,0.03300337865948677,0.03300337493419647,1.0,0.0,timeout
4885,0.08232639729976654,0.6466825008392334,-0.0002462417760398239,0.0330025814473629,0.0330025814473629,1.0,0.0,timeout
4886,0.0823073610663414,0.6466736793518066,-0.0002514190273359418,0.0006753187044523656,0.0006556520820595324,0.0,-3.0,timeout
4887,0.08230745047330856,0.6466735601425171,-0.0002510070917196572,1.3689333172806073e-05,4.656612873077393e-06,0.0,3.0,timeout
4888,0.08138903230428696,0.6461964845657349,-0.0002454831264913082,0.03234221413731575,0.03234175592660904,1.0,3.0,timeout
4889,0.08045309782028198,0.6457074284553528,-0.00024561909958720207,0.033000193536281586,0.033000193536281586,1.0,3.0,timeout
4890,0.07951797544956207,0.6452168822288513,-0.0002460175019223243,0.03299931064248085,0.03299930691719055,1.0,-3.0,timeout
4891,0.07858201861381531,0.6447278261184692,-0.0002463708515278995,0.03300081193447113,0.03300081193447113,1.0,3.0,timeout
4892,0.07764719426631927,0.64423668384552,-0.00024664492229931056,0.03299972042441368,0.03299972042441368,1.0,3.0,timeout
4893,0.07671327888965607,0.6437435746192932,-0.00024685842799954116,0.03300323337316513,0.03300323337316513,1.0,0.0,timeout
4894,0.07577957212924957,0.6432503461837769,-0.000247040152316913,0.03299921005964279,0.03299921005964279,1.0,3.0,timeout
4895,0.07576107978820801,0.6432406306266785,-0.0002520515990909189,0.0006713102920912206,0.0006527875084429979,0.0,-3.0,timeout
4896,0.07482729852199554,0.6427478790283203,-0.00024652646970935166,0.03299475833773613,0.032994307577610016,1.0,0.0,timeout
4897,0.0738934800028801,0.6422548294067383,-0.00024656698224134743,0.032999686896800995,0.032999686896800995,1.0,3.0,timeout
4898,0.07296054810285568,0.6417599320411682,-0.0002467857557348907,0.033002205193042755,0.033002205193042755,1.0,0.0,timeout
4899,0.07202781736850739,0.6412648558616638,-0.0002469815080985427,0.032999273389577866,0.032999273389577866,1.0,3.0,timeout
4900,0.07109620422124863,0.6407676339149475,-0.00024713334278203547,0.032999951392412186,0.032999951392412186,1.0,3.0,timeout
4901,0.07107806950807571,0.640757143497467,-0.00025213760090991855,0.0006731160101480782,0.0006546980002894998,0.0,3.0,timeout
4902,0.07014869898557663,0.6402561068534851,-0.00024658493930473924,0.03299500048160553,0.03299454227089882,1.0,0.0,timeout
4903,0.07013020664453506,0.6402463316917419,-0.0002514846855774522,0.0006713500479236245,0.000653655908536166,0.0,-3.0,timeout
4904,0.06921789050102234,0.6397576928138733,-0.00024615295114926994,0.03234212100505829,0.032341692596673965,1.0,-3.0,timeout
4905,0.06828594952821732,0.6392610669136047,-0.0002461803378537297,0.03300022333860397,0.03300022333860397,1.0,3.0,timeout
4906,0.06826761364936829,0.6392508745193481,-0.0002513611689209938,0.0006752678309567273,0.0006555720465257764,0.0,3.0,timeout
4907,0.06733809411525726,0.6387507915496826,-0.00024595909053459764,0.03298494592308998,0.03298451006412506,1.0,-3.0,timeout
4908,0.06640727818012238,0.6382520794868469,-0.0002461156982462853,0.03299994021654129,0.03299994021654129,1.0,3.0,timeout
4909,0.06547760963439941,0.6377511620521545,-0.0002464301942382008,0.033000972121953964,0.033000972121953964,1.0,3.0,timeout
4910,0.06454910337924957,0.637248158454895,-0.00024669154663570225,0.03300000727176666,0.03300000727176666,1.0,3.0,timeout
4911,0.06362143158912659,0.6367436051368713,-0.00024689044221304357,0.03300018981099129,0.03300018981099129,1.0,-3.0,timeout
4912,0.0626925453543663,0.6362413167953491,-0.0002470590698067099,0.032999809831380844,0.032999809831380844,1.0,-3.0,timeout
4913,0.061762455850839615,0.6357412338256836,-0.00024719463544897735,0.033000197261571884,0.033000193536281586,1.0,-3.0,timeout
4914,0.061762046068906784,0.6357412934303284,-0.0002522864087950438,0.00015964324120432138,1.2940440683451016e-05,0.0,0.0,timeout
4915,0.06084944307804108,0.6352531313896179,-0.00024670970742590725,0.03234302997589111,0.03234256058931351,1.0,-3.0,timeout
4916,0.06084878370165825,0.6352530717849731,-0.0002515985397621989,0.0001541705714771524,2.0689527445938438e-05,0.0,3.0,timeout
4917,0.059936393052339554,0.6347646117210388,-0.0002461511758156121,0.03234155476093292,0.03234110772609711,1.0,3.0,timeout
4918,0.05993609130382538,0.6347644925117493,-0.0002511369821149856,0.00015613596769981086,1.0138831385120284e-05,0.0,0.0,timeout
4919,0.059024643152952194,0.6342742443084717,-0.0002457744849380106,0.032342009246349335,0.03234157711267471,1.0,-3.0,timeout
4920,0.059005748480558395,0.6342650651931763,-0.0002507453609723598,0.0006745762075297534,0.0006564469658769667,0.0,-3.0,timeout
4921,0.058091890066862106,0.6337792277336121,-0.0002455580688547343,0.03234340623021126,0.03234299644827843,1.0,-3.0,timeout
4922,0.0580914169549942,0.6337794065475464,-0.0002506782184354961,0.0001607834274182096,1.580549724167213e-05,0.0,0.0,timeout
4923,0.057176727801561356,0.6332952380180359,-0.0002454188943374902,0.03234190493822098,0.03234149143099785,1.0,3.0,timeout
4924,0.0562446229159832,0.6327989101409912,-0.0002455777721479535,0.033000364899635315,0.033000364899635315,1.0,3.0,timeout
4925,0.056226279586553574,0.6327887177467346,-0.0002508786856196821,0.0006763747078366578,0.0006557755405083299,0.0,3.0,timeout
4926,0.05531514063477516,0.6322978138923645,-0.0002456787624396384,0.03234318643808365,0.032342780381441116,1.0,3.0,timeout
4927,0.05438632145524025,0.631795346736908,-0.00024578001466579735,0.03300062566995621,0.03300062566995621,1.0,-3.0,timeout
4928,0.053456638008356094,0.6312944889068604,-0.00024616706650704145,0.03300049901008606,0.03300049901008606,1.0,3.0,timeout
4929,0.05345648154616356,0.6312940716743469,-0.0002514545922167599,0.00016582089301664382,1.3925140592618845e-05,0.0,0.0,timeout
4930,0.053456470370292664,0.6312941908836365,-0.0002509286568965763,1.6855998183018528e-05,3.7416250506794313e-06,0.0,-3.0,timeout
4931,0.05254548788070679,0.6308029890060425,-0.00024542614119127393,0.03234335035085678,0.03234289214015007,1.0,3.0,timeout
4932,0.0525272861123085,0.630792498588562,-0.00025045798975043,0.0006750815082341433,0.0006565127405337989,0.0,3.0,timeout
4933,0.051600340753793716,0.6302878260612488,-0.0002452222688589245,0.032982438802719116,0.032982029020786285,1.0,-3.0,timeout
4934,0.05158882588148117,0.6302813291549683,-0.0002504447184037417,0.0004442295467015356,0.00041316478746011853,0.0,3.0,timeout
4935,0.05068015307188034,0.6297858357429504,-0.0002452879271004349,0.03234377130866051,0.03234337270259857,1.0,3.0,timeout
4936,0.04975385591387749,0.6292787790298462,-0.00024546548957005143,0.032999951392412186,0.032999951392412186,1.0,-3.0,timeout
4937,0.048826705664396286,0.6287732720375061,-0.0002459154056850821,0.03300013393163681,0.03300013020634651,1.0,3.0,timeout
4938,0.0479007214307785,0.6282655596733093,-0.00024627993116155267,0.03300122544169426,0.03300122171640396,1.0,3.0,timeout
4939,0.046975914388895035,0.6277557611465454,-0.0002465719298925251,0.0330003947019577,0.033000390976667404,1.0,3.0,timeout
4940,0.046975888311862946,0.6277551651000977,-0.0002517785760574043,0.0001637724053580314,1.86442666745279e-05,0.0,0.0,timeout
4941,0.04607074335217476,0.6272532343864441,-0.0002463140699546784,0.03234415128827095,0.032343700528144836,1.0,3.0,timeout
4942,0.04514835774898529,0.6267390847206116,-0.00024629521067254245,0.03300013393163681,0.03300013393163681,1.0,3.0,timeout
4943,0.04422711580991745,0.6262228488922119,-0.0002465695433784276,0.03300074115395546,0.03300074115395546,1.0,3.0,timeout
4944,0.04330670088529587,0.6257052421569824,-0.00024679189664311707,0.032999176532030106,0.03299917280673981,1.0,-3.0,timeout
4945,0.04238500818610191,0.6251898407936096,-0.00024697999469935894,0.033000294119119644,0.033000294119119644,1.0,-3.0,timeout
4946,0.04236647114157677,0.6251800656318665,-0.0002520130365155637,0.0006735134520567954,0.0006548913079313934,0.0,-3.0,timeout
4947,0.041460782289505005,0.6246791481971741,-0.00024658680194988847,0.03234367445111275,0.03234322741627693,1.0,-3.0,timeout
4948,0.040535371750593185,0.6241703033447266,-0.00024652256979607046,0.03300254046916962,0.03300253674387932,1.0,0.0,timeout
4949,0.03961021453142166,0.6236611604690552,-0.0002467569138389081,0.03300009295344353,0.03300009295344353,1.0,3.0,timeout
4950,0.03868591785430908,0.6231505274772644,-0.0002469425671733916,0.03299902752041817,0.03299902752041817,1.0,-3.0,timeout
4951,0.03776053339242935,0.6226416230201721,-0.0002471060724928975,0.03300272300839424,0.03300272300839424,1.0,0.0,timeout
4952,0.036835409700870514,0.6221324801445007,-0.0002472382038831711,0.03299917280673981,0.03299917280673981,1.0,3.0,timeout
4953,0.03681718930602074,0.622122049331665,-0.0002522210997994989,0.0006743152043782175,0.0006560897454619408,0.0,3.0,timeout
4954,0.03591295704245567,0.6216185688972473,-0.0002467534795869142,0.03234274312853813,0.03234229236841202,1.0,3.0,timeout
4955,0.03589487448334694,0.6216078996658325,-0.000251533230766654,0.0006728970911353827,0.0006561096524819732,0.0,3.0,timeout
4956,0.03499310463666916,0.6211000084877014,-0.00024618860334157944,0.03234293311834335,0.03234250098466873,1.0,3.0,timeout
4957,0.03407387062907219,0.62058025598526,-0.00024618697352707386,0.03299996629357338,0.03299996629357338,1.0,-3.0,timeout
4958,0.03405538946390152,0.6205703020095825,-0.0002513638755772263,0.0006756329676136374,0.0006559783942066133,0.0,-3.0,timeout
4959,0.033134765923023224,0.6200545430183411,-0.00024598382879048586,0.03297702595591545,0.03297659754753113,1.0,3.0,timeout
4960,0.032214224338531494,0.6195370554924011,-0.00024611488333903253,0.033000800758600235,0.033000800758600235,1.0,-3.0,timeout
4961,0.03129245340824127,0.6190217733383179,-0.00024642838980071247,0.03300061449408531,0.03300061076879501,1.0,-3.0,timeout
4962,0.030369820073246956,0.6185080409049988,-0.00024669995764270425,0.03300055116415024,0.03300055116415024,1.0,3.0,timeout
4963,0.02944839373230934,0.6179921627044678,-0.00024690793361514807,0.03300030902028084,0.03300030902028084,1.0,3.0,timeout
4964,0.028527837246656418,0.6174747943878174,-0.00024706372641958296,0.03299938142299652,0.03299938142299652,1.0,-3.0,timeout
4965,0.027606405317783356,0.6169589161872864,-0.000247208314249292,0.033000461757183075,0.033000461757183075,1.0,3.0,timeout
4966,0.0266861654818058,0.6164408922195435,-0.00024731463054195046,0.033000800758600235,0.033000800758600235,1.0,3.0,timeout
4967,0.025767123326659203,0.6159207820892334,-0.00024739941000007093,0.03300024941563606,0.03300024941563606,1.0,3.0,timeout
4968,0.0248489361256361,0.6153992414474487,-0.00024745651171542704,0.032999057322740555,0.032999057322740555,1.0,-3.0,timeout
4969,0.024831606075167656,0.6153889298439026,-0.00025240928516723216,0.0006489096558652818,0.0006301814573816955,0.0,3.0,timeout
4970,0.023932091891765594,0.6148770451545715,-0.00024690089048817754,0.032343100756406784,0.03234264254570007,1.0,3.0,timeout
4971,0.023015175014734268,0.6143532395362854,-0.00024675726308487356,0.03299959748983383,0.03299959748983383,1.0,-3.0,timeout
4972,0.02209700271487236,0.6138315796852112,-0.0002469379687681794,0.03300049528479576,0.03300049528479576,1.0,-3.0,timeout
4973,0.021177595481276512,0.6133120656013489,-0.00024709716672077775,0.03300101310014725,0.03300101310014725,1.0,-3.0,timeout
4974,0.020257340744137764,0.6127941608428955,-0.00024723520618863404,0.03299938142299652,0.03299938142299652,1.0,3.0,timeout
4975,0.020239120349287987,0.6127837300300598,-0.00025221871328540146,0.0006743196281604469,0.0006560897454619408,0.0,3.0,timeout
4976,0.019321531057357788,0.6122621893882751,-0.0002466465230099857,0.03298326954245567,0.03298281133174896,1.0,-3.0,timeout
4977,0.018402550369501114,0.6117419600486755,-0.00024666503304615617,0.033000413328409195,0.033000413328409195,1.0,3.0,timeout
4978,0.01838867738842964,0.6117347478866577,-0.000251766323344782,0.0005139632266946137,0.0004886153619736433,0.0,-3.0,timeout
4979,0.01748778112232685,0.6112253069877625,-0.00024636482703499496,0.03234297037124634,0.03234252706170082,1.0,-3.0,timeout
4980,0.016567492857575417,0.6107074022293091,-0.0002463490527588874,0.033000294119119644,0.033000290393829346,1.0,3.0,timeout
4981,0.015648413449525833,0.6101873517036438,-0.00024661258794367313,0.03300034627318382,0.03300034627318382,1.0,3.0,timeout
4982,0.014730212278664112,0.6096657514572144,-0.0002468267921358347,0.03300035372376442,0.03300035372376442,1.0,-3.0,timeout
4983,0.013811132870614529,0.6091457009315491,-0.0002470187610015273,0.03300034627318382,0.03300034627318382,1.0,3.0,timeout
4984,0.012892913073301315,0.6086241006851196,-0.0002471528423484415,0.03300086408853531,0.03300086408853531,1.0,-3.0,timeout
4985,0.012875461019575596,0.6086140871047974,-0.00025216638459824026,0.0006479998701252043,0.0006287744618020952,0.0,3.0,timeout
4986,0.012875273823738098,0.608614444732666,-0.0002515806700102985,2.2229307433008216e-05,1.261431953025749e-05,0.0,-3.0,timeout
4987,0.011974352411925793,0.6081050634384155,-0.00024594017304480076,0.03234277293086052,0.032342296093702316,1.0,-3.0,timeout
4988,0.011053678579628468,0.6075878143310547,-0.0002459858369547874,0.033000752329826355,0.033000752329826355,1.0,-3.0,timeout
4989,0.011053181253373623,0.607587993144989,-0.00025130476569756866,0.00016703500295989215,1.6515494280611165e-05,0.0,0.0,timeout
4990,0.01014979649335146,0.6070830225944519,-0.00024592364206910133,0.03234228864312172,0.0323418527841568,1.0,-3.0,timeout
4991,0.009226679801940918,0.6065701246261597,-0.0002459833340253681,0.03300107643008232,0.03300107643008232,1.0,-3.0,timeout
4992,0.00830276682972908,0.6060587763786316,-0.0002463294076733291,0.03299935162067413,0.03299935162067413,1.0,3.0,timeout
4993,0.007379737216979265,0.6055457592010498,-0.00024660115013830364,0.033000506460666656,0.033000506460666656,1.0,-3.0,timeout
4994,0.007379244547337294,0.6055459976196289,-0.0002518115798011422,0.00016372179379686713,1.7103966456488706e-05,0.0,0.0,timeout
4995,0.006473602261394262,0.6050450801849365,-0.0002463299606461078,0.03234240785241127,0.03234195336699486,1.0,-3.0,timeout
4996,0.005548183340579271,0.6045364141464233,-0.0002463082782924175,0.03300007805228233,0.033000074326992035,1.0,-3.0,timeout
4997,0.0046219732612371445,0.6040292382240295,-0.00024658924667164683,0.03299935534596443,0.03299935534596443,1.0,3.0,timeout
4998,0.0036969936918467283,0.6035197377204895,-0.00024681820650584996,0.03300062194466591,0.03300062194466591,1.0,3.0,timeout
4999,0.0027732406742870808,0.6030080914497375,-0.00024700190988369286,0.032999489456415176,0.032999489456415176,1.0,3.0,timeout
