step,x,y,z,speed_3d,speed_xy,command_v,command_w,outcome
0,1.8074945211410522,-1.5263608694076538,-0.00981962215155363,0.0,0.0,0.0,0.0,success
1,1.8075040578842163,-1.5263646841049194,-0.005051283165812492,0.14901094138622284,0.00032098082010634243,1.0,-3.0,success
2,1.8073699474334717,-1.52534019947052,-0.004053393844515085,0.04488850384950638,0.032288286834955215,1.0,-3.0,success
3,1.807234764099121,-1.524314045906067,-0.003277021227404475,0.04043247550725937,0.03234436362981796,1.0,-3.0,success
4,1.8071014881134033,-1.5232875347137451,-0.0026562113780528307,0.03771931305527687,0.03234771639108658,1.0,-3.0,success
5,1.8069709539413452,-1.5222606658935547,-0.002159710740670562,0.03587646037340164,0.03234788030385971,1.0,-3.0,success
6,1.8068430423736572,-1.5212334394454956,-0.0017626292537897825,0.03464706614613533,0.03234873712062836,1.0,-3.0,success
7,1.806717872619629,-1.5202058553695679,-0.0014450588496401906,0.03383737802505493,0.0323493555188179,1.0,-3.0,success
8,1.8065952062606812,-1.519178032875061,-0.0011910776374861598,0.03330687806010246,0.032347388565540314,1.0,-3.0,success
9,1.806475281715393,-1.5181498527526855,-0.0009879522258415818,0.03296536207199097,0.03234844654798508,1.0,-3.0,success
10,1.806357979774475,-1.5171213150024414,-0.000825498893391341,0.032746072858572006,0.03235015645623207,1.0,-3.0,success
11,1.8062433004379272,-1.5160926580429077,-0.0006955732824280858,0.03259851410984993,0.03234468027949333,1.0,-3.0,success
12,1.80613112449646,-1.5150636434555054,-0.0005916617810726166,0.03250979632139206,0.03234720975160599,1.0,-3.0,success
13,1.8060215711593628,-1.514034390449524,-0.0005085552111268044,0.032449934631586075,0.032345838844776154,1.0,-3.0,success
14,1.8059145212173462,-1.5130047798156738,-0.00044208750477992,0.03241538628935814,0.03234877064824104,1.0,-3.0,success
15,1.8058100938796997,-1.5119750499725342,-0.00038892682641744614,0.03238673880696297,0.03234410285949707,1.0,-3.0,success
16,1.8057082891464233,-1.5109450817108154,-0.0003464085457380861,0.03237063065171242,0.03234335035085678,1.0,-3.0,success
17,1.8056089878082275,-1.509914755821228,-0.00031240162206813693,0.03236432746052742,0.032346874475479126,1.0,-3.0,success
18,1.8055121898651123,-1.508884310722351,-0.0002852017350960523,0.032354339957237244,0.032343171536922455,1.0,-3.0,success
19,1.8054180145263672,-1.507853627204895,-0.0002634458360262215,0.03235017508268356,0.03234302997589111,1.0,-3.0,success
20,1.8053264617919922,-1.5068227052688599,-0.0002460438699927181,0.0323476679623127,0.032343100756406784,1.0,-3.0,success
21,1.8052372932434082,-1.5057916641235352,-0.00023212401720229536,0.03234322741627693,0.03234030678868294,1.0,-3.0,success
22,1.8051508665084839,-1.5047602653503418,-0.00022098908084444702,0.03234604373574257,0.03234416991472244,1.0,-3.0,success
23,1.8050668239593506,-1.5037287473678589,-0.0002120814606314525,0.03234294801950455,0.032341744750738144,1.0,-3.0,success
24,1.804985523223877,-1.5026971101760864,-0.00020495518401730806,0.03233938291668892,0.032338615506887436,1.0,-3.0,success
25,1.8049066066741943,-1.5016652345657349,-0.00019925364176742733,0.03234076872467995,0.03234027698636055,1.0,-3.0,success
26,1.8048303127288818,-1.5006331205368042,-0.00019469158723950386,0.03234187513589859,0.03234156221151352,1.0,-3.0,success
27,1.80475652217865,-1.499600887298584,-0.00019104090461041778,0.032339803874492645,0.03233960270881653,1.0,-3.0,success
28,1.804685354232788,-1.4985685348510742,-0.0001881191710708663,0.03233770653605461,0.032337579876184464,1.0,-3.0,success
29,1.8046168088912964,-1.4975359439849854,-0.00018578048911876976,0.032339565455913544,0.03233947977423668,1.0,-3.0,success
30,1.8045506477355957,-1.496503233909607,-0.00018390816694591194,0.032338403165340424,0.03233834728598595,1.0,-3.0,success
31,1.8044871091842651,-1.4954702854156494,-0.00018240889767184854,0.03234068304300308,0.032340649515390396,1.0,-3.0,success
32,1.8044261932373047,-1.494437336921692,-0.00018120804452337325,0.03233574330806732,0.03233572095632553,1.0,-3.0,success
33,1.8043677806854248,-1.4934041500091553,-0.00018024593009613454,0.03233866021037102,0.03233864903450012,1.0,-3.0,success
34,1.8043118715286255,-1.492370843887329,-0.00017947479500435293,0.03233805298805237,0.03233804553747177,1.0,-3.0,success
35,1.8042585849761963,-1.491337537765503,-0.00017885649867821485,0.032333727926015854,0.03233372047543526,1.0,-3.0,success
36,1.8042078018188477,-1.4903039932250977,-0.00017836048209574074,0.03233723342418671,0.03233722969889641,1.0,-3.0,success
37,1.8041596412658691,-1.4892703294754028,-0.00017796234169509262,0.03233703598380089,0.03233703225851059,1.0,-3.0,success
38,1.8041139841079712,-1.4882365465164185,-0.0001776425342541188,0.032337211072444916,0.03233720734715462,1.0,-3.0,success
39,1.8040709495544434,-1.487202763557434,-0.0001773854746716097,0.03233369439840317,0.03233369439840317,1.0,-3.0,success
40,1.804030418395996,-1.4861687421798706,-0.0001771786337485537,0.0323379822075367,0.0323379822075367,1.0,-3.0,success
41,1.803992509841919,-1.4851347208023071,-0.00017701205797493458,0.03233487531542778,0.03233487531542778,1.0,-3.0,success
42,1.8039571046829224,-1.484100580215454,-0.00017687774379737675,0.03233582526445389,0.03233582526445389,1.0,-3.0,success
43,1.8039242029190063,-1.483066439628601,-0.00017676928837317973,0.032333243638277054,0.032333243638277054,1.0,-3.0,success
44,1.8038939237594604,-1.4820321798324585,-0.00017668161308392882,0.03233446553349495,0.03233446180820465,1.0,-3.0,success
45,1.8038662672042847,-1.4809978008270264,-0.0001766105997376144,0.03233589231967926,0.03233589231967926,1.0,-3.0,success
46,1.8038409948349,-1.4799634218215942,-0.00017655300325714052,0.032333988696336746,0.032333988696336746,1.0,-3.0,success
47,1.8038184642791748,-1.4789289236068726,-0.00017650618974585086,0.032335732132196426,0.032335732132196426,1.0,-3.0,success
48,1.8037983179092407,-1.4778944253921509,-0.000176468092831783,0.03233419731259346,0.03233419731259346,1.0,-3.0,success
49,1.8037807941436768,-1.4768599271774292,-0.0001764370099408552,0.032332707196474075,0.032332707196474075,1.0,-3.0,success
50,1.8037656545639038,-1.475825309753418,-0.00017641163140069693,0.032335251569747925,0.032335251569747925,1.0,-3.0,success
51,1.803753137588501,-1.4747906923294067,-0.00017639088036958128,0.03233415633440018,0.03233415633440018,1.0,-3.0,success
52,1.8037430047988892,-1.4737560749053955,-0.000176373912836425,0.03233334422111511,0.03233334422111511,1.0,-3.0,success
53,1.8037354946136475,-1.4727213382720947,-0.00017636001575738192,0.03233636915683746,0.03233636915683746,1.0,-3.0,success
54,1.8037304878234863,-1.4716867208480835,-0.00017634867981541902,0.0323321707546711,0.0323321707546711,1.0,-3.0,success
55,1.8037278652191162,-1.4706519842147827,-0.000176339439349249,0.03233562409877777,0.03233562037348747,1.0,-3.0,success
56,1.8037278652191162,-1.4696173667907715,-0.00017633195966482162,0.03233179450035095,0.03233179450035095,1.0,-3.0,success
57,1.8037303686141968,-1.4685826301574707,-0.0001763259497238323,0.032335612922906876,0.032335612922906876,1.0,-3.0,success
58,1.803735375404358,-1.4675480127334595,-0.00017632119124755263,0.0323321707546711,0.0323321707546711,1.0,-3.0,success
59,1.8037428855895996,-1.4665132761001587,-0.00017631750961299986,0.03233636915683746,0.03233636915683746,1.0,-3.0,success
60,1.8037528991699219,-1.4654786586761475,-0.00017631477385293692,0.03233330696821213,0.03233330696821213,1.0,-3.0,success
61,1.8037654161453247,-1.4644440412521362,-0.00017631283844821155,0.03233415633440018,0.03233415633440018,1.0,-3.0,success
62,1.803780436515808,-1.463409423828125,-0.0001763116306392476,0.032335203140974045,0.032335199415683746,1.0,-3.0,success
63,1.803797960281372,-1.4623749256134033,-0.0001763110631145537,0.032332707196474075,0.032332707196474075,1.0,-3.0,success
64,1.8038179874420166,-1.4613404273986816,-0.00017631110677029938,0.03233412653207779,0.03233412653207779,1.0,-3.0,success
65,1.8038405179977417,-1.46030592918396,-0.0001763116888469085,0.032335732132196426,0.032335732132196426,1.0,-3.0,success
66,1.8038655519485474,-1.4592715501785278,-0.00017631278024055064,0.03233380988240242,0.03233380988240242,1.0,-3.0,success
67,1.8038930892944336,-1.4582371711730957,-0.0001763143518473953,0.0323357954621315,0.0323357954621315,1.0,-3.0,success
68,1.8039231300354004,-1.4572029113769531,-0.00017631637456361204,0.03233424946665764,0.03233424946665764,1.0,-3.0,success
69,1.8039555549621582,-1.4561686515808105,-0.00017631883383728564,0.03233649581670761,0.03233649581670761,1.0,-3.0,success
70,1.8039904832839966,-1.455134630203247,-0.00017632171511650085,0.032331597059965134,0.032331597059965134,1.0,-3.0,success
71,1.804027795791626,-1.4541006088256836,-0.00017632500384934247,0.03233419731259346,0.03233419731259346,1.0,-3.0,success
72,1.804067611694336,-1.4530665874481201,-0.00017632867093198001,0.03233711048960686,0.03233711048960686,1.0,-3.0,success
73,1.804109811782837,-1.4520328044891357,-0.00017633274546824396,0.03233262151479721,0.03233261778950691,1.0,-3.0,success
74,1.8041545152664185,-1.4509990215301514,-0.0001763371838023886,0.032335907220840454,0.032335907220840454,1.0,-3.0,success
75,1.8042017221450806,-1.4499653577804565,-0.00017634201503824443,0.032335661351680756,0.032335661351680756,1.0,-3.0,success
76,1.8042513132095337,-1.4489318132400513,-0.00017634721007198095,0.032335422933101654,0.032335422933101654,1.0,-3.0,success
77,1.8043034076690674,-1.4478983879089355,-0.0001763527689035982,0.0323355458676815,0.0323355458676815,1.0,-3.0,success
78,1.8043580055236816,-1.446865200996399,-0.00017635870608501136,0.03233213722705841,0.03233213722705841,1.0,-3.0,success
79,1.804414987564087,-1.4458320140838623,-0.00017636499251239002,0.03233615681529045,0.03233615681529045,1.0,-3.0,success
80,1.8044743537902832,-1.4447989463806152,-0.0001763716572895646,0.03233662247657776,0.03233662247657776,1.0,-3.0,success
81,1.80453622341156,-1.4437661170959473,-0.00017637867131270468,0.032333772629499435,0.032333772629499435,1.0,-3.0,success
82,1.8046005964279175,-1.4427334070205688,-0.0001763860636856407,0.0323348231613636,0.0323348231613636,1.0,-3.0,success
83,1.804667353630066,-1.44170081615448,-0.00017639380530454218,0.032335828989744186,0.032335828989744186,1.0,-3.0,success
84,1.804736614227295,-1.4406684637069702,-0.00017640189616940916,0.032333534210920334,0.032333534210920334,1.0,-3.0,success
85,1.8048083782196045,-1.43963623046875,-0.00017641035083215684,0.032335150986909866,0.032335150986909866,1.0,-3.0,success
86,1.804882526397705,-1.4386041164398193,-0.00017641916929278523,0.03233668580651283,0.03233668580651283,1.0,-3.0,success
87,1.8049590587615967,-1.4375722408294678,-0.00017642835155129433,0.03233468160033226,0.03233468160033226,1.0,-3.0,success
88,1.8050380945205688,-1.4365404844284058,-0.0001764378830557689,0.032336845993995667,0.032336845993995667,1.0,-3.0,success
89,1.8051196336746216,-1.4355089664459229,-0.00017644776380620897,0.032335489988327026,0.032335489988327026,1.0,-3.0,success
90,1.8052035570144653,-1.434477686882019,-0.00017645800835452974,0.032334018498659134,0.032334018498659134,1.0,-3.0,success
91,1.8052886724472046,-1.4334464073181152,-0.00017647877393756062,0.032337065786123276,0.032337065786123276,1.0,3.0,success
92,1.805373191833496,-1.4324150085449219,-0.00017648142238613218,0.032339248806238174,0.032339248806238174,1.0,3.0,success
93,1.8054547309875488,-1.4313832521438599,-0.00017648185894358903,0.03234291821718216,0.03234291821718216,1.0,3.0,success
94,1.805533528327942,-1.4303513765335083,-0.000176480200025253,0.03233999386429787,0.03233999386429787,1.0,3.0,success
95,1.8056107759475708,-1.4293193817138672,-0.00017646615742705762,0.03234005719423294,0.03234005719423294,1.0,-3.0,success
96,1.805688738822937,-1.4282876253128052,-0.00017646771448198706,0.03233430162072182,0.03233430162072182,1.0,-3.0,success
97,1.8057692050933838,-1.4272559881210327,-0.00017647109052632004,0.03233657777309418,0.03233657777309418,1.0,-3.0,success
98,1.8058511018753052,-1.4262245893478394,-0.00017648721404839307,0.032332658767700195,0.032332658767700195,1.0,3.0,success
99,1.8059325218200684,-1.4251928329467773,-0.0001764863554853946,0.03234262391924858,0.03234262391924858,1.0,3.0,success
100,1.8060110807418823,-1.4241609573364258,-0.00017648386710789055,0.0323394238948822,0.0323394238948822,1.0,3.0,success
101,1.8060868978500366,-1.4231288433074951,-0.00017647985077928752,0.03234046697616577,0.03234046697616577,1.0,3.0,success
102,1.8061614036560059,-1.422096610069275,-0.00017646349442657083,0.03234120458364487,0.03234120458364487,1.0,-3.0,success
103,1.8062366247177124,-1.4210647344589233,-0.0001764631742844358,0.0323316752910614,0.0323316752910614,1.0,-3.0,success
104,1.806313157081604,-1.4200328588485718,-0.00017647648928686976,0.03233468160033226,0.03233468160033226,1.0,3.0,success
105,1.8063892126083374,-1.4190007448196411,-0.000176473637111485,0.03234101086854935,0.03234101086854935,1.0,3.0,success
106,1.8064624071121216,-1.4179683923721313,-0.00017646951891947538,0.03234199807047844,0.03234199807047844,1.0,3.0,success
107,1.8065344095230103,-1.4169361591339111,-0.0001764530607033521,0.03233566880226135,0.03233566880226135,1.0,-3.0,success
108,1.8066071271896362,-1.415903925895691,-0.0001764526532497257,0.03233723342418671,0.03233723342418671,1.0,-3.0,success
109,1.8066811561584473,-1.4148719310760498,-0.00017646596825215966,0.032332707196474075,0.032332707196474075,1.0,3.0,success
110,1.8067547082901,-1.4138396978378296,-0.00017646314518060535,0.03233907371759415,0.03233907371759415,1.0,3.0,success
111,1.8068253993988037,-1.4128072261810303,-0.0001764590706443414,0.03234027698636055,0.03234027698636055,1.0,3.0,success
112,1.8068947792053223,-1.411774754524231,-0.00017644268518779427,0.032337501645088196,0.032337501645088196,1.0,-3.0,success
113,1.8069649934768677,-1.4107424020767212,-0.00017644224863033742,0.032335542142391205,0.032335542142391205,1.0,-3.0,success
114,1.8070366382598877,-1.409710168838501,-0.00017645554908085614,0.03233489394187927,0.03233489394187927,1.0,3.0,success
115,1.8071075677871704,-1.4086776971817017,-0.00017645279876887798,0.03234078735113144,0.03234078735113144,1.0,3.0,success
116,1.8071757555007935,-1.4076451063156128,-0.00017644882609602064,0.032338742166757584,0.032338742166757584,1.0,3.0,success
117,1.807242512702942,-1.406612515449524,-0.0001764325425028801,0.032335828989744186,0.032335828989744186,1.0,-3.0,success
118,1.8073103427886963,-1.405579924583435,-0.00017643210594542325,0.03233800828456879,0.03233800828456879,1.0,-3.0,success
119,1.8073796033859253,-1.4045475721359253,-0.00017644540639594197,0.032333534210920334,0.032333534210920334,1.0,3.0,success
120,1.807447910308838,-1.4035149812698364,-0.0001764427579473704,0.03233898803591728,0.03233898803591728,1.0,3.0,success
121,1.8075134754180908,-1.402482271194458,-0.00017643887258600444,0.032337166368961334,0.032337162643671036,1.0,3.0,success
122,1.8075777292251587,-1.40144944190979,-0.00017642273451201618,0.03233831375837326,0.03233831375837326,1.0,-3.0,success
123,1.807643175125122,-1.4004168510437012,-0.00017642231250647455,0.03233320638537407,0.03233320638537407,1.0,-3.0,success
124,1.8077099323272705,-1.3993842601776123,-0.00017643559840507805,0.032335828989744186,0.032335828989744186,1.0,3.0,success
125,1.8077757358551025,-1.3983515501022339,-0.0001764330518199131,0.03233763575553894,0.03233763575553894,1.0,3.0,success
126,1.8078386783599854,-1.3973186016082764,-0.00017642926832195371,0.032339513301849365,0.032339513301849365,1.0,3.0,success
127,1.8079004287719727,-1.3962856531143188,-0.00017641327576711774,0.03233726695179939,0.032337263226509094,1.0,-3.0,success
128,1.8079633712768555,-1.3952528238296509,-0.00017641286831349134,0.0323357954621315,0.0323357954621315,1.0,-3.0,success
129,1.8080276250839233,-1.3942201137542725,-0.00017642613966017962,0.032334595918655396,0.032334595918655396,1.0,3.0,success
130,1.8080909252166748,-1.3931872844696045,-0.00017642369493842125,0.03233647346496582,0.03233647346496582,1.0,3.0,success
131,1.808151364326477,-1.3921542167663574,-0.00017642001330386847,0.032338567078113556,0.032338567078113556,1.0,3.0,success
132,1.8082104921340942,-1.3911211490631104,-0.00017640416626818478,0.032336197793483734,0.032336197793483734,1.0,-3.0,success
133,1.8082709312438965,-1.3900882005691528,-0.00017640377336647362,0.03233484551310539,0.03233484551310539,1.0,-3.0,success
134,1.8083328008651733,-1.3890553712844849,-0.00017641703016124666,0.032333772629499435,0.032333772629499435,1.0,3.0,success
135,1.8083934783935547,-1.3880223035812378,-0.0001764146873028949,0.03233899921178818,0.03233899921178818,1.0,3.0,success
136,1.8084514141082764,-1.3869891166687012,-0.0001764111075317487,0.03233781084418297,0.03233781084418297,1.0,3.0,success
137,1.808508038520813,-1.3859559297561646,-0.00017639542056713253,0.032335542142391205,0.032335542142391205,1.0,-3.0,success
138,1.8085659742355347,-1.3849228620529175,-0.0001763950422173366,0.0323340930044651,0.032334089279174805,1.0,-3.0,success
139,1.8086254596710205,-1.3838897943496704,-0.0001764082844601944,0.03233683854341507,0.03233683854341507,1.0,3.0,success
140,1.8086835145950317,-1.3828567266464233,-0.000176406028913334,0.03233429789543152,0.03233429789543152,1.0,3.0,success
141,1.8087389469146729,-1.3818234205245972,-0.00017640256555750966,0.0323372446000576,0.0323372446000576,1.0,3.0,success
142,1.8087929487228394,-1.3807899951934814,-0.00017638702411204576,0.03233860060572624,0.03233860060572624,1.0,-3.0,success
143,1.80884850025177,-1.3797568082809448,-0.00017638666031416506,0.032333724200725555,0.032333724200725555,1.0,-3.0,success
144,1.8089054822921753,-1.3787236213684082,-0.00017639990255702287,0.03233615681529045,0.03233615681529045,1.0,3.0,success
145,1.808961033821106,-1.3776904344558716,-0.00017639773432165384,0.032333724200725555,0.032333724200725555,1.0,3.0,success
146,1.809013843536377,-1.3766570091247559,-0.0001763943728292361,0.032336678355932236,0.032336678355932236,1.0,3.0,success
147,1.8090639114379883,-1.375623345375061,-0.00017639029829297215,0.03233986347913742,0.03233986347913742,1.0,3.0,success
148,1.8091126680374146,-1.3745898008346558,-0.00017637427663430572,0.032334182411432266,0.032334182411432266,1.0,-3.0,success
149,1.809163212776184,-1.37355637550354,-0.00017637327255215496,0.032333143055438995,0.032333143055438995,1.0,-3.0,success
150,1.8092164993286133,-1.3725229501724243,-0.00017637439304962754,0.03233744204044342,0.03233744204044342,1.0,-3.0,success
151,1.809271216392517,-1.3714897632598877,-0.00017638849385548383,0.03233233466744423,0.03233233466744423,1.0,3.0,success
152,1.8093243837356567,-1.370456337928772,-0.00017638700956013054,0.0323372520506382,0.0323372520506382,1.0,3.0,success
153,1.8093746900558472,-1.3694227933883667,-0.00017638424469623715,0.03233649954199791,0.03233649954199791,1.0,3.0,success
154,1.8094223737716675,-1.3683891296386719,-0.00017638072313275188,0.032336343079805374,0.032336343079805374,1.0,3.0,success
155,1.8094686269760132,-1.367355465888977,-0.0001763652981026098,0.03233431279659271,0.03233431279659271,1.0,-3.0,success
156,1.8095167875289917,-1.3663218021392822,-0.00017636470147408545,0.03233703225851059,0.03233703225851059,1.0,-3.0,success
157,1.8095662593841553,-1.3652883768081665,-0.0001763777108862996,0.032331522554159164,0.032331522554159164,1.0,3.0,success
158,1.8096133470535278,-1.3642555475234985,-0.00017200688307639211,0.03230972960591316,0.03230943903326988,1.0,3.0,success
159,1.8096585273742676,-1.3632221221923828,-0.00017265151836909354,0.032325394451618195,0.0323253870010376,1.0,3.0,success
160,1.8097025156021118,-1.362188696861267,-0.00017337087774649262,0.03232378885149956,0.03232378140091896,1.0,-3.0,success
161,1.8097482919692993,-1.3611551523208618,-0.00017396893235854805,0.03232993558049202,0.03232992812991142,1.0,-3.0,success
162,1.8097954988479614,-1.360121726989746,-0.0001744609180605039,0.03232822194695473,0.03232821822166443,1.0,3.0,success
163,1.8098409175872803,-1.3590881824493408,-0.00017484190175309777,0.032329436391592026,0.032329436391592026,1.0,3.0,success
164,1.8098835945129395,-1.3580543994903564,-0.0001751449890434742,0.03233323246240616,0.03233322873711586,1.0,3.0,success
165,1.809924840927124,-1.357020616531372,-0.00017537492385599762,0.032331421971321106,0.03233141824603081,1.0,-3.0,success
166,1.809968113899231,-1.3559868335723877,-0.00017557032697368413,0.03233400359749794,0.03233400359749794,1.0,-3.0,success
167,1.8100128173828125,-1.3549531698226929,-0.0001757398567860946,0.03233218565583229,0.03233218565583229,1.0,3.0,success
168,1.8100556135177612,-1.3539193868637085,-0.0001758631260599941,0.032333385199308395,0.032333385199308395,1.0,3.0,success
169,1.8100956678390503,-1.3528854846954346,-0.00017596024554222822,0.032333675771951675,0.032333675771951675,1.0,3.0,success
170,1.8101344108581543,-1.351851463317871,-0.00017602552543394268,0.03233584016561508,0.03233584016561508,1.0,-3.0,success
171,1.8101751804351807,-1.3508176803588867,-0.00017608921916689724,0.03233082965016365,0.03233082965016365,1.0,-3.0,success
172,1.8102188110351562,-1.3497838973999023,-0.00017614185344427824,0.032334476709365845,0.032334472984075546,1.0,-3.0,success
173,1.810265064239502,-1.348750114440918,-0.00017618537822272629,0.032338034361600876,0.032338034361600876,1.0,-3.0,success
174,1.8103126287460327,-1.3477165699005127,-0.00017623287567403167,0.03233244642615318,0.03233244642615318,1.0,3.0,success
175,1.8103582859039307,-1.3466829061508179,-0.00017625831242185086,0.032333485782146454,0.032333485782146454,1.0,3.0,success
176,1.810400366783142,-1.3456499576568604,-0.0001718974090181291,0.03230670094490051,0.03230641409754753,1.0,3.0,success
177,1.8104419708251953,-1.344616413116455,-0.00017255058628506958,0.03232442960143089,0.032324422150850296,1.0,-3.0,success
178,1.8104854822158813,-1.3435828685760498,-0.00017330070841126144,0.03232688084244728,0.032326873391866684,1.0,-3.0,success
179,1.810531735420227,-1.342549443244934,-0.00017391337314620614,0.032326873391866684,0.032326869666576385,1.0,-3.0,success
180,1.8105806112289429,-1.3415160179138184,-0.0001744052133290097,0.03233064338564873,0.03233063966035843,1.0,-3.0,success
181,1.8106306791305542,-1.3404827117919922,-0.00017481105169281363,0.03232870250940323,0.03232869878411293,1.0,3.0,success
182,1.8106790781021118,-1.339449167251587,-0.00017512285558041185,0.03233366087079048,0.03233365714550018,1.0,3.0,success
183,1.8107246160507202,-1.338415503501892,-0.00017537067469675094,0.03233332186937332,0.03233332186937332,1.0,3.0,success
184,1.8107672929763794,-1.3373817205429077,-0.00017556767852511257,0.03233323246240616,0.03233322873711586,1.0,3.0,success
185,1.810808539390564,-1.3363479375839233,-0.00017571293574292213,0.032331421971321106,0.03233141824603081,1.0,-3.0,success
186,1.8108519315719604,-1.335314154624939,-0.00017584057059139013,0.032334160059690475,0.032334160059690475,1.0,-3.0,success
187,1.810896635055542,-1.3342804908752441,-0.00017595585086382926,0.03233218565583229,0.03233218565583229,1.0,3.0,success
188,1.8109394311904907,-1.3332465887069702,-0.0001760357990860939,0.03233710676431656,0.03233710676431656,1.0,3.0,success
189,1.8109794855117798,-1.3322126865386963,-0.0001760982850100845,0.032333675771951675,0.032333675771951675,1.0,3.0,success
190,1.8110182285308838,-1.3311786651611328,-0.0001761359308147803,0.03233584016561508,0.03233584016561508,1.0,-3.0,success
191,1.8110589981079102,-1.3301448822021484,-0.0001761774910846725,0.03233082965016365,0.03233082965016365,1.0,-3.0,success
192,1.8111013174057007,-1.3291109800338745,-0.00017622399900574237,0.03233649581670761,0.03233649581670761,1.0,3.0,success
193,1.8111414909362793,-1.3280770778656006,-0.00017624902829993516,0.032333824783563614,0.032333824783563614,1.0,3.0,success
194,1.8111790418624878,-1.327043056488037,-0.00017626764019951224,0.03233446553349495,0.03233446553349495,1.0,3.0,success
195,1.8112151622772217,-1.326008915901184,-0.0001762702304404229,0.03233660012483597,0.03233660012483597,1.0,-3.0,success
196,1.811253547668457,-1.3249750137329102,-0.00017628369096200913,0.03233170136809349,0.03233169764280319,1.0,-3.0,success
197,1.8112932443618774,-1.3239409923553467,-0.00017630774527788162,0.032336968928575516,0.032336968928575516,1.0,3.0,success
198,1.8113309144973755,-1.3229069709777832,-0.00017631487571634352,0.032334599643945694,0.032334599643945694,1.0,3.0,success
199,1.8113658428192139,-1.3218728303909302,-0.0001763192267389968,0.0323353186249733,0.0323353186249733,1.0,3.0,success
200,1.8113994598388672,-1.3208386898040771,-0.00017631046648602933,0.03233396261930466,0.03233396261930466,1.0,-3.0,success
201,1.811435341835022,-1.3198046684265137,-0.00017631478840485215,0.032332614064216614,0.032332614064216614,1.0,-3.0,success
202,1.8114726543426514,-1.3187706470489502,-0.00017633149400353432,0.03233419731259346,0.03233419731259346,1.0,3.0,success
203,1.8115078210830688,-1.3177365064620972,-0.00017633283277973533,0.03233557194471359,0.03233557194471359,1.0,3.0,success
204,1.811540126800537,-1.3167022466659546,-0.00017633259994909167,0.03233638033270836,0.03233638033270836,1.0,3.0,success
205,1.8115698099136353,-1.315667986869812,-0.0001763315813150257,0.03233392536640167,0.03233392536640167,1.0,3.0,success
206,1.8115980625152588,-1.3146336078643799,-0.00017631854279898107,0.03233639895915985,0.03233639895915985,1.0,-3.0,success
207,1.8116289377212524,-1.3135994672775269,-0.00017631924129091203,0.03233129158616066,0.03233129158616066,1.0,-3.0,success
208,1.8116626739501953,-1.3125652074813843,-0.0001763213222147897,0.03233780711889267,0.03233780711889267,1.0,-3.0,success
209,1.8116976022720337,-1.3115311861038208,-0.00017633571405895054,0.032331597059965134,0.032331597059965134,1.0,3.0,success
210,1.8117303848266602,-1.3104969263076782,-0.00017633516108617187,0.032336849719285965,0.032336849719285965,1.0,3.0,success
211,1.8117601871490479,-1.3094626665115356,-0.00017633347306400537,0.03233403339982033,0.03233402967453003,1.0,3.0,success
212,1.8117873668670654,-1.3084282875061035,-0.0001763313775882125,0.03233550116419792,0.03233550116419792,1.0,3.0,success
213,1.811813235282898,-1.3073939085006714,-0.00017631762602832168,0.03233444690704346,0.03233444690704346,1.0,-3.0,success
214,1.8118417263031006,-1.3063596487045288,-0.00017631769878789783,0.032332878559827805,0.032332878559827805,1.0,-3.0,success
215,1.8118715286254883,-1.3053253889083862,-0.00017633091192692518,0.03233403339982033,0.03233402967453003,1.0,3.0,success
216,1.811898946762085,-1.304291009902954,-0.00017632970411796123,0.03233569487929344,0.03233569487929344,1.0,3.0,success
217,1.811923623085022,-1.303256630897522,-0.00017632757953833789,0.03233353793621063,0.03233353793621063,1.0,3.0,success
218,1.811946988105774,-1.3022222518920898,-0.00017631387163419276,0.032332584261894226,0.032332584261894226,1.0,-3.0,success
219,1.811972975730896,-1.3011878728866577,-0.0001763139443937689,0.03233454376459122,0.03233454376459122,1.0,-3.0,success
220,1.8120018243789673,-1.3001534938812256,-0.00017631539958529174,0.03233691304922104,0.03233691304922104,1.0,-3.0,success
221,1.8120332956314087,-1.2991193532943726,-0.00017631756782066077,0.03233185037970543,0.03233185037970543,1.0,-3.0,success
222,1.8120660781860352,-1.29808509349823,-0.00017633168317843229,0.032336849719285965,0.032336849719285965,1.0,3.0,success
223,1.8120964765548706,-1.2970508337020874,-0.00017633091192692518,0.032334573566913605,0.032334573566913605,1.0,3.0,success
224,1.812125325202942,-1.2960165739059448,-0.00017631813534535468,0.032333191484212875,0.03233318775892258,1.0,-3.0,success
225,1.8121566772460938,-1.2949823141098022,-0.0001763192267389968,0.03233546391129494,0.03233546391129494,1.0,-3.0,success
226,1.8121906518936157,-1.2939481735229492,-0.00017632155504543334,0.032334327697753906,0.032334327697753906,1.0,-3.0,success
227,1.8122259378433228,-1.2929141521453857,-0.000176335743162781,0.03233197331428528,0.03233197331428528,1.0,3.0,success
228,1.8122589588165283,-1.2918798923492432,-0.0001763350301189348,0.03233708441257477,0.03233708441257477,1.0,3.0,success
229,1.8122903108596802,-1.2908456325531006,-0.00017632234084885567,0.03233546391129494,0.03233546391129494,1.0,-3.0,success
230,1.8123241662979126,-1.2898114919662476,-0.0001763235341059044,0.03233420476317406,0.03233420476317406,1.0,-3.0,success
231,1.8123606443405151,-1.288777470588684,-0.00017632597882766277,0.032333265990018845,0.032333265990018845,1.0,-3.0,success
232,1.8123997449874878,-1.2877434492111206,-0.00017632910748943686,0.03233626112341881,0.03233626112341881,1.0,-3.0,success
233,1.8124401569366455,-1.2867095470428467,-0.00017634387768339366,0.032334115356206894,0.032334115356206894,1.0,3.0,success
234,1.8124783039093018,-1.2856755256652832,-0.0001763434411259368,0.03233514726161957,0.03233514726161957,1.0,3.0,success
235,1.8125135898590088,-1.2846413850784302,-0.00017634182586334646,0.03233569860458374,0.03233569860458374,1.0,3.0,success
236,1.8125474452972412,-1.2836072444915771,-0.00017632872913964093,0.03233420476317406,0.03233420476317406,1.0,-3.0,success
237,1.812583565711975,-1.2825732231140137,-0.00017632954404689372,0.032332874834537506,0.032332874834537506,1.0,-3.0,success
238,1.8126224279403687,-1.2815392017364502,-0.00017633177048992366,0.03233598172664642,0.032335978001356125,1.0,-3.0,success
239,1.8126624822616577,-1.2805052995681763,-0.00017634603136684746,0.032333675771951675,0.032333675771951675,1.0,3.0,success
240,1.8127005100250244,-1.2794712781906128,-0.00017634530377108604,0.032335009425878525,0.032335009425878525,1.0,3.0,success
241,1.812735676765442,-1.2784371376037598,-0.00017634341202210635,0.03233557194471359,0.03233557194471359,1.0,3.0,success
242,1.8127681016921997,-1.2774029970169067,-0.0001763410255080089,0.03233277052640915,0.03233277052640915,1.0,3.0,success
243,1.812799096107483,-1.2763687372207642,-0.0001763270702213049,0.03233512490987778,0.03233512490987778,1.0,-3.0,success
244,1.8128324747085571,-1.2753345966339111,-0.0001763270702213049,0.03233372047543526,0.03233372047543526,1.0,-3.0,success
245,1.8128674030303955,-1.274300456047058,-0.00017634019604884088,0.0323353186249733,0.0323353186249733,1.0,3.0,success
246,1.8128999471664429,-1.2732661962509155,-0.00017633882816880941,0.03233661502599716,0.03233661502599716,1.0,3.0,success
247,1.8129297494888306,-1.272231936454773,-0.00017633647075854242,0.03233403339982033,0.03233402967453003,1.0,3.0,success
248,1.8129568099975586,-1.2711975574493408,-0.00017633383686188608,0.03233540058135986,0.03233540058135986,1.0,3.0,success
249,1.8129825592041016,-1.2701631784439087,-0.0001763195905368775,0.032334357500076294,0.032334357500076294,1.0,-3.0,success
250,1.8130109310150146,-1.2691289186477661,-0.0001763192267389968,0.03233277425169945,0.03233277425169945,1.0,-3.0,success
251,1.813042163848877,-1.2680946588516235,-0.0001763204054441303,0.03233535215258598,0.03233535215258598,1.0,-3.0,success
252,1.8130747079849243,-1.2670605182647705,-0.0001763339969329536,0.032332893460989,0.032332893460989,1.0,3.0,success
253,1.8131048679351807,-1.266026258468628,-0.00017633289098739624,0.032334357500076294,0.032334357500076294,1.0,3.0,success
254,1.8131321668624878,-1.2649918794631958,-0.00017633081006351858,0.03233559802174568,0.03233559802174568,1.0,3.0,success
255,1.8131568431854248,-1.2639575004577637,-0.00017632848175708205,0.03233353793621063,0.03233353793621063,1.0,3.0,success
256,1.8131800889968872,-1.262923002243042,-0.00017631459922995418,0.03233622759580612,0.03233622759580612,1.0,-3.0,success
257,1.8132060766220093,-1.2618886232376099,-0.00017631449736654758,0.03233454376459122,0.03233454376459122,1.0,-3.0,success
258,1.813233494758606,-1.2608543634414673,-0.00017632752133067697,0.03233196958899498,0.03233196958899498,1.0,3.0,success
259,1.813258409500122,-1.2598199844360352,-0.00017632622621022165,0.03233371675014496,0.03233371675014496,1.0,3.0,success
260,1.813280463218689,-1.2587854862213135,-0.0001763241016305983,0.03233541175723076,0.03233541175723076,1.0,3.0,success
261,1.8132998943328857,-1.2577509880065918,-0.00017632183153182268,0.03233376890420914,0.03233376890420914,1.0,3.0,success
262,1.8133180141448975,-1.2567163705825806,-0.00017630805086810142,0.032336752861738205,0.032336752861738205,1.0,-3.0,success
263,1.8133389949798584,-1.2556819915771484,-0.0001763078907970339,0.03233099356293678,0.03233099356293678,1.0,-3.0,success
264,1.8133628368377686,-1.2546474933624268,-0.00017630904039833695,0.03233664855360985,0.03233664855360985,1.0,-3.0,success
265,1.8133879899978638,-1.2536131143569946,-0.00017632244271226227,0.03233389928936958,0.03233389928936958,1.0,3.0,success
266,1.8134105205535889,-1.2525787353515625,-0.0001763213804224506,0.032332006841897964,0.032332006841897964,1.0,3.0,success
267,1.8134301900863647,-1.2515442371368408,-0.00017631950322538614,0.03233391046524048,0.03233391046524048,1.0,3.0,success
268,1.8134472370147705,-1.2505096197128296,-0.0001763175387168303,0.03233617916703224,0.03233617916703224,1.0,3.0,success
269,1.8134629726409912,-1.2494750022888184,-0.00017630415095482022,0.03233553096652031,0.03233553096652031,1.0,-3.0,success
270,1.8134814500808716,-1.2484405040740967,-0.00017630428192205727,0.03233322128653526,0.03233322128653526,1.0,-3.0,success
271,1.8135027885437012,-1.247406005859375,-0.00017630556249059737,0.03233494237065315,0.03233494237065315,1.0,-3.0,success
272,1.81352698802948,-1.2463716268539429,-0.00017630739603191614,0.03233318775892258,0.03233318775892258,1.0,-3.0,success
273,1.8135536909103394,-1.2453372478485107,-0.00017630969523452222,0.03233511000871658,0.03233511000871658,1.0,-3.0,success
274,1.8135830163955688,-1.2443028688430786,-0.00017631237278692424,0.03233733028173447,0.03233733028173447,1.0,-3.0,success
275,1.8136149644851685,-1.2432687282562256,-0.0001763154286891222,0.03233230859041214,0.03233230859041214,1.0,-3.0,success
276,1.8136481046676636,-1.2422345876693726,-0.00017632980598136783,0.032333482056856155,0.032333482056856155,1.0,3.0,success
277,1.8136787414550781,-1.24120032787323,-0.00017632919480092824,0.032334793359041214,0.032334793359041214,1.0,3.0,success
278,1.8137065172195435,-1.2401659488677979,-0.00017632760864216834,0.03233599662780762,0.03233599662780762,1.0,3.0,success
279,1.8137327432632446,-1.2391315698623657,-0.0001763148175086826,0.03233473002910614,0.03233473002910614,1.0,-3.0,success
280,1.813761591911316,-1.2380973100662231,-0.0001763156906235963,0.032333191484212875,0.03233318775892258,1.0,-3.0,success
281,1.8137930631637573,-1.2370630502700806,-0.00017631780065130442,0.03233557567000389,0.03233557567000389,1.0,-3.0,success
282,1.8138259649276733,-1.2360289096832275,-0.00017633171228226274,0.032333243638277054,0.032333243638277054,1.0,3.0,success
283,1.8138562440872192,-1.234994649887085,-0.00017633091192692518,0.03233446553349495,0.03233446180820465,1.0,3.0,success
284,1.8138837814331055,-1.2339602708816528,-0.00017632913659326732,0.0323357954621315,0.0323357954621315,1.0,3.0,success
285,1.813909888267517,-1.2329258918762207,-0.0001763159962138161,0.03233463317155838,0.03233463317155838,1.0,-3.0,success
286,1.8139384984970093,-1.2318916320800781,-0.00017631654918659478,0.03233298286795616,0.03233298286795616,1.0,-3.0,success
287,1.8139699697494507,-1.2308573722839355,-0.00017631841183174402,0.03233557567000389,0.03233557567000389,1.0,-3.0,success
288,1.8140026330947876,-1.2298232316970825,-0.0001763322507031262,0.03233300894498825,0.03233300894498825,1.0,3.0,success
289,1.8140329122543335,-1.22878897190094,-0.00017633139214012772,0.03233446553349495,0.03233446180820465,1.0,3.0,success
290,1.8140604496002197,-1.2277545928955078,-0.00017632954404689372,0.0323357954621315,0.0323357954621315,1.0,3.0,success
291,1.8140851259231567,-1.2267202138900757,-0.00017632741946727037,0.03233353793621063,0.03233353793621063,1.0,3.0,success
292,1.814107060432434,-1.225685715675354,-0.00017632510571274906,0.03233533352613449,0.03233533352613449,1.0,3.0,success
293,1.8141276836395264,-1.2246512174606323,-0.00017631131049711257,0.03233448788523674,0.03233448788523674,1.0,-3.0,success
294,1.8141511678695679,-1.2236168384552002,-0.00017631113587412983,0.03233267366886139,0.03233267366886139,1.0,-3.0,success
295,1.8141775131225586,-1.222582459449768,-0.00017631234368309379,0.0323348231613636,0.0323348231613636,1.0,-3.0,success
296,1.8142051696777344,-1.221548080444336,-0.0001763257896527648,0.03233589231967926,0.03233589231967926,1.0,3.0,success
297,1.8142300844192505,-1.2205137014389038,-0.00017632472736295313,0.03233371675014496,0.03233371675014496,1.0,3.0,success
298,1.8142523765563965,-1.2194792032241821,-0.00017632280651014298,0.03233557194471359,0.03233557194471359,1.0,3.0,success
299,1.8142719268798828,-1.2184447050094604,-0.00017632074013818055,0.03233383595943451,0.03233383595943451,1.0,3.0,success
300,1.8142887353897095,-1.2174102067947388,-0.00017631860100664198,0.03233233466744423,0.03233233466744423,1.0,3.0,success
301,1.8143043518066406,-1.2163755893707275,-0.00017630499496590346,0.03233547508716583,0.03233547508716583,1.0,-3.0,success
302,1.814322829246521,-1.2153410911560059,-0.00017630487855058163,0.03233322128653526,0.03233322128653526,1.0,-3.0,success
303,1.814344048500061,-1.2143065929412842,-0.00017630599904805422,0.03233486786484718,0.03233486786484718,1.0,-3.0,success
304,1.8143668174743652,-1.213272213935852,-0.00017631931405048817,0.0323321707546711,0.0323321707546711,1.0,3.0,success
305,1.8143867254257202,-1.2122377157211304,-0.0001763182517606765,0.03233405202627182,0.03233405202627182,1.0,3.0,success
306,1.8144038915634155,-1.2112030982971191,-0.00017631644732318819,0.032336242496967316,0.032336242496967316,1.0,3.0,success
307,1.8144184350967407,-1.210168480873108,-0.00017631459922995418,0.032334987074136734,0.032334987074136734,1.0,3.0,success
308,1.8144302368164062,-1.2091338634490967,-0.0001763128093443811,0.032333895564079285,0.032333895564079285,1.0,3.0,success
309,1.8144408464431763,-1.2080992460250854,-0.00017629956710152328,0.03233349323272705,0.03233349323272705,1.0,-3.0,success
310,1.8144543170928955,-1.2070646286010742,-0.00017629965441301465,0.03233453258872032,0.03233453258872032,1.0,-3.0,success
311,1.8144705295562744,-1.206030011177063,-0.00017630078946240246,0.032335761934518814,0.032335761934518814,1.0,-3.0,success
312,1.814488172531128,-1.2049955129623413,-0.00017631400260142982,0.03233276680111885,0.03233276680111885,1.0,3.0,success
313,1.8145031929016113,-1.2039610147476196,-0.0001763129694154486,0.03233147785067558,0.032331474125385284,1.0,3.0,success
314,1.8145153522491455,-1.2029263973236084,-0.00017631131049711257,0.03233402594923973,0.03233402222394943,1.0,3.0,success
315,1.81452476978302,-1.2018916606903076,-0.0001763097388902679,0.03233685716986656,0.03233685716986656,1.0,3.0,success
316,1.814531683921814,-1.2008570432662964,-0.0001763082982506603,0.032332517206668854,0.032332513481378555,1.0,3.0,success
317,1.8145371675491333,-1.1998223066329956,-0.0001762954780133441,0.032335974276065826,0.032335974276065826,1.0,-3.0,success
318,1.8145456314086914,-1.1987876892089844,-0.00017629579815547913,0.032332874834537506,0.032332874834537506,1.0,-3.0,success
319,1.8145568370819092,-1.1977530717849731,-0.0001762969623086974,0.03233368694782257,0.03233368694782257,1.0,-3.0,success
320,1.8145694732666016,-1.196718454360962,-0.00017631007358431816,0.03233420476317406,0.03233420476317406,1.0,3.0,success
321,1.8145793676376343,-1.1956838369369507,-0.0001763090695021674,0.03233326971530914,0.03233326971530914,1.0,3.0,success
322,1.8145865201950073,-1.1946492195129395,-0.0001763075852068141,0.032332565635442734,0.032332565635442734,1.0,3.0,success
323,1.8145910501480103,-1.1936144828796387,-0.00017630629008635879,0.032335828989744186,0.032335828989744186,1.0,3.0,success
324,1.8145928382873535,-1.192579746246338,-0.0001763052132446319,0.032335564494132996,0.032335564494132996,1.0,3.0,success
325,1.8145933151245117,-1.1915451288223267,-0.0001762928004609421,0.03233179822564125,0.03233179822564125,1.0,-3.0,success
326,1.8145967721939087,-1.1905103921890259,-0.00017629335343372077,0.03233569860458374,0.03233569860458374,1.0,-3.0,success
327,1.8146029710769653,-1.1894757747650146,-0.00017629456124268472,0.032332371920347214,0.032332371920347214,1.0,-3.0,success
328,1.8146106004714966,-1.1884411573410034,-0.00017630755610298365,0.03233267366886139,0.03233267366886139,1.0,3.0,success
329,1.8146154880523682,-1.1874064207077026,-0.00017630659567657858,0.032335877418518066,0.032335877418518066,1.0,3.0,success
330,1.81461763381958,-1.1863718032836914,-0.0001763052714522928,0.032331861555576324,0.032331861555576324,1.0,3.0,success
331,1.81461763381958,-1.1853379011154175,-0.0001719349093036726,0.03230972960591316,0.03230944275856018,1.0,3.0,success
332,1.8146147727966309,-1.184303641319275,-0.00017258228035643697,0.03232074901461601,0.032320741564035416,1.0,3.0,success
333,1.8146106004714966,-1.1832692623138428,-0.00017330482660327107,0.032324615865945816,0.03232460469007492,1.0,-3.0,success
334,1.8146092891693115,-1.182234764099121,-0.00017390413268003613,0.03232809528708458,0.03232809156179428,1.0,-3.0,success
335,1.8146107196807861,-1.1812002658843994,-0.00017438440409023315,0.03232809901237488,0.03232809528708458,1.0,-3.0,success
336,1.8146134614944458,-1.1801657676696777,-0.00017478008521720767,0.03232818469405174,0.032328180968761444,1.0,3.0,success
337,1.8146134614944458,-1.1791311502456665,-0.00017508516611997038,0.03233179450035095,0.03233179450035095,1.0,3.0,success
338,1.8146107196807861,-1.1780965328216553,-0.0001753286924213171,0.032331909984350204,0.032331906259059906,1.0,3.0,success
339,1.8146065473556519,-1.1770620346069336,-0.00017551232303958386,0.03232832998037338,0.03232832998037338,1.0,-3.0,success
340,1.8146052360534668,-1.1760272979736328,-0.0001756695273797959,0.032335542142391205,0.032335542142391205,1.0,-3.0,success
341,1.8146066665649414,-1.1749926805496216,-0.00017579579434823245,0.03233182057738304,0.03233182057738304,1.0,-3.0,success
342,1.814609408378601,-1.1739580631256104,-0.00017590841162018478,0.032331906259059906,0.032331906259059906,1.0,3.0,success
343,1.814609408378601,-1.1729234457015991,-0.00017598721024114639,0.03233179450035095,0.03233179450035095,1.0,3.0,success
344,1.8146079778671265,-1.1718887090682983,-0.00017603875312488526,0.0323355458676815,0.0323355458676815,1.0,-3.0,success
345,1.814609408378601,-1.170854091644287,-0.0001760904851835221,0.03233182057738304,0.03233182057738304,1.0,-3.0,success
346,1.8146134614944458,-1.1698194742202759,-0.00017613246745895594,0.03233204036951065,0.03233204036951065,1.0,-3.0,success
347,1.8146188259124756,-1.168784737586975,-0.0001761776366038248,0.032335951924324036,0.032335951924324036,1.0,3.0,success
348,1.8146214485168457,-1.1677501201629639,-0.00017620244761928916,0.03233189880847931,0.03233189508318901,1.0,3.0,success
349,1.8146226406097412,-1.166715383529663,-0.00017621085862629116,0.032335538417100906,0.032335538417100906,1.0,-3.0,success
350,1.8146265745162964,-1.1656807661056519,-0.00017622816085349768,0.03233202546834946,0.03233202546834946,1.0,-3.0,success
351,1.8146331310272217,-1.1646461486816406,-0.00017624269821681082,0.032332438975572586,0.032332438975572586,1.0,-3.0,success
352,1.8146411180496216,-1.1636114120483398,-0.00017626590852160007,0.03233648091554642,0.03233648091554642,1.0,3.0,success
353,1.8146462440490723,-1.1625767946243286,-0.00017627312627155334,0.03233218938112259,0.03233218938112259,1.0,3.0,success
354,1.8146499395370483,-1.1615420579910278,-0.00017626745102461427,0.03233572468161583,0.03233572468161583,1.0,-3.0,success
355,1.814656376838684,-1.1605074405670166,-0.00017627354827709496,0.032332420349121094,0.032332420349121094,1.0,-3.0,success
356,1.8146642446517944,-1.1594728231430054,-0.0001762905449140817,0.032332729548215866,0.032332729548215866,1.0,3.0,success
357,1.8146692514419556,-1.1584380865097046,-0.00017629291687626392,0.03233589604496956,0.03233589604496956,1.0,3.0,success
358,1.814671516418457,-1.1574034690856934,-0.0001762942993082106,0.03233186900615692,0.03233186900615692,1.0,3.0,success
359,1.8146723508834839,-1.1563687324523926,-0.00017628425848670304,0.03233553096652031,0.03233553096652031,1.0,-3.0,success
360,1.81467604637146,-1.1553341150283813,-0.0001762867032084614,0.03233199939131737,0.03233199939131737,1.0,-3.0,success
361,1.8146811723709106,-1.1542993783950806,-0.00017630093498155475,0.03233591467142105,0.03233591467142105,1.0,3.0,success
362,1.814683437347412,-1.1532647609710693,-0.00017630119691602886,0.03233186900615692,0.03233186900615692,1.0,3.0,success
363,1.8146830797195435,-1.1522300243377686,-0.00017630093498155475,0.032335519790649414,0.032335519790649414,1.0,3.0,success
364,1.8146799802780151,-1.1511952877044678,-0.00017630083311814815,0.032335665076971054,0.032335665076971054,1.0,3.0,success
365,1.8146756887435913,-1.1501606702804565,-0.0001762894680723548,0.03233207017183304,0.03233207017183304,1.0,-3.0,success
366,1.8146741390228271,-1.1491259336471558,-0.0001762907049851492,0.0323355533182621,0.0323355533182621,1.0,-3.0,success
367,1.8146753311157227,-1.1480913162231445,-0.00017629230569582433,0.032331813126802444,0.032331813126802444,1.0,-3.0,success
368,1.8146780729293823,-1.1470565795898438,-0.00017630541697144508,0.03233563154935837,0.03233563154935837,1.0,3.0,success
369,1.8146779537200928,-1.1460219621658325,-0.00017630467482376844,0.03233179450035095,0.03233179450035095,1.0,3.0,success
370,1.8146750926971436,-1.1449872255325317,-0.0001763036852935329,0.03233564272522926,0.03233564272522926,1.0,3.0,success
371,1.8146696090698242,-1.1439526081085205,-0.00017630308866500854,0.032332248985767365,0.032332248985767365,1.0,3.0,success
372,1.8146613836288452,-1.1429178714752197,-0.0001763028558343649,0.03233654052019119,0.03233654052019119,1.0,3.0,success
373,1.8146519660949707,-1.1418832540512085,-0.0001762914180289954,0.0323331318795681,0.0323331318795681,1.0,-3.0,success
374,1.8146452903747559,-1.1408486366271973,-0.00017629246576689184,0.032332465052604675,0.032332465052604675,1.0,-3.0,success
375,1.8146401643753052,-1.1398138999938965,-0.00017630564980208874,0.03233591467142105,0.03233591467142105,1.0,3.0,success
376,1.8146322965621948,-1.1387792825698853,-0.0001763052714522928,0.032332729548215866,0.032332729548215866,1.0,3.0,success
377,1.8146218061447144,-1.137744665145874,-0.00017630474758334458,0.032333455979824066,0.032333455979824066,1.0,3.0,success
378,1.8146098852157593,-1.1367100477218628,-0.00017629320791456848,0.032333940267562866,0.032333940267562866,1.0,-3.0,success
379,1.8146008253097534,-1.1356754302978516,-0.00017629421199671924,0.03233303502202034,0.03233303502202034,1.0,-3.0,success
380,1.8145933151245117,-1.1346406936645508,-0.0001763072214089334,0.03233636915683746,0.03233636915683746,1.0,3.0,success
381,1.8145829439163208,-1.1336060762405396,-0.0001763067120919004,0.03233341500163078,0.03233341500163078,1.0,3.0,success
382,1.8145699501037598,-1.1325714588165283,-0.0001763061882229522,0.0323343425989151,0.0323343425989151,1.0,3.0,success
383,1.8145543336868286,-1.131536841392517,-0.00017630620277486742,0.03233547508716583,0.03233547508716583,1.0,3.0,success
384,1.8145372867584229,-1.1305023431777954,-0.00017629515787120908,0.03233245387673378,0.03233245387673378,1.0,-3.0,success
385,1.8145232200622559,-1.1294677257537842,-0.00017629640933591872,0.03233478218317032,0.03233477845788002,1.0,-3.0,success
386,1.8145118951797485,-1.128433108329773,-0.0001762976753525436,0.032333727926015854,0.032333727926015854,1.0,-3.0,success
387,1.8145020008087158,-1.1273984909057617,-0.00017631026275921613,0.03233326971530914,0.03233326971530914,1.0,3.0,success
388,1.8144893646240234,-1.1263638734817505,-0.00017630936054047197,0.03233420476317406,0.03233420476317406,1.0,3.0,success
389,1.8144739866256714,-1.1253292560577393,-0.00017630858928896487,0.03233536705374718,0.03233536705374718,1.0,3.0,success
390,1.8144558668136597,-1.1242947578430176,-0.00017630851652938873,0.03233302757143974,0.03233302757143974,1.0,3.0,success
391,1.8144351243972778,-1.123260259628296,-0.0001763090695021674,0.03233456611633301,0.03233456611633301,1.0,3.0,success
392,1.8144131898880005,-1.1222257614135742,-0.0001762985484674573,0.03233533352613449,0.03233533352613449,1.0,-3.0,success
393,1.8143939971923828,-1.1211912631988525,-0.00017630006186664104,0.032333631068468094,0.032333631068468094,1.0,-3.0,success
394,1.8143762350082397,-1.1201567649841309,-0.00017631330410949886,0.032332830131053925,0.032332830131053925,1.0,3.0,success
395,1.8143558502197266,-1.1191222667694092,-0.00017631326045375317,0.0323343425989151,0.0323343425989151,1.0,3.0,success
396,1.8143328428268433,-1.1180877685546875,-0.000176313376869075,0.03233605995774269,0.03233605995774269,1.0,3.0,success
397,1.8143084049224854,-1.1170533895492554,-0.00017630263755563647,0.032333359122276306,0.032333359122276306,1.0,-3.0,success
398,1.8142868280410767,-1.1160188913345337,-0.00017630400543566793,0.03233509510755539,0.03233509510755539,1.0,-3.0,success
399,1.8142668008804321,-1.1149845123291016,-0.00017631698574405164,0.03233040124177933,0.03233040124177933,1.0,3.0,success
400,1.8142439126968384,-1.1139500141143799,-0.00017631675291340798,0.032335978001356125,0.032335978001356125,1.0,3.0,success
401,1.8142184019088745,-1.1129156351089478,-0.00017631679656915367,0.03233417123556137,0.03233417123556137,1.0,3.0,success
402,1.8141902685165405,-1.1118812561035156,-0.00017631765513215214,0.03233629837632179,0.03233629837632179,1.0,3.0,success
403,1.8141608238220215,-1.110846996307373,-0.00017630757065489888,0.03233371302485466,0.03233371302485466,1.0,-3.0,success
404,1.814134120941162,-1.109812617301941,-0.0001763092732289806,0.03233511000871658,0.03233511000871658,1.0,-3.0,success
405,1.814108967781067,-1.1087782382965088,-0.00017632248636800796,0.03233389928936958,0.03233389928936958,1.0,3.0,success
406,1.814081072807312,-1.1077439785003662,-0.00017632258823141456,0.032332371920347214,0.032332371920347214,1.0,3.0,success
407,1.8140506744384766,-1.1067097187042236,-0.0001763230247888714,0.032334573566913605,0.032334573566913605,1.0,3.0,success
408,1.8140188455581665,-1.105675458908081,-0.00017631275113672018,0.03233591839671135,0.03233591839671135,1.0,-3.0,success
409,1.8139896392822266,-1.1046411991119385,-0.00017631426453590393,0.032333504408597946,0.032333504408597946,1.0,-3.0,success
410,1.8139619827270508,-1.1036068201065063,-0.00017632720118854195,0.03233589231967926,0.03233589231967926,1.0,3.0,success
411,1.8139318227767944,-1.1025726795196533,-0.00017632714298088104,0.03233063220977783,0.03233063220977783,1.0,3.0,success
412,1.8139002323150635,-1.1015384197235107,-0.0001763160980772227,0.032335687428712845,0.032335687428712845,1.0,-3.0,success
413,1.813871145248413,-1.1005041599273682,-0.00017631705850362778,0.03233339637517929,0.03233339637517929,1.0,-3.0,success
414,1.813844919204712,-1.0994696617126465,-0.00017631766968406737,0.0323384553194046,0.0323384553194046,1.0,-3.0,success
415,1.8138201236724854,-1.0984352827072144,-0.00017632915114518255,0.032333627343177795,0.032333627343177795,1.0,3.0,success
416,1.8137927055358887,-1.0974010229110718,-0.00017632771050557494,0.03233196958899498,0.03233196958899498,1.0,3.0,success
417,1.8137638568878174,-1.0963667631149292,-0.00017631577793508768,0.032333191484212875,0.03233318775892258,1.0,-3.0,success
418,1.8137375116348267,-1.095332384109497,-0.00017631611262913793,0.0323348231613636,0.0323348231613636,1.0,-3.0,success
419,1.8137140274047852,-1.0942978858947754,-0.00017631625814829022,0.03233639523386955,0.03233639523386955,1.0,-3.0,success
420,1.8136931657791138,-1.0932633876800537,-0.00017631585069466382,0.03233463689684868,0.03233463689684868,1.0,-3.0,success
421,1.813675045967102,-1.092228889465332,-0.00017631500668358058,0.03233302757143974,0.03233302757143974,1.0,-3.0,success
422,1.813659429550171,-1.0911942720413208,-0.00017631387163419276,0.03233547508716583,0.03233547508716583,1.0,-3.0,success
423,1.8136452436447144,-1.0901596546173096,-0.00017632365052122623,0.0323348306119442,0.0323348306119442,1.0,3.0,success
424,1.813628077507019,-1.089125156402588,-0.00017632055096328259,0.032332517206668854,0.032332517206668854,1.0,3.0,success
425,1.8136080503463745,-1.0880906581878662,-0.00017631826631259173,0.03233412653207779,0.03233412653207779,1.0,3.0,success
426,1.8135851621627808,-1.0870561599731445,-0.0001763171749189496,0.032335978001356125,0.032335978001356125,1.0,3.0,success
427,1.8135597705841064,-1.0860217809677124,-0.0001763171167112887,0.03233408182859421,0.03233408182859421,1.0,3.0,success
428,1.8135329484939575,-1.0849874019622803,-0.00017630656657274812,0.03233521059155464,0.03233521059155464,1.0,-3.0,success
429,1.8135088682174683,-1.0839530229568481,-0.00017630781803745776,0.03233310207724571,0.03233310207724571,1.0,-3.0,success
430,1.8134863376617432,-1.0829185247421265,-0.0001763205073075369,0.032335732132196426,0.032335732132196426,1.0,3.0,success
431,1.8134610652923584,-1.0818841457366943,-0.00017632021626923233,0.032333988696336746,0.032333988696336746,1.0,3.0,success
432,1.813433051109314,-1.0808497667312622,-0.0001763203035807237,0.032336194068193436,0.032336194068193436,1.0,3.0,success
433,1.813403844833374,-1.0798155069351196,-0.00017630979709792882,0.032333504408597946,0.032333504408597946,1.0,-3.0,success
434,1.8133772611618042,-1.0787811279296875,-0.00017631113587412983,0.03233501687645912,0.03233501687645912,1.0,-3.0,success
435,1.813352108001709,-1.0777467489242554,-0.0001763238979037851,0.03233389928936958,0.03233389928936958,1.0,3.0,success
436,1.8133243322372437,-1.0767124891281128,-0.00017632366507314146,0.032332271337509155,0.032332271337509155,1.0,3.0,success
437,1.8132939338684082,-1.0756782293319702,-0.00017632385424803942,0.032334573566913605,0.032334573566913605,1.0,3.0,success
438,1.8132609128952026,-1.0746439695358276,-0.000176324974745512,0.03233708441257477,0.03233708441257477,1.0,3.0,success
439,1.8132266998291016,-1.0736098289489746,-0.0001763152686180547,0.032334573566913605,0.032334573566913605,1.0,-3.0,success
440,1.8131948709487915,-1.0725756883621216,-0.00017631708760745823,0.03233219310641289,0.03233219310641289,1.0,-3.0,success
441,1.813164472579956,-1.071541428565979,-0.0001763302570907399,0.032334573566913605,0.032334573566913605,1.0,3.0,success
442,1.81313157081604,-1.0705071687698364,-0.00017633048992138356,0.03233696520328522,0.03233696520328522,1.0,3.0,success
443,1.813096284866333,-1.069473147392273,-0.00017633118841331452,0.03233197331428528,0.03233197331428528,1.0,3.0,success
444,1.8130595684051514,-1.0684391260147095,-0.00017632123490329832,0.032333530485630035,0.032333530485630035,1.0,-3.0,success
445,1.8130254745483398,-1.0674049854278564,-0.00017632287926971912,0.03233444690704346,0.03233444690704346,1.0,-3.0,success
446,1.8129926919937134,-1.0663707256317139,-0.00017633575771469623,0.032336849719285965,0.032336849719285965,1.0,3.0,success
447,1.8129571676254272,-1.0653365850448608,-0.00017633578681852669,0.032335955649614334,0.032335955649614334,1.0,3.0,success
448,1.8129193782806396,-1.0643025636672974,-0.00017633644165471196,0.03233473747968674,0.03233473747968674,1.0,3.0,success
449,1.812878966331482,-1.0632686614990234,-0.00017633808602113277,0.032334115356206894,0.032334115356206894,1.0,3.0,success
450,1.8128373622894287,-1.062234878540039,-0.00017632896197028458,0.03233186528086662,0.03233186528086662,1.0,-3.0,success
451,1.812798261642456,-1.0612008571624756,-0.0001763311302056536,0.03233626112341881,0.03233626112341881,1.0,-3.0,success
452,1.812760353088379,-1.060166835784912,-0.00017634429968893528,0.03233487531542778,0.03233487531542778,1.0,3.0,success
453,1.8127195835113525,-1.0591329336166382,-0.00017634473624639213,0.032334551215171814,0.032334551215171814,1.0,3.0,success
454,1.8126766681671143,-1.0580990314483643,-0.0001763459003996104,0.032337259501218796,0.032337259501218796,1.0,3.0,success
455,1.8126312494277954,-1.0570653676986694,-0.00017634809773880988,0.03233315795660019,0.03233315795660019,1.0,3.0,success
456,1.8125847578048706,-1.0560317039489746,-0.00017633946845307946,0.032334648072719574,0.032334644347429276,1.0,-3.0,success
457,1.812540888786316,-1.0549979209899902,-0.00017634192772675306,0.032334789633750916,0.032334789633750916,1.0,-3.0,success
458,1.8124992847442627,-1.0539640188217163,-0.00017634325195103884,0.032335586845874786,0.032335586845874786,1.0,-3.0,success
459,1.8124589920043945,-1.0529301166534424,-0.00017635516996961087,0.032333970069885254,0.032333966344594955,1.0,3.0,success
460,1.8124159574508667,-1.0518962144851685,-0.00017635445692576468,0.03233741596341133,0.03233741596341133,1.0,3.0,success
461,1.8123706579208374,-1.0508625507354736,-0.00017635483527556062,0.03233299404382706,0.03233299404382706,1.0,3.0,success
462,1.812322974205017,-1.0498288869857788,-0.00017635647964198142,0.032336343079805374,0.032336343079805374,1.0,3.0,success
463,1.8122726678848267,-1.048795461654663,-0.00017635921540204436,0.032332781702280045,0.032332781702280045,1.0,3.0,success
464,1.8122211694717407,-1.0477620363235474,-0.0001763511827448383,0.03233461081981659,0.03233461081981659,1.0,-3.0,success
465,1.8121724128723145,-1.046728491783142,-0.00017635396216064692,0.032334182411432266,0.032334182411432266,1.0,-3.0,success
466,1.8121241331100464,-1.0456948280334473,-0.00017636727716308087,0.03233720734715462,0.03233720734715462,1.0,3.0,success
467,1.8120731115341187,-1.044661283493042,-0.00017636817938182503,0.03233759477734566,0.03233759477734566,1.0,3.0,success
468,1.8120197057724,-1.0436279773712158,-0.00017636998381931335,0.03233391419053078,0.03233391419053078,1.0,3.0,success
469,1.8119637966156006,-1.0425946712493896,-0.00017637299606576562,0.03233804553747177,0.03233804553747177,1.0,3.0,success
470,1.811907410621643,-1.041561484336853,-0.0001763654436217621,0.03233513608574867,0.03233513608574867,1.0,-3.0,success
471,1.8118537664413452,-1.0405281782150269,-0.00017636835400480777,0.03233429789543152,0.03233429789543152,1.0,-3.0,success
472,1.811802625656128,-1.0394947528839111,-0.00017636979464441538,0.03233405947685242,0.03233405947685242,1.0,-3.0,success
473,1.8117520809173584,-1.0384612083435059,-0.0001763813488651067,0.03233686462044716,0.03233686462044716,1.0,3.0,success
474,1.8116987943649292,-1.0374277830123901,-0.0001763807376846671,0.03233744204044342,0.03233744204044342,1.0,3.0,success
475,1.8116430044174194,-1.0363945960998535,-0.0001763814507285133,0.03233412653207779,0.03233412653207779,1.0,3.0,success
476,1.811584711074829,-1.035361409187317,-0.00017638367717154324,0.03233844041824341,0.03233844041824341,1.0,3.0,success
477,1.8115239143371582,-1.0343284606933594,-0.00017638718418311328,0.03233550488948822,0.03233550116419792,1.0,3.0,success
478,1.811462640762329,-1.0332956314086914,-0.00017638019926380366,0.032332662492990494,0.032332662492990494,1.0,-3.0,success
479,1.8114039897918701,-1.0322625637054443,-0.00017638341523706913,0.03233535215258598,0.03233535215258598,1.0,-3.0,success
480,1.8113455772399902,-1.0312293767929077,-0.00017639664292801172,0.03233864903450012,0.03233864903450012,1.0,3.0,success
481,1.8112843036651611,-1.0301964282989502,-0.0001763978652888909,0.03233638033270836,0.03233638033270836,1.0,3.0,success
482,1.811220407485962,-1.0291635990142822,-0.00017640014993958175,0.03233762085437775,0.03233762085437775,1.0,3.0,success
483,1.8111538887023926,-1.0281308889389038,-0.00017640383157413453,0.03233906626701355,0.03233906626701355,1.0,3.0,success
484,1.8110876083374023,-1.027098298072815,-0.00017639742873143405,0.03233487159013748,0.03233487159013748,1.0,-3.0,success
485,1.8110241889953613,-1.026065468788147,-0.00017640074656810611,0.032336704432964325,0.032336704432964325,1.0,-3.0,success
486,1.8109605312347412,-1.025032639503479,-0.00017641385784372687,0.032337162643671036,0.03233715891838074,1.0,3.0,success
487,1.810894250869751,-1.0240000486373901,-0.0001764151529641822,0.03233487159013748,0.03233487159013748,1.0,3.0,success
488,1.810825228691101,-1.0229674577713013,-0.00017641762678977102,0.03234047070145607,0.03234047070145607,1.0,3.0,success
489,1.8107566833496094,-1.021934986114502,-0.0001764104817993939,0.032335761934518814,0.032335761934518814,1.0,-3.0,success
490,1.8106908798217773,-1.020902395248413,-0.00017641314479988068,0.032333917915821075,0.032333917915821075,1.0,-3.0,success
491,1.8106248378753662,-1.0198696851730347,-0.0001764255139278248,0.032338112592697144,0.032338112592697144,1.0,3.0,success
492,1.8105559349060059,-1.0188370943069458,-0.00017642629973124713,0.03234022110700607,0.03234022110700607,1.0,3.0,success
493,1.8104844093322754,-1.017804741859436,-0.00017642845341470093,0.032338351011276245,0.032338351011276245,1.0,3.0,success
494,1.8104101419448853,-1.0167726278305054,-0.00017643226601649076,0.03233695030212402,0.03233695030212402,1.0,3.0,success
495,1.8103365898132324,-1.0157405138015747,-0.0001764263870427385,0.03233535960316658,0.03233535960316658,1.0,-3.0,success
496,1.8102657794952393,-1.014708161354065,-0.00017642979219090194,0.03233681246638298,0.03233681246638298,1.0,-3.0,success
497,1.8101946115493774,-1.0136758089065552,-0.00017644256877247244,0.032337579876184464,0.032337579876184464,1.0,3.0,success
498,1.8101205825805664,-1.012643575668335,-0.00017644392210058868,0.03234013542532921,0.03234013542532921,1.0,3.0,success
499,1.8100439310073853,-1.0116115808486938,-0.00017644667241256684,0.03233867138624191,0.03233867138624191,1.0,3.0,success
500,1.8099644184112549,-1.0105797052383423,-0.00017645109619479626,0.03234170377254486,0.03234170377254486,1.0,3.0,success
501,1.8098859786987305,-1.0095479488372803,-0.00017644591571297497,0.03233543038368225,0.03233542665839195,1.0,-3.0,success
502,1.8098102807998657,-1.0085160732269287,-0.00017644965555518866,0.03233276307582855,0.03233276307582855,1.0,-3.0,success
503,1.8097339868545532,-1.007483959197998,-0.00017646249034442008,0.03234156221151352,0.03234156221151352,1.0,3.0,success
504,1.8096548318862915,-1.0064520835876465,-0.0001764640910550952,0.032340846955776215,0.032340846955776215,1.0,3.0,success
505,1.8095730543136597,-1.005420446395874,-0.00017646719061303884,0.03233978897333145,0.03233978897333145,1.0,3.0,success
506,1.8094922304153442,-1.0043889284133911,-0.00017646115156821907,0.03233373537659645,0.03233373537659645,1.0,-3.0,success
507,1.8094141483306885,-1.003357172012329,-0.0001764641492627561,0.0323345847427845,0.0323345847427845,1.0,-3.0,success
508,1.8093353509902954,-1.0023252964019775,-0.00017647618369664997,0.03233999386429787,0.03233999386429787,1.0,3.0,success
509,1.8092538118362427,-1.0012935400009155,-0.0001764772314345464,0.03234291821718216,0.03234291821718216,1.0,3.0,success
510,1.8091695308685303,-1.0002621412277222,-0.00017647995264269412,0.03233863785862923,0.03233863785862923,1.0,3.0,success
511,1.8090823888778687,-0.9992308020591736,-0.00017648459470365196,0.03234419226646423,0.03234419226646423,1.0,3.0,success
512,1.8089966773986816,-0.9981996417045593,-0.0001764799962984398,0.032334886491298676,0.032334886491298676,1.0,-3.0,success
513,1.8089135885238647,-0.997168242931366,-0.00017648385255597532,0.03233562782406807,0.03233562782406807,1.0,-3.0,success
514,1.808829665184021,-0.9961367845535278,-0.00017649638175498694,0.032339587807655334,0.032339587807655334,1.0,3.0,success
515,1.808742880821228,-0.995105504989624,-0.00017649808432906866,0.03234139457345009,0.03234139457345009,1.0,3.0,success
516,1.808653473854065,-0.9940744042396545,-0.00017650147492531687,0.03234280273318291,0.03234280273318291,1.0,3.0,success
517,1.8085613250732422,-0.9930435419082642,-0.00017650677182246,0.03234289586544037,0.03234289586544037,1.0,3.0,success
518,1.808470606803894,-0.9920127987861633,-0.0001765029301168397,0.03233523294329643,0.03233523294329643,1.0,-3.0,success
519,1.8083826303482056,-0.9909818172454834,-0.00017650715017225593,0.03233525902032852,0.03233525902032852,1.0,-3.0,success
520,1.8082935810089111,-0.9899507164955139,-0.00017651973757892847,0.032341837882995605,0.032341837882995605,1.0,3.0,success
521,1.8082016706466675,-0.9889198541641235,-0.00017652171663939953,0.03234223276376724,0.03234223276376724,1.0,3.0,success
522,1.8081071376800537,-0.9878891706466675,-0.00017652547103352845,0.03234405070543289,0.03234405070543289,1.0,3.0,success
523,1.8080140352249146,-0.9868586659431458,-0.0001765206252457574,0.03233443573117256,0.03233443573117256,1.0,-3.0,success
524,1.8079237937927246,-0.9858278632164001,-0.00017652397218625993,0.0323357880115509,0.0323357880115509,1.0,-3.0,success
525,1.8078322410583496,-0.9847970008850098,-0.00017653561371844262,0.03234124556183815,0.03234124556183815,1.0,3.0,success
526,1.807737946510315,-0.9837663173675537,-0.00017653695249464363,0.03234336897730827,0.03234336897730827,1.0,3.0,success
527,1.807640790939331,-0.9827358722686768,-0.00017654028488323092,0.03234422206878662,0.03234422206878662,1.0,3.0,success
528,1.807541012763977,-0.9817056655883789,-0.00017654577095527202,0.032344598323106766,0.032344598323106766,1.0,3.0,success
529,1.8074430227279663,-0.9806755781173706,-0.00017654251132626086,0.0323355533182621,0.0323355495929718,1.0,-3.0,success
530,1.8073477745056152,-0.9796452522277832,-0.00017654681869316846,0.03233496844768524,0.03233496844768524,1.0,-3.0,success
531,1.8072509765625,-0.9786148071289062,-0.00017655901319812983,0.032343171536922455,0.032343171536922455,1.0,3.0,success
532,1.8071515560150146,-0.9775846004486084,-0.00017656107957009226,0.03234352543950081,0.03234352543950081,1.0,3.0,success
533,1.8070493936538696,-0.9765545725822449,-0.00017656513955444098,0.03234630823135376,0.03234630823135376,1.0,3.0,success
534,1.806944489479065,-0.9755248427391052,-0.00017657132411841303,0.03234561160206795,0.03234561160206795,1.0,3.0,success
535,1.806841492652893,-0.9744952917098999,-0.0001765688939485699,0.032334066927433014,0.032334066927433014,1.0,-3.0,success
536,1.8067413568496704,-0.9734653830528259,-0.00017657357966527343,0.032336410135030746,0.032336410135030746,1.0,-3.0,success
537,1.806639552116394,-0.9724354147911072,-0.0001765858323778957,0.03234335407614708,0.03234335035085678,1.0,3.0,success
538,1.8065348863601685,-0.9714056253433228,-0.0001765881897881627,0.032346710562705994,0.032346706837415695,1.0,3.0,success
539,1.8064275979995728,-0.9703761339187622,-0.00017659262812230736,0.032345838844776154,0.032345838844776154,1.0,3.0,success
540,1.806317687034607,-0.9693468809127808,-0.0001765992637956515,0.032347023487091064,0.032347023487091064,1.0,3.0,success
541,1.8062098026275635,-0.9683178067207336,-0.0001765974739100784,0.03233480453491211,0.03233480453491211,1.0,-3.0,success
542,1.8061046600341797,-0.9672884345054626,-0.00017660240700934082,0.032335247844457626,0.032335247844457626,1.0,-3.0,success
543,1.8060023784637451,-0.9662587642669678,-0.00017660397861618549,0.0323355533182621,0.0323355533182621,1.0,-3.0,success
544,1.8058983087539673,-0.9652289748191833,-0.00017661294259596616,0.03234483301639557,0.03234483301639557,1.0,3.0,success
545,1.8057913780212402,-0.964199423789978,-0.00017661266610957682,0.032346535474061966,0.032346535474061966,1.0,3.0,success
546,1.8056817054748535,-0.9631701707839966,-0.00017661509627941996,0.03234623745083809,0.03234623745083809,1.0,3.0,success
547,1.8055692911148071,-0.9621411561965942,-0.00017662023310549557,0.03234802186489105,0.03234802186489105,1.0,3.0,success
548,1.805454134941101,-0.9611124396324158,-0.00017662761092651635,0.032348182052373886,0.032348182052373886,1.0,3.0,success
549,1.805341362953186,-0.9600838422775269,-0.00017662669415585697,0.0323362797498703,0.0323362797498703,1.0,-3.0,success
550,1.8052314519882202,-0.9590550065040588,-0.00017663200560491532,0.032334063202142715,0.032334063202142715,1.0,-3.0,success
551,1.8051193952560425,-0.9580259919166565,-0.00017664417100604624,0.03234681114554405,0.03234681114554405,1.0,3.0,success
552,1.805004596710205,-0.9569972157478333,-0.00017664703773334622,0.032348789274692535,0.032348789274692535,1.0,3.0,success
553,1.8048871755599976,-0.9559687376022339,-0.0001766521600075066,0.03234872967004776,0.03234872967004776,1.0,3.0,success
554,1.8047670125961304,-0.9549405574798584,-0.000176659639691934,0.03234931081533432,0.03234931081533432,1.0,3.0,success
555,1.8046493530273438,-0.9539125561714172,-0.000176659130374901,0.03233477100729942,0.03233477100729942,1.0,-3.0,success
556,1.8045344352722168,-0.9528841972351074,-0.00017666450003162026,0.03233624994754791,0.03233624994754791,1.0,-3.0,success
557,1.804417371749878,-0.9518557190895081,-0.00017667638894636184,0.03234746679663658,0.03234746679663658,1.0,3.0,success
558,1.8042975664138794,-0.9508274793624878,-0.00017667931388132274,0.03234986588358879,0.03234986588358879,1.0,3.0,success
559,1.8041750192642212,-0.9497995376586914,-0.00017668463988229632,0.03235064446926117,0.03235064446926117,1.0,3.0,success
560,1.8040497303009033,-0.9487719535827637,-0.00017669241060502827,0.032349810004234314,0.032349810004234314,1.0,3.0,success
561,1.8039271831512451,-0.9477444887161255,-0.00017669245426077396,0.03233584761619568,0.03233584761619568,1.0,-3.0,success
562,1.8038074970245361,-0.9467166662216187,-0.0001766979694366455,0.03233648091554642,0.03233648091554642,1.0,-3.0,success
563,1.8036853075027466,-0.9456887245178223,-0.00017670966917648911,0.032349325716495514,0.032349325716495514,1.0,3.0,success
564,1.8035603761672974,-0.9446610808372498,-0.00017671271052677184,0.03235030546784401,0.03235030546784401,1.0,3.0,success
565,1.8034327030181885,-0.9436337351799011,-0.00017671829846221954,0.03235151618719101,0.03235151618719101,1.0,3.0,success
566,1.8033024072647095,-0.9426066875457764,-0.00017672641843091697,0.03235248476266861,0.03235248476266861,1.0,3.0,success
567,1.8031749725341797,-0.9415798187255859,-0.000176727058715187,0.032335810363292694,0.032335810363292694,1.0,-3.0,success
568,1.8030503988265991,-0.9405525922775269,-0.0001767327485140413,0.03233601152896881,0.03233601152896881,1.0,-3.0,success
569,1.8029285669326782,-0.9395250678062439,-0.00017673434922471642,0.0323350615799427,0.0323350615799427,1.0,-3.0,success
570,1.8028041124343872,-0.9384973645210266,-0.00017674209084361792,0.03235035762190819,0.03235035762190819,1.0,3.0,success
571,1.802676796913147,-0.9374699592590332,-0.00017674200353212655,0.032351985573768616,0.032351985573768616,1.0,3.0,success
572,1.8025469779968262,-0.9364429116249084,-0.00017674529226496816,0.03235061094164848,0.03235061094164848,1.0,3.0,success
573,1.8024145364761353,-0.9354161620140076,-0.00017675163690000772,0.03235175460577011,0.03235175460577011,1.0,3.0,success
574,1.8022793531417847,-0.9343897104263306,-0.00017676048446446657,0.03235359489917755,0.03235359489917755,1.0,3.0,success
575,1.8021471500396729,-0.9333634972572327,-0.00017676185234449804,0.03233417496085167,0.03233417496085167,1.0,-3.0,success
576,1.8020176887512207,-0.9323368668556213,-0.00017676794959697872,0.0323362797498703,0.0323362797498703,1.0,-3.0,success
577,1.8018852472305298,-0.9313100576400757,-0.00017677944561000913,0.03235360234975815,0.03235360234975815,1.0,3.0,success
578,1.8017501831054688,-0.9302836060523987,-0.0001767829671734944,0.03235311061143875,0.03235311061143875,1.0,3.0,success
579,1.8016124963760376,-0.9292575120925903,-0.00017678929725661874,0.03235282748937607,0.03235282748937607,1.0,3.0,success
580,1.8014721870422363,-0.9282316565513611,-0.0001767982612363994,0.03235644847154617,0.03235644847154617,1.0,3.0,success
581,1.801335096359253,-0.9272060394287109,-0.00017680012388154864,0.032335586845874786,0.032335586845874786,1.0,-3.0,success
582,1.8012007474899292,-0.9261800646781921,-0.00017680623568594456,0.03233542665839195,0.03233542665839195,1.0,-3.0,success
583,1.8010632991790771,-0.925153911113739,-0.00017681739700492471,0.032353684306144714,0.032353684306144714,1.0,3.0,success
584,1.8009231090545654,-0.9241280555725098,-0.00017682096222415566,0.03235594183206558,0.03235594183206558,1.0,3.0,success
585,1.8007804155349731,-0.9231025576591492,-0.00017682752513792366,0.03235555812716484,0.03235555812716484,1.0,3.0,success
586,1.8006352186203003,-0.9220774173736572,-0.00017683682381175458,0.03235536813735962,0.03235536813735962,1.0,3.0,success
587,1.8004932403564453,-0.9210525155067444,-0.00017683915211819112,0.03233403339982033,0.03233403339982033,1.0,-3.0,success
588,1.80035400390625,-0.9200271368026733,-0.00017684540944173932,0.03233715519309044,0.03233715519309044,1.0,-3.0,success
589,1.8002114295959473,-0.9190016388893127,-0.0001768563233781606,0.03235504776239395,0.03235504776239395,1.0,3.0,success
590,1.8000662326812744,-0.917976438999176,-0.0001768600195646286,0.03235721215605736,0.03235721215605736,1.0,3.0,success
591,1.7999186515808105,-0.916951596736908,-0.0001768668880686164,0.03235667943954468,0.03235667943954468,1.0,3.0,success
592,1.7997684478759766,-0.9159271121025085,-0.00017687657964415848,0.03235740587115288,0.03235740587115288,1.0,3.0,success
593,1.79962158203125,-0.9149028658866882,-0.00017687943181954324,0.032335065305233,0.032335065305233,1.0,-3.0,success
594,1.799477458000183,-0.9138782024383545,-0.00017688584921415895,0.032335925847291946,0.032335925847291946,1.0,-3.0,success
595,1.7993298768997192,-0.9128533601760864,-0.0001768965448718518,0.03235667943954468,0.03235667943954468,1.0,3.0,success
596,1.7991796731948853,-0.9118288159370422,-0.00017690040112938732,0.032359249889850616,0.032359249889850616,1.0,3.0,success
597,1.7990269660949707,-0.9108046889305115,-0.00017690758977551013,0.03235779330134392,0.03235779330134392,1.0,3.0,success
598,1.7988718748092651,-0.9097809195518494,-0.00017691768880467862,0.03235781565308571,0.03235781565308571,1.0,3.0,success
599,1.7987202405929565,-0.9087573885917664,-0.00017692107940092683,0.03233444318175316,0.03233444318175316,1.0,-3.0,success
600,1.798571228981018,-0.9077333807945251,-0.00017692767141852528,0.03233727812767029,0.03233727440237999,1.0,-3.0,success
601,1.7984246015548706,-0.9067090153694153,-0.00017692899564281106,0.032337699085474014,0.032337695360183716,1.0,-3.0,success
602,1.7982747554779053,-0.9056844115257263,-0.00017693531117402017,0.032359473407268524,0.032359473407268524,1.0,3.0,success
603,1.798128604888916,-0.9046600461006165,-0.0001769273221725598,0.032335586845874786,0.032335586845874786,1.0,-3.0,success
604,1.7979787588119507,-0.9036355018615723,-0.00017693331756163388,0.032357629388570786,0.032357629388570786,1.0,3.0,success
605,1.7978324890136719,-0.9026111364364624,-0.0001769257360137999,0.03233611583709717,0.03233611583709717,1.0,-3.0,success
606,1.7976887226104736,-0.9015863537788391,-0.00017692316032480448,0.032338060438632965,0.032338060438632965,1.0,-3.0,success
607,1.7975414991378784,-0.9005614519119263,-0.00017692633264232427,0.03235693648457527,0.03235693648457527,1.0,3.0,success
608,1.7973920106887817,-0.8995369076728821,-0.00017692420806270093,0.03235601633787155,0.03235601633787155,1.0,3.0,success
609,1.7972404956817627,-0.8985127210617065,-0.00017692682740744203,0.03235416114330292,0.03235416114330292,1.0,3.0,success
610,1.7970914840698242,-0.8974887728691101,-0.00017692369874566793,0.03233543410897255,0.03233543410897255,1.0,-3.0,success
611,1.7969449758529663,-0.8964644074440002,-0.00017692544497549534,0.032337166368961334,0.032337166368961334,1.0,-3.0,success
612,1.7967950105667114,-0.8954398036003113,-0.00017693228437565267,0.0323600135743618,0.0323600135743618,1.0,3.0,success
613,1.7966426610946655,-0.8944156169891357,-0.00017693325935397297,0.032357990741729736,0.032357990741729736,1.0,3.0,success
614,1.7964884042739868,-0.8933918476104736,-0.0001769384107319638,0.032353922724723816,0.03235391899943352,1.0,3.0,success
615,1.7963321208953857,-0.8923683762550354,-0.00017694693815428764,0.0323542095720768,0.0323542095720768,1.0,3.0,success
616,1.7961781024932861,-0.891345202922821,-0.00017694829148240387,0.03233439102768898,0.03233439102768898,1.0,-3.0,success
617,1.7960264682769775,-0.8903215527534485,-0.00017695366113912314,0.03233812749385834,0.03233812749385834,1.0,-3.0,success
618,1.795871376991272,-0.8892977237701416,-0.00017696316353976727,0.03235965967178345,0.03235965967178345,1.0,3.0,success
619,1.7957136631011963,-0.8882742524147034,-0.0001769665686879307,0.03236098960042,0.03236098960042,1.0,3.0,success
620,1.7955539226531982,-0.8872511982917786,-0.0001769738009897992,0.03235781192779541,0.03235781192779541,1.0,3.0,success
621,1.7953920364379883,-0.8862285017967224,-0.00017698414740152657,0.03235718607902527,0.03235718607902527,1.0,3.0,success
622,1.7952330112457275,-0.8852060437202454,-0.00017698756710160524,0.03233596682548523,0.03233596682548523,1.0,-3.0,success
623,1.7950767278671265,-0.8841831684112549,-0.00017699404270388186,0.0323357991874218,0.0323357991874218,1.0,-3.0,success
624,1.7949165105819702,-0.8831600546836853,-0.0001770040107658133,0.032361950725317,0.032361950725317,1.0,3.0,success
625,1.7947535514831543,-0.8821372985839844,-0.00017700812895782292,0.03236428275704384,0.03236428275704384,1.0,3.0,success
626,1.794588565826416,-0.8811150193214417,-0.00017701608885545284,0.03235959634184837,0.03235959634184837,1.0,3.0,success
627,1.7944214344024658,-0.8800930976867676,-0.0001770271483110264,0.03235932067036629,0.03235932067036629,1.0,3.0,success
628,1.794257640838623,-0.8790714144706726,-0.00017703164485283196,0.03233529254794121,0.03233529254794121,1.0,-3.0,success
629,1.7940963506698608,-0.8780492544174194,-0.0001770385424606502,0.03233771771192551,0.03233771771192551,1.0,-3.0,success
630,1.7939311265945435,-0.8770268559455872,-0.00017704842321109027,0.03236446529626846,0.032364461570978165,1.0,3.0,success
631,1.7937631607055664,-0.8760049343109131,-0.00017705281788948923,0.032363541424274445,0.032363541424274445,1.0,3.0,success
632,1.7935930490493774,-0.8749833703041077,-0.00017706117068883032,0.03236345946788788,0.03236345946788788,1.0,3.0,success
633,1.7934207916259766,-0.8739622235298157,-0.00017707268125377595,0.03236168250441551,0.03236168250441551,1.0,3.0,success
634,1.7932519912719727,-0.8729413151741028,-0.0001770779927028343,0.032336536794900894,0.032336536794900894,1.0,-3.0,success
635,1.793086051940918,-0.8719199299812317,-0.00017708513769321144,0.032336778938770294,0.032336778938770294,1.0,-3.0,success
636,1.79291570186615,-0.8708983659744263,-0.00017709478561300784,0.03236468508839607,0.03236468508839607,1.0,3.0,success
637,1.7927488088607788,-0.8698779940605164,-0.00017273324192501605,0.0323106124997139,0.032310325652360916,1.0,3.0,success
638,1.7925792932510376,-0.8688575625419617,-0.0001733890821924433,0.03232549875974655,0.032325491309165955,1.0,3.0,success
639,1.7924070358276367,-0.8678374886512756,-0.00017413451860193163,0.03232863172888756,0.03232862427830696,1.0,3.0,success
640,1.7922337055206299,-0.8668175935745239,-0.0001747349015204236,0.03232872113585472,0.032328713685274124,1.0,-3.0,success
641,1.792062759399414,-0.865797221660614,-0.00017522148846182972,0.032331015914678574,0.032331012189388275,1.0,-3.0,success
642,1.7918874025344849,-0.8647765517234802,-0.0001756142737576738,0.032363250851631165,0.032363247126340866,1.0,3.0,success
643,1.791709542274475,-0.8637562394142151,-0.00017592558288015425,0.0323655791580677,0.0323655791580677,1.0,3.0,success
644,1.7915295362472534,-0.8627364039421082,-0.0001761795865604654,0.03236248716711998,0.03236248716711998,1.0,3.0,success
645,1.7913475036621094,-0.8617169857025146,-0.00017638778081163764,0.03236071765422821,0.03236071765422821,1.0,3.0,success
646,1.7911690473556519,-0.8606977462768555,-0.0001765509368851781,0.03233575448393822,0.03233575448393822,1.0,-3.0,success
647,1.7909934520721436,-0.8596780300140381,-0.00017668367945589125,0.03233513981103897,0.03233513981103897,1.0,-3.0,success
648,1.7908129692077637,-0.8586580753326416,-0.00017679283337201923,0.032368749380111694,0.032368749380111694,1.0,3.0,success
649,1.7906299829483032,-0.8576385378837585,-0.00017687778745312244,0.03236963972449303,0.03236963972449303,1.0,3.0,success
650,1.7904446125030518,-0.8566194772720337,-0.0001769509690348059,0.03236822411417961,0.03236822411417961,1.0,3.0,success
651,1.7902570962905884,-0.8556008338928223,-0.00017701472097542137,0.03236746788024902,0.03236746788024902,1.0,3.0,success
652,1.7900670766830444,-0.854582667350769,-0.00017707097867969424,0.032367072999477386,0.032367072999477386,1.0,3.0,success
653,1.7898813486099243,-0.8535647392272949,-0.000177113339304924,0.03233540803194046,0.03233540803194046,1.0,-3.0,success
654,1.7896983623504639,-0.8525462746620178,-0.0001771489332895726,0.03233663737773895,0.03233663737773895,1.0,-3.0,success
655,1.789517879486084,-0.8515272736549377,-0.0001771724346326664,0.03233940526843071,0.03233940154314041,1.0,-3.0,success
656,1.789332628250122,-0.8505080938339233,-0.00017719375318847597,0.03237122297286987,0.03237122297286987,1.0,3.0,success
657,1.7891446352005005,-0.8494893908500671,-0.00017720855248626322,0.03237200155854225,0.03237200155854225,1.0,3.0,success
658,1.7889543771743774,-0.8484711647033691,-0.00017722579650580883,0.032370273023843765,0.032370273023843765,1.0,3.0,success
659,1.788761854171753,-0.8474533557891846,-0.00017724499048199505,0.03237053379416466,0.03237053379416466,1.0,3.0,success
660,1.7885668277740479,-0.8464360237121582,-0.00017726577061694115,0.03237053006887436,0.03237053006887436,1.0,3.0,success
661,1.7883694171905518,-0.84541916847229,-0.00017728786042425781,0.03237001225352287,0.03237001225352287,1.0,3.0,success
662,1.788169503211975,-0.8444027900695801,-0.0001773110416252166,0.032370392233133316,0.032370392233133316,1.0,3.0,success
663,1.7879668474197388,-0.8433868288993835,-0.00017733515414875,0.03237425163388252,0.03237425163388252,1.0,3.0,success
664,1.7877615690231323,-0.84237140417099,-0.0001773600815795362,0.032373953610658646,0.03237394988536835,1.0,3.0,success
665,1.7875534296035767,-0.8413564562797546,-0.00017738570750225335,0.03237718716263771,0.03237718716263771,1.0,3.0,success
666,1.7873424291610718,-0.8403420448303223,-0.00017741197370924056,0.03237885609269142,0.03237885609269142,1.0,3.0,success
667,1.7871371507644653,-0.8393278121948242,-0.0001774327683961019,0.03233743831515312,0.03233743831515312,1.0,-3.0,success
668,1.7869346141815186,-0.8383130431175232,-0.00017744900833349675,0.03233698755502701,0.03233698755502701,1.0,-3.0,success
669,1.7867262363433838,-0.8372979760169983,-0.0001774628908606246,0.032382335513830185,0.032382335513830185,1.0,3.0,success
670,1.7865153551101685,-0.8362834453582764,-0.00017747393576428294,0.03238174319267273,0.03238174319267273,1.0,3.0,success
671,1.7863017320632935,-0.8352693915367126,-0.00017748844402376562,0.032384712249040604,0.032384712249040604,1.0,3.0,success
672,1.7860854864120483,-0.8342558145523071,-0.00017750609549693763,0.032387129962444305,0.032387129962444305,1.0,3.0,success
673,1.7858755588531494,-0.8332425355911255,-0.00017752102576196194,0.03233738988637924,0.03233738988637924,1.0,-3.0,success
674,1.7856684923171997,-0.8322287201881409,-0.0001775317214196548,0.0323357954621315,0.0323357954621315,1.0,-3.0,success
675,1.785455346107483,-0.8312146067619324,-0.00017754037980921566,0.03238346427679062,0.03238346427679062,1.0,3.0,success
676,1.7852394580841064,-0.8302009701728821,-0.00017754767031874508,0.032386619597673416,0.032386619597673416,1.0,3.0,success
677,1.7850209474563599,-0.8291878700256348,-0.00017755934095475823,0.03238740563392639,0.03238740563392639,1.0,3.0,success
678,1.7847998142242432,-0.8281753063201904,-0.00017757489695213735,0.03238840401172638,0.03238840401172638,1.0,3.0,success
679,1.7845852375030518,-0.82716304063797,-0.00017758876492734998,0.032336197793483734,0.032336197793483734,1.0,-3.0,success
680,1.78437340259552,-0.8261501789093018,-0.0001775981072569266,0.0323367714881897,0.0323367714881897,1.0,-3.0,success
681,1.784155249595642,-0.8251370191574097,-0.00017760512128006667,0.03238687291741371,0.03238687291741371,1.0,3.0,success
682,1.783934473991394,-0.8241243958473206,-0.00017761156777851284,0.03238784149289131,0.03238784149289131,1.0,3.0,success
683,1.7837109565734863,-0.8231123089790344,-0.00017762271454557776,0.03238983452320099,0.03238983452320099,1.0,3.0,success
684,1.7834848165512085,-0.8221007585525513,-0.00017763799405656755,0.032391246408224106,0.032391246408224106,1.0,3.0,success
685,1.783265471458435,-0.821089506149292,-0.0001776521821739152,0.03233648091554642,0.03233648091554642,1.0,-3.0,success
686,1.7830487489700317,-0.820077657699585,-0.0001776613062247634,0.03233741968870163,0.03233741968870163,1.0,-3.0,success
687,1.7828257083892822,-0.819065511226654,-0.00017766760720405728,0.03238844498991966,0.03238844498991966,1.0,3.0,success
688,1.782599925994873,-0.8180539011955261,-0.00017767395183909684,0.03239062801003456,0.03239062801003456,1.0,3.0,success
689,1.7823714017868042,-0.8170428276062012,-0.00017768518591765314,0.03239304944872856,0.03239304944872856,1.0,3.0,success
690,1.7821402549743652,-0.816032350063324,-0.0001777006546035409,0.03239305689930916,0.03239305689930916,1.0,3.0,success
691,1.7819161415100098,-0.8150221109390259,-0.00017771551210898906,0.032337483018636703,0.032337483018636703,1.0,-3.0,success
692,1.7816946506500244,-0.8140113353729248,-0.00017772469436749816,0.03233620524406433,0.03233620524406433,1.0,-3.0,success
693,1.7814664840698242,-0.8130002021789551,-0.00017773052968550473,0.03239240124821663,0.03239240124821663,1.0,3.0,success
694,1.781235694885254,-0.8119896054267883,-0.0001777369761839509,0.032394200563430786,0.032394200563430786,1.0,3.0,success
695,1.7810022830963135,-0.8109796047210693,-0.00017774842854123563,0.032394394278526306,0.032394394278526306,1.0,3.0,success
696,1.7807661294937134,-0.8099702000617981,-0.00017776423192117363,0.032395657151937485,0.032395657151937485,1.0,3.0,success
697,1.7805371284484863,-0.808961033821106,-0.00017777984612621367,0.032338205724954605,0.032338205724954605,1.0,-3.0,success
698,1.780310869216919,-0.8079512715339661,-0.00017778917390387505,0.032337531447410583,0.032337531447410583,1.0,-3.0,success
699,1.7800778150558472,-0.8069412112236023,-0.00017779460176825523,0.032393697649240494,0.032393697649240494,1.0,3.0,success
700,1.7798420190811157,-0.8059317469596863,-0.00017780119378585368,0.032394930720329285,0.032394926995038986,1.0,3.0,success
701,1.7796036005020142,-0.8049228191375732,-0.00017781292262952775,0.032397352159023285,0.032397352159023285,1.0,3.0,success
702,1.779362440109253,-0.803914487361908,-0.00017782907525543123,0.032399050891399384,0.032399050891399384,1.0,3.0,success
703,1.7791286706924438,-0.8029064536094666,-0.00017784548981580883,0.03233703225851059,0.03233703225851059,1.0,-3.0,success
704,1.7788976430892944,-0.8018977642059326,-0.00017785497766453773,0.03233775496482849,0.03233775496482849,1.0,-3.0,success
705,1.7786595821380615,-0.8008887767791748,-0.00017785999807529151,0.032396599650382996,0.032396599650382996,1.0,3.0,success
706,1.778418779373169,-0.79988032579422,-0.00017786673561204225,0.03240007907152176,0.03240007907152176,1.0,3.0,success
707,1.7781753540039062,-0.7988725304603577,-0.00017787875549402088,0.032399293035268784,0.032399289309978485,1.0,3.0,success
708,1.7779293060302734,-0.7978653311729431,-0.00017789527191780508,0.03240053728222847,0.03240053728222847,1.0,3.0,success
709,1.7776907682418823,-0.7968583703041077,-0.00017791250138543546,0.03233839571475983,0.03233839571475983,1.0,-3.0,success
710,1.7774548530578613,-0.7958508133888245,-0.00017792213475331664,0.032337736338377,0.032337736338377,1.0,-3.0,success
711,1.7772117853164673,-0.7948428988456726,-0.00017792676226235926,0.03240028768777847,0.03240028768777847,1.0,3.0,success
712,1.7769660949707031,-0.7938356399536133,-0.00017793367442209274,0.03239969536662102,0.03239969536662102,1.0,3.0,success
713,1.7767176628112793,-0.7928289175033569,-0.00017794595623854548,0.03240383043885231,0.03240383043885231,1.0,3.0,success
714,1.7764666080474854,-0.7918228507041931,-0.0001779628510121256,0.03240368515253067,0.03240368515253067,1.0,3.0,success
715,1.7762129306793213,-0.7908173203468323,-0.0001779834710760042,0.03240737318992615,0.03240737318992615,1.0,3.0,success
716,1.7759671211242676,-0.7898121476173401,-0.00017800461500883102,0.0323372483253479,0.0323372483253479,1.0,-3.0,success
717,1.7757240533828735,-0.7888063192367554,-0.00017801663489080966,0.032336920499801636,0.032336920499801636,1.0,-3.0,success
718,1.7754734754562378,-0.787800133228302,-0.000178022455656901,0.032403696328401566,0.032403696328401566,1.0,3.0,success
719,1.7752201557159424,-0.7867945432662964,-0.00017803105583880097,0.03240644559264183,0.03240644559264183,1.0,3.0,success
720,1.7749643325805664,-0.7857896089553833,-0.0001780449238140136,0.0324057899415493,0.032405786216259,1.0,3.0,success
721,1.7747057676315308,-0.784785270690918,-0.00017806327377911657,0.03240899369120598,0.03240899369120598,1.0,3.0,success
722,1.774455189704895,-0.7837812304496765,-0.0001780832390068099,0.03233863413333893,0.03233863413333893,1.0,-3.0,success
723,1.7742074728012085,-0.7827765345573425,-0.00017809384735301137,0.032336991280317307,0.032336991280317307,1.0,-3.0,success
724,1.7739518880844116,-0.7817714810371399,-0.00017809790733736008,0.03240755945444107,0.03240755945444107,1.0,3.0,success
725,1.7736936807632446,-0.7807670831680298,-0.00017810559074860066,0.03240801393985748,0.03240801393985748,1.0,3.0,success
726,1.7734328508377075,-0.7797632813453674,-0.0001781188911991194,0.03241049125790596,0.03241049125790596,1.0,3.0,success
727,1.7731693983078003,-0.7787601351737976,-0.00017813693557400256,0.032411377876996994,0.032411377876996994,1.0,3.0,success
728,1.772914171218872,-0.7777572870254517,-0.00017815723549574614,0.032338015735149384,0.032338015735149384,1.0,-3.0,success
729,1.772661566734314,-0.7767537832260132,-0.0001781675819074735,0.03233776614069939,0.03233776614069939,1.0,-3.0,success
730,1.7724010944366455,-0.775749921798706,-0.0001781708560883999,0.03240948170423508,0.03240948170423508,1.0,3.0,success
731,1.772137999534607,-0.7747467160224915,-0.00017817842308431864,0.03241034597158432,0.03241034597158432,1.0,3.0,success
732,1.7718721628189087,-0.7737441062927246,-0.00017819178174249828,0.032414183020591736,0.03241417929530144,1.0,3.0,success
733,1.7716038227081299,-0.7727421522140503,-0.00017821001529227942,0.032414525747299194,0.032414525747299194,1.0,3.0,success
734,1.7713438272476196,-0.7717405557632446,-0.0001782310428097844,0.03233722969889641,0.03233722969889641,1.0,-3.0,success
735,1.7710864543914795,-0.7707382440567017,-0.00017824143287725747,0.03233838081359863,0.03233838081359863,1.0,-3.0,success
736,1.77082097530365,-0.76973557472229,-0.00017824418318923563,0.032413117587566376,0.032413117587566376,1.0,3.0,success
737,1.7705529928207397,-0.768733561038971,-0.00017825183749664575,0.03241343796253204,0.03241343796253204,1.0,3.0,success
738,1.7702821493148804,-0.7677322030067444,-0.00017826542898546904,0.03241686895489693,0.03241686895489693,1.0,3.0,success
739,1.7700088024139404,-0.7667315006256104,-0.0001782839826773852,0.032417621463537216,0.032417621463537216,1.0,3.0,success
740,1.7697440385818481,-0.765731155872345,-0.000178305825102143,0.03233717381954193,0.03233717381954193,1.0,-3.0,success
741,1.7694820165634155,-0.7647300362586975,-0.0001783163461368531,0.03233878314495087,0.03233878314495087,1.0,-3.0,success
742,1.7692116498947144,-0.7637286186218262,-0.00017831861623562872,0.03241478279232979,0.03241478279232979,1.0,3.0,success
743,1.7689385414123535,-0.7627277970314026,-0.00017832641606219113,0.032419249415397644,0.032419249415397644,1.0,3.0,success
744,1.768662929534912,-0.7617276906967163,-0.00017834028403740376,0.0324183851480484,0.0324183851480484,1.0,3.0,success
745,1.768384575843811,-0.7607282400131226,-0.00017835920152720064,0.03242151811718941,0.03242151811718941,1.0,3.0,success
746,1.7681150436401367,-0.7597291469573975,-0.00017838188796304166,0.03233785554766655,0.03233785554766655,1.0,-3.0,success
747,1.767848253250122,-0.7587293386459351,-0.00017839255451690406,0.0323372408747673,0.0323372408747673,1.0,-3.0,success
748,1.7675728797912598,-0.7577291131019592,-0.0001783943735063076,0.032419998198747635,0.032419998198747635,1.0,3.0,success
749,1.767295002937317,-0.7567296028137207,-0.00017840233340393752,0.032419316470623016,0.032419316470623016,1.0,3.0,success
750,1.7670143842697144,-0.7557307481765747,-0.0001784164778655395,0.03242264315485954,0.03242264315485954,1.0,3.0,success
751,1.7667311429977417,-0.754732608795166,-0.00017843575915321708,0.03242340311408043,0.03242340311408043,1.0,3.0,success
752,1.766445279121399,-0.7537351250648499,-0.00017845918773673475,0.03242617845535278,0.03242617845535278,1.0,3.0,success
753,1.7661685943603516,-0.7527379989624023,-0.00017848621064331383,0.03233755752444267,0.03233755752444267,1.0,-3.0,success
754,1.7658945322036743,-0.7517400979995728,-0.00017849951109383255,0.03233908861875534,0.03233908861875534,1.0,-3.0,success
755,1.7656117677688599,-0.7507418394088745,-0.00017850263975560665,0.03242292255163193,0.03242292255163193,1.0,3.0,success
756,1.7653263807296753,-0.7497442364692688,-0.0001785124622983858,0.032425656914711,0.0324256531894207,1.0,3.0,success
757,1.765038251876831,-0.7487473487854004,-0.00017852833843789995,0.03242785483598709,0.03242785483598709,1.0,3.0,success
758,1.7647476196289062,-0.7477511763572693,-0.0001785491913324222,0.032428205013275146,0.032428205013275146,1.0,3.0,success
759,1.7644662857055664,-0.7467553615570068,-0.00017857483180705458,0.03233726695179939,0.03233726695179939,1.0,-3.0,success
760,1.7641875743865967,-0.7457587718963623,-0.00017858650244306773,0.032338403165340424,0.032338403165340424,1.0,-3.0,success
761,1.763899803161621,-0.7447617650032043,-0.00017858765204437077,0.032428331673145294,0.032428331673145294,1.0,3.0,success
762,1.763609528541565,-0.7437655329704285,-0.0001785964414011687,0.0324268639087677,0.0324268639087677,1.0,3.0,success
763,1.7633166313171387,-0.7427699565887451,-0.00017861164815258235,0.03243022784590721,0.03243022784590721,1.0,3.0,success
764,1.7630211114883423,-0.7417750954627991,-0.00017863210814539343,0.03243202716112137,0.03243202716112137,1.0,3.0,success
765,1.7627350091934204,-0.7407805919647217,-0.00017865806876216084,0.032338716089725494,0.032338716089725494,1.0,-3.0,success
766,1.7624515295028687,-0.7397853136062622,-0.00017866941925603896,0.032339442521333694,0.032339442521333694,1.0,-3.0,success
767,1.762158989906311,-0.7387896776199341,-0.0001786696957424283,0.032428864389657974,0.032428860664367676,1.0,3.0,success
768,1.7618637084960938,-0.7377947568893433,-0.00017867833958007395,0.03243169188499451,0.03243169188499451,1.0,3.0,success
769,1.761565923690796,-0.736800491809845,-0.00017869357543531805,0.032434411346912384,0.032434411346912384,1.0,3.0,success
770,1.7612653970718384,-0.7358070015907288,-0.0001787142246030271,0.03243592008948326,0.03243592008948326,1.0,3.0,success
771,1.760974645614624,-0.7348138689994812,-0.00017874092736747116,0.03233806788921356,0.03233806788921356,1.0,-3.0,success
772,1.7606865167617798,-0.7338199615478516,-0.0001787522924132645,0.03233839198946953,0.03233839198946953,1.0,-3.0,success
773,1.760388970375061,-0.7328256368637085,-0.0001787519722711295,0.03243405744433403,0.03243405744433403,1.0,3.0,success
774,1.7600889205932617,-0.7318320870399475,-0.0001787607034202665,0.032433390617370605,0.032433390617370605,1.0,3.0,success
775,1.7597861289978027,-0.7308392524719238,-0.00017877615755423903,0.03243688493967056,0.03243688493967056,1.0,3.0,success
776,1.7594807147979736,-0.7298471331596375,-0.0001787971268640831,0.03243952617049217,0.03243952617049217,1.0,3.0,success
777,1.759172797203064,-0.7288557291030884,-0.0001788225199561566,0.03244128078222275,0.03244128078222275,1.0,3.0,success
778,1.7588748931884766,-0.7278647422790527,-0.00017885379202198237,0.032337356358766556,0.032337356358766556,1.0,-3.0,success
779,1.7585796117782593,-0.7268729209899902,-0.00017886793648358434,0.03233885020017624,0.03233885020017624,1.0,-3.0,success
780,1.7582746744155884,-0.7258806824684143,-0.0001788689842214808,0.03243870660662651,0.03243870288133621,1.0,3.0,success
781,1.7579671144485474,-0.7248891592025757,-0.00017887967987917364,0.032441526651382446,0.032441526651382446,1.0,3.0,success
782,1.7576570510864258,-0.7238984704017639,-0.0001788969530025497,0.03243989869952202,0.03243989869952202,1.0,3.0,success
783,1.7573442459106445,-0.7229084372520447,-0.00017891955212689936,0.032446056604385376,0.032446056604385376,1.0,3.0,success
784,1.7570416927337646,-0.7219188809394836,-0.00017894929624162614,0.032336730509996414,0.032336730509996414,1.0,-3.0,success
785,1.7567417621612549,-0.720928430557251,-0.00017896166536957026,0.03233960270881653,0.03233960270881653,1.0,-3.0,success
786,1.7564319372177124,-0.7199375629425049,-0.00017896060307975858,0.032443009316921234,0.032443009316921234,1.0,3.0,success
787,1.7561196088790894,-0.7189474701881409,-0.00017897016368806362,0.032443348318338394,0.032443348318338394,1.0,3.0,success
788,1.7558045387268066,-0.7179581522941589,-0.00017898669466376305,0.032446153461933136,0.032446153461933136,1.0,3.0,success
789,1.7554869651794434,-0.7169696092605591,-0.00017900884267874062,0.03244692459702492,0.03244692459702492,1.0,3.0,success
790,1.755179762840271,-0.7159814834594727,-0.0001790388923836872,0.03233681619167328,0.03233681619167328,1.0,-3.0,success
791,1.7548750638961792,-0.7149924635887146,-0.0001790508977137506,0.03234037756919861,0.03234037756919861,1.0,-3.0,success
792,1.7545604705810547,-0.7140030264854431,-0.00017904888954944909,0.032445184886455536,0.032445184886455536,1.0,3.0,success
793,1.7542431354522705,-0.7130143642425537,-0.00017905827553477138,0.03244819492101669,0.03244819492101669,1.0,3.0,success
794,1.7539232969284058,-0.7120265364646912,-0.00017907483561430126,0.03244737908244133,0.03244737908244133,1.0,3.0,success
795,1.753600835800171,-0.7110394239425659,-0.00017909714370034635,0.03245146945118904,0.03245146945118904,1.0,3.0,success
796,1.753275752067566,-0.7100530862808228,-0.00017912409384734929,0.03245401009917259,0.03245401009917259,1.0,3.0,success
797,1.7529613971710205,-0.709067165851593,-0.00017915880016516894,0.032338205724954605,0.032338205724954605,1.0,-3.0,success
798,1.7526496648788452,-0.7080803513526917,-0.0001791735994629562,0.032340046018362045,0.032340046018362045,1.0,-3.0,success
799,1.7523276805877686,-0.7070931792259216,-0.00017917293007485569,0.03244861587882042,0.03244861587882042,1.0,3.0,success
800,1.7520030736923218,-0.7061067223548889,-0.0001791843242244795,0.032452888786792755,0.032452888786792755,1.0,3.0,success
801,1.7516758441925049,-0.7051210403442383,-0.0001792026887414977,0.03245561942458153,0.03245561942458153,1.0,3.0,success
802,1.7513459920883179,-0.7041361927986145,-0.00017922665574587882,0.03245680779218674,0.03245680779218674,1.0,3.0,success
803,1.75102698802948,-0.7031517624855042,-0.00017925970314536244,0.03233833611011505,0.03233833611011505,1.0,-3.0,success
804,1.7507106065750122,-0.7021664381027222,-0.00017927261069417,0.03233976662158966,0.03233976662158966,1.0,-3.0,success
805,1.750383734703064,-0.7011806964874268,-0.0001792696857592091,0.03245386853814125,0.03245386853814125,1.0,3.0,success
806,1.7500543594360352,-0.7001957297325134,-0.00017927987209986895,0.03245561197400093,0.03245561197400093,1.0,3.0,success
807,1.7497222423553467,-0.699211597442627,-0.0001792974362615496,0.03245817497372627,0.03245817497372627,1.0,3.0,success
808,1.7493876218795776,-0.6982282400131226,-0.00017932089394889772,0.032460350543260574,0.032460350543260574,1.0,3.0,success
809,1.7490503787994385,-0.6972456574440002,-0.00017934911011252552,0.03246394172310829,0.03246394172310829,1.0,3.0,success
810,1.748724341392517,-0.6962635517120361,-0.00017938642122317106,0.03233781456947327,0.03233781456947327,1.0,-3.0,success
811,1.7484009265899658,-0.6952805519104004,-0.0001794017880456522,0.03233862668275833,0.03233862668275833,1.0,-3.0,success
812,1.7480666637420654,-0.6942970752716064,-0.00017939991084858775,0.032460279762744904,0.032460279762744904,1.0,3.0,success
813,1.7477298974990845,-0.6933143734931946,-0.00017941185797099024,0.03246263414621353,0.03246263414621353,1.0,3.0,success
814,1.7473905086517334,-0.6923325657844543,-0.00017943106649909168,0.03246288374066353,0.03246288374066353,1.0,3.0,success
815,1.7470486164093018,-0.6913515329360962,-0.00017945602303370833,0.03246566280722618,0.03246566280722618,1.0,3.0,success
816,1.746717929840088,-0.6903709173202515,-0.00017949151515495032,0.032339755445718765,0.032339755445718765,1.0,-3.0,success
817,1.7463899850845337,-0.6893894076347351,-0.00017950481560546905,0.03233897686004639,0.03233897686004639,1.0,-3.0,success
818,1.7460509538650513,-0.6884074807167053,-0.00017950055189430714,0.03246275708079338,0.03246275708079338,1.0,3.0,success
819,1.7457093000411987,-0.6874263286590576,-0.00017951117479242384,0.03246672824025154,0.03246672824025154,1.0,3.0,success
820,1.7453652620315552,-0.6864460706710815,-0.00017952965572476387,0.03246494382619858,0.03246494010090828,1.0,3.0,success
821,1.7450186014175415,-0.6854665875434875,-0.00017955411749426275,0.03246934339404106,0.03246934339404106,1.0,3.0,success
822,1.7446833848953247,-0.6844875812530518,-0.00017958958051167428,0.03233768790960312,0.03233768790960312,1.0,-3.0,success
823,1.7443506717681885,-0.6835076212882996,-0.00017960244440473616,0.032340649515390396,0.032340649515390396,1.0,-3.0,success
824,1.744006872177124,-0.6825272440910339,-0.00017959711840376258,0.032465990632772446,0.032465990632772446,1.0,3.0,success
825,1.7436604499816895,-0.6815476417541504,-0.00017960755212698132,0.032470375299453735,0.032470375299453735,1.0,3.0,success
826,1.7433115243911743,-0.6805689334869385,-0.00017962612037081271,0.0324702225625515,0.0324702225625515,1.0,3.0,success
827,1.7429602146148682,-0.6795910596847534,-0.0001796507858671248,0.03247077390551567,0.03247077390551567,1.0,3.0,success
828,1.7426064014434814,-0.6786140203475952,-0.00017968031170312315,0.03247278556227684,0.03247278556227684,1.0,3.0,success
829,1.7422640323638916,-0.6776374578475952,-0.00017972048954106867,0.0323387049138546,0.0323387049138546,1.0,-3.0,success
830,1.7419244050979614,-0.6766599416732788,-0.00017973638023249805,0.03233860805630684,0.03233860805630684,1.0,-3.0,success
831,1.7415732145309448,-0.6756819486618042,-0.00017973253852687776,0.03247302398085594,0.03247302025556564,1.0,3.0,success
832,1.7412195205688477,-0.6747047901153564,-0.00017974511138163507,0.032475024461746216,0.032475024461746216,1.0,3.0,success
833,1.74086332321167,-0.6737284660339355,-0.00017976558592636138,0.0324772372841835,0.032477233558893204,1.0,3.0,success
834,1.7405046224594116,-0.672753095626831,-0.00017979195399675518,0.03247616067528725,0.03247616067528725,1.0,3.0,success
835,1.7401577234268188,-0.6717780828475952,-0.00017983047291636467,0.03234018757939339,0.03234018757939339,1.0,-3.0,success
836,1.7398134469985962,-0.6708021759986877,-0.00017984426813200116,0.032339148223400116,0.032339148223400116,1.0,-3.0,success
837,1.739457607269287,-0.6698257327079773,-0.0001798379817046225,0.03247690573334694,0.03247690573334694,1.0,3.0,success
838,1.7390990257263184,-0.6688502430915833,-0.0001798492157831788,0.032478366047143936,0.032478366047143936,1.0,3.0,success
839,1.7387381792068481,-0.6678755283355713,-0.0001798688608687371,0.0324801467359066,0.0324801467359066,1.0,3.0,success
840,1.7383748292922974,-0.6669017672538757,-0.0001798947196220979,0.03247946500778198,0.03247946500778198,1.0,3.0,success
841,1.738008975982666,-0.665928840637207,-0.00017992552602663636,0.032482489943504333,0.032482489943504333,1.0,3.0,success
842,1.7376550436019897,-0.6649563908576965,-0.00017996835231315345,0.032339245080947876,0.032339245080947876,1.0,-3.0,success
843,1.7373037338256836,-0.6639829874038696,-0.0001799847959773615,0.03233933821320534,0.03233933821320534,1.0,-3.0,success
844,1.7369405031204224,-0.6630090475082397,-0.00017997964459937066,0.03248340263962746,0.03248340263962746,1.0,3.0,success
845,1.7365747690200806,-0.6620360016822815,-0.00017999277042690665,0.032484665513038635,0.032484665513038635,1.0,3.0,success
846,1.7362065315246582,-0.6610638499259949,-0.00018001407443080097,0.032486140727996826,0.032486140727996826,1.0,3.0,success
847,1.7358359098434448,-0.6600925922393799,-0.00018004144658334553,0.032486505806446075,0.032486505806446075,1.0,3.0,success
848,1.7354625463485718,-0.6591221690177917,-0.0001800736499717459,0.03249280899763107,0.03249280899763107,1.0,3.0,success
849,1.7351016998291016,-0.6581522822380066,-0.00018011900829151273,0.032338697463274,0.032338697463274,1.0,-3.0,success
850,1.734743595123291,-0.6571813821792603,-0.00018013620865531266,0.03233863040804863,0.03233863040804863,1.0,-3.0,success
851,1.7343730926513672,-0.6562099456787109,-0.0001801305916160345,0.03249039500951767,0.03249039500951767,1.0,3.0,success
852,1.7340002059936523,-0.655239462852478,-0.00018014432862401009,0.03248919919133186,0.03248919919133186,1.0,3.0,success
853,1.7336246967315674,-0.6542698740959167,-0.00018016625836025923,0.03249263018369675,0.03249262645840645,1.0,3.0,success
854,1.7332466840744019,-0.6533011198043823,-0.00018019432900473475,0.03249666839838028,0.03249666839838028,1.0,3.0,success
855,1.7328813076019287,-0.6523329019546509,-0.00018023732991423458,0.032339535653591156,0.032339535653591156,1.0,-3.0,success
856,1.7325034141540527,-0.6513641476631165,-0.00018024233577307314,0.03249531611800194,0.03249531611800194,1.0,3.0,success
857,1.7321230173110962,-0.6503962874412537,-0.00018026534235104918,0.0324978232383728,0.0324978232383728,1.0,3.0,success
858,1.7317554950714111,-0.6494289040565491,-0.00018030512728728354,0.03233889117836952,0.03233889117836952,1.0,-3.0,success
859,1.7313753366470337,-0.6484609842300415,-0.0001803068444132805,0.03249682858586311,0.03249682858586311,1.0,3.0,success
860,1.7309926748275757,-0.6474939584732056,-0.0001803274790290743,0.0324995331466198,0.0324995294213295,1.0,3.0,success
861,1.7306073904037476,-0.6465278267860413,-0.00018035509856417775,0.032503820955753326,0.032503820955753326,1.0,3.0,success
862,1.73023521900177,-0.6455622315406799,-0.00018039894348476082,0.03233863040804863,0.03233862668275833,1.0,-3.0,success
863,1.729850172996521,-0.6445960998535156,-0.00018040265422314405,0.032501064240932465,0.032501064240932465,1.0,3.0,success
864,1.7294626235961914,-0.643630862236023,-0.00018042557348962873,0.03250417858362198,0.03250417858362198,1.0,3.0,success
865,1.7290725708007812,-0.6426665186882019,-0.000180455157533288,0.032507508993148804,0.032507508993148804,1.0,3.0,success
866,1.72868013381958,-0.6417031288146973,-0.00018048982019536197,0.032507915049791336,0.03250791132450104,1.0,3.0,success
867,1.7282850742340088,-0.640740692615509,-0.00018052858649753034,0.03251134976744652,0.03251134976744652,1.0,3.0,success
868,1.7278876304626465,-0.6397792100906372,-0.00018057065608445555,0.03251216933131218,0.03251216933131218,1.0,3.0,success
869,1.7274878025054932,-0.638818621635437,-0.00018061544687952846,0.03251490741968155,0.03251490741968155,1.0,3.0,success
870,1.7270854711532593,-0.6378589272499084,-0.00018066246411763132,0.03251928091049194,0.03251928091049194,1.0,3.0,success
871,1.726680874824524,-0.6369002461433411,-0.00018071131489705294,0.03251753747463226,0.03251753747463226,1.0,3.0,success
872,1.726273775100708,-0.6359424591064453,-0.00018076169362757355,0.03252232074737549,0.03252232074737549,1.0,3.0,success
873,1.725864291191101,-0.634985625743866,-0.00018081336747854948,0.03252413496375084,0.03252413496375084,1.0,3.0,success
874,1.7254524230957031,-0.6340296864509583,-0.0001808661181712523,0.032527856528759,0.032527856528759,1.0,3.0,success
875,1.7250381708145142,-0.6330747604370117,-0.00018091981473844498,0.032528359442949295,0.032528359442949295,1.0,3.0,success
876,1.7246216535568237,-0.6321207880973816,-0.00018097431166097522,0.032529279589653015,0.032529279589653015,1.0,3.0,success
877,1.7242026329040527,-0.6311677694320679,-0.00018102952162735164,0.03253337740898132,0.03253337740898132,1.0,3.0,success
878,1.723798155784607,-0.6302151679992676,-0.00018109982192981988,0.0323411226272583,0.0323411226272583,1.0,-3.0,success
879,1.7233961820602417,-0.6292614936828613,-0.0001811302063288167,0.032341524958610535,0.032341524958610535,1.0,-3.0,success
880,1.7229803800582886,-0.6283072233200073,-0.0001811283582355827,0.03252888098359108,0.03252888098359108,1.0,3.0,success
881,1.7225620746612549,-0.6273539066314697,-0.00018115162674803287,0.032532915472984314,0.032532915472984314,1.0,3.0,success
882,1.7221413850784302,-0.6264016628265381,-0.00018118253501597792,0.03253225237131119,0.03253225237131119,1.0,3.0,success
883,1.7217180728912354,-0.6254503726959229,-0.00018121913308277726,0.03253823146224022,0.03253823146224022,1.0,3.0,success
884,1.7212923765182495,-0.6245000958442688,-0.0001812603004509583,0.032539691776037216,0.032539691776037216,1.0,3.0,success
885,1.7208813428878784,-0.623550295829773,-0.00018132099648937583,0.03234139084815979,0.03234139084815979,1.0,-3.0,success
886,1.7204729318618774,-0.6225994229316711,-0.00018134259153157473,0.032339729368686676,0.032339729368686676,1.0,-3.0,success
887,1.7200502157211304,-0.6216479539871216,-0.00018133220146410167,0.03253576532006264,0.03253576532006264,1.0,3.0,success
888,1.7196249961853027,-0.6206974983215332,-0.00018134972197003663,0.032538704574108124,0.032538704574108124,1.0,3.0,success
889,1.7191972732543945,-0.619748055934906,-0.00018137630831915885,0.03254185616970062,0.03254185616970062,1.0,3.0,success
890,1.7187670469284058,-0.6187996864318848,-0.0001814096758607775,0.03254352882504463,0.03254352882504463,1.0,3.0,success
891,1.718334436416626,-0.6178522706031799,-0.0001814484567148611,0.03254726901650429,0.03254726901650429,1.0,3.0,success
892,1.7179166078567505,-0.6169054508209229,-0.00018150854157283902,0.032341085374355316,0.032341085374355316,1.0,-3.0,success
893,1.7175014019012451,-0.615957498550415,-0.00018152850680053234,0.03234049677848816,0.03234049677848816,1.0,-3.0,success
894,1.717071771621704,-0.6150088906288147,-0.0001815155119402334,0.032542627304792404,0.032542627304792404,1.0,3.0,success
895,1.716639518737793,-0.6140613555908203,-0.00018153208657167852,0.032546017318964005,0.032546017318964005,1.0,3.0,success
896,1.7162047624588013,-0.6131148934364319,-0.00018155816360376775,0.032548096030950546,0.032548096030950546,1.0,3.0,success
897,1.7157676219940186,-0.6121694445610046,-0.00018159129831474274,0.032550517469644547,0.032550517469644547,1.0,3.0,success
898,1.7153455018997192,-0.6112245321273804,-0.00018164784705732018,0.03234102949500084,0.03234102949500084,1.0,-3.0,success
899,1.7149258852005005,-0.6102784872055054,-0.00018166424706578255,0.032341547310352325,0.032341547310352325,1.0,-3.0,success
900,1.7144914865493774,-0.6093319058418274,-0.000181647454155609,0.032546814531087875,0.032546814531087875,1.0,3.0,success
901,1.7140547037124634,-0.6083862781524658,-0.00018166172958444804,0.03255090489983559,0.03255090489983559,1.0,3.0,success
902,1.7136152982711792,-0.607441782951355,-0.000181686133146286,0.03255326673388481,0.03255326673388481,1.0,3.0,success
903,1.713173508644104,-0.6064983606338501,-0.0001817180891521275,0.032554395496845245,0.032554395496845245,1.0,3.0,success
904,1.7127292156219482,-0.6055559515953064,-0.00018175608420278877,0.03255900740623474,0.03255900740623474,1.0,3.0,success
905,1.7123003005981445,-0.6046141386032104,-0.00018181759514845908,0.032340046018362045,0.032340046018362045,1.0,-3.0,success
906,1.7118738889694214,-0.603671133518219,-0.00018183681822847575,0.032341644167900085,0.032341644167900085,1.0,-3.0,success
907,1.7114325761795044,-0.6027275323867798,-0.00018182111671194434,0.03255314379930496,0.03255314379930496,1.0,3.0,success
908,1.7109887599945068,-0.6017849445343018,-0.00018183740030508488,0.03255770727992058,0.03255770727992058,1.0,3.0,success
909,1.7105423212051392,-0.6008434891700745,-0.00018186363740824163,0.03256072849035263,0.03256072849035263,1.0,3.0,success
910,1.7100934982299805,-0.5999031066894531,-0.00018189725233241916,0.032562460750341415,0.032562460750341415,1.0,3.0,success
911,1.7096422910690308,-0.5989637970924377,-0.0001819367753341794,0.03256439417600632,0.03256439417600632,1.0,3.0,success
912,1.7092065811157227,-0.5980250239372253,-0.00018200067279394716,0.03234243765473366,0.03234243765473366,1.0,-3.0,success
913,1.7087734937667847,-0.5970851182937622,-0.00018202066712547094,0.0323401615023613,0.0323401615023613,1.0,-3.0,success
914,1.7083251476287842,-0.5961444973945618,-0.00018200436898041517,0.03256276994943619,0.03256276994943619,1.0,3.0,success
915,1.7078742980957031,-0.5952050089836121,-0.00018202130740974098,0.032564595341682434,0.032564595341682434,1.0,3.0,success
916,1.707421064376831,-0.5942666530609131,-0.00018204828666057438,0.032565027475357056,0.032565027475357056,1.0,3.0,success
917,1.7069652080535889,-0.5933293700218201,-0.00018208270194008946,0.03257060423493385,0.03257060423493385,1.0,3.0,success
918,1.7065069675445557,-0.592393159866333,-0.00018212305440101773,0.032573141157627106,0.032573141157627106,1.0,3.0,success
919,1.7060647010803223,-0.5914575457572937,-0.00018218881450593472,0.032339949160814285,0.032339949160814285,1.0,-3.0,success
920,1.7056249380111694,-0.5905206799507141,-0.00018220915808342397,0.03234199807047844,0.03234199807047844,1.0,-3.0,success
921,1.7051695585250854,-0.5895832180976868,-0.00018219189951196313,0.03256911411881447,0.03256911411881447,1.0,3.0,success
922,1.7047117948532104,-0.5886468291282654,-0.00018220920173916966,0.032571613788604736,0.032571613788604736,1.0,3.0,success
923,1.7042515277862549,-0.5877115726470947,-0.0001822367194108665,0.03257428854703903,0.03257428854703903,1.0,3.0,success
924,1.7037888765335083,-0.5867774486541748,-0.00018227174587082118,0.03257553651928902,0.03257553651928902,1.0,3.0,success
925,1.7033421993255615,-0.5858438611030579,-0.00018233421724289656,0.03234195336699486,0.03234195336699486,1.0,-3.0,success
926,1.7028980255126953,-0.5849090814590454,-0.00018235119932796806,0.032341912388801575,0.032341912388801575,1.0,-3.0,success
927,1.7024381160736084,-0.5839736461639404,-0.00018233027367386967,0.0325743705034256,0.0325743705034256,1.0,3.0,success
928,1.7019758224487305,-0.5830393433570862,-0.0001823454222176224,0.032575588673353195,0.032575588673353195,1.0,3.0,success
929,1.701511025428772,-0.5821061730384827,-0.00018237136828247458,0.03257867693901062,0.03257867693901062,1.0,3.0,success
930,1.701043725013733,-0.5811741352081299,-0.0001824052887968719,0.03258199244737625,0.03258199244737625,1.0,3.0,success
931,1.7005739212036133,-0.5802432298660278,-0.00018244556849822402,0.03258552774786949,0.03258552774786949,1.0,3.0,success
932,1.7001205682754517,-0.5793129205703735,-0.00018251336587127298,0.03234041482210159,0.03234041482210159,1.0,-3.0,success
933,1.6996697187423706,-0.5783812999725342,-0.00018253340385854244,0.03234310448169708,0.03234310448169708,1.0,-3.0,success
934,1.6992028951644897,-0.5774490833282471,-0.00018251374422106892,0.032580312341451645,0.032580312341451645,1.0,3.0,success
935,1.6987335681915283,-0.5765179991722107,-0.00018253104644827545,0.0325838066637516,0.0325838066637516,1.0,3.0,success
936,1.6982618570327759,-0.575588047504425,-0.00018255897157359868,0.03258584439754486,0.03258584439754486,1.0,3.0,success
937,1.6977876424789429,-0.5746592283248901,-0.00018259465286973864,0.032589785754680634,0.032589782029390335,1.0,3.0,success
938,1.6973110437393188,-0.5737316012382507,-0.00018263653328176588,0.0325905941426754,0.0325905904173851,1.0,3.0,success
939,1.6968510150909424,-0.5728045105934143,-0.0001827068190323189,0.03234221413731575,0.03234221413731575,1.0,-3.0,success
940,1.696393609046936,-0.5718761682510376,-0.00018272767192684114,0.03234095498919487,0.03234095498919487,1.0,-3.0,success
941,1.6959198713302612,-0.5709471106529236,-0.00018270740110892802,0.03258964791893959,0.03258964791893959,1.0,3.0,success
942,1.6954624652862549,-0.5700187087059021,-0.00018274913600180298,0.03234262391924858,0.03234262391924858,1.0,-3.0,success
943,1.6950076818466187,-0.5690891146659851,-0.00018274861213285476,0.03233994543552399,0.03233994543552399,1.0,-3.0,success
944,1.6945552825927734,-0.5681582689285278,-0.00018273430760018528,0.03234244883060455,0.03234244883060455,1.0,-3.0,success
945,1.6941052675247192,-0.5672262907028198,-0.00018270986038260162,0.032341815531253815,0.032341815531253815,1.0,-3.0,success
946,1.6936575174331665,-0.5662931799888611,-0.0001826773805078119,0.032343003898859024,0.032343003898859024,1.0,-3.0,success
947,1.6932122707366943,-0.5653589367866516,-0.00018263851234223694,0.032341182231903076,0.032341182231903076,1.0,-3.0,success
948,1.6927509307861328,-0.5644242167472839,-0.00018257189367432147,0.03257407620549202,0.03257407248020172,1.0,3.0,success
949,1.6922869682312012,-0.563490629196167,-0.00018255074974149466,0.032578736543655396,0.032578736543655396,1.0,3.0,success
950,1.6918203830718994,-0.5625582933425903,-0.00018254792666994035,0.032580308616161346,0.032580308616161346,1.0,3.0,success
951,1.691351294517517,-0.5616270899772644,-0.0001825590297812596,0.03258378058671951,0.03258378058671951,1.0,3.0,success
952,1.6908795833587646,-0.560697078704834,-0.00018258122145198286,0.032587505877017975,0.032587505877017975,1.0,3.0,success
953,1.6904243230819702,-0.5597677230834961,-0.00018263554375153035,0.032339803874492645,0.032339803874492645,1.0,-3.0,success
954,1.6899714469909668,-0.5588371157646179,-0.00018264433310832828,0.03234226629137993,0.03234226629137993,1.0,-3.0,success
955,1.6895025968551636,-0.5579058527946472,-0.0001826148509280756,0.03258209303021431,0.03258209303021431,1.0,3.0,success
956,1.6890311241149902,-0.556975781917572,-0.00018262476078234613,0.03258579969406128,0.03258579969406128,1.0,3.0,success
957,1.6885571479797363,-0.5560468435287476,-0.00018264687969349325,0.03258971869945526,0.03258971869945526,1.0,3.0,success
958,1.6880807876586914,-0.5551190376281738,-0.00018267800624016672,0.032592158764600754,0.032592158764600754,1.0,3.0,success
959,1.687601923942566,-0.5541924238204956,-0.00018271633598487824,0.032594867050647736,0.032594867050647736,1.0,3.0,success
960,1.687139868736267,-0.5532664060592651,-0.00018278432253282517,0.032340411096811295,0.032340411096811295,1.0,-3.0,success
961,1.6866801977157593,-0.5523391366004944,-0.00018280289077665657,0.03234225511550903,0.03234225511550903,1.0,-3.0,success
962,1.686204195022583,-0.5514111518859863,-0.00018278027710039169,0.03259202837944031,0.03259202837944031,1.0,3.0,success
963,1.6857258081436157,-0.5504843592643738,-0.00018279682262800634,0.03259299322962761,0.03259299322962761,1.0,3.0,success
964,1.6852449178695679,-0.5495587587356567,-0.00018282444216310978,0.032595887780189514,0.032595887780189514,1.0,3.0,success
965,1.684761643409729,-0.5486342906951904,-0.0001828601525630802,0.032598938792943954,0.032598938792943954,1.0,3.0,success
966,1.6842758655548096,-0.5477110147476196,-0.00018290230946149677,0.032602280378341675,0.032602280378341675,1.0,3.0,success
967,1.683807134628296,-0.5467883348464966,-0.0001829745015129447,0.03234105929732323,0.03234105929732323,1.0,-3.0,success
968,1.6833409070968628,-0.5458643436431885,-0.00018299529619980603,0.03234228119254112,0.03234228119254112,1.0,-3.0,success
969,1.6828579902648926,-0.5449396967887878,-0.00018297323549631983,0.03259871527552605,0.03259871527552605,1.0,3.0,success
970,1.6823726892471313,-0.5440161824226379,-0.00018299136718269438,0.032601937651634216,0.032601937651634216,1.0,3.0,success
971,1.681885004043579,-0.5430939197540283,-0.00018302050011698157,0.03260207921266556,0.03260207921266556,1.0,3.0,success
972,1.6813948154449463,-0.5421727895736694,-0.0001830576075008139,0.03260747715830803,0.03260747715830803,1.0,3.0,success
973,1.6809022426605225,-0.541252851486206,-0.00018310107407160103,0.03260969743132591,0.03260969743132591,1.0,3.0,success
974,1.6804269552230835,-0.5403335094451904,-0.00018317553622182459,0.03234167769551277,0.03234167769551277,1.0,-3.0,success
975,1.679954171180725,-0.5394128561019897,-0.00018319697119295597,0.032342273741960526,0.032342273741960526,1.0,-3.0,success
976,1.6794644594192505,-0.5384915471076965,-0.00018317412468604743,0.03260541707277298,0.03260541707277298,1.0,3.0,success
977,1.6789722442626953,-0.5375714302062988,-0.00018319282389711589,0.032609350979328156,0.032609350979328156,1.0,3.0,success
978,1.6784777641296387,-0.5366524457931519,-0.0001832226407714188,0.032611630856990814,0.032611630856990814,1.0,3.0,success
979,1.6779807806015015,-0.5357347130775452,-0.00018326047575101256,0.032614368945360184,0.032614368945360184,1.0,3.0,success
980,1.6774814128875732,-0.534818172454834,-0.00018330472812522203,0.032617196440696716,0.032617196440696716,1.0,3.0,success
981,1.676979660987854,-0.5339028239250183,-0.0001833541173255071,0.03262023627758026,0.03262023627758026,1.0,3.0,success
982,1.6764955520629883,-0.5329880714416504,-0.00018343489500693977,0.03234236687421799,0.03234236687421799,1.0,-3.0,success
983,1.6760140657424927,-0.5320719480514526,-0.00018345974967814982,0.032342031598091125,0.032342031598091125,1.0,-3.0,success
984,1.6755151748657227,-0.5311551690101624,-0.0001834379945648834,0.032616615295410156,0.032616615295410156,1.0,3.0,success
985,1.6750140190124512,-0.5302395820617676,-0.00018345915304962546,0.03261782228946686,0.03261782228946686,1.0,3.0,success
986,1.6745103597640991,-0.5293251872062683,-0.00018349125457461923,0.03262282535433769,0.03262282535433769,1.0,3.0,success
987,1.674004316329956,-0.5284120440483093,-0.00018353117047809064,0.032624613493680954,0.032624613493680954,1.0,3.0,success
988,1.673495888710022,-0.5275000929832458,-0.0001835773146012798,0.03262825310230255,0.03262825310230255,1.0,3.0,success
989,1.6730053424835205,-0.5265887975692749,-0.00018365686992183328,0.03234178572893143,0.03234178200364113,1.0,-3.0,success
990,1.6725172996520996,-0.5256761312484741,-0.0001836795563576743,0.03234254941344261,0.03234254941344261,1.0,-3.0,success
991,1.6720317602157593,-0.5247621536254883,-0.0001836826850194484,0.03234191611409187,0.03234191611409187,1.0,-3.0,success
992,1.67154860496521,-0.5238468647003174,-0.00018367131997365505,0.032343264669179916,0.032343264669179916,1.0,-3.0,success
993,1.6710678339004517,-0.5229303240776062,-0.00018364840070717037,0.03234318271279335,0.03234318271279335,1.0,-3.0,success
994,1.670569658279419,-0.522013247013092,-0.00018358835950493813,0.03261411935091019,0.03261411935091019,1.0,3.0,success
995,1.6700689792633057,-0.5210973620414734,-0.00018357881344854832,0.032618843019008636,0.032618843019008636,1.0,3.0,success
996,1.6695657968521118,-0.5201827883720398,-0.00018358646775595844,0.03262053057551384,0.03262053057551384,1.0,3.0,success
997,1.6690601110458374,-0.5192694664001465,-0.00018360692774876952,0.03262408822774887,0.03262408822774887,1.0,3.0,success
998,1.668552041053772,-0.5183573365211487,-0.0001836375886341557,0.032627690583467484,0.032627690583467484,1.0,3.0,success
999,1.668041467666626,-0.5174465179443359,-0.00018367644224781543,0.032630082219839096,0.032630082219839096,1.0,3.0,success
1000,1.6675488948822021,-0.516536295413971,-0.00018375083163846284,0.03234236314892769,0.03234236314892769,1.0,-3.0,success
1001,1.6670588254928589,-0.5156247615814209,-0.00018376890511717647,0.03234128654003143,0.032341282814741135,1.0,-3.0,success
1002,1.6665509939193726,-0.5147125124931335,-0.00018373969942331314,0.032627325505018234,0.032627321779727936,1.0,3.0,success
1003,1.6660408973693848,-0.5138014554977417,-0.00018375657964497805,0.03262929990887642,0.03262929990887642,1.0,3.0,success
1004,1.6655282974243164,-0.5128917098045349,-0.0001837855961639434,0.03263188153505325,0.03263188153505325,1.0,3.0,success
1005,1.665013313293457,-0.5119831562042236,-0.0001838233001763001,0.03263610601425171,0.03263610601425171,1.0,3.0,success
1006,1.6644960641860962,-0.5110758543014526,-0.00018386794545222074,0.032637082040309906,0.032637082040309906,1.0,3.0,success
1007,1.6639764308929443,-0.5101698040962219,-0.00018391816411167383,0.03264010697603226,0.03264010697603226,1.0,3.0,success
1008,1.6634750366210938,-0.509264349937439,-0.00018400308908894658,0.0323440283536911,0.0323440283536911,1.0,-3.0,success
1009,1.6629761457443237,-0.508357584476471,-0.00018402795831207186,0.0323420986533165,0.0323420986533165,1.0,-3.0,success
1010,1.662459373474121,-0.5074500441551208,-0.00018400260887574404,0.03263617679476738,0.03263617679476738,1.0,3.0,success
1011,1.661940097808838,-0.506543755531311,-0.0001840241893660277,0.03264101222157478,0.03264101222157478,1.0,3.0,success
1012,1.6614185571670532,-0.5056387186050415,-0.00018405725131742656,0.032642364501953125,0.032642364501953125,1.0,3.0,success
1013,1.6608946323394775,-0.5047349333763123,-0.00018409844778943807,0.032645780593156815,0.032645780593156815,1.0,3.0,success
1014,1.6603683233261108,-0.5038323998451233,-0.0001841461198637262,0.032649412751197815,0.032649412751197815,1.0,3.0,success
1015,1.659860610961914,-0.5029305815696716,-0.00018423036090098321,0.03234107792377472,0.03234107792377472,1.0,-3.0,success
1016,1.6593552827835083,-0.5020272731781006,-0.0001842534838942811,0.03234522417187691,0.03234522417187691,1.0,-3.0,success
1017,1.6588318347930908,-0.501123309135437,-0.0001842253259383142,0.0326431468129158,0.0326431468129158,1.0,3.0,success
1018,1.6583058834075928,-0.5002205967903137,-0.00018424588779453188,0.032648611813783646,0.032648611813783646,1.0,3.0,success
1019,1.6577776670455933,-0.4993191361427307,-0.00018427838222123682,0.032650548964738846,0.032650548964738846,1.0,3.0,success
1020,1.6572470664978027,-0.4984189569950104,-0.000184319302206859,0.032653771340847015,0.032653771340847015,1.0,3.0,success
1021,1.6567140817642212,-0.4975200593471527,-0.00018436694517731667,0.03265721723437309,0.032657213509082794,1.0,3.0,success
1022,1.6561788320541382,-0.4966224133968353,-0.0001844200014602393,0.03265977278351784,0.03265977278351784,1.0,3.0,success
1023,1.6556625366210938,-0.4957254230976105,-0.0001845101942308247,0.03234265744686127,0.03234265744686127,1.0,-3.0,success
1024,1.6551486253738403,-0.4948270320892334,-0.000184536402230151,0.032343540340662,0.032343540340662,1.0,-3.0,success
1025,1.6546162366867065,-0.49392786622047424,-0.0001845089573180303,0.032654933631420135,0.032654933631420135,1.0,3.0,success
1026,1.6540814638137817,-0.49302998185157776,-0.00018453176016919315,0.032658543437719345,0.032658543437719345,1.0,3.0,success
1027,1.653544306755066,-0.49213340878486633,-0.00018456635007169098,0.032661572098731995,0.032661568373441696,1.0,3.0,success
1028,1.653004765510559,-0.49123814702033997,-0.0001846091909101233,0.03266482055187225,0.03266482055187225,1.0,3.0,success
1029,1.6524629592895508,-0.4903441369533539,-0.00018465862376615405,0.03266795352101326,0.03266795352101326,1.0,3.0,success
1030,1.651918888092041,-0.48945143818855286,-0.0001847133389674127,0.03266969695687294,0.03266969695687294,1.0,3.0,success
1031,1.651394009590149,-0.48855939507484436,-0.00018480663129594177,0.03234395012259483,0.03234395012259483,1.0,-3.0,success
1032,1.6508716344833374,-0.48766589164733887,-0.0001848336250986904,0.03234373778104782,0.03234373778104782,1.0,-3.0,success
1033,1.6503304243087769,-0.4867716431617737,-0.00018480498692952096,0.03266467899084091,0.03266467899084091,1.0,3.0,success
1034,1.6497867107391357,-0.48587867617607117,-0.00018482850282453,0.032671038061380386,0.032671038061380386,1.0,3.0,success
1035,1.6492407321929932,-0.4849870502948761,-0.00018486398039385676,0.03267215937376022,0.03267215937376022,1.0,3.0,success
1036,1.6486924886703491,-0.4840967357158661,-0.00018490778165869415,0.03267427533864975,0.03267427533864975,1.0,3.0,success
1037,1.648141860961914,-0.48320773243904114,-0.00018495821859687567,0.03267856314778328,0.03267856314778328,1.0,3.0,success
1038,1.6476107835769653,-0.4823193848133087,-0.0001850495464168489,0.03234344348311424,0.03234344348311424,1.0,-3.0,success
1039,1.6470820903778076,-0.4814296066761017,-0.000185073702596128,0.03234369680285454,0.03234369680285454,1.0,-3.0,success
1040,1.6465342044830322,-0.4805390536785126,-0.00018504131003282964,0.03267476335167885,0.03267476335167885,1.0,3.0,success
1041,1.6459840536117554,-0.4796498119831085,-0.00018506310880184174,0.032677050679922104,0.032677050679922104,1.0,3.0,success
1042,1.6454315185546875,-0.4787619113922119,-0.00018509743676986545,0.03268072381615639,0.03268072381615639,1.0,3.0,success
1043,1.6448765993118286,-0.47787535190582275,-0.00018514052499085665,0.03268461674451828,0.03268461674451828,1.0,3.0,success
1044,1.6443195343017578,-0.47699013352394104,-0.000185190569027327,0.03268476575613022,0.03268476575613022,1.0,3.0,success
1045,1.643760085105896,-0.4761062264442444,-0.0001852462301030755,0.03268987685441971,0.03268987685441971,1.0,3.0,success
1046,1.6432204246520996,-0.47522300481796265,-0.00018534342234488577,0.03234509006142616,0.03234509006142616,1.0,-3.0,success
1047,1.6426832675933838,-0.4743382930755615,-0.00018537054711487144,0.032344166189432144,0.032344166189432144,1.0,-3.0,success
1048,1.6421266794204712,-0.47345277667045593,-0.00018533873662818223,0.03268471732735634,0.03268471732735634,1.0,3.0,success
1049,1.6415677070617676,-0.4725686311721802,-0.00018536270363256335,0.0326882041990757,0.0326882041990757,1.0,3.0,success
1050,1.6410064697265625,-0.47168582677841187,-0.00018539906886871904,0.032690707594156265,0.032690707594156265,1.0,3.0,success
1051,1.6404428482055664,-0.470804363489151,-0.0001854440342867747,0.032695427536964417,0.03269542381167412,1.0,3.0,success
1052,1.6398991346359253,-0.469924658536911,-0.00018116897263098508,0.032318051904439926,0.03231777623295784,1.0,3.0,success
1053,1.639352560043335,-0.4690459370613098,-0.00018186641682405025,0.03233877941966057,0.03233877196907997,1.0,3.0,success
1054,1.6388052701950073,-0.46816787123680115,-0.00018264303798787296,0.03233319893479347,0.032333191484212875,1.0,-3.0,success
1055,1.6382601261138916,-0.4672883152961731,-0.00018327194266021252,0.03233734890818596,0.03233734145760536,1.0,-3.0,success
1056,1.6376951932907104,-0.4664079248905182,-0.00018372143676970154,0.03268929570913315,0.03268929198384285,1.0,3.0,success
1057,1.6371277570724487,-0.4655289053916931,-0.0001841321645770222,0.03269561380147934,0.03269561380147934,1.0,3.0,success
1058,1.6365580558776855,-0.4646512567996979,-0.00018447810725774616,0.03269811347126961,0.03269811347126961,1.0,3.0,success
1059,1.6359859704971313,-0.46377497911453247,-0.00018477083358448,0.03270285576581955,0.03270285204052925,1.0,3.0,success
1060,1.6354115009307861,-0.4629000723361969,-0.00018502098100725561,0.0327078253030777,0.0327078253030777,1.0,3.0,success
1061,1.634834885597229,-0.46202653646469116,-0.00018523710605222732,0.03270891308784485,0.03270891308784485,1.0,3.0,success
1062,1.634278655052185,-0.46115371584892273,-0.00018546642968431115,0.03234349563717842,0.03234349563717842,1.0,-3.0,success
1063,1.6337249279022217,-0.46027934551239014,-0.00018559565069153905,0.032342422753572464,0.032342422753572464,1.0,-3.0,success
1064,1.6331510543823242,-0.4594041407108307,-0.00018564154743216932,0.0327053926885128,0.0327053926885128,1.0,3.0,success
1065,1.6325747966766357,-0.45853033661842346,-0.00018573114357423037,0.0327097587287426,0.0327097587287426,1.0,3.0,success
1066,1.6319961547851562,-0.45765793323516846,-0.00018582060874905437,0.032714348286390305,0.032714348286390305,1.0,3.0,success
1067,1.6314153671264648,-0.4567869007587433,-0.00018590851686894894,0.0327158086001873,0.0327158086001873,1.0,3.0,success
1068,1.6308321952819824,-0.45591726899147034,-0.00018599512986838818,0.03272083401679993,0.03272083401679993,1.0,3.0,success
1069,1.630246877670288,-0.4550490081310272,-0.00018608073878567666,0.03272269666194916,0.03272269666194916,1.0,3.0,success
1070,1.6296823024749756,-0.4541814923286438,-0.0001862073695519939,0.03234531357884407,0.03234531357884407,1.0,-3.0,success
1071,1.6291202306747437,-0.4533124268054962,-0.00018625282973516732,0.032343365252017975,0.032343365252017975,1.0,-3.0,success
1072,1.628537654876709,-0.452442467212677,-0.00018622995412442833,0.032718975096940994,0.032718975096940994,1.0,3.0,success
1073,1.6279528141021729,-0.4515739679336548,-0.0001862662611529231,0.032720550894737244,0.032720550894737244,1.0,3.0,success
1074,1.6273655891418457,-0.4507068693637848,-0.00018631343846209347,0.032725971192121506,0.032725971192121506,1.0,3.0,success
1075,1.62679922580719,-0.4498405158519745,-0.00018641036876942962,0.032345421612262726,0.032345421612262726,1.0,-3.0,success
1076,1.626212239265442,-0.44897332787513733,-0.00018638954497873783,0.032724108546972275,0.032724108546972275,1.0,3.0,success
1077,1.6256461143493652,-0.44810688495635986,-0.00018646962416823953,0.03234368562698364,0.03234368562698364,1.0,-3.0,success
1078,1.62508225440979,-0.4472389221191406,-0.00018647912656888366,0.032344844192266464,0.032344844192266464,1.0,-3.0,success
1079,1.6245207786560059,-0.446369469165802,-0.00018646892567630857,0.03234342485666275,0.03234342485666275,1.0,-3.0,success
1080,1.6239386796951294,-0.4454992413520813,-0.00018640229245647788,0.03271765634417534,0.03271765634417534,1.0,3.0,success
1081,1.623354196548462,-0.44463050365448,-0.0001864035875769332,0.03272048756480217,0.03272048756480217,1.0,3.0,success
1082,1.6227673292160034,-0.44376319646835327,-0.00018642285431269556,0.03272510692477226,0.03272510692477226,1.0,3.0,success
1083,1.622178077697754,-0.44289737939834595,-0.0001864549412857741,0.0327284075319767,0.0327284075319767,1.0,3.0,success
1084,1.621586561203003,-0.44203296303749084,-0.0001864972000475973,0.032732151448726654,0.032732151448726654,1.0,3.0,success
1085,1.62099289894104,-0.44116997718811035,-0.00018654762243386358,0.03273322805762291,0.03273322433233261,1.0,3.0,success
1086,1.6203968524932861,-0.44030842185020447,-0.00018660460773389786,0.03273874148726463,0.03273874148726463,1.0,3.0,success
1087,1.6198221445083618,-0.4394476115703583,-0.00018671077850740403,0.03234463185071945,0.03234463185071945,1.0,-3.0,success
1088,1.6192498207092285,-0.43858522176742554,-0.00018673765589483082,0.03234443813562393,0.03234443813562393,1.0,-3.0,success
1089,1.6186566352844238,-0.43772196769714355,-0.00018669743440113962,0.03273169323801994,0.03273169323801994,1.0,3.0,success
1090,1.6180610656738281,-0.4368601441383362,-0.0001867220998974517,0.03273715823888779,0.03273715823888779,1.0,3.0,success
1091,1.617463231086731,-0.4359997808933258,-0.00018676034233067185,0.03273996338248253,0.03273996338248253,1.0,3.0,success
1092,1.6168632507324219,-0.4351408779621124,-0.00018680783978197724,0.03274085000157356,0.03274085000157356,1.0,3.0,success
1093,1.6162608861923218,-0.43428337574005127,-0.00018686267139855772,0.032747749239206314,0.032747749239206314,1.0,3.0,success
1094,1.6156563758850098,-0.4334273040294647,-0.0001869233965408057,0.03274981305003166,0.03274981305003166,1.0,3.0,success
1095,1.615073561668396,-0.43257200717926025,-0.00018703432579059154,0.03234344720840454,0.03234344720840454,1.0,-3.0,success
1096,1.6144930124282837,-0.43171510100364685,-0.000187063284101896,0.03234526887536049,0.03234526887536049,1.0,-3.0,success
1097,1.6138912439346313,-0.4308573007583618,-0.00018702284432947636,0.032744672149419785,0.032744668424129486,1.0,3.0,success
1098,1.6132872104644775,-0.4300009608268738,-0.0001870490814326331,0.03274806961417198,0.03274806961417198,1.0,3.0,success
1099,1.6126809120178223,-0.4291461110115051,-0.00018708888092078269,0.032750923186540604,0.032750923186540604,1.0,3.0,success
1100,1.6120723485946655,-0.4282926917076111,-0.00018713784811552614,0.03275551274418831,0.03275551274418831,1.0,3.0,success
1101,1.6114616394042969,-0.4274407625198364,-0.00018719409126788378,0.032756634056568146,0.032756634056568146,1.0,3.0,success
1102,1.6108487844467163,-0.426590234041214,-0.00018725618429016322,0.032760221511125565,0.032760221511125565,1.0,3.0,success
1103,1.6102577447891235,-0.425740510225296,-0.00018737008213065565,0.032345764338970184,0.032345764338970184,1.0,-3.0,success
1104,1.6096690893173218,-0.42488911747932434,-0.00018739963707048446,0.03234616294503212,0.03234616294503212,1.0,-3.0,success
1105,1.6090589761734009,-0.4240368604660034,-0.00018735772755462676,0.032754115760326385,0.032754115760326385,1.0,3.0,success
1106,1.608446478843689,-0.4231860637664795,-0.00018738454673439264,0.03276049345731735,0.03276049345731735,1.0,3.0,success
1107,1.6078318357467651,-0.42233678698539734,-0.00018742513202596456,0.03276122733950615,0.03276122733950615,1.0,3.0,success
1108,1.6072149276733398,-0.4214889705181122,-0.00018747495778370649,0.032765861600637436,0.032765861600637436,1.0,3.0,success
1109,1.606595754623413,-0.420642614364624,-0.0001875321177067235,0.03277071565389633,0.03277071565389633,1.0,3.0,success
1110,1.605974555015564,-0.41979771852493286,-0.00018759518570732325,0.03277137130498886,0.03277137130498886,1.0,3.0,success
1111,1.6053510904312134,-0.4189543128013611,-0.00018766299763228744,0.032775890082120895,0.032775890082120895,1.0,3.0,success
1112,1.6047500371932983,-0.418111652135849,-0.00018778372032102197,0.03234551474452019,0.03234551474452019,1.0,-3.0,success
1113,1.6041512489318848,-0.4172673225402832,-0.00018781650578603148,0.03234699368476868,0.03234699368476868,1.0,-3.0,success
1114,1.6035305261611938,-0.4164220988750458,-0.00018777479999698699,0.032770801335573196,0.032770801335573196,1.0,3.0,success
1115,1.602907657623291,-0.41557836532592773,-0.00018780400569085032,0.03277306258678436,0.03277306258678436,1.0,3.0,success
1116,1.6022825241088867,-0.41473615169525146,-0.00018784687563311309,0.03277699649333954,0.03277699649333954,1.0,3.0,success
1117,1.601655125617981,-0.4138954281806946,-0.00018789882597047836,0.03278190270066261,0.03278190270066261,1.0,3.0,success
1118,1.6010257005691528,-0.41305622458457947,-0.00018795796495396644,0.03278180584311485,0.03278180584311485,1.0,3.0,success
1119,1.6003940105438232,-0.41221848130226135,-0.0001880228955997154,0.032787878066301346,0.03278787434101105,1.0,3.0,success
1120,1.5997601747512817,-0.4113822281360626,-0.0001880924974102527,0.03279116749763489,0.03279116749763489,1.0,3.0,success
1121,1.5991243124008179,-0.4105474352836609,-0.00018816586816683412,0.03279314562678337,0.03279314562678337,1.0,3.0,success
1122,1.598486304283142,-0.4097141623497009,-0.00018824230937752873,0.03279609605669975,0.03279609605669975,1.0,3.0,success
1123,1.597846269607544,-0.4088823199272156,-0.00018832125351764262,0.03279919549822807,0.032799191772937775,1.0,3.0,success
1124,1.5972040891647339,-0.408051997423172,-0.0001884022494778037,0.03280254453420639,0.03280254453420639,1.0,3.0,success
1125,1.5965598821640015,-0.4072231352329254,-0.0001884849334601313,0.03280528262257576,0.03280528262257576,1.0,3.0,success
1126,1.5959136486053467,-0.4063957631587982,-0.00018856902897823602,0.032807473093271255,0.032807473093271255,1.0,3.0,success
1127,1.59526526927948,-0.405569851398468,-0.00018865431775338948,0.03281288594007492,0.03281288594007492,1.0,3.0,success
1128,1.594614863395691,-0.4047454595565796,-0.00018874058150686324,0.03281472623348236,0.03281472623348236,1.0,3.0,success
1129,1.5939879417419434,-0.40392181277275085,-0.00018888188060373068,0.03234676271677017,0.03234676271677017,1.0,-3.0,success
1130,1.5933632850646973,-0.40309640765190125,-0.00018892530351877213,0.03234774246811867,0.03234774246811867,1.0,-3.0,success
1131,1.5927157402038574,-0.40227004885673523,-0.00018888591148424894,0.03280778229236603,0.03280778229236603,1.0,3.0,success
1132,1.5920659303665161,-0.4014452397823334,-0.00018892278603743762,0.032813433557748795,0.032813433557748795,1.0,3.0,success
1133,1.5914140939712524,-0.4006219804286957,-0.00018897275731433183,0.03281468152999878,0.03281468152999878,1.0,3.0,success
1134,1.5907599925994873,-0.39980030059814453,-0.0001890311250463128,0.03282003477215767,0.03282003104686737,1.0,3.0,success
1135,1.5901038646697998,-0.39898014068603516,-0.00018909612845163792,0.03282241150736809,0.03282241150736809,1.0,3.0,success
1136,1.5894455909729004,-0.39816156029701233,-0.00018916647240985185,0.03282586485147476,0.032825861126184464,1.0,3.0,success
1137,1.5887852907180786,-0.3973444998264313,-0.0001892411382868886,0.03282862901687622,0.03282862901687622,1.0,3.0,success
1138,1.5881487131118774,-0.3965282440185547,-0.00018937587446998805,0.032347965985536575,0.032347965985536575,1.0,-3.0,success
1139,1.5875144004821777,-0.3957102298736572,-0.0001894117594929412,0.032347895205020905,0.032347895205020905,1.0,-3.0,success
1140,1.5868568420410156,-0.39489123225212097,-0.0001893635926535353,0.03282202407717705,0.03282202407717705,1.0,3.0,success
1141,1.586197018623352,-0.39407384395599365,-0.00018939575238619,0.032827235758304596,0.032827235758304596,1.0,3.0,success
1142,1.5855350494384766,-0.3932580351829529,-0.000189442333066836,0.03283105045557022,0.03283105045557022,1.0,3.0,success
1143,1.5848709344863892,-0.39244380593299866,-0.00018949828518088907,0.03283507749438286,0.03283507749438286,1.0,3.0,success
1144,1.5842047929763794,-0.39163118600845337,-0.0001895616587717086,0.03283623605966568,0.03283623605966568,1.0,3.0,success
1145,1.5835365056991577,-0.39082011580467224,-0.00018963098409585655,0.03284139558672905,0.03284139558672905,1.0,3.0,success
1146,1.5828661918640137,-0.39001062512397766,-0.00018970511155202985,0.03284367173910141,0.03284367173910141,1.0,3.0,success
1147,1.5822199583053589,-0.38920193910598755,-0.00018984188500326127,0.03234926983714104,0.03234926983714104,1.0,-3.0,success
1148,1.5815761089324951,-0.38839149475097656,-0.00018987710063811392,0.03234581649303436,0.03234581649303436,1.0,-3.0,success
1149,1.5809084177017212,-0.3875800371170044,-0.00018982586334459484,0.03283890336751938,0.03283890336751938,1.0,3.0,success
1150,1.5802385807037354,-0.38677021861076355,-0.00018985783390235156,0.032842062413692474,0.032842062413692474,1.0,3.0,success
1151,1.5795665979385376,-0.38596200942993164,-0.00018990464741364121,0.032846156507730484,0.032846156507730484,1.0,3.0,success
1152,1.5788925886154175,-0.38515540957450867,-0.00018996107974089682,0.03284807130694389,0.03284807130694389,1.0,3.0,success
1153,1.5782164335250854,-0.38435041904449463,-0.00019002510816790164,0.03285258263349533,0.03285258263349533,1.0,3.0,success
1154,1.577538251876831,-0.38354700803756714,-0.00019009523384738714,0.03285561874508858,0.03285561874508858,1.0,3.0,success
1155,1.5768579244613647,-0.3827452063560486,-0.00019017027807421982,0.03286054730415344,0.03286054730415344,1.0,3.0,success
1156,1.5762022733688354,-0.3819442391395569,-0.00019031022384297103,0.03234679624438286,0.03234679624438286,1.0,-3.0,success
1157,1.575548768043518,-0.3811414837837219,-0.00019034567230846733,0.032347679138183594,0.032347679138183594,1.0,-3.0,success
1158,1.5748711824417114,-0.3803376853466034,-0.00019029209215659648,0.032852865755558014,0.032852862030267715,1.0,3.0,success
1159,1.5741914510726929,-0.3795355260372162,-0.00019032448471989483,0.032857026904821396,0.032857026904821396,1.0,3.0,success
1160,1.5735095739364624,-0.3787350356578827,-0.00019037201127503067,0.03286069631576538,0.03286069631576538,1.0,3.0,success
1161,1.57282555103302,-0.37793615460395813,-0.0001904292730614543,0.03286600112915039,0.03286600112915039,1.0,3.0,success
1162,1.5721396207809448,-0.3771389126777649,-0.00019049424736294895,0.03286595270037651,0.03286594897508621,1.0,3.0,success
1163,1.5714515447616577,-0.376343309879303,-0.0001905654207803309,0.03287096694111824,0.03287096321582794,1.0,3.0,success
1164,1.5707614421844482,-0.37554931640625,-0.0001906415564008057,0.0328744538128376,0.0328744538128376,1.0,3.0,success
1165,1.5700962543487549,-0.3747561573982239,-0.00019078480545431376,0.03234904631972313,0.03234904631972313,1.0,-3.0,success
1166,1.569433331489563,-0.3739611804485321,-0.00019082061771769077,0.03234722092747688,0.03234722092747688,1.0,-3.0,success
1167,1.5687458515167236,-0.37316516041755676,-0.00019076478201895952,0.0328686498105526,0.0328686498105526,1.0,3.0,success
1168,1.5680562257766724,-0.37237080931663513,-0.00019079766934737563,0.03287311643362045,0.03287311643362045,1.0,3.0,success
1169,1.5673645734786987,-0.3715781271457672,-0.00019084595260210335,0.03287535533308983,0.03287535533308983,1.0,3.0,success
1170,1.5666707754135132,-0.370787113904953,-0.0001909041020553559,0.03288025036454201,0.03288025036454201,1.0,3.0,success
1171,1.5659750699996948,-0.3699977397918701,-0.0001909700658870861,0.03288113698363304,0.03288113698363304,1.0,3.0,success
1172,1.5652772188186646,-0.36921003460884094,-0.00019104227249044925,0.03288646042346954,0.03288646042346954,1.0,3.0,success
1173,1.5645774602890015,-0.3684239387512207,-0.00019111954316031188,0.03288843110203743,0.03288843110203743,1.0,3.0,success
1174,1.563875675201416,-0.3676394820213318,-0.00019120087381452322,0.0328923836350441,0.0328923799097538,1.0,3.0,success
1175,1.5631718635559082,-0.3668566346168518,-0.0001912855077534914,0.0328972227871418,0.0328972227871418,1.0,3.0,success
1176,1.5624661445617676,-0.36607545614242554,-0.0001913728192448616,0.03289838135242462,0.03289838135242462,1.0,3.0,success
1177,1.5617585182189941,-0.3652958869934082,-0.00019146234262734652,0.03290111571550369,0.03290111571550369,1.0,3.0,success
1178,1.5610488653182983,-0.3645179569721222,-0.00019155365589540452,0.032905854284763336,0.03290585055947304,1.0,3.0,success
1179,1.5603373050689697,-0.3637416362762451,-0.00019164646801073104,0.03290896117687225,0.03290896117687225,1.0,3.0,success
1180,1.5596238374710083,-0.36296695470809937,-0.00019174051703885198,0.03291156515479088,0.03291156515479088,1.0,3.0,success
1181,1.558908462524414,-0.36219391226768494,-0.00019183561380486935,0.03291436284780502,0.03291436284780502,1.0,3.0,success
1182,1.558191180229187,-0.36142250895500183,-0.00019193159823771566,0.03291734308004379,0.03291734308004379,1.0,3.0,success
1183,1.5574719905853271,-0.36065277457237244,-0.00019202833937015384,0.032919831573963165,0.032919831573963165,1.0,3.0,success
1184,1.5567787885665894,-0.3598838746547699,-0.00019219490059185773,0.03235146403312683,0.03235146403312683,1.0,-3.0,success
1185,1.556087851524353,-0.35911303758621216,-0.00019224255811423063,0.03234916552901268,0.03234916552901268,1.0,-3.0,success
1186,1.5553712844848633,-0.3583410978317261,-0.00019218889065086842,0.0329144150018692,0.0329144150018692,1.0,3.0,success
1187,1.5546526908874512,-0.3575708568096161,-0.00019223031995352358,0.032918695360422134,0.032918695360422134,1.0,3.0,success
1188,1.5539321899414062,-0.356802374124527,-0.00019228653400205076,0.03291928023099899,0.032919276505708694,1.0,3.0,success
1189,1.5532095432281494,-0.35603561997413635,-0.00019235182844568044,0.03292584791779518,0.03292584419250488,1.0,3.0,success
1190,1.5524849891662598,-0.3552705645561218,-0.00019242426787968725,0.032928191125392914,0.032928191125392914,1.0,3.0,success
1191,1.5517584085464478,-0.3545072078704834,-0.00019250245532020926,0.032933298498392105,0.032933298498392105,1.0,3.0,success
1192,1.5510300397872925,-0.35374554991722107,-0.00019258528482168913,0.03293346241116524,0.03293346241116524,1.0,3.0,success
1193,1.5502996444702148,-0.35298556089401245,-0.00019267185416538268,0.032939646393060684,0.032939642667770386,1.0,3.0,success
1194,1.5495957136154175,-0.35222652554512024,-0.00019283346773590893,0.03235021233558655,0.03235021233558655,1.0,-3.0,success
1195,1.548893928527832,-0.35146549344062805,-0.0001928743877215311,0.03235049918293953,0.03235049918293953,1.0,-3.0,success
1196,1.5481661558151245,-0.3507033884525299,-0.00019281209097243845,0.03293069452047348,0.03293069452047348,1.0,3.0,success
1197,1.5474646091461182,-0.3499422073364258,-0.00019292203069198877,0.0323488749563694,0.0323488749563694,1.0,-3.0,success
1198,1.5467368364334106,-0.3491799831390381,-0.00019285302550997585,0.03293339163064957,0.03293338790535927,1.0,3.0,success
1199,1.5460354089736938,-0.3484187424182892,-0.0001929549762280658,0.03234772011637688,0.03234772011637688,1.0,-3.0,success
1200,1.5453077554702759,-0.3476564586162567,-0.0001928792626131326,0.03293216601014137,0.03293216601014137,1.0,3.0,success
1201,1.5445780754089355,-0.3468959331512451,-0.0001929030113387853,0.032936252653598785,0.032936252653598785,1.0,3.0,success
1202,1.5438463687896729,-0.34613722562789917,-0.00019294541561976075,0.032939210534095764,0.032939210534095764,1.0,3.0,success
1203,1.5431127548217773,-0.3453803062438965,-0.00019300001440569758,0.032940469682216644,0.032940469682216644,1.0,3.0,success
1204,1.5424054861068726,-0.3446243405342102,-0.00019313777738716453,0.032351117581129074,0.032351117581129074,1.0,-3.0,success
1205,1.5417003631591797,-0.3438664674758911,-0.000193158644833602,0.032348956912755966,0.032348956912755966,1.0,-3.0,success
1206,1.5409690141677856,-0.34310752153396606,-0.0001930788130266592,0.03293682262301445,0.03293682262301445,1.0,3.0,success
1207,1.5402356386184692,-0.3423503339290619,-0.00019310307106934488,0.0329413041472435,0.0329413041472435,1.0,3.0,success
1208,1.5395002365112305,-0.34159496426582336,-0.00019314615929033607,0.03294466435909271,0.03294466435909271,1.0,3.0,success
1209,1.5387628078460693,-0.3408413827419281,-0.00019320141291245818,0.03294891491532326,0.03294891491532326,1.0,3.0,success
1210,1.5380233526229858,-0.3400895595550537,-0.00019326628535054624,0.03295404091477394,0.03295404091477394,1.0,3.0,success
1211,1.537282109260559,-0.3393394947052002,-0.0001933388557517901,0.032954141497612,0.032954141497612,1.0,3.0,success
1212,1.53653883934021,-0.33859118819236755,-0.00019341762526892126,0.03295968100428581,0.032959677278995514,1.0,3.0,success
1213,1.535793662071228,-0.3378446102142334,-0.0001935013715410605,0.03296345844864845,0.03296345844864845,1.0,3.0,success
1214,1.5350755453109741,-0.33709895610809326,-0.0001936647022375837,0.03235079348087311,0.03235079348087311,1.0,-3.0,success
1215,1.5343595743179321,-0.3363513648509979,-0.00019370329391676933,0.03234800696372986,0.03234800696372986,1.0,-3.0,success
1216,1.5336169004440308,-0.3356025815010071,-0.00019363503088243306,0.03295713663101196,0.03295713663101196,1.0,3.0,success
1217,1.5328723192214966,-0.3348556160926819,-0.00019367125059943646,0.032958876341581345,0.032958876341581345,1.0,3.0,success
1218,1.5321255922317505,-0.33411046862602234,-0.0001937243068823591,0.032966095954179764,0.032966095954179764,1.0,3.0,success
1219,1.5313770771026611,-0.33336710929870605,-0.00019378784054424614,0.03296627476811409,0.03296627476811409,1.0,3.0,success
1220,1.530626654624939,-0.33262550830841064,-0.00019385959603823721,0.032969944179058075,0.032969944179058075,1.0,3.0,success
1221,1.5298742055892944,-0.3318856954574585,-0.0001939379726536572,0.03297581896185875,0.03297581896185875,1.0,3.0,success
1222,1.5291199684143066,-0.3311476409435272,-0.00019402166071813554,0.032977234572172165,0.032977234572172165,1.0,3.0,success
1223,1.528363823890686,-0.3304113447666168,-0.00019410964159760624,0.0329815074801445,0.0329815074801445,1.0,3.0,success
1224,1.527635097503662,-0.3296760022640228,-0.00019427917141001672,0.032351985573768616,0.032351985573768616,1.0,-3.0,success
1225,1.52690851688385,-0.32893863320350647,-0.00019432001863606274,0.032349903136491776,0.032349903136491776,1.0,-3.0,success
1226,1.52615487575531,-0.328200101852417,-0.00019425057689659297,0.032974354922771454,0.032974354922771454,1.0,3.0,success
1227,1.5253993272781372,-0.32746338844299316,-0.00019428857194725424,0.03297726437449455,0.03297726437449455,1.0,3.0,success
1228,1.524641752243042,-0.3267285227775574,-0.00019434347632341087,0.03298240900039673,0.03298240900039673,1.0,3.0,success
1229,1.523882269859314,-0.32599547505378723,-0.00019440878531895578,0.03298573940992355,0.03298573940992355,1.0,3.0,success
1230,1.5231208801269531,-0.32526421546936035,-0.00019448227249085903,0.03298991918563843,0.03298991918563843,1.0,3.0,success
1231,1.522357702255249,-0.32453474402427673,-0.00019456232257653028,0.03299161046743393,0.03299161046743393,1.0,3.0,success
1232,1.521592617034912,-0.3238070607185364,-0.00019464765500742942,0.03299618512392044,0.03299618512392044,1.0,3.0,success
1233,1.5208256244659424,-0.3230811655521393,-0.00019473723659757525,0.03300096467137337,0.03300096467137337,1.0,3.0,success
1234,1.520056962966919,-0.32235705852508545,-0.00019483028154354542,0.03300052136182785,0.03300052136182785,1.0,3.0,success
1235,1.5193160772323608,-0.321633905172348,-0.00019500711641740054,0.032353371381759644,0.032353371381759644,1.0,-3.0,success
1236,1.518577218055725,-0.32090869545936584,-0.0001950506557477638,0.03235306218266487,0.03235306218266487,1.0,-3.0,success
1237,1.5178110599517822,-0.32018232345581055,-0.00019497991888783872,0.03299228101968765,0.03299228101968765,1.0,3.0,success
1238,1.5170427560806274,-0.3194577693939209,-0.00019502003851812333,0.03300197422504425,0.03300197422504425,1.0,3.0,success
1239,1.5162726640701294,-0.3187350630760193,-0.00019507711112964898,0.03300311043858528,0.03300310671329498,1.0,3.0,success
1240,1.5155006647109985,-0.3180142045021057,-0.00019514451560098678,0.03300716355443001,0.03300716355443001,1.0,3.0,success
1241,1.5147267580032349,-0.3172951936721802,-0.00019522001093719155,0.03301142156124115,0.03301142156124115,1.0,3.0,success
1242,1.5139809846878052,-0.3165771961212158,-0.00019538463675417006,0.032350894063711166,0.032350894063711166,1.0,-3.0,success
1243,1.5132372379302979,-0.3158571422100067,-0.00019541705842129886,0.03234996646642685,0.03234996646642685,1.0,-3.0,success
1244,1.5124953985214233,-0.31513509154319763,-0.00019541813526302576,0.03235065937042236,0.03235065937042236,1.0,-3.0,success
1245,1.511725902557373,-0.31441187858581543,-0.0001953150931512937,0.03300036862492561,0.03300036862492561,1.0,3.0,success
1246,1.51095449924469,-0.3136906027793884,-0.00019533040176611394,0.03300245478749275,0.03300245478749275,1.0,3.0,success
1247,1.5101810693740845,-0.31297123432159424,-0.00019536785839591175,0.033008117228746414,0.033008117228746414,1.0,3.0,success
1248,1.5094355344772339,-0.312252938747406,-0.00019550301658455282,0.032351985573768616,0.032351985573768616,1.0,-3.0,success
1249,1.5086920261383057,-0.3115326762199402,-0.00019551189325284213,0.032349150627851486,0.032349150627851486,1.0,-3.0,success
1250,1.507920742034912,-0.31081125140190125,-0.00019541113579180092,0.03300291299819946,0.03300291299819946,1.0,3.0,success
1251,1.5071474313735962,-0.3100917339324951,-0.0001954286271939054,0.03300856426358223,0.03300856426358223,1.0,3.0,success
1252,1.5063722133636475,-0.3093741238117218,-0.00019546787370927632,0.03301170468330383,0.03301170468330383,1.0,3.0,success
1253,1.5056250095367432,-0.30865761637687683,-0.00019560492364689708,0.03235086798667908,0.03235086798667908,1.0,-3.0,success
1254,1.5048798322677612,-0.3079391121864319,-0.0001956148335011676,0.03234846517443657,0.03234846517443657,1.0,-3.0,success
1255,1.504136562347412,-0.30721864104270935,-0.0001955977495526895,0.03234833478927612,0.03234833478927612,1.0,-3.0,success
1256,1.5033655166625977,-0.3064970374107361,-0.00019547931151464581,0.033001288771629333,0.033001288771629333,1.0,3.0,success
1257,1.5025923252105713,-0.3057774007320404,-0.0001954827894223854,0.03300837427377701,0.03300837054848671,1.0,3.0,success
1258,1.5018173456192017,-0.30505967140197754,-0.00019551088917069137,0.033008769154548645,0.033008769154548645,1.0,3.0,success
1259,1.5010402202606201,-0.3043438792228699,-0.0001955553307197988,0.033016953617334366,0.033016953617334366,1.0,3.0,success
1260,1.5002613067626953,-0.30362996459007263,-0.00019561270892154425,0.033018406480550766,0.033018406480550766,1.0,3.0,success
1261,1.499510645866394,-0.30291712284088135,-0.00019576466002035886,0.03234994038939476,0.03234994038939476,1.0,-3.0,success
1262,1.4987618923187256,-0.3022022247314453,-0.0001957855565706268,0.03235108405351639,0.03235108405351639,1.0,-3.0,success
1263,1.4980151653289795,-0.3014853596687317,-0.0001957771455636248,0.03234785050153732,0.03234785050153732,1.0,-3.0,success
1264,1.497240424156189,-0.30076733231544495,-0.00019566487753763795,0.03300963342189789,0.03300963342189789,1.0,3.0,success
1265,1.4964637756347656,-0.3000512421131134,-0.00019567420531529933,0.033012308180332184,0.033012308180332184,1.0,3.0,success
1266,1.49568510055542,-0.29933711886405945,-0.00019570710719563067,0.033017318695783615,0.033017318695783615,1.0,3.0,success
1267,1.4949045181274414,-0.2986248731613159,-0.00019575547776184976,0.03302169591188431,0.03302169591188431,1.0,3.0,success
1268,1.4941521883010864,-0.29791373014450073,-0.00019590090960264206,0.0323512889444828,0.0323512889444828,1.0,-3.0,success
1269,1.4934018850326538,-0.2972005605697632,-0.00019591614545788616,0.03234889358282089,0.03234889358282089,1.0,-3.0,success
1270,1.4926235675811768,-0.2964861989021301,-0.00019581863307394087,0.033014122396707535,0.033014122396707535,1.0,3.0,success
1271,1.4918432235717773,-0.29577377438545227,-0.00019584051915444434,0.033019959926605225,0.033019959926605225,1.0,3.0,success
1272,1.4910609722137451,-0.2950632572174072,-0.00019588354916777462,0.0330238975584507,0.0330238975584507,1.0,3.0,success
1273,1.4903069734573364,-0.2943538427352905,-0.00019602545944508165,0.03235217183828354,0.03235217183828354,1.0,-3.0,success
1274,1.48955500125885,-0.29364243149757385,-0.00019603745022322983,0.03234892711043358,0.03234892711043358,1.0,-3.0,success
1275,1.4887748956680298,-0.29292982816696167,-0.00019593678007367998,0.03301822394132614,0.03301822394132614,1.0,3.0,success
1276,1.4879928827285767,-0.2922191321849823,-0.0001959565852303058,0.03302214294672012,0.03302214294672012,1.0,3.0,success
1277,1.4872089624404907,-0.29151037335395813,-0.00019599802908487618,0.03302564471960068,0.03302564471960068,1.0,3.0,success
1278,1.4864230155944824,-0.29080355167388916,-0.00019605335546657443,0.033032141625881195,0.033032141625881195,1.0,3.0,success
1279,1.4856353998184204,-0.2900985777378082,-0.00019611963944043964,0.03303239867091179,0.03303239867091179,1.0,3.0,success
1280,1.4848761558532715,-0.28939470648765564,-0.0001962809037650004,0.032353725284338,0.032353725284338,1.0,-3.0,success
1281,1.4841190576553345,-0.2886887490749359,-0.00019630703900475055,0.03234901279211044,0.032349009066820145,1.0,-3.0,success
1282,1.4833637475967407,-0.2879807651042938,-0.0001963024988071993,0.03235144168138504,0.03235144168138504,1.0,-3.0,success
1283,1.482580304145813,-0.2872716188430786,-0.00019619101658463478,0.033022720366716385,0.033022720366716385,1.0,3.0,success
1284,1.4817949533462524,-0.286564439535141,-0.00019620319653768092,0.033025771379470825,0.033025771379470825,1.0,3.0,success
1285,1.4810075759887695,-0.28585919737815857,-0.00019623871776275337,0.03303243964910507,0.03303243964910507,1.0,3.0,success
1286,1.4802182912826538,-0.28515589237213135,-0.00019628943118732423,0.03303655982017517,0.03303655609488487,1.0,3.0,success
1287,1.4794574975967407,-0.2844536602497101,-0.00019643903942778707,0.03235449641942978,0.03235449641942978,1.0,-3.0,success
1288,1.4786988496780396,-0.28374943137168884,-0.0001964554248843342,0.032347671687603,0.032347671687603,1.0,-3.0,success
1289,1.4779118299484253,-0.2830439507961273,-0.0001963563699973747,0.033029086887836456,0.033029086887836456,1.0,3.0,success
1290,1.4771227836608887,-0.2823404371738434,-0.00019637923105619848,0.03303533419966698,0.03303533419966698,1.0,3.0,success
1291,1.4763318300247192,-0.28163886070251465,-0.00019642339611891657,0.0330396443605423,0.0330396443605423,1.0,3.0,success
1292,1.475569486618042,-0.28093838691711426,-0.00019656855147331953,0.03235289826989174,0.03235289826989174,1.0,-3.0,success
1293,1.474809169769287,-0.2802358865737915,-0.0001965809497050941,0.03234923630952835,0.03234923630952835,1.0,-3.0,success
1294,1.4740204811096191,-0.27953219413757324,-0.00019647811132017523,0.033030714839696884,0.033030714839696884,1.0,3.0,success
1295,1.4732297658920288,-0.2788304388523102,-0.00019649839669000357,0.033037781715393066,0.033037781715393066,1.0,3.0,success
1296,1.4724371433258057,-0.2781306207180023,-0.0001965405826922506,0.033042289316654205,0.03304228559136391,1.0,3.0,success
1297,1.4716731309890747,-0.2774319350719452,-0.00019668466120492667,0.03235357999801636,0.03235357999801636,1.0,-3.0,success
1298,1.4709111452102661,-0.2767312228679657,-0.0001966957643162459,0.032349709421396255,0.032349709421396255,1.0,-3.0,success
1299,1.4701207876205444,-0.2760292887687683,-0.0001965913688763976,0.033033136278390884,0.033033132553100586,1.0,3.0,success
1300,1.4693284034729004,-0.2753293216228485,-0.0001966108538908884,0.03303978592157364,0.03303978592157364,1.0,3.0,success
1301,1.468533992767334,-0.2746313214302063,-0.00019665244326461107,0.033046673983335495,0.033046673983335495,1.0,3.0,success
1302,1.4677684307098389,-0.27393442392349243,-0.0001967965654330328,0.03235169127583504,0.03235169127583504,1.0,-3.0,success
1303,1.4670047760009766,-0.2732354998588562,-0.00019680724653881043,0.032350365072488785,0.032350365072488785,1.0,-3.0,success
1304,1.466243028640747,-0.2725345492362976,-0.00019679001707118005,0.03234926983714104,0.03234926983714104,1.0,-3.0,success
1305,1.465452790260315,-0.2718324363231659,-0.00019666622392833233,0.0330340601503849,0.0330340601503849,1.0,3.0,success
1306,1.46466064453125,-0.27113229036331177,-0.0001966703130165115,0.033037904649972916,0.033037904649972916,1.0,3.0,success
1307,1.4638664722442627,-0.27043417096138,-0.00019669966422952712,0.03304353356361389,0.03304353356361389,1.0,3.0,success
1308,1.4630703926086426,-0.26973798871040344,-0.00019674566283356398,0.03304844722151756,0.033048443496227264,1.0,3.0,success
1309,1.4623031616210938,-0.2690429389476776,-0.0001968935102922842,0.03235148638486862,0.03235148638486862,1.0,-3.0,success
1310,1.4615378379821777,-0.26834583282470703,-0.00019690670887939632,0.0323505774140358,0.0323505736887455,1.0,-3.0,success
1311,1.4607439041137695,-0.26764750480651855,-0.00019680304103530943,0.03304224833846092,0.033042244613170624,1.0,3.0,success
1312,1.4599480628967285,-0.26695114374160767,-0.00019682399579323828,0.03304651752114296,0.03304651379585266,1.0,3.0,success
1313,1.4591504335403442,-0.266256719827652,-0.0001968668948393315,0.033048804849386215,0.033048804849386215,1.0,3.0,success
1314,1.4583815336227417,-0.2655634582042694,-0.0001970129960682243,0.032352712005376816,0.032352712005376816,1.0,-3.0,success
1315,1.457614541053772,-0.2648681402206421,-0.00019702436111401767,0.03235159441828728,0.03235159441828728,1.0,-3.0,success
1316,1.4568190574645996,-0.2641716003417969,-0.00019691871420945972,0.033041782677173615,0.033041782677173615,1.0,3.0,success
1317,1.4560214281082153,-0.26347702741622925,-0.0001969385048141703,0.03305186703801155,0.03305186703801155,1.0,3.0,success
1318,1.4552221298217773,-0.2627844214439392,-0.00019698055984918028,0.03305093199014664,0.03305092826485634,1.0,3.0,success
1319,1.454420804977417,-0.26209378242492676,-0.00019703681755345315,0.03305865451693535,0.03305865451693535,1.0,3.0,success
1320,1.453648567199707,-0.26140424609184265,-0.0001971940801013261,0.03235260397195816,0.03235260397195816,1.0,-3.0,success
1321,1.4528782367706299,-0.2607126235961914,-0.00019721349235624075,0.03235168382525444,0.03235168009996414,1.0,-3.0,success
1322,1.452079176902771,-0.2600197494029999,-0.00019711344793904573,0.033050790429115295,0.033050790429115295,1.0,3.0,success
1323,1.4512782096862793,-0.2593288719654083,-0.00019713860820047557,0.033055055886507034,0.033055055886507034,1.0,3.0,success
1324,1.4504754543304443,-0.25863996148109436,-0.00019718508701771498,0.0330573245882988,0.0330573245882988,1.0,3.0,success
1325,1.4496707916259766,-0.2579529881477356,-0.00019724495359696448,0.033063244074583054,0.033063244074583054,1.0,3.0,success
1326,1.4488952159881592,-0.2572671175003052,-0.00019740597053896636,0.032354481518268585,0.032354481518268585,1.0,-3.0,success
1327,1.4481216669082642,-0.2565791606903076,-0.00019742752192541957,0.03235035762190819,0.03235035762190819,1.0,-3.0,success
1328,1.4473191499710083,-0.2558899521827698,-0.00019732824875973165,0.033057741820812225,0.033057741820812225,1.0,3.0,success
1329,1.4465148448944092,-0.2552027106285095,-0.00019735490786843002,0.033060189336538315,0.033060189336538315,1.0,3.0,success
1330,1.4457086324691772,-0.25451746582984924,-0.00019740268180612475,0.033065080642700195,0.033065080642700195,1.0,3.0,success
1331,1.4449005126953125,-0.25383415818214417,-0.0001974636979866773,0.033071402460336685,0.033071402460336685,1.0,3.0,success
1332,1.4441217184066772,-0.25315195322036743,-0.00019762656302191317,0.03235430270433426,0.03235430270433426,1.0,-3.0,success
1333,1.4433449506759644,-0.25246766209602356,-0.00019764871103689075,0.03234975039958954,0.03234975039958954,1.0,-3.0,success
1334,1.442539095878601,-0.2517821192741394,-0.00019754894310608506,0.03306259959936142,0.03306259959936142,1.0,3.0,success
1335,1.441731333732605,-0.2510985732078552,-0.00019757606787607074,0.03306768089532852,0.03306768089532852,1.0,3.0,success
1336,1.4409217834472656,-0.25041696429252625,-0.0001976243656827137,0.033071331679821014,0.033071331679821014,1.0,3.0,success
1337,1.4401414394378662,-0.24973653256893158,-0.0001977779611479491,0.03235430270433426,0.03235430270433426,1.0,-3.0,success
1338,1.4393631219863892,-0.2490539848804474,-0.00019779229478444904,0.03235015273094177,0.03235015273094177,1.0,-3.0,success
1339,1.4385557174682617,-0.2483702152967453,-0.00019768561469390988,0.03306366503238678,0.03306366503238678,1.0,3.0,success
1340,1.4377464056015015,-0.247688427567482,-0.00019770764629356563,0.03306923806667328,0.03306923434138298,1.0,3.0,success
1341,1.4369351863861084,-0.24700863659381866,-0.000197751956875436,0.03307472914457321,0.03307472914457321,1.0,3.0,success
1342,1.436122179031372,-0.24633082747459412,-0.00019781033915933222,0.03307788819074631,0.03307788819074631,1.0,3.0,success
1343,1.4353386163711548,-0.2456541359424591,-0.0001979725348064676,0.03235366567969322,0.032353661954402924,1.0,-3.0,success
1344,1.4345569610595703,-0.24497534334659576,-0.00019799287838395685,0.03235159069299698,0.03235159069299698,1.0,-3.0,success
1345,1.433746099472046,-0.24429528415203094,-0.00019789014186244458,0.033071551471948624,0.033071551471948624,1.0,3.0,success
1346,1.4329334497451782,-0.2436172217130661,-0.00019791620434261858,0.03307437524199486,0.03307437524199486,1.0,3.0,success
1347,1.4321188926696777,-0.24294115602970123,-0.00019796386186499149,0.03308027610182762,0.03308027610182762,1.0,3.0,success
1348,1.4313337802886963,-0.2422662377357483,-0.00019811834499705583,0.03235417976975441,0.03235417976975441,1.0,-3.0,success
1349,1.4305505752563477,-0.24158921837806702,-0.00019813209655694664,0.03235190361738205,0.03235190361738205,1.0,-3.0,success
1350,1.429738163948059,-0.24091094732284546,-0.0001980234810616821,0.033072829246520996,0.033072829246520996,1.0,3.0,success
1351,1.4289238452911377,-0.24023468792438507,-0.00019804525072686374,0.03307840973138809,0.03307840973138809,1.0,3.0,success
1352,1.4281076192855835,-0.23956042528152466,-0.00019808956130873412,0.03308451175689697,0.03308451175689697,1.0,3.0,success
1353,1.4272897243499756,-0.23888815939426422,-0.00019814807455986738,0.03308508172631264,0.03308508172631264,1.0,3.0,success
1354,1.4265012741088867,-0.2382170408964157,-0.0001983117836061865,0.03235625848174095,0.03235625848174095,1.0,-3.0,success
1355,1.4257148504257202,-0.23754377663135529,-0.0001983320398721844,0.03235162794589996,0.03235162794589996,1.0,-3.0,success
1356,1.4249303340911865,-0.23686842620372772,-0.00019832154794130474,0.0323488675057888,0.0323488675057888,1.0,-3.0,success
1357,1.4241163730621338,-0.23619185388088226,-0.0001981966634048149,0.03307606652379036,0.03307606279850006,1.0,3.0,success
1358,1.4233005046844482,-0.23551732301712036,-0.00019820603483822197,0.033081233501434326,0.033081233501434326,1.0,3.0,success
1359,1.4224828481674194,-0.23484481871128082,-0.0001982405228773132,0.03308405727148056,0.03308405727148056,1.0,3.0,success
1360,1.4216632843017578,-0.23417432606220245,-0.00019829127995762974,0.033090271055698395,0.033090271055698395,1.0,3.0,success
1361,1.4208734035491943,-0.2335049957036972,-0.00019844940106850117,0.03235415741801262,0.03235415741801262,1.0,-3.0,success
1362,1.42008638381958,-0.2328340858221054,-0.00019419737509451807,0.032318275421857834,0.03231799602508545,1.0,-3.0,success
1363,1.4193006753921509,-0.23216073215007782,-0.00019481265917420387,0.03233647346496582,0.03233646601438522,1.0,-3.0,success
1364,1.418485403060913,-0.23148611187934875,-0.0001954011240741238,0.033068668097257614,0.03306866064667702,1.0,3.0,success
1365,1.4176682233810425,-0.23081350326538086,-0.00019599252846091986,0.033074624836444855,0.033074621111154556,1.0,3.0,success
1366,1.416849136352539,-0.23014292120933533,-0.00019649304158519953,0.033080510795116425,0.033080510795116425,1.0,3.0,success
1367,1.4160592555999756,-0.22947463393211365,-0.000192416860954836,0.03233334794640541,0.032333094626665115,1.0,3.0,success
1368,1.4152668714523315,-0.22880803048610687,-0.00019345409236848354,0.03235897421836853,0.032358959317207336,1.0,3.0,success
1369,1.4144742488861084,-0.22814254462718964,-0.00019451076514087617,0.03234220668673515,0.03234219551086426,1.0,-3.0,success
1370,1.413683533668518,-0.22747491300106049,-0.0001953556784428656,0.03233979642391205,0.03233978524804115,1.0,-3.0,success
1371,1.4128631353378296,-0.22680597007274628,-0.00019591399177443236,0.0330798365175724,0.033079832792282104,1.0,3.0,success
1372,1.4120407104492188,-0.22613903880119324,-0.00019647154840640724,0.03308930993080139,0.03308930620551109,1.0,3.0,success
1373,1.4112166166305542,-0.22547410428524017,-0.0001969445584109053,0.03309061750769615,0.03309061378240585,1.0,3.0,success
1374,1.4104220867156982,-0.22481036186218262,-0.00019744211749639362,0.03235291317105293,0.032352909445762634,1.0,-3.0,success
1375,1.4096295833587646,-0.22414447367191315,-0.0001977274805540219,0.0323474295437336,0.0323474258184433,1.0,-3.0,success
1376,1.408807396888733,-0.223477303981781,-0.00019783296738751233,0.033088214695453644,0.033088210970163345,1.0,3.0,success
1377,1.407983422279358,-0.22281217575073242,-0.00019802857423201203,0.03309151530265808,0.03309151530265808,1.0,3.0,success
1378,1.40715754032135,-0.222149059176445,-0.0001982122630579397,0.03309852257370949,0.03309852257370949,1.0,3.0,success
1379,1.406329870223999,-0.22148795425891876,-0.00019838250591419637,0.033102843910455704,0.033102843910455704,1.0,3.0,success
1380,1.4055321216583252,-0.22082801163196564,-0.0001986383431358263,0.03235434740781784,0.03235434368252754,1.0,-3.0,success
1381,1.4047362804412842,-0.2201659232378006,-0.0001987296564038843,0.032351285219192505,0.032351285219192505,1.0,-3.0,success
1382,1.4039422273635864,-0.21950170397758484,-0.0001987755676964298,0.03235103189945221,0.03235103189945221,1.0,-3.0,success
1383,1.40311861038208,-0.2188362330198288,-0.00019869300012942404,0.03308955207467079,0.03308955207467079,1.0,3.0,success
1384,1.4022929668426514,-0.2181728333234787,-0.0001987387950066477,0.033098254352808,0.033098254352808,1.0,3.0,success
1385,1.4014655351638794,-0.21751148998737335,-0.00019880279432982206,0.03310167416930199,0.03310167416930199,1.0,3.0,success
1386,1.4006363153457642,-0.21685217320919037,-0.00019887741655111313,0.033105891197919846,0.033105891197919846,1.0,3.0,success
1387,1.3998370170593262,-0.2161940336227417,-0.0001990573655348271,0.03235583379864693,0.03235583379864693,1.0,-3.0,success
1388,1.399039626121521,-0.2155337631702423,-0.00019908760441467166,0.0323522686958313,0.0323522686958313,1.0,-3.0,success
1389,1.3982125520706177,-0.21487219631671906,-0.0001989878510357812,0.03309730812907219,0.03309730812907219,1.0,3.0,success
1390,1.3973835706710815,-0.21421267092227936,-0.0001990205782931298,0.03310411795973778,0.03310411795973778,1.0,3.0,success
1391,1.3965526819229126,-0.21355518698692322,-0.0001990742312045768,0.03311115875840187,0.03311115875840187,1.0,3.0,success
1392,1.39572012424469,-0.21289972960948944,-0.00019914064614567906,0.03311286121606827,0.03311286121606827,1.0,3.0,success
1393,1.3949177265167236,-0.2122454196214676,-0.000199314730707556,0.03235489875078201,0.03235489875078201,1.0,-3.0,success
1394,1.3941172361373901,-0.21158896386623383,-0.000199339454411529,0.03235120698809624,0.03235120698809624,1.0,-3.0,success
1395,1.3932868242263794,-0.210931196808815,-0.00019923447689507157,0.03310496360063553,0.03310496360063553,1.0,3.0,success
1396,1.3924545049667358,-0.21027547121047974,-0.00019926385721191764,0.03311219438910484,0.03311219438910484,1.0,3.0,success
1397,1.3916205167770386,-0.20962180197238922,-0.00019931496353819966,0.033113494515419006,0.033113494515419006,1.0,3.0,success
1398,1.390816569328308,-0.20896930992603302,-0.0001994776539504528,0.032356616109609604,0.032356616109609604,1.0,-3.0,success
1399,1.3900146484375,-0.2083146721124649,-0.0001994928898056969,0.032349828630685806,0.032349828630685806,1.0,-3.0,success
1400,1.3892143964767456,-0.20765788853168488,-0.00019947768305428326,0.03235194459557533,0.03235194459557533,1.0,-3.0,success
1401,1.388384222984314,-0.20699986815452576,-0.0001993443729588762,0.03310404345393181,0.03310404345393181,1.0,3.0,success
1402,1.387552261352539,-0.20634394884109497,-0.00019935124146286398,0.03310716152191162,0.03310716152191162,1.0,3.0,success
1403,1.3867183923721313,-0.20569010078907013,-0.00019938440527766943,0.03311401233077049,0.03311401233077049,1.0,3.0,success
1404,1.3858827352523804,-0.20503830909729004,-0.0001994345657294616,0.033118441700935364,0.033118441700935364,1.0,3.0,success
1405,1.3850454092025757,-0.20438852906227112,-0.00019949809939134866,0.033121004700660706,0.03312100097537041,1.0,3.0,success
1406,1.3842382431030273,-0.2037399262189865,-0.00019967116531915963,0.032358504831790924,0.032358504831790924,1.0,-3.0,success
1407,1.3834331035614014,-0.2030891627073288,-0.0001996938226511702,0.03235156461596489,0.03235156461596489,1.0,-3.0,success
1408,1.3826297521591187,-0.20243622362613678,-0.00019968445121776313,0.03235096484422684,0.03235096111893654,1.0,-3.0,success
1409,1.3817963600158691,-0.20178203284740448,-0.00019955502648372203,0.033108897507190704,0.033108897507190704,1.0,3.0,success
1410,1.3809610605239868,-0.20112991333007812,-0.0001995658822124824,0.0331159345805645,0.0331159345805645,1.0,3.0,success
1411,1.3801239728927612,-0.2004798948764801,-0.00019960233476012945,0.03311968967318535,0.03311968967318535,1.0,3.0,success
1412,1.379285216331482,-0.19983191788196564,-0.0001996552018681541,0.03312185779213905,0.033121854066848755,1.0,3.0,success
1413,1.378476619720459,-0.19918513298034668,-0.00019982039520982653,0.032357849180698395,0.032357849180698395,1.0,-3.0,success
1414,1.3776700496673584,-0.19853618741035461,-0.0001998363295570016,0.032350700348615646,0.032350700348615646,1.0,-3.0,success
1415,1.3768651485443115,-0.19788508117198944,-0.0001998215157072991,0.0323525071144104,0.0323525071144104,1.0,-3.0,success
1416,1.3760302066802979,-0.19723272323608398,-0.00019968717242591083,0.03311171010136604,0.03311171010136604,1.0,3.0,success
1417,1.3751933574676514,-0.19658246636390686,-0.00019969452114310116,0.03311837464570999,0.03311837464570999,1.0,3.0,success
1418,1.3743548393249512,-0.19593431055545807,-0.00019972823793068528,0.03311937674880028,0.03311937674880028,1.0,3.0,success
1419,1.3735144138336182,-0.19528819620609283,-0.00019977896590717137,0.03312763199210167,0.03312763199210167,1.0,3.0,success
1420,1.3727043867111206,-0.1946433037519455,-0.0001999429368879646,0.0323559008538723,0.0323559008538723,1.0,-3.0,success
1421,1.3718962669372559,-0.19399623572826385,-0.00019995748880319297,0.032351743429899216,0.032351743429899216,1.0,-3.0,success
1422,1.3710579872131348,-0.19334785640239716,-0.00019984188838861883,0.03311775252223015,0.03311775252223015,1.0,3.0,success
1423,1.3702178001403809,-0.1927015334367752,-0.00019986488041467965,0.033125702291727066,0.033125702291727066,1.0,3.0,success
1424,1.3693758249282837,-0.1920572966337204,-0.00019991121371276677,0.033130355179309845,0.033130355179309845,1.0,3.0,success
1425,1.3685643672943115,-0.1914142668247223,-0.00020007237617392093,0.03235470503568649,0.03235470503568649,1.0,-3.0,success
1426,1.3677546977996826,-0.19076907634735107,-0.00020008427964057773,0.03235296159982681,0.03235296159982681,1.0,-3.0,success
1427,1.366946816444397,-0.19012174010276794,-0.00020006608974654227,0.03235116973519325,0.03235116973519325,1.0,-3.0,success
1428,1.366108775138855,-0.18947313725948334,-0.00019992812303826213,0.033116135746240616,0.03311613202095032,1.0,3.0,success
1429,1.3652688264846802,-0.18882665038108826,-0.00019993337627965957,0.033122919499874115,0.033122919499874115,1.0,3.0,success
1430,1.364427089691162,-0.1881822645664215,-0.00019996557966805995,0.03312726691365242,0.03312726691365242,1.0,3.0,success
1431,1.3635835647583008,-0.1875399500131607,-0.00020001517259515822,0.033132404088974,0.033132404088974,1.0,3.0,success
1432,1.3627705574035645,-0.1868988424539566,-0.00020017914357595146,0.03235544264316559,0.03235544264316559,1.0,-3.0,success
1433,1.3619593381881714,-0.1862555593252182,-0.00020019285148009658,0.032353781163692474,0.032353781163692474,1.0,-3.0,success
1434,1.361117959022522,-0.18561096489429474,-0.0002000756503548473,0.03312235698103905,0.03312235698103905,1.0,3.0,success
1435,1.3602746725082397,-0.18496845662593842,-0.00020009820582345128,0.03313014283776283,0.03313014283776283,1.0,3.0,success
1436,1.3594295978546143,-0.18432801961898804,-0.00020014429173897952,0.03313547372817993,0.03313547372817993,1.0,3.0,success
1437,1.3586150407791138,-0.18368880450725555,-0.00020030615269206464,0.03235694393515587,0.03235694393515587,1.0,-3.0,success
1438,1.357802391052246,-0.18304741382598877,-0.00020031779422424734,0.03235214948654175,0.03235214576125145,1.0,-3.0,success
1439,1.3569915294647217,-0.18240387737751007,-0.0002002992550842464,0.03234994783997536,0.03234994783997536,1.0,-3.0,success
1440,1.3561502695083618,-0.1817590594291687,-0.00020016010967083275,0.033123649656772614,0.033123649656772614,1.0,3.0,success
1441,1.3553072214126587,-0.18111637234687805,-0.00020016527560073882,0.03312760591506958,0.03312760591506958,1.0,3.0,success
1442,1.3544622659683228,-0.18047578632831573,-0.00020019752264488488,0.033135317265987396,0.033135317265987396,1.0,3.0,success
1443,1.353615641593933,-0.17983728647232056,-0.00020024726109113544,0.033137597143650055,0.033137597143650055,1.0,3.0,success
1444,1.352799654006958,-0.17920000851154327,-0.00020041219249833375,0.03235482797026634,0.032354824244976044,1.0,-3.0,success
1445,1.3519854545593262,-0.1785605400800705,-0.00020042587129864842,0.03235304355621338,0.03235304355621338,1.0,-3.0,success
1446,1.3511730432510376,-0.1779189109802246,-0.00020040890376549214,0.03235091641545296,0.03235091641545296,1.0,-3.0,success
1447,1.3503302335739136,-0.17727601528167725,-0.00020027058781124651,0.033125631511211395,0.033125631511211395,1.0,3.0,success
1448,1.3494855165481567,-0.1766352355480194,-0.0002002768451347947,0.033133041113615036,0.033133041113615036,1.0,3.0,success
1449,1.3486391305923462,-0.1759965717792511,-0.00020031003805343062,0.033134736120700836,0.033134736120700836,1.0,3.0,success
1450,1.3477909564971924,-0.17535997927188873,-0.00020036054775118828,0.03314046189188957,0.03314046189188957,1.0,3.0,success
1451,1.3469734191894531,-0.17472460865974426,-0.00020052654144819826,0.03235640004277229,0.032356396317481995,1.0,-3.0,success
1452,1.3461576700210571,-0.1740870624780655,-0.00020054064225405455,0.032354116439819336,0.032354116439819336,1.0,-3.0,success
1453,1.345343828201294,-0.1734473556280136,-0.0002005239512072876,0.03234885632991791,0.03234885632991791,1.0,-3.0,success
1454,1.3444994688034058,-0.17280635237693787,-0.00020038544607814401,0.03312835842370987,0.03312835842370987,1.0,3.0,success
1455,1.3436850309371948,-0.17216822504997253,-0.00019615032942965627,0.03233330696821213,0.03233303874731064,1.0,3.0,success
1456,1.3428679704666138,-0.1715317964553833,-0.0001968079013749957,0.032364945858716965,0.03236493840813637,1.0,3.0,success
1457,1.3420484066009521,-0.17089737951755524,-0.00019756940309889615,0.03238818049430847,0.032388173043727875,1.0,3.0,success
1458,1.3412295579910278,-0.17026415467262268,-0.00019820839224848896,0.03234770521521568,0.032347697764635086,1.0,-3.0,success
1459,1.3404126167297363,-0.16962867975234985,-0.00019870535470545292,0.03234369680285454,0.03234369307756424,1.0,-3.0,success
1460,1.3395973443984985,-0.16899101436138153,-0.00019907944079022855,0.032344672828912735,0.032344672828912735,1.0,-3.0,success
1461,1.3387563228607178,-0.1683482676744461,-0.00019925954984501004,0.0330783948302269,0.0330783948302269,1.0,3.0,success
1462,1.3379110097885132,-0.1677113175392151,-0.00019951656577177346,0.0330757237970829,0.0330757237970829,1.0,3.0,success
1463,1.337062954902649,-0.1670764684677124,-0.00019974433234892786,0.033104803413152695,0.033104803413152695,1.0,3.0,success
1464,1.3362441062927246,-0.1664428561925888,-0.0002000517415581271,0.03235510736703873,0.03235510736703873,1.0,-3.0,success
1465,1.335427165031433,-0.1658070832490921,-0.00020018320356030017,0.03234941512346268,0.03234941512346268,1.0,-3.0,success
1466,1.3345906734466553,-0.1651613563299179,-0.00020017343922518194,0.03302285447716713,0.03302285447716713,1.0,3.0,success
1467,1.3337482213974,-0.16452620923519135,-0.00020027731079608202,0.03297040984034538,0.03297040984034538,1.0,3.0,success
1468,1.3329030275344849,-0.1638931781053543,-0.0002003749686991796,0.032999187707901,0.032999187707901,1.0,3.0,success
1469,1.332082748413086,-0.16326138377189636,-0.00020056182984262705,0.03235577791929245,0.03235577419400215,1.0,-3.0,success
1470,1.3312643766403198,-0.16262739896774292,-0.0002006121794693172,0.03235045075416565,0.03235045075416565,1.0,-3.0,success
1471,1.3304476737976074,-0.16199125349521637,-0.00020062527619302273,0.03235068544745445,0.03235068544745445,1.0,-3.0,success
1472,1.3296109437942505,-0.16134563088417053,-0.0002005240530706942,0.033026762306690216,0.033026762306690216,1.0,3.0,success
1473,1.3287684917449951,-0.16071021556854248,-0.00020055551431141794,0.0329754576086998,0.0329754576086998,1.0,3.0,success
1474,1.32792329788208,-0.16007691621780396,-0.00020059598318766803,0.033004213124513626,0.033004213124513626,1.0,3.0,success
1475,1.327075481414795,-0.15944571793079376,-0.0002006515278480947,0.03303058445453644,0.03303058445453644,1.0,3.0,success
1476,1.3262537717819214,-0.15881575644016266,-0.00020080931426491588,0.032356325536966324,0.032356325536966324,1.0,-3.0,success
1477,1.3254338502883911,-0.15818361937999725,-0.00020083217532373965,0.03235346078872681,0.03235346078872681,1.0,-3.0,success
1478,1.324615716934204,-0.15754929184913635,-0.00020082305127289146,0.03235112503170967,0.03235112130641937,1.0,-3.0,success
1479,1.3237824440002441,-0.15690159797668457,-0.00020071095786988735,0.03298098221421242,0.03298098221421242,1.0,3.0,success
1480,1.3229421377182007,-0.1562679260969162,-0.00020073216001037508,0.03288911655545235,0.03288911655545235,1.0,3.0,success
1481,1.322098970413208,-0.15563638508319855,-0.00020075849897693843,0.032920580357313156,0.032920580357313156,1.0,3.0,success
1482,1.3212530612945557,-0.15500693023204803,-0.00020080256217624992,0.03295023739337921,0.03295023739337921,1.0,3.0,success
1483,1.320430040359497,-0.1543787270784378,-0.00020093923376407474,0.03235548734664917,0.03235548734664917,1.0,-3.0,success
1484,1.3196088075637817,-0.1537483185529709,-0.00020095676882192492,0.032353006303310394,0.032353002578020096,1.0,-3.0,success
1485,1.3187893629074097,-0.15311573445796967,-0.0002009438758250326,0.032350197434425354,0.032350197434425354,1.0,-3.0,success
1486,1.317954659461975,-0.15246981382369995,-0.0002008287701755762,0.032982345670461655,0.032982345670461655,1.0,3.0,success
1487,1.317112922668457,-0.15183787047863007,-0.0002008471783483401,0.03289236128330231,0.03289236128330231,1.0,3.0,success
1488,1.3162683248519897,-0.1512080729007721,-0.00020087148004677147,0.032923776656389236,0.032923776656389236,1.0,3.0,success
1489,1.3154208660125732,-0.15058037638664246,-0.0002009139279834926,0.03295636922121048,0.03295636922121048,1.0,3.0,success
1490,1.31459641456604,-0.1499539017677307,-0.0002010505268117413,0.0323583260178566,0.0323583222925663,1.0,-3.0,success
1491,1.3137738704681396,-0.14932525157928467,-0.00020106711599510163,0.03235212340950966,0.03235212340950966,1.0,-3.0,success
1492,1.3129531145095825,-0.14869439601898193,-0.00020105337898712605,0.03234969452023506,0.03234969452023506,1.0,-3.0,success
1493,1.312117099761963,-0.1480502486228943,-0.00020093756029382348,0.032980915158987045,0.032980915158987045,1.0,3.0,success
1494,1.3112738132476807,-0.14742004871368408,-0.00020095494983252138,0.03289845958352089,0.03289845958352089,1.0,3.0,success
1495,1.3104276657104492,-0.1467919945716858,-0.0002009786112466827,0.03293010964989662,0.03293010964989662,1.0,3.0,success
1496,1.3096035718917847,-0.14616519212722778,-0.00020109630713704973,0.03235562518239021,0.03235562518239021,1.0,-3.0,success
1497,1.3087812662124634,-0.14553622901439667,-0.00020110122568439692,0.03235214203596115,0.03235214203596115,1.0,-3.0,success
1498,1.3079438209533691,-0.14489394426345825,-0.00020099742687307298,0.03298088163137436,0.03298088163137436,1.0,3.0,success
1499,1.3070989847183228,-0.1442655771970749,-0.00020102378039155155,0.032903049141168594,0.032903049141168594,1.0,3.0,success
1500,1.3062512874603271,-0.14363934099674225,-0.00020105465955566615,0.03293522074818611,0.03293522074818611,1.0,3.0,success
1501,1.305425763130188,-0.1430143564939499,-0.00020117945678066462,0.03235689550638199,0.03235689550638199,1.0,-3.0,success
1502,1.304602026939392,-0.14238719642162323,-0.00020118911925237626,0.03235350176692009,0.03235350176692009,1.0,-3.0,success
1503,1.3037800788879395,-0.14175784587860107,-0.00020116991072427481,0.03235062584280968,0.03235062584280968,1.0,-3.0,success
1504,1.3029597997665405,-0.1411263644695282,-0.00020113078062422574,0.03234981372952461,0.03234981372952461,1.0,-3.0,success
1505,1.302124261856079,-0.14048168063163757,-0.00020099428365938365,0.03297935053706169,0.03297935053706169,1.0,3.0,success
1506,1.301281452178955,-0.1398509293794632,-0.00020099521498195827,0.03289684280753136,0.03289684280753136,1.0,3.0,success
1507,1.3004356622695923,-0.13922235369682312,-0.00020100573601666838,0.032930854707956314,0.032930854707956314,1.0,3.0,success
1508,1.2995871305465698,-0.13859589397907257,-0.00020103715360164642,0.03296034783124924,0.03296034783124924,1.0,3.0,success
1509,1.2987617254257202,-0.1379707157611847,-0.0002011667675105855,0.032357580959796906,0.032357580959796906,1.0,-3.0,success
1510,1.2979382276535034,-0.13734333217144012,-0.00020117660460527986,0.03235180675983429,0.03235180675983429,1.0,-3.0,success
1511,1.2970994710922241,-0.13670265674591064,-0.00020107656018808484,0.032982852309942245,0.032982852309942245,1.0,3.0,success
1512,1.2962533235549927,-0.13607585430145264,-0.0002011050091823563,0.03290681168437004,0.03290681168437004,1.0,3.0,success
1513,1.2954038381576538,-0.13545118272304535,-0.00020113766368012875,0.03295119106769562,0.03295119106769562,1.0,3.0,success
1514,1.2945771217346191,-0.13482776284217834,-0.0002012664481298998,0.03235714137554169,0.03235714137554169,1.0,-3.0,success
1515,1.2937523126602173,-0.13420215249061584,-0.00020127763855271041,0.032350894063711166,0.032350894063711166,1.0,-3.0,success
1516,1.2929291725158691,-0.13357436656951904,-0.00020125956507399678,0.03235054016113281,0.03235054016113281,1.0,-3.0,success
1517,1.2920907735824585,-0.1329333484172821,-0.00020114006474614143,0.03298047557473183,0.03298047557473183,1.0,3.0,success
1518,1.2912447452545166,-0.13230620324611664,-0.00020115298684686422,0.032910194247961044,0.032910194247961044,1.0,3.0,success
1519,1.2903954982757568,-0.13168123364448547,-0.00020117331587243825,0.032950710505247116,0.032950710505247116,1.0,3.0,success
1520,1.2895435094833374,-0.13105709850788116,-0.00020121075795032084,0.03300434350967407,0.03300434350967407,1.0,3.0,success
1521,1.2887154817581177,-0.13043545186519623,-0.00020135429804213345,0.03235657140612602,0.03235657140612602,1.0,-3.0,success
1522,1.2878892421722412,-0.1298116147518158,-0.00020136938837822527,0.032353099435567856,0.032353099435567856,1.0,-3.0,success
1523,1.2870646715164185,-0.12918557226657867,-0.0002013540215557441,0.03235312178730965,0.03235312178730965,1.0,-3.0,success
1524,1.286241888999939,-0.12855739891529083,-0.00020131788915023208,0.03234899789094925,0.03234899789094925,1.0,-3.0,success
1525,1.2854037284851074,-0.12791603803634644,-0.000201183749595657,0.03298106789588928,0.03298106789588928,1.0,3.0,success
1526,1.2845579385757446,-0.1272885650396347,-0.00020118484098929912,0.032910313457250595,0.032910313457250595,1.0,3.0,success
1527,1.283708930015564,-0.12666328251361847,-0.0002011957549257204,0.032950509339571,0.032950509339571,1.0,3.0,success
1528,1.282856822013855,-0.1260395497083664,-0.00020122672140132636,0.0329999178647995,0.0329999178647995,1.0,3.0,success
1529,1.2820289134979248,-0.12541764974594116,-0.00020136388775426894,0.03235834464430809,0.03235834464430809,1.0,-3.0,success
1530,1.2812029123306274,-0.12479355186223984,-0.00020137440878897905,0.03235206753015518,0.03235206753015518,1.0,-3.0,success
1531,1.2803616523742676,-0.12415619194507599,-0.00020127461175434291,0.03298238292336464,0.03298238292336464,1.0,3.0,success
1532,1.2795171737670898,-0.12352203577756882,-0.000201288508833386,0.033002398908138275,0.03300239518284798,1.0,3.0,success
1533,1.2786897420883179,-0.1228996217250824,-0.00020141055574640632,0.03235608711838722,0.03235608711838722,1.0,-3.0,success
1534,1.2778642177581787,-0.12227504700422287,-0.00020140754349995404,0.03234916925430298,0.03234916925430298,1.0,-3.0,success
1535,1.2770233154296875,-0.1216372549533844,-0.00020129659969825298,0.03298163786530495,0.03298163786530495,1.0,3.0,success
1536,1.2761781215667725,-0.12100347876548767,-0.00020129999029450119,0.033013150095939636,0.033013150095939636,1.0,3.0,success
1537,1.275334119796753,-0.1203695759177208,-0.0002013366756727919,0.03298573195934296,0.03298573195934296,1.0,3.0,success
1538,1.274505615234375,-0.11974867433309555,-0.0002014642086578533,0.03235451877117157,0.03235451877117157,1.0,-3.0,success
1539,1.2736787796020508,-0.11912558227777481,-0.00020146767201367766,0.032353952527046204,0.032353952527046204,1.0,-3.0,success
1540,1.2728368043899536,-0.11848928034305573,-0.0002013621269725263,0.032980263233184814,0.032980263233184814,1.0,3.0,success
1541,1.2719932794570923,-0.11785488575696945,-0.00020137413230258971,0.032983049750328064,0.032983049750328064,1.0,3.0,success
1542,1.2711482048034668,-0.11722242832183838,-0.00020140894048381597,0.03298546001315117,0.03298545628786087,1.0,3.0,success
1543,1.2703016996383667,-0.11659188568592072,-0.00020145879534538835,0.03298547863960266,0.03298547863960266,1.0,3.0,success
1544,1.2694706916809082,-0.11597428470849991,-0.000201600298169069,0.032355524599552155,0.032355524599552155,1.0,-3.0,success
1545,1.268641471862793,-0.11535447090864182,-0.00020161509746685624,0.03235204517841339,0.03235204517841339,1.0,-3.0,success
1546,1.2678139209747314,-0.11473244428634644,-0.00020159949781373143,0.0323517881333828,0.0323517881333828,1.0,-3.0,success
1547,1.2669709920883179,-0.11409728229045868,-0.000201481903786771,0.03298259153962135,0.03298259153962135,1.0,3.0,success
1548,1.2661266326904297,-0.11346404254436493,-0.00020148447947576642,0.032982226461172104,0.032982226461172104,1.0,3.0,success
1549,1.2652807235717773,-0.11283275485038757,-0.0002015118079725653,0.03298446536064148,0.03298446536064148,1.0,3.0,success
1550,1.2644333839416504,-0.11220340430736542,-0.00020155574020463973,0.0329841710627079,0.0329841710627079,1.0,3.0,success
1551,1.2635846138000488,-0.11157595366239548,-0.00020161278371233493,0.032984741032123566,0.032984741032123566,1.0,3.0,success
1552,1.2627512216567993,-0.11096139252185822,-0.00020175990357529372,0.03235888481140137,0.03235888481140137,1.0,-3.0,success
1553,1.2619197368621826,-0.11034460365772247,-0.0002017791848629713,0.03235235810279846,0.03235235810279846,1.0,-3.0,success
1554,1.2610728740692139,-0.10971464961767197,-0.00020168646005913615,0.032983459532260895,0.032983459532260895,1.0,3.0,success
1555,1.2602245807647705,-0.10908660292625427,-0.0002017087972490117,0.03298383951187134,0.03298383951187134,1.0,3.0,success
1556,1.2593748569488525,-0.10846048593521118,-0.00020175195822957903,0.032983969897031784,0.032983969897031784,1.0,3.0,success
1557,1.2585235834121704,-0.1078362837433815,-0.00020180859428364784,0.032987553626298904,0.032987553626298904,1.0,3.0,success
1558,1.2576709985733032,-0.10721397399902344,-0.00020187585323583335,0.032985709607601166,0.032985709607601166,1.0,3.0,success
1559,1.256817102432251,-0.106593556702137,-0.000201951595954597,0.032984018325805664,0.032984018325805664,1.0,3.0,success
1560,1.2559785842895508,-0.10598590224981308,-0.00020211336959619075,0.032360829412937164,0.032360829412937164,1.0,-3.0,success
1561,1.2551419734954834,-0.1053759753704071,-0.00020214436517562717,0.03235436603426933,0.03235436603426933,1.0,-3.0,success
1562,1.254289984703064,-0.10475296527147293,-0.00020206111366860569,0.03298357501626015,0.03298357501626015,1.0,3.0,success
1563,1.25343656539917,-0.10413186252117157,-0.00020209109061397612,0.03298456221818924,0.03298456221818924,1.0,3.0,success
1564,1.2525817155838013,-0.10351268947124481,-0.00020214046526234597,0.03298530727624893,0.03298530727624893,1.0,3.0,success
1565,1.251725435256958,-0.10289543122053146,-0.00020220217993482947,0.03298649936914444,0.03298649936914444,1.0,3.0,success
1566,1.2508678436279297,-0.10228008031845093,-0.00020227361528668553,0.03298496454954147,0.03298496454954147,1.0,3.0,success
1567,1.2500088214874268,-0.10166662186384201,-0.0002023528068093583,0.03298689052462578,0.03298689052462578,1.0,3.0,success
1568,1.2491484880447388,-0.10105504095554352,-0.0002024382265517488,0.03298621624708176,0.03298621624708176,1.0,3.0,success
1569,1.248303771018982,-0.10045607388019562,-0.00020260768360458314,0.032360099256038666,0.032360099256038666,1.0,-3.0,success
1570,1.2474608421325684,-0.09985479712486267,-0.0002026447473326698,0.032356396317481995,0.032356392592191696,1.0,-3.0,success
1571,1.2466025352478027,-0.09924057871103287,-0.0002025662688538432,0.032982517033815384,0.032982517033815384,1.0,3.0,success
1572,1.2457427978515625,-0.09862826764583588,-0.00020260018936824054,0.03298427164554596,0.03298427164554596,1.0,3.0,success
1573,1.244881510734558,-0.09801790118217468,-0.00020265286730136722,0.03298855200409889,0.03298855200409889,1.0,3.0,success
1574,1.2440190315246582,-0.09740946441888809,-0.00020271737594157457,0.032984159886837006,0.032984159886837006,1.0,3.0,success
1575,1.2431550025939941,-0.09680293500423431,-0.00020279118325561285,0.032989464700222015,0.03298946097493172,1.0,3.0,success
1576,1.2423068284988403,-0.09620892256498337,-0.00020295170543249696,0.03235922008752823,0.03235922008752823,1.0,-3.0,success
1577,1.2414605617523193,-0.09561262279748917,-0.0002029815223067999,0.0323515348136425,0.0323515348136425,1.0,-3.0,success
1578,1.2405985593795776,-0.09500348567962646,-0.00020289691747166216,0.03298460692167282,0.03298460692167282,1.0,3.0,success
1579,1.2397351264953613,-0.09439627826213837,-0.0002029260795097798,0.03298639878630638,0.03298639878630638,1.0,3.0,success
1580,1.23887038230896,-0.09379103034734726,-0.00020297504670452327,0.03298477828502655,0.03298477828502655,1.0,3.0,success
1581,1.238004207611084,-0.09318771958351135,-0.00020303668861743063,0.032986775040626526,0.032986775040626526,1.0,3.0,success
1582,1.2371366024017334,-0.09258633852005005,-0.00020310831314418465,0.032989077270030975,0.032989077270030975,1.0,3.0,success
1583,1.2362678050994873,-0.09198686480522156,-0.00020318792667239904,0.03298581391572952,0.03298581391572952,1.0,3.0,success
1584,1.235414743423462,-0.09139978885650635,-0.00020335307635832578,0.03236106410622597,0.03236106410622597,1.0,-3.0,success
1585,1.2345635890960693,-0.09081040322780609,-0.00020338651665952057,0.03235302120447159,0.03235301747918129,1.0,-3.0,success
1586,1.233713984489441,-0.09021872282028198,-0.00020338517788331956,0.032354146242141724,0.032354142516851425,1.0,-3.0,success
1587,1.2328486442565918,-0.0896143764257431,-0.00020327854144852608,0.03298389911651611,0.03298389911651611,1.0,3.0,success
1588,1.231981873512268,-0.08901199698448181,-0.00020329043036326766,0.032985441386699677,0.032985441386699677,1.0,3.0,success
1589,1.231130838394165,-0.08842340111732483,-0.0001990932651096955,0.03233617544174194,0.03233591094613075,1.0,3.0,success
1590,1.230261206626892,-0.08782561868429184,-0.00019967778644058853,0.03297731652855873,0.03297731280326843,1.0,3.0,success
1591,1.229390263557434,-0.08722969144582748,-0.00020046861027367413,0.032978322356939316,0.03297831490635872,1.0,3.0,success
1592,1.228518009185791,-0.08663563430309296,-0.0002011384640354663,0.032979220151901245,0.03297921270132065,1.0,3.0,success
1593,1.2276618480682373,-0.08605369925498962,-0.0002017773367697373,0.0323503240942955,0.032350316643714905,1.0,-3.0,success
1594,1.2268074750900269,-0.08546943217515945,-0.00020218877762090415,0.03234520182013512,0.03234520182013512,1.0,-3.0,success
1595,1.225937008857727,-0.08487260341644287,-0.00020240842422936112,0.03298194333910942,0.03298194333910942,1.0,3.0,success
1596,1.2250651121139526,-0.0842776969075203,-0.0002026815345743671,0.03298492729663849,0.03298492729663849,1.0,3.0,success
1597,1.2241919040679932,-0.08368474990129471,-0.00020292578847147524,0.03298434987664223,0.03298434987664223,1.0,3.0,success
1598,1.2233173847198486,-0.08309374749660492,-0.00020314380526542664,0.03298419341444969,0.03298419341444969,1.0,3.0,success
1599,1.2224414348602295,-0.08250467479228973,-0.00020334069267846644,0.032987549901008606,0.032987549901008606,1.0,3.0,success
1600,1.2215816974639893,-0.08192776888608932,-0.000203600138775073,0.03235497698187828,0.03235497698187828,1.0,-3.0,success
1601,1.2207235097885132,-0.08134853839874268,-0.00020370862330310047,0.032355356961488724,0.032355356961488724,1.0,-3.0,success
1602,1.2198495864868164,-0.08075679838657379,-0.00020368631521705538,0.03298167884349823,0.03298167884349823,1.0,3.0,success
1603,1.2189741134643555,-0.0801670029759407,-0.00020376572501845658,0.0329877994954586,0.0329877994954586,1.0,3.0,success
1604,1.218097448348999,-0.079579196870327,-0.0002038552047451958,0.032984040677547455,0.032984040677547455,1.0,3.0,success
1605,1.217219352722168,-0.07899335026741028,-0.00020394953025970608,0.03298715502023697,0.03298715129494667,1.0,3.0,success
1606,1.2163399457931519,-0.07840946316719055,-0.00020404761016834527,0.03298734128475189,0.032987337559461594,1.0,3.0,success
1607,1.215476632118225,-0.07783767580986023,-0.0002042279957095161,0.03235923871397972,0.03235923871397972,1.0,-3.0,success
1608,1.214614987373352,-0.07726356387138367,-0.0002042733394773677,0.03235599398612976,0.03235599398612976,1.0,-3.0,success
1609,1.2137374877929688,-0.07667701691389084,-0.0002042004925897345,0.032983820885419846,0.032983820885419846,1.0,3.0,success
1610,1.2128585577011108,-0.076092429459095,-0.00020423952082637697,0.032987043261528015,0.032987043261528015,1.0,3.0,success
1611,1.2119783163070679,-0.07550983875989914,-0.0002042967826128006,0.03298668935894966,0.03298668935894966,1.0,3.0,success
1612,1.2111141681671143,-0.07493933290243149,-0.00020444521214812994,0.03235890343785286,0.03235890343785286,1.0,-3.0,success
1613,1.210251808166504,-0.07436653226613998,-0.00020446490088943392,0.03235190361738205,0.03235190361738205,1.0,-3.0,success
1614,1.2093733549118042,-0.07378137111663818,-0.00020437120110727847,0.032984573394060135,0.032984573394060135,1.0,3.0,success
1615,1.2084934711456299,-0.07319819182157516,-0.00020439362560864538,0.032987531274557114,0.032987531274557114,1.0,3.0,success
1616,1.2076122760772705,-0.07261702418327332,-0.00020443765970412642,0.032987043261528015,0.032987043261528015,1.0,3.0,success
1617,1.206729769706726,-0.07203785330057144,-0.00020449580915737897,0.03298698365688324,0.03298698365688324,1.0,3.0,success
1618,1.205863356590271,-0.071470707654953,-0.0002046446898020804,0.03236036375164986,0.03236036375164986,1.0,-3.0,success
1619,1.2049987316131592,-0.07090125232934952,-0.0002046646986855194,0.03235326707363129,0.03235326707363129,1.0,-3.0,success
1620,1.204118013381958,-0.07031947374343872,-0.00020457127538975328,0.03298512473702431,0.03298512473702431,1.0,3.0,success
1621,1.2032359838485718,-0.0697396844625473,-0.00020459397637750953,0.032985132187604904,0.032985132187604904,1.0,3.0,success
1622,1.202352523803711,-0.06916189938783646,-0.00020463827240746468,0.032988179475069046,0.032988179475069046,1.0,3.0,success
1623,1.201467752456665,-0.06858611851930618,-0.00020469668379519135,0.032988276332616806,0.032988276332616806,1.0,3.0,success
1624,1.2005817890167236,-0.0680123046040535,-0.00020476619829423726,0.032986052334308624,0.032986052334308624,1.0,3.0,success
1625,1.1996943950653076,-0.0674404576420784,-0.00020484458946157247,0.03299024701118469,0.03299024701118469,1.0,3.0,success
1626,1.19882333278656,-0.06688050925731659,-0.00020500924438238144,0.03235984593629837,0.03235984593629837,1.0,-3.0,success
1627,1.1979540586471558,-0.06631820648908615,-0.00020504194253589958,0.032352760434150696,0.032352760434150696,1.0,-3.0,success
1628,1.1970685720443726,-0.06574366241693497,-0.0002049587928922847,0.03298595920205116,0.03298595920205116,1.0,3.0,success
1629,1.1961816549301147,-0.06517110019922256,-0.00020498977391980588,0.03298983722925186,0.03298983722925186,1.0,3.0,success
1630,1.1952935457229614,-0.06460054218769073,-0.00020504079293459654,0.03298724815249443,0.03298724815249443,1.0,3.0,success
1631,1.194404125213623,-0.06403198093175888,-0.00020510466129053384,0.03298807889223099,0.03298807889223099,1.0,3.0,success
1632,1.1935135126113892,-0.06346540153026581,-0.00020517864322755486,0.03298619017004967,0.03298619017004967,1.0,3.0,success
1633,1.1926391124725342,-0.06291062384843826,-0.00020533993665594608,0.03236078470945358,0.03236078470945358,1.0,-3.0,success
1634,1.191766381263733,-0.06235348433256149,-0.00020536986994557083,0.03235641494393349,0.03235641494393349,1.0,-3.0,success
1635,1.1908775568008423,-0.06178421154618263,-0.00020528433378785849,0.032984375953674316,0.032984375953674316,1.0,3.0,success
1636,1.189987301826477,-0.06121692433953285,-0.00020531349582597613,0.032988645136356354,0.032988645136356354,1.0,3.0,success
1637,1.1890958547592163,-0.060651663690805435,-0.00020536316151265055,0.0329861082136631,0.0329861082136631,1.0,3.0,success
1638,1.188202977180481,-0.06008840724825859,-0.0002054260257864371,0.032990410923957825,0.032990410923957825,1.0,3.0,success
1639,1.1873265504837036,-0.0595368929207325,-0.00020557873358484358,0.03235984966158867,0.03235984966158867,1.0,-3.0,success
1640,1.1864519119262695,-0.058983031660318375,-0.00020560171105898917,0.032351747155189514,0.032351747155189514,1.0,-3.0,success
1641,1.1855608224868774,-0.05841711908578873,-0.0002055103686871007,0.03298759087920189,0.03298759087920189,1.0,3.0,success
1642,1.1846685409545898,-0.057853203266859055,-0.00020553497597575188,0.032985664904117584,0.032985664904117584,1.0,3.0,success
1643,1.1837748289108276,-0.05729132518172264,-0.00020558106189128011,0.03298952430486679,0.03298952430486679,1.0,3.0,success
1644,1.18287992477417,-0.056731462478637695,-0.0002056411321973428,0.03298762068152428,0.03298762068152428,1.0,3.0,success
1645,1.1819837093353271,-0.056173596531152725,-0.0002057122328551486,0.03298934921622276,0.03298934921622276,1.0,3.0,success
1646,1.1810863018035889,-0.05561771243810654,-0.0002057921519735828,0.032988328486680984,0.032988328486680984,1.0,3.0,success
1647,1.1802053451538086,-0.055073440074920654,-0.0002059582038782537,0.03236022964119911,0.03236022964119911,1.0,-3.0,success
1648,1.179326057434082,-0.054526783525943756,-0.0002059918624581769,0.03235514834523201,0.03235514834523201,1.0,-3.0,success
1649,1.1784303188323975,-0.053968168795108795,-0.00020590914937201887,0.032989077270030975,0.032989077270030975,1.0,3.0,success
1650,1.1775333881378174,-0.05341155081987381,-0.0002059407124761492,0.03298775106668472,0.03298775106668472,1.0,3.0,success
1651,1.1766352653503418,-0.052856966853141785,-0.0002059924736386165,0.03298596665263176,0.03298596665263176,1.0,3.0,success
1652,1.1757357120513916,-0.052304401993751526,-0.00020605717145372182,0.032990943640470505,0.032990943640470505,1.0,3.0,success
1653,1.1748350858688354,-0.05175383761525154,-0.00020613208471331745,0.03298686444759369,0.03298686444759369,1.0,3.0,success
1654,1.1739509105682373,-0.0512147881090641,-0.00020629429491236806,0.03236057981848717,0.03236057981848717,1.0,-3.0,success
1655,1.1730684041976929,-0.05067335441708565,-0.0002063248393824324,0.03235496208071709,0.03235496208071709,1.0,-3.0,success
1656,1.1721694469451904,-0.05012006312608719,-0.00020623940508812666,0.032986968755722046,0.032986968755722046,1.0,3.0,success
1657,1.171269178390503,-0.0495687834918499,-0.00020626893092412502,0.03298899903893471,0.03298899903893471,1.0,3.0,success
1658,1.17036771774292,-0.049019552767276764,-0.00020631912047974765,0.03298741579055786,0.03298741579055786,1.0,3.0,success
1659,1.1694649457931519,-0.04847234860062599,-0.00020638266869354993,0.03298954293131828,0.03298954293131828,1.0,3.0,success
1660,1.1685609817504883,-0.04792715236544609,-0.00020645673794206232,0.032988958060741425,0.032988958060741425,1.0,3.0,success
1661,1.1676558256149292,-0.047383952885866165,-0.00020653920364566147,0.03298870846629143,0.03298870846629143,1.0,3.0,success
1662,1.166749358177185,-0.04684274271130562,-0.00020662840688601136,0.03299194574356079,0.03299194574356079,1.0,3.0,success
1663,1.165859580039978,-0.04631287604570389,-0.00020680185116361827,0.0323624461889267,0.0323624461889267,1.0,-3.0,success
1664,1.1649715900421143,-0.04578058794140816,-0.00020684138871729374,0.03235328570008278,0.03235328570008278,1.0,-3.0,success
1665,1.1640669107437134,-0.045236583799123764,-0.00020676315762102604,0.032988883554935455,0.032988883554935455,1.0,3.0,success
1666,1.163161039352417,-0.04469459131360054,-0.00020679851877503097,0.032988499850034714,0.032988499850034714,1.0,3.0,success
1667,1.162253975868225,-0.04415464773774147,-0.00020685351046267897,0.032987672835588455,0.032987672835588455,1.0,3.0,success
1668,1.1613456010818481,-0.04361674189567566,-0.00020692101679742336,0.03299040347337723,0.03299040347337723,1.0,3.0,success
1669,1.1604360342025757,-0.04308084771037102,-0.0002069983893306926,0.032990504056215286,0.032990504056215286,1.0,3.0,success
1670,1.1595253944396973,-0.04254696145653725,-0.00020708363445010036,0.03298761323094368,0.03298761323094368,1.0,3.0,success
1671,1.1586313247680664,-0.042024288326501846,-0.00020725409558508545,0.032363712787628174,0.032363712787628174,1.0,-3.0,success
1672,1.1577390432357788,-0.04149918630719185,-0.0002072911593131721,0.03235391527414322,0.03235391154885292,1.0,-3.0,success
1673,1.1568299531936646,-0.04096250981092453,-0.0002072107163257897,0.03299009054899216,0.03299009054899216,1.0,3.0,success
1674,1.1559197902679443,-0.040427856147289276,-0.00020724444766528904,0.032986901700496674,0.032986901700496674,1.0,3.0,success
1675,1.155008316040039,-0.03989526629447937,-0.00020729824609588832,0.032989658415317535,0.032989658415317535,1.0,3.0,success
1676,1.1540956497192383,-0.03936472535133362,-0.00020736490841954947,0.03298960253596306,0.03298960253596306,1.0,3.0,success
1677,1.153181791305542,-0.03883621096611023,-0.00020744171342812479,0.03299006447196007,0.03299006447196007,1.0,3.0,success
1678,1.1522847414016724,-0.03831880912184715,-0.00020760569896083325,0.032361529767513275,0.032361529767513275,1.0,-3.0,success
1679,1.1513893604278564,-0.03779899328947067,-0.000207637480343692,0.032354168593883514,0.032354168593883514,1.0,-3.0,success
1680,1.1504771709442139,-0.03726771101355553,-0.00020755254081450403,0.032988376915454865,0.032988376915454865,1.0,3.0,success
1681,1.1495637893676758,-0.03673846274614334,-0.00020758280879817903,0.03298865631222725,0.03298865631222725,1.0,3.0,success
1682,1.1486492156982422,-0.0362112931907177,-0.00020763391512446105,0.03298840671777725,0.03298840671777725,1.0,3.0,success
1683,1.1477333307266235,-0.0356861837208271,-0.00020769854017999023,0.03299184516072273,0.03299184516072273,1.0,3.0,success
1684,1.146816372871399,-0.03516311198472977,-0.0002077737735817209,0.03298933804035187,0.03298933804035187,1.0,3.0,success
1685,1.1458982229232788,-0.034642066806554794,-0.00020785751985386014,0.03299040347337723,0.03299040347337723,1.0,3.0,success
1686,1.1449788808822632,-0.03412303328514099,-0.00020794806187041104,0.03299185261130333,0.03299185261130333,1.0,3.0,success
1687,1.1440584659576416,-0.03360601142048836,-0.00020804406085517257,0.0329902209341526,0.0329902209341526,1.0,3.0,success
1688,1.1431549787521362,-0.03309988975524902,-0.00020822307851631194,0.032362211495637894,0.032362211495637894,1.0,-3.0,success
1689,1.142253041267395,-0.032591305673122406,-0.0002082669670926407,0.03235769644379616,0.03235769644379616,1.0,-3.0,success
1690,1.1413342952728271,-0.032071422785520554,-0.00020819173369091004,0.03298869729042053,0.03298869729042053,1.0,3.0,success
1691,1.1404144763946533,-0.03155357763171196,-0.00020822984515689313,0.0329865962266922,0.0329865962266922,1.0,3.0,success
1692,1.1394933462142944,-0.031037811189889908,-0.00020828736887779087,0.03299052640795708,0.03299052640795708,1.0,3.0,success
1693,1.13857102394104,-0.030524110421538353,-0.00020835726172663271,0.03299157693982124,0.03299157693982124,1.0,3.0,success
1694,1.1376476287841797,-0.030012452974915504,-0.0002084368752548471,0.032989874482154846,0.032989874482154846,1.0,3.0,success
1695,1.1367230415344238,-0.029502831399440765,-0.00020852425950579345,0.03299170732498169,0.03299170732498169,1.0,3.0,success
1696,1.135797381401062,-0.02899523451924324,-0.00020861787197645754,0.032990604639053345,0.032990604639053345,1.0,3.0,success
1697,1.134888768196106,-0.028498368337750435,-0.0002087951434077695,0.03236229717731476,0.03236229717731476,1.0,-3.0,success
1698,1.133981704711914,-0.0279990304261446,-0.00020883759134449065,0.03235699236392975,0.03235699236392975,1.0,-3.0,success
1699,1.133057713508606,-0.02748856693506241,-0.00020876091730315238,0.032988108694553375,0.032988108694553375,1.0,3.0,success
1700,1.1321325302124023,-0.02698015607893467,-0.00020879803923889995,0.03298978507518768,0.03298978507518768,1.0,3.0,success
1701,1.1312061548233032,-0.026473838835954666,-0.0002088549081236124,0.03299101069569588,0.03299101069569588,1.0,3.0,success
1702,1.1302787065505981,-0.025969598442316055,-0.00020892439351882786,0.03298938274383545,0.03298938274383545,1.0,3.0,success
1703,1.1293500661849976,-0.025467418134212494,-0.0002090038324240595,0.0329914465546608,0.0329914465546608,1.0,3.0,success
1704,1.128420352935791,-0.024967283010482788,-0.00020909120212309062,0.03299061208963394,0.03299061208963394,1.0,3.0,success
1705,1.1275076866149902,-0.024477746337652206,-0.00020926371507812291,0.03236458823084831,0.03236458823084831,1.0,-3.0,success
1706,1.1265966892242432,-0.023985734209418297,-0.00020930227765347809,0.032355327159166336,0.032355327159166336,1.0,-3.0,success
1707,1.1256686449050903,-0.02348274551331997,-0.00020922219846397638,0.032987091690301895,0.032987091690301895,1.0,3.0,success
1708,1.1247392892837524,-0.02298182062804699,-0.00020925674471072853,0.03299247473478317,0.03299247473478317,1.0,3.0,success
1709,1.1238088607788086,-0.022483007982373238,-0.00020931166363880038,0.03299075365066528,0.032990749925374985,1.0,3.0,success
1710,1.1228773593902588,-0.021986281499266624,-0.00020937972294632345,0.03298958018422127,0.03298958018422127,1.0,3.0,success
1711,1.1219446659088135,-0.021491626277565956,-0.00020945809956174344,0.032992079854011536,0.032992079854011536,1.0,3.0,success
1712,1.1210110187530518,-0.020999029278755188,-0.0002095447271130979,0.032988350838422775,0.032988350838422775,1.0,3.0,success
1713,1.1200944185256958,-0.0205168928951025,-0.00020971675985492766,0.03236467391252518,0.03236467391252518,1.0,-3.0,success
1714,1.119179368019104,-0.02003227174282074,-0.00020975488587282598,0.032358087599277496,0.032358087599277496,1.0,-3.0,success
1715,1.1182472705841064,-0.019536811858415604,-0.00020967428281437606,0.03298741951584816,0.03298741951584816,1.0,3.0,success
1716,1.1173139810562134,-0.01904342509806156,-0.00020970850891899318,0.0329899899661541,0.0329899899661541,1.0,3.0,success
1717,1.1163794994354248,-0.018552159890532494,-0.00020976328232791275,0.03299202769994736,0.03299202769994736,1.0,3.0,success
1718,1.1154439449310303,-0.01806299015879631,-0.00020983131253160536,0.03299131616950035,0.03299131616950035,1.0,3.0,success
1719,1.1145073175430298,-0.017575902864336967,-0.00020990977645851672,0.0329909548163414,0.0329909548163414,1.0,3.0,success
1720,1.1135696172714233,-0.01709088310599327,-0.00020999657863285393,0.032990969717502594,0.032990969717502594,1.0,3.0,success
1721,1.112630844116211,-0.016607919707894325,-0.00021009006013628095,0.032991308718919754,0.032991308718919754,1.0,3.0,success
1722,1.1117093563079834,-0.016135236248373985,-0.00021026750619057566,0.03236404061317444,0.03236403688788414,1.0,-3.0,success
1723,1.11078941822052,-0.01566004753112793,-0.0002103099977830425,0.032356809824705124,0.032356809824705124,1.0,-3.0,success
1724,1.1098521947860718,-0.015174178406596184,-0.0002102327416650951,0.03298994153738022,0.03298994153738022,1.0,3.0,success
1725,1.1089138984680176,-0.014690390788018703,-0.00021026976173743606,0.032989852130413055,0.032989852130413055,1.0,3.0,success
1726,1.1079745292663574,-0.014208730310201645,-0.0002103268780047074,0.032989274710416794,0.032989274710416794,1.0,3.0,success
1727,1.1070339679718018,-0.013729175552725792,-0.00021039691637270153,0.03299248591065407,0.03299248591065407,1.0,3.0,success
1728,1.1060923337936401,-0.013251710683107376,-0.00021047709742560983,0.03299276903271675,0.03299276903271675,1.0,3.0,success
1729,1.105149745941162,-0.012776321731507778,-0.00021056538389530033,0.032990094274282455,0.032990094274282455,1.0,3.0,success
1730,1.104224443435669,-0.012311074882745743,-0.00021073890093248338,0.0323650948703289,0.0323650948703289,1.0,-3.0,success
1731,1.10330069065094,-0.011843321844935417,-0.00021077819110359997,0.03235713765025139,0.03235713765025139,1.0,-3.0,success
1732,1.102359652519226,-0.011365036480128765,-0.0002106980828102678,0.03298776596784592,0.03298776596784592,1.0,3.0,success
1733,1.1014174222946167,-0.010888844728469849,-0.00021073294919915497,0.03299142047762871,0.03299142047762871,1.0,3.0,success
1734,1.1004741191864014,-0.010414792224764824,-0.00021078847930766642,0.03299127519130707,0.03299127519130707,1.0,3.0,success
1735,1.09952974319458,-0.009942857548594475,-0.0002108573098666966,0.032991599291563034,0.032991599291563034,1.0,3.0,success
1736,1.0985842943191528,-0.009473023936152458,-0.00021093664690852165,0.032992321997880936,0.03299231827259064,1.0,3.0,success
1737,1.0976378917694092,-0.00900527648627758,-0.00021102436585351825,0.03299007564783096,0.03299007564783096,1.0,3.0,success
1738,1.09669029712677,-0.00853960495442152,-0.00021111880778335035,0.03299481421709061,0.03299481421709061,1.0,3.0,success
1739,1.0957602262496948,-0.008083894848823547,-0.00021129717060830444,0.0323660634458065,0.0323660634458065,1.0,-3.0,success
1740,1.0948318243026733,-0.007625658065080643,-0.0002113403897965327,0.03235410526394844,0.03235410526394844,1.0,-3.0,success
1741,1.0939046144485474,-0.007164909038692713,-0.00021134407143108547,0.03235556185245514,0.03235556185245514,1.0,-3.0,success
1742,1.0929598808288574,-0.006693848874419928,-0.00021123874466866255,0.032989393919706345,0.032989393919706345,1.0,3.0,success
1743,1.0920140743255615,-0.0062249284237623215,-0.00021125393686816096,0.03298964351415634,0.03298964351415634,1.0,3.0,success
1744,1.0910671949386597,-0.005758187733590603,-0.00021129388187546283,0.0329895094037056,0.0329895094037056,1.0,3.0,success
1745,1.0901191234588623,-0.005293598864227533,-0.0002113504015142098,0.03299328684806824,0.03299328684806824,1.0,3.0,success
1746,1.0891700983047485,-0.0048311385326087475,-0.00021141998877283186,0.03299085795879364,0.03299085795879364,1.0,3.0,success
1747,1.0882200002670288,-0.004370789043605328,-0.0002115000388585031,0.03299218416213989,0.03299218416213989,1.0,3.0,success
1748,1.0872689485549927,-0.0039125364273786545,-0.0002115884271916002,0.03299051150679588,0.03299051150679588,1.0,3.0,success
1749,1.086335301399231,-0.003464112291112542,-0.00021176220616325736,0.03236723318696022,0.03236723318696022,1.0,-3.0,success
1750,1.085403323173523,-0.003013160778209567,-0.0002118016709573567,0.032354552298784256,0.032354552298784256,1.0,-3.0,success
1751,1.0844537019729614,-0.0025519856717437506,-0.00021172125707380474,0.03299003839492798,0.03299003839492798,1.0,3.0,success
1752,1.083503007888794,-0.0020929232705384493,-0.00021175613801460713,0.0329914391040802,0.0329914391040802,1.0,3.0,success
1753,1.0825512409210205,-0.001636020839214325,-0.000211811886401847,0.03299236670136452,0.03299236670136452,1.0,3.0,success
1754,1.0815984010696411,-0.0011812560260295868,-0.00021188112441450357,0.03299376741051674,0.03299376741051674,1.0,3.0,success
1755,1.0806446075439453,-0.0007286107866093516,-0.00021196098532527685,0.03299221023917198,0.03299221023917198,1.0,3.0,success
1756,1.079689860343933,-0.00027807094738818705,-0.00021204933000262827,0.03299100697040558,0.03299100697040558,1.0,3.0,success
1757,1.078734040260315,0.00017037456564139575,-0.00021214447042439133,0.03299348056316376,0.03299348056316376,1.0,3.0,success
1758,1.0777958631515503,0.000609176408033818,-0.0002123235462931916,0.03236636146903038,0.03236636146903038,1.0,-3.0,success
1759,1.0768592357635498,0.0010505266254767776,-0.000212367347558029,0.03235636278986931,0.03235636278986931,1.0,-3.0,success
1760,1.0759239196777344,0.0014944106806069613,-0.0002123711456079036,0.032353173941373825,0.032353173941373825,1.0,-3.0,success
1761,1.0749708414077759,0.0019482963252812624,-0.00021226555691100657,0.032988667488098145,0.032988667488098145,1.0,3.0,success
1762,1.0740166902542114,0.0024000226985663176,-0.00021228082187008113,0.03299001231789589,0.03299001231789589,1.0,3.0,success
1763,1.0730613470077515,0.0028495495207607746,-0.0002123210288118571,0.032994359731674194,0.032994359731674194,1.0,3.0,success
1764,1.0721051692962646,0.0032969051972031593,-0.00021237795590423048,0.032989151775836945,0.032989151775836945,1.0,3.0,success
1765,1.0711477994918823,0.0037421134766191244,-0.00021244808158371598,0.03299454227089882,0.03299454227089882,1.0,3.0,success
1766,1.0701894760131836,0.004185191821306944,-0.00021252875740174204,0.032993581146001816,0.032993581146001816,1.0,3.0,success
1767,1.069230318069458,0.004626155830919743,-0.00021261785877868533,0.03298959881067276,0.03298959881067276,1.0,3.0,success
1768,1.0682886838912964,0.005057609640061855,-0.00021279233624227345,0.03236792981624603,0.03236792981624603,1.0,-3.0,success
1769,1.067348599433899,0.005491612013429403,-0.00021283241221681237,0.03235721215605736,0.03235721215605736,1.0,-3.0,success
1770,1.066390872001648,0.005935525055974722,-0.00021275199833326042,0.03298763558268547,0.03298763558268547,1.0,3.0,success
1771,1.0654319524765015,0.006377307698130608,-0.00021278715576045215,0.03299352154135704,0.03299352154135704,1.0,3.0,success
1772,1.0644720792770386,0.006816910579800606,-0.00021284331160131842,0.032992172986269,0.032992172986269,1.0,3.0,success
1773,1.0635112524032593,0.007254357915371656,-0.00021291308803483844,0.032991304993629456,0.032991304993629456,1.0,3.0,success
1774,1.062549352645874,0.00768966693431139,-0.00021299357467796654,0.032994214445352554,0.032994214445352554,1.0,3.0,success
1775,1.0616052150726318,0.008115568198263645,-0.0002131614019162953,0.03236733376979828,0.03236733376979828,1.0,-3.0,success
1776,1.0606627464294434,0.0085440119728446,-0.0002131960791302845,0.03235260024666786,0.03235260024666786,1.0,-3.0,success
1777,1.0597022771835327,0.008982245810329914,-0.00021311106684152037,0.032991327345371246,0.032991327345371246,1.0,3.0,success
1778,1.0587408542633057,0.009418336674571037,-0.0002131426881533116,0.0329907201230526,0.0329907201230526,1.0,3.0,success
1779,1.0577783584594727,0.00985223613679409,-0.0002131960791302845,0.03299305588006973,0.03299305588006973,1.0,3.0,success
1780,1.0568149089813232,0.010283968411386013,-0.00021326371643226594,0.03299247473478317,0.03299247473478317,1.0,3.0,success
1781,1.055869221687317,0.01070635486394167,-0.00021342161926440895,0.03236653283238411,0.03236653283238411,1.0,-3.0,success
1782,1.0549250841140747,0.011131267994642258,-0.00021344823471736163,0.03235464543104172,0.03235464543104172,1.0,-3.0,success
1783,1.0539630651474,0.01156588178128004,-0.00021335647033993155,0.03298865631222725,0.03298865631222725,1.0,3.0,success
1784,1.0529999732971191,0.011998338624835014,-0.00021338282385841012,0.032991547137498856,0.032991547137498856,1.0,3.0,success
1785,1.0520358085632324,0.012428591959178448,-0.0002134320675395429,0.03299401327967644,0.03299401327967644,1.0,3.0,success
1786,1.0510706901550293,0.01285666786134243,-0.00021349643066059798,0.032993584871292114,0.032993584871292114,1.0,3.0,success
1787,1.0501047372817993,0.013282587751746178,-0.00021357271180022508,0.03299018368124962,0.03299018368124962,1.0,3.0,success
1788,1.0491564273834229,0.013699271716177464,-0.00021373735216911882,0.032369282096624374,0.032369282096624374,1.0,-3.0,success
1789,1.0482097864151,0.014118500985205173,-0.00021376946824602783,0.03235366940498352,0.03235366940498352,1.0,-3.0,success
1790,1.0472451448440552,0.014547343365848064,-0.00021368205489125103,0.032989684492349625,0.032989684492349625,1.0,3.0,success
1791,1.0462794303894043,0.014974028803408146,-0.00021371192997321486,0.03299302980303764,0.03299302980303764,1.0,3.0,success
1792,1.045312762260437,0.015398509800434113,-0.00021376405493356287,0.03299253061413765,0.03299253061413765,1.0,3.0,success
1793,1.0443639755249023,0.01581377163529396,-0.00021391014161054045,0.03236508369445801,0.03236507996916771,1.0,-3.0,success
1794,1.0434167385101318,0.01623154804110527,-0.00021392718190327287,0.03235235437750816,0.03235235437750816,1.0,-3.0,success
1795,1.0424513816833496,0.01665886491537094,-0.00021382731210906059,0.03299078717827797,0.03299078717827797,1.0,3.0,success
1796,1.0414849519729614,0.01708400249481201,-0.0002138473792001605,0.032993968576192856,0.032993968576192856,1.0,3.0,success
1797,1.0405176877975464,0.0175069198012352,-0.00021389171888586134,0.0329899787902832,0.0329899787902832,1.0,3.0,success
1798,1.0395493507385254,0.01792764477431774,-0.00021395224030129611,0.032993342727422714,0.032993342727422714,1.0,3.0,success
1799,1.038580060005188,0.01834619976580143,-0.0002140255382983014,0.03299373388290405,0.03299373388290405,1.0,3.0,success
1800,1.0376287698745728,0.018755653873085976,-0.00021418793767224997,0.032364584505558014,0.032364580780267715,1.0,-3.0,success
1801,1.0366789102554321,0.01916765794157982,-0.0002142182202078402,0.03235515579581261,0.03235515579581261,1.0,-3.0,success
1802,1.0357109308242798,0.0195891335606575,-0.00021412910427898169,0.03299244865775108,0.03299244865775108,1.0,3.0,success
1803,1.034741997718811,0.020008442923426628,-0.0002141577424481511,0.032992832362651825,0.032992832362651825,1.0,3.0,success
1804,1.0337722301483154,0.02042553946375847,-0.00021420896518975496,0.03298938274383545,0.03298938274383545,1.0,3.0,success
1805,1.032820224761963,0.02083355188369751,-0.0002143544115824625,0.032367344945669174,0.032367341220378876,1.0,-3.0,success
1806,1.0318505764007568,0.021250957623124123,-0.0002142899320460856,0.032989781349897385,0.032989781349897385,1.0,3.0,success
1807,1.0308798551559448,0.02166622132062912,-0.0002143336896551773,0.032994192093610764,0.032994192093610764,1.0,3.0,success
1808,1.029908299446106,0.022079292684793472,-0.00021439680131152272,0.032991304993629456,0.032991304993629456,1.0,3.0,success
1809,1.0289356708526611,0.02249019220471382,-0.0002144723985111341,0.03299568593502045,0.03299568593502045,1.0,3.0,success
1810,1.027981162071228,0.02289213426411152,-0.00021463663142640144,0.03236517310142517,0.03236517310142517,1.0,-3.0,success
1811,1.0270280838012695,0.02329663746058941,-0.00021466845646500587,0.032355159521102905,0.032355159521102905,1.0,-3.0,success
1812,1.0260761976242065,0.023703698068857193,-0.0002146618062397465,0.03235220909118652,0.03235220909118652,1.0,-3.0,success
1813,1.0251060724258423,0.024120045825839043,-0.0002145468461094424,0.032990410923957825,0.032990410923957825,1.0,3.0,success
1814,1.0241349935531616,0.024534184485673904,-0.000214555358979851,0.03299066051840782,0.03299066051840782,1.0,3.0,success
1815,1.023162841796875,0.024946071207523346,-0.0002145906037185341,0.03299398347735405,0.03299398347735405,1.0,3.0,success
1816,1.0221898555755615,0.025355739519000053,-0.000214643994695507,0.03299103304743767,0.03299103304743767,1.0,3.0,success
1817,1.0212347507476807,0.025756459683179855,-0.00021479101269505918,0.03236754238605499,0.03236754238605499,1.0,-3.0,success
1818,1.0202813148498535,0.026159709319472313,-0.00021480885334312916,0.032350167632102966,0.032350167632102966,1.0,-3.0,success
1819,1.0193288326263428,0.026565490290522575,-0.00021479093993548304,0.03235364332795143,0.03235364332795143,1.0,-3.0,success
1820,1.0183582305908203,0.026980508118867874,-0.00021466669568326324,0.032987747341394424,0.032987747341394424,1.0,3.0,success
1821,1.0173864364624023,0.027393298223614693,-0.0002146679034922272,0.032994724810123444,0.032994724810123444,1.0,3.0,success
1822,1.0164138078689575,0.027803825214505196,-0.0002146973565686494,0.032991163432598114,0.032991163432598114,1.0,3.0,success
1823,1.0154402256011963,0.02821212261915207,-0.0002147461345884949,0.03299161046743393,0.03299161046743393,1.0,3.0,success
1824,1.0144845247268677,0.02861149236559868,-0.00021488958736881614,0.03236842900514603,0.03236842900514603,1.0,-3.0,success
1825,1.0135304927825928,0.029013387858867645,-0.00021490451763384044,0.032350875437259674,0.032350875437259674,1.0,-3.0,success
1826,1.012558102607727,0.029424523934721947,-0.00021480242139659822,0.03299170359969139,0.03299170359969139,1.0,3.0,success
1827,1.011584758758545,0.029833463951945305,-0.0002148210332961753,0.032992515712976456,0.032992515712976456,1.0,3.0,success
1828,1.0106104612350464,0.030240165069699287,-0.00021486436889972538,0.032992977648973465,0.032992977648973465,1.0,3.0,success
1829,1.0096542835235596,0.030637970194220543,-0.00021500374714378268,0.03236336261034012,0.03236336261034012,1.0,-3.0,success
1830,1.0086995363235474,0.03103829361498356,-0.0002150154032278806,0.032352447509765625,0.032352447509765625,1.0,-3.0,success
1831,1.0077459812164307,0.03144114091992378,-0.00021499245485756546,0.03234870359301567,0.03234870359301567,1.0,-3.0,success
1832,1.00679349899292,0.03184645622968674,-0.00021494644170161337,0.032347943633794785,0.032347943633794785,1.0,-3.0,success
1833,1.0058225393295288,0.032260920852422714,-0.00021479930728673935,0.032991230487823486,0.032991230487823486,1.0,3.0,success
1834,1.0048506259918213,0.03267312049865723,-0.00021478247072082013,0.032990943640470505,0.032990943640470505,1.0,3.0,success
1835,1.0038776397705078,0.033083029091358185,-0.0002147975319530815,0.032993949949741364,0.032993949949741364,1.0,3.0,success
1836,1.002903699874878,0.033490683883428574,-0.00021483487216755748,0.03299415856599808,0.03299415856599808,1.0,3.0,success
1837,1.0019478797912598,0.033889416605234146,-0.00021496941917575896,0.032364197075366974,0.032364197075366974,1.0,-3.0,success
1838,1.0009936094284058,0.03429066017270088,-0.00021497711713891476,0.0323498360812664,0.0323498360812664,1.0,-3.0,success
1839,1.0000404119491577,0.03469441458582878,-0.00021495104010682553,0.03234945610165596,0.03234945610165596,1.0,-3.0,success
1840,0.9990687966346741,0.03510735183954239,-0.00021482001466210932,0.032991379499435425,0.032991375774145126,1.0,3.0,success
1841,0.998096227645874,0.03551805019378662,-0.00021481594012584537,0.03299152851104736,0.03299152851104736,1.0,3.0,success
1842,0.9971226453781128,0.03592647239565849,-0.00021484120225068182,0.032993119210004807,0.032993119210004807,1.0,3.0,success
1843,0.9961481094360352,0.03633265569806099,-0.00021488667698577046,0.0329936221241951,0.0329936221241951,1.0,3.0,success
1844,0.9951726794242859,0.0367366299033165,-0.00021494812972377986,0.03299293667078018,0.03299293667078018,1.0,3.0,success
1845,0.9942153096199036,0.037131767719984055,-0.00021510140504688025,0.03236586973071098,0.03236586973071098,1.0,-3.0,success
1846,0.9932594299316406,0.03752944990992546,-0.00021512433886528015,0.03235328942537308,0.03235328942537308,1.0,-3.0,success
1847,0.9922852516174316,0.037936318665742874,-0.00021502873278222978,0.03299155831336975,0.03299155458807945,1.0,3.0,success
1848,0.991310179233551,0.03834100067615509,-0.00021505251061171293,0.032991085201501846,0.032991085201501846,1.0,3.0,success
1849,0.9903340935707092,0.03874344378709793,-0.00021510002261493355,0.03299359977245331,0.03299359977245331,1.0,3.0,success
1850,0.9893571138381958,0.03914368152618408,-0.00021516330889426172,0.032993245869874954,0.032993245869874954,1.0,3.0,success
1851,0.9883981943130493,0.039535149931907654,-0.00021531801030505449,0.03236712887883186,0.032367125153541565,1.0,-3.0,success
1852,0.987440824508667,0.03992917388677597,-0.00021534215193241835,0.03235260769724846,0.03235260769724846,1.0,-3.0,success
1853,0.9864845871925354,0.040325749665498734,-0.00021532908431254327,0.03235034644603729,0.03235034644603729,1.0,-3.0,success
1854,0.9855099320411682,0.04073140770196915,-0.00021520866721402854,0.032990749925374985,0.032990749925374985,1.0,3.0,success
1855,0.9845342636108398,0.04113483428955078,-0.0002152130618924275,0.03299327939748764,0.03299327939748764,1.0,3.0,success
1856,0.9835577011108398,0.04153599217534065,-0.00021524513431359082,0.03299209848046303,0.03299209848046303,1.0,3.0,success
1857,0.9825801849365234,0.04193491488695145,-0.00021529612422455102,0.03299320861697197,0.03299320861697197,1.0,3.0,success
1858,0.9816017746925354,0.04233163222670555,-0.00021536204440053552,0.032993119210004807,0.032993119210004807,1.0,3.0,success
1859,0.9806414246559143,0.04271964356303215,-0.0002155187976313755,0.03236789628863335,0.03236789256334305,1.0,-3.0,success
1860,0.9796826243400574,0.04311022162437439,-0.00021554462728090584,0.032353173941373825,0.032353173941373825,1.0,-3.0,success
1861,0.978725016117096,0.043503355234861374,-0.0002155328547814861,0.03234891965985298,0.03234891965985298,1.0,-3.0,success
1862,0.9777684211730957,0.043898988515138626,-0.0002154956600861624,0.03234940394759178,0.03234940394759178,1.0,-3.0,success
1863,0.9768128991127014,0.044297073036432266,-0.0002154383691959083,0.03234780207276344,0.03234780207276344,1.0,-3.0,success
1864,0.9758583903312683,0.04469757154583931,-0.0002153649111278355,0.03234769031405449,0.03234769031405449,1.0,-3.0,success
1865,0.9748853445053101,0.045107051730155945,-0.00021519533765967935,0.0329904742538929,0.0329904705286026,1.0,3.0,success
1866,0.9739113450050354,0.04551422968506813,-0.00021516074775718153,0.03299012780189514,0.03299012407660484,1.0,3.0,success
1867,0.9729362726211548,0.04591907933354378,-0.00021516173728741705,0.03299309313297272,0.03299309313297272,1.0,3.0,success
1868,0.9719603061676025,0.046321649104356766,-0.00021518788707908243,0.03299166262149811,0.03299166262149811,1.0,3.0,success
1869,0.9710023999214172,0.0467153824865818,-0.0002153137611458078,0.03236465901136398,0.032364655286073685,1.0,-3.0,success
1870,0.9700459837913513,0.04711161181330681,-0.00021531444508582354,0.03235136345028877,0.03235136345028877,1.0,-3.0,success
1871,0.9690712094306946,0.04751694202423096,-0.00021520047448575497,0.03299025446176529,0.03299025446176529,1.0,3.0,success
1872,0.9680954217910767,0.04792005196213722,-0.00021520981681533158,0.03299294039607048,0.03299294039607048,1.0,3.0,success
1873,0.9671186804771423,0.04832090064883232,-0.00021524583280552179,0.03299359232187271,0.03299359232187271,1.0,3.0,success
1874,0.9661410450935364,0.04871952161192894,-0.0002152999659301713,0.032993096858263016,0.032993096858263016,1.0,3.0,success
1875,0.9651815295219421,0.04910939559340477,-0.00021544758055824786,0.032365582883358,0.032365582883358,1.0,-3.0,success
1876,0.9642235040664673,0.04950181767344475,-0.00021546594507526606,0.032352548092603683,0.032352548092603683,1.0,-3.0,success
1877,0.9632666707038879,0.04989678040146828,-0.00021544820629060268,0.03234828636050224,0.03234828636050224,1.0,-3.0,success
1878,0.9623108506202698,0.05029423162341118,-0.00021540626767091453,0.03234879672527313,0.03234879672527313,1.0,-3.0,success
1879,0.9613561034202576,0.05069412663578987,-0.00021534517873078585,0.03234726935625076,0.03234726935625076,1.0,-3.0,success
1880,0.9604023694992065,0.05109642446041107,-0.00021526865020859987,0.032347172498703,0.032347172498703,1.0,-3.0,success
1881,0.9594495892524719,0.05150109529495239,-0.00021517981076613069,0.0323486328125,0.0323486328125,1.0,-3.0,success
1882,0.9584978222846985,0.051908113062381744,-0.00021508126519620419,0.032348260283470154,0.032348260283470154,1.0,-3.0,success
1883,0.9575470685958862,0.052317459136247635,-0.00021497496345546097,0.03234785050153732,0.03234785050153732,1.0,-3.0,success
1884,0.9565972685813904,0.05272911861538887,-0.00021486246259883046,0.03234916180372238,0.03234916180372238,1.0,-3.0,success
1885,0.9556484818458557,0.05314307659864426,-0.0002147450140910223,0.032348766922950745,0.032348766922950745,1.0,-3.0,success
1886,0.9546813368797302,0.05356615036725998,-0.00021454028319567442,0.0329885259270668,0.0329885259270668,1.0,3.0,success
1887,0.953713059425354,0.05398688092827797,-0.00021447704057209194,0.03299170359969139,0.03299170359969139,1.0,3.0,success
1888,0.9527437686920166,0.054405249655246735,-0.00021445502352435142,0.032991427928209305,0.032991427928209305,1.0,3.0,success
1889,0.9517925381660461,0.05481446161866188,-0.00021454354282468557,0.032359883189201355,0.032359883189201355,1.0,-3.0,success
1890,0.9508427381515503,0.05522608384490013,-0.00021451387146953493,0.03234869986772537,0.03234869986772537,1.0,-3.0,success
1891,0.9498940706253052,0.05564014986157417,-0.00021445800666697323,0.032346706837415695,0.0323467031121254,1.0,-3.0,success
1892,0.9489464163780212,0.056056611239910126,-0.0002143857564078644,0.032347727566957474,0.032347727566957474,1.0,-3.0,success
1893,0.9479998350143433,0.0564754419028759,-0.00021430048218462616,0.032346922904253006,0.032346922904253006,1.0,-3.0,success
1894,0.9470543265342712,0.05689661204814911,-0.0002142048761015758,0.03234594315290451,0.03234594315290451,1.0,-3.0,success
1895,0.9461097717285156,0.05732010304927826,-0.0002141011063940823,0.032348327338695526,0.032348327338695526,1.0,-3.0,success
1896,0.945166289806366,0.05774589255452156,-0.00021399081742856652,0.032347217202186584,0.032347217202186584,1.0,-3.0,success
1897,0.9442045092582703,0.0581810437142849,-0.0002137919800588861,0.032988786697387695,0.032988786697387695,1.0,3.0,success
1898,0.9432415962219238,0.05861387029290199,-0.00021373345225583762,0.032991182059049606,0.032991182059049606,1.0,3.0,success
1899,0.9422776699066162,0.059044357389211655,-0.00021371505863498896,0.03299018740653992,0.03299018740653992,1.0,3.0,success
1900,0.9413126707077026,0.05947256460785866,-0.0002137254923582077,0.032991841435432434,0.032991841435432434,1.0,3.0,success
1901,0.9403655529022217,0.05989144369959831,-0.00021383899729698896,0.03236286714673042,0.03236286714673042,1.0,-3.0,success
1902,0.9394199848175049,0.06031277775764465,-0.00021382950944826007,0.032349731773138046,0.032349731773138046,1.0,-3.0,success
1903,0.9384562373161316,0.060743656009435654,-0.00021370792819652706,0.03299007564783096,0.032990071922540665,1.0,3.0,success
1904,0.9375104308128357,0.06116523593664169,-0.00021379177633207291,0.032359663397073746,0.032359663397073746,1.0,-3.0,success
1905,0.9365660548210144,0.06158921867609024,-0.0002137617120752111,0.032349519431591034,0.032349519431591034,1.0,-3.0,success
1906,0.9356228113174438,0.06201562285423279,-0.0002137059927918017,0.03234833478927612,0.03234833478927612,1.0,-3.0,success
1907,0.934680700302124,0.06244441494345665,-0.0002136340190190822,0.0323469303548336,0.0323469303548336,1.0,-3.0,success
1908,0.9337397217750549,0.06287556141614914,-0.0002135491813533008,0.032345302402973175,0.032345302402973175,1.0,-3.0,success
1909,0.9327996969223022,0.06330902874469757,-0.00021345404093153775,0.03234851360321045,0.03234851360321045,1.0,-3.0,success
1910,0.9318415522575378,0.06375203281641006,-0.00021326752903405577,0.03298753499984741,0.03298753499984741,1.0,3.0,success
1911,0.9308822154998779,0.0641927421092987,-0.00021321889653336257,0.03299134969711304,0.03299134969711304,1.0,3.0,success
1912,0.9299218654632568,0.0646311417222023,-0.00021320831729099154,0.03299009054899216,0.03299009054899216,1.0,3.0,success
1913,0.9289604425430298,0.06506727635860443,-0.00021322489192243665,0.03299129009246826,0.03299129009246826,1.0,3.0,success
1914,0.9280168414115906,0.06549394875764847,-0.0002133431116817519,0.032361969351768494,0.032361969351768494,1.0,-3.0,success
1915,0.9270747303962708,0.06592307239770889,-0.00021333745098672807,0.03235122188925743,0.03235122188925743,1.0,-3.0,success
1916,0.926114559173584,0.06636189669370651,-0.0002132192166754976,0.03299052268266678,0.03299052268266678,1.0,3.0,success
1917,0.9251722693443298,0.06679128110408783,-0.00021330553863663226,0.032359689474105835,0.032359689474105835,1.0,-3.0,success
1918,0.9242314696311951,0.06722305715084076,-0.0002132774970959872,0.03234842047095299,0.03234842047095299,1.0,-3.0,success
1919,0.923291802406311,0.06765725463628769,-0.00021322356769815087,0.03234793245792389,0.03234793245792389,1.0,-3.0,success
1920,0.9223532676696777,0.06809382885694504,-0.00021315312187653035,0.03234706073999405,0.03234706073999405,1.0,-3.0,success
1921,0.9214158058166504,0.06853275001049042,-0.0002130696811946109,0.03234769403934479,0.03234769403934479,1.0,-3.0,success
1922,0.9204794764518738,0.06897398829460144,-0.00021297571947798133,0.0323464497923851,0.0323464497923851,1.0,-3.0,success
1923,0.9195250272750854,0.06942490488290787,-0.00021279024076648057,0.03298761323094368,0.03298761323094368,1.0,3.0,success
1924,0.9185693860054016,0.06987354159355164,-0.00021274233586154878,0.0329909585416317,0.0329909585416317,1.0,3.0,success
1925,0.9176126718521118,0.07031987607479095,-0.00021273225138429552,0.03299083188176155,0.03299083188176155,1.0,3.0,success
1926,0.9166548848152161,0.0707639530301094,-0.0002127491170540452,0.03299148380756378,0.03299148380756378,1.0,3.0,success
1927,0.9157148599624634,0.07119842618703842,-0.00021286752598825842,0.03236168622970581,0.03236168622970581,1.0,-3.0,success
1928,0.9147763848304749,0.07163533568382263,-0.00021286201081238687,0.03234979510307312,0.03234979510307312,1.0,-3.0,success
1929,0.9138390421867371,0.07207470387220383,-0.0002128261112375185,0.03235024958848953,0.03235024958848953,1.0,-3.0,success
1930,0.9129028916358948,0.07251647114753723,-0.00021277018822729588,0.03234844654798508,0.03234844654798508,1.0,-3.0,success
1931,0.9119486808776855,0.07296804338693619,-0.00021261566143948585,0.032989632338285446,0.032989632338285446,1.0,3.0,success
1932,0.9109933972358704,0.07341738045215607,-0.00021259236382320523,0.03299015387892723,0.03299015387892723,1.0,3.0,success
1933,0.9100370407104492,0.07386444509029388,-0.0002126018953276798,0.032990358769893646,0.032990358769893646,1.0,3.0,success
1934,0.9090796113014221,0.07430929690599442,-0.00021263438975438476,0.03299153596162796,0.03299153596162796,1.0,3.0,success
1935,0.9081398844718933,0.07474453747272491,-0.0002127649204339832,0.03236330673098564,0.03236330673098564,1.0,-3.0,success
1936,0.9072017073631287,0.0751822367310524,-0.00021276924235280603,0.0323517806828022,0.0323517806828022,1.0,-3.0,success
1937,0.9062455892562866,0.075629822909832,-0.00021265946270432323,0.03299051895737648,0.03299051895737648,1.0,3.0,success
1938,0.9052884578704834,0.0760752335190773,-0.0002126714534824714,0.03299045190215111,0.03299045190215111,1.0,3.0,success
1939,0.9043302536010742,0.07651843875646591,-0.00021270911383908242,0.032991863787174225,0.032991863787174225,1.0,3.0,success
1940,0.9033710360527039,0.07695946097373962,-0.00021276410552673042,0.03299205005168915,0.03299205005168915,1.0,3.0,success
1941,0.9024295210838318,0.07739095389842987,-0.00021291211305651814,0.03236505016684532,0.03236505016684532,1.0,-3.0,success
1942,0.9014896154403687,0.07782495021820068,-0.00021293063764460385,0.032352056354284286,0.032352056354284286,1.0,-3.0,success
1943,0.900550901889801,0.07826144248247147,-0.00021291397570166737,0.0323510505259037,0.0323510505259037,1.0,-3.0,success
1944,0.8995941877365112,0.0787077471613884,-0.00021279136126395315,0.032990437000989914,0.032990433275699615,1.0,3.0,success
1945,0.8986364603042603,0.07915186136960983,-0.0002127933839801699,0.03299027681350708,0.03299027681350708,1.0,3.0,success
1946,0.8976776599884033,0.07959374040365219,-0.00021282312809489667,0.032991401851177216,0.032991401851177216,1.0,3.0,success
1947,0.8967177867889404,0.08003342896699905,-0.00021287180425133556,0.032993290573358536,0.032993290573358536,1.0,3.0,success
1948,0.8957569599151611,0.08047094941139221,-0.0002129354397766292,0.032992251217365265,0.032992251217365265,1.0,3.0,success
1949,0.8948138952255249,0.08089900761842728,-0.00021309018484316766,0.03236456960439682,0.03236456960439682,1.0,-3.0,success
1950,0.8938723802566528,0.0813295841217041,-0.0002131142100552097,0.032353129237890244,0.032353129237890244,1.0,-3.0,success
1951,0.8929320573806763,0.08176267147064209,-0.00021310187003109604,0.03235200047492981,0.03235200047492981,1.0,-3.0,success
1952,0.8919737339019775,0.08220551908016205,-0.00021298276260495186,0.032990556210279465,0.032990556210279465,1.0,3.0,success
1953,0.8910143971443176,0.08264617621898651,-0.00021298757928889245,0.03299067169427872,0.03299067169427872,1.0,3.0,success
1954,0.8900539875030518,0.0830846056342125,-0.00021301959350239486,0.0329921692609787,0.0329921692609787,1.0,3.0,success
1955,0.8890926241874695,0.08352083712816238,-0.00021307011775206774,0.032990843057632446,0.032990843057632446,1.0,3.0,success
1956,0.8881301879882812,0.08395490050315857,-0.00021313528122846037,0.032993465662002563,0.032993465662002563,1.0,3.0,success
1957,0.8871667981147766,0.08438681066036224,-0.00021321211534086615,0.032993048429489136,0.032993048429489136,1.0,3.0,success
1958,0.8862024545669556,0.0848165974020958,-0.00021329829178284854,0.03299317881464958,0.03299317881464958,1.0,3.0,success
1959,0.8852372169494629,0.08524425327777863,-0.00021339193335734308,0.032991670072078705,0.032991670072078705,1.0,3.0,success
1960,0.884270966053009,0.08566980808973312,-0.0002134915703209117,0.0329941064119339,0.0329941064119339,1.0,3.0,success
1961,0.883322536945343,0.08608613908290863,-0.00021367431327234954,0.032368261367082596,0.032368261367082596,1.0,-3.0,success
1962,0.8823757171630859,0.08650505542755127,-0.00021372115588746965,0.032354820519685745,0.032354820519685745,1.0,-3.0,success
1963,0.8814108967781067,0.08693362027406693,-0.00021364590793382376,0.03299127146601677,0.03299127146601677,1.0,3.0,success
1964,0.8804450631141663,0.08736004680395126,-0.0002136853727279231,0.032993167638778687,0.032993167638778687,1.0,3.0,success
1965,0.8794782757759094,0.0877842828631401,-0.00021374512289185077,0.03299286589026451,0.03299286589026451,1.0,3.0,success
1966,0.8785293698310852,0.08819931000471115,-0.00021389710309449583,0.03236555680632591,0.03236555680632591,1.0,-3.0,success
1967,0.8775820136070251,0.08861685544252396,-0.00021391896007116884,0.03235284984111786,0.03235284984111786,1.0,-3.0,success
1968,0.8766165375709534,0.08904395997524261,-0.00021382307750172913,0.03299150615930557,0.03299150615930557,1.0,3.0,success
1969,0.8756501078605652,0.08946888893842697,-0.00021384627325460315,0.03299133852124214,0.03299133852124214,1.0,3.0,success
1970,0.8746826648712158,0.08989159762859344,-0.00021389310131780803,0.032992489635944366,0.032992489635944366,1.0,3.0,success
1971,0.87371426820755,0.09031212329864502,-0.0002139556163456291,0.03299257159233093,0.03299257159233093,1.0,3.0,success
1972,0.8727637529373169,0.09072350710630417,-0.0002141096192644909,0.032366249710321426,0.032366249710321426,1.0,-3.0,success
1973,0.8718147873878479,0.09113741666078568,-0.0002141331060556695,0.03235328570008278,0.03235328570008278,1.0,-3.0,success
1974,0.8708477020263672,0.09156081825494766,-0.00021403843129519373,0.03299092501401901,0.03299092501401901,1.0,3.0,success
1975,0.8698796033859253,0.09198204427957535,-0.00021406266023404896,0.03299275040626526,0.03299275040626526,1.0,3.0,success
1976,0.868910551071167,0.09240105748176575,-0.00021411036141216755,0.03299257904291153,0.03299257904291153,1.0,3.0,success
1977,0.8679405450820923,0.09281787276268005,-0.00021417360403575003,0.03299275413155556,0.03299275413155556,1.0,3.0,success
1978,0.8669695854187012,0.09323251992464066,-0.0002142490993719548,0.03299347311258316,0.03299347311258316,1.0,3.0,success
1979,0.8659977316856384,0.09364502131938934,-0.0002143344172509387,0.03299291059374809,0.03299291059374809,1.0,3.0,success
1980,0.8650249242782593,0.09405537694692612,-0.0002144275640603155,0.03299422562122345,0.03299422562122345,1.0,3.0,success
1981,0.8640512824058533,0.09446360170841217,-0.0002145269827451557,0.03299244865775108,0.03299244865775108,1.0,3.0,success
1982,0.8630766868591309,0.0948697105050087,-0.00021463145094458014,0.03299444541335106,0.03299444541335106,1.0,3.0,success
1983,0.8621200323104858,0.09526696056127548,-0.00021481805015355349,0.032370466738939285,0.03237046301364899,1.0,-3.0,success
1984,0.8611649870872498,0.09566681832075119,-0.00021486813784576952,0.0323554091155529,0.0323554091155529,1.0,-3.0,success
1985,0.8601917624473572,0.09607598185539246,-0.00021479501447174698,0.03299178555607796,0.03299178555607796,1.0,3.0,success
1986,0.859217643737793,0.09648299217224121,-0.00021483641467057168,0.03299154341220856,0.03299154341220856,1.0,3.0,success
1987,0.8582425117492676,0.09688779711723328,-0.00021489794016815722,0.03299428150057793,0.03299428150057793,1.0,3.0,success
1988,0.8572854399681091,0.0972837507724762,-0.00021505140466615558,0.032367002218961716,0.032367002218961716,1.0,-3.0,success
1989,0.8563299179077148,0.09768225252628326,-0.00021507458586711437,0.03235282003879547,0.03235282003879547,1.0,-3.0,success
1990,0.8553755283355713,0.09808329492807388,-0.00021506086341105402,0.03235083445906639,0.03235083445906639,1.0,-3.0,success
1991,0.8544027805328369,0.09849349409341812,-0.00021493996609933674,0.03299060836434364,0.03299060836434364,1.0,3.0,success
1992,0.8534290194511414,0.09890147298574448,-0.00021494386601261795,0.03299291431903839,0.03299291431903839,1.0,3.0,success
1993,0.8524543046951294,0.09930717945098877,-0.00021497550187632442,0.032993052154779434,0.032993052154779434,1.0,3.0,success
1994,0.8514786958694458,0.09971065819263458,-0.00021502608433365822,0.032992180436849594,0.032992180436849594,1.0,3.0,success
1995,0.8505021333694458,0.1001119390130043,-0.00021509162615984678,0.03299355506896973,0.03299355506896973,1.0,3.0,success
1996,0.8495246767997742,0.10051102936267853,-0.00021516912966035306,0.032993465662002563,0.032993465662002563,1.0,3.0,success
1997,0.8485652804374695,0.10090138018131256,-0.00021533490507863462,0.03236774727702141,0.03236774727702141,1.0,-3.0,success
1998,0.847607433795929,0.10129430890083313,-0.00021536806889344007,0.03235338255763054,0.03235338255763054,1.0,-3.0,success
1999,0.8466312289237976,0.10169636458158493,-0.0002152807282982394,0.03299243003129959,0.03299243003129959,1.0,3.0,success
2000,0.8456541299819946,0.10209623724222183,-0.00021531106904149055,0.032992370426654816,0.032992370426654816,1.0,3.0,success
2001,0.8446760773658752,0.10249387472867966,-0.00021536386338993907,0.032993584871292114,0.032993584871292114,1.0,3.0,success
2002,0.8436971306800842,0.10288931429386139,-0.00021543139882851392,0.032993681728839874,0.032993681728839874,1.0,3.0,success
2003,0.8427172899246216,0.10328256338834763,-0.000215510546695441,0.03299403190612793,0.03299403190612793,1.0,3.0,success
2004,0.8417366147041321,0.10367365181446075,-0.0002155989786842838,0.03299316391348839,0.03299316391348839,1.0,3.0,success
2005,0.840755045413971,0.10406257957220078,-0.00021569484670180827,0.03299418091773987,0.03299418091773987,1.0,3.0,success
2006,0.8397915959358215,0.10444296896457672,-0.00021587488299701363,0.03236949443817139,0.03236949443817139,1.0,-3.0,success
2007,0.8388296961784363,0.10482597351074219,-0.0002159197611035779,0.03235459700226784,0.03235459700226784,1.0,-3.0,success
2008,0.8378493785858154,0.10521794110536575,-0.00021584179194178432,0.03299297019839287,0.03299297019839287,1.0,3.0,success
2009,0.8368682265281677,0.10560774058103561,-0.0002158796414732933,0.03299211338162422,0.03299211338162422,1.0,3.0,success
2010,0.8358861207962036,0.105995312333107,-0.00021593851852230728,0.032994192093610764,0.032994192093610764,1.0,3.0,success
2011,0.8349031209945679,0.10638067126274109,-0.000216011016163975,0.03299488127231598,0.03299488127231598,1.0,3.0,success
2012,0.8339383602142334,0.10675755143165588,-0.00021617294987663627,0.03236754611134529,0.03236754611134529,1.0,-3.0,success
2013,0.8329750895500183,0.10713700950145721,-0.00021620311599690467,0.03235361725091934,0.03235361725091934,1.0,-3.0,success
2014,0.832012951374054,0.10751905292272568,-0.0002161945594707504,0.03235042095184326,0.03235042095184326,1.0,-3.0,success
2015,0.8310322761535645,0.1079099103808403,-0.00021607751841656864,0.03299048915505409,0.03299048915505409,1.0,3.0,success
2016,0.8300505876541138,0.10829852521419525,-0.00021608480892609805,0.032994046807289124,0.032994046807289124,1.0,3.0,success
2017,0.8290680646896362,0.10868486762046814,-0.00021611934062093496,0.03299224376678467,0.03299224376678467,1.0,3.0,success
2018,0.8280845880508423,0.10906895995140076,-0.00021617242600768805,0.032994333654642105,0.03299432992935181,1.0,3.0,success
2019,0.8271002769470215,0.10945083945989609,-0.0002162401651730761,0.03299355134367943,0.03299355134367943,1.0,3.0,success
2020,0.826115071773529,0.10983052104711533,-0.00021631960407830775,0.032994840294122696,0.032994840294122696,1.0,3.0,success
2021,0.8251481056213379,0.11020182073116302,-0.0002164869656553492,0.03236883133649826,0.03236883133649826,1.0,-3.0,success
2022,0.8241826891899109,0.11057571321725845,-0.00021652158466167748,0.03235279768705368,0.03235279768705368,1.0,-3.0,success
2023,0.8231987357139587,0.11095838993787766,-0.00021643484069500118,0.032992154359817505,0.032992154359817505,1.0,3.0,success
2024,0.822213888168335,0.11133886128664017,-0.00021646595268975943,0.03299329802393913,0.03299329802393913,1.0,3.0,success
2025,0.8212281465530396,0.11171708256006241,-0.0002165195473935455,0.0329941101372242,0.0329941101372242,1.0,3.0,success
2026,0.8202415704727173,0.11209308356046677,-0.0002165879268432036,0.032993681728839874,0.032993681728839874,1.0,3.0,success
2027,0.8192732334136963,0.11246077716350555,-0.00021674671734217554,0.032368652522563934,0.032368652522563934,1.0,-3.0,success
2028,0.8183064460754395,0.11283104866743088,-0.0002167743950849399,0.032352108508348465,0.032352108508348465,1.0,-3.0,success
2029,0.8173210620880127,0.11321000009775162,-0.0002166818012483418,0.03299185633659363,0.03299185633659363,1.0,3.0,success
2030,0.8163347840309143,0.11358674615621567,-0.0002167083730455488,0.03299327939748764,0.03299327939748764,1.0,3.0,success
2031,0.8153476119041443,0.11396123468875885,-0.00021675840253010392,0.03299429267644882,0.03299429267644882,1.0,3.0,success
2032,0.8143596053123474,0.11433349549770355,-0.00021682394435629249,0.032994065433740616,0.032994065433740616,1.0,3.0,success
2033,0.8133707642555237,0.11470354348421097,-0.00021690173889510334,0.03299416974186897,0.03299416974186897,1.0,3.0,success
2034,0.8123810887336731,0.11507140100002289,-0.00021698932687286288,0.03299468383193016,0.03299468383193016,1.0,3.0,success
2035,0.8114097118377686,0.11543110758066177,-0.0002171630330849439,0.032369960099458694,0.032369960099458694,1.0,-3.0,success
2036,0.8104398846626282,0.11579342931509018,-0.0002172029489884153,0.03235305845737457,0.03235305845737457,1.0,-3.0,success
2037,0.8094711303710938,0.1161583662033081,-0.00021720178483519703,0.03235037252306938,0.03235037252306938,1.0,-3.0,success
2038,0.8084836602210999,0.11653182655572891,-0.00021709049178753048,0.032991621643304825,0.032991621643304825,1.0,3.0,success
2039,0.8074952363967896,0.11690304428339005,-0.0002171026135329157,0.032994795590639114,0.032994791865348816,1.0,3.0,success
2040,0.8065060377120972,0.11727196723222733,-0.00021714116155635566,0.03299233689904213,0.03299233689904213,1.0,3.0,success
2041,0.8055159449577332,0.11763864010572433,-0.00021719762298744172,0.03299402818083763,0.03299402818083763,1.0,3.0,success
2042,0.8045250177383423,0.11800308525562286,-0.00021726821432821453,0.03299438953399658,0.03299438953399658,1.0,3.0,success
2043,0.8035523891448975,0.11835943162441254,-0.00021742875105701387,0.032370369881391525,0.032370369881391525,1.0,-3.0,success
2044,0.8025813698768616,0.11871837079524994,-0.00021745798585470766,0.03235115855932236,0.03235115855932236,1.0,-3.0,success
2045,0.8015915751457214,0.11908578872680664,-0.0002173662796849385,0.032993391156196594,0.032993391156196594,1.0,3.0,success
2046,0.8006009459495544,0.11945099383592606,-0.00021739376825280488,0.0329938568174839,0.0329938568174839,1.0,3.0,success
2047,0.7996094822883606,0.11981392651796341,-0.0002174446126446128,0.03299384564161301,0.03299384564161301,1.0,3.0,success
2048,0.7986171841621399,0.12017461657524109,-0.00021751092572230846,0.03299432992935181,0.03299432992935181,1.0,3.0,success
2049,0.7976433038711548,0.12052727490663528,-0.0002176681737182662,0.03236767649650574,0.03236767649650574,1.0,-3.0,success
2050,0.7966709136962891,0.1208825334906578,-0.00021769477461930364,0.03235169127583504,0.03235169127583504,1.0,-3.0,success
2051,0.7956995964050293,0.12124038487672806,-0.00021768272563349456,0.03234812244772911,0.03234812244772911,1.0,-3.0,success
2052,0.7947292327880859,0.12160076946020126,-0.00021764490520581603,0.03234763815999031,0.03234763815999031,1.0,-3.0,success
2053,0.7937597632408142,0.12196364253759384,-0.00021758643561042845,0.0323486253619194,0.0323486253619194,1.0,-3.0,success
2054,0.7927714586257935,0.12233484536409378,-0.0002174287219531834,0.03299114480614662,0.03299114480614662,1.0,3.0,success
2055,0.7917822003364563,0.12270373106002808,-0.00021740407100878656,0.03299367427825928,0.03299367427825928,1.0,3.0,success
2056,0.7907921075820923,0.12307026237249374,-0.0002174133260268718,0.032992493361234665,0.032992493361234665,1.0,3.0,success
2057,0.7898011207580566,0.12343449890613556,-0.00021744644618593156,0.03299388661980629,0.03299388661980629,1.0,3.0,success
2058,0.7888092994689941,0.12379645556211472,-0.00021749844017904252,0.032993871718645096,0.032993871718645096,1.0,3.0,success
2059,0.7878166437149048,0.1241561770439148,-0.00021756550995633006,0.03299450874328613,0.03299450874328613,1.0,3.0,success
2060,0.7868231534957886,0.12451367825269699,-0.0002176446287194267,0.032995469868183136,0.032995469868183136,1.0,3.0,success
2061,0.7858289480209351,0.1248689815402031,-0.0002177333808504045,0.03299332410097122,0.03299332410097122,1.0,3.0,success
2062,0.7848339080810547,0.1252220869064331,-0.00021782984549645334,0.03299484774470329,0.03299484774470329,1.0,3.0,success
2063,0.7838572263717651,0.12556733191013336,-0.0002180104493163526,0.03237206116318703,0.03237206116318703,1.0,-3.0,success
2064,0.7828821539878845,0.12591521441936493,-0.00021805618598591536,0.032352253794670105,0.032352253794670105,1.0,-3.0,success
2065,0.7819080948829651,0.126265749335289,-0.0002180593291996047,0.03235040605068207,0.03235040232539177,1.0,-3.0,success
2066,0.7809151411056519,0.12662453949451447,-0.0002179512957809493,0.03299336135387421,0.03299336135387421,1.0,3.0,success
2067,0.7799213528633118,0.12698107957839966,-0.0002179662260459736,0.03299408033490181,0.03299408033490181,1.0,3.0,success
2068,0.7789267301559448,0.127335324883461,-0.000218007160583511,0.03299449384212494,0.03299449384212494,1.0,3.0,success
2069,0.7779313325881958,0.12768730521202087,-0.00021806565928272903,0.03299364075064659,0.03299364075064659,1.0,3.0,success
2070,0.7769351005554199,0.12803705036640167,-0.00021813801140524447,0.03299502655863762,0.03299502655863762,1.0,3.0,success
2071,0.7759573459625244,0.1283789575099945,-0.0002182999305659905,0.03236909210681915,0.03236909210681915,1.0,-3.0,success
2072,0.7749810814857483,0.12872348725795746,-0.0002183305041398853,0.032352324575185776,0.032352324575185776,1.0,-3.0,success
2073,0.7739859819412231,0.12907622754573822,-0.00021823936549481004,0.03299278765916824,0.03299278765916824,1.0,3.0,success
2074,0.7729900479316711,0.1294267326593399,-0.0002182675525546074,0.032994117587804794,0.032994117587804794,1.0,3.0,success
2075,0.7719933390617371,0.12977497279644012,-0.00021831909543834627,0.03299354389309883,0.03299354389309883,1.0,3.0,success
2076,0.7709957957267761,0.13012094795703888,-0.00021838609245605767,0.03299490362405777,0.03299490362405777,1.0,3.0,success
2077,0.7699974775314331,0.13046470284461975,-0.00021846528397873044,0.03299512341618538,0.03299512341618538,1.0,3.0,success
2078,0.768998384475708,0.13080623745918274,-0.000218554210732691,0.03299551457166672,0.03299551457166672,1.0,3.0,success
2079,0.7680177688598633,0.1311401128768921,-0.00021872902289032936,0.03237173706293106,0.03237173706293106,1.0,-3.0,success
2080,0.7670387625694275,0.13147664070129395,-0.00021877021936234087,0.03235098347067833,0.03235098347067833,1.0,-3.0,success
2081,0.7660607099533081,0.1318158060312271,-0.00021876938990317285,0.032349713146686554,0.032349713146686554,1.0,-3.0,success
2082,0.7650637030601501,0.13216300308704376,-0.0002186577912652865,0.03299160301685333,0.03299160301685333,1.0,3.0,success
2083,0.7640658020973206,0.13250793516635895,-0.00021867017494514585,0.032994795590639114,0.032994795590639114,1.0,3.0,success
2084,0.7630671262741089,0.13285057246685028,-0.0002187091886298731,0.0329943411052227,0.0329943411052227,1.0,3.0,success
2085,0.7620676755905151,0.13319091498851776,-0.00021876624668948352,0.03299406170845032,0.03299406170845032,1.0,3.0,success
2086,0.7610867023468018,0.1335236132144928,-0.0002189163351431489,0.03237048164010048,0.03237048164010048,1.0,-3.0,success
2087,0.7601073384284973,0.13385890424251556,-0.0002189374208683148,0.03234901279211044,0.03234901279211044,1.0,-3.0,success
2088,0.7591089606285095,0.13420219719409943,-0.00021883806039113551,0.03299218788743019,0.03299218788743019,1.0,3.0,success
2089,0.7581096887588501,0.13454324007034302,-0.00021885997557546943,0.032995834946632385,0.032995834946632385,1.0,3.0,success
2090,0.7571097016334534,0.13488200306892395,-0.00021890659991186112,0.03299406170845032,0.03299406170845032,1.0,3.0,success
2091,0.7561089396476746,0.13521848618984222,-0.00021896975522395223,0.03299421817064285,0.03299421817064285,1.0,3.0,success
2092,0.7551266551017761,0.13554738461971283,-0.00021912463125772774,0.0323713943362236,0.0323713943362236,1.0,-3.0,success
2093,0.7541460394859314,0.13587889075279236,-0.0002191496460000053,0.03234795108437538,0.03234795108437538,1.0,-3.0,success
2094,0.7531663179397583,0.136213019490242,-0.00021913566160947084,0.032347843050956726,0.032347843050956726,1.0,-3.0,success
2095,0.7521675229072571,0.13655506074428558,-0.0002190130908275023,0.03299182653427124,0.03299182280898094,1.0,3.0,success
2096,0.7511678338050842,0.1368948072195053,-0.00021901697618886828,0.03299511596560478,0.032995112240314484,1.0,3.0,success
2097,0.7501674294471741,0.13723224401474,-0.00021904926688876003,0.0329931415617466,0.0329931415617466,1.0,3.0,success
2098,0.7491661906242371,0.13756737112998962,-0.00021910099894739687,0.032994870096445084,0.032994870096445084,1.0,3.0,success
2099,0.7481834888458252,0.13789494335651398,-0.0002192470128647983,0.03237063065171242,0.03237063065171242,1.0,-3.0,success
2100,0.747202455997467,0.13822509348392487,-0.00021926482440903783,0.032346758991479874,0.032346758991479874,1.0,-3.0,success
2101,0.7462022304534912,0.13856317102909088,-0.0002191625244449824,0.03299425169825554,0.03299425169825554,1.0,3.0,success
2102,0.7452012300491333,0.13889896869659424,-0.00021918224229011685,0.03299446031451225,0.03299446031451225,1.0,3.0,success
2103,0.7441994547843933,0.13923247158527374,-0.00021922717860434204,0.032994698733091354,0.032994698733091354,1.0,3.0,success
2104,0.7432162761688232,0.13955843448638916,-0.00021936809935141355,0.03236890584230423,0.03236890584230423,1.0,-3.0,success
2105,0.7422347068786621,0.1398869901895523,-0.00021938179270364344,0.03234679996967316,0.03234679996967316,1.0,-3.0,success
2106,0.7412339448928833,0.1402234137058258,-0.00021927598572801799,0.0329936258494854,0.0329936258494854,1.0,3.0,success
2107,0.7402324080467224,0.14055755734443665,-0.00021929301146883518,0.03299396112561226,0.03299396112561226,1.0,3.0,success
2108,0.7392300367355347,0.14088940620422363,-0.0002193358086515218,0.03299609199166298,0.03299609199166298,1.0,3.0,success
2109,0.7382269501686096,0.14121896028518677,-0.0002193959808209911,0.03299485892057419,0.03299485892057419,1.0,3.0,success
2110,0.7372424602508545,0.14154106378555298,-0.00021954855765216053,0.03237009793519974,0.03237009793519974,1.0,-3.0,success
2111,0.7362595796585083,0.1418657898902893,-0.00021957181161269546,0.032347921282052994,0.032347921282052994,1.0,-3.0,success
2112,0.7352775931358337,0.14219312369823456,-0.0002195561391999945,0.032347068190574646,0.032347068190574646,1.0,-3.0,success
2113,0.7342764139175415,0.142528235912323,-0.0002194321423303336,0.032992955297231674,0.032992955297231674,1.0,3.0,success
2114,0.7332744598388672,0.14286106824874878,-0.00021943499450571835,0.032993387430906296,0.032993387430906296,1.0,3.0,success
2115,0.732271671295166,0.14319156110286713,-0.000219466513954103,0.032995183020830154,0.032995183020830154,1.0,3.0,success
2116,0.7312681674957275,0.14351974427700043,-0.0002195177075918764,0.032993901520967484,0.032993901520967484,1.0,3.0,success
2117,0.730283260345459,0.143840491771698,-0.00021966331405565143,0.03236934170126915,0.03236934170126915,1.0,-3.0,success
2118,0.7292999029159546,0.1441638469696045,-0.00021968093642499298,0.03234866261482239,0.03234866261482239,1.0,-3.0,success
2119,0.7282974123954773,0.14449498057365417,-0.00021957812714390457,0.03299260884523392,0.03299260884523392,1.0,3.0,success
2120,0.7272940874099731,0.1448238492012024,-0.00021959761215839535,0.032995257526636124,0.032995257526636124,1.0,3.0,success
2121,0.7262900471687317,0.14515039324760437,-0.0002196424175053835,0.03299395740032196,0.03299395740032196,1.0,3.0,success
2122,0.7252852320671082,0.14547467231750488,-0.0002197042340412736,0.032995179295539856,0.032995179295539856,1.0,3.0,success
2123,0.7242796421051025,0.14579670131206512,-0.00021977945289108902,0.032996710389852524,0.032996710389852524,1.0,3.0,success
2124,0.7232927083969116,0.1461114138364792,-0.00021994371491018683,0.03237177059054375,0.03237177059054375,1.0,-3.0,success
2125,0.7223074436187744,0.14642876386642456,-0.00021997666044626385,0.032347261905670166,0.032347261905670166,1.0,-3.0,success
2126,0.7213230133056641,0.14674876630306244,-0.00021996855502948165,0.032347965985536575,0.032347965985536575,1.0,-3.0,success
2127,0.720319390296936,0.14707642793655396,-0.00021985056810081005,0.03299238160252571,0.03299238160252571,1.0,3.0,success
2128,0.7193149328231812,0.14740179479122162,-0.00021985832427162677,0.03299500420689583,0.03299500420689583,1.0,3.0,success
2129,0.718309760093689,0.14772483706474304,-0.00021989380184095353,0.032993972301483154,0.032993972301483154,1.0,3.0,success
2130,0.7173231840133667,0.1480405181646347,-0.0002200274175265804,0.03237033635377884,0.03237033635377884,1.0,-3.0,success
2131,0.7163382768630981,0.1483587920665741,-0.00022003534832037985,0.0323454886674881,0.0323454886674881,1.0,-3.0,success
2132,0.7153340578079224,0.14868471026420593,-0.0002199243608629331,0.03299323096871376,0.03299322724342346,1.0,3.0,success
2133,0.7143290638923645,0.1490083485841751,-0.00021993750124238431,0.0329943522810936,0.0329943522810936,1.0,3.0,success
2134,0.7133232951164246,0.14932967722415924,-0.00021997728617861867,0.03299536556005478,0.03299536556005478,1.0,3.0,success
2135,0.7123361825942993,0.149643674492836,-0.00022011427790857852,0.03237031400203705,0.03237031400203705,1.0,-3.0,success
2136,0.7113507390022278,0.14996026456356049,-0.0002201249444624409,0.03234530985355377,0.03234530985355377,1.0,-3.0,success
2137,0.7103459239006042,0.15028448402881622,-0.00022001612524036318,0.03299460560083389,0.03299460560083389,1.0,3.0,success
2138,0.7093403935432434,0.1506064236164093,-0.00022003102640155703,0.03299408406019211,0.03299408406019211,1.0,3.0,success
2139,0.7083340883255005,0.15092603862285614,-0.00022007222287356853,0.032995082437992096,0.032995082437992096,1.0,3.0,success
2140,0.707346498966217,0.15123838186264038,-0.00022021033510100096,0.032368894666433334,0.032368894666433334,1.0,-3.0,success
2141,0.7063605189323425,0.15155331790447235,-0.00022022190387360752,0.03234550356864929,0.03234550356864929,1.0,-3.0,success
2142,0.7053752541542053,0.15187084674835205,-0.0002201961469836533,0.03234897553920746,0.03234897553920746,1.0,-3.0,success
2143,0.7043707966804504,0.15219596028327942,-0.0002200645103584975,0.032992564141750336,0.032992564141750336,1.0,3.0,success
2144,0.7033655047416687,0.15251874923706055,-0.00022006114886607975,0.03299509361386299,0.03299509361386299,1.0,3.0,success
2145,0.7023594975471497,0.15283918380737305,-0.00022008777887094766,0.03299397602677345,0.03299397602677345,1.0,3.0,success
2146,0.7013721466064453,0.15315231680870056,-0.00022021456970833242,0.03236923739314079,0.03236923739314079,1.0,-3.0,success
2147,0.7003864049911499,0.1534680277109146,-0.00022021675249561667,0.03234578296542168,0.03234578296542168,1.0,-3.0,success
2148,0.6993812918663025,0.15379132330417633,-0.00022010128304827958,0.03299461677670479,0.03299461677670479,1.0,3.0,success
2149,0.6983754634857178,0.1541123241186142,-0.0002201107854489237,0.03299402445554733,0.03299402445554733,1.0,3.0,success
2150,0.697368860244751,0.15443098545074463,-0.00022014770365785807,0.03299495577812195,0.03299495577812195,1.0,3.0,success
2151,0.6963809728622437,0.15474238991737366,-0.0002202824834967032,0.03236893564462662,0.03236893564462662,1.0,-3.0,success
2152,0.6953946352005005,0.15505638718605042,-0.00022029128740541637,0.032347239553928375,0.03234723582863808,1.0,-3.0,success
2153,0.6943890452384949,0.15537795424461365,-0.00022018099843990058,0.03299231082201004,0.03299231082201004,1.0,3.0,success
2154,0.6933826208114624,0.15569724142551422,-0.0002201947063440457,0.03299553692340851,0.03299553692340851,1.0,3.0,success
2155,0.6923754811286926,0.15601420402526855,-0.00022023498604539782,0.03299495950341225,0.03299495950341225,1.0,3.0,success
2156,0.6913870573043823,0.15632392466068268,-0.00022037239978089929,0.03236915543675423,0.03236915543675423,1.0,-3.0,success
2157,0.6904001832008362,0.15663623809814453,-0.00022038337192498147,0.03234729915857315,0.03234729915857315,1.0,-3.0,success
2158,0.6894141435623169,0.1569511741399765,-0.0002203571202699095,0.03234728053212166,0.03234728053212166,1.0,-3.0,success
2159,0.6884087920188904,0.15727362036705017,-0.00022022509074304253,0.03299359604716301,0.03299359604716301,1.0,3.0,success
2160,0.6874026656150818,0.1575937569141388,-0.00022022140910848975,0.032994698733091354,0.032994698733091354,1.0,3.0,success
2161,0.6863957643508911,0.1579115241765976,-0.00022024779173079878,0.03299541398882866,0.03299541398882866,1.0,3.0,success
2162,0.6854076385498047,0.1582220494747162,-0.0002203744079452008,0.03236779943108559,0.03236779943108559,1.0,-3.0,success
2163,0.6844210028648376,0.15853513777256012,-0.00022037644521333277,0.03234751150012016,0.03234751150012016,1.0,-3.0,success
2164,0.6834150552749634,0.15885576605796814,-0.0002202608302468434,0.03299403563141823,0.03299403563141823,1.0,3.0,success
2165,0.6824083924293518,0.1591740995645523,-0.00022027023078408092,0.03299364075064659,0.03299364075064659,1.0,3.0,success
2166,0.6814009547233582,0.15949010848999023,-0.00022030707623343915,0.03299491107463837,0.03299491107463837,1.0,3.0,success
2167,0.6803928017616272,0.1598038226366043,-0.00022036262089386582,0.03299486264586449,0.03299486264586449,1.0,3.0,success
2168,0.6794033050537109,0.16011035442352295,-0.00022051171981729567,0.03237152472138405,0.03237152472138405,1.0,-3.0,success
2169,0.6784154772758484,0.1604195237159729,-0.0002205324126407504,0.03234623000025749,0.03234623000025749,1.0,-3.0,success
2170,0.6774284243583679,0.16073130071163177,-0.0002205137425335124,0.03234757110476494,0.03234757110476494,1.0,-3.0,success
2171,0.6764220595359802,0.16105057299137115,-0.00022038772294763476,0.0329936183989048,0.0329936183989048,1.0,3.0,success
2172,0.6754149198532104,0.1613675355911255,-0.00022038894530851394,0.03299495950341225,0.03299495950341225,1.0,3.0,success
2173,0.6744070649147034,0.1616821438074112,-0.00022041928605176508,0.032994285225868225,0.032994285225868225,1.0,3.0,success
2174,0.6733984351158142,0.16199444234371185,-0.00022046965023037046,0.032995980232954025,0.032995980232954025,1.0,3.0,success
2175,0.6723891496658325,0.16230446100234985,-0.00022053583234082907,0.03299456462264061,0.03299456462264061,1.0,3.0,success
2176,0.6713985204696655,0.16260738670825958,-0.00022069315309636295,0.03237219527363777,0.03237219527363777,1.0,-3.0,success
2177,0.6704095602035522,0.16291294991970062,-0.00022072069987189025,0.03234655782580376,0.03234655782580376,1.0,-3.0,success
2178,0.669401228427887,0.16322597861289978,-0.0002206251519965008,0.03299384191632271,0.03299383819103241,1.0,3.0,success
2179,0.6683921217918396,0.16353675723075867,-0.0002206507488153875,0.03299620375037193,0.03299620375037193,1.0,3.0,success
2180,0.6673823595046997,0.1638452112674713,-0.00022070057457312942,0.03299449011683464,0.03299449011683464,1.0,3.0,success
2181,0.6663718819618225,0.1641513705253601,-0.00022076652385294437,0.03299500420689583,0.03299500420689583,1.0,3.0,success
2182,0.665360689163208,0.16445527970790863,-0.00022084519150666893,0.03299608826637268,0.03299608826637268,1.0,3.0,success
2183,0.664348840713501,0.16475693881511688,-0.00022093401639722288,0.0329955518245697,0.0329955518245697,1.0,3.0,success
2184,0.6633556485176086,0.16505169868469238,-0.00022110887221060693,0.0323752723634243,0.032375268638134,1.0,-3.0,success
2185,0.6623641848564148,0.1653491109609604,-0.00022115098545327783,0.03234720602631569,0.03234720602631569,1.0,-3.0,success
2186,0.661373496055603,0.1656492054462433,-0.00022114921011961997,0.03234821557998657,0.03234821557998657,1.0,-3.0,success
2187,0.6603634357452393,0.16595661640167236,-0.00022103653464000672,0.03299389034509659,0.03299389034509659,1.0,3.0,success
2188,0.6593526601791382,0.1662617325782776,-0.00022104861272964627,0.032994478940963745,0.032994478940963745,1.0,3.0,success
2189,0.6583411693572998,0.16656449437141418,-0.00022108769917394966,0.03299470618367195,0.03299470618367195,1.0,3.0,success
2190,0.6573484539985657,0.16686029732227325,-0.00022122416703496128,0.03237028047442436,0.03237028047442436,1.0,-3.0,success
2191,0.6563572287559509,0.16715869307518005,-0.00022123441158328205,0.03234891593456268,0.03234891593456268,1.0,-3.0,success
2192,0.6553667783737183,0.16745971143245697,-0.00022120746143627912,0.032349471002817154,0.032349471002817154,1.0,-3.0,success
2193,0.6543569564819336,0.1677679866552353,-0.000221074849832803,0.03299463912844658,0.03299463912844658,1.0,3.0,success
2194,0.6533464789390564,0.16807392239570618,-0.00022107065888121724,0.032992977648973465,0.032992977648973465,1.0,3.0,success
2195,0.6523351669311523,0.16837750375270844,-0.0002210967504652217,0.032996706664562225,0.032996706664562225,1.0,3.0,success
2196,0.6513231992721558,0.16867876052856445,-0.000221143796807155,0.03299552947282791,0.03299552947282791,1.0,3.0,success
2197,0.6503105759620667,0.16897770762443542,-0.00022120741778053343,0.03299466148018837,0.03299466148018837,1.0,3.0,success
2198,0.649316668510437,0.16926977038383484,-0.00022136277402751148,0.03237283602356911,0.03237283602356911,1.0,-3.0,success
2199,0.6483244299888611,0.16956448554992676,-0.00022138876374810934,0.03234630450606346,0.03234630450606346,1.0,-3.0,success
2200,0.6473329067230225,0.16986183822155,-0.0002213739644503221,0.03234845772385597,0.03234845772385597,1.0,-3.0,success
2201,0.6463219523429871,0.17016641795635223,-0.00022125113173387945,0.032994989305734634,0.032994989305734634,1.0,3.0,success
2202,0.6453103423118591,0.17046868801116943,-0.0002212549006799236,0.032993871718645096,0.032993871718645096,1.0,3.0,success
2203,0.6442979574203491,0.1707685887813568,-0.00022128739510662854,0.03299596905708313,0.03299596905708313,1.0,3.0,success
2204,0.6433044075965881,0.17106157541275024,-0.000221418755245395,0.03237026929855347,0.03237026929855347,1.0,-3.0,success
2205,0.6423123478889465,0.1713571548461914,-0.00022142466332297772,0.032348647713661194,0.032348647713661194,1.0,-3.0,success
2206,0.6413009166717529,0.17165996134281158,-0.00022131216246634722,0.03299332410097122,0.03299332410097122,1.0,3.0,success
2207,0.6402887105941772,0.17196045815944672,-0.00022132403682917356,0.032995905727148056,0.032995905727148056,1.0,3.0,success
2208,0.639275848865509,0.17225861549377441,-0.00022136297775432467,0.0329948291182518,0.0329948291182518,1.0,3.0,success
2209,0.6382622718811035,0.17255446314811707,-0.00022142032685223967,0.03299597650766373,0.03299597650766373,1.0,3.0,success
2210,0.637267529964447,0.17284348607063293,-0.00022157083731144667,0.03237122669816017,0.03237122669816017,1.0,-3.0,success
2211,0.6362743377685547,0.17313514649868011,-0.000221592650632374,0.032347846776247025,0.032347846776247025,1.0,-3.0,success
2212,0.6352616548538208,0.17343398928642273,-0.0002214925771113485,0.03299552574753761,0.03299552574753761,1.0,3.0,success
2213,0.6342483162879944,0.17373055219650269,-0.00022151455050334334,0.03299509361386299,0.03299509361386299,1.0,3.0,success
2214,0.6332343220710754,0.1740247756242752,-0.0002215615677414462,0.032994307577610016,0.032994307577610016,1.0,3.0,success
2215,0.6322196125984192,0.17431670427322388,-0.00022162537788972259,0.03299587965011597,0.03299587965011597,1.0,3.0,success
2216,0.6312042474746704,0.1746063530445099,-0.00022170245938468724,0.032995957881212234,0.032995957881212234,1.0,3.0,success
2217,0.6302076578140259,0.17488932609558105,-0.00022186824935488403,0.03237452358007431,0.03237452358007431,1.0,-3.0,success
2218,0.6292127370834351,0.17517495155334473,-0.00022190285380929708,0.03234713152050972,0.03234713152050972,1.0,-3.0,success
2219,0.6281983256340027,0.17546768486499786,-0.0002218127337982878,0.03299389407038689,0.03299389407038689,1.0,3.0,success
2220,0.627183198928833,0.17575813829898834,-0.00022184276895131916,0.03299569711089134,0.03299569711089134,1.0,3.0,success
2221,0.6261674165725708,0.17604628205299377,-0.00022189627634361386,0.03299563005566597,0.03299563005566597,1.0,3.0,success
2222,0.6251509785652161,0.17633213102817535,-0.00022196531062945724,0.03299585357308388,0.03299585357308388,1.0,3.0,success
2223,0.6241338849067688,0.17661571502685547,-0.0002220465976279229,0.03299649804830551,0.03299649804830551,1.0,3.0,success
2224,0.623116135597229,0.17689703404903412,-0.00022213764896150678,0.03299730643630028,0.03299730643630028,1.0,3.0,success
2225,0.6221172213554382,0.17717182636260986,-0.00022231425100471824,0.03237567096948624,0.03237567096948624,1.0,-3.0,success
2226,0.621120035648346,0.1774493157863617,-0.00022235792130231857,0.03234608471393585,0.03234608471393585,1.0,-3.0,success
2227,0.6201032400131226,0.17773377895355225,-0.00022227490262594074,0.032994914799928665,0.032994914799928665,1.0,3.0,success
2228,0.6190857887268066,0.17801597714424133,-0.00022231067123357207,0.032995663583278656,0.032995663583278656,1.0,3.0,success
2229,0.6180676817893982,0.17829586565494537,-0.00022236879158299416,0.032996200025081635,0.032996200025081635,1.0,3.0,success
2230,0.6170684695243835,0.1785692274570465,-0.00022252005874179304,0.03237282112240791,0.03237282112240791,1.0,-3.0,success
2231,0.6160707473754883,0.17884522676467896,-0.0002225423522759229,0.03234978765249252,0.03234978765249252,1.0,-3.0,success
2232,0.6150534749031067,0.17912812530994415,-0.0002224429917987436,0.03299613669514656,0.03299613669514656,1.0,3.0,success
2233,0.6140356063842773,0.1794087290763855,-0.00022246534354053438,0.03299494832754135,0.03299494832754135,1.0,3.0,success
2234,0.6130170822143555,0.17968697845935822,-0.00022251276823226362,0.03299523517489433,0.03299523517489433,1.0,3.0,success
2235,0.6119979023933411,0.17996293306350708,-0.0002225770294899121,0.03299618884921074,0.03299618884921074,1.0,3.0,success
2236,0.6109976172447205,0.180232435464859,-0.00022273289505392313,0.0323735773563385,0.0323735773563385,1.0,-3.0,success
2237,0.6099988222122192,0.18050460517406464,-0.00022275897208601236,0.03235043212771416,0.03235043212771416,1.0,-3.0,success
2238,0.6090006828308105,0.18077942728996277,-0.00022274436196312308,0.032352570444345474,0.032352570444345474,1.0,-3.0,success
2239,0.6079831123352051,0.1810610443353653,-0.00022262187849264592,0.032994404435157776,0.032994404435157776,1.0,3.0,success
2240,0.6069648861885071,0.18134033679962158,-0.0002226257201982662,0.03299486264586449,0.03299486264586449,1.0,3.0,success
2241,0.6059459447860718,0.18161725997924805,-0.00022265837469603866,0.032996922731399536,0.032996922731399536,1.0,3.0,success
2242,0.6049264073371887,0.18189184367656708,-0.00022271086345426738,0.032995808869600296,0.032995808869600296,1.0,3.0,success
2243,0.6039258241653442,0.18216000497341156,-0.000222857590415515,0.032371699810028076,0.032371699810028076,1.0,-3.0,success
2244,0.6029266119003296,0.18243078887462616,-0.00022287601314019412,0.03235166147351265,0.03235166147351265,1.0,-3.0,success
2245,0.6019079089164734,0.18270836770534515,-0.00022277372772805393,0.032995112240314484,0.032995112240314484,1.0,3.0,success
2246,0.6008885502815247,0.1829836368560791,-0.00022279367840383202,0.03299599140882492,0.03299599140882492,1.0,3.0,success
2247,0.5998685956001282,0.18325656652450562,-0.0002228392258984968,0.03299500048160553,0.03299500048160553,1.0,3.0,success
2248,0.5988479852676392,0.18352718651294708,-0.0002229020174127072,0.03299621865153313,0.03299621865153313,1.0,3.0,success
2249,0.5978267788887024,0.1837954968214035,-0.0002229784004157409,0.032995808869600296,0.032995808869600296,1.0,3.0,success
2250,0.5968244075775146,0.18405753374099731,-0.00022314366651698947,0.032376740127801895,0.032376740127801895,1.0,-3.0,success
2251,0.5958236455917358,0.18432222306728363,-0.00022317751427181065,0.03234918415546417,0.03234918415546417,1.0,-3.0,success
2252,0.5948032736778259,0.18459364771842957,-0.00022308736515697092,0.032995473593473434,0.032995473593473434,1.0,3.0,success
2253,0.5937823057174683,0.18486277759075165,-0.00022311709471978247,0.03299512341618538,0.03299512341618538,1.0,3.0,success
2254,0.5927606821060181,0.1851295679807663,-0.00022317048569675535,0.03299638628959656,0.03299638628959656,1.0,3.0,success
2255,0.5917384624481201,0.1853940486907959,-0.00022323957819025964,0.03299625590443611,0.03299625590443611,1.0,3.0,success
2256,0.5907156467437744,0.18565624952316284,-0.00022332103981170803,0.0329965241253376,0.0329965241253376,1.0,3.0,success
2257,0.5897117257118225,0.18591228127479553,-0.0002234902058262378,0.032376714050769806,0.032376714050769806,1.0,-3.0,success
2258,0.5887093544006348,0.18617098033428192,-0.00022352726955432445,0.03235051780939102,0.03235051780939102,1.0,-3.0,success
2259,0.5876873731613159,0.18643631041049957,-0.0002234397834399715,0.03299570083618164,0.03299570083618164,1.0,3.0,success
2260,0.5866647958755493,0.18669934570789337,-0.00022347159392666072,0.0329957939684391,0.0329957939684391,1.0,3.0,success
2261,0.585641622543335,0.18696004152297974,-0.00022352667292580009,0.03299570456147194,0.03299570456147194,1.0,3.0,success
2262,0.5846177935600281,0.18721844255924225,-0.00022359713329933584,0.032997939735651016,0.032997939735651016,1.0,3.0,success
2263,0.5835934281349182,0.18747453391551971,-0.00022367974452208728,0.032996613532304764,0.032996613532304764,1.0,3.0,success
2264,0.5825880169868469,0.18772459030151367,-0.00022384978365153074,0.032376259565353394,0.032376259565353394,1.0,-3.0,success
2265,0.581584095954895,0.18797731399536133,-0.0002238874731119722,0.03235132247209549,0.03235132247209549,1.0,-3.0,success
2266,0.5805807113647461,0.18823274970054626,-0.0002238819724880159,0.03235586732625961,0.03235586732625961,1.0,-3.0,success
2267,0.5795578956604004,0.18849465250968933,-0.00022376709966920316,0.032994214445352554,0.032994214445352554,1.0,3.0,success
2268,0.5785344243049622,0.18875423073768616,-0.00022377683490049094,0.032996129244565964,0.032996129244565964,1.0,3.0,success
2269,0.5775103569030762,0.18901140987873077,-0.0002238143206341192,0.032995838671922684,0.032995838671922684,1.0,3.0,success
2270,0.5764856934547424,0.18926626443862915,-0.00022387078206520528,0.03299630433320999,0.03299630433320999,1.0,3.0,success
2271,0.575480043888092,0.18951505422592163,-0.00022402055037673563,0.03237396478652954,0.03237396478652954,1.0,-3.0,success
2272,0.5744757056236267,0.18976649641990662,-0.00022404119954444468,0.032354217022657394,0.032354217022657394,1.0,-3.0,success
2273,0.5734719634056091,0.1900206059217453,-0.00022402257309295237,0.03235650062561035,0.03235650062561035,1.0,-3.0,success
2274,0.5724487900733948,0.19028113782405853,-0.00022389717923942953,0.03299444168806076,0.03299444168806076,1.0,3.0,success
2275,0.5714249610900879,0.19053930044174194,-0.00022389831428881735,0.03299611806869507,0.03299611806869507,1.0,3.0,success
2276,0.5704005360603333,0.19079507887363434,-0.00022392893151845783,0.032996051013469696,0.032996051013469696,1.0,3.0,success
2277,0.569395124912262,0.19104476273059845,-0.0002240588510176167,0.03237345069646835,0.03237345069646835,1.0,-3.0,success
2278,0.568390965461731,0.19129705429077148,-0.00022406282369047403,0.03235525265336037,0.03235525265336037,1.0,-3.0,success
2279,0.5673673152923584,0.19155575335025787,-0.0002239500463474542,0.03299480304121971,0.03299480304121971,1.0,3.0,success
2280,0.5663430690765381,0.19181212782859802,-0.00022396112035494298,0.03299514949321747,0.03299514576792717,1.0,3.0,success
2281,0.5653181672096252,0.19206611812114716,-0.00022399966837838292,0.032997023314237595,0.032997023314237595,1.0,3.0,success
2282,0.5643123388290405,0.1923140585422516,-0.0002241358015453443,0.03237302601337433,0.03237302601337433,1.0,-3.0,success
2283,0.5633077621459961,0.19256463646888733,-0.00022414476552512497,0.03235489875078201,0.03235489875078201,1.0,-3.0,success
2284,0.5622836351394653,0.19282159209251404,-0.00022403606271836907,0.03299595043063164,0.03299594670534134,1.0,3.0,success
2285,0.5612589716911316,0.1930762231349945,-0.00022405038180295378,0.03299461305141449,0.03299461305141449,1.0,3.0,success
2286,0.5602336525917053,0.19332848489284515,-0.0002240915346192196,0.032996732741594315,0.032996732741594315,1.0,3.0,success
2287,0.5592274069786072,0.1935747265815735,-0.00022422969050239772,0.03237302601337433,0.03237302601337433,1.0,-3.0,success
2288,0.5582224130630493,0.19382360577583313,-0.0002242402551928535,0.032354746013879776,0.032354746013879776,1.0,-3.0,success
2289,0.5571978688240051,0.19407883286476135,-0.00022413292026612908,0.032995499670505524,0.032995499670505524,1.0,3.0,success
2290,0.5561727285385132,0.19433175027370453,-0.00022414830164052546,0.03299620747566223,0.03299620747566223,1.0,3.0,success
2291,0.5551469922065735,0.19458229839801788,-0.00022419031301978976,0.03299664333462715,0.03299664333462715,1.0,3.0,success
2292,0.5541403293609619,0.19482684135437012,-0.00022432913829106838,0.03237311914563179,0.03237311542034149,1.0,-3.0,success
2293,0.5531348586082458,0.19507403671741486,-0.00022434021229855716,0.03235660865902901,0.03235660865902901,1.0,-3.0,success
2294,0.5521300435066223,0.1953238844871521,-0.00022431444085668772,0.032356616109609604,0.032356616109609604,1.0,-3.0,success
2295,0.5511057376861572,0.19558005034923553,-0.0002241834590677172,0.032995373010635376,0.032995373010635376,1.0,3.0,success
2296,0.5500808358192444,0.19583384692668915,-0.00022417987929657102,0.032995566725730896,0.032995566725730896,1.0,3.0,success
2297,0.549055278301239,0.19608524441719055,-0.0002242067566839978,0.03299752622842789,0.03299752622842789,1.0,3.0,success
2298,0.5480291843414307,0.19633427262306213,-0.00022425477800425142,0.03299626708030701,0.03299626708030701,1.0,3.0,success
2299,0.5470025539398193,0.19658097624778748,-0.00022431953402701765,0.03299551084637642,0.03299551084637642,1.0,3.0,success
2300,0.5459753274917603,0.19682537019252777,-0.0002243976341560483,0.03299684077501297,0.03299684077501297,1.0,3.0,success
2301,0.5449671149253845,0.19706393778324127,-0.00022456418082583696,0.032376669347286224,0.032376669347286224,1.0,-3.0,success
2302,0.5439602136611938,0.19730517268180847,-0.00022459863976109773,0.03235611692070961,0.03235611692070961,1.0,-3.0,success
2303,0.5429338216781616,0.19755269587039948,-0.0002245098730782047,0.032994262874126434,0.032994262874126434,1.0,3.0,success
2304,0.5419067740440369,0.19779792428016663,-0.0002245403011329472,0.03299744799733162,0.03299744799733162,1.0,3.0,success
2305,0.5408791899681091,0.19804079830646515,-0.00022459434694610536,0.032996755093336105,0.032996755093336105,1.0,3.0,success
2306,0.5398510694503784,0.19828136265277863,-0.00022466410882771015,0.03299655020236969,0.03299655020236969,1.0,3.0,success
2307,0.5388420224189758,0.1985161304473877,-0.0002248242381028831,0.03237493708729744,0.03237493708729744,1.0,-3.0,success
2308,0.5378341674804688,0.19875359535217285,-0.00022485307999886572,0.03235787898302078,0.03235787898302078,1.0,-3.0,success
2309,0.5368068218231201,0.19899724423885345,-0.00022476031153928488,0.032995082437992096,0.032995082437992096,1.0,3.0,success
2310,0.5357788801193237,0.199238583445549,-0.0002247873053420335,0.032996635884046555,0.032996635884046555,1.0,3.0,success
2311,0.5347504019737244,0.19947756826877594,-0.00022483864449895918,0.032996226102113724,0.032996226102113724,1.0,3.0,success
2312,0.5337213277816772,0.19971422851085663,-0.00022490625269711018,0.03299801051616669,0.03299801051616669,1.0,3.0,success
2313,0.532711386680603,0.19994518160820007,-0.0002250647230539471,0.03237536549568176,0.03237536549568176,1.0,-3.0,success
2314,0.5317026376724243,0.20017880201339722,-0.00022509203699883074,0.03235775604844093,0.03235775604844093,1.0,-3.0,success
2315,0.5306944847106934,0.20041513442993164,-0.0002250789839308709,0.03235884755849838,0.03235884755849838,1.0,-3.0,success
2316,0.5296668410301208,0.20065754652023315,-0.00022495847952086478,0.03299525007605553,0.03299525007605553,1.0,3.0,success
2317,0.5286386013031006,0.20089760422706604,-0.00022496316523756832,0.03299657627940178,0.03299657627940178,1.0,3.0,success
2318,0.5276098251342773,0.2011352777481079,-0.00022499669285025448,0.0329960472881794,0.0329960472881794,1.0,3.0,success
2319,0.5266001224517822,0.20136718451976776,-0.00022512888244818896,0.03237476199865341,0.03237476199865341,1.0,-3.0,success
2320,0.5255915522575378,0.20160171389579773,-0.00022513422300107777,0.03235873579978943,0.03235873579978943,1.0,-3.0,success
2321,0.5245634913444519,0.20184233784675598,-0.00022502343927044421,0.032995160669088364,0.032995160669088364,1.0,3.0,success
2322,0.5235348343849182,0.2020806074142456,-0.00022503567743115127,0.032996613532304764,0.032996613532304764,1.0,3.0,success
2323,0.5225056409835815,0.2023165076971054,-0.0002250752440886572,0.03299632668495178,0.03299632668495178,1.0,3.0,success
2324,0.5214758515357971,0.20255005359649658,-0.0002251334663014859,0.032998133450746536,0.032998133450746536,1.0,3.0,success
2325,0.5204652547836304,0.2027779370546341,-0.00022528471890836954,0.032374102622270584,0.032374102622270584,1.0,-3.0,success
2326,0.5194557309150696,0.2030084878206253,-0.000225305775529705,0.032359857112169266,0.032359857112169266,1.0,-3.0,success
2327,0.5184468030929565,0.2032417207956314,-0.00022528802219312638,0.03236047178506851,0.03236047178506851,1.0,-3.0,success
2328,0.5174184441566467,0.20348098874092102,-0.00022516380704473704,0.032994598150253296,0.032994598150253296,1.0,3.0,success
2329,0.5163894891738892,0.203717902302742,-0.00022516539320349693,0.03299615532159805,0.03299615532159805,1.0,3.0,success
2330,0.5153599381446838,0.2039523869752884,-0.00022519644699059427,0.03299737349152565,0.03299737349152565,1.0,3.0,success
2331,0.5143298506736755,0.20418453216552734,-0.00022524790256284177,0.03299756348133087,0.03299756348133087,1.0,3.0,success
2332,0.513299286365509,0.20441432297229767,-0.0002253154816571623,0.03299601003527641,0.03299601003527641,1.0,3.0,success
2333,0.5122877955436707,0.2046385407447815,-0.00022547390835825354,0.032376375049352646,0.03237637132406235,1.0,-3.0,success
2334,0.511277437210083,0.2048654407262802,-0.00022550104768015444,0.03236008808016777,0.03236008808016777,1.0,-3.0,success
2335,0.5102676749229431,0.20509503781795502,-0.00022548798006027937,0.0323604978621006,0.0323604978621006,1.0,-3.0,success
2336,0.5092384219169617,0.20533061027526855,-0.0002253675920655951,0.03299585357308388,0.03299585357308388,1.0,3.0,success
2337,0.5082086324691772,0.20556382834911346,-0.0002253722195746377,0.03299586847424507,0.03299586847424507,1.0,3.0,success
2338,0.5071782469749451,0.20579463243484497,-0.0002254057180834934,0.03299746662378311,0.03299746662378311,1.0,3.0,success
2339,0.5061473846435547,0.20602308213710785,-0.00022545915271621197,0.03299601003527641,0.03299601003527641,1.0,3.0,success
2340,0.5051355957984924,0.20624594390392303,-0.00022560662182513624,0.032376326620578766,0.032376326620578766,1.0,-3.0,success
2341,0.5041249394416809,0.2064714878797531,-0.0002256245061289519,0.03235991671681404,0.03235991671681404,1.0,-3.0,success
2342,0.5031148195266724,0.20669971406459808,-0.0002256043371744454,0.03236192464828491,0.03236192464828491,1.0,-3.0,success
2343,0.502085268497467,0.2069338709115982,-0.00022547828848473728,0.03299509733915329,0.03299509733915329,1.0,3.0,success
2344,0.501055121421814,0.2071656435728073,-0.0002254782448289916,0.032996825873851776,0.032996825873851776,1.0,3.0,success
2345,0.5000244379043579,0.2073950171470642,-0.00022550803259946406,0.03299681097269058,0.03299681097269058,1.0,3.0,success
2346,0.4989932179450989,0.20762202143669128,-0.00022555849864147604,0.03299717977643013,0.03299717977643013,1.0,3.0,success
2347,0.49798116087913513,0.20784346759319305,-0.00022570368309970945,0.0323750302195549,0.0323750264942646,1.0,-3.0,success
2348,0.49697014689445496,0.20806758105754852,-0.00022571958834305406,0.03236112371087074,0.03236112371087074,1.0,-3.0,success
2349,0.49595966935157776,0.20829437673091888,-0.00022569793509319425,0.032363004982471466,0.032363004982471466,1.0,-3.0,success
2350,0.49492979049682617,0.208527073264122,-0.0002255707368021831,0.03299500048160553,0.03299500048160553,1.0,3.0,success
2351,0.49389931559562683,0.2087574005126953,-0.00022556970361620188,0.03299693390727043,0.03299693390727043,1.0,3.0,success
2352,0.4928683042526245,0.20898529887199402,-0.000225598705583252,0.03299683332443237,0.03299683332443237,1.0,3.0,success
2353,0.4918367862701416,0.2092108428478241,-0.0002256485604448244,0.03299649804830551,0.03299649804830551,1.0,3.0,success
2354,0.4908244013786316,0.20943085849285126,-0.0002257932792417705,0.0323755145072937,0.0323755107820034,1.0,-3.0,success
2355,0.48981305956840515,0.20965352654457092,-0.0002258087188238278,0.03236138075590134,0.03236138075590134,1.0,-3.0,success
2356,0.4888022541999817,0.20987889170646667,-0.0002257867599837482,0.032363247126340866,0.032363247126340866,1.0,-3.0,success
2357,0.48777201771736145,0.2101101130247116,-0.00022565935796592385,0.03299577534198761,0.03299577534198761,1.0,3.0,success
2358,0.48674124479293823,0.21033897995948792,-0.0002256581065012142,0.03299610689282417,0.03299610689282417,1.0,3.0,success
2359,0.48570990562438965,0.21056541800498962,-0.00022568694839719683,0.032997019588947296,0.032997019588947296,1.0,3.0,success
2360,0.4846780598163605,0.21078947186470032,-0.00022573667229153216,0.03299659490585327,0.03299659490585327,1.0,3.0,success
2361,0.4836653769016266,0.21100805699825287,-0.0002258813037769869,0.03237514942884445,0.03237514942884445,1.0,-3.0,success
2362,0.4826536774635315,0.21122929453849792,-0.00022589661239180714,0.032362714409828186,0.032362714409828186,1.0,-3.0,success
2363,0.48164257407188416,0.21145321428775787,-0.00022587459534406662,0.03236253932118416,0.03236253932118416,1.0,-3.0,success
2364,0.4806320071220398,0.21167975664138794,-0.0002258276945212856,0.032363999634981155,0.032363999634981155,1.0,-3.0,success
2365,0.47960203886032104,0.2119121551513672,-0.00022568035637959838,0.03299567475914955,0.03299567475914955,1.0,3.0,success
2366,0.47857150435447693,0.21214212477207184,-0.0002256629813928157,0.032996319234371185,0.032996319234371185,1.0,3.0,success
2367,0.47756022214889526,0.21236644685268402,-0.00022575868933927268,0.03237071633338928,0.03237071633338928,1.0,-3.0,success
2368,0.47654974460601807,0.21259331703186035,-0.0002257335581816733,0.032363519072532654,0.032363519072532654,1.0,-3.0,success
2369,0.4755198657512665,0.21282607316970825,-0.00022559949138667434,0.03299540653824806,0.03299540653824806,1.0,3.0,success
2370,0.4744894206523895,0.21305644512176514,-0.0002255925937788561,0.03299633413553238,0.03299633413553238,1.0,3.0,success
2371,0.4734584093093872,0.21328438818454742,-0.00022561689547728747,0.03299713507294655,0.03299713507294655,1.0,3.0,success
2372,0.47244665026664734,0.21350674331188202,-0.00022574204194825143,0.03237201273441315,0.03237201273441315,1.0,-3.0,success
2373,0.4714357852935791,0.21373173594474792,-0.00022574097965843976,0.03236253559589386,0.03236253559589386,1.0,-3.0,success
2374,0.4704054594039917,0.2139625996351242,-0.00022562587400898337,0.032996054738759995,0.032996054738759995,1.0,3.0,success
2375,0.4693745970726013,0.21419112384319305,-0.00022563432867173105,0.032996512949466705,0.032996512949466705,1.0,3.0,success
2376,0.4683629870414734,0.21441404521465302,-0.00022575026378035545,0.032371267676353455,0.032371267676353455,1.0,-3.0,success
2377,0.4673522114753723,0.2146395742893219,-0.00022574148897547275,0.03236345574259758,0.03236345574259758,1.0,-3.0,success
2378,0.4663420021533966,0.2148677408695221,-0.0002257009909953922,0.032364241778850555,0.032364241778850555,1.0,-3.0,success
2379,0.46533238887786865,0.21509850025177002,-0.00022563931997865438,0.03236402943730354,0.03236402943730354,1.0,-3.0,success
2380,0.46432334184646606,0.2153318226337433,-0.00022556087060365826,0.032364726066589355,0.032364726066589355,1.0,-3.0,success
2381,0.4633149206638336,0.2155676782131195,-0.00022546898981090635,0.032363612204790115,0.032363612204790115,1.0,-3.0,success
2382,0.46230706572532654,0.2158060073852539,-0.00022536635515280068,0.03236408531665802,0.03236408531665802,1.0,-3.0,success
2383,0.4612998068332672,0.21604682505130768,-0.00022525510576087981,0.03236394748091698,0.03236394748091698,1.0,-3.0,success
2384,0.46029314398765564,0.21629010140895844,-0.0002251369587611407,0.03236379846930504,0.03236379846930504,1.0,-3.0,success
2385,0.4592871069908142,0.21653583645820618,-0.0002250133256893605,0.032362934201955795,0.032362934201955795,1.0,-3.0,success
2386,0.45828166604042053,0.21678398549556732,-0.0002248852833872661,0.03236283361911774,0.03236283361911774,1.0,-3.0,success
2387,0.457276850938797,0.21703456342220306,-0.00022475373407360166,0.03236212581396103,0.03236212581396103,1.0,-3.0,success
2388,0.4562726318836212,0.2172875553369522,-0.0002246194053441286,0.03236239776015282,0.03236239776015282,1.0,-3.0,success
2389,0.45526906847953796,0.21754296123981476,-0.00022448285017162561,0.03236105293035507,0.03236105293035507,1.0,-3.0,success
2390,0.45426610112190247,0.21780076622962952,-0.00022434453421738,0.03236158937215805,0.03236158937215805,1.0,-3.0,success
2391,0.4532637894153595,0.21806097030639648,-0.00022420483583118767,0.0323605015873909,0.0323605015873909,1.0,-3.0,success
2392,0.45226210355758667,0.21832355856895447,-0.000224064031499438,0.03236038237810135,0.03236038237810135,1.0,-3.0,success
2393,0.45126107335090637,0.21858854591846466,-0.00022392236860468984,0.032359667122364044,0.032359667122364044,1.0,-3.0,success
2394,0.4502606987953186,0.21885593235492706,-0.0002237800508737564,0.03235913813114166,0.03235913813114166,1.0,-3.0,success
2395,0.449260950088501,0.2191256880760193,-0.00022363720927387476,0.03235945478081703,0.03235945105552673,1.0,-3.0,success
2396,0.44826188683509827,0.21939784288406372,-0.00022349397477228194,0.03235839679837227,0.03235839679837227,1.0,-3.0,success
2397,0.4472634494304657,0.21967236697673798,-0.00022335044923238456,0.03235907852649689,0.03235907852649689,1.0,-3.0,success
2398,0.44626572728157043,0.21994926035404205,-0.00022320670541375875,0.03235724940896034,0.03235724940896034,1.0,-3.0,success
2399,0.4452686309814453,0.22022855281829834,-0.00022306280152406543,0.03235854580998421,0.03235854580998421,1.0,-3.0,success
2400,0.4442722499370575,0.22051019966602325,-0.00022291879577096552,0.032356955111026764,0.032356955111026764,1.0,-3.0,success
2401,0.4432765245437622,0.220794215798378,-0.0002227747463621199,0.03235746920108795,0.03235746920108795,1.0,-3.0,success
2402,0.44228148460388184,0.22108061611652374,-0.00022263065329752862,0.03235740214586258,0.03235740214586258,1.0,-3.0,success
2403,0.44128715991973877,0.22136937081813812,-0.00022248656023293734,0.03235636278986931,0.03235636278986931,1.0,-3.0,success
2404,0.4402935206890106,0.22166050970554352,-0.0002223424962721765,0.032356664538383484,0.032356664538383484,1.0,-3.0,success
2405,0.4393005967140198,0.22195400297641754,-0.0002221984468633309,0.03235599771142006,0.03235599771142006,1.0,-3.0,success
2406,0.43830838799476624,0.2222498506307602,-0.00022205447021406144,0.03235550597310066,0.03235550597310066,1.0,-3.0,success
2407,0.4373168647289276,0.22254806756973267,-0.00022191053722053766,0.032356224954128265,0.032356224954128265,1.0,-3.0,success
2408,0.4363260865211487,0.22284863889217377,-0.00022176669153850526,0.03235521540045738,0.03235521540045738,1.0,-3.0,success
2409,0.43533602356910706,0.2231515645980835,-0.00022162290406413376,0.03235527500510216,0.03235527500510216,1.0,-3.0,success
2410,0.43434667587280273,0.22345684468746185,-0.00022147921845316887,0.032355520874261856,0.032355520874261856,1.0,-3.0,success
2411,0.4333580732345581,0.22376447916030884,-0.00022133560560178012,0.03235505521297455,0.03235505521297455,1.0,-3.0,success
2412,0.43237024545669556,0.22407446801662445,-0.00022119209461379796,0.03235388919711113,0.03235388919711113,1.0,-3.0,success
2413,0.4313831329345703,0.2243868112564087,-0.0002210486854892224,0.0323546826839447,0.0323546826839447,1.0,-3.0,success
2414,0.43039676547050476,0.22470149397850037,-0.00022090536367613822,0.032354630529880524,0.032354630529880524,1.0,-3.0,success
2415,0.4294111728668213,0.22501853108406067,-0.00022076214372646064,0.03235401585698128,0.03235401585698128,1.0,-3.0,success
2416,0.4284263253211975,0.2253378927707672,-0.00022061902564018965,0.03235418722033501,0.03235418722033501,1.0,-3.0,success
2417,0.4274422526359558,0.22565960884094238,-0.0002204760239692405,0.03235394135117531,0.03235394135117531,1.0,-3.0,success
2418,0.4264589846134186,0.225983664393425,-0.00022033312416169792,0.03235284984111786,0.03235284984111786,1.0,-3.0,success
2419,0.42547646164894104,0.22631005942821503,-0.00022019032621756196,0.032353710383176804,0.032353710383176804,1.0,-3.0,success
2420,0.42449474334716797,0.2266387939453125,-0.00022004764468874782,0.0323529914021492,0.0323529914021492,1.0,-3.0,success
2421,0.423513799905777,0.2269698530435562,-0.00021990506502334028,0.03235318511724472,0.03235318511724472,1.0,-3.0,success
2422,0.42253366112709045,0.22730325162410736,-0.00021976260177325457,0.03235282748937607,0.03235282748937607,1.0,-3.0,success
2423,0.421554297208786,0.22763897478580475,-0.0002196202549384907,0.03235338628292084,0.03235338628292084,1.0,-3.0,success
2424,0.4205757677555084,0.22797703742980957,-0.0002194780099671334,0.032352522015571594,0.032352522015571594,1.0,-3.0,success
2425,0.4195980429649353,0.22831740975379944,-0.00021933589596301317,0.03235241770744324,0.03235241770744324,1.0,-3.0,success
2426,0.41862112283706665,0.22866012156009674,-0.00021919388382229954,0.03235279396176338,0.03235279396176338,1.0,-3.0,success
2427,0.41764503717422485,0.2290051430463791,-0.00021905198809690773,0.03235217183828354,0.03235217183828354,1.0,-3.0,success
2428,0.4166697859764099,0.22935248911380768,-0.00021891020878683776,0.032351888716220856,0.03235188499093056,1.0,-3.0,success
2429,0.4156756103038788,0.22970768809318542,-0.00021868520707357675,0.03299134969711304,0.03299134969711304,1.0,3.0,success
2430,0.41468051075935364,0.23006044328212738,-0.00021860614651814103,0.03299294412136078,0.03299294412136078,1.0,3.0,success
2431,0.41368454694747925,0.23041075468063354,-0.0002185721241403371,0.03299298509955406,0.03299298509955406,1.0,3.0,success
2432,0.4126877188682556,0.2307586669921875,-0.00021857087267562747,0.032993681728839874,0.032993681728839874,1.0,3.0,success
2433,0.4116900563240051,0.23110423982143402,-0.0002185956109315157,0.03299430385231972,0.03299430012702942,1.0,3.0,success
2434,0.4107109308242798,0.23144203424453735,-0.0002187206264352426,0.032367393374443054,0.032367393374443054,1.0,-3.0,success
2435,0.409733384847641,0.23178236186504364,-0.00021872117940802127,0.032346680760383606,0.032346680760383606,1.0,-3.0,success
2436,0.40875673294067383,0.23212526738643646,-0.00021868781186640263,0.03234688937664032,0.03234688937664032,1.0,-3.0,success
2437,0.40776100754737854,0.23247621953487396,-0.00021854953956790268,0.03299260511994362,0.03299260511994362,1.0,3.0,success
2438,0.4067644476890564,0.23282486200332642,-0.0002185408811783418,0.03299329802393913,0.03299329802393913,1.0,3.0,success
2439,0.405767023563385,0.23317116498947144,-0.0002185630874009803,0.03299473971128464,0.03299473971128464,1.0,3.0,success
2440,0.40476882457733154,0.2335151582956314,-0.0002186066994909197,0.03299402818083763,0.03299402818083763,1.0,3.0,success
2441,0.4037698209285736,0.2338569015264511,-0.00021866725001018494,0.03299497812986374,0.03299497812986374,1.0,3.0,success
2442,0.4027893543243408,0.2341909408569336,-0.0002188201033277437,0.0323689803481102,0.0323689803481102,1.0,-3.0,success
2443,0.4018104374408722,0.2345276027917862,-0.00021884335728827864,0.03234970197081566,0.03234970197081566,1.0,-3.0,success
2444,0.4008125066757202,0.23487229645252228,-0.0002187458158005029,0.032993242144584656,0.032993242144584656,1.0,3.0,success
2445,0.39981377124786377,0.23521475493907928,-0.0002187691570725292,0.032994288951158524,0.032994288951158524,1.0,3.0,success
2446,0.39881426095962524,0.23555491864681244,-0.0002188169164583087,0.032994020730257034,0.032994020730257034,1.0,3.0,success
2447,0.39781394600868225,0.23589281737804413,-0.00021888095943722874,0.032995108515024185,0.032995108515024185,1.0,3.0,success
2448,0.39681288599967957,0.23622848093509674,-0.00021895786630921066,0.03299489617347717,0.03299489617347717,1.0,3.0,success
2449,0.39583033323287964,0.23655657470226288,-0.00021912340889684856,0.03237137198448181,0.03237137198448181,1.0,-3.0,success
2450,0.39484938979148865,0.23688730597496033,-0.00021915711113251746,0.03234991058707237,0.03234991058707237,1.0,-3.0,success
2451,0.39386942982673645,0.2372206747531891,-0.0002191501116612926,0.032347239553928375,0.032347239553928375,1.0,-3.0,success
2452,0.3928903341293335,0.2375566065311432,-0.00021911582734901458,0.03234757483005524,0.03234757483005524,1.0,-3.0,success
2453,0.3919098973274231,0.23789328336715698,-0.00021490518702194095,0.03239503875374794,0.03239477425813675,1.0,3.0,success
2454,0.39091068506240845,0.238233745098114,-0.00021541064779739827,0.03298821300268173,0.032988209277391434,1.0,3.0,success
2455,0.38991066813468933,0.23857203125953674,-0.0002161331649404019,0.03299017250537872,0.03299016132950783,1.0,3.0,success
2456,0.3889099061489105,0.23890814185142517,-0.0002167512575397268,0.03299051895737648,0.03299051150679588,1.0,3.0,success
2457,0.38792797923088074,0.23923684656620026,-0.0002173517714254558,0.03235888108611107,0.03235887736082077,1.0,-3.0,success
2458,0.3869473338127136,0.23956821858882904,-0.0002177304559154436,0.03234749287366867,0.03234748914837837,1.0,-3.0,success
2459,0.385947585105896,0.23990750312805176,-0.0002179183647967875,0.03299224004149437,0.03299223631620407,1.0,3.0,success
2460,0.3849470913410187,0.24024458229541779,-0.00021816996741108596,0.03299221768975258,0.03299221768975258,1.0,3.0,success
2461,0.3839457929134369,0.24057938158512115,-0.0002184002660214901,0.032993383705616,0.032993383705616,1.0,3.0,success
2462,0.382943719625473,0.24091196060180664,-0.00021861032291781157,0.032994430512189865,0.032994430512189865,1.0,3.0,success
2463,0.38196030259132385,0.241237074136734,-0.00021888298215344548,0.032367635518312454,0.032367635518312454,1.0,-3.0,success
2464,0.3809784948825836,0.2415648102760315,-0.00021900181309320033,0.03234574943780899,0.03234574943780899,1.0,-3.0,success
2465,0.37999752163887024,0.2418951690196991,-0.00021906234906055033,0.03234707564115524,0.03234707564115524,1.0,-3.0,success
2466,0.37901735305786133,0.24222810566425323,-0.00021908219787292182,0.03234906494617462,0.03234906494617462,1.0,-3.0,success
2467,0.3780181109905243,0.24256886541843414,-0.0002189874358009547,0.03299209475517273,0.03299209475517273,1.0,3.0,success
2468,0.377018004655838,0.2429073005914688,-0.00021901325089856982,0.03299430012702942,0.03299430012702942,1.0,3.0,success
2469,0.37601712346076965,0.24324339628219604,-0.00021906309120822698,0.03299389407038689,0.03299389407038689,1.0,3.0,success
2470,0.3750154376029968,0.24357716739177704,-0.00021912889496888965,0.032994698733091354,0.032994695007801056,1.0,3.0,success
2471,0.3740130066871643,0.24390867352485657,-0.00021920728613622487,0.03299449384212494,0.03299449384212494,1.0,3.0,success
2472,0.3730098307132721,0.24423792958259583,-0.00021929570357315242,0.03299460560083389,0.032994601875543594,1.0,3.0,success
2473,0.37202519178390503,0.24455973505973816,-0.00021947058849036694,0.032371629029512405,0.032371629029512405,1.0,-3.0,success
2474,0.3710421919822693,0.2448841780424118,-0.00021951179951429367,0.03234868124127388,0.03234868124127388,1.0,-3.0,success
2475,0.37004005908966064,0.2452164590358734,-0.00021942825696896762,0.03299326449632645,0.03299326449632645,1.0,3.0,success
2476,0.3690371513366699,0.24554648995399475,-0.00021946299239061773,0.03299420326948166,0.03299420326948166,1.0,3.0,success
2477,0.3680528700351715,0.24586905539035797,-0.00021959927107673138,0.03236839547753334,0.03236839547753334,1.0,-3.0,success
2478,0.36707016825675964,0.24619418382644653,-0.00021960934100206941,0.032346561551094055,0.032346561551094055,1.0,-3.0,success
2479,0.36608827114105225,0.24652190506458282,-0.00021958269644528627,0.03234824910759926,0.03234824910759926,1.0,-3.0,success
2480,0.36508721113204956,0.24685737490653992,-0.00021945034677628428,0.032992973923683167,0.03299297019839287,1.0,3.0,success
2481,0.3640853464603424,0.24719052016735077,-0.00021944633044768125,0.03299381956458092,0.03299381956458092,1.0,3.0,success
2482,0.3630826771259308,0.24752134084701538,-0.0002194723638240248,0.03299485146999359,0.03299485146999359,1.0,3.0,success
2483,0.36209866404533386,0.2478446364402771,-0.00021959867444820702,0.03236754238605499,0.03236754238605499,1.0,-3.0,success
2484,0.3611162304878235,0.24817050993442535,-0.0002196004643337801,0.03234592825174332,0.03234592825174332,1.0,-3.0,success
2485,0.36011454463005066,0.2485041469335556,-0.00021948474750388414,0.0329933688044548,0.0329933688044548,1.0,3.0,success
2486,0.35911208391189575,0.2488355040550232,-0.00021949403162579983,0.03299391642212868,0.03299391642212868,1.0,3.0,success
2487,0.3581088185310364,0.24916453659534454,-0.00021953067334834486,0.032995082437992096,0.032995082437992096,1.0,3.0,success
2488,0.3571048080921173,0.24949127435684204,-0.00021958595607429743,0.03299494460225105,0.03299494460225105,1.0,3.0,success
2489,0.35611942410469055,0.2498106062412262,-0.00021973479306325316,0.03236984461545944,0.03236984461545944,1.0,-3.0,success
2490,0.35513564944267273,0.25013256072998047,-0.0002197550202254206,0.032347407191991806,0.032347407191991806,1.0,-3.0,success
2491,0.35413265228271484,0.25046226382255554,-0.0002196542773162946,0.032993659377098083,0.032993659377098083,1.0,3.0,success
2492,0.3531288802623749,0.25078967213630676,-0.00021967545035295188,0.0329943522810936,0.0329943522810936,1.0,3.0,success
2493,0.3521243631839752,0.2511148154735565,-0.00021972160902805626,0.03299462050199509,0.03299462050199509,1.0,3.0,success
2494,0.35113847255706787,0.2514325678348541,-0.0002198635193053633,0.03236972913146019,0.03236972913146019,1.0,-3.0,success
2495,0.35015419125556946,0.25175291299819946,-0.0002198781439801678,0.032346855849027634,0.032346855849027634,1.0,-3.0,success
2496,0.3491506576538086,0.2520809471607208,-0.00021977272990625352,0.032993342727422714,0.032993342727422714,1.0,3.0,success
2497,0.34814634919166565,0.2524067461490631,-0.00021979025041218847,0.03299473971128464,0.03299473971128464,1.0,3.0,success
2498,0.347141295671463,0.25273019075393677,-0.0002198335132561624,0.03299427404999733,0.03299427404999733,1.0,3.0,success
2499,0.3461354970932007,0.25305137038230896,-0.00021989410743117332,0.0329948365688324,0.0329948365688324,1.0,3.0,success
2500,0.34514832496643066,0.25336527824401855,-0.0002200470626121387,0.032371241599321365,0.032371241599321365,1.0,-3.0,success
2501,0.34416279196739197,0.2536817789077759,-0.0002200707676820457,0.032347116619348526,0.032347116619348526,1.0,-3.0,success
2502,0.3431780934333801,0.2540009021759033,-0.00022005497885402292,0.032347459346055984,0.032347459346055984,1.0,-3.0,success
2503,0.34217414259910583,0.254327654838562,-0.00021993109839968383,0.03299332037568092,0.03299332037568092,1.0,3.0,success
2504,0.34116941690444946,0.25465211272239685,-0.0002199340524384752,0.032994236797094345,0.032994236797094345,1.0,3.0,success
2505,0.340163916349411,0.25497421622276306,-0.00021996571740601212,0.03299475833773613,0.03299475833773613,1.0,3.0,success
2506,0.33915767073631287,0.2552940249443054,-0.00022001707111485302,0.03299514204263687,0.03299514204263687,1.0,3.0,success
2507,0.3381700813770294,0.2556065618991852,-0.00022016283764969558,0.03237072005867958,0.03237072005867958,1.0,-3.0,success
2508,0.3371841311454773,0.25592169165611267,-0.00022018073650542647,0.032346460968256,0.0323464572429657,1.0,-3.0,success
2509,0.33617886900901794,0.2562444508075714,-0.00022007778170518577,0.032993923872709274,0.032993923872709274,1.0,3.0,success
2510,0.3351728618144989,0.2565649449825287,-0.00022009732492733747,0.03299453854560852,0.03299453854560852,1.0,3.0,success
2511,0.33416610956192017,0.2568831145763397,-0.00022014224668964744,0.03299475833773613,0.03299475833773613,1.0,3.0,success
2512,0.33315861225128174,0.2571990191936493,-0.00022020422329660505,0.032995715737342834,0.032995715737342834,1.0,3.0,success
2513,0.3321698009967804,0.25750768184661865,-0.00022035824076738209,0.03237083926796913,0.03237083926796913,1.0,-3.0,success
2514,0.3311826288700104,0.2578189969062805,-0.00022038293536752462,0.032346781343221664,0.032346781343221664,1.0,-3.0,success
2515,0.33017611503601074,0.25813788175582886,-0.00022028537932783365,0.03299440070986748,0.03299440070986748,1.0,3.0,success
2516,0.3291688859462738,0.25845450162887573,-0.00022030927357263863,0.03299441561102867,0.03299441561102867,1.0,3.0,success
2517,0.3281609117984772,0.25876879692077637,-0.00022035770234651864,0.03299492970108986,0.03299492597579956,1.0,3.0,success
2518,0.3271716237068176,0.25907593965530396,-0.0002205013734055683,0.03237094730138779,0.03237094730138779,1.0,-3.0,success
2519,0.3261839747428894,0.2593856751918793,-0.00022051761334296316,0.03234618902206421,0.03234618902206421,1.0,-3.0,success
2520,0.3251970708370209,0.2596980035305023,-0.00022049540712032467,0.032348327338695526,0.032348327338695526,1.0,-3.0,success
2521,0.3241908848285675,0.26001784205436707,-0.0002203666663262993,0.03299365192651749,0.03299365192651749,1.0,3.0,success
2522,0.32318395376205444,0.26033535599708557,-0.0002203656331403181,0.032993920147418976,0.032993920147418976,1.0,3.0,success
2523,0.3221762478351593,0.26065054535865784,-0.00022039416944608092,0.032995253801345825,0.032995253801345825,1.0,3.0,success
2524,0.32116782665252686,0.2609633803367615,-0.0002204430929850787,0.03299471735954285,0.03299471735954285,1.0,3.0,success
2525,0.3201780915260315,0.26126909255981445,-0.000220586996874772,0.032371073961257935,0.032371070235967636,1.0,-3.0,success
2526,0.3191697895526886,0.26158225536346436,-0.0002205212804256007,0.03299419581890106,0.03299419581890106,1.0,3.0,success
2527,0.3181607723236084,0.2618931531906128,-0.00022056449961382896,0.032994627952575684,0.032994627952575684,1.0,3.0,success
2528,0.31717050075531006,0.26219698786735535,-0.00022070706472732127,0.03236982971429825,0.03236982971429825,1.0,-3.0,success
2529,0.3161817789077759,0.26250341534614563,-0.0002207223151344806,0.0323474258184433,0.0323474258184433,1.0,-3.0,success
2530,0.3151938319206238,0.26281246542930603,-0.00022069946862757206,0.03234867379069328,0.03234867379069328,1.0,-3.0,success
2531,0.31418657302856445,0.26312893629074097,-0.00022057023306842893,0.03299390524625778,0.03299390524625778,1.0,3.0,success
2532,0.31317856907844543,0.26344308257102966,-0.00022056876332499087,0.032994434237480164,0.032994434237480164,1.0,3.0,success
2533,0.3121698200702667,0.26375487446784973,-0.00022059695038478822,0.03299485892057419,0.03299485892057419,1.0,3.0,success
2534,0.3111603260040283,0.26406434178352356,-0.0002206456265412271,0.032995741814374924,0.032995741814374924,1.0,3.0,success
2535,0.310150146484375,0.26437151432037354,-0.00022071049897931516,0.03299528732895851,0.03299528732895851,1.0,3.0,success
2536,0.30915868282318115,0.2646716833114624,-0.0002208667719969526,0.032372068613767624,0.032372068613767624,1.0,-3.0,success
2537,0.308168888092041,0.2649744749069214,-0.0002208935038652271,0.032346032559871674,0.032346032559871674,1.0,-3.0,success
2538,0.3071596622467041,0.2652846574783325,-0.00022079719929024577,0.032994285225868225,0.032994285225868225,1.0,3.0,success
2539,0.3061497211456299,0.2655926048755646,-0.00022082225768826902,0.03299521654844284,0.03299521654844284,1.0,3.0,success
2540,0.30513906478881836,0.265898197889328,-0.00022087167599238455,0.03299522399902344,0.03299522399902344,1.0,3.0,success
2541,0.3041471838951111,0.2661968171596527,-0.000221016161958687,0.03237055242061615,0.03237055242061615,1.0,-3.0,success
2542,0.3031366467475891,0.2665027379989624,-0.00022095094027463347,0.032994624227285385,0.032994624227285385,1.0,3.0,success
2543,0.3021254241466522,0.266806423664093,-0.0002209945669164881,0.03299497067928314,0.032994966953992844,1.0,3.0,success
2544,0.3011329770088196,0.2671031355857849,-0.0002211374812759459,0.032370369881391525,0.032370369881391525,1.0,-3.0,success
2545,0.3001420795917511,0.2674024701118469,-0.00022115293540991843,0.032347582280635834,0.032347582280635834,1.0,-3.0,success
2546,0.2991317808628082,0.2677091360092163,-0.0002210481179645285,0.03299425169825554,0.03299424797296524,1.0,3.0,success
2547,0.29812076687812805,0.26801347732543945,-0.00022106616233941168,0.032994624227285385,0.032994624227285385,1.0,3.0,success
2548,0.29710903763771057,0.26831552386283875,-0.00022111000725999475,0.03299544379115105,0.03299544379115105,1.0,3.0,success
2549,0.2960965931415558,0.2686152458190918,-0.0002211712417192757,0.03299616649746895,0.03299616649746895,1.0,3.0,success
2550,0.29510295391082764,0.2689080834388733,-0.00022132476442493498,0.032371632754802704,0.032371632754802704,1.0,-3.0,success
2551,0.2941109240055084,0.2692035734653473,-0.00022134906612336636,0.03234696015715599,0.03234696015715599,1.0,-3.0,success
2552,0.2931196093559265,0.2695016860961914,-0.0002213330881204456,0.03234904259443283,0.03234904259443283,1.0,-3.0,success
2553,0.2921089231967926,0.26980704069137573,-0.0002212093531852588,0.03299396112561226,0.03299396112561226,1.0,3.0,success
2554,0.291097491979599,0.2701100707054138,-0.00022121235087979585,0.032995328307151794,0.032995328307151794,1.0,3.0,success
2555,0.2900853753089905,0.2704107463359833,-0.00022124420502223074,0.032994817942380905,0.032994817942380905,1.0,3.0,success
2556,0.28907254338264465,0.2707090973854065,-0.00022129587887320668,0.03299564868211746,0.03299564868211746,1.0,3.0,success
2557,0.2880590260028839,0.27100518345832825,-0.00022136321058496833,0.0329962782561779,0.0329962782561779,1.0,3.0,success
2558,0.28704485297203064,0.27129897475242615,-0.00022144305694382638,0.03299592062830925,0.03299592062830925,1.0,3.0,success
2559,0.2860494554042816,0.27158600091934204,-0.00022161095694173127,0.03237355872988701,0.03237355872988701,1.0,-3.0,success
2560,0.2850557267665863,0.27187567949295044,-0.0002216474385932088,0.03234654664993286,0.03234654664993286,1.0,-3.0,success
2561,0.28404250741004944,0.27217257022857666,-0.00022155865735840052,0.03299440070986748,0.03299440070986748,1.0,3.0,success
2562,0.28302857279777527,0.2724671959877014,-0.00022158984211273491,0.032996028661727905,0.032996028661727905,1.0,3.0,success
2563,0.28201398253440857,0.27275949716567993,-0.00022164423717185855,0.032995522022247314,0.032995522022247314,1.0,3.0,success
2564,0.28099873661994934,0.2730495035648346,-0.00022171394084580243,0.03299544006586075,0.03299544006586075,1.0,3.0,success
2565,0.28000226616859436,0.273332804441452,-0.00022187401191331446,0.03237374126911163,0.03237374126911163,1.0,-3.0,success
2566,0.27900809049606323,0.27361854910850525,-0.0002177589340135455,0.03232603892683983,0.032325781881809235,1.0,-3.0,success
2567,0.2780134081840515,0.27390703558921814,-0.0002183528122259304,0.03236476704478264,0.03236475959420204,1.0,-3.0,success
2568,0.27699992060661316,0.27420246601104736,-0.00021893288067076355,0.03298964351415634,0.03298963978886604,1.0,3.0,success
2569,0.2759857177734375,0.27449560165405273,-0.0002195067936554551,0.03299112245440483,0.03299111872911453,1.0,3.0,success
2570,0.27497079968452454,0.27478644251823425,-0.00021999565069563687,0.03299276530742645,0.032992761582136154,1.0,3.0,success
2571,0.27395519614219666,0.2750749886035919,-0.00022041285410523415,0.03299368545413017,0.03299368545413017,1.0,3.0,success
2572,0.27293893694877625,0.2753612697124481,-0.0002207725337939337,0.03299413248896599,0.03299413248896599,1.0,3.0,success
2573,0.2719220221042633,0.27564528584480286,-0.00022108621487859637,0.032994747161865234,0.032994747161865234,1.0,3.0,success
2574,0.2709044814109802,0.2759270668029785,-0.0002213630941696465,0.03299487382173538,0.03299487382173538,1.0,3.0,success
2575,0.269886314868927,0.2762066423892975,-0.0002216105640400201,0.03299540653824806,0.03299540653824806,1.0,3.0,success
2576,0.26888707280158997,0.2764797806739807,-0.000221912661800161,0.0323718786239624,0.0323718786239624,1.0,-3.0,success
2577,0.2678893208503723,0.27675560116767883,-0.00022205535788089037,0.03234919533133507,0.03234919533133507,1.0,-3.0,success
2578,0.2668922543525696,0.2770341634750366,-0.0002221342147095129,0.032351501286029816,0.032351501286029816,1.0,-3.0,success
2579,0.26589587330818176,0.27731531858444214,-0.00022216844081413,0.03235277906060219,0.03235277906060219,1.0,-3.0,success
2580,0.26488012075424194,0.2776033878326416,-0.00022208529117051512,0.0329940989613533,0.0329940989613533,1.0,3.0,success
2581,0.2638636529445648,0.27788910269737244,-0.00022212033218238503,0.032995615154504776,0.032995615154504776,1.0,3.0,success
2582,0.26284652948379517,0.27817246317863464,-0.00022217791411094368,0.032995522022247314,0.032995522022247314,1.0,3.0,success
2583,0.261828750371933,0.27845343947410583,-0.00022225028078537434,0.032995354384183884,0.032995354384183884,1.0,3.0,success
2584,0.26081031560897827,0.27873215079307556,-0.00022233430354390293,0.03299634903669357,0.032996345311403275,1.0,3.0,success
2585,0.2597912549972534,0.27900856733322144,-0.00022242761042434722,0.032996367663145065,0.032996367663145065,1.0,3.0,success
2586,0.25879108905792236,0.2792785167694092,-0.0002226064243586734,0.032373618334531784,0.032373618334531784,1.0,-3.0,success
2587,0.25777214765548706,0.2795553207397461,-0.00022256957890931517,0.03299594670534134,0.03299594670534134,1.0,3.0,success
2588,0.256752610206604,0.27982988953590393,-0.00022263568826019764,0.03299568593502045,0.03299568593502045,1.0,3.0,success
2589,0.2557324469089508,0.2801021933555603,-0.00022271779016591609,0.032996248453855515,0.032996248453855515,1.0,3.0,success
2590,0.2547311782836914,0.2803681194782257,-0.00022288787295110524,0.032374389469623566,0.032374389469623566,1.0,-3.0,success
2591,0.2537314295768738,0.280636727809906,-0.00022292544599622488,0.03235013037919998,0.03235013037919998,1.0,-3.0,success
2592,0.2527121305465698,0.2809121012687683,-0.00022283830912783742,0.03299504518508911,0.03299504518508911,1.0,3.0,success
2593,0.2516922056674957,0.28118520975112915,-0.0002228704688604921,0.03299554064869881,0.03299554064869881,1.0,3.0,success
2594,0.2506716251373291,0.28145596385002136,-0.0002229257661383599,0.032996393740177155,0.032996393740177155,1.0,3.0,success
2595,0.24967001378536224,0.281720370054245,-0.00022307495237328112,0.03237258642911911,0.03237258642911911,1.0,-3.0,success
2596,0.24864956736564636,0.28199148178100586,-0.0002230136888101697,0.03299521282315254,0.03299521282315254,1.0,3.0,success
2597,0.24762849509716034,0.28226029872894287,-0.00022306050232145935,0.03299578279256821,0.03299578279256821,1.0,3.0,success
2598,0.24662640690803528,0.2825228273868561,-0.00022320602147374302,0.03237207233905792,0.03237207233905792,1.0,-3.0,success
2599,0.24562565982341766,0.2827880084514618,-0.0002232230472145602,0.032352663576602936,0.032352663576602936,1.0,-3.0,success
2600,0.2446054071187973,0.28305983543395996,-0.0002231202379334718,0.032995108515024185,0.03299510478973389,1.0,3.0,success
2601,0.2435845285654068,0.2833293676376343,-0.0002231395337730646,0.03299563005566597,0.03299563005566597,1.0,3.0,success
2602,0.24256300926208496,0.28359654545783997,-0.00022318458650261164,0.032996296882629395,0.032996296882629395,1.0,3.0,success
2603,0.24156050384044647,0.28385743498802185,-0.0002233258419437334,0.032371748238801956,0.032371748238801956,1.0,-3.0,success
2604,0.24055930972099304,0.28412094712257385,-0.0002233392879134044,0.032352857291698456,0.032352857291698456,1.0,-3.0,success
2605,0.23953860998153687,0.2843910753726959,-0.00022323358280118555,0.032994985580444336,0.032994985580444336,1.0,3.0,success
2606,0.23851728439331055,0.28465893864631653,-0.00022325056488625705,0.03299586474895477,0.03299586474895477,1.0,3.0,success
2607,0.2374953329563141,0.2849244177341461,-0.00022329376952257007,0.03299597278237343,0.03299597278237343,1.0,3.0,success
2608,0.23647277057170868,0.28518757224082947,-0.00022335474204737693,0.032996270805597305,0.032996270805597305,1.0,3.0,success
2609,0.23544961214065552,0.28544843196868896,-0.0002234297280665487,0.0329965204000473,0.0329965204000473,1.0,3.0,success
2610,0.23444540798664093,0.2857031226158142,-0.00022359396098181605,0.03237495943903923,0.03237495943903923,1.0,-3.0,success
2611,0.23344264924526215,0.28596049547195435,-0.0002236267609987408,0.032351911067962646,0.032351911067962646,1.0,-3.0,success
2612,0.23242032527923584,0.28622445464134216,-0.00022353602980729192,0.03299533575773239,0.03299533575773239,1.0,3.0,success
2613,0.23139739036560059,0.28648611903190613,-0.00022356517729349434,0.03299597650766373,0.03299597650766373,1.0,3.0,success
2614,0.23039348423480988,0.28674158453941345,-0.0002236971486127004,0.032371893525123596,0.032371893525123596,1.0,-3.0,success
2615,0.22937063872814178,0.2870035171508789,-0.00022362169693224132,0.03299534693360329,0.03299534693360329,1.0,3.0,success
2616,0.2283669114112854,0.2872593402862549,-0.00022373693354893476,0.03236923739314079,0.03236923739314079,1.0,-3.0,success
2617,0.22734415531158447,0.2875215709209442,-0.000223650160478428,0.03299495205283165,0.03299495205283165,1.0,3.0,success
2618,0.2263207882642746,0.2877815067768097,-0.00022367725614458323,0.03299571946263313,0.03299571946263313,1.0,3.0,success
2619,0.22529681026935577,0.28803911805152893,-0.00022372834791895002,0.03299642726778984,0.03299642726778984,1.0,3.0,success
2620,0.2242722511291504,0.28829440474510193,-0.000223795635974966,0.03299639746546745,0.03299639746546745,1.0,3.0,success
2621,0.22326670587062836,0.2885436415672302,-0.000223954048124142,0.03237416222691536,0.03237415850162506,1.0,-3.0,success
2622,0.22224226593971252,0.2887992858886719,-0.00022390040976461023,0.03299548849463463,0.03299548849463463,1.0,3.0,success
2623,0.22121724486351013,0.28905269503593445,-0.0002239533350802958,0.0329962782561779,0.0329962782561779,1.0,3.0,success
2624,0.22019164264202118,0.28930380940437317,-0.00022402501781471074,0.032996777445077896,0.032996777445077896,1.0,3.0,success
2625,0.21916548907756805,0.28955259919166565,-0.00022410879319068044,0.032996319234371185,0.032996319234371185,1.0,3.0,success
2626,0.21813876926898956,0.28979915380477905,-0.00022420207096729428,0.03299713879823685,0.03299713879823685,1.0,3.0,success
2627,0.21713104844093323,0.2900398373603821,-0.0002243805065518245,0.03237701579928398,0.03237701579928398,1.0,-3.0,success
2628,0.2161247283220291,0.2902832329273224,-0.0002244248171336949,0.032354261726140976,0.032354261726140976,1.0,-3.0,success
2629,0.21511901915073395,0.2905293405056,-0.00022442468616645783,0.032355744391679764,0.032355744391679764,1.0,-3.0,success
2630,0.21409377455711365,0.29078173637390137,-0.0002243142807856202,0.032995473593473434,0.032995473593473434,1.0,3.0,success
2631,0.2130679488182068,0.2910318374633789,-0.0002243274648208171,0.0329960472881794,0.0329960472881794,1.0,3.0,success
2632,0.21206122636795044,0.29127591848373413,-0.0002244469797005877,0.03237152472138405,0.03237152472138405,1.0,-3.0,success
2633,0.21103546023368835,0.2915262281894684,-0.00022436125436797738,0.03299578279256821,0.03299578279256821,1.0,3.0,success
2634,0.2100091129541397,0.2917742133140564,-0.0002243888156954199,0.0329962894320488,0.0329962894320488,1.0,3.0,success
2635,0.2089821994304657,0.2920198440551758,-0.00022444032947532833,0.03299630060791969,0.03299630060791969,1.0,3.0,success
2636,0.207974374294281,0.2922596335411072,-0.0002245866198791191,0.032373711466789246,0.032373711466789246,1.0,-3.0,success
2637,0.20696774125099182,0.2925020456314087,-0.00022460367472376674,0.03235655650496483,0.03235655650496483,1.0,-3.0,success
2638,0.2059616893529892,0.2927471101284027,-0.00022458269086200744,0.03235841915011406,0.03235841915011406,1.0,-3.0,success
2639,0.2049361914396286,0.29299843311309814,-0.00022445562353823334,0.03299516439437866,0.03299516439437866,1.0,3.0,success
2640,0.20391008257865906,0.29324740171432495,-0.00022445511422120035,0.0329962819814682,0.0329962819814682,1.0,3.0,success
2641,0.20288339257240295,0.29349395632743835,-0.00022448446543421596,0.03299623355269432,0.03299623355269432,1.0,3.0,success
2642,0.2018561214208603,0.29373815655708313,-0.0002245344949187711,0.03299679607152939,0.03299679607152939,1.0,3.0,success
2643,0.20082829892635345,0.2939800024032593,-0.00022460086620412767,0.03299662843346596,0.03299662843346596,1.0,3.0,success
2644,0.19981953501701355,0.2942160665988922,-0.00022475839068647474,0.0323755256831646,0.0323755256831646,1.0,-3.0,success
2645,0.19881203770637512,0.29445481300354004,-0.00022478512255474925,0.03235621005296707,0.03235621005296707,1.0,-3.0,success
2646,0.19780512154102325,0.29469624161720276,-0.00022477145830634981,0.03235797956585884,0.03235797956585884,1.0,-3.0,success
2647,0.19679880142211914,0.2949402928352356,-0.00022473136777989566,0.032359085977077484,0.032359085977077484,1.0,-3.0,success
2648,0.19577303528785706,0.2951905429363251,-0.00022458909370470792,0.03299533948302269,0.03299533948302269,1.0,3.0,success
2649,0.19474665820598602,0.29543837904930115,-0.00022457633167505264,0.032996103167533875,0.032996103167533875,1.0,3.0,success
2650,0.19371968507766724,0.2956838011741638,-0.00022459588944911957,0.03299659490585327,0.03299659490585327,1.0,3.0,success
2651,0.19269214570522308,0.2959268391132355,-0.0002246381191071123,0.03299657627940178,0.03299657627940178,1.0,3.0,success
2652,0.19166405498981476,0.2961675524711609,-0.00022469826217275113,0.032996706664562225,0.032996706664562225,1.0,3.0,success
2653,0.19065502285957336,0.2964024543762207,-0.00022485092631541193,0.032375432550907135,0.032375432550907135,1.0,-3.0,success
2654,0.18964724242687225,0.296640008687973,-0.00022487365640699863,0.03235625475645065,0.03235625475645065,1.0,-3.0,success
2655,0.1886400282382965,0.2968802750110626,-0.00022485684894490987,0.03235859051346779,0.03235859051346779,1.0,-3.0,success
2656,0.1876133382320404,0.2971266806125641,-0.00022473314311355352,0.03299514576792717,0.03299514576792717,1.0,3.0,success
2657,0.18658603727817535,0.2973707616329193,-0.00022473539866041392,0.03299684450030327,0.03299684450030327,1.0,3.0,success
2658,0.18555818498134613,0.29761239886283875,-0.00022476697631645948,0.0329960435628891,0.0329960435628891,1.0,3.0,success
2659,0.18452975153923035,0.29785171151161194,-0.00022481881023850292,0.03299718722701073,0.03299718722701073,1.0,3.0,success
2660,0.18352043628692627,0.2980852425098419,-0.00022496502788271755,0.032374363392591476,0.032374363392591476,1.0,-3.0,success
2661,0.1825122833251953,0.298321396112442,-0.0002249822427984327,0.03235757350921631,0.03235757350921631,1.0,-3.0,success
2662,0.18148459494113922,0.29856371879577637,-0.00022488043759949505,0.03299596905708313,0.03299596905708313,1.0,3.0,success
2663,0.18045635521411896,0.2988037168979645,-0.00022490008268505335,0.032996147871017456,0.032996147871017456,1.0,3.0,success
2664,0.17942754924297333,0.29904136061668396,-0.000224945557420142,0.03299674764275551,0.03299674764275551,1.0,3.0,success
2665,0.1784178763628006,0.29927322268486023,-0.00022508707479573786,0.032373540103435516,0.032373540103435516,1.0,-3.0,success
2666,0.17740929126739502,0.2995077669620514,-0.00022510009875986725,0.0323592908680439,0.0323592908680439,1.0,-3.0,success
2667,0.1763812154531479,0.29974839091300964,-0.00022499533952213824,0.032995615154504776,0.032995615154504776,1.0,3.0,success
2668,0.1753525733947754,0.29998669028282166,-0.00022501246712636203,0.032996371388435364,0.032996371388435364,1.0,3.0,success
2669,0.17432337999343872,0.30022260546684265,-0.00022505593369714916,0.03299643471837044,0.03299643471837044,1.0,3.0,success
2670,0.17331331968307495,0.3004528284072876,-0.00022519592312164605,0.03237392008304596,0.03237392008304596,1.0,-3.0,success
2671,0.17230433225631714,0.30068567395210266,-0.00022520752099808306,0.03235956281423569,0.03235956281423569,1.0,-3.0,success
2672,0.17127586901187897,0.3009245991706848,-0.00022510183043777943,0.032995350658893585,0.032995350658893585,1.0,3.0,success
2673,0.17024682462215424,0.3011611998081207,-0.00022511814313475043,0.03299668803811073,0.03299668803811073,1.0,3.0,success
2674,0.16921722888946533,0.3013954162597656,-0.00022516095486935228,0.03299687057733536,0.03299687057733536,1.0,3.0,success
2675,0.1682068109512329,0.3016239404678345,-0.0002253004495287314,0.03237306326627731,0.03237306326627731,1.0,-3.0,success
2676,0.16719742119312286,0.3018551170825958,-0.00022531153808813542,0.03236012905836105,0.03236012905836105,1.0,-3.0,success
2677,0.16616854071617126,0.3020923137664795,-0.00022520558559335768,0.03299587219953537,0.03299587219953537,1.0,3.0,success
2678,0.1651391088962555,0.3023272156715393,-0.00022522163635585457,0.032996635884046555,0.032996635884046555,1.0,3.0,success
2679,0.16410912573337555,0.3025597035884857,-0.00022526424436364323,0.03299674391746521,0.03299674391746521,1.0,3.0,success
2680,0.16307860612869263,0.3027898371219635,-0.0002253249112982303,0.03299698233604431,0.03299698233604431,1.0,3.0,success
2681,0.1620672345161438,0.3030143976211548,-0.00022547808475792408,0.03237506002187729,0.03237506002187729,1.0,-3.0,success
2682,0.16105695068836212,0.30324164032936096,-0.00022550055291503668,0.03236016631126404,0.03236016631126404,1.0,-3.0,success
2683,0.1600472331047058,0.30347156524658203,-0.00022548403649125248,0.032361410558223724,0.032361410558223724,1.0,-3.0,success
2684,0.15901805460453033,0.30370745062828064,-0.00022536094184033573,0.03299577161669731,0.03299576789140701,1.0,3.0,success
2685,0.1579883098602295,0.3039409816265106,-0.00022536329925060272,0.03299666568636894,0.03299666568636894,1.0,3.0,success
2686,0.15695802867412567,0.3041720986366272,-0.0002253949933219701,0.03299642354249954,0.03299642354249954,1.0,3.0,success
2687,0.15592719614505768,0.30440086126327515,-0.00022544697276316583,0.03299722075462341,0.03299722075462341,1.0,3.0,success
2688,0.15491552650928497,0.3046240508556366,-0.00022559332137461752,0.03237489238381386,0.03237489238381386,1.0,-3.0,success
2689,0.15390491485595703,0.30484986305236816,-0.00022561020159628242,0.03236038237810135,0.03236038237810135,1.0,-3.0,success
2690,0.15287479758262634,0.30508166551589966,-0.00022550889116246253,0.03299612179398537,0.03299612179398537,1.0,3.0,success
2691,0.15184414386749268,0.3053111135959625,-0.00022552859445568174,0.03299641236662865,0.03299641236662865,1.0,3.0,success
2692,0.15081293880939484,0.30553820729255676,-0.00022557415650226176,0.03299732506275177,0.03299732506275177,1.0,3.0,success
2693,0.14980094134807587,0.3057597577571869,-0.00022571574663743377,0.032373905181884766,0.032373905181884766,1.0,-3.0,success
2694,0.1487899124622345,0.30598393082618713,-0.000225728377699852,0.03236198052763939,0.03236198052763939,1.0,-3.0,success
2695,0.14775942265987396,0.30621403455734253,-0.00022562408412341028,0.03299586847424507,0.03299586847424507,1.0,3.0,success
2696,0.14672838151454926,0.3064417839050293,-0.00022564124083146453,0.03299673646688461,0.03299673646688461,1.0,3.0,success
2697,0.14569681882858276,0.30666717886924744,-0.00022568476560991257,0.03299686685204506,0.03299686685204506,1.0,3.0,success
2698,0.1446647346019745,0.30689018964767456,-0.00022574620379600674,0.032996974885463715,0.032996974885463715,1.0,3.0,success
2699,0.1436518281698227,0.3071077764034271,-0.0002258999738842249,0.03237541392445564,0.03237541392445564,1.0,-3.0,success
2700,0.1426399201154709,0.3073280155658722,-0.00022592266032006592,0.0323624350130558,0.0323624350130558,1.0,-3.0,success
2701,0.14162856340408325,0.30755096673965454,-0.00022590653679799289,0.03236373886466026,0.03236373886466026,1.0,-3.0,success
2702,0.14059779047966003,0.3077797591686249,-0.00022578398056793958,0.03299560025334358,0.03299560025334358,1.0,3.0,success
2703,0.13956645131111145,0.3080061972141266,-0.00022578654170501977,0.032997019588947296,0.032997019588947296,1.0,3.0,success
2704,0.1385543793439865,0.3082270324230194,-0.00022589776199311018,0.0323714055120945,0.0323714055120945,1.0,-3.0,success
2705,0.1375231146812439,0.30845364928245544,-0.00022580515360459685,0.03299594670534134,0.03299594670534134,1.0,3.0,success
2706,0.1365111917257309,0.30867475271224976,-0.00022590717708226293,0.03236864507198334,0.03236864507198334,1.0,-3.0,success
2707,0.13547997176647186,0.3089016377925873,-0.00022580931545235217,0.03299637883901596,0.03299637883901596,1.0,3.0,success
2708,0.13444823026657104,0.3091261684894562,-0.00022582784004043788,0.03299657627940178,0.03299657627940178,1.0,3.0,success
2709,0.13341596722602844,0.30934831500053406,-0.00022587226703763008,0.03299674391746521,0.03299674391746521,1.0,3.0,success
2710,0.13240297138690948,0.309565007686615,-0.0002260132459923625,0.03237228840589523,0.03237228840589523,1.0,-3.0,success
2711,0.13137079775333405,0.30978748202323914,-0.00022594482288695872,0.03299616649746895,0.03299616649746895,1.0,3.0,success
2712,0.13035798072814941,0.3100045621395111,-0.00022606574930250645,0.03236936032772064,0.03236936032772064,1.0,-3.0,success
2713,0.12932586669921875,0.3102273643016815,-0.00022598337091039866,0.03299650549888611,0.03299650549888611,1.0,3.0,success
2714,0.1282932609319687,0.3104478418827057,-0.0002260142209706828,0.0329962857067585,0.0329962857067585,1.0,3.0,success
2715,0.12726011872291565,0.31066596508026123,-0.00022606851416639984,0.03299739956855774,0.03299739956855774,1.0,3.0,success
2716,0.1262264996767044,0.31088176369667053,-0.00022613859619013965,0.03299706056714058,0.03299706056714058,1.0,3.0,success
2717,0.12521211802959442,0.3110922574996948,-0.00022629930754192173,0.03237472474575043,0.03237472474575043,1.0,-3.0,success
2718,0.12419860810041428,0.311305433511734,-0.0002263268397655338,0.03236519917845726,0.03236519917845726,1.0,-3.0,success
2719,0.1231856420636177,0.3115213215351105,-0.00022631511092185974,0.03236612677574158,0.03236612677574158,1.0,-3.0,success
2720,0.12215328216552734,0.31174296140670776,-0.00022619646915700287,0.03299637511372566,0.03299637511372566,1.0,3.0,success
2721,0.12112090736627579,0.3119613230228424,-0.00022200055536814034,0.03297574073076248,0.03297547996044159,1.0,3.0,success
2722,0.12010820209980011,0.31217482686042786,-0.00022273499052971601,0.032342709600925446,0.03234270215034485,1.0,-3.0,success
2723,0.11909466981887817,0.3123910129070282,-0.00022342271404340863,0.03238537907600403,0.03238537162542343,1.0,-3.0,success
2724,0.11806244403123856,0.3126128017902374,-0.00022388022625818849,0.03299325704574585,0.03299325704574585,1.0,3.0,success
2725,0.11702968925237656,0.3128322958946228,-0.00022434369020629674,0.03299444168806076,0.03299443796277046,1.0,3.0,success
2726,0.11599641293287277,0.31304943561553955,-0.00022474399884231389,0.03299517184495926,0.03299516811966896,1.0,3.0,success
2727,0.11498280614614487,0.31326133012771606,-0.00022517140314448625,0.03235994651913643,0.03235994279384613,1.0,-3.0,success
2728,0.1139693483710289,0.3134758770465851,-0.00022540701320394874,0.032372452318668365,0.032372452318668365,1.0,-3.0,success
2729,0.11293672025203705,0.31369611620903015,-0.00022548585548065603,0.03299541026353836,0.03299541026353836,1.0,3.0,success
2730,0.11192367970943451,0.3139110505580902,-0.0002257288433611393,0.032362207770347595,0.0323622040450573,1.0,-3.0,success
2731,0.11089110374450684,0.3141315281391144,-0.00022574189642909914,0.032995373010635376,0.032995373010635376,1.0,3.0,success
2732,0.10985800623893738,0.3143497109413147,-0.00022584994439966977,0.032996419817209244,0.032996419817209244,1.0,3.0,success
2733,0.10882439464330673,0.3145654797554016,-0.0002259660541312769,0.03299663960933685,0.03299663960933685,1.0,3.0,success
2734,0.10779029130935669,0.3147788941860199,-0.00022608559811487794,0.03299673646688461,0.032996732741594315,1.0,3.0,success
2735,0.10677552223205566,0.31498709321022034,-0.00022628642909694463,0.032372090965509415,0.032372090965509415,1.0,-3.0,success
2736,0.10574150830507278,0.3152008652687073,-0.00022626577992923558,0.03299625962972641,0.03299625962972641,1.0,3.0,success
2737,0.10472692549228668,0.31540945172309875,-0.00022642500698566437,0.032368823885917664,0.032368823885917664,1.0,-3.0,success
2738,0.10369298607110977,0.31562361121177673,-0.00022637312940787524,0.03299643471837044,0.03299643471837044,1.0,3.0,success
2739,0.10267852991819382,0.31583255529403687,-0.00022650836035609245,0.032367199659347534,0.032367199659347534,1.0,-3.0,success
2740,0.10166449099779129,0.3160441219806671,-0.0002265156217617914,0.032371070235967636,0.032371070235967636,1.0,-3.0,success
2741,0.10063119977712631,0.31626132130622864,-0.00022641036775894463,0.032996006309986115,0.032996006309986115,1.0,3.0,success
2742,0.09959738701581955,0.31647613644599915,-0.00022642560361418873,0.03299672156572342,0.03299671784043312,1.0,3.0,success
2743,0.0985630676150322,0.31668853759765625,-0.00022646762954536825,0.03299696370959282,0.03299696370959282,1.0,3.0,success
2744,0.09752826392650604,0.3168985843658447,-0.00022652794723398983,0.03299707546830177,0.03299707546830177,1.0,3.0,success
2745,0.09649297595024109,0.31710630655288696,-0.0002266027295263484,0.03299753740429878,0.03299753740429878,1.0,3.0,success
2746,0.09547695517539978,0.31730884313583374,-0.00022676716616842896,0.03237535059452057,0.03237535059452057,1.0,-3.0,success
2747,0.09446171671152115,0.3175140917301178,-0.00022679746325593442,0.03236806020140648,0.03236806020140648,1.0,-3.0,success
2748,0.0934470146894455,0.31772205233573914,-0.0002267881645821035,0.03236854076385498,0.03236854076385498,1.0,-3.0,success
2749,0.09243284165859222,0.31793269515037537,-0.00022675137734040618,0.03236928582191467,0.03236928582191467,1.0,-3.0,success
2750,0.09139934182167053,0.3181488811969757,-0.0002266127848997712,0.03299589082598686,0.03299589082598686,1.0,3.0,success
2751,0.09036530554294586,0.31836265325546265,-0.0002266017982037738,0.03299694135785103,0.03299694135785103,1.0,3.0,success
2752,0.0893307700753212,0.3185739815235138,-0.00022662289848085493,0.03299684822559357,0.03299684822559357,1.0,3.0,success
2753,0.08829573541879654,0.3187829256057739,-0.00022666652512270957,0.032997310161590576,0.032997310161590576,1.0,3.0,success
2754,0.08726022392511368,0.31898951530456543,-0.00022672797786071897,0.03299744427204132,0.03299744427204132,1.0,3.0,success
2755,0.08624394237995148,0.31919094920158386,-0.00022688174794893712,0.03237662464380264,0.03237662464380264,1.0,-3.0,success
2756,0.08522848039865494,0.3193950355052948,-0.00022690382320433855,0.032367732375860214,0.032367732375860214,1.0,-3.0,success
2757,0.08421354740858078,0.3196018636226654,-0.0002268877433380112,0.03236852586269379,0.03236852586269379,1.0,-3.0,success
2758,0.08317923545837402,0.3198142349720001,-0.00022676578373648226,0.03299655020236969,0.03299655020236969,1.0,3.0,success
2759,0.08214442431926727,0.32002419233322144,-0.00022676819935441017,0.03299674764275551,0.03299674764275551,1.0,3.0,success
2760,0.08110911399126053,0.32023176550865173,-0.0002268000243930146,0.03299730643630028,0.03299730643630028,1.0,3.0,success
2761,0.08007332682609558,0.320436954498291,-0.00022685222211293876,0.032997358590364456,0.032997358590364456,1.0,3.0,success
2762,0.07905679196119308,0.3206369876861572,-0.00022699881810694933,0.03237590938806534,0.03237590566277504,1.0,-3.0,success
2763,0.0780210942029953,0.3208425045013428,-0.00022693572100251913,0.032996613532304764,0.032996613532304764,1.0,3.0,success
2764,0.07700478285551071,0.3210429251194,-0.00022706032905261964,0.0323713943362236,0.0323713943362236,1.0,-3.0,success
2765,0.07598898559808731,0.3212459981441498,-0.0002270600525662303,0.03237178176641464,0.03237178176641464,1.0,-3.0,success
2766,0.07495390623807907,0.32145458459854126,-0.00022694843937642872,0.032996468245983124,0.032996468245983124,1.0,3.0,success
2767,0.07391832768917084,0.3216607868671417,-0.00022695855295751244,0.03299713134765625,0.03299713134765625,1.0,3.0,success
2768,0.0728822723031044,0.3218645751476288,-0.0002269964898005128,0.03299710527062416,0.03299710527062416,1.0,3.0,success
2769,0.07184574753046036,0.3220660090446472,-0.00022705357696395367,0.032997384667396545,0.032997384667396545,1.0,3.0,success
2770,0.0708087608218193,0.322265088558197,-0.0002271258126711473,0.032997600734233856,0.032997600734233856,1.0,3.0,success
2771,0.06977133452892303,0.322461873292923,-0.00022721014101989567,0.032997652888298035,0.032997652888298035,1.0,3.0,success
2772,0.06875316053628922,0.32265371084213257,-0.00022738180996384472,0.03237777203321457,0.03237777203321457,1.0,-3.0,success
2773,0.0677357092499733,0.32284826040267944,-0.00022741792781744152,0.032371386885643005,0.032371386885643005,1.0,-3.0,success
2774,0.06671875715255737,0.323045551776886,-0.00022741344582755119,0.03237227723002434,0.03237227723002434,1.0,-3.0,success
2775,0.06570233404636383,0.3232455551624298,-0.0002273804711876437,0.032372307032346725,0.032372307032346725,1.0,-3.0,success
2776,0.06466661393642426,0.3234509229660034,-0.00022724532755091786,0.032996390014886856,0.032996390014886856,1.0,3.0,success
2777,0.06363039463758469,0.3236538767814636,-0.00022723674192093313,0.03299710899591446,0.03299710899591446,1.0,3.0,success
2778,0.06259369105100632,0.32385438680648804,-0.0002272597630508244,0.03299737721681595,0.03299737721681595,1.0,3.0,success
2779,0.06155652552843094,0.32405251264572144,-0.00022730497585143894,0.0329974889755249,0.032997485250234604,1.0,3.0,success
2780,0.06051890179514885,0.3242482542991638,-0.00022736773826181889,0.03299766033887863,0.03299765661358833,1.0,3.0,success
2781,0.05948084220290184,0.32444167137145996,-0.00022744452871847898,0.03299766033887863,0.03299766033887863,1.0,3.0,success
2782,0.05846203491091728,0.3246302008628845,-0.0002276102313771844,0.03237825259566307,0.03237825259566307,1.0,-3.0,success
2783,0.05744390934705734,0.324821412563324,-0.00022764144523534924,0.032372668385505676,0.032372668385505676,1.0,-3.0,success
2784,0.0564262755215168,0.3250153958797455,-0.00022763317974749953,0.03237367421388626,0.03237367421388626,1.0,-3.0,success
2785,0.05538936331868172,0.3252147138118744,-0.00022751813230570406,0.03299672156572342,0.03299672156572342,1.0,3.0,success
2786,0.05435197427868843,0.3254116177558899,-0.00022752548102289438,0.03299720585346222,0.03299720585346222,1.0,3.0,success
2787,0.053333964198827744,0.32560351490974426,-0.00022764042660128325,0.032373085618019104,0.032373085618019104,1.0,-3.0,success
2788,0.052296631038188934,0.32580065727233887,-0.00022755097597837448,0.03299688175320625,0.03299688175320625,1.0,3.0,success
2789,0.051258835941553116,0.32599541544914246,-0.00022757569968234748,0.03299723565578461,0.03299723565578461,1.0,3.0,success
2790,0.050220590084791183,0.3261878192424774,-0.00022762520529795438,0.03299759700894356,0.03299759700894356,1.0,3.0,success
2791,0.04918190836906433,0.32637786865234375,-0.00022769156203139573,0.03299766778945923,0.03299766778945923,1.0,3.0,success
2792,0.04816257953643799,0.3265630602836609,-0.00022784947941545397,0.03237546980381012,0.03237546980381012,1.0,-3.0,success
2793,0.04714371636509895,0.3267509937286377,-0.00022787315538153052,0.03237658366560936,0.03237658366560936,1.0,-3.0,success
2794,0.04612535238265991,0.3269416093826294,-0.00022785973851568997,0.03237655758857727,0.03237655758857727,1.0,-3.0,success
2795,0.0450877882540226,0.3271375000476837,-0.00022774090757593513,0.03299669176340103,0.03299669176340103,1.0,3.0,success
2796,0.04404975473880768,0.327331006526947,-0.0002277447929373011,0.03299737349152565,0.03299737349152565,1.0,3.0,success
2797,0.043011266738176346,0.3275220990180969,-0.00022777779668103904,0.03299759700894356,0.03299759700894356,1.0,3.0,success
2798,0.041972339153289795,0.3277107775211334,-0.00022783101303502917,0.03299754485487938,0.03299754485487938,1.0,3.0,success
2799,0.040952764451503754,0.3278946578502655,-0.0002279785694554448,0.03237573057413101,0.03237573057413101,1.0,-3.0,success
2800,0.039933621883392334,0.3280811905860901,-0.00022799386351834983,0.03237726166844368,0.03237726166844368,1.0,-3.0,success
2801,0.03889528289437294,0.3282729685306549,-0.00022789557988289744,0.032996904104948044,0.032996904104948044,1.0,3.0,success
2802,0.03785649314522743,0.3284623920917511,-0.00022791570518165827,0.03299747407436371,0.03299747407436371,1.0,3.0,success
2803,0.036817263811826706,0.3286494016647339,-0.0002279616892337799,0.03299754485487938,0.03299754485487938,1.0,3.0,success
2804,0.03577760234475136,0.32883405685424805,-0.00022802528110332787,0.03299788758158684,0.03299788758158684,1.0,3.0,success
2805,0.03475731611251831,0.32901397347450256,-0.0002281809865962714,0.03237587586045265,0.032375872135162354,1.0,-3.0,success
2806,0.03373739495873451,0.32919660210609436,-0.0002282025379827246,0.03237946704030037,0.03237946704030037,1.0,-3.0,success
2807,0.03269832581281662,0.32938438653945923,-0.0002281098859384656,0.03299691900610924,0.03299691900610924,1.0,3.0,success
2808,0.03165881335735321,0.32956981658935547,-0.0002281342603964731,0.03299754858016968,0.03299754858016968,1.0,3.0,success
2809,0.030618872493505478,0.3297528624534607,-0.00022818363504484296,0.0329977311193943,0.0329977311193943,1.0,3.0,success
2810,0.029598351567983627,0.32993119955062866,-0.0002283285284647718,0.032374560832977295,0.032374560832977295,1.0,-3.0,success
2811,0.028578072786331177,0.3301122188568115,-0.0002283406793139875,0.03238164260983467,0.03238164260983467,1.0,-3.0,success
2812,0.027538703754544258,0.3302983343601227,-0.00022824120242148638,0.03299690783023834,0.03299690783023834,1.0,3.0,success
2813,0.02649889513850212,0.3304820954799652,-0.00022825984342489392,0.03299754485487938,0.03299754485487938,1.0,3.0,success
2814,0.02545865811407566,0.33066344261169434,-0.0002283046196680516,0.03299769014120102,0.03299769014120102,1.0,3.0,success
2815,0.02441800758242607,0.33084243535995483,-0.00022836726566310972,0.03299786522984505,0.03299786522984505,1.0,3.0,success
2816,0.023396773263812065,0.33101680874824524,-0.00022852235997561365,0.03237544372677803,0.03237544372677803,1.0,-3.0,success
2817,0.022375740110874176,0.33119386434555054,-0.0002285426016896963,0.03238346427679062,0.03238346427679062,1.0,-3.0,success
2818,0.02133565954864025,0.33137598633766174,-0.0002284501097165048,0.03299704194068909,0.03299703821539879,1.0,3.0,success
2819,0.020295150578022003,0.3315557539463043,-0.00022847409127280116,0.03299762308597565,0.03299762308597565,1.0,3.0,success
2820,0.019254224374890327,0.3317331373691559,-0.00022852314577903599,0.032997868955135345,0.032997868955135345,1.0,3.0,success
2821,0.018232759088277817,0.33190590143203735,-0.00022866787912789732,0.03237413614988327,0.03237413614988327,1.0,-3.0,success
2822,0.01721137762069702,0.3320813477039337,-0.0002286791568621993,0.03238563984632492,0.03238563984632492,1.0,-3.0,success
2823,0.016190489754080772,0.33225950598716736,-0.0002286572998855263,0.03238489478826523,0.03238489478826523,1.0,-3.0,success
2824,0.01515059731900692,0.33244267106056213,-0.0002285326481796801,0.03299688547849655,0.03299688547849655,1.0,3.0,success
2825,0.014110262505710125,0.3326234519481659,-0.00022853078553453088,0.03299766778945923,0.03299766778945923,1.0,3.0,success
2826,0.013069501146674156,0.3328017592430115,-0.00022855919087305665,0.03299765661358833,0.03299765661358833,1.0,3.0,success
2827,0.012028325349092484,0.33297768235206604,-0.00022860879835207015,0.03299792855978012,0.03299792855978012,1.0,3.0,success
2828,0.010986749082803726,0.333151251077652,-0.0002286751550855115,0.03299809247255325,0.03299809247255325,1.0,3.0,success
2829,0.009964594617486,0.3333202600479126,-0.00022883307246956974,0.03237602114677429,0.03237602114677429,1.0,-3.0,success
2830,0.008942545391619205,0.3334920108318329,-0.00022885527869220823,0.032386865466833115,0.032386865466833115,1.0,-3.0,success
2831,0.007920979522168636,0.33366647362709045,-0.00022884205100126565,0.03238613158464432,0.03238613158464432,1.0,-3.0,success
2832,0.006880430970340967,0.33384591341018677,-0.00022872457338962704,0.032997094094753265,0.032997094094753265,1.0,3.0,success
2833,0.005839452613145113,0.3340229392051697,-0.0002287282986799255,0.032997600734233856,0.032997600734233856,1.0,3.0,success
2834,0.004798057489097118,0.3341975510120392,-0.00022876117145642638,0.03299788385629654,0.03299788385629654,1.0,3.0,success
2835,0.003756258636713028,0.3343697488307953,-0.00022881434415467083,0.032997939735651016,0.032997939735651016,1.0,3.0,success
2836,0.0027339088264852762,0.33453744649887085,-0.0002289620169904083,0.03237538784742355,0.03237538784742355,1.0,-3.0,success
2837,0.0017115758964791894,0.3347078263759613,-0.00022897553571965545,0.032388538122177124,0.032388538122177124,1.0,-3.0,success
2838,0.0006703194230794907,0.3348831236362457,-0.0002288789692102,0.03299715742468834,0.03299715742468834,1.0,3.0,success
2839,-0.0003713504411280155,0.3350560665130615,-0.00022889905085321516,0.03299776837229729,0.03299776837229729,1.0,3.0,success
2840,-0.0014134225202724338,0.3352265954017639,-0.00022894500580150634,0.03299789875745773,0.03299789875745773,1.0,3.0,success
2841,-0.0024359882809221745,0.33539265394210815,-0.00022908736718818545,0.03237379342317581,0.03237379342317581,1.0,-3.0,success
2842,-0.0034586754627525806,0.3355613648891449,-0.00022909579274710268,0.03239092975854874,0.03239092975854874,1.0,-3.0,success
2843,-0.004500215407460928,0.3357349634170532,-0.00022899603936821222,0.03299712762236595,0.03299712762236595,1.0,3.0,success
2844,-0.005542166531085968,0.3359062373638153,-0.00022901323973201215,0.032997939735651016,0.032997939735651016,1.0,3.0,success
2845,-0.006564550567418337,0.3360729515552521,-0.00022913620341569185,0.03237148001790047,0.03237148001790047,1.0,-3.0,success
2846,-0.007587175350636244,0.33624228835105896,-0.00022912844724487513,0.032392192631959915,0.032392192631959915,1.0,-3.0,success
2847,-0.008628610521554947,0.3364165127277374,-0.00022901622287463397,0.032997116446495056,0.032997116446495056,1.0,3.0,success
2848,-0.009670461528003216,0.3365883529186249,-0.00022902328055351973,0.032997727394104004,0.032997727394104004,1.0,3.0,success
2849,-0.010712717659771442,0.33675774931907654,-0.00022905880177859217,0.03299788013100624,0.03299788013100624,1.0,3.0,success
2850,-0.011735416017472744,0.33692267537117004,-0.0002291931741638109,0.032372232526540756,0.032372232526540756,1.0,-3.0,success
2851,-0.012758353725075722,0.33709025382995605,-0.00022919448383618146,0.03239291161298752,0.03239291161298752,1.0,-3.0,success
2852,-0.013780798763036728,0.33726057410240173,-0.00022916594753041863,0.03239168971776962,0.03239168971776962,1.0,-3.0,success
2853,-0.014822077006101608,0.3374357223510742,-0.00022903677017893642,0.03299706056714058,0.03299706056714058,1.0,3.0,success
2854,-0.015863779932260513,0.3376084566116333,-0.0002290303527843207,0.03299771994352341,0.03299771994352341,1.0,3.0,success
2855,-0.01690589264035225,0.3377787172794342,-0.00022905514924786985,0.03299780189990997,0.03299780189990997,1.0,3.0,success
2856,-0.017928479239344597,0.33794447779655457,-0.00022918095055501908,0.03237294405698776,0.03237294405698776,1.0,-3.0,success
2857,-0.01895125024020672,0.33811289072036743,-0.00022917575552128255,0.032391998916864395,0.032391998916864395,1.0,-3.0,success
2858,-0.019992846995592117,0.3382861316204071,-0.0002290653355885297,0.03299704194068909,0.03299704194068909,1.0,3.0,success
2859,-0.021034859120845795,0.33845701813697815,-0.00022907387756276876,0.03299785777926445,0.03299785777926445,1.0,3.0,success
2860,-0.022077269852161407,0.3386254608631134,-0.00022911059204488993,0.03299788385629654,0.03299788385629654,1.0,3.0,success
2861,-0.02312006987631321,0.33879151940345764,-0.0002291668497491628,0.03299809247255325,0.03299809247255325,1.0,3.0,success
2862,-0.024143343791365623,0.3389531970024109,-0.0002293171564815566,0.03237399086356163,0.03237399086356163,1.0,-3.0,success
2863,-0.02516685239970684,0.33911752700805664,-0.00022933146101422608,0.03239427134394646,0.03239427134394646,1.0,-3.0,success
2864,-0.02618987485766411,0.33928462862968445,-0.00022931330022402108,0.03239312022924423,0.03239312022924423,1.0,-3.0,success
2865,-0.027212388813495636,0.33945441246032715,-0.00022926928068045527,0.03239106386899948,0.03239106386899948,1.0,-3.0,success
2866,-0.02823440358042717,0.33962681889533997,-0.0002292044518981129,0.03238920494914055,0.03238920494914055,1.0,-3.0,success
2867,-0.029275326058268547,0.3398040235042572,-0.00022904538491275162,0.03299681842327118,0.03299681842327118,1.0,3.0,success
2868,-0.030316688120365143,0.33997878432273865,-0.00022901540796738118,0.03299763798713684,0.03299763798713684,1.0,3.0,success
2869,-0.031358473002910614,0.3401510417461395,-0.0002290213742526248,0.03299781307578087,0.03299781307578087,1.0,3.0,success
2870,-0.03240066394209862,0.3403208553791046,-0.00022905308287590742,0.032997965812683105,0.032997965812683105,1.0,3.0,success
2871,-0.03342338651418686,0.34048616886138916,-0.00022918390459381044,0.03237491101026535,0.03237490728497505,1.0,-3.0,success
2872,-0.034446198493242264,0.3406541347503662,-0.0002291834243806079,0.03239099308848381,0.03239099308848381,1.0,-3.0,success
2873,-0.03548787161707878,0.34082692861557007,-0.00022907627862878144,0.03299710527062416,0.03299710527062416,1.0,3.0,success
2874,-0.03650994598865509,0.34099525213241577,-0.00022916749003343284,0.03237006440758705,0.03237006440758705,1.0,-3.0,success
2875,-0.037532318383455276,0.3411661386489868,-0.00022913682914804667,0.032392360270023346,0.032392360270023346,1.0,-3.0,success
2876,-0.0385734960436821,0.34134188294410706,-0.00022900645853951573,0.03299705684185028,0.03299705684185028,1.0,3.0,success
2877,-0.039615094661712646,0.3415152132511139,-0.00022899897885508835,0.032997556030750275,0.032997556030750275,1.0,3.0,success
2878,-0.04065711051225662,0.34168609976768494,-0.00022902288765180856,0.032997976988554,0.032997976988554,1.0,3.0,success
2879,-0.041679561138153076,0.34185245633125305,-0.00022914815053809434,0.03237173706293106,0.03237173706293106,1.0,-3.0,success
2880,-0.04270224645733833,0.3420214354991913,-0.00022914214059710503,0.0323922336101532,0.0323922336101532,1.0,-3.0,success
2881,-0.043724436312913895,0.3421931266784668,-0.00022910773986950517,0.03239089250564575,0.03239089250564575,1.0,-3.0,success
2882,-0.04474611207842827,0.3423674702644348,-0.0002290507109137252,0.03238888829946518,0.03238888829946518,1.0,-3.0,success
2883,-0.045786693692207336,0.342546671628952,-0.00022889795945957303,0.03299684822559357,0.03299684822559357,1.0,3.0,success
2884,-0.04682771861553192,0.34272342920303345,-0.00022887304658070207,0.032997630536556244,0.032997630536556244,1.0,3.0,success
2885,-0.04786916822195053,0.3428976833820343,-0.0002288830728502944,0.03299771621823311,0.03299771621823311,1.0,3.0,success
2886,-0.04891102388501167,0.34306952357292175,-0.0002289179974468425,0.032997868955135345,0.032997868955135345,1.0,3.0,success
2887,-0.04995327815413475,0.3432389795780182,-0.00022897266899235547,0.03299812600016594,0.03299812600016594,1.0,3.0,success
2888,-0.05097607523202896,0.3434039354324341,-0.00022912146232556552,0.03237542510032654,0.03237542510032654,1.0,-3.0,success
2889,-0.05199892818927765,0.34357160329818726,-0.00022913557768333703,0.03239075094461441,0.03239075094461441,1.0,-3.0,success
2890,-0.05302129685878754,0.3437419831752777,-0.00022911650012247264,0.03238964080810547,0.03238964080810547,1.0,-3.0,success
2891,-0.054062556475400925,0.34391725063323975,-0.00022899478790350258,0.03299710154533386,0.03299710154533386,1.0,3.0,success
2892,-0.05510424077510834,0.3440901041030884,-0.00022899462783243507,0.03299775719642639,0.03299775719642639,1.0,3.0,success
2893,-0.05614633113145828,0.3442605137825012,-0.00022902441560290754,0.03299786522984505,0.03299786522984505,1.0,3.0,success
2894,-0.057188812643289566,0.34442853927612305,-0.00022907514357939363,0.032997991889715195,0.032997991889715195,1.0,3.0,success
2895,-0.05821181833744049,0.3445921242237091,-0.00022922091011423618,0.032375071197748184,0.032375071197748184,1.0,-3.0,success
2896,-0.05923495441675186,0.34475836157798767,-0.0002292322024004534,0.03239228203892708,0.03239228203892708,1.0,-3.0,success
2897,-0.06025760620832443,0.3449273407459259,-0.0002292111748829484,0.032391201704740524,0.032391201704740524,1.0,-3.0,success
2898,-0.06127975508570671,0.34509900212287903,-0.00022916487068869174,0.03238947317004204,0.03238947317004204,1.0,-3.0,success
2899,-0.0623014010488987,0.34527328610420227,-0.00022909822291694582,0.03238765895366669,0.03238765522837639,1.0,-3.0,success
2900,-0.06334199756383896,0.3454524278640747,-0.00022893752611707896,0.03299699351191521,0.03299699351191521,1.0,3.0,success
2901,-0.06438303738832474,0.34562909603118896,-0.00022890642867423594,0.03299762308597565,0.03299762308597565,1.0,3.0,success
2902,-0.06542450189590454,0.34580326080322266,-0.00022891152184456587,0.03299771249294281,0.03299771249294281,1.0,3.0,success
2903,-0.06644650548696518,0.34597280621528625,-0.0002290216216351837,0.03237410634756088,0.03237410634756088,1.0,-3.0,success
2904,-0.0674685388803482,0.3461449444293976,-0.00022900471230968833,0.03238838538527489,0.03238838538527489,1.0,-3.0,success
2905,-0.06850949674844742,0.34632202982902527,-0.00022888371313456446,0.03299728408455849,0.03299728408455849,1.0,3.0,success
2906,-0.06955087929964066,0.34649667143821716,-0.00022888420789968222,0.032997649163007736,0.032997649163007736,1.0,3.0,success
2907,-0.07059267163276672,0.34666889905929565,-0.00022891450498718768,0.032997891306877136,0.032997891306877136,1.0,3.0,success
2908,-0.07161495089530945,0.34683656692504883,-0.00022904457000549883,0.032373059540987015,0.032373059540987015,1.0,-3.0,success
2909,-0.07263734936714172,0.3470068871974945,-0.00022904312936589122,0.032390251755714417,0.032390251755714417,1.0,-3.0,success
2910,-0.0736592635512352,0.34717991948127747,-0.00022901188640389591,0.03238936886191368,0.03238936886191368,1.0,-3.0,success
2911,-0.07470006495714188,0.347357839345932,-0.00022888020612299442,0.03299684822559357,0.03299684822559357,1.0,3.0,success
2912,-0.07574129849672318,0.34753334522247314,-0.00022887212981004268,0.03299753740429878,0.03299753740429878,1.0,3.0,success
2913,-0.0767829567193985,0.3477063775062561,-0.0002288955874973908,0.032997868955135345,0.032997868955135345,1.0,3.0,success
2914,-0.07780510932207108,0.34787487983703613,-0.00022902026830706745,0.03237338736653328,0.03237338736653328,1.0,-3.0,success
2915,-0.07884670794010162,0.3480481505393982,-0.0002289384137839079,0.0329972505569458,0.0329972505569458,1.0,3.0,success
2916,-0.07986865192651749,0.3482169508934021,-0.00022904919751454145,0.03236846625804901,0.03236846625804901,1.0,-3.0,success
2917,-0.0808909460902214,0.3483883738517761,-0.00022903371427673846,0.032392717897892,0.032392717897892,1.0,-3.0,success
2918,-0.08191272616386414,0.34856247901916504,-0.00022899241594132036,0.03239084780216217,0.03239084780216217,1.0,-3.0,success
2919,-0.08295334130525589,0.34874147176742554,-0.0002288528048666194,0.0329967737197876,0.0329967737197876,1.0,3.0,success
2920,-0.08399439603090286,0.34891805052757263,-0.00022883810743223876,0.03299761563539505,0.03299761563539505,1.0,3.0,success
2921,-0.08503587543964386,0.34909215569496155,-0.00022885626822244376,0.032997868955135345,0.032997868955135345,1.0,3.0,success
2922,-0.08607775717973709,0.3492638170719147,-0.00022889769752509892,0.03299776464700699,0.03299776464700699,1.0,3.0,success
2923,-0.08712003380060196,0.34943312406539917,-0.0002289575495524332,0.032998066395521164,0.032998066395521164,1.0,3.0,success
2924,-0.08814282715320587,0.3495979607105255,-0.00022911051928531379,0.03237471729516983,0.03237471729516983,1.0,-3.0,success
2925,-0.08916571736335754,0.34976550936698914,-0.00022912771964911371,0.032391298562288284,0.032391298562288284,1.0,-3.0,success
2926,-0.09018811583518982,0.3499357998371124,-0.0002291112905368209,0.03239009901881218,0.03239009901881218,1.0,-3.0,success
2927,-0.0912293940782547,0.3501109480857849,-0.00022899176110513508,0.03299706056714058,0.03299706056714058,1.0,3.0,success
2928,-0.09227108955383301,0.3502837121486664,-0.0002289933036081493,0.03299764543771744,0.03299764543771744,1.0,3.0,success
2929,-0.09331319481134415,0.35045403242111206,-0.000229024444706738,0.032997872680425644,0.032997872680425644,1.0,3.0,success
2930,-0.09433580189943314,0.3506198227405548,-0.0002291551063535735,0.03237372636795044,0.03237372636795044,1.0,-3.0,success
2931,-0.09535855054855347,0.35078829526901245,-0.0002291541313752532,0.03239160776138306,0.03239160776138306,1.0,-3.0,success
2932,-0.09640013426542282,0.3509616255760193,-0.00022904688376002014,0.032997097820043564,0.032997097820043564,1.0,3.0,success
2933,-0.0974421352148056,0.3511325716972351,-0.00022905803052708507,0.032997820526361465,0.032997820526361465,1.0,3.0,success
2934,-0.09848453104496002,0.35130107402801514,-0.0002290968259330839,0.03299771994352341,0.03299771994352341,1.0,3.0,success
2935,-0.0995073989033699,0.3514651656150818,-0.000229233643040061,0.03237332031130791,0.03237332031130791,1.0,-3.0,success
2936,-0.1005304828286171,0.35163187980651855,-0.00022923709184397012,0.032393068075180054,0.032393068075180054,1.0,-3.0,success
2937,-0.10157236456871033,0.3518034517765045,-0.00022913403518032283,0.032997310161590576,0.032997310161590576,1.0,3.0,success
2938,-0.10261464864015579,0.35197263956069946,-0.00022914832516107708,0.032997701317071915,0.032997701317071915,1.0,3.0,success
2939,-0.1036573275923729,0.352139413356781,-0.00022918960894457996,0.03299788013100624,0.03299788013100624,1.0,3.0,success
2940,-0.10468045622110367,0.35230177640914917,-0.00022932846331968904,0.0323728546500206,0.0323728546500206,1.0,-3.0,success
2941,-0.10570386797189713,0.3524668216705322,-0.00022933319269213825,0.032394830137491226,0.032394830137491226,1.0,-3.0,success
2942,-0.10674603283405304,0.3526366353034973,-0.00022923166397958994,0.03299716114997864,0.03299716114997864,1.0,3.0,success
2943,-0.10778860002756119,0.35280412435531616,-0.00022924695804249495,0.032997969537973404,0.032997969537973404,1.0,3.0,success
2944,-0.10883155465126038,0.3529691696166992,-0.00022928905673325062,0.03299789875745773,0.03299789875745773,1.0,3.0,success
2945,-0.10985493659973145,0.3531298339366913,-0.00022942859504837543,0.03237240016460419,0.03237240016460419,1.0,-3.0,success
2946,-0.11087867617607117,0.35329315066337585,-0.0002294335572514683,0.03239639103412628,0.03239639103412628,1.0,-3.0,success
2947,-0.1119019165635109,0.3534592092037201,-0.0002294084260938689,0.03239460289478302,0.03239460289478302,1.0,-3.0,success
2948,-0.11294391751289368,0.35363006591796875,-0.00022928240650799125,0.03299736604094505,0.03299736604094505,1.0,3.0,success
2949,-0.11396630108356476,0.3537963926792145,-0.00022935832384973764,0.032369520515203476,0.032369520515203476,1.0,-3.0,success
2950,-0.11498907208442688,0.35396528244018555,-0.0002293149591423571,0.032394424080848694,0.032394424080848694,1.0,-3.0,success
2951,-0.11603059619665146,0.35413897037506104,-0.0002291749115101993,0.032997097820043564,0.032997097820043564,1.0,3.0,success
2952,-0.11705244332551956,0.3543080687522888,-0.00022924007498659194,0.032367002218961716,0.032367002218961716,1.0,-3.0,success
2953,-0.11807473748922348,0.35447973012924194,-0.00022918758622836322,0.03239395096898079,0.03239395096898079,1.0,-3.0,success
2954,-0.11909651756286621,0.3546540141105652,-0.00022911702399142087,0.03239178657531738,0.03239178657531738,1.0,-3.0,success
2955,-0.12013711035251617,0.35483309626579285,-0.00022895366419106722,0.032996565103530884,0.032996561378240585,1.0,3.0,success
2956,-0.12117815762758255,0.35500970482826233,-0.00022891986009199172,0.03299754485487938,0.03299754485487938,1.0,3.0,success
2957,-0.12221962213516235,0.35518383979797363,-0.0002289227704750374,0.03299755975604057,0.03299755975604057,1.0,3.0,success
2958,-0.12326150387525558,0.35535553097724915,-0.0002289520198246464,0.032997917383909225,0.032997917383909225,1.0,3.0,success
2959,-0.12430378794670105,0.35552480816841125,-0.00022900216572452337,0.03299814835190773,0.03299814835190773,1.0,3.0,success
2960,-0.12534645199775696,0.35569170117378235,-0.0002290689735673368,0.03299801051616669,0.03299801051616669,1.0,3.0,success
2961,-0.1263696402311325,0.35585421323776245,-0.0002292273857165128,0.03237542510032654,0.03237542510032654,1.0,-3.0,success
2962,-0.1273929327726364,0.35601940751075745,-0.000229248937102966,0.03239189460873604,0.03239189460873604,1.0,-3.0,success
2963,-0.12841574847698212,0.3561873733997345,-0.00022923602955415845,0.03239110857248306,0.03239110857248306,1.0,-3.0,success
2964,-0.12945742905139923,0.35636019706726074,-0.00022911948326509446,0.0329974889755249,0.0329974889755249,1.0,3.0,success
2965,-0.13047952950000763,0.35652846097946167,-0.00022920321498531848,0.032370567321777344,0.032370567321777344,1.0,-3.0,success
2966,-0.13150189816951752,0.3566993176937103,-0.00022916686430107802,0.03239209204912186,0.03239209204912186,1.0,-3.0,success
2967,-0.13254308700561523,0.3568750023841858,-0.00022903161880094558,0.03299708664417267,0.03299708664417267,1.0,3.0,success
2968,-0.13358469307422638,0.35704827308654785,-0.00022902026830706745,0.032997481524944305,0.032997481524944305,1.0,3.0,success
2969,-0.13462671637535095,0.35721907019615173,-0.00022904110664967448,0.03299775347113609,0.03299775347113609,1.0,3.0,success
2970,-0.13566914200782776,0.3573874533176422,-0.00022908468963578343,0.03299804776906967,0.03299804776906967,1.0,3.0,success
2971,-0.1367119550704956,0.3575534522533417,-0.00022914627334102988,0.03299820423126221,0.03299820423126221,1.0,3.0,success
2972,-0.1377551406621933,0.3577170968055725,-0.00022922223433852196,0.0329982191324234,0.0329982191324234,1.0,3.0,success
2973,-0.13879868388175964,0.3578784465789795,-0.00022930967679712921,0.032998226583004,0.032998226583004,1.0,3.0,success
2974,-0.13982275128364563,0.35803550481796265,-0.00022948425612412393,0.03237628564238548,0.03237628564238548,1.0,-3.0,success
2975,-0.14084704220294952,0.35819530487060547,-0.00022951832215767354,0.032396286725997925,0.032396286725997925,1.0,-3.0,success
2976,-0.1418900489807129,0.3583598732948303,-0.0002294405276188627,0.03299718722701073,0.03299718722701073,1.0,3.0,success
2977,-0.1429334580898285,0.35852211713790894,-0.00022947463730815798,0.03299836441874504,0.03299836441874504,1.0,3.0,success
2978,-0.143957257270813,0.35868003964424133,-0.00022961082868278027,0.03237210586667061,0.03237210586667061,1.0,-3.0,success
2979,-0.1449815183877945,0.35884061455726624,-0.00022961282229516655,0.03239911049604416,0.03239911049604416,1.0,-3.0,success
2980,-0.1460052728652954,0.3590039014816284,-0.00022958569752518088,0.03239670768380165,0.03239670768380165,1.0,-3.0,success
2981,-0.1470477432012558,0.35917192697525024,-0.00022945835371501744,0.03299764543771744,0.03299764543771744,1.0,3.0,success
2982,-0.14809060096740723,0.35933753848075867,-0.00022945267846807837,0.03299768269062042,0.03299768269062042,1.0,3.0,success
2983,-0.1491338610649109,0.3595006763935089,-0.0002294780279044062,0.03299807012081146,0.03299807012081146,1.0,3.0,success
2984,-0.1501774936914444,0.35966140031814575,-0.000229525234317407,0.03299800679087639,0.03299800679087639,1.0,3.0,success
2985,-0.15120157599449158,0.35981783270835876,-0.00022966852702666074,0.032373785972595215,0.032373785972595215,1.0,-3.0,success
2986,-0.152226060628891,0.35997694730758667,-0.00022967641416471452,0.032398972660303116,0.032398972660303116,1.0,-3.0,success
2987,-0.1532500684261322,0.36013877391815186,-0.00022965381504036486,0.03239736706018448,0.03239736706018448,1.0,-3.0,success
2988,-0.1542927622795105,0.3603053092956543,-0.00022953016741666943,0.032997164875268936,0.032997164875268936,1.0,3.0,success
2989,-0.15533585846424103,0.36046943068504333,-0.0002295274316566065,0.032997772097587585,0.032997772097587585,1.0,3.0,success
2990,-0.1563793420791626,0.3606311082839966,-0.0002295551385032013,0.03299795463681221,0.03299795463681221,1.0,3.0,success
2991,-0.1574232131242752,0.3607904016971588,-0.00022960423666518182,0.032998595386743546,0.032998595386743546,1.0,3.0,success
2992,-0.15846744179725647,0.36094728112220764,-0.0002296702441526577,0.03299834951758385,0.03299834951758385,1.0,3.0,success
2993,-0.1594921052455902,0.3610999584197998,-0.00022982823429629207,0.03237423673272133,0.03237423673272133,1.0,-3.0,success
2994,-0.1605362594127655,0.3612571954727173,-0.00022977357730269432,0.03299770876765251,0.03299770876765251,1.0,3.0,success
2995,-0.16156066954135895,0.36141031980514526,-0.0002299058687640354,0.03236846998333931,0.03236846998333931,1.0,-3.0,success
2996,-0.16260474920272827,0.3615679442882538,-0.0002298316831002012,0.032997217029333115,0.032997217029333115,1.0,3.0,success
2997,-0.16364920139312744,0.36172327399253845,-0.00022986967815086246,0.03299809992313385,0.03299809992313385,1.0,3.0,success
2998,-0.16469401121139526,0.3618761897087097,-0.00022992995218373835,0.03299814835190773,0.03299814835190773,1.0,3.0,success
2999,-0.16571907699108124,0.3620249927043915,-0.00023008444986771792,0.03236905857920647,0.03236905857920647,1.0,-3.0,success
3000,-0.16674505174160004,0.3621765077114105,-0.00023009823053143919,0.032409440726041794,0.032409440726041794,1.0,-3.0,success
3001,-0.16778936982154846,0.3623325824737549,-0.00023000877990853041,0.032997388392686844,0.032997388392686844,1.0,3.0,success
3002,-0.16883406043052673,0.362486332654953,-0.0002300318010384217,0.03299824893474579,0.03299824893474579,1.0,3.0,success
3003,-0.16987910866737366,0.3626376688480377,-0.0002300800260854885,0.03299840912222862,0.03299840912222862,1.0,3.0,success
3004,-0.17092449963092804,0.3627866208553314,-0.00023014552425593138,0.03299841284751892,0.03299841284751892,1.0,3.0,success
3005,-0.17195017635822296,0.3629315197467804,-0.00023030371812637895,0.032370660454034805,0.032370660454034805,1.0,-3.0,success
3006,-0.17297683656215668,0.36307910084724426,-0.0002303205692442134,0.03241291269659996,0.03241291269659996,1.0,-3.0,success
3007,-0.1740029901266098,0.3632294833660126,-0.00023030755983199924,0.03240982070565224,0.03240982070565224,1.0,-3.0,success
3008,-0.17504748702049255,0.3633843660354614,-0.00023019335640128702,0.03299742937088013,0.03299742937088013,1.0,3.0,success
3009,-0.17609235644340515,0.36353686451911926,-0.00023019645595923066,0.03299810364842415,0.03299810364842415,1.0,3.0,success
3010,-0.1771375834941864,0.3636868894100189,-0.0002302287903148681,0.03299809247255325,0.03299809247255325,1.0,3.0,success
3011,-0.1781831681728363,0.36383453011512756,-0.00023028159921523184,0.03299865126609802,0.03299865126609802,1.0,3.0,success
3012,-0.17922908067703247,0.3639797866344452,-0.00023035061894915998,0.0329984687268734,0.0329984687268734,1.0,3.0,success
3013,-0.1802753210067749,0.3641226887702942,-0.00023043258988764137,0.03299857676029205,0.03299857676029205,1.0,3.0,success
3014,-0.18130187690258026,0.3642616868019104,-0.00023060354578774422,0.0323726087808609,0.0323726087808609,1.0,-3.0,success
3015,-0.18232955038547516,0.3644033968448639,-0.00023063011758495122,0.032418686896562576,0.032418686896562576,1.0,-3.0,success
3016,-0.18335673213005066,0.36454787850379944,-0.00023062554828356951,0.03241541236639023,0.03241541236639023,1.0,-3.0,success
3017,-0.18440210819244385,0.36469683051109314,-0.0002305189991602674,0.03299795463681221,0.03299795463681221,1.0,3.0,success
3018,-0.1854478269815445,0.36484336853027344,-0.00023052742471918464,0.03299800679087639,0.03299800679087639,1.0,3.0,success
3019,-0.1864939033985138,0.36498749256134033,-0.0002305639791302383,0.03299868851900101,0.03299868851900101,1.0,3.0,success
3020,-0.18754030764102936,0.3651292026042938,-0.00023062019317876548,0.03299863263964653,0.03299863263964653,1.0,3.0,success
3021,-0.18856698274612427,0.36526694893836975,-0.00023077103833202273,0.03237107768654823,0.03237107768654823,1.0,-3.0,success
3022,-0.18959492444992065,0.36540737748146057,-0.00023078074445948005,0.0324215441942215,0.0324215404689312,1.0,-3.0,success
3023,-0.19062237441539764,0.36555060744285583,-0.00023076325305737555,0.03241828829050064,0.03241828829050064,1.0,-3.0,success
3024,-0.19166792929172516,0.3656982183456421,-0.00023064653214532882,0.032997600734233856,0.032997600734233856,1.0,3.0,success
3025,-0.19271385669708252,0.36584341526031494,-0.00023064645938575268,0.032998669892549515,0.032998669892549515,1.0,3.0,success
3026,-0.19376011192798615,0.3659861385822296,-0.0002306762180523947,0.032998282462358475,0.032998282462358475,1.0,3.0,success
3027,-0.19480669498443604,0.3661264479160309,-0.0002307270042365417,0.03299832344055176,0.03299832344055176,1.0,3.0,success
3028,-0.19583211839199066,0.36626288294792175,-0.00022670395264867693,0.03232712298631668,0.03232687711715698,1.0,-3.0,success
3029,-0.19686199724674225,0.3664020597934723,-0.0002273099380545318,0.0324762687087059,0.032476261258125305,1.0,-3.0,success
3030,-0.19790805876255035,0.36654534935951233,-0.00022792861273046583,0.03299468755722046,0.03299468010663986,1.0,3.0,success
3031,-0.1989544928073883,0.36668631434440613,-0.00022851953690405935,0.032996442168951035,0.032996438443660736,1.0,3.0,success
3032,-0.20000125467777252,0.3668248951435089,-0.00022902210184838623,0.032996732741594315,0.032996729016304016,1.0,3.0,success
3033,-0.2010483294725418,0.3669610917568207,-0.00022945097589399666,0.032996732741594315,0.032996729016304016,1.0,3.0,success
3034,-0.20209574699401855,0.3670949339866638,-0.00022982075461186469,0.03299794718623161,0.032997943460941315,1.0,3.0,success
3035,-0.2031225711107254,0.36722514033317566,-0.00023022595269139856,0.032345205545425415,0.03234520182013512,1.0,-3.0,success
3036,-0.20415236055850983,0.3673580586910248,-0.0002304276858922094,0.032447878271341324,0.032447878271341324,1.0,-3.0,success
3037,-0.20519934594631195,0.36749520897865295,-0.00023050259915180504,0.03299781680107117,0.03299781680107117,1.0,3.0,success
3038,-0.20624662935733795,0.3676300346851349,-0.00023065198911353946,0.032997697591781616,0.032997697591781616,1.0,3.0,success
3039,-0.20729424059391022,0.3677624464035034,-0.0002308010880369693,0.03299831598997116,0.03299831598997116,1.0,3.0,success
3040,-0.20834214985370636,0.3678925037384033,-0.0002309472911292687,0.03299840912222862,0.03299840912222862,1.0,3.0,success
3041,-0.20939035713672638,0.3680202066898346,-0.00023109104949980974,0.03299867361783981,0.03299867361783981,1.0,3.0,success
3042,-0.21043884754180908,0.36814558506011963,-0.00023123279970604926,0.03299875557422638,0.03299875557422638,1.0,3.0,success
3043,-0.21148760616779327,0.3682686388492584,-0.0002313729637535289,0.03299853205680847,0.03299853205680847,1.0,3.0,success
3044,-0.21251621842384338,0.36838820576667786,-0.0002315921155968681,0.03236056864261627,0.03236056864261627,1.0,-3.0,success
3045,-0.21354764699935913,0.36851051449775696,-0.0002316477184649557,0.03245797008275986,0.03245797008275986,1.0,-3.0,success
3046,-0.2145959883928299,0.36863699555397034,-0.00023160690034274012,0.03299823775887489,0.03299823775887489,1.0,3.0,success
3047,-0.21564462780952454,0.3687611222267151,-0.00023166243045125157,0.03299875557422638,0.03299875557422638,1.0,3.0,success
3048,-0.21669355034828186,0.36888283491134644,-0.00023173641238827258,0.032998763024806976,0.032998763024806976,1.0,3.0,success
3049,-0.21774274110794067,0.36900219321250916,-0.00023182257427833974,0.032998692244291306,0.032998692244291306,1.0,3.0,success
3050,-0.21879220008850098,0.36911922693252563,-0.00023191831132862717,0.032998889684677124,0.032998889684677124,1.0,3.0,success
3051,-0.21982140839099884,0.36923280358314514,-0.00023210242216009647,0.03235800564289093,0.03235800564289093,1.0,-3.0,success
3052,-0.22085779905319214,0.3693495988845825,-0.0002321093634236604,0.03259221836924553,0.03259221836924553,1.0,-3.0,success
3053,-0.22189664840698242,0.36946964263916016,-0.00023210093786474317,0.03268006816506386,0.03268006816506386,1.0,-3.0,success
3054,-0.22294537723064423,0.3695929944515228,-0.00023204358876682818,0.032998692244291306,0.032998692244291306,1.0,3.0,success
3055,-0.2239943891763687,0.3697139620780945,-0.00023205432808026671,0.032998863607645035,0.032998863607645035,1.0,3.0,success
3056,-0.22504368424415588,0.36983242630958557,-0.00023209114442579448,0.03299878537654877,0.03299878537654877,1.0,3.0,success
3057,-0.22609324753284454,0.36994850635528564,-0.00023214754764921963,0.032998837530612946,0.032998837530612946,1.0,3.0,success
3058,-0.22712263464927673,0.37006109952926636,-0.00023230022634379566,0.03236020356416702,0.03236020356416702,1.0,-3.0,success
3059,-0.2281617820262909,0.37017717957496643,-0.00023227022029459476,0.03267533332109451,0.03267533332109451,1.0,-3.0,success
3060,-0.2292109727859497,0.37029656767845154,-0.00023222276649903506,0.032998792827129364,0.032998792827129364,1.0,3.0,success
3061,-0.23026043176651,0.37041357159614563,-0.00023224340111482888,0.032998789101839066,0.032998789101839066,1.0,3.0,success
3062,-0.2313101589679718,0.37052813172340393,-0.00023228820646181703,0.032998744398355484,0.032998744398355484,1.0,3.0,success
3063,-0.23236015439033508,0.37064027786254883,-0.00023235099797602743,0.03299897909164429,0.03299897909164429,1.0,3.0,success
3064,-0.2333902269601822,0.3707490563392639,-0.00023250751837622374,0.03236875683069229,0.03236875683069229,1.0,-3.0,success
3065,-0.23443745076656342,0.37086212635040283,-0.00023244683688972145,0.03291594609618187,0.03291594609618187,1.0,-3.0,success
3066,-0.23548705875873566,0.3709777593612671,-0.0002324429078726098,0.032998695969581604,0.032998695969581604,1.0,3.0,success
3067,-0.2365369349718094,0.3710910379886627,-0.00023246541968546808,0.032999053597450256,0.032999053597450256,1.0,3.0,success
3068,-0.23756687343120575,0.371200829744339,-0.0002325901878066361,0.03236793354153633,0.03236793354153633,1.0,-3.0,success
3069,-0.2386167049407959,0.3713143467903137,-0.0002325063687749207,0.0329984650015831,0.0329984650015831,1.0,3.0,success
3070,-0.23966680467128754,0.3714255094528198,-0.00023253675317391753,0.03299897164106369,0.03299897164106369,1.0,3.0,success
3071,-0.24071715772151947,0.3715342581272125,-0.0002325910609215498,0.032998986542224884,0.032998986542224884,1.0,3.0,success
3072,-0.24174818396568298,0.3716396689414978,-0.00023273822444025427,0.03238752484321594,0.03238752484321594,1.0,-3.0,success
3073,-0.2427983433008194,0.3717495799064636,-0.00023266342759598047,0.032996729016304016,0.032996729016304016,1.0,-3.0,success
3074,-0.24384832382202148,0.3718618154525757,-0.00023266875359695405,0.032998811453580856,0.032998811453580856,1.0,3.0,success
3075,-0.24489855766296387,0.37197166681289673,-0.00023268754011951387,0.03299884870648384,0.03299884870648384,1.0,3.0,success
3076,-0.24594905972480774,0.372079074382782,-0.00023272892576642334,0.03299933299422264,0.03299933299422264,1.0,3.0,success
3077,-0.24698050320148468,0.3721831738948822,-0.00023286436044145375,0.0323963537812233,0.0323963537812233,1.0,-3.0,success
3078,-0.24803082644939423,0.3722917139530182,-0.000232782811508514,0.03299739211797714,0.03299739211797714,1.0,-3.0,success
3079,-0.2490808218717575,0.3724033832550049,-0.00023276710999198258,0.03299739956855774,0.03299739956855774,1.0,-3.0,success
3080,-0.25013062357902527,0.37251728773117065,-0.00023273899569176137,0.032998841255903244,0.032998841255903244,1.0,3.0,success
3081,-0.2511807084083557,0.37262874841690063,-0.00023272744147107005,0.032999489456415176,0.032999489456415176,1.0,3.0,success
3082,-0.25223103165626526,0.37273773550987244,-0.00023274442355614156,0.03299883008003235,0.03299883008003235,1.0,3.0,success
3083,-0.2532816231250763,0.37284424901008606,-0.00023278490698430687,0.03299928084015846,0.03299928084015846,1.0,3.0,success
3084,-0.25433245301246643,0.37294837832450867,-0.00023284419148694724,0.03299926221370697,0.03299926221370697,1.0,3.0,success
3085,-0.2553834915161133,0.37305012345314026,-0.00023291847901418805,0.03299848735332489,0.03299848735332489,1.0,3.0,success
3086,-0.2564347982406616,0.3731495141983032,-0.0002330047864234075,0.03299982473254204,0.03299982473254204,1.0,3.0,success
3087,-0.2574680745601654,0.37324580550193787,-0.00023317067825701088,0.03242978826165199,0.03242978826165199,1.0,-3.0,success
3088,-0.25851917266845703,0.3733465075492859,-0.00023312315170187503,0.03299722075462341,0.03299722075462341,1.0,-3.0,success
3089,-0.25957009196281433,0.37344956398010254,-0.00023314477584790438,0.03299875557422638,0.03299875557422638,1.0,3.0,success
3090,-0.26062124967575073,0.3735502362251282,-0.0002331763826077804,0.032998982816934586,0.032998982816934586,1.0,3.0,success
3091,-0.2616543471813202,0.3736477196216583,-0.00023329899704549462,0.03242770582437515,0.03242770582437515,1.0,-3.0,success
3092,-0.26270535588264465,0.3737495243549347,-0.00023321600747294724,0.0329977422952652,0.0329977385699749,1.0,-3.0,success
3093,-0.26375603675842285,0.3738544285297394,-0.00023319497995544225,0.03299702703952789,0.03299702703952789,1.0,-3.0,success
3094,-0.2648065686225891,0.37396159768104553,-0.00023316235456150025,0.03299950435757637,0.03299950435757637,1.0,3.0,success
3095,-0.2658573389053345,0.3740662932395935,-0.00023314720601774752,0.03299915790557861,0.03299915790557861,1.0,3.0,success
3096,-0.26690834760665894,0.3741684556007385,-0.00023316132137551904,0.03299881890416145,0.03299881890416145,1.0,3.0,success
3097,-0.2679595947265625,0.37426820397377014,-0.0002331995201529935,0.03299902752041817,0.03299902752041817,1.0,3.0,success
3098,-0.2689931392669678,0.3743647634983063,-0.00023332629643846303,0.032438911497592926,0.032438911497592926,1.0,-3.0,success
3099,-0.270044207572937,0.3744656443595886,-0.00023324978246819228,0.03299682214856148,0.03299682214856148,1.0,-3.0,success
3100,-0.2710951268672943,0.3745688199996948,-0.0002332468138774857,0.03299911692738533,0.03299911692738533,1.0,3.0,success
3101,-0.2721462845802307,0.37466961145401,-0.0002332586736883968,0.03299934044480324,0.03299934044480324,1.0,3.0,success
3102,-0.27319765090942383,0.374767929315567,-0.0002332945296075195,0.03299854323267937,0.03299854323267937,1.0,3.0,success
3103,-0.27424928545951843,0.3748638331890106,-0.00023335011792369187,0.032999951392412186,0.032999951392412186,1.0,3.0,success
3104,-0.27530109882354736,0.3749573528766632,-0.00023342148051597178,0.03299883380532265,0.03299883380532265,1.0,3.0,success
3105,-0.2763531506061554,0.37504851818084717,-0.00023350544506683946,0.03299982100725174,0.03299982100725174,1.0,3.0,success
3106,-0.277388334274292,0.37513676285743713,-0.00023366397363133729,0.032466813921928406,0.032466813921928406,1.0,-3.0,success
3107,-0.2784402072429657,0.37522923946380615,-0.00023362129286397249,0.032997820526361465,0.032997820526361465,1.0,-3.0,success
3108,-0.2794917821884155,0.37532487511634827,-0.00023362711363006383,0.032997336238622665,0.032997336238622665,1.0,-3.0,success
3109,-0.2805432081222534,0.37542280554771423,-0.0002336160105187446,0.03299926966428757,0.03299926966428757,1.0,3.0,success
3110,-0.2815948724746704,0.3755182921886444,-0.00023361809144262224,0.03299969807267189,0.03299969807267189,1.0,3.0,success
3111,-0.2826467454433441,0.3756113052368164,-0.00023364598746411502,0.03299929201602936,0.03299929201602936,1.0,3.0,success
3112,-0.28369882702827454,0.375701904296875,-0.00023369520204141736,0.032999228686094284,0.032999228686094284,1.0,3.0,success
3113,-0.28475111722946167,0.3757900893688202,-0.0002337615005671978,0.03299933671951294,0.03299933671951294,1.0,3.0,success
3114,-0.28580358624458313,0.37587592005729675,-0.000233841419685632,0.032998841255903244,0.032998841255903244,1.0,3.0,success
3115,-0.2868562638759613,0.3759594261646271,-0.00023393223818857223,0.032999519258737564,0.032999519258737564,1.0,3.0,success
3116,-0.28789305686950684,0.37604013085365295,-0.00023409179993905127,0.03249778971076012,0.03249778971076012,1.0,-3.0,success
3117,-0.2889455556869507,0.37612494826316833,-0.0002340584178455174,0.032997213304042816,0.032997213304042816,1.0,-3.0,success
3118,-0.289997935295105,0.37621214985847473,-0.00023408229753840715,0.032999567687511444,0.032999567687511444,1.0,3.0,success
3119,-0.2910504937171936,0.3762969672679901,-0.00023411534493789077,0.03299907222390175,0.03299907222390175,1.0,3.0,success
3120,-0.29210326075553894,0.3763793706893921,-0.00023416811018250883,0.03299959376454353,0.03299959376454353,1.0,3.0,success
3121,-0.2931562066078186,0.37645936012268066,-0.00023423721722792834,0.03299936652183533,0.03299936652183533,1.0,3.0,success
3122,-0.29419368505477905,0.37653663754463196,-0.00023437752679456025,0.032511014491319656,0.032511014491319656,1.0,-3.0,success
3123,-0.2952464818954468,0.3766179084777832,-0.00023433285241480917,0.03299777954816818,0.03299777954816818,1.0,-3.0,success
3124,-0.2962990403175354,0.37670236825942993,-0.00023433106252923608,0.03299817442893982,0.03299817442893982,1.0,-3.0,success
3125,-0.2973514497280121,0.3767890930175781,-0.00023431351291947067,0.03299926966428757,0.03299926966428757,1.0,3.0,success
3126,-0.2984040677547455,0.37687334418296814,-0.00023431042791344225,0.03299950808286667,0.03299950808286667,1.0,3.0,success
3127,-0.2994568645954132,0.3769550919532776,-0.0002343342057429254,0.032998934388160706,0.032998934388160706,1.0,3.0,success
3128,-0.30050987005233765,0.37703442573547363,-0.0002343801606912166,0.0329996794462204,0.0329996794462204,1.0,3.0,success
3129,-0.301547646522522,0.3771109879016876,-0.0002345012326259166,0.0325186513364315,0.0325186513364315,1.0,-3.0,success
3130,-0.3026004731655121,0.37719154357910156,-0.00023444303951691836,0.032996997237205505,0.032996997237205505,1.0,-3.0,success
3131,-0.30365321040153503,0.37727442383766174,-0.00023444391263183206,0.03299983590841293,0.03299983590841293,1.0,3.0,success
3132,-0.3047061264514923,0.37735486030578613,-0.00023445840633939952,0.03299950063228607,0.03299950063228607,1.0,3.0,success
3133,-0.3057592213153839,0.37743285298347473,-0.00023449637228623033,0.03299934044480324,0.03299934044480324,1.0,3.0,success
3134,-0.30679720640182495,0.3775080740451813,-0.00023461047385353595,0.03252209722995758,0.03252209722995758,1.0,-3.0,success
3135,-0.3078501522541046,0.3775872588157654,-0.0002345479151699692,0.03299747034907341,0.03299747034907341,1.0,-3.0,success
3136,-0.3089030086994171,0.3776687681674957,-0.00023454465554095805,0.03300021216273308,0.03300021216273308,1.0,3.0,success
3137,-0.30995601415634155,0.3777478039264679,-0.0002345558168599382,0.03299897909164429,0.03299897909164429,1.0,3.0,success
3138,-0.3110092282295227,0.3778243958950043,-0.000234591105254367,0.032999854534864426,0.032999854534864426,1.0,3.0,success
3139,-0.31204745173454285,0.37789827585220337,-0.00023470245650969446,0.03252652287483215,0.03252652287483215,1.0,-3.0,success
3140,-0.31310051679611206,0.37797605991363525,-0.00023463895195163786,0.03299793228507042,0.03299793228507042,1.0,-3.0,success
3141,-0.31415343284606934,0.378056138753891,-0.00023463430989068002,0.032998647540807724,0.032998647540807724,1.0,3.0,success
3142,-0.3152065575122833,0.3781338036060333,-0.00023464432160835713,0.032999519258737564,0.032999519258737564,1.0,3.0,success
3143,-0.31625986099243164,0.3782089948654175,-0.00023467870778404176,0.03299949690699577,0.03299949690699577,1.0,3.0,success
3144,-0.3173133432865143,0.37828177213668823,-0.0002347331610508263,0.032999783754348755,0.032999783754348755,1.0,3.0,success
3145,-0.31836697459220886,0.3783521354198456,-0.00023480366508010775,0.03299931436777115,0.03299931436777115,1.0,3.0,success
3146,-0.3194062411785126,0.3784199655056,-0.0002349399437662214,0.03254617750644684,0.03254617750644684,1.0,-3.0,success
3147,-0.32045984268188477,0.3784908652305603,-0.00023491676256526262,0.03299950808286667,0.03299950808286667,1.0,3.0,success
3148,-0.3215135931968689,0.378559410572052,-0.0002349716378375888,0.032999295741319656,0.032999295741319656,1.0,3.0,success
3149,-0.32256752252578735,0.3786255717277527,-0.00023504451382905245,0.033000122755765915,0.033000122755765915,1.0,3.0,success
3150,-0.32362157106399536,0.37868937849998474,-0.00023512983170803636,0.03299931064248085,0.03299931064248085,1.0,3.0,success
3151,-0.3246757686138153,0.37875083088874817,-0.00023522498668171465,0.03299959748983383,0.03299959748983383,1.0,3.0,success
3152,-0.3257300853729248,0.37880998849868774,-0.0002353280142415315,0.03299922123551369,0.03299922123551369,1.0,3.0,success
3153,-0.32678455114364624,0.3788668215274811,-0.00023543732822872698,0.032999880611896515,0.032999880611896515,1.0,3.0,success
3154,-0.3278259336948395,0.3789214491844177,-0.00023559789406135678,0.03258794546127319,0.03258794546127319,1.0,-3.0,success
3155,-0.328880250453949,0.37897980213165283,-0.000235591025557369,0.032997824251651764,0.032997824251651764,1.0,-3.0,success
3156,-0.3299345076084137,0.37904053926467896,-0.00023562366550322622,0.0330001637339592,0.0330001637339592,1.0,3.0,success
3157,-0.33098888397216797,0.37909889221191406,-0.0002356632030569017,0.032999683171510696,0.032999683171510696,1.0,3.0,success
3158,-0.3320433795452118,0.3791548013687134,-0.00023572116333525628,0.03299926966428757,0.03299926966428757,1.0,3.0,success
3159,-0.3330869674682617,0.37920862436294556,-0.0002358311612624675,0.032655466347932816,0.032655466347932816,1.0,-3.0,success
3160,-0.334141343832016,0.3792659342288971,-0.00023580287233926356,0.032997895032167435,0.032997895032167435,1.0,-3.0,success
3161,-0.3351956307888031,0.37932562828063965,-0.0002358088968321681,0.03299923613667488,0.03299923613667488,1.0,3.0,success
3162,-0.33625006675720215,0.379382848739624,-0.0002358266938244924,0.03299960494041443,0.03299960494041443,1.0,3.0,success
3163,-0.33730465173721313,0.3794376254081726,-0.0002358672791160643,0.03300020471215248,0.03300020471215248,1.0,3.0,success
3164,-0.33835935592651367,0.3794899582862854,-0.00023592669458594173,0.033000051975250244,0.033000051975250244,1.0,3.0,success
3165,-0.33940979838371277,0.3795406222343445,-0.00023600646818522364,0.03286448493599892,0.03286448493599892,1.0,-3.0,success
3166,-0.3404644727706909,0.37959370017051697,-0.00023602903820574284,0.03300028666853905,0.03300028666853905,1.0,3.0,success
3167,-0.34151923656463623,0.37964439392089844,-0.0002360768849030137,0.03299941122531891,0.03299941122531891,1.0,3.0,success
3168,-0.3425741195678711,0.3796926736831665,-0.00023614220845047385,0.03299959748983383,0.03299959748983383,1.0,3.0,success
3169,-0.3436291217803955,0.37973859906196594,-0.00023622141452506185,0.03300003707408905,0.03300003707408905,1.0,3.0,success
3170,-0.3446842432022095,0.37978217005729675,-0.0002363117237109691,0.0330006442964077,0.0330006442964077,1.0,3.0,success
3171,-0.3457394242286682,0.3798234164714813,-0.00023641088046133518,0.032999590039253235,0.032999586313962936,1.0,3.0,success
3172,-0.3467946946620941,0.37986236810684204,-0.0002365171239944175,0.03299965709447861,0.03299965709447861,1.0,3.0,success
3173,-0.3478500545024872,0.3798989951610565,-0.0002366290136706084,0.03299985080957413,0.03299985080957413,1.0,3.0,success
3174,-0.3489055037498474,0.37993332743644714,-0.00023674542899243534,0.03300023078918457,0.03300023078918457,1.0,3.0,success
3175,-0.3499610126018524,0.3799653649330139,-0.00023686543863732368,0.03299983963370323,0.03299983963370323,1.0,3.0,success
3176,-0.3510166108608246,0.3799951374530792,-0.0002369883586652577,0.03300056234002113,0.03300056234002113,1.0,3.0,success
3177,-0.35207223892211914,0.38002264499664307,-0.00023711356334388256,0.03299957141280174,0.03299957141280174,1.0,3.0,success
3178,-0.35312795639038086,0.38004785776138306,-0.00023724061611574143,0.03300057724118233,0.03300057724118233,1.0,3.0,success
3179,-0.35418370366096497,0.38007083535194397,-0.0002373691531829536,0.0329999141395092,0.0329999141395092,1.0,3.0,success
3180,-0.35523951053619385,0.3800915479660034,-0.00023749885440338403,0.033000312745571136,0.033000312745571136,1.0,3.0,success
3181,-0.3562953472137451,0.3801100254058838,-0.0002376295014983043,0.03299994766712189,0.03299994766712189,1.0,3.0,success
3182,-0.3573512136936188,0.3801262378692627,-0.00023776090529281646,0.03299971669912338,0.03299971669912338,1.0,3.0,success
3183,-0.3584071397781372,0.3801402449607849,-0.00023789290571585298,0.03300059214234352,0.03300059214234352,1.0,3.0,success
3184,-0.35946306586265564,0.38015201687812805,-0.00023802538635209203,0.03299973905086517,0.03299973905086517,1.0,3.0,success
3185,-0.36051905155181885,0.3801615238189697,-0.00023815825989004225,0.0330008901655674,0.0330008901655674,1.0,3.0,success
3186,-0.36157503724098206,0.3801688253879547,-0.00023829143901821226,0.033000338822603226,0.033000338822603226,1.0,3.0,success
3187,-0.36263102293014526,0.3801738917827606,-0.00023842485097702593,0.032999929040670395,0.032999929040670395,1.0,3.0,success
3188,-0.36368703842163086,0.38017669320106506,-0.00023855848121456802,0.03300059959292412,0.03300059959292412,1.0,3.0,success
3189,-0.36474305391311646,0.38017722964286804,-0.0002386922569712624,0.033000487834215164,0.033000487834215164,1.0,3.0,success
3190,-0.36579903960227966,0.38017553091049194,-0.0002388261491432786,0.03299959376454353,0.032999590039253235,1.0,3.0,success
3191,-0.36685505509376526,0.3801715672016144,-0.00023896015773061663,0.03300071507692337,0.03300071507692337,1.0,3.0,success
3192,-0.36791104078292847,0.38016536831855774,-0.0002390942390775308,0.033000119030475616,0.033000119030475616,1.0,3.0,success
3193,-0.3689670264720917,0.38015687465667725,-0.00023922839318402112,0.03300062194466591,0.03300062194466591,1.0,3.0,success
3194,-0.3700229823589325,0.3801461458206177,-0.00023936259094625711,0.03300032392144203,0.03300032392144203,1.0,3.0,success
3195,-0.3710789084434509,0.38013315200805664,-0.00023949681781232357,0.03300018608570099,0.03300018608570099,1.0,3.0,success
3196,-0.37213483452796936,0.38011789321899414,-0.0002396310883341357,0.0330011323094368,0.0330011323094368,1.0,3.0,success
3197,-0.373190701007843,0.3801003396511078,-0.0002397653879597783,0.03300038352608681,0.03300038352608681,1.0,3.0,success
3198,-0.3742465078830719,0.38008052110671997,-0.0002398996875854209,0.03299977630376816,0.03299977630376816,1.0,3.0,success
3199,-0.3753023147583008,0.3800583779811859,-0.00024003401631489396,0.03300122171640396,0.03300122171640396,1.0,3.0,success
3200,-0.3763580322265625,0.380033940076828,-0.00024016834504436702,0.03300000727176666,0.03300000727176666,1.0,3.0,success
3201,-0.37741371989250183,0.38000723719596863,-0.0002403026883257553,0.03300079330801964,0.03300079330801964,1.0,3.0,success
3202,-0.3784693479537964,0.379978209733963,-0.00024043703160714358,0.033000845462083817,0.033000845462083817,1.0,3.0,success
3203,-0.37952491641044617,0.37994688749313354,-0.00024057137488853186,0.03300103172659874,0.03300103172659874,1.0,3.0,success
3204,-0.3805803954601288,0.3799132704734802,-0.00024070571816992015,0.03300044313073158,0.03300044313073158,1.0,3.0,success
3205,-0.3816358149051666,0.37987735867500305,-0.00024084007600322366,0.033000946044921875,0.033000946044921875,1.0,3.0,success
3206,-0.3826911449432373,0.3798392117023468,-0.00024097441928461194,0.03300059959292412,0.03300059959292412,1.0,3.0,success
3207,-0.3837464153766632,0.37979885935783386,-0.00024110876256600022,0.03300129994750023,0.03300129994750023,1.0,3.0,success
3208,-0.38480159640312195,0.37975627183914185,-0.00024124309129547328,0.03300125524401665,0.03300125151872635,1.0,3.0,success
3209,-0.38585665822029114,0.37971147894859314,-0.00024137742002494633,0.03300037980079651,0.03300037980079651,1.0,3.0,success
3210,-0.38691163063049316,0.37966442108154297,-0.00024151173420250416,0.03300066664814949,0.03300066664814949,1.0,3.0,success
3211,-0.387966513633728,0.37961509823799133,-0.00024164603382814676,0.03300110995769501,0.03300110995769501,1.0,3.0,success
3212,-0.38902127742767334,0.3795635402202606,-0.00024178031890187413,0.03300072252750397,0.03300072252750397,1.0,3.0,success
3213,-0.3900759518146515,0.37950971722602844,-0.00024191458942368627,0.03300146386027336,0.03300146386027336,1.0,3.0,success
3214,-0.3911305069923401,0.3794536590576172,-0.00024204884539358318,0.0330013781785965,0.0330013781785965,1.0,3.0,success
3215,-0.39218491315841675,0.37939533591270447,-0.0002421831013634801,0.033000558614730835,0.033000558614730835,1.0,3.0,success
3216,-0.39323920011520386,0.37933477759361267,-0.00024231732822954655,0.033000774681568146,0.033000774681568146,1.0,3.0,success
3217,-0.3942933678627014,0.379271924495697,-0.000242451555095613,0.03300124406814575,0.03300124406814575,1.0,3.0,success
3218,-0.3953474164009094,0.3792068362236023,-0.00024258576740976423,0.03300175443291664,0.03300175443291664,1.0,3.0,success
3219,-0.3964008390903473,0.37913987040519714,-0.00023859384236857295,0.03298614174127579,0.032985903322696686,1.0,3.0,success
3220,-0.3974545896053314,0.37907055020332336,-0.00023933194461278617,0.0330008864402771,0.0330008789896965,1.0,3.0,success
3221,-0.398508220911026,0.37899893522262573,-0.0002401597739662975,0.03300195559859276,0.03300194442272186,1.0,3.0,success
3222,-0.39956167340278625,0.37892502546310425,-0.00024085967743303627,0.03300131857395172,0.033001311123371124,1.0,3.0,success
3223,-0.4006149470806122,0.3788488507270813,-0.0002414468181086704,0.033000774681568146,0.03300077095627785,1.0,3.0,success
3224,-0.40166807174682617,0.3787703812122345,-0.00024194324214477092,0.033001381903886795,0.0330013781785965,1.0,3.0,success
3225,-0.4027210474014282,0.37868964672088623,-0.0002423670666757971,0.03300206735730171,0.033002063632011414,1.0,3.0,success
3226,-0.40377381443977356,0.3786066472530365,-0.00024273284361697733,0.03300105780363083,0.03300105407834053,1.0,3.0,success
3227,-0.40482643246650696,0.3785213828086853,-0.00024305218539666384,0.03300204873085022,0.03300204873085022,1.0,3.0,success
3228,-0.40587884187698364,0.37843385338783264,-0.0002433344052406028,0.03300134465098381,0.03300134465098381,1.0,3.0,success
3229,-0.406931072473526,0.3783440589904785,-0.0002435869100736454,0.033001720905303955,0.03300171718001366,1.0,3.0,success
3230,-0.40798309445381165,0.3782520294189453,-0.00024381566618103534,0.033001236617565155,0.033001236617565155,1.0,3.0,success
3231,-0.4090349078178406,0.37815770506858826,-0.00024402541748713702,0.03300107270479202,0.03300107270479202,1.0,3.0,success
3232,-0.4100865423679352,0.3780611455440521,-0.00024421996204182506,0.033001817762851715,0.033001817762851715,1.0,3.0,success
3233,-0.41113796830177307,0.3779623210430145,-0.0002444023557472974,0.03300187364220619,0.03300187364220619,1.0,3.0,success
3234,-0.41218915581703186,0.37786126136779785,-0.00024457499966956675,0.033001068979501724,0.033001068979501724,1.0,3.0,success
3235,-0.4132401645183563,0.3777579367160797,-0.0002447398437652737,0.03300235792994499,0.03300235792994499,1.0,3.0,success
3236,-0.4142909049987793,0.3776523470878601,-0.0002448984596412629,0.03300101310014725,0.03300101310014725,1.0,3.0,success
3237,-0.41534143686294556,0.3775445222854614,-0.000245052098762244,0.03300158679485321,0.03300158679485321,1.0,3.0,success
3238,-0.4163917601108551,0.37743446230888367,-0.00024520172155462205,0.03300230950117111,0.03300230950117111,1.0,3.0,success
3239,-0.41744181513786316,0.37732213735580444,-0.0002453481429256499,0.03300142660737038,0.03300142660737038,1.0,3.0,success
3240,-0.4184916317462921,0.37720757722854614,-0.0002454920031595975,0.03300151973962784,0.03300151973962784,1.0,3.0,success
3241,-0.41954120993614197,0.37709078192710876,-0.0002456337970215827,0.03300176560878754,0.03300176560878754,1.0,3.0,success
3242,-0.4205905497074127,0.3769717216491699,-0.00024577396106906235,0.03300226852297783,0.03300226852297783,1.0,3.0,success
3243,-0.421639621257782,0.376850426197052,-0.0002459127572365105,0.033001888543367386,0.033001888543367386,1.0,3.0,success
3244,-0.42268842458724976,0.376726895570755,-0.00024605050566606224,0.03300165757536888,0.03300165757536888,1.0,3.0,success
3245,-0.42373695969581604,0.37660109996795654,-0.00024618738098070025,0.03300169110298157,0.03300169110298157,1.0,3.0,success
3246,-0.42478522658348083,0.376473069190979,-0.0002463235578034073,0.03300176188349724,0.03300176188349724,1.0,3.0,success
3247,-0.42583322525024414,0.3763428032398224,-0.0002464591816533357,0.033001989126205444,0.033001989126205444,1.0,3.0,success
3248,-0.42688095569610596,0.3762103021144867,-0.00024659433984197676,0.03300235792994499,0.03300235792994499,1.0,3.0,success
3249,-0.4279283583164215,0.3760755658149719,-0.0002467291196808219,0.03300103545188904,0.03300103545188904,1.0,3.0,success
3250,-0.42897552251815796,0.3759385645389557,-0.000246863579377532,0.03300275281071663,0.03300275281071663,1.0,3.0,success
3251,-0.43002235889434814,0.37579935789108276,-0.00024699780624359846,0.033001609146595,0.033001609146595,1.0,3.0,success
3252,-0.43106889724731445,0.3756578862667084,-0.0002471318293828517,0.03300178423523903,0.03300178423523903,1.0,3.0,success
3253,-0.4321151673793793,0.3755141794681549,-0.0002472656487952918,0.03300291299819946,0.03300291299819946,1.0,3.0,success
3254,-0.43316107988357544,0.37536823749542236,-0.00024739935179241,0.03300142288208008,0.03300141915678978,1.0,3.0,success
3255,-0.43420669436454773,0.37522006034851074,-0.00024753290927037597,0.03300192207098007,0.03300192207098007,1.0,3.0,success
3256,-0.43525201082229614,0.37506967782974243,-0.0002476663503330201,0.033002447336912155,0.033002447336912155,1.0,3.0,success
3257,-0.4362969994544983,0.37491703033447266,-0.00024779970408417284,0.03300246223807335,0.03300246223807335,1.0,3.0,success
3258,-0.4373416304588318,0.3747621476650238,-0.00024793297052383423,0.033001575618982315,0.033001575618982315,1.0,3.0,success
3259,-0.4383859634399414,0.3746050298213959,-0.00024806614965200424,0.03300268203020096,0.03300268203020096,1.0,3.0,success
3260,-0.4394299387931824,0.37444567680358887,-0.00024819927057251334,0.0330020971596241,0.0330020971596241,1.0,3.0,success
3261,-0.4404735863208771,0.37428411841392517,-0.00024833233328536153,0.03300244361162186,0.03300244361162186,1.0,3.0,success
3262,-0.4415168762207031,0.37412029504776,-0.0002484653377905488,0.033002305775880814,0.033002305775880814,1.0,3.0,success
3263,-0.4425598084926605,0.37395426630973816,-0.00024859828408807516,0.03300203010439873,0.03300203010439873,1.0,3.0,success
3264,-0.44360241293907166,0.37378600239753723,-0.00024873114307411015,0.03300296887755394,0.03300296887755394,1.0,3.0,success
3265,-0.44464462995529175,0.3736155033111572,-0.0002488639729563147,0.03300222009420395,0.03300222009420395,1.0,3.0,success
3266,-0.4456864893436432,0.37344276905059814,-0.0002489967446308583,0.033002544194459915,0.033002544194459915,1.0,3.0,success
3267,-0.4467279613018036,0.3732678294181824,-0.00024912948720157146,0.03300194814801216,0.03300194814801216,1.0,3.0,success
3268,-0.44776907563209534,0.37309062480926514,-0.00024926214246079326,0.03300272673368454,0.03300272673368454,1.0,3.0,success
3269,-0.44880980253219604,0.3729112148284912,-0.0002493947686161846,0.03300243243575096,0.03300243243575096,1.0,3.0,success
3270,-0.4498501420021057,0.3727295994758606,-0.00024952736566774547,0.03300228342413902,0.03300228342413902,1.0,3.0,success
3271,-0.45089009404182434,0.3725457489490509,-0.000249659875407815,0.03300244361162186,0.03300244361162186,1.0,3.0,success
3272,-0.45192965865135193,0.37235966324806213,-0.00024979235604405403,0.03300275653600693,0.03300275653600693,1.0,3.0,success
3273,-0.4529688358306885,0.3721713721752167,-0.00024992477847263217,0.0330030582845211,0.0330030582845211,1.0,3.0,success
3274,-0.4540075659751892,0.37198084592819214,-0.0002500571426935494,0.033001843839883804,0.033001840114593506,1.0,3.0,success
3275,-0.4550459384918213,0.3717880845069885,-0.0002501894487068057,0.03300352767109871,0.03300352767109871,1.0,3.0,success
3276,-0.45608386397361755,0.3715931177139282,-0.00025032172561623156,0.033002447336912155,0.033002447336912155,1.0,3.0,success
3277,-0.4571213722229004,0.37139594554901123,-0.0002504539443179965,0.03300242871046066,0.03300242871046066,1.0,3.0,success
3278,-0.4581584632396698,0.37119653820991516,-0.00025058610481210053,0.033002737909555435,0.033002737909555435,1.0,3.0,success
3279,-0.4591951370239258,0.3709949254989624,-0.00025071820709854364,0.03300302103161812,0.03300302103161812,1.0,3.0,success
3280,-0.46023136377334595,0.37079107761383057,-0.0002508502802811563,0.03300271928310394,0.03300271928310394,1.0,3.0,success
3281,-0.4612671434879303,0.37058502435684204,-0.0002509822661522776,0.03300238773226738,0.03300238773226738,1.0,3.0,success
3282,-0.4623025059700012,0.3703767657279968,-0.0002511142229195684,0.033003125339746475,0.033003125339746475,1.0,3.0,success
3283,-0.46333742141723633,0.37016627192497253,-0.00025124612147919834,0.03300327807664871,0.03300327807664871,1.0,3.0,success
3284,-0.46437186002731323,0.36995357275009155,-0.00025137796183116734,0.03300248831510544,0.03300248831510544,1.0,3.0,success
3285,-0.4654058516025543,0.3697386682033539,-0.00025150974397547543,0.033002760261297226,0.03300275653600693,1.0,3.0,success
3286,-0.4664393961429596,0.3695215582847595,-0.0002516414679121226,0.033003177493810654,0.033003177493810654,1.0,3.0,success
3287,-0.46747246384620667,0.36930224299430847,-0.00025177313364110887,0.033002838492393494,0.033002838492393494,1.0,3.0,success
3288,-0.46850505471229553,0.36908069252967834,-0.0002519047411624342,0.03300284594297409,0.03300284594297409,1.0,3.0,success
3289,-0.4695371985435486,0.3688569664955139,-0.00025203629047609866,0.03300352394580841,0.03300352394580841,1.0,3.0,success
3290,-0.47056883573532104,0.3686310052871704,-0.0002521677815821022,0.03300292417407036,0.03300292417407036,1.0,3.0,success
3291,-0.4715999960899353,0.3684028387069702,-0.0002522992144804448,0.03300318866968155,0.03300318866968155,1.0,3.0,success
3292,-0.47263067960739136,0.3681724965572357,-0.00025243056006729603,0.03300340101122856,0.03300340101122856,1.0,3.0,success
3293,-0.47366082668304443,0.36793991923332214,-0.0002525618765503168,0.033002354204654694,0.033002354204654694,1.0,3.0,success
3294,-0.4746905267238617,0.36770516633987427,-0.0002526931348256767,0.03300376981496811,0.03300376981496811,1.0,3.0,success
3295,-0.475719690322876,0.3674681782722473,-0.0002528243057895452,0.033003032207489014,0.033003032207489014,1.0,3.0,success
3296,-0.47674834728240967,0.36722901463508606,-0.00025295541854575276,0.033002935349941254,0.033002935349941254,1.0,3.0,success
3297,-0.47777649760246277,0.3669876456260681,-0.00025308647309429944,0.033003196120262146,0.033003196120262146,1.0,3.0,success
3298,-0.4788041412830353,0.3667440712451935,-0.0002532174694351852,0.033003609627485275,0.033003609627485275,1.0,3.0,success
3299,-0.4798312485218048,0.36649829149246216,-0.00025334840756841004,0.033003270626068115,0.033003270626068115,1.0,3.0,success
3300,-0.48085784912109375,0.36625033617019653,-0.00025347928749397397,0.03300376608967781,0.03300376608967781,1.0,3.0,success
3301,-0.4818838834762573,0.36600014567375183,-0.00025361008010804653,0.03300304338335991,0.03300304338335991,1.0,3.0,success
3302,-0.48292845487594604,0.36574381589889526,-0.00025363630265928805,0.033611319959163666,0.033611319959163666,1.0,-3.0,success
3303,-0.4839688241481781,0.3654903173446655,-0.0002537510299589485,0.03346274793148041,0.03346274793148041,1.0,-3.0,success
3304,-0.4849957227706909,0.36524346470832825,-0.00025387955247424543,0.033004749566316605,0.033004749566316605,1.0,3.0,success
3305,-0.486022025346756,0.3649943768978119,-0.0002539280103519559,0.03300303965806961,0.03300303965806961,1.0,3.0,success
3306,-0.48704779148101807,0.3647429645061493,-0.00025398933212272823,0.03300396725535393,0.03300396725535393,1.0,3.0,success
3307,-0.4880729913711548,0.36448925733566284,-0.00025406433269381523,0.03300393372774124,0.03300393372774124,1.0,3.0,success
3308,-0.48909762501716614,0.3642332851886749,-0.00025415048003196716,0.03300384059548378,0.03300384059548378,1.0,3.0,success
3309,-0.4901216924190521,0.36397504806518555,-0.00025424553314223886,0.03300391137599945,0.03300391137599945,1.0,3.0,success
3310,-0.49114519357681274,0.3637145757675171,-0.0002543476293794811,0.03300391137599945,0.03300391137599945,1.0,3.0,success
3311,-0.4921872019767761,0.3634476959705353,-0.0002543506561778486,0.033613819628953934,0.033613819628953934,1.0,-3.0,success
3312,-0.4932108521461487,0.363187700510025,-0.00025453002308495343,0.0330047532916069,0.0330047532916069,1.0,3.0,success
3313,-0.4942339062690735,0.3629254996776581,-0.000254602957284078,0.03300374373793602,0.03300374373793602,1.0,3.0,success
3314,-0.4952563941478729,0.3626610040664673,-0.000254682992817834,0.03300448879599571,0.03300448879599571,1.0,3.0,success
3315,-0.4962782859802246,0.3623942732810974,-0.00025477289455011487,0.0330040268599987,0.0330040268599987,1.0,3.0,success
3316,-0.49731874465942383,0.36212098598480225,-0.0002547659387346357,0.03361721709370613,0.03361721336841583,1.0,-3.0,success
3317,-0.4983553886413574,0.3618505001068115,-0.00025485322112217546,0.0334797240793705,0.0334797240793705,1.0,-3.0,success
3318,-0.4993883967399597,0.36158284544944763,-0.0002548991178628057,0.033347491174936295,0.033347491174936295,1.0,-3.0,success
3319,-0.5004118084907532,0.36132195591926575,-0.0002549520577304065,0.03300442174077034,0.03300442174077034,1.0,3.0,success
3320,-0.5014346241950989,0.3610587418079376,-0.00025495613226667047,0.03300439938902855,0.03300439938902855,1.0,3.0,success
3321,-0.5024568438529968,0.36079317331314087,-0.00025498258764855564,0.03300478681921959,0.03300478681921959,1.0,3.0,success
3322,-0.503478467464447,0.3605252802371979,-0.00025502973585389555,0.033005110919475555,0.033005110919475555,1.0,3.0,success
3323,-0.5044994354248047,0.36025506258010864,-0.0002550935314502567,0.033003803342580795,0.033003803342580795,1.0,3.0,success
3324,-0.5055198073387146,0.35998257994651794,-0.0002551706274971366,0.03300398960709572,0.03300398960709572,1.0,3.0,success
3325,-0.5065395832061768,0.35970786213874817,-0.00025525831733830273,0.03300409018993378,0.03300409018993378,1.0,3.0,success
3326,-0.5075587630271912,0.35943087935447693,-0.0002553544472903013,0.033004600554704666,0.033004600554704666,1.0,3.0,success
3327,-0.508577287197113,0.3591516613960266,-0.0002554573002271354,0.033003225922584534,0.033003225922584534,1.0,3.0,success
3328,-0.5095952153205872,0.358870267868042,-0.000255565537372604,0.0330033116042614,0.0330033116042614,1.0,3.0,success
3329,-0.5106125473976135,0.3585866391658783,-0.0002556780236773193,0.033004049211740494,0.033004049211740494,1.0,3.0,success
3330,-0.5116482973098755,0.35829615592956543,-0.0002556889958214015,0.03361602872610092,0.03361602872610092,1.0,-3.0,success
3331,-0.5126802325248718,0.358008474111557,-0.0002557906846050173,0.03347764536738396,0.03347764536738396,1.0,-3.0,success
3332,-0.5137085318565369,0.357723593711853,-0.00025584836839698255,0.03334473446011543,0.03334473446011543,1.0,-3.0,success
3333,-0.5147275328636169,0.3574458956718445,-0.00025591024314053357,0.03300507739186287,0.03300507739186287,1.0,3.0,success
3334,-0.5157458782196045,0.3571658730506897,-0.00025592188467271626,0.03300449624657631,0.03300449624657631,1.0,3.0,success
3335,-0.5167635679244995,0.3568834960460663,-0.00025595430633984506,0.033004336059093475,0.033004336059093475,1.0,3.0,success
3336,-0.5177806615829468,0.356598824262619,-0.00025600611115805805,0.033005643635988235,0.033005643635988235,1.0,3.0,success
3337,-0.5188162326812744,0.3563072085380554,-0.0002559684799052775,0.03362022340297699,0.03362022340297699,1.0,-3.0,success
3338,-0.5198482871055603,0.3560183048248291,-0.0002560308203101158,0.033491507172584534,0.033491507172584534,1.0,-3.0,success
3339,-0.5208662152290344,0.355736643075943,-0.0002561237197369337,0.033005546778440475,0.033005546778440475,1.0,3.0,success
3340,-0.521883487701416,0.3554527163505554,-0.00025613984325900674,0.0330047570168972,0.0330047570168972,1.0,3.0,success
3341,-0.5229000449180603,0.3551664352416992,-0.00025617488427087665,0.033003099262714386,0.033003099262714386,1.0,3.0,success
3342,-0.5239160060882568,0.35487785935401917,-0.0002562287263572216,0.03300468996167183,0.03300468996167183,1.0,3.0,success
3343,-0.5249505043029785,0.3545822501182556,-0.0002561926085036248,0.033622026443481445,0.033622026443481445,1.0,-3.0,success
3344,-0.5259665846824646,0.3542940020561218,-0.0002563420857768506,0.033005475997924805,0.033005475997924805,1.0,3.0,success
3345,-0.5269820094108582,0.35400354862213135,-0.0002563901653047651,0.033004652708768845,0.033004652708768845,1.0,3.0,success
3346,-0.5279967784881592,0.353710800409317,-0.00025645014829933643,0.0330047607421875,0.0330047570168972,1.0,3.0,success
3347,-0.5290108919143677,0.3534157872200012,-0.0002565238100942224,0.033004775643348694,0.033004775643348694,1.0,3.0,success
3348,-0.5300243496894836,0.35311853885650635,-0.00025660856044851243,0.03300468996167183,0.03300468996167183,1.0,3.0,success
3349,-0.5310370922088623,0.3528190553188324,-0.0002567022165749222,0.033002983778715134,0.033002983778715134,1.0,3.0,success
3350,-0.5320492386817932,0.35251733660697937,-0.0002568029158283025,0.0330050066113472,0.0330050066113472,1.0,3.0,success
3351,-0.5330607295036316,0.35221344232559204,-0.00025690923212096095,0.033004872500896454,0.033004868775606155,1.0,3.0,success
3352,-0.5340715646743774,0.351907342672348,-0.0002570200595073402,0.03300515562295914,0.03300515562295914,1.0,3.0,success
3353,-0.535081684589386,0.3515990674495697,-0.00025713443756103516,0.0330035500228405,0.0330035500228405,1.0,3.0,success
3354,-0.5360912084579468,0.3512886166572571,-0.0002572516386862844,0.03300565108656883,0.03300565108656883,1.0,3.0,success
3355,-0.5371000170707703,0.35097599029541016,-0.0002573710517026484,0.03300435096025467,0.03300435096025467,1.0,3.0,success
3356,-0.538127064704895,0.3506559133529663,-0.00025738708791323006,0.033617738634347916,0.033617738634347916,1.0,-3.0,success
3357,-0.5391360521316528,0.3503437936306,-0.00025757786352187395,0.0330050028860569,0.0330050028860569,1.0,3.0,success
3358,-0.5401443839073181,0.35002949833869934,-0.00025765938335098326,0.03300560265779495,0.03300560265779495,1.0,3.0,success
3359,-0.5411520004272461,0.349712997674942,-0.00025774590903893113,0.033004846423864365,0.033004846423864365,1.0,3.0,success
3360,-0.5421589016914368,0.349394291639328,-0.00025784055469557643,0.03300425410270691,0.03300425410270691,1.0,3.0,success
3361,-0.5431650876998901,0.3490733802318573,-0.00025794192333705723,0.03300382196903229,0.03300382196903229,1.0,3.0,success
3362,-0.544170618057251,0.3487502634525299,-0.0002580486179795116,0.03300531953573227,0.03300531953573227,1.0,3.0,success
3363,-0.5451754331588745,0.3484249711036682,-0.00025815959088504314,0.033004917204380035,0.033004917204380035,1.0,3.0,success
3364,-0.5461795330047607,0.3480975329875946,-0.0002582739107310772,0.03300438076257706,0.03300437703728676,1.0,3.0,success
3365,-0.5471829771995544,0.3477679193019867,-0.0002583909372333437,0.033006057143211365,0.033006057143211365,1.0,3.0,success
3366,-0.5481856465339661,0.3474361300468445,-0.00025851005921140313,0.03300434723496437,0.03300434723496437,1.0,3.0,success
3367,-0.5491876006126404,0.34710219502449036,-0.00025863086921162903,0.033004265278577805,0.033004265278577805,1.0,3.0,success
3368,-0.5501888990402222,0.34676608443260193,-0.0002587529888842255,0.03300640359520912,0.03300640359520912,1.0,3.0,success
3369,-0.5511894226074219,0.346427857875824,-0.0002588761562947184,0.03300456330180168,0.03300456330180168,1.0,3.0,success
3370,-0.5522080063819885,0.3460817039012909,-0.0002588947245385498,0.03361859917640686,0.03361859917640686,1.0,-3.0,success
3371,-0.5532222986221313,0.34573832154273987,-0.0002590058429632336,0.03346377611160278,0.03346377611160278,1.0,-3.0,success
3372,-0.5542239546775818,0.3454032838344574,-0.0002591310767456889,0.033006347715854645,0.033006347715854645,1.0,3.0,success
3373,-0.5552248954772949,0.34506604075431824,-0.00025917653692886233,0.03300709277391434,0.03300709277391434,1.0,3.0,success
3374,-0.5562250018119812,0.3447265625,-0.00025923477369360626,0.0330047644674778,0.0330047644674778,1.0,3.0,success
3375,-0.5572433471679688,0.3443790674209595,-0.00025920127518475056,0.03362505882978439,0.03362505882978439,1.0,-3.0,success
3376,-0.558257520198822,0.3440342843532562,-0.0002592705131974071,0.033474311232566833,0.033474311232566833,1.0,-3.0,success
3377,-0.5592586994171143,0.34369775652885437,-0.000259364111116156,0.033007021993398666,0.033007021993398666,1.0,3.0,success
3378,-0.5602591037750244,0.3433590233325958,-0.00025938282487913966,0.03300610929727554,0.03300610929727554,1.0,3.0,success
3379,-0.5612586736679077,0.3430179953575134,-0.000259419612120837,0.03300449624657631,0.03300449624657631,1.0,3.0,success
3380,-0.5622765421867371,0.34266892075538635,-0.0002593689423520118,0.03362693637609482,0.03362693637609482,1.0,-3.0,success
3381,-0.5632903575897217,0.3423224985599518,-0.0002594242396298796,0.03348026052117348,0.03348026052117348,1.0,-3.0,success
3382,-0.5642910003662109,0.3419843912124634,-0.00025950768031179905,0.03300689905881882,0.03300689905881882,1.0,3.0,success
3383,-0.5652908086776733,0.3416440188884735,-0.00025951757561415434,0.033004939556121826,0.033004939556121826,1.0,3.0,success
3384,-0.5662899017333984,0.3413013517856598,-0.0002595473197288811,0.033006977289915085,0.033006977289915085,1.0,3.0,success
3385,-0.5672881603240967,0.3409564197063446,-0.00025959641789086163,0.033005356788635254,0.033005356788635254,1.0,3.0,success
3386,-0.5682856440544128,0.34060922265052795,-0.0002596612030174583,0.03300567343831062,0.03300567343831062,1.0,3.0,success
3387,-0.5693012475967407,0.34025388956069946,-0.0002596329723019153,0.0336240716278553,0.0336240716278553,1.0,-3.0,success
3388,-0.5702989101409912,0.33990707993507385,-0.00025978978374041617,0.033006973564624786,0.033006973564624786,1.0,3.0,success
3389,-0.571314811706543,0.33955222368240356,-0.00025973760057240725,0.0336279422044754,0.0336279422044754,1.0,-3.0,success
3390,-0.5723265409469604,0.3391999900341034,-0.0002597880957182497,0.033477846533060074,0.033477842807769775,1.0,-3.0,success
3391,-0.5733341574668884,0.3388504683971405,-0.000259805383393541,0.03332862630486488,0.03332862630486488,1.0,-3.0,success
3392,-0.5743337273597717,0.338509202003479,-0.00025983029627241194,0.033006902784109116,0.033006902784109116,1.0,3.0,success
3393,-0.575332522392273,0.33816564083099365,-0.0002598143764771521,0.033007245510816574,0.033007245510816574,1.0,3.0,success
3394,-0.5763304233551025,0.33781975507736206,-0.00025982435909099877,0.03300454467535019,0.03300454467535019,1.0,3.0,success
3395,-0.5773276090621948,0.3374715745449066,-0.00025985774118453264,0.033006999641656876,0.033006999641656876,1.0,3.0,success
3396,-0.5783239603042603,0.3371211290359497,-0.000259909953456372,0.033005792647600174,0.033005792647600174,1.0,3.0,success
3397,-0.5793195366859436,0.3367684483528137,-0.00025997712509706616,0.0330062136054039,0.0330062136054039,1.0,3.0,success
3398,-0.5803331732749939,0.33640751242637634,-0.00025995075702667236,0.03362438827753067,0.03362438827753067,1.0,-3.0,success
3399,-0.5813425183296204,0.33604928851127625,-0.0002600266598165035,0.033469635993242264,0.033469635993242264,1.0,-3.0,success
3400,-0.5823391675949097,0.3356996178627014,-0.0002601241285447031,0.03300655633211136,0.03300655633211136,1.0,3.0,success
3401,-0.583354115486145,0.33534178137779236,-0.000260041153524071,0.03363066539168358,0.03363066539168358,1.0,-3.0,success
3402,-0.5843647718429565,0.3349865674972534,-0.0002600684529170394,0.033476948738098145,0.033476948738098145,1.0,-3.0,success
3403,-0.585362434387207,0.3346397578716278,-0.00026012753369286656,0.033006973564624786,0.033006973564624786,1.0,3.0,success
3404,-0.5863785147666931,0.33428481221199036,-0.00026001286460086703,0.03363414108753204,0.03363414108753204,1.0,-3.0,success
3405,-0.5873903632164001,0.33393242955207825,-0.00026001461083069444,0.03348289430141449,0.03348289430141449,1.0,-3.0,success
3406,-0.588388979434967,0.3335883617401123,-0.00026005442487075925,0.03300711512565613,0.03300711512565613,1.0,3.0,success
3407,-0.5894060730934143,0.3332361578941345,-0.0002599233703222126,0.033635903149843216,0.033635903149843216,1.0,-3.0,success
3408,-0.5904190540313721,0.3328865170478821,-0.0002599117287900299,0.03348826244473457,0.03348826244473457,1.0,-3.0,success
3409,-0.5914185643196106,0.33254513144493103,-0.0002599417930468917,0.033006343990564346,0.033006343990564346,1.0,3.0,success
3410,-0.5924366116523743,0.3321956396102905,-0.000259802327491343,0.03363645076751709,0.03363645076751709,1.0,-3.0,success
3411,-0.593450665473938,0.33184871077537537,-0.0002597837010398507,0.033492427319288254,0.033492427319288254,1.0,-3.0,success
3412,-0.5944607257843018,0.33150437474250793,-0.00025974554591812193,0.033348143100738525,0.033348143100738525,1.0,-3.0,success
3413,-0.5954670310020447,0.33116257190704346,-0.0002596868434920907,0.03321155160665512,0.03321155160665512,1.0,-3.0,success
3414,-0.5964694619178772,0.33082330226898193,-0.0002596113772597164,0.03307146951556206,0.03307146951556206,1.0,-3.0,success
3415,-0.5974723696708679,0.33049196004867554,-0.0002595240075606853,0.03300703316926956,0.03300703316926956,1.0,3.0,success
3416,-0.5984744429588318,0.33015820384025574,-0.00025945479865185916,0.033006034791469574,0.033006034791469574,1.0,3.0,success
3417,-0.5994757413864136,0.3298220634460449,-0.0002594239776954055,0.033006701618433,0.033006701618433,1.0,3.0,success
3418,-0.6004762053489685,0.3294835388660431,-0.000259424967225641,0.03300578147172928,0.03300578147172928,1.0,3.0,success
3419,-0.6014950275421143,0.32913699746131897,-0.0002593459212221205,0.03362955152988434,0.03362955152988434,1.0,-3.0,success
3420,-0.6025097370147705,0.32879307866096497,-0.00025937912869267166,0.03348150476813316,0.03348150476813316,1.0,-3.0,success
3421,-0.6035111546516418,0.3284573554992676,-0.00025944452499970794,0.033006083220243454,0.033006083220243454,1.0,3.0,success
3422,-0.6045117974281311,0.3281193673610687,-0.0002594398392830044,0.03300570696592331,0.03300570696592331,1.0,3.0,success
3423,-0.6055116653442383,0.32777902483940125,-0.0002594579418655485,0.03300640359520912,0.03300640359520912,1.0,3.0,success
3424,-0.6065298318862915,0.3274306654930115,-0.000259392341831699,0.03362850472331047,0.03362850472331047,1.0,-3.0,success
3425,-0.6075435876846313,0.3270849287509918,-0.0002594371617306024,0.03347157686948776,0.03347157686948776,1.0,-3.0,success
3426,-0.6085444688796997,0.32674747705459595,-0.00025950977578759193,0.033007409423589706,0.033007409423589706,1.0,3.0,success
3427,-0.6095637679100037,0.32640206813812256,-0.0002594065445009619,0.03363228216767311,0.03363228216767311,1.0,-3.0,success
3428,-0.610578715801239,0.3260592520236969,-0.00025941789499484,0.03347751498222351,0.03347751498222351,1.0,-3.0,success
3429,-0.6115894913673401,0.32571908831596375,-0.00025940369232557714,0.033327482640743256,0.033327482640743256,1.0,-3.0,success
3430,-0.6125960946083069,0.32538148760795593,-0.00025936405290849507,0.03317837789654732,0.03317837789654732,1.0,-3.0,success
3431,-0.613598644733429,0.32504644989967346,-0.0002593037497717887,0.033032845705747604,0.033032845705747604,1.0,-3.0,success
3432,-0.6145972609519958,0.32471397519111633,-0.00025922682834789157,0.032890886068344116,0.032890886068344116,1.0,-3.0,success
3433,-0.6155918836593628,0.32438400387763977,-0.0002591365191619843,0.032747782766819,0.032747782766819,1.0,-3.0,success
3434,-0.6165827512741089,0.3240565061569214,-0.00025903552887029946,0.03261208534240723,0.03261208534240723,1.0,-3.0,success
3435,-0.6175699830055237,0.32373154163360596,-0.00025892542907968163,0.032479386776685715,0.032479386776685715,1.0,-3.0,success
3436,-0.6185579299926758,0.3234090507030487,-0.00025878948508761823,0.03247654810547829,0.03247654810547829,1.0,-3.0,success
3437,-0.6195467114448547,0.32308903336524963,-0.0002586513292044401,0.03247745335102081,0.032477449625730515,1.0,-3.0,success
3438,-0.620536208152771,0.32277151942253113,-0.00025851227110251784,0.032474733889102936,0.032474733889102936,1.0,-3.0,success
3439,-0.6215264201164246,0.3224564492702484,-0.0002583725145086646,0.03247277811169624,0.03247277811169624,1.0,-3.0,success
3440,-0.6225174069404602,0.3221438527107239,-0.0002582321467343718,0.03247251734137535,0.03247251361608505,1.0,-3.0,success
3441,-0.6235091090202332,0.3218337297439575,-0.00025809125509113073,0.03247067704796791,0.03247067704796791,1.0,-3.0,success
3442,-0.6245015859603882,0.32152608036994934,-0.0002579499559942633,0.03247081860899925,0.03247081860899925,1.0,-3.0,success
3443,-0.6254947185516357,0.32122087478637695,-0.0002578082785475999,0.03246787190437317,0.03246787190437317,1.0,-3.0,success
3444,-0.6264885663986206,0.32091814279556274,-0.0002576662809588015,0.03246663138270378,0.03246663138270378,1.0,-3.0,success
3445,-0.6274831891059875,0.3206179141998291,-0.00025752399233169854,0.03246710076928139,0.03246710076928139,1.0,-3.0,success
3446,-0.628497838973999,0.32032474875450134,-0.0002573129895608872,0.033004797995090485,0.033004797995090485,1.0,3.0,success
3447,-0.629511833190918,0.3200291395187378,-0.00025723158614709973,0.03300640359520912,0.03300640359520912,1.0,3.0,success
3448,-0.6305250525474548,0.3197309970855713,-0.00025719526456668973,0.03300542011857033,0.03300542011857033,1.0,3.0,success
3449,-0.6315375566482544,0.31943047046661377,-0.0002571923832874745,0.03300509974360466,0.03300509974360466,1.0,3.0,success
3450,-0.6325686573982239,0.3191225826740265,-0.0002571107179392129,0.03362772613763809,0.03362772613763809,1.0,-3.0,success
3451,-0.6335960030555725,0.3188173472881317,-0.000257139909081161,0.033491600304841995,0.033491600304841995,1.0,-3.0,success
3452,-0.6346196532249451,0.31851479411125183,-0.00025714008370414376,0.033357057720422745,0.033357057720422745,1.0,-3.0,success
3453,-0.6356337666511536,0.3182196021080017,-0.0002571566146798432,0.03300633653998375,0.03300633653998375,1.0,3.0,success
3454,-0.6366471648216248,0.31792202591896057,-0.0002571303048171103,0.033005788922309875,0.033005788922309875,1.0,3.0,success
3455,-0.6376597881317139,0.3176220953464508,-0.0002571322547737509,0.03300337493419647,0.03300337493419647,1.0,3.0,success
3456,-0.6386718153953552,0.31731978058815,-0.0002571595832705498,0.03300676494836807,0.03300676494836807,1.0,3.0,success
3457,-0.6397022604942322,0.31701016426086426,-0.0002571021323092282,0.0336235947906971,0.0336235947906971,1.0,-3.0,success
3458,-0.6407286524772644,0.31670325994491577,-0.00025715160882100463,0.03347793594002724,0.03347793594002724,1.0,-3.0,success
3459,-0.6417415142059326,0.316403865814209,-0.00025722983991727233,0.033005766570568085,0.033005766570568085,1.0,3.0,success
3460,-0.6427537202835083,0.31610220670700073,-0.00025723589351400733,0.03300626203417778,0.03300626203417778,1.0,3.0,success
3461,-0.6437651515007019,0.31579819321632385,-0.0002572629018686712,0.03300416097044945,0.03300416097044945,1.0,3.0,success
3462,-0.6447951197624207,0.3154868483543396,-0.00025720492703840137,0.03362491726875305,0.03362491726875305,1.0,-3.0,success
3463,-0.6458209156990051,0.31517818570137024,-0.0002572543453425169,0.033475879579782486,0.033475879579782486,1.0,-3.0,success
3464,-0.6468333005905151,0.31487709283828735,-0.00025733187794685364,0.033006567507982254,0.033006567507982254,1.0,3.0,success
3465,-0.6478449702262878,0.314573734998703,-0.000257337698712945,0.033005405217409134,0.033005405217409134,1.0,3.0,success
3466,-0.6488558650016785,0.31426802277565,-0.00025736450334079564,0.033003438264131546,0.03300343453884125,1.0,3.0,success
3467,-0.6498661637306213,0.3139600157737732,-0.0002574115642346442,0.0330064482986927,0.0330064482986927,1.0,3.0,success
3468,-0.6508756875991821,0.3136497437953949,-0.0002574750396888703,0.03300401195883751,0.03300401195883751,1.0,3.0,success
3469,-0.6518845558166504,0.31333720684051514,-0.00025755155365914106,0.033005304634571075,0.033005304634571075,1.0,3.0,success
3470,-0.6528927087783813,0.3130224645137787,-0.00025763848680071533,0.03300442174077034,0.03300442174077034,1.0,3.0,success
3471,-0.6539002060890198,0.31270548701286316,-0.00025773371453396976,0.033005762845277786,0.033005762845277786,1.0,3.0,success
3472,-0.6549069881439209,0.31238633394241333,-0.00025783554883673787,0.03300492465496063,0.033004920929670334,1.0,3.0,success
3473,-0.6559319496154785,0.312059611082077,-0.0002578374114818871,0.03361799567937851,0.03361799567937851,1.0,-3.0,success
3474,-0.6569525599479675,0.3117356300354004,-0.00025793531676754355,0.03346244618296623,0.03346244618296623,1.0,-3.0,success
3475,-0.6579604148864746,0.31141963601112366,-0.0002580492291599512,0.033007215708494186,0.03300721198320389,1.0,3.0,success
3476,-0.6589674949645996,0.31110140681266785,-0.0002580858999863267,0.033005088567733765,0.033005088567733765,1.0,3.0,success
3477,-0.6599738597869873,0.3107808828353882,-0.00025813726824708283,0.03300546482205391,0.03300546482205391,1.0,3.0,success
3478,-0.660998523235321,0.31045272946357727,-0.00025809858925640583,0.033622730523347855,0.033622730523347855,1.0,-3.0,success
3479,-0.6620190143585205,0.31012728810310364,-0.0002581636072136462,0.033472735434770584,0.033472731709480286,1.0,-3.0,success
3480,-0.6630263924598694,0.30980974435806274,-0.0002582533052191138,0.03300752490758896,0.03300752118229866,1.0,3.0,success
3481,-0.6640329957008362,0.3094899654388428,-0.00025826916680671275,0.03300551325082779,0.03300551325082779,1.0,3.0,success
3482,-0.6650388240814209,0.30916786193847656,-0.0002583038585726172,0.0330045185983181,0.0330045185983181,1.0,3.0,success
3483,-0.6660439372062683,0.3088434934616089,-0.000258357118582353,0.03300489857792854,0.03300489857792854,1.0,3.0,success
3484,-0.6670674085617065,0.3085114061832428,-0.0002583200403023511,0.03362499177455902,0.03362499177455902,1.0,-3.0,success
3485,-0.6680868268013,0.308182030916214,-0.0002583855821285397,0.03347838670015335,0.03347838670015335,1.0,-3.0,success
3486,-0.6691024303436279,0.30785536766052246,-0.0002584146859589964,0.033338919281959534,0.033338919281959534,1.0,-3.0,success
3487,-0.6701093912124634,0.3075365722179413,-0.00025845158961601555,0.03300687298178673,0.03300687298178673,1.0,3.0,success
3488,-0.6711155772209167,0.30721551179885864,-0.00025844399351626635,0.0330052375793457,0.0330052375793457,1.0,3.0,success
3489,-0.6721210479736328,0.306892067193985,-0.0002584607864264399,0.033006686717271805,0.033006686717271805,1.0,3.0,success
3490,-0.673125684261322,0.30656635761260986,-0.0002584997855592519,0.03300362080335617,0.03300362080335617,1.0,3.0,success
3491,-0.6741487383842468,0.30623286962509155,-0.000258451298577711,0.03362613171339035,0.03362613171339035,1.0,-3.0,success
3492,-0.675167977809906,0.3059020936489105,-0.000258506799582392,0.03348655253648758,0.03348655253648758,1.0,-3.0,success
3493,-0.6761736869812012,0.3055793046951294,-0.0002585927431937307,0.033007510006427765,0.033007510006427765,1.0,3.0,success
3494,-0.6771978735923767,0.30524885654449463,-0.0002584982430562377,0.03363049030303955,0.03363049030303955,1.0,-3.0,success
3495,-0.6782035827636719,0.3049263060092926,-0.00025859891320578754,0.033005233854055405,0.033005233854055405,1.0,3.0,success
3496,-0.679227888584137,0.3045961260795593,-0.0002585010079201311,0.03363146260380745,0.03363146260380745,1.0,-3.0,success
3497,-0.6802337169647217,0.3042738437652588,-0.00025859856395982206,0.033006224781274796,0.033006224781274796,1.0,3.0,success
3498,-0.6812388300895691,0.3039492666721344,-0.0002586035116109997,0.033006902784109116,0.033006902784109116,1.0,3.0,success
3499,-0.6822431683540344,0.30362239480018616,-0.00025862871552817523,0.033005982637405396,0.033005982637405396,1.0,3.0,success
3500,-0.6832658648490906,0.30328771471977234,-0.0002585688198450953,0.03362707421183586,0.03362707421183586,1.0,-3.0,success
3501,-0.684285044670105,0.3029557466506958,-0.00025861445465125144,0.033496297895908356,0.033496297895908356,1.0,-3.0,success
3502,-0.6853007674217224,0.30262643098831177,-0.00025862769689410925,0.03336793929338455,0.03336793929338455,1.0,-3.0,success
3503,-0.6863132119178772,0.3022997975349426,-0.00025860985624603927,0.03324466943740845,0.03324466943740845,1.0,-3.0,success
3504,-0.6873201727867126,0.3019809424877167,-0.000258596905041486,0.033007435500621796,0.033007435500621796,1.0,3.0,success
3505,-0.6883262991905212,0.3016597330570221,-0.0002585628244560212,0.03300487622618675,0.03300487622618675,1.0,3.0,success
3506,-0.6893317103385925,0.3013361692428589,-0.00025855909916572273,0.03300604969263077,0.03300604969263077,1.0,3.0,success
3507,-0.6903555393218994,0.3010048270225525,-0.0002584763278719038,0.033628448843955994,0.033628445118665695,1.0,-3.0,success
3508,-0.6913760900497437,0.3006761372089386,-0.0002585026668384671,0.03350548818707466,0.03350548818707466,1.0,-3.0,success
3509,-0.6923935413360596,0.3003501296043396,-0.0002585003967396915,0.03338763490319252,0.03338763490319252,1.0,-3.0,success
3510,-0.6934006214141846,0.3000319302082062,-0.00025852187536656857,0.03300480917096138,0.03300480917096138,1.0,3.0,success
3511,-0.6944069862365723,0.2997113764286041,-0.0002584954199846834,0.03300575166940689,0.03300575166940689,1.0,3.0,success
3512,-0.6954126358032227,0.29938846826553345,-0.00025849687517620623,0.03300687298178673,0.03300687298178673,1.0,3.0,success
3513,-0.6964174509048462,0.29906323552131653,-0.0002585236507002264,0.03300434723496437,0.03300434723496437,1.0,3.0,success
3514,-0.6974406838417053,0.2987302243709564,-0.00025846532662399113,0.03362682834267616,0.03362682834267616,1.0,-3.0,success
3515,-0.6984606385231018,0.2983999252319336,-0.00025851099053397775,0.033503223210573196,0.033503223210573196,1.0,-3.0,success
3516,-0.6994773745536804,0.29807230830192566,-0.0002585242909844965,0.03338174149394035,0.03338174149394035,1.0,-3.0,success
3517,-0.700484037399292,0.2977525591850281,-0.0002585577894933522,0.03300700709223747,0.03300700709223747,1.0,3.0,success
3518,-0.7014899253845215,0.29743048548698425,-0.00025854146224446595,0.033006004989147186,0.033006004989147186,1.0,3.0,success
3519,-0.7024950385093689,0.2971060872077942,-0.0002585509791970253,0.033005185425281525,0.033005185425281525,1.0,3.0,success
3520,-0.7034993767738342,0.2967793345451355,-0.00025858418666757643,0.03300483152270317,0.03300483152270317,1.0,3.0,success
3521,-0.7045221328735352,0.296444833278656,-0.0002585309848655015,0.03362710773944855,0.03362710773944855,1.0,-3.0,success
3522,-0.7055414915084839,0.2961130142211914,-0.000258580781519413,0.033500172197818756,0.033500172197818756,1.0,-3.0,success
3523,-0.7065577507019043,0.2957838773727417,-0.0002585973998066038,0.03338216617703438,0.03338216617703438,1.0,-3.0,success
3524,-0.7075639367103577,0.2954626679420471,-0.0002586333139333874,0.03300665318965912,0.03300665318965912,1.0,3.0,success
3525,-0.708569347858429,0.2951391339302063,-0.0002586191112641245,0.033005766570568085,0.033005766570568085,1.0,3.0,success
3526,-0.7095739841461182,0.29481327533721924,-0.00025863037444651127,0.03300505876541138,0.03300505876541138,1.0,3.0,success
3527,-0.7105779051780701,0.29448509216308594,-0.0002586649206932634,0.033006295561790466,0.033006295561790466,1.0,3.0,success
3528,-0.7115810513496399,0.29415464401245117,-0.00025871818070299923,0.033005356788635254,0.033005356788635254,1.0,3.0,success
3529,-0.712602436542511,0.29381632804870605,-0.00025868098600767553,0.03362368419766426,0.03362368419766426,1.0,-3.0,success
3530,-0.7136204838752747,0.2934807538986206,-0.00025874379207380116,0.03349775820970535,0.03349775820970535,1.0,-3.0,success
3531,-0.7146353125572205,0.29314786195755005,-0.0002587708877399564,0.03337602689862251,0.03337602689862251,1.0,-3.0,success
3532,-0.7156403064727783,0.2928229868412018,-0.00025881407782435417,0.0330062210559845,0.0330062210559845,1.0,3.0,success
3533,-0.7166445255279541,0.29249581694602966,-0.0002588065108284354,0.03300532326102257,0.03300532326102257,1.0,3.0,success
3534,-0.7176479697227478,0.2921663224697113,-0.0002588230709079653,0.033004891127347946,0.033004891127347946,1.0,3.0,success
3535,-0.7186506986618042,0.2918345034122467,-0.00025886183721013367,0.03300640732049942,0.03300640732049942,1.0,3.0,success
3536,-0.7196716666221619,0.29149484634399414,-0.00025881303008645773,0.03362451121211052,0.03362451121211052,1.0,-3.0,success
3537,-0.7206892967224121,0.2911578416824341,-0.00025886663934215903,0.033499401062726974,0.033499401062726974,1.0,-3.0,success
3538,-0.7217037081718445,0.2908235490322113,-0.00025888634263537824,0.03337731212377548,0.03337731212377548,1.0,-3.0,success
3539,-0.7227082848548889,0.2904972434043884,-0.0002589239156804979,0.03300759941339493,0.03300759941339493,1.0,3.0,success
3540,-0.7237120270729065,0.2901686728000641,-0.00025891157565638423,0.033004749566316605,0.033004749566316605,1.0,3.0,success
3541,-0.7247150540351868,0.2898377478122711,-0.0002589242940302938,0.03300648555159569,0.03300648555159569,1.0,3.0,success
3542,-0.7257172465324402,0.2895044982433319,-0.0002589599753264338,0.03300457075238228,0.03300457075238228,1.0,3.0,success
3543,-0.7267377972602844,0.28916335105895996,-0.000258908694377169,0.033626873046159744,0.033626873046159744,1.0,-3.0,success
3544,-0.7277549505233765,0.2888249158859253,-0.0002589604409877211,0.0334993451833725,0.0334993451833725,1.0,-3.0,success
3545,-0.7287581562995911,0.2884945869445801,-0.00025904676294885576,0.033005960285663605,0.033005960285663605,1.0,3.0,success
3546,-0.7297606468200684,0.2881620228290558,-0.000259056338109076,0.03300665691494942,0.03300665691494942,1.0,3.0,success
3547,-0.7307814955711365,0.28782153129577637,-0.00025898031890392303,0.033629219979047775,0.033629219979047775,1.0,-3.0,success
3548,-0.7317988872528076,0.28748369216918945,-0.0002590123622212559,0.033500541001558304,0.033500541001558304,1.0,-3.0,success
3549,-0.7328023314476013,0.287153959274292,-0.0002590830554254353,0.033007219433784485,0.033007215708494186,1.0,3.0,success
3550,-0.7338242530822754,0.28681641817092896,-0.0002589742944110185,0.03363199532032013,0.03363199532032013,1.0,-3.0,success
3551,-0.7348428964614868,0.28648146986961365,-0.0002589765063021332,0.033509332686662674,0.033509332686662674,1.0,-3.0,success
3552,-0.7358583211898804,0.28614914417266846,-0.000258954765740782,0.03338821977376938,0.03338821977376938,1.0,-3.0,success
3553,-0.7368634343147278,0.2858246862888336,-0.0002589606447145343,0.03300575911998749,0.03300575911998749,1.0,3.0,success
3554,-0.7378678321838379,0.28549790382385254,-0.00025892144185490906,0.03300688788294792,0.03300688788294792,1.0,3.0,success
3555,-0.7388907074928284,0.2851632833480835,-0.00025880715111270547,0.03363180533051491,0.03363180533051491,1.0,-3.0,success
3556,-0.7398951053619385,0.2848365902900696,-0.0002588960633147508,0.03300602734088898,0.03300602734088898,1.0,3.0,success
3557,-0.7409180998802185,0.28450217843055725,-0.0002587885828688741,0.03363332152366638,0.03363332152366638,1.0,-3.0,success
3558,-0.7419378161430359,0.28417035937309265,-0.00025879108579829335,0.03351080045104027,0.03351080045104027,1.0,-3.0,success
3559,-0.7429431676864624,0.2838464677333832,-0.00025883939815685153,0.0330074168741703,0.0330074168741703,1.0,3.0,success
3560,-0.7439476847648621,0.28352025151252747,-0.0002588170755188912,0.033004965633153915,0.033004965633153915,1.0,3.0,success
3561,-0.7449707388877869,0.2831862270832062,-0.00025871547404676676,0.033631328493356705,0.033631328493356705,1.0,-3.0,success
3562,-0.7459904551506042,0.282854825258255,-0.0002587271446827799,0.033506765961647034,0.033506765961647034,1.0,-3.0,success
3563,-0.7469959259033203,0.28253135085105896,-0.00025878215092234313,0.03300696983933449,0.03300696983933449,1.0,3.0,success
3564,-0.7480006217956543,0.28220558166503906,-0.000258765765465796,0.0330059640109539,0.0330059640109539,1.0,3.0,success
3565,-0.7490237951278687,0.2818720042705536,-0.00025866893702186644,0.03363053500652313,0.03363053500652313,1.0,-3.0,success
3566,-0.750043511390686,0.28154101967811584,-0.00025868479860946536,0.033502738922834396,0.033502738922834396,1.0,-3.0,success
3567,-0.751059889793396,0.281212717294693,-0.00025867426302284,0.03337768092751503,0.03337768092751503,1.0,-3.0,success
3568,-0.7520729899406433,0.28088700771331787,-0.00025863765040412545,0.03325532376766205,0.03325532376766205,1.0,-3.0,success
3569,-0.7530801892280579,0.28056907653808594,-0.00025861093308776617,0.033005837351083755,0.033005837351083755,1.0,3.0,success
3570,-0.7540866136550903,0.2802487313747406,-0.0002585645124781877,0.033005550503730774,0.033005550503730774,1.0,3.0,success
3571,-0.7550923228263855,0.27992603182792664,-0.00025855086278170347,0.03300665691494942,0.03300665691494942,1.0,3.0,success
3572,-0.7560971975326538,0.27960097789764404,-0.00025856561842374504,0.03300439566373825,0.03300439566373825,1.0,3.0,success
3573,-0.7571205496788025,0.27926814556121826,-0.000258497690083459,0.033628642559051514,0.033628642559051514,1.0,-3.0,success
3574,-0.7581402063369751,0.2789379954338074,-0.0002585372421890497,0.03349292278289795,0.03349292278289795,1.0,-3.0,success
3575,-0.7591564059257507,0.278610497713089,-0.0002585458569228649,0.03336464241147041,0.03336464241147041,1.0,-3.0,success
3576,-0.7601630687713623,0.27829089760780334,-0.00025857106084004045,0.033005598932504654,0.033005598932504654,1.0,3.0,success
3577,-0.7611689567565918,0.2779689431190491,-0.00025855080457404256,0.033004868775606155,0.033004868775606155,1.0,3.0,success
3578,-0.762174129486084,0.27764463424682617,-0.0002585572947282344,0.03300609812140465,0.03300609812140465,1.0,3.0,success
3579,-0.7631785273551941,0.2773180305957794,-0.00025858808658085763,0.033005159348249435,0.033005159348249435,1.0,3.0,success
3580,-0.764201283454895,0.2769836187362671,-0.00025853299302980304,0.03362623602151871,0.03362623602151871,1.0,-3.0,success
3581,-0.7652201652526855,0.27665191888809204,-0.0002585837501101196,0.03348485007882118,0.03348485007882118,1.0,-3.0,success
3582,-0.7662352919578552,0.2763229012489319,-0.00025860138703137636,0.03334734961390495,0.03334734961390495,1.0,-3.0,success
3583,-0.7672414779663086,0.27600178122520447,-0.0002586304035503417,0.03300580009818077,0.03300580009818077,1.0,3.0,success
3584,-0.7682469487190247,0.2756783664226532,-0.00025861544418148696,0.033006396144628525,0.033006396144628525,1.0,3.0,success
3585,-0.7692516446113586,0.2753525674343109,-0.00025862627080641687,0.033006250858306885,0.033006250858306885,1.0,3.0,success
3586,-0.7702555656433105,0.27502450346946716,-0.00025866046780720353,0.03300514072179794,0.03300514072179794,1.0,3.0,success
3587,-0.7712777853012085,0.27468860149383545,-0.0002586081391200423,0.033624809235334396,0.033624809235334396,1.0,-3.0,success
3588,-0.7722960114479065,0.27435538172721863,-0.00025866186479106545,0.03348011150956154,0.03348011150956154,1.0,-3.0,success
3589,-0.7733009457588196,0.27403023838996887,-0.0002587440249044448,0.033007025718688965,0.033007025718688965,1.0,3.0,success
3590,-0.7743050456047058,0.27370280027389526,-0.00025875295978039503,0.03300437703728676,0.03300437703728676,1.0,3.0,success
3591,-0.7753084897994995,0.2733730673789978,-0.00025878200540319085,0.033007219433784485,0.033007215708494186,1.0,3.0,success
3592,-0.7763301730155945,0.2730354964733124,-0.0002587253402452916,0.03362521156668663,0.03362521156668663,1.0,-3.0,success
3593,-0.7773477435112,0.27270057797431946,-0.0002587762428447604,0.03347719460725784,0.03347719460725784,1.0,-3.0,success
3594,-0.7783520817756653,0.272373765707016,-0.00025885505601763725,0.03300540894269943,0.03300540894269943,1.0,3.0,success
3595,-0.7793557047843933,0.27204465866088867,-0.00025886177900247276,0.03300642594695091,0.03300642594695091,1.0,3.0,success
3596,-0.7803585529327393,0.2717132270336151,-0.0002588890783954412,0.03300614282488823,0.03300614282488823,1.0,3.0,success
3597,-0.7813796997070312,0.2713739573955536,-0.0002588309580460191,0.033625997602939606,0.03362599387764931,1.0,-3.0,success
3598,-0.7823966145515442,0.27103734016418457,-0.0002588811330497265,0.033474382013082504,0.033474378287792206,1.0,-3.0,success
3599,-0.7834004163742065,0.270708829164505,-0.0002589586656540632,0.033005937933921814,0.033005937933921814,1.0,3.0,success
3600,-0.7844035029411316,0.270378053188324,-0.0002589646610431373,0.03300679475069046,0.03300679475069046,1.0,3.0,success
3601,-0.7854057550430298,0.2700449526309967,-0.00025899134925566614,0.033004868775606155,0.033004868775606155,1.0,3.0,success
3602,-0.7864263653755188,0.2697039544582367,-0.00025893276324495673,0.033627163618803024,0.033627163618803024,1.0,-3.0,success
3603,-0.7874426245689392,0.2693656384944916,-0.00025898288004100323,0.03347165882587433,0.03347165882587433,1.0,-3.0,success
3604,-0.7884458899497986,0.2690354287624359,-0.0002590598014649004,0.033006563782691956,0.033006563782691956,1.0,3.0,success
3605,-0.7894483804702759,0.26870298385620117,-0.00025906553491950035,0.0330054834485054,0.0330054834485054,1.0,3.0,success
3606,-0.7904500961303711,0.2683681845664978,-0.00025909204850904644,0.03300575166940689,0.03300575166940689,1.0,3.0,success
3607,-0.7914701104164124,0.2680254876613617,-0.0002590332878753543,0.03362636640667915,0.03362636640667915,1.0,-3.0,success
3608,-0.792485773563385,0.2676854431629181,-0.0002590835792943835,0.03347109630703926,0.03347109630703926,1.0,-3.0,success
3609,-0.7934971451759338,0.2673480808734894,-0.0002591008087620139,0.03331733122467995,0.03331733122467995,1.0,-3.0,success
3610,-0.7945043444633484,0.2670133709907532,-0.00025908640236593783,0.03316744044423103,0.03316744044423103,1.0,-3.0,success
3611,-0.7955087423324585,0.2666865885257721,-0.00025906070368364453,0.03300688788294792,0.03300688788294792,1.0,3.0,success
3612,-0.7965123057365417,0.2663574814796448,-0.00025902732159011066,0.03300466015934944,0.03300466015934944,1.0,3.0,success
3613,-0.7975151538848877,0.26602602005004883,-0.0002590245276223868,0.03300643712282181,0.03300643712282181,1.0,3.0,success
3614,-0.7985363602638245,0.26568663120269775,-0.0002589425421319902,0.03362893685698509,0.03362893685698509,1.0,-3.0,success
3615,-0.7995532751083374,0.2653498649597168,-0.000258973945165053,0.0334758423268795,0.0334758423268795,1.0,-3.0,success
3616,-0.8005660772323608,0.26501578092575073,-0.0002589760406408459,0.033327508717775345,0.033327508717775345,1.0,-3.0,success
3617,-0.80157470703125,0.2646843194961548,-0.0002589495270512998,0.03317803516983986,0.03317803144454956,1.0,-3.0,success
3618,-0.8025801181793213,0.2643607258796692,-0.00025891614495776594,0.03300633653998375,0.03300633653998375,1.0,3.0,success
3619,-0.8035847544670105,0.2640347480773926,-0.00025887496303766966,0.0330062061548233,0.0330062061548233,1.0,3.0,success
3620,-0.8045886158943176,0.26370641589164734,-0.0002588659117463976,0.0330059714615345,0.0330059714615345,1.0,3.0,success
3621,-0.8056108355522156,0.26337021589279175,-0.0002587789495009929,0.033627722412347794,0.033627722412347794,1.0,-3.0,success
3622,-0.8066288828849792,0.2630366384983063,-0.0002588062488939613,0.0334782749414444,0.0334782749414444,1.0,-3.0,success
3623,-0.807633638381958,0.2627110481262207,-0.00025886576622724533,0.03300601616501808,0.03300601616501808,1.0,3.0,success
3624,-0.8086376786231995,0.26238319277763367,-0.00025885686045512557,0.03300665318965912,0.03300665318965912,1.0,3.0,success
3625,-0.8096409440040588,0.262052983045578,-0.00025887173251248896,0.033006563782691956,0.033006563782691956,1.0,3.0,success
3626,-0.8106625080108643,0.261714905500412,-0.0002588037168607116,0.03362664580345154,0.03362664580345154,1.0,-3.0,success
3627,-0.8116797208786011,0.26137951016426086,-0.00025884658680297434,0.0334712453186512,0.0334712453186512,1.0,-3.0,success
3628,-0.8126839399337769,0.2610521614551544,-0.00025891728000715375,0.03300705552101135,0.03300705552101135,1.0,3.0,success
3629,-0.8136873841285706,0.2607225179672241,-0.00025891815312206745,0.033006347715854645,0.033006347715854645,1.0,3.0,success
3630,-0.8146900534629822,0.26039057970046997,-0.0002589407959021628,0.03300580754876137,0.03300580754876137,1.0,3.0,success
3631,-0.8157110214233398,0.2600507438182831,-0.0002588789793662727,0.03362627699971199,0.03362627699971199,1.0,-3.0,success
3632,-0.8167275786399841,0.2597135901451111,-0.0002589271462056786,0.03346904367208481,0.03346904367208481,1.0,-3.0,success
3633,-0.8177312016487122,0.25938451290130615,-0.0002590013318695128,0.03300613537430763,0.03300613537430763,1.0,3.0,success
3634,-0.8187340497970581,0.25905320048332214,-0.00025900540640577674,0.03300497680902481,0.03300497680902481,1.0,3.0,success
3635,-0.8197553157806396,0.258713960647583,-0.00025892522535286844,0.03362923860549927,0.03362923860549927,1.0,-3.0,success
3636,-0.8207721710205078,0.2583773732185364,-0.00025895857834257185,0.033472318202257156,0.033472318202257156,1.0,-3.0,success
3637,-0.8217846751213074,0.25804346799850464,-0.0002589620999060571,0.03331691399216652,0.03331691399216652,1.0,-3.0,success
3638,-0.8227930068969727,0.257712185382843,-0.000258936604950577,0.03316744044423103,0.03316744044423103,1.0,-3.0,success
3639,-0.8237984776496887,0.25738874077796936,-0.00025890200049616396,0.033006686717271805,0.033006686717271805,1.0,3.0,success
3640,-0.8248226046562195,0.2570575773715973,-0.000258756015682593,0.033635590225458145,0.03363558650016785,1.0,-3.0,success
3641,-0.825842559337616,0.2567289471626282,-0.0002587344206403941,0.033487189561128616,0.033487189561128616,1.0,-3.0,success
3642,-0.8268585205078125,0.2564029395580292,-0.0002586936461739242,0.033343296498060226,0.033343296498060226,1.0,-3.0,success
3643,-0.8278706073760986,0.25607946515083313,-0.0002586324990261346,0.0332038439810276,0.0332038439810276,1.0,-3.0,success
3644,-0.8288788199424744,0.25575852394104004,-0.0002585548209026456,0.03306444734334946,0.03306444734334946,1.0,-3.0,success
3645,-0.829883337020874,0.2554401159286499,-0.0002584638132248074,0.032930415123701096,0.032930415123701096,1.0,-3.0,success
3646,-0.8308841586112976,0.25512421131134033,-0.00025836212444119155,0.0327967144548893,0.0327967144548893,1.0,-3.0,success
3647,-0.8318813443183899,0.25481081008911133,-0.0002582519082352519,0.032664839178323746,0.032664839178323746,1.0,-3.0,success
3648,-0.8328750133514404,0.2544999122619629,-0.000258134794421494,0.032536569982767105,0.032536569982767105,1.0,-3.0,success
3649,-0.8338672518730164,0.25419148802757263,-0.00025800344883464277,0.032470881938934326,0.032470881938934326,1.0,-3.0,success
3650,-0.8348601460456848,0.25388556718826294,-0.0002578595594968647,0.032467324286699295,0.032467324286699295,1.0,-3.0,success
3651,-0.8358537554740906,0.25358209013938904,-0.0002577153209131211,0.03246629983186722,0.03246629610657692,1.0,-3.0,success
3652,-0.8368480801582336,0.2532811164855957,-0.00025757125695236027,0.032464925199747086,0.032464925199747086,1.0,-3.0,success
3653,-0.837843120098114,0.25298261642456055,-0.0002574272803030908,0.03246402367949486,0.03246402367949486,1.0,-3.0,success
3654,-0.8388388752937317,0.25268658995628357,-0.0002572834200691432,0.03246331959962845,0.03246331959962845,1.0,-3.0,success
3655,-0.8398353457450867,0.25239303708076477,-0.000257139588939026,0.032462816685438156,0.032462816685438156,1.0,-3.0,success
3656,-0.8408324718475342,0.25210195779800415,-0.00025699572870507836,0.03246072679758072,0.03246072679758072,1.0,-3.0,success
3657,-0.8418302536010742,0.2518133521080017,-0.0002568518975749612,0.0324588306248188,0.0324588306248188,1.0,-3.0,success
3658,-0.8428286910057068,0.25152724981307983,-0.00025670797913335264,0.03245687857270241,0.03245687857270241,1.0,-3.0,success
3659,-0.8438278436660767,0.25124362111091614,-0.00025656403158791363,0.032457172870635986,0.032457172870635986,1.0,-3.0,success
3660,-0.8448276519775391,0.25096243619918823,-0.0002564200258348137,0.03245612606406212,0.03245612606406212,1.0,-3.0,success
3661,-0.845828115940094,0.2506837844848633,-0.0002562759327702224,0.03245451673865318,0.03245451673865318,1.0,-3.0,success
3662,-0.8468291759490967,0.2504075765609741,-0.00025613175239413977,0.032452065497636795,0.032452065497636795,1.0,-3.0,success
3663,-0.8478309512138367,0.2501338720321655,-0.00025598748470656574,0.03245290741324425,0.03245290741324425,1.0,-3.0,success
3664,-0.8488333225250244,0.2498626410961151,-0.00025584312970750034,0.0324505977332592,0.0324505977332592,1.0,-3.0,success
3665,-0.8498363494873047,0.24959391355514526,-0.00025569868739694357,0.03245004639029503,0.03245004266500473,1.0,-3.0,success
3666,-0.8508399724960327,0.2493276745080948,-0.00025555412867106497,0.03244801238179207,0.03244800865650177,1.0,-3.0,success
3667,-0.8518442511558533,0.24906392395496368,-0.00025540951173752546,0.032447975128889084,0.032447975128889084,1.0,-3.0,success
3668,-0.8528685569763184,0.24880658090114594,-0.000255193910561502,0.03300431743264198,0.03300431743264198,1.0,3.0,success
3669,-0.8538922667503357,0.24854673445224762,-0.0002551113720983267,0.03300541266798973,0.03300541266798973,1.0,3.0,success
3670,-0.8549152612686157,0.24828436970710754,-0.000255074497545138,0.03300321102142334,0.03300321102142334,1.0,3.0,success
3671,-0.855937659740448,0.24801956117153168,-0.00025507144164294004,0.03300423175096512,0.03300423175096512,1.0,3.0,success
3672,-0.8569594621658325,0.2477523535490036,-0.00025509519036859274,0.033005088567733765,0.033005088567733765,1.0,3.0,success
3673,-0.8579806089401245,0.2474827766418457,-0.00025514038861729205,0.03300408646464348,0.03300408646464348,1.0,3.0,success
3674,-0.8590011596679688,0.24721090495586395,-0.00025520261260680854,0.03300446644425392,0.03300446644425392,1.0,3.0,success
3675,-0.8600403070449829,0.24693231284618378,-0.0002551735087763518,0.03362013399600983,0.03362013399600983,1.0,-3.0,success
3676,-0.8610756993293762,0.24665647745132446,-0.0002552431251388043,0.03348451852798462,0.03348451852798462,1.0,-3.0,success
3677,-0.8620970845222473,0.24638763070106506,-0.0002553404192440212,0.033005475997924805,0.033005475997924805,1.0,3.0,success
3678,-0.8631178140640259,0.246116504073143,-0.0002553607919253409,0.03300388529896736,0.03300388529896736,1.0,3.0,success
3679,-0.8641379475593567,0.24584302306175232,-0.0002553993836045265,0.03300485387444496,0.03300485387444496,1.0,3.0,success
3680,-0.865157425403595,0.2455672323703766,-0.0002554561069700867,0.03300384059548378,0.03300384059548378,1.0,3.0,success
3681,-0.8661763072013855,0.2452891618013382,-0.0002555275277700275,0.03300454467535019,0.03300454467535019,1.0,3.0,success
3682,-0.8672137260437012,0.2450042963027954,-0.0002555056707933545,0.033619336783885956,0.033619336783885956,1.0,-3.0,success
3683,-0.8682472109794617,0.2447221875190735,-0.0002555820101406425,0.0334780178964138,0.0334780178964138,1.0,-3.0,success
3684,-0.8692768812179565,0.2444428652524948,-0.0002556193503551185,0.033340126276016235,0.033340126276016235,1.0,-3.0,success
3685,-0.870297372341156,0.24417054653167725,-0.00025566358817741275,0.03300626575946808,0.03300626575946808,1.0,3.0,success
3686,-0.8713171482086182,0.24389588832855225,-0.0002556616673246026,0.03300360590219498,0.03300360590219498,1.0,3.0,success
3687,-0.8723363280296326,0.24361887574195862,-0.00025568329147063196,0.033004842698574066,0.033004842698574066,1.0,3.0,success
3688,-0.8733548521995544,0.24333952367305756,-0.0002557265106588602,0.033004336059093475,0.033004336059093475,1.0,3.0,success
3689,-0.8743919730186462,0.24305333197116852,-0.0002556821273174137,0.03362135961651802,0.03362135961651802,1.0,-3.0,success
3690,-0.8754253387451172,0.24276986718177795,-0.0002557398402132094,0.03348561003804207,0.03348561003804207,1.0,-3.0,success
3691,-0.8764446973800659,0.24249352514743805,-0.00025582744274288416,0.033004745841026306,0.033004745841026306,1.0,3.0,success
3692,-0.8774634599685669,0.2422148734331131,-0.00025584001559764147,0.0330057367682457,0.0330057367682457,1.0,3.0,success
3693,-0.8784815073013306,0.2419338822364807,-0.00025587232084944844,0.0330035574734211,0.0330035574734211,1.0,3.0,success
3694,-0.8794989585876465,0.24165059626102448,-0.0002559240092523396,0.0330047644674778,0.0330047644674778,1.0,3.0,success
3695,-0.8805349469184875,0.2413603812456131,-0.0002558862615842372,0.033620938658714294,0.033620938658714294,1.0,-3.0,success
3696,-0.8815672397613525,0.2410729080438614,-0.0002559490967541933,0.03348666429519653,0.03348666429519653,1.0,-3.0,success
3697,-0.8825960159301758,0.24078817665576935,-0.0002559756103437394,0.03335785120725632,0.03335785120725632,1.0,-3.0,success
3698,-0.8836150765419006,0.24051055312156677,-0.00025601458037272096,0.03300626203417778,0.03300626203417778,1.0,3.0,success
3699,-0.8846334218978882,0.24023057520389557,-0.00025600616936571896,0.03300412371754646,0.03300412371754646,1.0,3.0,success
3700,-0.8856511116027832,0.23994824290275574,-0.0002560224966146052,0.03300395980477333,0.03300395980477333,1.0,3.0,success
3701,-0.8866874575614929,0.23965896666049957,-0.00025595634360797703,0.03362380340695381,0.03362380340695381,1.0,-3.0,success
3702,-0.8877203464508057,0.2393724024295807,-0.0002559958375059068,0.033497005701065063,0.033497005701065063,1.0,-3.0,success
3703,-0.8887388706207275,0.23909296095371246,-0.0002560713910497725,0.03300507366657257,0.03300507366657257,1.0,3.0,success
3704,-0.8897567391395569,0.23881122469902039,-0.0002560728753451258,0.03300437703728676,0.03300437703728676,1.0,3.0,success
3705,-0.8907739520072937,0.2385271191596985,-0.0002560962166171521,0.03300446644425392,0.03300446644425392,1.0,3.0,success
3706,-0.8918098211288452,0.23823605477809906,-0.0002560355933383107,0.033624522387981415,0.033624522387981415,1.0,-3.0,success
3707,-0.8928422331809998,0.23794770240783691,-0.00025607921998016536,0.033497635275125504,0.033497635275125504,1.0,-3.0,success
3708,-0.8938602805137634,0.2376665323972702,-0.0002561585570219904,0.03300504386425018,0.03300504386425018,1.0,3.0,success
3709,-0.8948776721954346,0.23738306760787964,-0.00025616292259655893,0.03300446644425392,0.03300446644425392,1.0,3.0,success
3710,-0.8958944082260132,0.23709723353385925,-0.00025618853396736085,0.03300468996167183,0.03300468996167183,1.0,3.0,success
3711,-0.8969298005104065,0.23680442571640015,-0.00025612968602217734,0.03362496197223663,0.03362496197223663,1.0,-3.0,success
3712,-0.8979617357254028,0.23651431500911713,-0.00025617462233640254,0.03349811211228371,0.03349811211228371,1.0,-3.0,success
3713,-0.8989793062210083,0.23623143136501312,-0.0002562552981544286,0.03300498425960541,0.03300498425960541,1.0,3.0,success
3714,-0.8999962210655212,0.23594625294208527,-0.00025626056594774127,0.033004533499479294,0.033004529774188995,1.0,3.0,success
3715,-0.9010124802589417,0.23565872013568878,-0.00025628693401813507,0.0330047607421875,0.0330047607421875,1.0,3.0,success
3716,-0.902047336101532,0.2353641539812088,-0.0002562286099418998,0.0336238369345665,0.0336238369345665,1.0,-3.0,success
3717,-0.9030788540840149,0.2350723147392273,-0.0002562739246059209,0.033500224351882935,0.033500224351882935,1.0,-3.0,success
3718,-0.9040959477424622,0.234787717461586,-0.00025635509518906474,0.033005014061927795,0.033005014061927795,1.0,3.0,success
3719,-0.9051123857498169,0.23450082540512085,-0.00025636068312451243,0.03300468996167183,0.03300468996167183,1.0,3.0,success
3720,-0.9061281681060791,0.23421157896518707,-0.00025638725492171943,0.03300504758954048,0.03300504758954048,1.0,3.0,success
3721,-0.9071432948112488,0.23392003774642944,-0.0002564342867117375,0.033005066215991974,0.033005066215991974,1.0,3.0,success
3722,-0.9081768989562988,0.23362140357494354,-0.0002563926682341844,0.033621277660131454,0.033621277660131454,1.0,-3.0,success
3723,-0.9092071056365967,0.23332549631595612,-0.0002564513706602156,0.03349566459655762,0.03349566459655762,1.0,-3.0,success
3724,-0.9102340936660767,0.23303233087062836,-0.0002564747410360724,0.03337538242340088,0.03337538242340088,1.0,-3.0,success
3725,-0.9112508296966553,0.232746422290802,-0.0002565147588029504,0.03300531953573227,0.03300531953573227,1.0,3.0,success
3726,-0.9122669100761414,0.2324581742286682,-0.0002565048635005951,0.033005475997924805,0.033005475997924805,1.0,3.0,success
3727,-0.9132822751998901,0.2321675568819046,-0.0002565198519732803,0.0330042690038681,0.0330042690038681,1.0,3.0,success
3728,-0.9143162369728088,0.23186984658241272,-0.00025645247660577297,0.033624015748500824,0.033624015748500824,1.0,-3.0,success
3729,-0.9153469204902649,0.23157481849193573,-0.00025649042800068855,0.03350241854786873,0.03350241854786873,1.0,-3.0,success
3730,-0.9163631796836853,0.23128710687160492,-0.0002565662725828588,0.03300628066062927,0.03300628066062927,1.0,3.0,success
3731,-0.9173787236213684,0.23099708557128906,-0.0002565672330092639,0.0330045260488987,0.0330045260488987,1.0,3.0,success
3732,-0.918393611907959,0.23070469498634338,-0.00025659005041234195,0.0330052450299263,0.0330052450299263,1.0,3.0,success
3733,-0.9194270372390747,0.23040521144866943,-0.0002565288741607219,0.033623289316892624,0.033623289316892624,1.0,-3.0,success
3734,-0.9198060631752014,0.22998088598251343,-0.00024118497094605118,0.017786389216780663,0.017779923975467682,1.0,-3.0,success
