step,x,y,z,speed_3d,speed_xy,command_v,command_w,outcome
0,1.8074932098388672,-1.5237611532211304,-0.010162233375012875,0.0,0.0,0.0,0.0,success
1,1.8075016736984253,-1.5237672328948975,-0.005229585338383913,0.15414559841156006,0.00032565940637141466,1.0,3.0,success
2,1.8074651956558228,-1.522733211517334,-0.004209176171571016,0.04541223496198654,0.032333265990018845,1.0,-3.0,success
3,1.8074311017990112,-1.5216774940490723,-0.0034157070331275463,0.04128425568342209,0.03300836682319641,1.0,-3.0,success
4,1.8073993921279907,-1.5206218957901,-0.0027813308406621218,0.038498759269714355,0.033002324402332306,1.0,-3.0,success
5,1.8073701858520508,-1.5195661783218384,-0.002273987978696823,0.036614399403333664,0.0330037921667099,1.0,-3.0,success
6,1.8073432445526123,-1.5185104608535767,-0.001868238439783454,0.03535392880439758,0.03300190716981888,1.0,-3.0,success
7,1.8073186874389648,-1.5174546241760254,-0.0015437389956787229,0.03452656790614128,0.03300381451845169,1.0,-3.0,success
8,1.8072965145111084,-1.5163987874984741,-0.0012842193245887756,0.03398404270410538,0.03300216794013977,1.0,-3.0,success
9,1.807276725769043,-1.5153429508209229,-0.0010766676859930158,0.033632032573223114,0.03300068899989128,1.0,-3.0,success
10,1.807259202003479,-1.514286994934082,-0.0009106775396503508,0.03340831771492958,0.03300316259264946,1.0,-3.0,success
11,1.8072439432144165,-1.5132310390472412,-0.0007779263542033732,0.03326177969574928,0.033002063632011414,1.0,-3.0,success
12,1.8072309494018555,-1.5121750831604004,-0.0006717582000419497,0.03316747397184372,0.033001117408275604,1.0,-3.0,success
13,1.8072203397750854,-1.5111191272735596,-0.000586849870160222,0.033106785267591476,0.03300028666853905,1.0,-3.0,success
14,1.8072118759155273,-1.5100631713867188,-0.00051894411444664,0.033067841082811356,0.0329996794462204,1.0,-3.0,success
15,1.8072057962417603,-1.5090070962905884,-0.000464636308606714,0.03304649889469147,0.03300289064645767,1.0,-3.0,success
16,1.8072019815444946,-1.5079511404037476,-0.0004212034691590816,0.03302673250436783,0.03299883380532265,1.0,-3.0,success
17,1.8072004318237305,-1.5068950653076172,-0.0003864679019898176,0.033020224422216415,0.03300238028168678,1.0,-3.0,success
18,1.8072011470794678,-1.5058391094207764,-0.0003586880338843912,0.03301004320383072,0.03299862891435623,1.0,-3.0,success
19,1.8072041273117065,-1.504783034324646,-0.00033647098462097347,0.03300977870821953,0.03300247713923454,1.0,-3.0,success
20,1.8072093725204468,-1.5037270784378052,-0.00031870283419266343,0.03300369903445244,0.03299902752041817,1.0,-3.0,success
21,1.807216763496399,-1.5026710033416748,-0.00030449271434918046,0.03300613909959793,0.033003151416778564,1.0,-3.0,success
22,1.807226538658142,-1.501615047454834,-0.0002931281051132828,0.03300194442272186,0.03300002962350845,1.0,-3.0,success
23,1.8072385787963867,-1.5005590915679932,-0.000284039240796119,0.033001985400915146,0.03300076350569725,1.0,-3.0,success
24,1.8072528839111328,-1.499503254890442,-0.000276770384516567,0.0329987034201622,0.032997921109199524,1.0,-3.0,success
25,1.8072694540023804,-1.498447299003601,-0.00027095709810964763,0.03300318121910095,0.03300267830491066,1.0,-3.0,success
26,1.8072882890701294,-1.4973914623260498,-0.0002663079067133367,0.03300046548247337,0.033000145107507706,1.0,-3.0,success
27,1.8073092699050903,-1.496335744857788,-0.00026258971774950624,0.03299788758158684,0.03299768641591072,1.0,-3.0,success
28,1.807331919670105,-1.4952799081802368,-0.0002596251433715224,0.033002614974975586,0.03300248458981514,1.0,3.0,success
29,1.8073519468307495,-1.494224190711975,-0.0002572442463133484,0.032997190952301025,0.03299710527062416,1.0,3.0,success
30,1.8073692321777344,-1.4931683540344238,-0.00025533995358273387,0.032999370247125626,0.03299931436777115,1.0,3.0,success
31,1.807384729385376,-1.492112398147583,-0.00025380737497471273,0.033002205193042755,0.03300217166543007,1.0,-3.0,success
32,1.8074027299880981,-1.4910565614700317,-0.0002525912714190781,0.032999712973833084,0.03299969062209129,1.0,-3.0,success
33,1.8074231147766113,-1.4900007247924805,-0.00025161923258565366,0.03300105780363083,0.033001042902469635,1.0,-3.0,success
34,1.8074458837509155,-1.4889450073242188,-0.00025084198568947613,0.03299884870648384,0.032998841255903244,1.0,-3.0,success
35,1.8074710369110107,-1.487889289855957,-0.0002502204733900726,0.033000536262989044,0.033000532537698746,1.0,-3.0,success
36,1.8074978590011597,-1.4868336915969849,-0.0002497329842299223,0.03299809247255325,0.03299809247255325,1.0,3.0,success
37,1.8075220584869385,-1.4857779741287231,-0.00024933318491093814,0.03299983963370323,0.03299983590841293,1.0,3.0,success
38,1.8075436353683472,-1.4847221374511719,-0.0002490132756065577,0.03300178423523903,0.03300178423523903,1.0,3.0,success
39,1.8075635433197021,-1.4836664199829102,-0.00024874749942682683,0.03299703821539879,0.03299703449010849,1.0,-3.0,success
40,1.8075858354568481,-1.4826105833053589,-0.0002485445002093911,0.03300224617123604,0.03300224617123604,1.0,-3.0,success
41,1.8076106309890747,-1.4815548658370972,-0.0002483827411197126,0.033000268042087555,0.033000268042087555,1.0,-3.0,success
42,1.807637095451355,-1.480499267578125,-0.0002482633863110095,0.03299780935049057,0.03299780935049057,1.0,3.0,success
43,1.8076611757278442,-1.4794435501098633,-0.00024815808865241706,0.03299975022673607,0.03299975022673607,1.0,3.0,success
44,1.8076833486557007,-1.478387713432312,-0.00024806364672258496,0.03300217166543007,0.03300216794013977,1.0,-3.0,success
45,1.8077079057693481,-1.4773319959640503,-0.00024799761013127863,0.03300009295344353,0.03300009295344353,1.0,-3.0,success
46,1.8077349662780762,-1.4762763977050781,-0.00024794539785943925,0.032998282462358475,0.032998282462358475,1.0,-3.0,success
47,1.8077638149261475,-1.475220799446106,-0.0002479136164765805,0.032999761402606964,0.032999757677316666,1.0,3.0,success
48,1.8077900409698486,-1.4741650819778442,-0.00024787834263406694,0.03300134837627411,0.03300134837627411,1.0,3.0,success
49,1.8078137636184692,-1.4731093645095825,-0.00024784987908788025,0.03299949690699577,0.03299949690699577,1.0,3.0,success
50,1.8078358173370361,-1.4720536470413208,-0.0002478170208632946,0.03299836441874504,0.03299836441874504,1.0,-3.0,success
51,1.807860255241394,-1.470997929573059,-0.0002478002570569515,0.03300000727176666,0.03300000727176666,1.0,-3.0,success
52,1.8078871965408325,-1.4699422121047974,-0.00024778745137155056,0.03300191089510918,0.03300190716981888,1.0,-3.0,success
53,1.8079159259796143,-1.4688866138458252,-0.0002477873640600592,0.032999660819768906,0.032999660819768906,1.0,3.0,success
54,1.8079421520233154,-1.467831015586853,-0.000247777410550043,0.03299762308597565,0.03299762308597565,1.0,3.0,success
55,1.807965874671936,-1.4667751789093018,-0.00024776923237368464,0.033003222197294235,0.033003222197294235,1.0,3.0,success
56,1.8079878091812134,-1.46571946144104,-0.000247752497671172,0.03299828991293907,0.03299828991293907,1.0,-3.0,success
57,1.8080122470855713,-1.4646637439727783,-0.0002477486268617213,0.03300000727176666,0.03300000727176666,1.0,-3.0,success
58,1.8080391883850098,-1.4636081457138062,-0.00024774615303613245,0.032998185604810715,0.032998181879520416,1.0,-3.0,success
59,1.808067798614502,-1.462552547454834,-0.00024775430210866034,0.03299956023693085,0.03299956023693085,1.0,3.0,success
60,1.8080940246582031,-1.4614968299865723,-0.00024775101337581873,0.03300134837627411,0.03300134837627411,1.0,3.0,success
61,1.8081176280975342,-1.4604411125183105,-0.00024774810299277306,0.03299941122531891,0.03299941122531891,1.0,3.0,success
62,1.8081395626068115,-1.4593852758407593,-0.0002477356174495071,0.033002015203237534,0.033002015203237534,1.0,-3.0,success
63,1.8081640005111694,-1.4583295583724976,-0.00024773512268438935,0.03300000727176666,0.03300000727176666,1.0,-3.0,success
64,1.808190941810608,-1.457295298576355,-0.00024371696054004133,0.03233182430267334,0.03233157843351364,1.0,-3.0,success
65,1.808220386505127,-1.4562398195266724,-0.00024420718546025455,0.03299655392765999,0.03299655020236969,1.0,-3.0,success
66,1.8082516193389893,-1.4551843404769897,-0.00024490844225510955,0.032998163253068924,0.03299815580248833,1.0,3.0,success
67,1.808280348777771,-1.4541287422180176,-0.0002454743371345103,0.032999664545059204,0.032999660819768906,1.0,3.0,success
68,1.8083072900772095,-1.4530730247497559,-0.0002459173265378922,0.03300191089510918,0.03300190716981888,1.0,-3.0,success
69,1.808336615562439,-1.4520174264907837,-0.00024628115352243185,0.03300017490983009,0.033000171184539795,1.0,-3.0,success
70,1.8083678483963013,-1.450961947441101,-0.000246582756517455,0.032998159527778625,0.03299815580248833,1.0,3.0,success
71,1.8083964586257935,-1.449906349182129,-0.000246814131969586,0.03299956023693085,0.03299956023693085,1.0,3.0,success
72,1.808422565460205,-1.4488506317138672,-0.0002469989121891558,0.03300125524401665,0.03300125524401665,1.0,3.0,success
73,1.808447003364563,-1.4477949142456055,-0.0002471364277880639,0.03300000727176666,0.03300000727176666,1.0,-3.0,success
74,1.8084739446640015,-1.4467393159866333,-0.00024725592811591923,0.032998185604810715,0.032998181879520416,1.0,-3.0,success
75,1.8085026741027832,-1.4456837177276611,-0.0002473623608238995,0.032999660819768906,0.032999660819768906,1.0,3.0,success
76,1.8085289001464844,-1.4446280002593994,-0.000247437710640952,0.03300134837627411,0.03300134837627411,1.0,3.0,success
77,1.808552622795105,-1.4435722827911377,-0.00024749766453169286,0.03299949690699577,0.03299949690699577,1.0,3.0,success
78,1.8085739612579346,-1.4425164461135864,-0.00024754571495577693,0.03300163149833679,0.03300163149833679,1.0,3.0,success
79,1.8085936307907104,-1.4414607286453247,-0.00024757362552918494,0.03299689665436745,0.03299689665436745,1.0,-3.0,success
80,1.8086159229278564,-1.4404048919677734,-0.0002476054069120437,0.03300224617123604,0.03300224617123604,1.0,-3.0,success
81,1.808640718460083,-1.4393491744995117,-0.0002476314839441329,0.033000268042087555,0.033000268042087555,1.0,-3.0,success
82,1.8086678981781006,-1.4382935762405396,-0.00024765252601355314,0.032998375594615936,0.032998375594615936,1.0,-3.0,success
83,1.8086975812911987,-1.4372379779815674,-0.0002476695226505399,0.033000484108924866,0.033000484108924866,1.0,-3.0,success
84,1.808729648590088,-1.4361824989318848,-0.000247683230554685,0.032998938113451004,0.032998938113451004,1.0,-3.0,success
85,1.8087633848190308,-1.4351270198822021,-0.00024770383606664836,0.03300056234002113,0.03300056234002113,1.0,3.0,success
86,1.808794617652893,-1.43407142162323,-0.0002477104135323316,0.03300188109278679,0.03300188109278679,1.0,3.0,success
87,1.8088232278823853,-1.4330158233642578,-0.00024771547759883106,0.03299956023693085,0.03299956023693085,1.0,3.0,success
88,1.8088500499725342,-1.4319602251052856,-0.00024770956952124834,0.03299809247255325,0.03299809247255325,1.0,-3.0,success
89,1.8088793754577637,-1.4309046268463135,-0.00024771440075710416,0.03300017490983009,0.033000171184539795,1.0,-3.0,success
90,1.8089112043380737,-1.4298490285873413,-0.0002477188827469945,0.03300243616104126,0.03300243616104126,1.0,-3.0,success
91,1.8089447021484375,-1.4287936687469482,-0.0002477324742358178,0.03299660235643387,0.03299660235643387,1.0,3.0,success
92,1.8089756965637207,-1.427738070487976,-0.0002477334928698838,0.03300166130065918,0.03300166130065918,1.0,3.0,success
93,1.8090049028396606,-1.426682472229004,-0.00024772403412498534,0.03300006687641144,0.03300006687641144,1.0,-3.0,success
94,1.8090364933013916,-1.4256269931793213,-0.00024772604228928685,0.03299848735332489,0.03299848735332489,1.0,-3.0,success
95,1.8090707063674927,-1.4245715141296387,-0.0002477282250765711,0.033001042902469635,0.033001042902469635,1.0,-3.0,success
96,1.809106469154358,-1.4235161542892456,-0.0002477399248164147,0.03299892321228981,0.03299892321228981,1.0,3.0,success
97,1.8091397285461426,-1.422460675239563,-0.0002477394009474665,0.03300008922815323,0.03300008922815323,1.0,3.0,success
98,1.8091704845428467,-1.4214050769805908,-0.00024773876066319644,0.03300144150853157,0.03300144150853157,1.0,3.0,success
99,1.809199571609497,-1.4203494787216187,-0.0002477281668689102,0.03299996629357338,0.03299996629357338,1.0,-3.0,success
100,1.8092310428619385,-1.419293999671936,-0.00024772921460680664,0.032998375594615936,0.032998375594615936,1.0,-3.0,success
101,1.8092650175094604,-1.4182385206222534,-0.000247730640694499,0.033000800758600235,0.033000800758600235,1.0,-3.0,success
102,1.809301495552063,-1.4171831607818604,-0.0002477319794707,0.03299969062209129,0.03299969062209129,1.0,-3.0,success
103,1.8093396425247192,-1.4161278009414673,-0.0002477428934071213,0.033001530915498734,0.033001530915498734,1.0,3.0,success
104,1.8093751668930054,-1.4150724411010742,-0.0002477417583577335,0.03299867361783981,0.03299867361783981,1.0,3.0,success
105,1.809408187866211,-1.4140169620513916,-0.0002477405942045152,0.032999858260154724,0.032999858260154724,1.0,3.0,success
106,1.8094395399093628,-1.412961483001709,-0.0002477296511642635,0.03299826756119728,0.03299826756119728,1.0,-3.0,success
107,1.8094732761383057,-1.4119060039520264,-0.00024773040786385536,0.03300056234002113,0.03300056234002113,1.0,-3.0,success
108,1.8095096349716187,-1.4108505249023438,-0.00024773163022473454,0.03300328180193901,0.03300328180193901,1.0,-3.0,success
109,1.8095475435256958,-1.4097952842712402,-0.0002477426896803081,0.03299754112958908,0.03299754112958908,1.0,3.0,success
110,1.809583067893982,-1.4087399244308472,-0.0002477416710462421,0.03299867361783981,0.03299867361783981,1.0,3.0,success
111,1.8096160888671875,-1.4076844453811646,-0.0002477405942045152,0.032999858260154724,0.032999858260154724,1.0,3.0,success
112,1.8096466064453125,-1.4066288471221924,-0.00024773989571258426,0.03300122544169426,0.03300122544169426,1.0,3.0,success
113,1.8096753358840942,-1.4055732488632202,-0.000247728981776163,0.032999660819768906,0.032999660819768906,1.0,-3.0,success
114,1.809706687927246,-1.404517650604248,-0.0002477297093719244,0.033001989126205444,0.033001989126205444,1.0,-3.0,success
115,1.8097399473190308,-1.4034621715545654,-0.0002477412926964462,0.03300008922815323,0.03300008922815323,1.0,3.0,success
116,1.8097705841064453,-1.4024066925048828,-0.00024774076882749796,0.03299760818481445,0.03299760818481445,1.0,3.0,success
117,1.8097995519638062,-1.4013510942459106,-0.0002477297675795853,0.03299986198544502,0.03299986198544502,1.0,-3.0,success
118,1.8098310232162476,-1.4002954959869385,-0.0002477304660715163,0.0330021008849144,0.0330021008849144,1.0,-3.0,success
119,1.8098649978637695,-1.3992400169372559,-0.000247731659328565,0.033000800758600235,0.033000800758600235,1.0,-3.0,success
120,1.8099013566970825,-1.3981846570968628,-0.00024773276527412236,0.03299956023693085,0.03299956023693085,1.0,-3.0,success
121,1.8099395036697388,-1.3971294164657593,-0.00024774353369139135,0.03299780935049057,0.03299780935049057,1.0,3.0,success
122,1.8099751472473145,-1.3960740566253662,-0.00024774225312285125,0.03299879655241966,0.03299879655241966,1.0,3.0,success
123,1.8100088834762573,-1.3950185775756836,-0.0002477311063557863,0.03300056234002113,0.03300056234002113,1.0,-3.0,success
124,1.8100450038909912,-1.393963098526001,-0.0002477317175362259,0.03300302475690842,0.03300302475690842,1.0,-3.0,success
125,1.8100837469100952,-1.3929078578948975,-0.0002477327943779528,0.03299848362803459,0.03299848362803459,1.0,-3.0,success
126,1.8101240396499634,-1.391852617263794,-0.0002477435627952218,0.03300030156970024,0.03300029784440994,1.0,3.0,success
127,1.8101619482040405,-1.3907973766326904,-0.0002477422822266817,0.03299754112958908,0.03299754112958908,1.0,3.0,success
128,1.8101972341537476,-1.3897418975830078,-0.00024774103076197207,0.03300214558839798,0.03300214558839798,1.0,3.0,success
129,1.810230016708374,-1.3886864185333252,-0.0002477401867508888,0.03299962356686592,0.03299962356686592,1.0,3.0,success
130,1.8102611303329468,-1.3876309394836426,-0.0002477292437106371,0.03299804404377937,0.03299804404377937,1.0,-3.0,success
131,1.8102947473526,-1.38657546043396,-0.0002477299713063985,0.03300044313073158,0.03300044313073158,1.0,-3.0,success
132,1.8103309869766235,-1.3855199813842773,-0.0002477311936672777,0.033003151416778564,0.033003151416778564,1.0,-3.0,success
133,1.8103688955307007,-1.3844647407531738,-0.0002477423695381731,0.03299754112958908,0.03299754112958908,1.0,3.0,success
134,1.8104043006896973,-1.3834092617034912,-0.0002477414673194289,0.03300226852297783,0.03300226852297783,1.0,3.0,success
135,1.8104372024536133,-1.3823537826538086,-0.00024774050689302385,0.03299973905086517,0.03299973905086517,1.0,3.0,success
136,1.8104684352874756,-1.381298303604126,-0.0002477295056451112,0.032998159527778625,0.03299815580248833,1.0,-3.0,success
137,1.810502052307129,-1.3802428245544434,-0.0002477302332408726,0.03300044313073158,0.03300044313073158,1.0,-3.0,success
138,1.8105382919311523,-1.3791874647140503,-0.0002477314556017518,0.0329994298517704,0.0329994298517704,1.0,-3.0,success
139,1.8105769157409668,-1.3781321048736572,-0.0002477325906511396,0.03300207108259201,0.03300207108259201,1.0,-3.0,success
140,1.8106173276901245,-1.3770769834518433,-0.00024774338817223907,0.03299671784043312,0.03299671784043312,1.0,3.0,success
141,1.810655117034912,-1.3760216236114502,-0.0002477421658113599,0.0330011285841465,0.0330011285841465,1.0,3.0,success
142,1.8106911182403564,-1.3749662637710571,-0.00024773101904429495,0.032999176532030106,0.032999176532030106,1.0,-3.0,success
143,1.8107295036315918,-1.373910903930664,-0.000247731659328565,0.03300180286169052,0.03300180286169052,1.0,-3.0,success
144,1.81076979637146,-1.3728556632995605,-0.0002477426896803081,0.03300030156970024,0.03300029784440994,1.0,3.0,success
145,1.8108081817626953,-1.371800422668457,-0.0002477319794707,0.03299807757139206,0.03299807757139206,1.0,-3.0,success
146,1.8108489513397217,-1.3707451820373535,-0.0002477325324434787,0.033000871539115906,0.03300086781382561,1.0,-3.0,success
147,1.8108915090560913,-1.3696900606155396,-0.0002477433590684086,0.03299935162067413,0.03299935162067413,1.0,3.0,success
148,1.8109315633773804,-1.368634819984436,-0.00024774219491519034,0.03300001844763756,0.03300001844763756,1.0,3.0,success
149,1.8109698295593262,-1.367579460144043,-0.00024773101904429495,0.03300166502594948,0.03300166502594948,1.0,-3.0,success
150,1.811010479927063,-1.3665242195129395,-0.00024773163022473454,0.033000726252794266,0.033000726252794266,1.0,-3.0,success
151,1.8110536336898804,-1.3654690980911255,-0.000247732677962631,0.03300010785460472,0.03300010785460472,1.0,-3.0,success
152,1.8110984563827515,-1.364414095878601,-0.00024774347548373044,0.03299855813384056,0.03299855813384056,1.0,3.0,success
153,1.811140775680542,-1.363358974456787,-0.00024774225312285125,0.032999053597450256,0.032999053597450256,1.0,3.0,success
154,1.8111813068389893,-1.3623037338256836,-0.00024773107725195587,0.033000584691762924,0.033000584691762924,1.0,-3.0,success
155,1.8112242221832275,-1.3612486124038696,-0.00024773168843239546,0.032999806106090546,0.032999806106090546,1.0,-3.0,success
156,1.8112696409225464,-1.3601936101913452,-0.00024773276527412236,0.03299935534596443,0.03299935534596443,1.0,-3.0,success
157,1.811316728591919,-1.3591386079788208,-0.00024774353369139135,0.03300163894891739,0.03300163894891739,1.0,3.0,success
158,1.811361312866211,-1.3580836057662964,-0.0002477422822266817,0.03299824520945549,0.03299824148416519,1.0,3.0,success
159,1.8114033937454224,-1.3570284843444824,-0.00024774103076197207,0.03299875557422638,0.03299875557422638,1.0,3.0,success
160,1.8114430904388428,-1.3559731245040894,-0.0002477402158547193,0.0330033153295517,0.0330033153295517,1.0,3.0,success
161,1.8114808797836304,-1.3549178838729858,-0.0002477292437106371,0.03299740329384804,0.03299740329384804,1.0,-3.0,success
162,1.811521291732788,-1.3538626432418823,-0.0002477299713063985,0.03300044313073158,0.03300044313073158,1.0,-3.0,success
163,1.8115636110305786,-1.3528075218200684,-0.0002477414673194289,0.032999053597450256,0.032999053597450256,1.0,3.0,success
164,1.811603307723999,-1.3517522811889648,-0.00024774091434665024,0.032999590039253235,0.032999590039253235,1.0,3.0,success
165,1.8116406202316284,-1.3506969213485718,-0.00024774015764705837,0.03300059959292412,0.03300059959292412,1.0,3.0,success
166,1.811676263809204,-1.3496414422988892,-0.0002477291855029762,0.033002518117427826,0.033002518117427826,1.0,-3.0,success
167,1.8117144107818604,-1.3485862016677856,-0.00024772988399490714,0.03299780935049057,0.03299780935049057,1.0,-3.0,success
168,1.8117549419403076,-1.3475309610366821,-0.0002477311063557863,0.033000584691762924,0.033000584691762924,1.0,-3.0,success
169,1.811798095703125,-1.3464758396148682,-0.0002477322705090046,0.03300010785460472,0.03300010785460472,1.0,-3.0,success
170,1.811842918395996,-1.3454208374023438,-0.0002477431553415954,0.03299855813384056,0.03299855813384056,1.0,3.0,success
171,1.8118852376937866,-1.3443655967712402,-0.0002477420202922076,0.03300277516245842,0.03300277516245842,1.0,3.0,success
172,1.8119257688522339,-1.3433104753494263,-0.00024773087352514267,0.03299686312675476,0.03299686312675476,1.0,-3.0,success
173,1.8119686841964722,-1.3422553539276123,-0.0002477315138094127,0.032999806106090546,0.032999806106090546,1.0,-3.0,success
174,1.812014102935791,-1.3412002325057983,-0.0002477326197549701,0.033003076910972595,0.033003076910972595,1.0,-3.0,success
175,1.8120611906051636,-1.3401453495025635,-0.0002477434172760695,0.032997917383909225,0.032997917383909225,1.0,3.0,success
176,1.8121057748794556,-1.3390902280807495,-0.00024774219491519034,0.033001966774463654,0.033001966774463654,1.0,3.0,success
177,1.812147855758667,-1.3380351066589355,-0.00024774097255431116,0.03299875557422638,0.03299875557422638,1.0,3.0,success
178,1.8121881484985352,-1.336979866027832,-0.00024772994220256805,0.03300030156970024,0.03300029784440994,1.0,-3.0,success
179,1.8122309446334839,-1.335924744606018,-0.000247730640694499,0.03299965336918831,0.03299965336918831,1.0,-3.0,success
180,1.8122755289077759,-1.3348697423934937,-0.0002477419620845467,0.03299824520945549,0.03299824148416519,1.0,3.0,success
181,1.8123177289962769,-1.3338145017623901,-0.00024774123448878527,0.03300262987613678,0.03300262615084648,1.0,3.0,success
182,1.8123573064804077,-1.3327592611312866,-0.00024774036137387156,0.03299945220351219,0.03299945220351219,1.0,3.0,success
183,1.8123952150344849,-1.331704020500183,-0.0002477293601259589,0.03299754112958908,0.03299754112958908,1.0,-3.0,success
184,1.8124356269836426,-1.3306487798690796,-0.00024773008772172034,0.03300044313073158,0.03300044313073158,1.0,-3.0,success
185,1.812477946281433,-1.3295936584472656,-0.0002477415546309203,0.032999053597450256,0.032999053597450256,1.0,3.0,success
186,1.8125176429748535,-1.3285382986068726,-0.00024774097255431116,0.0330033153295517,0.0330033153295517,1.0,3.0,success
187,1.812554955482483,-1.327483057975769,-0.0002477402158547193,0.032996878027915955,0.032996878027915955,1.0,3.0,success
188,1.8125905990600586,-1.3264275789260864,-0.00024772921460680664,0.033002518117427826,0.033002518117427826,1.0,-3.0,success
189,1.8126287460327148,-1.325372338294983,-0.0002477299130987376,0.03299780935049057,0.03299780935049057,1.0,-3.0,success
190,1.8126693964004517,-1.3243170976638794,-0.0002477311354596168,0.033000726252794266,0.033000726252794266,1.0,-3.0,success
191,1.812712550163269,-1.3232619762420654,-0.00024773229961283505,0.03300010785460472,0.03300010785460472,1.0,-3.0,success
192,1.8127580881118774,-1.322206974029541,-0.0002477333473507315,0.032999515533447266,0.032999515533447266,1.0,-3.0,success
193,1.8128060102462769,-1.3211519718170166,-0.00024773430777713656,0.033002812415361404,0.033002812415361404,1.0,-3.0,success
194,1.81285560131073,-1.3200972080230713,-0.00024774466874077916,0.03299777954816818,0.03299777954816818,1.0,3.0,success
195,1.812902569770813,-1.3190422058105469,-0.0002477430389262736,0.03300147131085396,0.03300147131085396,1.0,3.0,success
196,1.8129470348358154,-1.3179872035980225,-0.0002477415546309203,0.032998085021972656,0.032998085021972656,1.0,3.0,success
197,1.8129897117614746,-1.3169320821762085,-0.0002477304369676858,0.03299950435757637,0.03299950435757637,1.0,-3.0,success
198,1.8130348920822144,-1.3158769607543945,-0.0002477311063557863,0.03300275653600693,0.03300275653600693,1.0,-3.0,success
199,1.8130824565887451,-1.3148220777511597,-0.0002477322123013437,0.03299858793616295,0.03299858793616295,1.0,-3.0,success
200,1.8131325244903564,-1.3137673139572144,-0.0002477332891430706,0.03299847990274429,0.03299847990274429,1.0,-3.0,success
201,1.8131842613220215,-1.312712550163269,-0.0002477439120411873,0.033000994473695755,0.033000994473695755,1.0,3.0,success
202,1.8132333755493164,-1.3116576671600342,-0.0002477425441611558,0.03300080448389053,0.03300080448389053,1.0,3.0,success
203,1.813280701637268,-1.3106027841567993,-0.00024773133918643,0.03299825266003609,0.03299825266003609,1.0,-3.0,success
204,1.8133305311203003,-1.3095479011535645,-0.0002477319212630391,0.0330018512904644,0.0330018512904644,1.0,-3.0,success
205,1.8133827447891235,-1.3084932565689087,-0.00024773296900093555,0.03299801051616669,0.03299800679087639,1.0,-3.0,success
206,1.8134366273880005,-1.307438611984253,-0.00024774367921054363,0.033000629395246506,0.033000629395246506,1.0,3.0,success
207,1.8134880065917969,-1.3063838481903076,-0.00024774239864200354,0.03300045058131218,0.03300045058131218,1.0,3.0,success
208,1.8135368824005127,-1.3053289651870728,-0.00024774111807346344,0.033000458031892776,0.033000458031892776,1.0,3.0,success
209,1.8135833740234375,-1.3042739629745483,-0.0002477402740623802,0.03300081193447113,0.03300081193447113,1.0,3.0,success
210,1.8136272430419922,-1.303218960762024,-0.000247739750193432,0.03299730643630028,0.03299730643630028,1.0,3.0,success
211,1.8136695623397827,-1.30216383934021,-0.0002477287780493498,0.032999053597450256,0.032999053597450256,1.0,-3.0,success
212,1.8137143850326538,-1.301108717918396,-0.00024772947654128075,0.033002279698848724,0.033002279698848724,1.0,-3.0,success
213,1.8137617111206055,-1.3000538349151611,-0.00024773069890215993,0.03299825266003609,0.03299825266003609,1.0,-3.0,success
214,1.81381094455719,-1.2989989519119263,-0.0002477420202922076,0.03300097584724426,0.03300097584724426,1.0,3.0,success
215,1.8138575553894043,-1.2979439496994019,-0.0002477412635926157,0.03300097584724426,0.03300097584724426,1.0,3.0,success
216,1.8139017820358276,-1.2968889474868774,-0.000247740390477702,0.032997772097587585,0.032997772097587585,1.0,3.0,success
217,1.8139435052871704,-1.295833706855774,-0.0002477398084010929,0.033002037554979324,0.033002033829689026,1.0,3.0,success
218,1.8139828443527222,-1.2947784662246704,-0.0002477394591551274,0.032999176532030106,0.03299917280673981,1.0,3.0,success
219,1.8140205144882202,-1.2937231063842773,-0.0002477285161148757,0.033000994473695755,0.033000994473695755,1.0,-3.0,success
220,1.8140606880187988,-1.2926678657531738,-0.00024772921460680664,0.0330001562833786,0.0330001562833786,1.0,-3.0,success
221,1.8141034841537476,-1.2916127443313599,-0.0002477304369676858,0.03299965336918831,0.03299965336918831,1.0,-3.0,success
222,1.8141487836837769,-1.2905577421188354,-0.00024773163022473454,0.0329991951584816,0.0329991951584816,1.0,-3.0,success
223,1.8141958713531494,-1.2895028591156006,-0.0002477426896803081,0.032997917383909225,0.032997917383909225,1.0,3.0,success
224,1.8142403364181519,-1.2884477376937866,-0.00024774172925390303,0.03300180658698082,0.03300180658698082,1.0,3.0,success
225,1.8142822980880737,-1.2873926162719727,-0.00024774065241217613,0.03299861028790474,0.03299861028790474,1.0,3.0,success
226,1.814322590827942,-1.2863373756408691,-0.0002477296511642635,0.03300030156970024,0.03300029784440994,1.0,-3.0,success
227,1.8143653869628906,-1.2852822542190552,-0.00024773034965619445,0.03299965336918831,0.03299965336918831,1.0,-3.0,success
228,1.8144105672836304,-1.2842272520065308,-0.0002477315429132432,0.032999034970998764,0.032999034970998764,1.0,-3.0,success
229,1.8144582509994507,-1.2831722497940063,-0.00024773264885880053,0.03300247713923454,0.03300247713923454,1.0,-3.0,success
230,1.8145077228546143,-1.282117486000061,-0.0002477434463799,0.032997600734233856,0.032997600734233856,1.0,3.0,success
231,1.8145545721054077,-1.2810624837875366,-0.0002477422240190208,0.033001307398080826,0.033001307398080826,1.0,3.0,success
232,1.814599633216858,-1.2800074815750122,-0.0002477310481481254,0.03299887850880623,0.03299887478351593,1.0,-3.0,success
233,1.8146470785140991,-1.2789524793624878,-0.000247731659328565,0.03300214186310768,0.03300213813781738,1.0,-3.0,success
234,1.814697027206421,-1.2778977155685425,-0.0002477327361702919,0.032998304814100266,0.032998304814100266,1.0,-3.0,success
235,1.8147494792938232,-1.2768429517745972,-0.00024773372570052743,0.0330020971596241,0.0330020971596241,1.0,-3.0,success
236,1.8148034811019897,-1.275788426399231,-0.00024774426128715277,0.032997094094753265,0.032997094094753265,1.0,3.0,success
237,1.8148549795150757,-1.2747336626052856,-0.0002477427769917995,0.033000633120536804,0.033000633120536804,1.0,3.0,success
238,1.8149038553237915,-1.2736787796020508,-0.00024774138000793755,0.033000458031892776,0.033000458031892776,1.0,3.0,success
239,1.8149510622024536,-1.2726237773895264,-0.00024773029144853354,0.03300180658698082,0.03300180658698082,1.0,-3.0,success
240,1.8150006532669067,-1.271569013595581,-0.0002477309317328036,0.03299777954816818,0.03299777954816818,1.0,-3.0,success
241,1.8150527477264404,-1.2705142498016357,-0.0002477320667821914,0.03300154581665993,0.03300154581665993,1.0,-3.0,success
242,1.8151066303253174,-1.26945960521698,-0.00024774300982244313,0.033000629395246506,0.033000629395246506,1.0,3.0,success
243,1.8151578903198242,-1.2684049606323242,-0.00024774193298071623,0.03299655020236969,0.03299654647707939,1.0,3.0,success
244,1.8152066469192505,-1.2673500776290894,-0.00024774082703515887,0.03300028666853905,0.03300028666853905,1.0,3.0,success
245,1.8152530193328857,-1.266295075416565,-0.00024774009943939745,0.033000651746988297,0.033000651746988297,1.0,3.0,success
246,1.8152968883514404,-1.2652614116668701,-0.00024373154155910015,0.03233131021261215,0.03233106806874275,1.0,3.0,success
247,1.8153393268585205,-1.2642062902450562,-0.00024420826230198145,0.03299920633435249,0.032999202609062195,1.0,-3.0,success
248,1.8153841495513916,-1.2631511688232422,-0.0002448985760565847,0.03300228714942932,0.033002279698848724,1.0,-3.0,success
249,1.8154315948486328,-1.2620962858200073,-0.00024546621716581285,0.032998424023389816,0.03299841657280922,1.0,-3.0,success
250,1.8154805898666382,-1.2610414028167725,-0.00024593097623437643,0.033000633120536804,0.033000629395246506,1.0,3.0,success
251,1.815527081489563,-1.2599865198135376,-0.000246292824158445,0.032997094094753265,0.03299709036946297,1.0,3.0,success
252,1.815571904182434,-1.2589313983917236,-0.0002465719298925251,0.03300228342413902,0.033002279698848724,1.0,-3.0,success
253,1.8156191110610962,-1.2578765153884888,-0.0002468046441208571,0.032998085021972656,0.032998085021972656,1.0,-3.0,success
254,1.8156687021255493,-1.256821632385254,-0.00024699134519323707,0.03300149738788605,0.03300149738788605,1.0,-3.0,success
255,1.8157200813293457,-1.2557669878005981,-0.00024715063045732677,0.032996729016304016,0.032996729016304016,1.0,3.0,success
256,1.8157689571380615,-1.2547121047973633,-0.00024726815172471106,0.033000458031892776,0.033000458031892776,1.0,3.0,success
257,1.8158153295516968,-1.2536571025848389,-0.0002473618951626122,0.033000651746988297,0.033000651746988297,1.0,3.0,success
258,1.8158599138259888,-1.252601981163025,-0.00024742676760070026,0.033001966774463654,0.033001966774463654,1.0,-3.0,success
259,1.8159070014953613,-1.25154709815979,-0.0002474881475791335,0.032997917383909225,0.032997917383909225,1.0,-3.0,success
260,1.815956473350525,-1.2504922151565552,-0.0002475378569215536,0.03300132229924202,0.03300132229924202,1.0,-3.0,success
261,1.816008448600769,-1.2494375705718994,-0.00024757778737694025,0.03299764171242714,0.03299764171242714,1.0,-3.0,success
262,1.8160622119903564,-1.2483829259872437,-0.0002476195804774761,0.033000439405441284,0.033000439405441284,1.0,3.0,success
263,1.8161133527755737,-1.2473281621932983,-0.0002476431545801461,0.03300008550286293,0.03300008550286293,1.0,3.0,success
264,1.8161619901657104,-1.2462732791900635,-0.00024766175192780793,0.03300011157989502,0.03300011157989502,1.0,3.0,success
265,1.816208839416504,-1.245218276977539,-0.00024766658316366374,0.033001307398080826,0.033001307398080826,1.0,-3.0,success
266,1.816258192062378,-1.2441635131835938,-0.00024767997092567384,0.03299742937088013,0.03299742564558983,1.0,-3.0,success
267,1.8163100481033325,-1.2431087493896484,-0.0002476912923157215,0.03300117701292038,0.03300117701292038,1.0,-3.0,success
268,1.8163642883300781,-1.2420541048049927,-0.0002477005182299763,0.03300119936466217,0.03300119936466217,1.0,-3.0,success
269,1.8164201974868774,-1.2409995794296265,-0.0002477177185937762,0.033000197261571884,0.033000197261571884,1.0,3.0,success
270,1.8164736032485962,-1.2399449348449707,-0.00024772161850705743,0.03299987316131592,0.03299987316131592,1.0,3.0,success
271,1.8165245056152344,-1.2388901710510254,-0.00024772449978627264,0.03299972414970398,0.03299972414970398,1.0,3.0,success
272,1.816572904586792,-1.2378352880477905,-0.00024772697361186147,0.03299977257847786,0.03299976885318756,1.0,3.0,success
273,1.816619634628296,-1.2367804050445557,-0.00024771864991635084,0.03299742192029953,0.03299742192029953,1.0,-3.0,success
274,1.8166688680648804,-1.2357255220413208,-0.0002477215020917356,0.03300097584724426,0.03300097584724426,1.0,-3.0,success
275,1.8167206048965454,-1.2346707582473755,-0.0002477244124747813,0.033000994473695755,0.033000994473695755,1.0,-3.0,success
276,1.8167740106582642,-1.2336161136627197,-0.0002477369562257081,0.03299987316131592,0.03299987316131592,1.0,3.0,success
277,1.816825032234192,-1.2325613498687744,-0.0002477371599525213,0.032999906688928604,0.032999906688928604,1.0,3.0,success
278,1.816873550415039,-1.2315064668655396,-0.0002477370435371995,0.03299994021654129,0.03299994021654129,1.0,3.0,success
279,1.8169195652008057,-1.2304514646530151,-0.0002477371017448604,0.0330001637339592,0.0330001600086689,1.0,3.0,success
280,1.8169631958007812,-1.2293963432312012,-0.0002477372472640127,0.03300072252750397,0.03300072252750397,1.0,3.0,success
281,1.8170051574707031,-1.2283412218093872,-0.00024772676988504827,0.03299861028790474,0.03299861028790474,1.0,-3.0,success
282,1.8170497417449951,-1.2272862195968628,-0.00024772784672677517,0.03299824520945549,0.03299824148416519,1.0,-3.0,success
283,1.8170961141586304,-1.2262312173843384,-0.00024773983750492334,0.033000651746988297,0.033000651746988297,1.0,3.0,success
284,1.8171401023864746,-1.2251760959625244,-0.00024773969198577106,0.03300118446350098,0.03300118446350098,1.0,3.0,success
285,1.8171815872192383,-1.224120855331421,-0.0002477392554283142,0.03300173953175545,0.03300173953175545,1.0,3.0,success
286,1.817220687866211,-1.2230656147003174,-0.0002477389934938401,0.03299890086054802,0.03299890086054802,1.0,3.0,success
287,1.8172581195831299,-1.2220102548599243,-0.00024772813776507974,0.03300073370337486,0.03300073370337486,1.0,-3.0,success
288,1.817298173904419,-1.2209550142288208,-0.00024772892356850207,0.03300001844763756,0.03300001844763756,1.0,-3.0,success
289,1.8173407316207886,-1.2198998928070068,-0.0002477302332408726,0.03299935162067413,0.03299935162067413,1.0,-3.0,success
290,1.817384958267212,-1.2188448905944824,-0.0002477416710462421,0.032997772097587585,0.032997772097587585,1.0,3.0,success
291,1.8174269199371338,-1.217789649963379,-0.0002477410016581416,0.0330023318529129,0.0330023318529129,1.0,3.0,success
292,1.8174662590026855,-1.2167344093322754,-0.00024774015764705837,0.032999176532030106,0.03299917280673981,1.0,3.0,success
293,1.8175032138824463,-1.2156790494918823,-0.00024773963377811015,0.03300020471215248,0.03300020471215248,1.0,3.0,success
294,1.817537784576416,-1.2146235704421997,-0.0002477393136359751,0.033001407980918884,0.033001404255628586,1.0,3.0,success
295,1.817570686340332,-1.213568091392517,-0.00024772839969955385,0.03299973905086517,0.03299973905086517,1.0,-3.0,success
296,1.8176062107086182,-1.212512731552124,-0.00024772912729531527,0.03299867361783981,0.03299867361783981,1.0,-3.0,success
297,1.8176435232162476,-1.211457371711731,-0.00024774085613898933,0.03300059959292412,0.03300059959292412,1.0,3.0,success
298,1.8176783323287964,-1.210402011871338,-0.00024774050689302385,0.03299792855978012,0.03299792855978012,1.0,3.0,success
299,1.8177108764648438,-1.2093465328216553,-0.0002477399248164147,0.032999392598867416,0.032999392598867416,1.0,3.0,success
300,1.8177409172058105,-1.208290934562683,-0.0002477395173627883,0.033000800758600235,0.033000800758600235,1.0,3.0,success
301,1.8177692890167236,-1.207235336303711,-0.0002477285743225366,0.03299935907125473,0.03299935534596443,1.0,-3.0,success
302,1.8178002834320068,-1.2061797380447388,-0.00024772927281446755,0.03300166130065918,0.03300166130065918,1.0,-3.0,success
303,1.8178337812423706,-1.2051242589950562,-0.00024773049517534673,0.03300032764673233,0.03300032764673233,1.0,-3.0,success
304,1.8178690671920776,-1.204068899154663,-0.0002477418747730553,0.032998424023389816,0.032998424023389816,1.0,3.0,success
305,1.8179019689559937,-1.2030134201049805,-0.00024774117628112435,0.03299973905086517,0.03299973905086517,1.0,3.0,success
306,1.8179322481155396,-1.2019578218460083,-0.00024774030316621065,0.03300101310014725,0.03300100937485695,1.0,3.0,success
307,1.8179601430892944,-1.2009022235870361,-0.0002477397210896015,0.032998960465192795,0.032998956739902496,1.0,3.0,success
308,1.8179857730865479,-1.1998465061187744,-0.00024773937184363604,0.0330008901655674,0.0330008901655674,1.0,3.0,success
309,1.818009614944458,-1.1987907886505127,-0.00024772845790721476,0.03299957886338234,0.03299957886338234,1.0,-3.0,success
310,1.8180360794067383,-1.197735071182251,-0.0002477291855029762,0.03300153464078903,0.03300153464078903,1.0,-3.0,success
311,1.8180643320083618,-1.1966794729232788,-0.00024774091434665024,0.03299925476312637,0.03299925476312637,1.0,3.0,success
312,1.8180902004241943,-1.195623755455017,-0.0002477405359968543,0.03300107270479202,0.03300107270479202,1.0,3.0,success
313,1.8181135654449463,-1.1945680379867554,-0.0002477399248164147,0.032999251037836075,0.032999251037836075,1.0,3.0,success
314,1.8181346654891968,-1.193512201309204,-0.0002477395173627883,0.033001482486724854,0.033001482486724854,1.0,3.0,success
315,1.818153977394104,-1.1924564838409424,-0.00024772860342636704,0.03299668803811073,0.03299668803811073,1.0,-3.0,success
316,1.8181759119033813,-1.1914006471633911,-0.000247729301918298,0.033002015203237534,0.033002015203237534,1.0,-3.0,success
317,1.818199634552002,-1.1903449296951294,-0.0002477410016581416,0.03299949690699577,0.03299949690699577,1.0,3.0,success
318,1.8182209730148315,-1.1892892122268677,-0.0002477405942045152,0.03299790620803833,0.03299790620803833,1.0,3.0,success
319,1.8182399272918701,-1.1882333755493164,-0.00024773998302407563,0.03300020843744278,0.03300020843744278,1.0,3.0,success
320,1.8182570934295654,-1.1871774196624756,-0.00024772901087999344,0.033002980053424835,0.033002980053424835,1.0,-3.0,success
321,1.8182768821716309,-1.1861217021942139,-0.0002477297093719244,0.03299696370959282,0.03299696370959282,1.0,-3.0,success
322,1.8182984590530396,-1.1850658655166626,-0.0002477412926964462,0.03300178423523903,0.03300178423523903,1.0,3.0,success
323,1.8183176517486572,-1.1840100288391113,-0.0002477407979313284,0.033000342547893524,0.033000342547893524,1.0,3.0,success
324,1.8183343410491943,-1.18295419216156,-0.00024774009943939745,0.03299901634454727,0.03299901634454727,1.0,3.0,success
325,1.8183486461639404,-1.1818982362747192,-0.0002477396046742797,0.033001646399497986,0.033001646399497986,1.0,3.0,success
326,1.8183611631393433,-1.180842399597168,-0.0002477286907378584,0.032997213304042816,0.032997213304042816,1.0,-3.0,success
327,1.8183764219284058,-1.1797864437103271,-0.0002477293892297894,0.033002063632011414,0.033002063632011414,1.0,-3.0,success
328,1.818393349647522,-1.1787306070327759,-0.0002477410598658025,0.03299913555383682,0.032999131828546524,1.0,3.0,success
329,1.8184080123901367,-1.1776747703552246,-0.00024774065241217613,0.03299807384610176,0.03299807384610176,1.0,3.0,success
330,1.818420171737671,-1.1766188144683838,-0.00024773998302407563,0.03300080448389053,0.03300080448389053,1.0,3.0,success
331,1.8184298276901245,-1.175562858581543,-0.0002477395464666188,0.032999999821186066,0.032999999821186066,1.0,3.0,success
332,1.818437933921814,-1.1745069026947021,-0.0002477286325301975,0.032999590039253235,0.032999590039253235,1.0,-3.0,success
333,1.818448543548584,-1.1734509468078613,-0.00024772933102212846,0.03300028666853905,0.03300028666853905,1.0,-3.0,success
334,1.8184617757797241,-1.1723949909210205,-0.0002477305824868381,0.033001210540533066,0.033001210540533066,1.0,-3.0,success
335,1.818476676940918,-1.1713391542434692,-0.00024774193298071623,0.03299817815423012,0.03299817815423012,1.0,3.0,success
336,1.8184891939163208,-1.1702831983566284,-0.0002477412053849548,0.03300093859434128,0.03300093859434128,1.0,3.0,success
337,1.818499207496643,-1.1692272424697876,-0.00024774030316621065,0.03300010412931442,0.03300010412931442,1.0,3.0,success
338,1.8185068368911743,-1.1681712865829468,-0.0002477397210896015,0.03299948200583458,0.03299948200583458,1.0,3.0,success
339,1.8185120820999146,-1.1671152114868164,-0.00024773937184363604,0.03300275281071663,0.03300275281071663,1.0,3.0,success
340,1.8185155391693115,-1.1660592555999756,-0.00024772845790721476,0.032998792827129364,0.032998792827129364,1.0,-3.0,success
341,1.8185216188430786,-1.1650032997131348,-0.0002477291855029762,0.03299916535615921,0.03299916535615921,1.0,-3.0,success
342,1.8185296058654785,-1.163947343826294,-0.00024774091434665024,0.032999563962221146,0.032999563962221146,1.0,3.0,success
343,1.8185350894927979,-1.1628913879394531,-0.0002477405359968543,0.03299906477332115,0.03299906477332115,1.0,3.0,success
344,1.8185381889343262,-1.1618353128433228,-0.0002477399248164147,0.03300248831510544,0.03300248831510544,1.0,3.0,success
345,1.8185389041900635,-1.160779356956482,-0.00024773948825895786,0.03299862891435623,0.03299862891435623,1.0,3.0,success
346,1.818537950515747,-1.1597232818603516,-0.0002477285743225366,0.03300235792994499,0.03300235792994499,1.0,-3.0,success
347,1.8185395002365112,-1.1586673259735107,-0.000247729301918298,0.03299865126609802,0.03299865126609802,1.0,-3.0,success
348,1.8185429573059082,-1.15761137008667,-0.0002477410016581416,0.032998792827129364,0.032998792827129364,1.0,3.0,success
349,1.8185440301895142,-1.1565552949905396,-0.0002477405942045152,0.03300236165523529,0.03300236165523529,1.0,3.0,success
350,1.8185425996780396,-1.1554993391036987,-0.00024773995392024517,0.032998647540807724,0.032998647540807724,1.0,3.0,success
351,1.8185393810272217,-1.154443383216858,-0.00024772901087999344,0.03299877420067787,0.03299877420067787,1.0,-3.0,success
352,1.818538784980774,-1.1533873081207275,-0.0002477297093719244,0.033002350479364395,0.033002350479364395,1.0,-3.0,success
353,1.818540096282959,-1.1523313522338867,-0.0002477412926964462,0.032998643815517426,0.032998643815517426,1.0,3.0,success
354,1.8185389041900635,-1.151275396347046,-0.0002477407979313284,0.03299864009022713,0.03299863636493683,1.0,3.0,success
355,1.8185352087020874,-1.1502193212509155,-0.000247740070335567,0.033002544194459915,0.033002544194459915,1.0,3.0,success
356,1.8185292482376099,-1.1491633653640747,-0.0002477396046742797,0.03299914672970772,0.03299914300441742,1.0,3.0,success
357,1.818521499633789,-1.1481074094772339,-0.0002477286907378584,0.03299950808286667,0.03299950808286667,1.0,-3.0,success
358,1.8185162544250488,-1.147051453590393,-0.0002477293892297894,0.03299902752041817,0.03299902752041817,1.0,-3.0,success
359,1.818513035774231,-1.1459954977035522,-0.0002477410598658025,0.03299877420067787,0.03299877420067787,1.0,3.0,success
360,1.818507194519043,-1.1449394226074219,-0.00024774065241217613,0.03300284966826439,0.03300284966826439,1.0,3.0,success
361,1.8184990882873535,-1.143883466720581,-0.00024773998302407563,0.032999590039253235,0.032999590039253235,1.0,3.0,success
362,1.8184884786605835,-1.1428275108337402,-0.0002477395464666188,0.03300028666853905,0.03300028666853905,1.0,3.0,success
363,1.8184762001037598,-1.1417715549468994,-0.0002477286325301975,0.033000849187374115,0.033000849187374115,1.0,-3.0,success
364,1.8184664249420166,-1.1407157182693481,-0.00024772933102212846,0.03299630805850029,0.03299630433320999,1.0,-3.0,success
365,1.8184592723846436,-1.1396596431732178,-0.00024773055338300765,0.033003102988004684,0.033003102988004684,1.0,-3.0,success
366,1.8184539079666138,-1.138603687286377,-0.00024774193298071623,0.03299904614686966,0.03299904614686966,1.0,3.0,success
367,1.818446159362793,-1.1375477313995361,-0.0002477412053849548,0.03299950808286667,0.03299950808286667,1.0,3.0,success
368,1.818435788154602,-1.1364917755126953,-0.0002477403322700411,0.03300020843744278,0.03300020843744278,1.0,3.0,success
369,1.8184237480163574,-1.1354358196258545,-0.0002477293601259589,0.03300076350569725,0.03300076350569725,1.0,-3.0,success
370,1.8184142112731934,-1.1343798637390137,-0.00024773008772172034,0.03299996629357338,0.03299996629357338,1.0,-3.0,success
371,1.8184071779251099,-1.1333239078521729,-0.00024773128097876906,0.03299935162067413,0.03299935162067413,1.0,-3.0,success
372,1.818402647972107,-1.132267951965332,-0.0002477324160281569,0.03299892321228981,0.03299892321228981,1.0,-3.0,success
373,1.818400502204895,-1.1312118768692017,-0.0002477334637660533,0.03300241380929947,0.03300241380929947,1.0,-3.0,success
374,1.8184007406234741,-1.1301559209823608,-0.00024773439508862793,0.032998621463775635,0.032998621463775635,1.0,-3.0,success
375,1.818402647972107,-1.12909996509552,-0.00024774475605227053,0.03299867361783981,0.03299867361783981,1.0,3.0,success
376,1.8184020519256592,-1.1280438899993896,-0.0002477430971339345,0.033002350479364395,0.033002350479364395,1.0,3.0,success
377,1.8183995485305786,-1.1269879341125488,-0.00024773183395154774,0.0329987108707428,0.0329987108707428,1.0,-3.0,success
378,1.8183987140655518,-1.125931978225708,-0.0002477424859534949,0.03299863263964653,0.03299863263964653,1.0,3.0,success
379,1.8183960914611816,-1.1248759031295776,-0.00024773174664005637,0.033002447336912155,0.033002447336912155,1.0,-3.0,success
380,1.818395972251892,-1.1238199472427368,-0.0002477322705090046,0.032998621463775635,0.032998621463775635,1.0,-3.0,success
381,1.8183975219726562,-1.122763991355896,-0.00024774318444542587,0.03299865126609802,0.03299865126609802,1.0,3.0,success
382,1.8183966875076294,-1.1217079162597656,-0.00024774210760369897,0.03300235792994499,0.03300235792994499,1.0,3.0,success
383,1.8183932304382324,-1.1206519603729248,-0.0002477409434504807,0.032998792827129364,0.032998792827129364,1.0,3.0,success
384,1.8183873891830444,-1.119596004486084,-0.0002477401867508888,0.03299912065267563,0.03299912065267563,1.0,3.0,success
385,1.8183797597885132,-1.1185400485992432,-0.00024772921460680664,0.03299948200583458,0.03299948200583458,1.0,-3.0,success
386,1.8183746337890625,-1.1174839735031128,-0.00024772988399490714,0.03300273418426514,0.03300273418426514,1.0,-3.0,success
387,1.8183714151382446,-1.116428017616272,-0.00024774143821559846,0.03299877420067787,0.03299877420067787,1.0,3.0,success
388,1.8183658123016357,-1.1153720617294312,-0.0002477408852428198,0.032999083399772644,0.032999083399772644,1.0,3.0,success
389,1.8183575868606567,-1.1143161058425903,-0.00024774015764705837,0.03299961984157562,0.03299961984157562,1.0,3.0,success
390,1.8183470964431763,-1.1132601499557495,-0.0002477396628819406,0.033000245690345764,0.033000245690345764,1.0,3.0,success
391,1.8183348178863525,-1.1122041940689087,-0.00024772871984168887,0.033000849187374115,0.033000849187374115,1.0,-3.0,success
392,1.818325161933899,-1.1111482381820679,-0.00024772941833361983,0.032999999821186066,0.032999999821186066,1.0,-3.0,success
393,1.8183180093765259,-1.110092282295227,-0.000247730640694499,0.03299937769770622,0.03299937769770622,1.0,-3.0,success
394,1.818312644958496,-1.1090363264083862,-0.00024774199118837714,0.03299904614686966,0.03299904614686966,1.0,3.0,success
395,1.8183047771453857,-1.1079803705215454,-0.0002477412635926157,0.032999537885189056,0.03299953415989876,1.0,3.0,success
396,1.8182945251464844,-1.1069244146347046,-0.00024774036137387156,0.03300017490983009,0.03300017490983009,1.0,3.0,success
397,1.8182817697525024,-1.1058684587478638,-0.00024773977929726243,0.03300102427601814,0.03300102427601814,1.0,3.0,success
398,1.8182666301727295,-1.104812502861023,-0.0002477394009474665,0.033002011477947235,0.033002011477947235,1.0,3.0,success
399,1.8182498216629028,-1.1037566661834717,-0.0002477284870110452,0.03299907594919205,0.03299907594919205,1.0,-3.0,success
400,1.8182356357574463,-1.1027008295059204,-0.00024772921460680664,0.032997868955135345,0.032997868955135345,1.0,-3.0,success
401,1.8182239532470703,-1.1016448736190796,-0.0002477304369676858,0.0330006405711174,0.0330006405711174,1.0,-3.0,success
402,1.8182140588760376,-1.1005889177322388,-0.00024774184566922486,0.03300006687641144,0.03300006687641144,1.0,3.0,success
403,1.8182016611099243,-1.099532961845398,-0.0002477411471772939,0.0330008938908577,0.0330008938908577,1.0,3.0,success
404,1.8181867599487305,-1.0984771251678467,-0.00024774030316621065,0.03299817815423012,0.03299817815423012,1.0,3.0,success
405,1.8181695938110352,-1.0974211692810059,-0.000247739750193432,0.033002980053424835,0.033002980053424835,1.0,3.0,success
406,1.8181499242782593,-1.0963654518127441,-0.0002477394009474665,0.03299689665436745,0.03299689665436745,1.0,3.0,success
407,1.8181278705596924,-1.0953096151351929,-0.0002477391972206533,0.0330020897090435,0.0330020897090435,1.0,3.0,success
408,1.8181041479110718,-1.0942538976669312,-0.00024772825418040156,0.03299949690699577,0.03299949690699577,1.0,-3.0,success
409,1.8180830478668213,-1.0931980609893799,-0.0002477289526723325,0.033001482486724854,0.033001482486724854,1.0,-3.0,success
410,1.818064570426941,-1.0921423435211182,-0.0002477301750332117,0.032996222376823425,0.032996222376823425,1.0,-3.0,success
411,1.8180478811264038,-1.0910863876342773,-0.00024774164194241166,0.033002741634845734,0.033002741634845734,1.0,3.0,success
412,1.8180286884307861,-1.090030550956726,-0.00024774103076197207,0.033000342547893524,0.033000342547893524,1.0,3.0,success
413,1.818006992340088,-1.0889748334884644,-0.00024774024495854974,0.032998137176036835,0.032998137176036835,1.0,3.0,success
414,1.817983627319336,-1.0879191160202026,-0.0002477292437106371,0.032999251037836075,0.032999251037836075,1.0,-3.0,success
415,1.8179627656936646,-1.0868632793426514,-0.0002477299713063985,0.033001333475112915,0.033001333475112915,1.0,-3.0,success
416,1.8179444074630737,-1.0858074426651,-0.00024773116456344724,0.032999880611896515,0.032999880611896515,1.0,-3.0,success
417,1.8179279565811157,-1.0847516059875488,-0.0002477423695381731,0.03299890086054802,0.03299890086054802,1.0,3.0,success
418,1.8179088830947876,-1.0836957693099976,-0.0002477414964232594,0.03300027921795845,0.03300027921795845,1.0,3.0,success
419,1.817887306213379,-1.0826399326324463,-0.0002477405359968543,0.03300178423523903,0.03300178423523903,1.0,3.0,success
420,1.8178633451461792,-1.0815842151641846,-0.00024773989571258426,0.032999664545059204,0.032999664545059204,1.0,3.0,success
421,1.817836880683899,-1.0805286169052124,-0.00024773948825895786,0.03299780935049057,0.03299780935049057,1.0,3.0,success
422,1.8178081512451172,-1.0794728994369507,-0.0002477392554283142,0.03300338238477707,0.03300338238477707,1.0,3.0,success
423,1.8177776336669922,-1.078417420387268,-0.0002477283123880625,0.032997503876686096,0.032997503876686096,1.0,-3.0,success
424,1.8177491426467896,-1.077361822128296,-0.00024773995392024517,0.03299945592880249,0.03299945592880249,1.0,3.0,success
425,1.8177189826965332,-1.0763062238693237,-0.0002477294474374503,0.03300090506672859,0.03300090506672859,1.0,-3.0,success
426,1.8176912069320679,-1.0752506256103516,-0.00024773008772172034,0.032998859882354736,0.032998859882354736,1.0,-3.0,success
427,1.817665457725525,-1.0741949081420898,-0.0002477416128385812,0.03300097957253456,0.03300097957253456,1.0,3.0,success
428,1.8176370859146118,-1.0731393098831177,-0.0002477410598658025,0.03299935907125473,0.03299935534596443,1.0,3.0,success
429,1.8176064491271973,-1.0720837116241455,-0.00024774030316621065,0.033001333475112915,0.033001333475112915,1.0,3.0,success
430,1.8175731897354126,-1.071028232574463,-0.0002477398084010929,0.03300008922815323,0.03300008922815323,1.0,3.0,success
431,1.8175383806228638,-1.0699728727340698,-0.00024772880715318024,0.03299792855978012,0.03299792855978012,1.0,-3.0,success
432,1.817506194114685,-1.0689173936843872,-0.00024772947654128075,0.032999053597450256,0.03299904987215996,1.0,-3.0,success
433,1.81747567653656,-1.067861795425415,-0.0002477411471772939,0.03300122544169426,0.03300122544169426,1.0,3.0,success
434,1.8174428939819336,-1.0668063163757324,-0.0002477407397236675,0.03299962356686592,0.03299962356686592,1.0,3.0,success
435,1.8174082040786743,-1.0657508373260498,-0.0002477297093719244,0.033001527190208435,0.033001527190208435,1.0,-3.0,success
436,1.8173761367797852,-1.0646953582763672,-0.00024773034965619445,0.032998938113451004,0.032998938113451004,1.0,-3.0,success
437,1.8173458576202393,-1.063639760017395,-0.00024774178746156394,0.03300101310014725,0.03300100937485695,1.0,3.0,success
438,1.8173130750656128,-1.0625842809677124,-0.0002477411471772939,0.03299962356686592,0.03299962356686592,1.0,3.0,success
439,1.8172779083251953,-1.0615289211273193,-0.0002477403322700411,0.03299829736351967,0.03299829736351967,1.0,3.0,success
440,1.8172402381896973,-1.0604735612869263,-0.0002477398084010929,0.033000994473695755,0.033000994473695755,1.0,3.0,success
441,1.8172003030776978,-1.0594183206558228,-0.00024773948825895786,0.03299987316131592,0.03299987316131592,1.0,3.0,success
442,1.817158579826355,-1.0583631992340088,-0.0002477285161148757,0.03299831598997116,0.03299831598997116,1.0,-3.0,success
443,1.8171194791793823,-1.0573078393936157,-0.0002477291855029762,0.03300262242555618,0.03300262242555618,1.0,-3.0,success
444,1.8170828819274902,-1.0562524795532227,-0.00024773040786385536,0.03299981728196144,0.03299981728196144,1.0,-3.0,success
445,1.817048192024231,-1.0551971197128296,-0.0002477418165653944,0.03299780562520027,0.03299780562520027,1.0,3.0,success
446,1.8170108795166016,-1.0541417598724365,-0.0002477411471772939,0.03300059959292412,0.03300059959292412,1.0,3.0,success
447,1.8169711828231812,-1.053086519241333,-0.00024774030316621065,0.032999590039253235,0.032999590039253235,1.0,3.0,success
448,1.8169291019439697,-1.0520312786102295,-0.00024773977929726243,0.03300247713923454,0.03300247713923454,1.0,3.0,success
449,1.816885232925415,-1.050976276397705,-0.00024772880715318024,0.03299730643630028,0.03299730643630028,1.0,-3.0,success
450,1.8168439865112305,-1.0499210357666016,-0.0002477295056451112,0.03300144895911217,0.03300144895911217,1.0,-3.0,success
451,1.8168045282363892,-1.048865795135498,-0.0002477411471772939,0.03299931436777115,0.03299931436777115,1.0,3.0,success
452,1.8167626857757568,-1.047810673713684,-0.00024774071061983705,0.0329984612762928,0.0329984612762928,1.0,3.0,success
453,1.816718339920044,-1.0467555522918701,-0.000247740070335567,0.033001650124788284,0.033001650124788284,1.0,3.0,success
454,1.81667160987854,-1.0457005500793457,-0.00024773963377811015,0.033001139760017395,0.033001139760017395,1.0,3.0,success
455,1.8166232109069824,-1.0446456670761108,-0.00024772866163402796,0.03299977257847786,0.03299976885318756,1.0,-3.0,success
456,1.816577434539795,-1.0435906648635864,-0.0002477293601259589,0.03299983963370323,0.03299983963370323,1.0,-3.0,success
457,1.8165334463119507,-1.042535662651062,-0.00024774103076197207,0.03299746289849281,0.03299746289849281,1.0,3.0,success
458,1.8164869546890259,-1.0414806604385376,-0.00024774065241217613,0.03300081193447113,0.03300081193447113,1.0,3.0,success
459,1.81643807888031,-1.0404257774353027,-0.00024774004123173654,0.033000458031892776,0.033000458031892776,1.0,3.0,success
460,1.8163868188858032,-1.0393710136413574,-0.00024773963377811015,0.033000268042087555,0.033000268042087555,1.0,3.0,success
461,1.8163338899612427,-1.0383163690567017,-0.00024772866163402796,0.03299912065267563,0.03299912065267563,1.0,-3.0,success
462,1.8162835836410522,-1.0372616052627563,-0.00024772933102212846,0.03299883380532265,0.03299883380532265,1.0,-3.0,success
463,1.816235065460205,-1.0362067222595215,-0.00024774103076197207,0.03299994021654129,0.03299994021654129,1.0,3.0,success
464,1.816184163093567,-1.0351519584655762,-0.00024774065241217613,0.03299972414970398,0.03299972414970398,1.0,3.0,success
465,1.8161307573318481,-1.0340971946716309,-0.00024774004123173654,0.03300359472632408,0.03300359472632408,1.0,3.0,success
466,1.8160749673843384,-1.0330426692962646,-0.00024773963377811015,0.033000003546476364,0.033000003546476364,1.0,3.0,success
467,1.816017508506775,-1.031988263130188,-0.00024772866163402796,0.032999079674482346,0.032999079674482346,1.0,-3.0,success
468,1.815962553024292,-1.0309337377548218,-0.00024772933102212846,0.03299863263964653,0.03299863263964653,1.0,-3.0,success
469,1.8159096240997314,-1.029879093170166,-0.00024774103076197207,0.03299912065267563,0.03299912065267563,1.0,3.0,success
470,1.8158540725708008,-1.0288245677947998,-0.00024774065241217613,0.03299960866570473,0.03299960866570473,1.0,3.0,success
471,1.8157962560653687,-1.0277701616287231,-0.00024774004123173654,0.03299969062209129,0.03299969062209129,1.0,3.0,success
472,1.815735936164856,-1.026715874671936,-0.00024773963377811015,0.03300034627318382,0.033000342547893524,1.0,3.0,success
473,1.8156739473342896,-1.0256617069244385,-0.00024772866163402796,0.03299964591860771,0.03299964591860771,1.0,-3.0,success
474,1.8156145811080933,-1.0246073007583618,-0.00024772933102212846,0.033002376556396484,0.033002376556396484,1.0,-3.0,success
475,1.8155570030212402,-1.0235528945922852,-0.00024774103076197207,0.03299928084015846,0.03299928084015846,1.0,3.0,success
476,1.8154970407485962,-1.022498607635498,-0.00024774065241217613,0.032999709248542786,0.032999709248542786,1.0,3.0,success
477,1.8154345750808716,-1.0214444398880005,-0.00024774004123173654,0.03300052508711815,0.03300052508711815,1.0,3.0,success
478,1.8153698444366455,-1.0203903913497925,-0.00024773963377811015,0.033001068979501724,0.033001068979501724,1.0,3.0,success
479,1.8153033256530762,-1.0193365812301636,-0.0002477286325301975,0.03299710527062416,0.03299710527062416,1.0,-3.0,success
480,1.815239429473877,-1.0182825326919556,-0.00024772933102212846,0.03299948200583458,0.03299948200583458,1.0,-3.0,success
481,1.815177321434021,-1.017228364944458,-0.00024774103076197207,0.03299986571073532,0.03299986571073532,1.0,3.0,success
482,1.815112829208374,-1.01617431640625,-0.00024774065241217613,0.03300061449408531,0.03300061449408531,1.0,3.0,success
483,1.815045952796936,-1.0151203870773315,-0.00024774004123173654,0.033001530915498734,0.033001530915498734,1.0,3.0,success
484,1.8149765729904175,-1.0140666961669922,-0.00024773963377811015,0.03299914300441742,0.03299913927912712,1.0,3.0,success
485,1.8149056434631348,-1.0130131244659424,-0.0002477286325301975,0.03299864009022713,0.03299864009022713,1.0,-3.0,success
486,1.8148372173309326,-1.0119593143463135,-0.00024772933102212846,0.03300091624259949,0.03300091251730919,1.0,-3.0,success
487,1.8147706985473633,-1.010905385017395,-0.00024774103076197207,0.033000823110342026,0.033000823110342026,1.0,3.0,success
488,1.8147016763687134,-1.0098516941070557,-0.00024774065241217613,0.03299840912222862,0.03299840912222862,1.0,3.0,success
489,1.814630150794983,-1.0087981224060059,-0.0002477400121279061,0.03299989551305771,0.03299989551305771,1.0,3.0,success
490,1.814556360244751,-1.0077446699142456,-0.00024773963377811015,0.03300105035305023,0.03300105035305023,1.0,3.0,success
491,1.8144809007644653,-1.006691336631775,-0.0002477286325301975,0.033001020550727844,0.033001020550727844,1.0,-3.0,success
492,1.8144079446792603,-1.0056378841400146,-0.00024772933102212846,0.03299923986196518,0.03299923986196518,1.0,-3.0,success
493,1.814336895942688,-1.0045843124389648,-0.0002477410016581416,0.03299889340996742,0.03299889340996742,1.0,3.0,success
494,1.8142633438110352,-1.0035308599472046,-0.00024774065241217613,0.033000532537698746,0.033000532537698746,1.0,3.0,success
495,1.8141874074935913,-1.0024775266647339,-0.0002477400121279061,0.0330020897090435,0.0330020897090435,1.0,3.0,success
496,1.8141090869903564,-1.0014244318008423,-0.00024773963377811015,0.033000100404024124,0.033000100404024124,1.0,3.0,success
497,1.8140290975570679,-1.0003715753555298,-0.0002477286325301975,0.03299658000469208,0.03299658000469208,1.0,-3.0,success
498,1.8139516115188599,-0.9993183612823486,-0.000247729301918298,0.033001892268657684,0.033001892268657684,1.0,-3.0,success
499,1.8138760328292847,-0.9982650876045227,-0.0002477410016581416,0.0329994298517704,0.0329994298517704,1.0,3.0,success
500,1.813797950744629,-0.9972119331359863,-0.0002477406233083457,0.033001407980918884,0.033001407980918884,1.0,3.0,success
501,1.8137176036834717,-0.996159017086029,-0.0002477400121279061,0.03299928456544876,0.03299928456544876,1.0,3.0,success
502,1.8136347532272339,-0.9951062798500061,-0.0002477396046742797,0.032999757677316666,0.032999757677316666,1.0,3.0,success
503,1.8135502338409424,-0.9940536618232727,-0.0002477286325301975,0.03300017863512039,0.03300017863512039,1.0,-3.0,success
504,1.8134682178497314,-0.993000864982605,-0.000247729301918298,0.03299957886338234,0.03299957886338234,1.0,-3.0,success
505,1.8133881092071533,-0.9919478893280029,-0.0002477410016581416,0.03300057724118233,0.03300057724118233,1.0,3.0,success
506,1.8133069276809692,-0.9909164905548096,-0.00024373270571231842,0.03233113884925842,0.03233089670538902,1.0,3.0,success
507,1.8132219314575195,-0.989863932132721,-0.00024421935086138546,0.03299952298402786,0.032999519258737564,1.0,3.0,success
508,1.8131344318389893,-0.9888115525245667,-0.0002449082094244659,0.03300034627318382,0.033000338822603226,1.0,3.0,success
509,1.8130452632904053,-0.9877593517303467,-0.00024546359782107174,0.03299913927912712,0.032999131828546524,1.0,-3.0,success
510,1.8129587173461914,-0.9867069125175476,-0.00024591799592599273,0.03299974277615547,0.03299973905086517,1.0,-3.0,success
511,1.8128738403320312,-0.985654354095459,-0.00024629244580864906,0.03299922123551369,0.03299922123551369,1.0,3.0,success
512,1.8127866983413696,-0.9846019744873047,-0.0002465821453370154,0.03299941495060921,0.03299941122531891,1.0,3.0,success
513,1.812696933746338,-0.9835497736930847,-0.0002468135207891464,0.03300071135163307,0.03300071135163307,1.0,3.0,success
514,1.8126049041748047,-0.9824978113174438,-0.0002469986502546817,0.03299938142299652,0.03299938142299652,1.0,3.0,success
515,1.8125112056732178,-0.9814459681510925,-0.0002471360785420984,0.03300025686621666,0.03300025686621666,1.0,-3.0,success
516,1.8124200105667114,-0.9803939461708069,-0.0002472554624546319,0.03299897164106369,0.03299897164106369,1.0,-3.0,success
517,1.8123306035995483,-0.9793417453765869,-0.0002473620406817645,0.03299976512789726,0.032999761402606964,1.0,3.0,success
518,1.8122388124465942,-0.9782897233963013,-0.00024743753601796925,0.03300058841705322,0.03300058841705322,1.0,3.0,success
519,1.8121446371078491,-0.9772379398345947,-0.0002474976354278624,0.03299972414970398,0.03299972414970398,1.0,3.0,success
520,1.812048077583313,-0.9761863350868225,-0.00024754577316343784,0.0330008901655674,0.0330008901655674,1.0,3.0,success
521,1.8119497299194336,-0.9751349091529846,-0.0002475735964253545,0.033000484108924866,0.033000484108924866,1.0,-3.0,success
522,1.8118541240692139,-0.9740833044052124,-0.0002476053487043828,0.03299817815423012,0.03299817815423012,1.0,-3.0,success
523,1.8117601871490479,-0.9730314612388611,-0.0002476418449077755,0.033000919967889786,0.033000919967889786,1.0,3.0,success
524,1.8116639852523804,-0.9719798564910889,-0.00024766134447418153,0.03299987316131592,0.03299987316131592,1.0,3.0,success
525,1.8115651607513428,-0.9709284901618958,-0.00024767659488134086,0.033000022172927856,0.033000022172927856,1.0,3.0,success
526,1.8114640712738037,-0.969877302646637,-0.00024768890580162406,0.03300115466117859,0.03300115466117859,1.0,3.0,success
527,1.811361312866211,-0.9688263535499573,-0.0002476880617905408,0.03299877792596817,0.03299877420067787,1.0,-3.0,success
528,1.8112611770629883,-0.9677751064300537,-0.0002476968802511692,0.03300017490983009,0.03300017490983009,1.0,-3.0,success
529,1.8111627101898193,-0.9667236804962158,-0.00024771507014520466,0.03300083056092262,0.033000826835632324,1.0,3.0,success
530,1.811061978340149,-0.9656725525856018,-0.00024771987227723,0.032998234033584595,0.032998234033584595,1.0,3.0,success
531,1.810958743095398,-0.9646216034889221,-0.00024772342294454575,0.03300022706389427,0.03300022706389427,1.0,3.0,success
532,1.810853123664856,-0.9635708332061768,-0.0002477263333275914,0.033002037554979324,0.033002033829689026,1.0,3.0,success
533,1.8107459545135498,-0.9625203609466553,-0.0002477180096320808,0.032997649163007736,0.032997649163007736,1.0,-3.0,success
534,1.8106411695480347,-0.9614695310592651,-0.0002477208327036351,0.033001288771629333,0.033001288771629333,1.0,-3.0,success
535,1.8105382919311523,-0.9604185819625854,-0.0002477342204656452,0.03299913555383682,0.03299913555383682,1.0,3.0,success
536,1.810433030128479,-0.9593678116798401,-0.00024773518089205027,0.033000919967889786,0.033000919967889786,1.0,3.0,success
537,1.810325264930725,-0.9583173394203186,-0.00024773567565716803,0.03299954533576965,0.03299954533576965,1.0,3.0,success
538,1.8102152347564697,-0.9572671055793762,-0.00024773614131845534,0.0329994298517704,0.0329994298517704,1.0,3.0,success
539,1.810103416442871,-0.9562170505523682,-0.00024772583856247365,0.03299974650144577,0.03299974650144577,1.0,-3.0,success
540,1.8099942207336426,-0.9551666975021362,-0.0002477270900271833,0.03300043195486069,0.03300043195486069,1.0,-3.0,success
541,1.8098869323730469,-0.95411616563797,-0.00024773922632448375,0.032999880611896515,0.032999880611896515,1.0,3.0,success
542,1.8097771406173706,-0.9530658721923828,-0.0002477391972206533,0.033000506460666656,0.033000506460666656,1.0,3.0,success
543,1.8096648454666138,-0.9520158767700195,-0.00024773887707851827,0.03299947455525398,0.03299947455525398,1.0,3.0,success
544,1.8095502853393555,-0.9509660601615906,-0.00024773870245553553,0.03300151973962784,0.03300151973962784,1.0,3.0,success
545,1.8094340562820435,-0.9499165415763855,-0.0002477279049344361,0.03299796208739281,0.03299796208739281,1.0,-3.0,success
546,1.809320330619812,-0.9488666653633118,-0.00024772871984168887,0.033000554889440536,0.033000554889440536,1.0,-3.0,success
547,1.8092085123062134,-0.9478166103363037,-0.0002477405359968543,0.03299974650144577,0.03299974650144577,1.0,3.0,success
548,1.8090941905975342,-0.9467667937278748,-0.00024774024495854974,0.03300071135163307,0.03300071135163307,1.0,3.0,success
549,1.8089781999588013,-0.9457172155380249,-0.000247729301918298,0.03299899399280548,0.03299899399280548,1.0,-3.0,success
550,1.808864712715149,-0.9446673393249512,-0.0002477300586178899,0.03299975022673607,0.03299975022673607,1.0,-3.0,success
551,1.8087537288665771,-0.9436171650886536,-0.00024773128097876906,0.03300069645047188,0.03300069645047188,1.0,-3.0,success
552,1.8086451292037964,-0.9425667524337769,-0.0002477324742358178,0.033000361174345016,0.033000361174345016,1.0,-3.0,success
553,1.8085381984710693,-0.9415161609649658,-0.00024774327175691724,0.03300059959292412,0.03300059959292412,1.0,3.0,success
554,1.8084288835525513,-0.9404658675193787,-0.0002477420784998685,0.03299896419048309,0.03299896419048309,1.0,3.0,success
555,1.808316946029663,-0.9394158124923706,-0.00024774085613898933,0.03300014138221741,0.03300014138221741,1.0,3.0,success
556,1.8082026243209839,-0.9383659958839417,-0.000247740070335567,0.03300071135163307,0.03300071135163307,1.0,3.0,success
557,1.808086633682251,-0.9373164176940918,-0.00024772912729531527,0.03299899399280548,0.03299899399280548,1.0,-3.0,success
558,1.807973027229309,-0.9362665414810181,-0.0002477298548910767,0.0330001525580883,0.0330001525580883,1.0,-3.0,success
559,1.8078620433807373,-0.9352163672447205,-0.0002477311063557863,0.03300069645047188,0.03300069645047188,1.0,-3.0,success
560,1.8077527284622192,-0.9341660737991333,-0.0002477422822266817,0.03299896419048309,0.03299896419048309,1.0,3.0,success
561,1.8076410293579102,-0.9331160187721252,-0.000247741409111768,0.03299935162067413,0.03299935162067413,1.0,3.0,success
562,1.8075274229049683,-0.9320661425590515,-0.00024773034965619445,0.0330001525580883,0.0330001525580883,1.0,-3.0,success
563,1.807416319847107,-0.9310159683227539,-0.0002477310481481254,0.033001091331243515,0.033001091331243515,1.0,-3.0,success
564,1.8073077201843262,-0.9299655556678772,-0.0002477321831975132,0.033000361174345016,0.033000361174345016,1.0,-3.0,success
565,1.8072015047073364,-0.9289149045944214,-0.0002477332891430706,0.033000193536281586,0.033000193536281586,1.0,-3.0,success
566,1.8070976734161377,-0.9278640151023865,-0.0002477342786733061,0.033000197261571884,0.033000197261571884,1.0,-3.0,success
567,1.80699622631073,-0.9268128871917725,-0.0002477351517882198,0.03300037235021591,0.03300037235021591,1.0,-3.0,success
568,1.8068963289260864,-0.9257616400718689,-0.00024774527992121875,0.032999467104673386,0.032999467104673386,1.0,3.0,success
569,1.8067939281463623,-0.9247106313705444,-0.0002477434463799,0.03299954533576965,0.03299954533576965,1.0,3.0,success
570,1.8066890239715576,-0.9236598610877991,-0.0002477418165653944,0.032999806106090546,0.032999806106090546,1.0,3.0,success
571,1.8065822124481201,-0.922609269618988,-0.00024773066979832947,0.033000219613313675,0.033000219613313675,1.0,-3.0,success
572,1.8064779043197632,-0.9215584397315979,-0.0002477313100825995,0.03299981728196144,0.03299981728196144,1.0,-3.0,success
573,1.8063760995864868,-0.9205073714256287,-0.00024773244513198733,0.03299959376454353,0.03299959376454353,1.0,-3.0,success
574,1.806276559829712,-0.9194560647010803,-0.0002477334928698838,0.033000264316797256,0.033000264316797256,1.0,-3.0,success
575,1.8061795234680176,-0.9184045195579529,-0.00024773445329628885,0.0330004021525383,0.0330004021525383,1.0,-3.0,success
576,1.8060848712921143,-0.9173527359962463,-0.0002477352973073721,0.03300106152892113,0.03300105780363083,1.0,-3.0,success
577,1.8059924840927124,-0.9163007736206055,-0.00024773605400696397,0.03300035372376442,0.03300035372376442,1.0,-3.0,success
578,1.805902361869812,-0.9152486324310303,-0.000247736694291234,0.032999806106090546,0.032999806106090546,1.0,-3.0,success
579,1.8058146238327026,-0.914196252822876,-0.0002477372472640127,0.03300095722079277,0.03300095722079277,1.0,-3.0,success
580,1.8057291507720947,-0.9131436944007874,-0.0002477377129253,0.03300072252750397,0.03300072252750397,1.0,-3.0,success
581,1.8056460618972778,-0.9120909571647644,-0.0002477381203789264,0.033000342547893524,0.033000342547893524,1.0,-3.0,success
582,1.8055651187896729,-0.9110380411148071,-0.0002477384696248919,0.03300070762634277,0.03300070762634277,1.0,-3.0,success
583,1.8054858446121216,-0.9099850654602051,-0.0002477477537468076,0.03299861028790474,0.03299861028790474,1.0,3.0,success
584,1.8054038286209106,-0.9089322686195374,-0.0002477452508173883,0.03299957886338234,0.03299957886338234,1.0,3.0,success
585,1.8053200244903564,-0.9078795909881592,-0.00024773363838903606,0.03300025314092636,0.03300025314092636,1.0,-3.0,success
586,1.8052386045455933,-0.9068267345428467,-0.0002477339585311711,0.03299999609589577,0.03299999609589577,1.0,-3.0,success
587,1.8051594495773315,-0.9057736992835999,-0.0002477347443345934,0.03300018608570099,0.03300018608570099,1.0,-3.0,success
588,1.8050827980041504,-0.9047204852104187,-0.0002477355010341853,0.03299998864531517,0.03299998864531517,1.0,-3.0,success
589,1.8050084114074707,-0.9036670923233032,-0.0002477361704222858,0.03300049901008606,0.03300049901008606,1.0,-3.0,success
590,1.8049355745315552,-0.902613639831543,-0.0002477460657246411,0.032998982816934586,0.032998982816934586,1.0,3.0,success
591,1.804860234260559,-0.9015603065490723,-0.00024774405756033957,0.03300075605511665,0.03300075605511665,1.0,3.0,success
592,1.8047831058502197,-0.9005071520805359,-0.0002477326197549701,0.03299921751022339,0.03299921751022339,1.0,-3.0,success
593,1.8047082424163818,-0.8994538187980652,-0.0002477330563124269,0.03299969807267189,0.03299969807267189,1.0,-3.0,success
594,1.8046351671218872,-0.8984003663063049,-0.00024774373741820455,0.03299949690699577,0.03299949690699577,1.0,3.0,success
595,1.804559588432312,-0.8973470330238342,-0.0002477424859534949,0.033001288771629333,0.033001285046339035,1.0,3.0,success
596,1.8044813871383667,-0.8962939381599426,-0.00024774123448878527,0.03299982473254204,0.03299982473254204,1.0,3.0,success
597,1.8044008016586304,-0.8952410221099854,-0.000247740390477702,0.032999854534864426,0.032999854534864426,1.0,3.0,success
598,1.8043185472488403,-0.8941882252693176,-0.0002477293601259589,0.0330001637339592,0.0330001600086689,1.0,-3.0,success
599,1.8042386770248413,-0.8931352496147156,-0.0002477300295140594,0.03300001472234726,0.03300001472234726,1.0,-3.0,success
600,1.804160714149475,-0.892082154750824,-0.00024774152552708983,0.032999273389577866,0.03299926966428757,1.0,3.0,success
601,1.8040802478790283,-0.8910292387008667,-0.00024774097255431116,0.032999567687511444,0.032999567687511444,1.0,3.0,success
602,1.8039973974227905,-0.8899765014648438,-0.00024774024495854974,0.032999757677316666,0.032999757677316666,1.0,3.0,success
603,1.803912878036499,-0.8889238834381104,-0.00024772921460680664,0.03300017863512039,0.03300017863512039,1.0,-3.0,success
604,1.8038307428359985,-0.8878710865974426,-0.0002477299130987376,0.03299987316131592,0.03299987316131592,1.0,-3.0,success
605,1.8037505149841309,-0.8868181109428406,-0.00024774143821559846,0.03300086036324501,0.03300086036324501,1.0,3.0,success
606,1.80366849899292,-0.8857653141021729,-0.0002477308444213122,0.03299957886338234,0.03299957886338234,1.0,-3.0,success
607,1.8035889863967896,-0.8847123384475708,-0.00024773148470558226,0.03299916908144951,0.03299916908144951,1.0,-3.0,success
608,1.8035119771957397,-0.8836591243743896,-0.00024773256154730916,0.03300080448389053,0.03300080448389053,1.0,-3.0,success
609,1.8034372329711914,-0.882605791091919,-0.00024773358018137515,0.0329994298517704,0.0329994298517704,1.0,-3.0,success
610,1.8033649921417236,-0.8815522193908691,-0.0002477344824001193,0.03300142288208008,0.03300141915678978,1.0,-3.0,success
611,1.8032944202423096,-0.8804985880851746,-0.00024774481425993145,0.03299975022673607,0.03299975022673607,1.0,3.0,success
612,1.8032212257385254,-0.8794451355934143,-0.0002477431553415954,0.03299975395202637,0.03299975395202637,1.0,3.0,success
613,1.8031461238861084,-0.8783918023109436,-0.0002477318630553782,0.03300022333860397,0.03300022333860397,1.0,-3.0,success
614,1.803073525428772,-0.8773383498191833,-0.0002477323869243264,0.032998472452163696,0.032998472452163696,1.0,-3.0,success
615,1.8030033111572266,-0.876284658908844,-0.00024773337645456195,0.03300086408853531,0.03300086408853531,1.0,-3.0,success
616,1.8029348850250244,-0.8752309083938599,-0.00024774399935267866,0.032999057322740555,0.032999057322740555,1.0,3.0,success
617,1.8028638362884521,-0.8741772770881653,-0.00024774260236881673,0.033000752329826355,0.033000752329826355,1.0,3.0,success
618,1.8027902841567993,-0.8731238842010498,-0.0002477412926964462,0.03299867361783981,0.03299867361783981,1.0,3.0,success
619,1.802714228630066,-0.8720706105232239,-0.000247740390477702,0.03300049901008606,0.03300049901008606,1.0,3.0,success
620,1.8026357889175415,-0.8710175156593323,-0.00024773983750492334,0.03300037607550621,0.03300037607550621,1.0,3.0,success
621,1.802554965019226,-0.869964599609375,-0.00024773948825895786,0.03300042450428009,0.03300042077898979,1.0,3.0,success
622,1.8024723529815674,-0.868911862373352,-0.0002477285161148757,0.032999176532030106,0.032999176532030106,1.0,-3.0,success
623,1.8023924827575684,-0.86785888671875,-0.0002477291855029762,0.03300001472234726,0.03300001472234726,1.0,-3.0,success
624,1.802314281463623,-0.8668057918548584,-0.0002477409434504807,0.03299982473254204,0.03299982473254204,1.0,3.0,success
625,1.8022338151931763,-0.8657528758049011,-0.0002477405942045152,0.032999567687511444,0.032999567687511444,1.0,3.0,success
626,1.802150845527649,-0.8647001385688782,-0.0002477400121279061,0.033000051975250244,0.033000051975250244,1.0,3.0,success
627,1.8020654916763306,-0.8636475801467896,-0.00024773963377811015,0.03300042077898979,0.03300042077898979,1.0,3.0,success
628,1.8019777536392212,-0.8625952005386353,-0.00024773943005129695,0.03300095722079277,0.03300095722079277,1.0,3.0,success
629,1.8018884658813477,-0.8615429997444153,-0.00024772839969955385,0.03299944847822189,0.03299944847822189,1.0,-3.0,success
630,1.8018016815185547,-0.8604905605316162,-0.0002477290399838239,0.03300034999847412,0.03300034999847412,1.0,-3.0,success
631,1.801716685295105,-0.8594380021095276,-0.00024774082703515887,0.032999519258737564,0.032999519258737564,1.0,3.0,success
632,1.8016294240951538,-0.8583856225013733,-0.0002477405359968543,0.03299972042441368,0.03299972042441368,1.0,3.0,success
633,1.801539659500122,-0.8573334217071533,-0.0002477400121279061,0.03300071135163307,0.03300071135163307,1.0,3.0,success
634,1.8014475107192993,-0.8562814593315125,-0.0002477396628819406,0.03299970552325249,0.03299970552325249,1.0,3.0,success
635,1.8013529777526855,-0.8552296757698059,-0.0002477394591551274,0.033000726252794266,0.033000726252794266,1.0,3.0,success
636,1.8012568950653076,-0.8541780710220337,-0.0002477284288033843,0.03299953415989876,0.03299953043460846,1.0,-3.0,success
637,1.8011633157730103,-0.8531262278556824,-0.0002477290399838239,0.032999925315380096,0.032999925315380096,1.0,-3.0,success
638,1.8010716438293457,-0.8520742058753967,-0.00024774082703515887,0.033000264316797256,0.033000264316797256,1.0,3.0,success
639,1.8009775876998901,-0.8510224223136902,-0.00024774056510068476,0.032999396324157715,0.032999396324157715,1.0,3.0,success
640,1.800881028175354,-0.849970817565918,-0.0002477400121279061,0.0330008901655674,0.0330008901655674,1.0,3.0,success
641,1.8007822036743164,-0.8489194512367249,-0.0002477396628819406,0.033000022172927856,0.033000022172927856,1.0,3.0,success
642,1.8006815910339355,-0.8478682637214661,-0.0002477286325301975,0.032999731600284576,0.032999731600284576,1.0,-3.0,success
643,1.8005836009979248,-0.8468168377876282,-0.00024772927281446755,0.032999444752931595,0.032999441027641296,1.0,-3.0,success
644,1.8004875183105469,-0.845765233039856,-0.0002477410016581416,0.03299953415989876,0.03299953043460846,1.0,3.0,success
645,1.8003889322280884,-0.8447138667106628,-0.00024774065241217613,0.032999325543642044,0.032999325543642044,1.0,3.0,success
646,1.8002879619598389,-0.843662679195404,-0.000247740070335567,0.033000800758600235,0.033000800758600235,1.0,3.0,success
647,1.8001846075057983,-0.8426117300987244,-0.00024773969198577106,0.03300059214234352,0.03300059214234352,1.0,3.0,success
648,1.8000788688659668,-0.8415610194206238,-0.00024773948825895786,0.033000554889440536,0.033000554889440536,1.0,3.0,success
649,1.799971580505371,-0.8405105471611023,-0.0002477284288033843,0.03299802541732788,0.03299802541732788,1.0,-3.0,success
650,1.799866795539856,-0.8394597768783569,-0.00024772906908765435,0.0329994335770607,0.0329994335770607,1.0,-3.0,success
651,1.799763798713684,-0.8384087681770325,-0.00024774085613898933,0.033001355826854706,0.033001355826854706,1.0,3.0,success
652,1.7996585369110107,-0.8373580574989319,-0.00024774056510068476,0.03299906477332115,0.03299906477332115,1.0,3.0,success
653,1.7995507717132568,-0.8363075256347656,-0.0002477400121279061,0.03300140053033829,0.03300140053033829,1.0,3.0,success
654,1.799440622329712,-0.8352572917938232,-0.0002477396628819406,0.03299982100725174,0.03299982100725174,1.0,3.0,success
655,1.7993282079696655,-0.83420729637146,-0.00024773948825895786,0.03299987316131592,0.03299987316131592,1.0,3.0,success
656,1.7992140054702759,-0.833157479763031,-0.0002477284288033843,0.033000312745571136,0.033000312745571136,1.0,-3.0,success
657,1.799102544784546,-0.832107424736023,-0.0002477290399838239,0.03299856558442116,0.03299856558442116,1.0,-3.0,success
658,1.7989927530288696,-0.8310571312904358,-0.00024774082703515887,0.033000506460666656,0.033000506460666656,1.0,3.0,success
659,1.798880696296692,-0.8300070762634277,-0.00024774056510068476,0.033000532537698746,0.033000532537698746,1.0,3.0,success
660,1.7987662553787231,-0.8289573192596436,-0.0002477400121279061,0.03299926221370697,0.03299926221370697,1.0,3.0,success
661,1.7986493110656738,-0.8279078006744385,-0.0002477396628819406,0.03300043195486069,0.03300043195486069,1.0,3.0,success
662,1.798530101776123,-0.8268585205078125,-0.00024773948825895786,0.03300094231963158,0.03300094231963158,1.0,3.0,success
663,1.7984092235565186,-0.8258094787597656,-0.0002477284288033843,0.032999467104673386,0.032999467104673386,1.0,-3.0,success
664,1.7982909679412842,-0.8247601389884949,-0.0002477290399838239,0.032999441027641296,0.032999441027641296,1.0,-3.0,success
665,1.798174500465393,-0.823710560798645,-0.00024774082703515887,0.0330006368458271,0.0330006368458271,1.0,3.0,success
666,1.7980557680130005,-0.822661280632019,-0.00024774056510068476,0.03299925848841667,0.03299925848841667,1.0,3.0,success
667,1.7979345321655273,-0.8216122388839722,-0.0002477400121279061,0.033000748604536057,0.033000748604536057,1.0,3.0,success
668,1.7978109121322632,-0.8205634951591492,-0.00024773969198577106,0.03300013765692711,0.03300013765692711,1.0,3.0,success
669,1.797684907913208,-0.81951504945755,-0.00024773948825895786,0.03299969434738159,0.03299969434738159,1.0,3.0,success
670,1.7975573539733887,-0.8184667825698853,-0.0002477284288033843,0.03299996256828308,0.03299996256828308,1.0,-3.0,success
671,1.79743230342865,-0.8174182176589966,-0.0002477290399838239,0.03299985080957413,0.03299985080957413,1.0,-3.0,success
672,1.797309160232544,-0.8163694739341736,-0.00024774082703515887,0.03299839422106743,0.03299839422106743,1.0,3.0,success
673,1.7971835136413574,-0.8153209090232849,-0.00024774056510068476,0.033002059906721115,0.033002059906721115,1.0,3.0,success
674,1.7970556020736694,-0.8142727017402649,-0.0002477400121279061,0.03299946337938309,0.03299946337938309,1.0,3.0,success
675,1.7969251871109009,-0.8132247924804688,-0.00024773969198577106,0.03299979120492935,0.03299979120492935,1.0,3.0,success
676,1.7967925071716309,-0.8121771216392517,-0.00024773948825895786,0.033001214265823364,0.033001214265823364,1.0,3.0,success
677,1.7966582775115967,-0.8111297488212585,-0.0002477284288033843,0.03299809619784355,0.03299809247255325,1.0,-3.0,success
678,1.7965264320373535,-0.8100820183753967,-0.0002477290399838239,0.03299979493021965,0.03299979493021965,1.0,-3.0,success
679,1.7963966131210327,-0.8090340495109558,-0.00024774082703515887,0.032999344170093536,0.032999344170093536,1.0,3.0,success
680,1.7962642908096313,-0.807986319065094,-0.00024774056510068476,0.03300166130065918,0.03300166130065918,1.0,3.0,success
681,1.796129584312439,-0.8069389462471008,-0.0002477400121279061,0.03299999609589577,0.03299999237060547,1.0,3.0,success
682,1.7959924936294556,-0.8058918714523315,-0.00024773969198577106,0.03300034627318382,0.033000342547893524,1.0,3.0,success
683,1.7958537340164185,-0.8048450350761414,-0.0002477286325301975,0.03299977257847786,0.03299977257847786,1.0,-3.0,success
684,1.7957175970077515,-0.8037979006767273,-0.00024772927281446755,0.03299833834171295,0.03299833461642265,1.0,-3.0,success
685,1.7955832481384277,-0.8027504682540894,-0.0002477410016581416,0.03300041705369949,0.03300041705369949,1.0,3.0,success
686,1.795446515083313,-0.8017033338546753,-0.00024774065241217613,0.03300074487924576,0.03300074487924576,1.0,3.0,success
687,1.7953073978424072,-0.8006565570831299,-0.000247740070335567,0.032999396324157715,0.032999396324157715,1.0,3.0,success
688,1.7951658964157104,-0.7996100783348083,-0.00024773969198577106,0.03300006315112114,0.03300006315112114,1.0,3.0,success
689,1.7950220108032227,-0.7985638976097107,-0.00024773948825895786,0.03300090506672859,0.03300090506672859,1.0,3.0,success
690,1.7948764562606812,-0.7975180149078369,-0.0002477284288033843,0.03299882635474205,0.03299882635474205,1.0,-3.0,success
691,1.7947335243225098,-0.7964717149734497,-0.00024772906908765435,0.03300054743885994,0.03300054743885994,1.0,-3.0,success
692,1.7945923805236816,-0.7954251766204834,-0.00024774082703515887,0.033000413328409195,0.033000413328409195,1.0,3.0,success
693,1.794448971748352,-0.7943789958953857,-0.00024774056510068476,0.03299887850880623,0.03299887850880623,1.0,3.0,success
694,1.794303059577942,-0.793333113193512,-0.0002477400121279061,0.03300036862492561,0.03300036862492561,1.0,3.0,success
695,1.7941547632217407,-0.7922875285148621,-0.0002477396628819406,0.03300152346491814,0.03300152346491814,1.0,3.0,success
696,1.794004201889038,-0.7912423610687256,-0.00024773948825895786,0.03299863263964653,0.03299863263964653,1.0,3.0,success
697,1.7938519716262817,-0.7901973724365234,-0.0002477284288033843,0.03300057724118233,0.03300057724118233,1.0,-3.0,success
698,1.793702244758606,-0.7891520857810974,-0.0002477290399838239,0.03299861401319504,0.03299861401319504,1.0,-3.0,success
699,1.793554425239563,-0.7881064414978027,-0.00024774082703515887,0.03300127759575844,0.03300127759575844,1.0,3.0,success
700,1.793404221534729,-0.7870612144470215,-0.0002477405359968543,0.032998885959386826,0.032998885959386826,1.0,3.0,success
701,1.793251633644104,-0.7860162854194641,-0.0002477400121279061,0.03300034999847412,0.03300034999847412,1.0,3.0,success
702,1.793096661567688,-0.7849717140197754,-0.0002477396628819406,0.033000145107507706,0.033000145107507706,1.0,3.0,success
703,1.792939305305481,-0.7839275002479553,-0.00024773948825895786,0.03300010785460472,0.03300010785460472,1.0,3.0,success
704,1.7927803993225098,-0.7828835248947144,-0.0002477284288033843,0.03299999609589577,0.03299999609589577,1.0,-3.0,success
705,1.7926239967346191,-0.7818391919136047,-0.0002477290399838239,0.03299936652183533,0.03299936652183533,1.0,-3.0,success
706,1.7924693822860718,-0.7807945609092712,-0.00024774082703515887,0.03300034627318382,0.03300034627318382,1.0,3.0,success
707,1.792312502861023,-0.7797502875328064,-0.0002477405359968543,0.032999731600284576,0.032999731600284576,1.0,3.0,success
708,1.7921531200408936,-0.7787063717842102,-0.0002477400121279061,0.033000398427248,0.033000398427248,1.0,3.0,success
709,1.7919914722442627,-0.7776628136634827,-0.0002477396628819406,0.03300010785460472,0.03300010785460472,1.0,3.0,success
710,1.7918274402618408,-0.7766196131706238,-0.00024773948825895786,0.033000554889440536,0.033000554889440536,1.0,3.0,success
711,1.7916618585586548,-0.7755767107009888,-0.0002477284288033843,0.03299891948699951,0.03299891948699951,1.0,-3.0,success
712,1.7914986610412598,-0.7745333909988403,-0.0002477290399838239,0.033000193536281586,0.033000193536281586,1.0,-3.0,success
713,1.791337490081787,-0.773489773273468,-0.00024774082703515887,0.0329996757209301,0.0329996757209301,1.0,3.0,success
714,1.7911738157272339,-0.7724465131759644,-0.0002477405359968543,0.03300066292285919,0.03300066292285919,1.0,3.0,success
715,1.7910078763961792,-0.7714036107063293,-0.0002477400121279061,0.03300067037343979,0.03300067037343979,1.0,3.0,success
716,1.790839433670044,-0.7703611254692078,-0.0002477396628819406,0.03300018236041069,0.03300018236041069,1.0,3.0,success
717,1.7906687259674072,-0.7693189978599548,-0.00024773948825895786,0.03300051391124725,0.03300051391124725,1.0,3.0,success
718,1.7904956340789795,-0.7682772874832153,-0.0002477394009474665,0.032999780029058456,0.032999780029058456,1.0,3.0,success
719,1.7903209924697876,-0.7672358155250549,-0.0002477283123880625,0.0330004058778286,0.0330004058778286,1.0,-3.0,success
720,1.7901489734649658,-0.7661939859390259,-0.0002477288944646716,0.0329979807138443,0.0329979807138443,1.0,-3.0,success
721,1.7899787425994873,-0.7651517391204834,-0.0002477407397236675,0.03300178796052933,0.03300178796052933,1.0,3.0,success
722,1.7898061275482178,-0.7641099691390991,-0.00024774050689302385,0.032999180257320404,0.032999180257320404,1.0,3.0,success
723,1.7896311283111572,-0.7630685567855835,-0.00024773998302407563,0.03300042077898979,0.03300042077898979,1.0,3.0,success
724,1.7894538640975952,-0.7620275616645813,-0.0002477396628819406,0.032999370247125626,0.032999370247125626,1.0,3.0,success
725,1.7892742156982422,-0.7609869241714478,-0.00024773948825895786,0.033000946044921875,0.033000946044921875,1.0,3.0,success
726,1.7890928983688354,-0.7599466443061829,-0.0002477284288033843,0.03299884498119354,0.03299884498119354,1.0,-3.0,success
727,1.7889142036437988,-0.758905827999115,-0.0002477290399838239,0.03300139680504799,0.03300139680504799,1.0,-3.0,success
728,1.7887372970581055,-0.757864773273468,-0.00024774082703515887,0.03299932926893234,0.03299932926893234,1.0,3.0,success
729,1.7885581254959106,-0.7568240761756897,-0.0002477405359968543,0.033000245690345764,0.033000245690345764,1.0,3.0,success
730,1.7883764505386353,-0.7557838559150696,-0.0002477400121279061,0.032998934388160706,0.032998934388160706,1.0,3.0,success
731,1.7881925106048584,-0.7547439932823181,-0.0002477396628819406,0.03300017863512039,0.03300017863512039,1.0,3.0,success
732,1.7880061864852905,-0.7537045478820801,-0.00024773948825895786,0.0330004021525383,0.0330004021525383,1.0,3.0,success
733,1.787818193435669,-0.7526654005050659,-0.0002477284288033843,0.033000484108924866,0.033000484108924866,1.0,-3.0,success
734,1.7876328229904175,-0.7516258358955383,-0.0002477290399838239,0.03299882635474205,0.03299882635474205,1.0,-3.0,success
735,1.7874492406845093,-0.7505859136581421,-0.00024774082703515887,0.03300006687641144,0.03300006687641144,1.0,3.0,success
736,1.7872633934020996,-0.7495464086532593,-0.0002477405359968543,0.032999612390995026,0.032999612390995026,1.0,3.0,success
737,1.7870750427246094,-0.7485073208808899,-0.0002477400121279061,0.0330006442964077,0.0330006442964077,1.0,3.0,success
738,1.7868843078613281,-0.7474686503410339,-0.0002477396628819406,0.03300118446350098,0.03300118446350098,1.0,3.0,success
739,1.786691427230835,-0.7464303970336914,-0.00024773948825895786,0.03300054371356964,0.03300054371356964,1.0,3.0,success
740,1.7864967584609985,-0.7453925013542175,-0.00024772839969955385,0.03299981355667114,0.03299981355667114,1.0,-3.0,success
741,1.7863047122955322,-0.7443541288375854,-0.0002477290399838239,0.03299945220351219,0.03299945220351219,1.0,-3.0,success
742,1.7861144542694092,-0.7433153986930847,-0.00024774082703515887,0.03300033137202263,0.03300033137202263,1.0,3.0,success
743,1.7859219312667847,-0.7422771453857422,-0.0002477405359968543,0.032998502254486084,0.032998502254486084,1.0,3.0,success
744,1.7857269048690796,-0.7412393093109131,-0.00024773998302407563,0.03300004079937935,0.03300004079937935,1.0,3.0,success
745,1.785529613494873,-0.7402018904685974,-0.0002477396628819406,0.03300037607550621,0.03300037607550621,1.0,3.0,success
746,1.7853299379348755,-0.7391648888587952,-0.00024773948825895786,0.033001579344272614,0.033001579344272614,1.0,3.0,success
747,1.7851285934448242,-0.7381283044815063,-0.00024772839969955385,0.03299867734313011,0.03299867734313011,1.0,-3.0,success
748,1.7849292755126953,-0.7370913028717041,-0.000247740070335567,0.03299946337938309,0.03299946337938309,1.0,3.0,success
749,1.7847275733947754,-0.7360547184944153,-0.0002477401285432279,0.03300080820918083,0.03300080820918083,1.0,3.0,success
750,1.7845234870910645,-0.7350186109542847,-0.00024773983750492334,0.03300050273537636,0.03300050273537636,1.0,3.0,success
751,1.784317135810852,-0.7339829802513123,-0.00024773969198577106,0.032999638468027115,0.032999638468027115,1.0,3.0,success
752,1.7841084003448486,-0.7329477667808533,-0.0002477396046742797,0.03300149738788605,0.03300149738788605,1.0,3.0,success
753,1.7838975191116333,-0.7319130301475525,-0.0002477396046742797,0.033000215888023376,0.033000215888023376,1.0,3.0,success
754,1.7836843729019165,-0.7308787703514099,-0.00024773963377811015,0.032999832183122635,0.032999832183122635,1.0,3.0,success
755,1.7834689617156982,-0.7298449873924255,-0.00024773969198577106,0.03299960121512413,0.03299960121512413,1.0,3.0,success
756,1.7832512855529785,-0.7288116216659546,-0.00024773977929726243,0.033001355826854706,0.033001355826854706,1.0,3.0,success
757,1.7830313444137573,-0.7277787923812866,-0.0002477398666087538,0.03299961984157562,0.03299961984157562,1.0,3.0,success
758,1.7828091382980347,-0.7267463803291321,-0.0002477399248164147,0.03300169110298157,0.03300169110298157,1.0,3.0,success
759,1.7825847864151,-0.7257145047187805,-0.0002477400121279061,0.03299948200583458,0.03299948200583458,1.0,3.0,success
760,1.7823582887649536,-0.7246830463409424,-0.00024774009943939745,0.03300105780363083,0.03300105780363083,1.0,3.0,success
761,1.7821294069290161,-0.7236521244049072,-0.00024774015764705837,0.033000752329826355,0.033000752329826355,1.0,3.0,success
762,1.7818984985351562,-0.7226216793060303,-0.0002477402158547193,0.03299999609589577,0.03299999609589577,1.0,3.0,success
763,1.7816652059555054,-0.7215917706489563,-0.0002477402740623802,0.03300001844763756,0.03300001844763756,1.0,3.0,success
764,1.7814297676086426,-0.7205623388290405,-0.00024774030316621065,0.03300036862492561,0.03300036862492561,1.0,3.0,success
765,1.7811921834945679,-0.719533383846283,-0.00024774036137387156,0.03300086408853531,0.03300086408853531,1.0,3.0,success
766,1.7809523344039917,-0.7185049653053284,-0.000247740390477702,0.033000532537698746,0.033000532537698746,1.0,3.0,success
767,1.780710220336914,-0.7174770832061768,-0.0002477404195815325,0.033000364899635315,0.033000364899635315,1.0,3.0,success
768,1.7804666757583618,-0.7164496183395386,-0.00024772892356850207,0.03299795836210251,0.03299795836210251,1.0,-3.0,success
769,1.7802257537841797,-0.7154214978218079,-0.0002477291563991457,0.03299909830093384,0.03299909830093384,1.0,-3.0,success
770,1.7799866199493408,-0.714392900466919,-0.0002477410016581416,0.03300091251730919,0.03300091251730919,1.0,3.0,success
771,1.7797452211380005,-0.713364839553833,-0.00024774085613898933,0.03300068899989128,0.03300068899989128,1.0,3.0,success
772,1.7795014381408691,-0.7123373746871948,-0.00024774036137387156,0.0329996757209301,0.0329996757209301,1.0,3.0,success
773,1.7792553901672363,-0.7113104462623596,-0.000247740070335567,0.032999783754348755,0.032999783754348755,1.0,3.0,success
774,1.779007077217102,-0.7102840542793274,-0.00024773989571258426,0.033000051975250244,0.033000051975250244,1.0,3.0,success
775,1.778757095336914,-0.7092580795288086,-0.00024772866163402796,0.03299969062209129,0.03299969062209129,1.0,-3.0,success
776,1.7785097360610962,-0.7082314491271973,-0.0002477291855029762,0.03300030529499054,0.03300030529499054,1.0,-3.0,success
777,1.7782641649246216,-0.7072044014930725,-0.0002477409434504807,0.03299994021654129,0.03299994021654129,1.0,3.0,success
778,1.7780163288116455,-0.7061778903007507,-0.0002477406815160066,0.03300017490983009,0.03300017490983009,1.0,3.0,success
779,1.7777661085128784,-0.7051519751548767,-0.00024774015764705837,0.03299964219331741,0.03299964219331741,1.0,3.0,success
780,1.7775135040283203,-0.7041265964508057,-0.00024773983750492334,0.03300110250711441,0.03300110250711441,1.0,3.0,success
781,1.7772586345672607,-0.7031018137931824,-0.0002477396628819406,0.03300002962350845,0.03300002962350845,1.0,3.0,success
782,1.777002215385437,-0.7020774483680725,-0.0002477285161148757,0.03299909830093384,0.03299909830093384,1.0,-3.0,success
783,1.7767482995986938,-0.7010524272918701,-0.0002477290981914848,0.03300007805228233,0.03300007805228233,1.0,-3.0,success
784,1.776496171951294,-0.7000269889831543,-0.00024774085613898933,0.032999347895383835,0.032999347895383835,1.0,3.0,success
785,1.776241660118103,-0.6990020871162415,-0.0002477405942045152,0.03300094977021217,0.03300094977021217,1.0,3.0,success
786,1.7759848833084106,-0.6979777812957764,-0.000247740070335567,0.03300001099705696,0.03300001099705696,1.0,3.0,success
787,1.7757257223129272,-0.696954071521759,-0.000247739750193432,0.0330001525580883,0.0330001525580883,1.0,3.0,success
788,1.7754642963409424,-0.6959309577941895,-0.0002477396046742797,0.03299954533576965,0.03299954533576965,1.0,3.0,success
789,1.7752013206481934,-0.6949082016944885,-0.00024772845790721476,0.03300074487924576,0.03300074115395546,1.0,-3.0,success
790,1.774940848350525,-0.6938848495483398,-0.0002477290399838239,0.03299940004944801,0.03299940004944801,1.0,-3.0,success
791,1.7746821641921997,-0.692861020565033,-0.00024774082703515887,0.03300010785460472,0.03300010785460472,1.0,3.0,success
792,1.7744210958480835,-0.6918377876281738,-0.00024774056510068476,0.033000387251377106,0.033000387251377106,1.0,3.0,success
793,1.7741577625274658,-0.6908152103424072,-0.00024774004123173654,0.032998114824295044,0.032998114824295044,1.0,3.0,success
794,1.7738920450210571,-0.6897931694984436,-0.000247739750193432,0.03300055116415024,0.03300055116415024,1.0,3.0,success
795,1.773624062538147,-0.6887717247009277,-0.00024773957557044923,0.033000413328409195,0.033000413328409195,1.0,3.0,success
796,1.7733538150787354,-0.6877508759498596,-0.0002477395464666188,0.03300044313073158,0.03300044313073158,1.0,3.0,success
797,1.77308189868927,-0.6867304444313049,-0.0002477283705957234,0.03300122544169426,0.03300122544169426,1.0,-3.0,success
798,1.7728126049041748,-0.6857094168663025,-0.00024772892356850207,0.032998226583004,0.032998226583004,1.0,-3.0,success
799,1.7725450992584229,-0.6846878528594971,-0.00024774076882749796,0.03300023823976517,0.03300023823976517,1.0,3.0,success
800,1.7722753286361694,-0.6836668848991394,-0.0002477405359968543,0.03300023078918457,0.03300023078918457,1.0,3.0,success
801,1.772003173828125,-0.6826465725898743,-0.000247740070335567,0.03299954906105995,0.03299954906105995,1.0,3.0,success
802,1.771728754043579,-0.6816268563270569,-0.00024773977929726243,0.03299987316131592,0.03299987316131592,1.0,3.0,success
803,1.7714519500732422,-0.6806077361106873,-0.00024773963377811015,0.033001337200403214,0.033001337200403214,1.0,3.0,success
804,1.7711735963821411,-0.6795890927314758,-0.0002477284870110452,0.03299969062209129,0.03299969062209129,1.0,-3.0,success
805,1.7708978652954102,-0.6785697340965271,-0.0002477290399838239,0.03299975395202637,0.03299975395202637,1.0,-3.0,success
806,1.770623803138733,-0.6775498986244202,-0.00024774082703515887,0.03300056606531143,0.03300056606531143,1.0,3.0,success
807,1.7703474760055542,-0.6765307188034058,-0.0002477405942045152,0.03299923613667488,0.03299923241138458,1.0,3.0,success
808,1.7700687646865845,-0.6755121350288391,-0.000247740070335567,0.03300084173679352,0.03300083801150322,1.0,3.0,success
809,1.7697877883911133,-0.674494206905365,-0.00024773977929726243,0.03299983963370323,0.03299983963370323,1.0,3.0,success
810,1.7695045471191406,-0.6734769344329834,-0.00024773963377811015,0.032999005168676376,0.032999005168676376,1.0,3.0,success
811,1.7692196369171143,-0.6724600791931152,-0.0002477284870110452,0.03300048038363457,0.03300047665834427,1.0,-3.0,success
812,1.768937349319458,-0.6714425086975098,-0.0002477290399838239,0.032999999821186066,0.032999999821186066,1.0,-3.0,success
813,1.7686567306518555,-0.6704244613647461,-0.00024774085613898933,0.033000461757183075,0.033000461757183075,1.0,3.0,success
814,1.7683738470077515,-0.669407069683075,-0.0002477405942045152,0.03299959748983383,0.03299959748983383,1.0,3.0,success
815,1.768088698387146,-0.6683903336524963,-0.000247740070335567,0.03299890086054802,0.03299890086054802,1.0,3.0,success
816,1.7678011655807495,-0.6673741936683655,-0.00024773977929726243,0.03300117701292038,0.03300117701292038,1.0,3.0,success
817,1.7675113677978516,-0.6663587093353271,-0.00024773963377811015,0.03300081193447113,0.03300081193447113,1.0,3.0,success
818,1.7672193050384521,-0.6653439402580261,-0.0002477396046742797,0.03299883008003235,0.03299882635474205,1.0,3.0,success
819,1.7669256925582886,-0.6643295884132385,-0.00024772839969955385,0.03299972787499428,0.03299972787499428,1.0,-3.0,success
820,1.7666345834732056,-0.6633145213127136,-0.00024772892356850207,0.03299955278635025,0.03299955278635025,1.0,-3.0,success
821,1.7663452625274658,-0.6622989177703857,-0.00024774076882749796,0.033000312745571136,0.033000312745571136,1.0,3.0,success
822,1.7660536766052246,-0.6612839698791504,-0.00024774056510068476,0.03300008177757263,0.03300007805228233,1.0,3.0,success
823,1.7657597064971924,-0.6602696776390076,-0.00024774009943939745,0.03300105407834053,0.03300105035305023,1.0,3.0,success
824,1.7654634714126587,-0.659256100654602,-0.0002477398084010929,0.032999370247125626,0.032999370247125626,1.0,3.0,success
825,1.7651649713516235,-0.6582431197166443,-0.00024773969198577106,0.03300142660737038,0.03300142660737038,1.0,3.0,success
826,1.7648649215698242,-0.6572306752204895,-0.0002477285161148757,0.032999079674482346,0.032999079674482346,1.0,-3.0,success
827,1.7645673751831055,-0.6562175154685974,-0.0002477290399838239,0.032998379319906235,0.032998379319906235,1.0,-3.0,success
828,1.76427161693573,-0.6552037596702576,-0.00024774085613898933,0.033000554889440536,0.033000554889440536,1.0,3.0,success
829,1.7639734745025635,-0.654190719127655,-0.0002477406233083457,0.03300005570054054,0.03300005570054054,1.0,3.0,success
830,1.7636730670928955,-0.653178334236145,-0.0002477401285432279,0.03300046920776367,0.03300046920776367,1.0,3.0,success
831,1.7633702754974365,-0.6521666646003723,-0.0002477398084010929,0.03300032764673233,0.03300032764673233,1.0,3.0,success
832,1.7630653381347656,-0.6511556506156921,-0.00024773969198577106,0.032999999821186066,0.032999999821186066,1.0,3.0,success
833,1.7627581357955933,-0.6501452922821045,-0.0002477396628819406,0.03300090506672859,0.03300090506672859,1.0,3.0,success
834,1.7624492645263672,-0.6491354703903198,-0.0002477284288033843,0.03300008177757263,0.03300008177757263,1.0,-3.0,success
835,1.7621430158615112,-0.6481248736381531,-0.00024772892356850207,0.03299937769770622,0.03299937769770622,1.0,-3.0,success
836,1.7618385553359985,-0.6471137404441833,-0.0002477407979313284,0.03299926593899727,0.03299926221370697,1.0,3.0,success
837,1.7615317106246948,-0.6461033225059509,-0.0002477405942045152,0.032999437302351,0.0329994335770607,1.0,3.0,success
838,1.7612226009368896,-0.645093560218811,-0.0002477401285432279,0.033000484108924866,0.033000484108924866,1.0,3.0,success
839,1.760911226272583,-0.6440845131874084,-0.00024773983750492334,0.0329999104142189,0.0329999104142189,1.0,3.0,success
840,1.760597586631775,-0.6430761218070984,-0.0002477397210896015,0.033001285046339035,0.033001285046339035,1.0,3.0,success
841,1.7602823972702026,-0.6420682668685913,-0.0002477285161148757,0.03299970179796219,0.03299970179796219,1.0,-3.0,success
842,1.759969711303711,-0.6410596966743469,-0.0002477290399838239,0.03299778327345848,0.03299778327345848,1.0,-3.0,success
843,1.759658694267273,-0.64005047082901,-0.00024774085613898933,0.03300195559859276,0.03300195559859276,1.0,3.0,success
844,1.7593454122543335,-0.6390420198440552,-0.0002477406233083457,0.03299974650144577,0.03299974650144577,1.0,3.0,success
845,1.7590298652648926,-0.6380342841148376,-0.0002477401285432279,0.03299948200583458,0.03299948200583458,1.0,3.0,success
846,1.7587120532989502,-0.6370272040367126,-0.00024773983750492334,0.033001162111759186,0.033001162111759186,1.0,3.0,success
847,1.7583919763565063,-0.6360208988189697,-0.0002477397210896015,0.03299945592880249,0.03299945592880249,1.0,3.0,success
848,1.758069634437561,-0.6350153088569641,-0.00024773969198577106,0.03299969807267189,0.03299969807267189,1.0,3.0,success
849,1.7577457427978516,-0.6340101957321167,-0.00024772845790721476,0.03300032764673233,0.03300032764673233,1.0,-3.0,success
850,1.7574243545532227,-0.6330043077468872,-0.00024772892356850207,0.03299948200583458,0.03299948200583458,1.0,-3.0,success
851,1.757104754447937,-0.63199782371521,-0.0002477407979313284,0.033000268042087555,0.033000268042087555,1.0,3.0,success
852,1.7567827701568604,-0.6309921145439148,-0.0002477405942045152,0.03299983590841293,0.03299983590841293,1.0,3.0,success
853,1.7564586400985718,-0.6299871206283569,-0.0002477401285432279,0.03299906849861145,0.03299906849861145,1.0,3.0,success
854,1.7561321258544922,-0.6289828419685364,-0.0002477398666087538,0.03300075605511665,0.03300075605511665,1.0,3.0,success
855,1.7558033466339111,-0.6279792785644531,-0.000247739750193432,0.03300146758556366,0.03300146758556366,1.0,3.0,success
856,1.7554724216461182,-0.626976490020752,-0.0002477397210896015,0.03299940750002861,0.03299940750002861,1.0,3.0,success
857,1.755139946937561,-0.6259742379188538,-0.00024772845790721476,0.0329987071454525,0.0329987071454525,1.0,-3.0,success
858,1.7548099756240845,-0.6249710917472839,-0.0002477289526723325,0.03300069645047188,0.03300069645047188,1.0,-3.0,success
859,1.7544816732406616,-0.6239674091339111,-0.0002477407979313284,0.03300037235021591,0.03300037235021591,1.0,3.0,success
860,1.7541512250900269,-0.6229644417762756,-0.0002477406233083457,0.033000048249959946,0.033000048249959946,1.0,3.0,success
861,1.753818392753601,-0.6219622492790222,-0.00024774015764705837,0.033000461757183075,0.033000461757183075,1.0,3.0,success
862,1.7534832954406738,-0.6209608316421509,-0.00024773989571258426,0.03299987316131592,0.03299987316131592,1.0,3.0,success
863,1.7531460523605347,-0.6199601292610168,-0.000247739750193432,0.03300002962350845,0.03300002962350845,1.0,3.0,success
864,1.7528071403503418,-0.6189600229263306,-0.00024772854521870613,0.032999083399772644,0.032999083399772644,1.0,-3.0,success
865,1.7524707317352295,-0.6179590225219727,-0.00024772906908765435,0.03300053998827934,0.03300053998827934,1.0,-3.0,success
866,1.7521361112594604,-0.6169574856758118,-0.0002477408852428198,0.03299867734313011,0.03299867734313011,1.0,3.0,success
867,1.75179922580719,-0.6159566640853882,-0.00024774065241217613,0.03299999609589577,0.03299999609589577,1.0,3.0,success
868,1.7514599561691284,-0.6149566173553467,-0.00024774015764705837,0.03300090879201889,0.03300090879201889,1.0,3.0,success
869,1.751118540763855,-0.6139573454856873,-0.0002477398666087538,0.03299959376454353,0.03299959376454353,1.0,3.0,success
870,1.75077486038208,-0.6129588484764099,-0.0002477397210896015,0.03299964964389801,0.03299964964389801,1.0,3.0,success
871,1.7504289150238037,-0.6119610667228699,-0.0002477397210896015,0.03300163149833679,0.03300163149833679,1.0,3.0,success
872,1.7500814199447632,-0.6109639406204224,-0.00024772845790721476,0.032998181879520416,0.032998181879520416,1.0,-3.0,success
873,1.7497364282608032,-0.6099658608436584,-0.0002477289526723325,0.03300068899989128,0.03300068899989128,1.0,-3.0,success
874,1.7493932247161865,-0.6089671850204468,-0.0002477407979313284,0.03300008550286293,0.03300008550286293,1.0,3.0,success
875,1.7490476369857788,-0.607969343662262,-0.0002477405942045152,0.032999735325574875,0.032999735325574875,1.0,3.0,success
876,1.7486999034881592,-0.6069722175598145,-0.00024774015764705837,0.0330006368458271,0.0330006368458271,1.0,3.0,success
877,1.748349905014038,-0.6059759259223938,-0.0002477398666087538,0.03299940750002861,0.03299940750002861,1.0,3.0,success
878,1.747997522354126,-0.6049804091453552,-0.000247739750193432,0.03300134837627411,0.03300134837627411,1.0,3.0,success
879,1.7476431131362915,-0.6039856672286987,-0.000247739750193432,0.03299972042441368,0.03299972042441368,1.0,3.0,success
880,1.7472871541976929,-0.60299152135849,-0.0002477284870110452,0.032998476177453995,0.032998472452163696,1.0,-3.0,success
881,1.7469335794448853,-0.6019964814186096,-0.0002477289526723325,0.03299975395202637,0.03299975395202637,1.0,-3.0,success
882,1.746581792831421,-0.6010007858276367,-0.0002477407979313284,0.0330004058778286,0.0330004058778286,1.0,3.0,success
883,1.746227741241455,-0.6000058650970459,-0.0002477406233083457,0.033001240342855453,0.033001236617565155,1.0,3.0,success
884,1.7458714246749878,-0.5990118384361267,-0.00024774015764705837,0.03299873322248459,0.03299873322248459,1.0,3.0,success
885,1.745512843132019,-0.5980185270309448,-0.00024773989571258426,0.03300166130065918,0.03300166130065918,1.0,3.0,success
886,1.7451521158218384,-0.5970261096954346,-0.00024773977929726243,0.032998226583004,0.032998226583004,1.0,3.0,success
887,1.7447891235351562,-0.5960344076156616,-0.000247739750193432,0.033001482486724854,0.033001482486724854,1.0,3.0,success
888,1.74442458152771,-0.5950433611869812,-0.0002477284870110452,0.032998934388160706,0.032998934388160706,1.0,-3.0,success
889,1.7440625429153442,-0.5940513610839844,-0.0002477289526723325,0.032999999821186066,0.032999999821186066,1.0,-3.0,success
890,1.7437022924423218,-0.593058705329895,-0.0002477407979313284,0.033000145107507706,0.033000145107507706,1.0,3.0,success
891,1.7433396577835083,-0.5920668840408325,-0.0002477406233083457,0.033001143485307693,0.033001139760017395,1.0,3.0,success
892,1.742974877357483,-0.5910758972167969,-0.00024774015764705837,0.03299975395202637,0.03299975395202637,1.0,3.0,success
893,1.742607831954956,-0.5900857448577881,-0.00024773989571258426,0.03299982100725174,0.03299982100725174,1.0,3.0,success
894,1.7422385215759277,-0.5890964269638062,-0.00024773977929726243,0.03300005942583084,0.03300005942583084,1.0,3.0,success
895,1.7418670654296875,-0.5881078839302063,-0.000247739750193432,0.03300090134143829,0.03300090134143829,1.0,3.0,success
896,1.741494059562683,-0.587119996547699,-0.0002477284870110452,0.03299879655241966,0.03299879655241966,1.0,-3.0,success
897,1.7411235570907593,-0.5861311554908752,-0.0002477289526723325,0.032999150454998016,0.032999150454998016,1.0,-3.0,success
898,1.7407547235488892,-0.5851415991783142,-0.0002477407979313284,0.03300183266401291,0.03300183266401291,1.0,3.0,success
899,1.7403837442398071,-0.5841529369354248,-0.0002477406233083457,0.032999150454998016,0.032999150454998016,1.0,3.0,success
900,1.7400104999542236,-0.5831651091575623,-0.00024774015764705837,0.032999686896800995,0.032999686896800995,1.0,3.0,success
901,1.7396348714828491,-0.5821781158447266,-0.0002477398666087538,0.033001724630594254,0.033001724630594254,1.0,3.0,success
902,1.7392572164535522,-0.5811920166015625,-0.000247739750193432,0.032998207956552505,0.032998207956552505,1.0,3.0,success
903,1.738877296447754,-0.5802066922187805,-0.000247739750193432,0.033000994473695755,0.033000994473695755,1.0,3.0,success
904,1.7384958267211914,-0.5792220234870911,-0.0002477284870110452,0.032999344170093536,0.032999344170093536,1.0,-3.0,success
905,1.7381168603897095,-0.5782364010810852,-0.0002477289526723325,0.03299897536635399,0.03299897536635399,1.0,-3.0,success
906,1.7377395629882812,-0.577250063419342,-0.0002477407979313284,0.03300116956233978,0.03300116956233978,1.0,3.0,success
907,1.7373601198196411,-0.5762646198272705,-0.0002477405942045152,0.03299911320209503,0.03299911320209503,1.0,3.0,success
908,1.7369784116744995,-0.5752800107002258,-0.0002477401285432279,0.03300030156970024,0.03300029784440994,1.0,3.0,success
909,1.7365944385528564,-0.5742962956428528,-0.0002477398666087538,0.0329999178647995,0.0329999178647995,1.0,3.0,success
910,1.736208200454712,-0.5733134150505066,-0.000247739750193432,0.03300144895911217,0.03300144895911217,1.0,3.0,success
911,1.735819935798645,-0.572331428527832,-0.0002477397210896015,0.03299868106842041,0.03299868106842041,1.0,3.0,success
912,1.7354300022125244,-0.5713500380516052,-0.00024772845790721476,0.033000580966472626,0.033000580966472626,1.0,-3.0,success
913,1.7350425720214844,-0.5703676342964172,-0.0002477289526723325,0.03300123289227486,0.03300122916698456,1.0,-3.0,success
914,1.7346569299697876,-0.5693846344947815,-0.0002477407979313284,0.032998111099004745,0.032998111099004745,1.0,3.0,success
915,1.7342690229415894,-0.5684024095535278,-0.0002477405942045152,0.033001504838466644,0.033001501113176346,1.0,3.0,success
916,1.7338788509368896,-0.5674211382865906,-0.0002477401285432279,0.03299987316131592,0.03299987316131592,1.0,3.0,success
917,1.733486533164978,-0.566440761089325,-0.0002477398666087538,0.032998766750097275,0.032998766750097275,1.0,3.0,success
918,1.733091950416565,-0.5654612183570862,-0.000247739750193432,0.03300093859434128,0.03300093859434128,1.0,3.0,success
919,1.73269522190094,-0.564482569694519,-0.0002477397210896015,0.0330001562833786,0.0330001562833786,1.0,3.0,success
920,1.7322969436645508,-0.5635045766830444,-0.00024772845790721476,0.03299940750002861,0.03299940750002861,1.0,-3.0,success
921,1.7319011688232422,-0.5625255703926086,-0.0002477289526723325,0.03299933299422264,0.03299933299422264,1.0,-3.0,success
922,1.7315070629119873,-0.5615458488464355,-0.0002477407979313284,0.033000558614730835,0.033000554889440536,1.0,3.0,success
923,1.731110692024231,-0.5605670213699341,-0.0002477405942045152,0.0330011360347271,0.0330011360347271,1.0,3.0,success
924,1.7307121753692627,-0.559589147567749,-0.0002477401285432279,0.032998766750097275,0.032998766750097275,1.0,3.0,success
925,1.730311393737793,-0.5586121082305908,-0.0002477398666087538,0.03300141915678978,0.03300141543149948,1.0,3.0,success
926,1.7299084663391113,-0.557636022567749,-0.000247739750193432,0.032999373972415924,0.032999373972415924,1.0,3.0,success
927,1.7295033931732178,-0.5566608309745789,-0.0002477397210896015,0.03299921378493309,0.03299921378493309,1.0,3.0,success
928,1.72909677028656,-0.5556862354278564,-0.00024772845790721476,0.033000629395246506,0.033000629395246506,1.0,-3.0,success
929,1.7286925315856934,-0.5547106862068176,-0.0002477289526723325,0.03299954533576965,0.03299954533576965,1.0,-3.0,success
930,1.72829008102417,-0.5537343621253967,-0.0002477407979313284,0.03300057724118233,0.03300057724118233,1.0,3.0,success
931,1.727885365486145,-0.5527589917182922,-0.0002477405942045152,0.03300008922815323,0.03300008922815323,1.0,3.0,success
932,1.7274785041809082,-0.5517845153808594,-0.0002477401285432279,0.03300006315112114,0.03300006315112114,1.0,3.0,success
933,1.72706937789917,-0.5508109927177429,-0.0002477398666087538,0.0329999215900898,0.0329999215900898,1.0,3.0,success
934,1.7266581058502197,-0.5498383641242981,-0.0002477397210896015,0.033000219613313675,0.033000219613313675,1.0,3.0,success
935,1.7262446880340576,-0.5488666296005249,-0.0002477397210896015,0.033000681549310684,0.033000681549310684,1.0,3.0,success
936,1.725829005241394,-0.5478958487510681,-0.00024773977929726243,0.03300105780363083,0.03300105780363083,1.0,3.0,success
937,1.725411295890808,-0.546925961971283,-0.00024773983750492334,0.03300037607550621,0.03300037607550621,1.0,3.0,success
938,1.7249915599822998,-0.5459570288658142,-0.00024773995392024517,0.03299812972545624,0.03299812972545624,1.0,3.0,success
939,1.72456955909729,-0.5449889302253723,-0.000247740070335567,0.033002421259880066,0.033002421259880066,1.0,3.0,success
940,1.724145531654358,-0.5440217852592468,-0.0002477401867508888,0.033000484108924866,0.033000484108924866,1.0,3.0,success
941,1.7237194776535034,-0.5430555939674377,-0.00024774030316621065,0.032998692244291306,0.03299868851900101,1.0,3.0,success
942,1.723291277885437,-0.5420902967453003,-0.0002477404195815325,0.033000264316797256,0.03300026059150696,1.0,3.0,success
943,1.7228609323501587,-0.5411258935928345,-0.00024774050689302385,0.03300199285149574,0.03300199285149574,1.0,3.0,success
944,1.7224286794662476,-0.5401624441146851,-0.0002477405942045152,0.032999131828546524,0.032999131828546524,1.0,3.0,success
945,1.721994161605835,-0.539199948310852,-0.00024774065241217613,0.03300100192427635,0.03300100192427635,1.0,3.0,success
946,1.7215577363967896,-0.5382383465766907,-0.0002477407397236675,0.03300013020634651,0.03300013020634651,1.0,3.0,success
947,1.7211191654205322,-0.5372776985168457,-0.0002477407979313284,0.03300078585743904,0.03300078585743904,1.0,3.0,success
948,1.7206785678863525,-0.5363180041313171,-0.00024774085613898933,0.033000048249959946,0.033000048249959946,1.0,3.0,success
949,1.7202359437942505,-0.535359263420105,-0.0002477408852428198,0.03299946337938309,0.03299946337938309,1.0,3.0,success
950,1.7197911739349365,-0.5344014167785645,-0.00024774091434665024,0.03300228342413902,0.03300228342413902,1.0,3.0,success
951,1.7193444967269897,-0.5334445834159851,-0.0002477409434504807,0.03299873694777489,0.03299873694777489,1.0,3.0,success
952,1.718895673751831,-0.5324887037277222,-0.00024774097255431116,0.03300017863512039,0.03300017863512039,1.0,3.0,success
953,1.71844482421875,-0.5315337777137756,-0.0002477410016581416,0.03300018981099129,0.03300018981099129,1.0,3.0,success
954,1.717991828918457,-0.5305798053741455,-0.00024774103076197207,0.03300195187330246,0.03300195187330246,1.0,3.0,success
955,1.7175369262695312,-0.5296268463134766,-0.0002477410598658025,0.032998982816934586,0.032998982816934586,1.0,3.0,success
956,1.7170798778533936,-0.528674840927124,-0.0002477410598658025,0.03300105780363083,0.03300105780363083,1.0,3.0,success
957,1.716620922088623,-0.5277237892150879,-0.000247741088969633,0.033000051975250244,0.033000051975250244,1.0,3.0,success
958,1.7161598205566406,-0.5267737507820129,-0.000247741088969633,0.03300076350569725,0.03300076350569725,1.0,3.0,success
959,1.7156966924667358,-0.5258247256278992,-0.000247741088969633,0.033000003546476364,0.033000003546476364,1.0,3.0,success
960,1.7152316570281982,-0.5248766541481018,-0.00024774111807346344,0.0329994261264801,0.0329994261264801,1.0,3.0,success
961,1.7147644758224487,-0.5239295959472656,-0.00024774111807346344,0.03300061449408531,0.03300061449408531,1.0,3.0,success
962,1.7142952680587769,-0.5229835510253906,-0.00024774111807346344,0.03300030902028084,0.03300030902028084,1.0,3.0,success
963,1.7138240337371826,-0.522038459777832,-0.00024774111807346344,0.033001821488142014,0.033001821488142014,1.0,3.0,success
964,1.713350772857666,-0.5210944414138794,-0.0002477411471772939,0.0330001562833786,0.0330001525580883,1.0,3.0,success
965,1.7128756046295166,-0.5201514363288879,-0.0002477411471772939,0.03299863263964653,0.03299863263964653,1.0,3.0,success
966,1.7123982906341553,-0.5192093849182129,-0.0002477411471772939,0.03300226852297783,0.03300226852297783,1.0,3.0,success
967,1.7119189500808716,-0.5182684063911438,-0.0002477411471772939,0.033001065254211426,0.033001065254211426,1.0,3.0,success
968,1.711437702178955,-0.5173285007476807,-0.0002477411471772939,0.03299831598997116,0.03299831598997116,1.0,3.0,success
969,1.7109544277191162,-0.5163895487785339,-0.0002477411471772939,0.03300072252750397,0.03300072252750397,1.0,3.0,success
970,1.7104690074920654,-0.5154516696929932,-0.00024774117628112435,0.03300168737769127,0.03300168365240097,1.0,3.0,success
971,1.7099816799163818,-0.5145148634910583,-0.00024774117628112435,0.03299937769770622,0.03299937769770622,1.0,3.0,success
972,1.7094923257827759,-0.5135790705680847,-0.00024774117628112435,0.03300058841705322,0.03300058841705322,1.0,3.0,success
973,1.709001064300537,-0.5126442909240723,-0.00024774117628112435,0.033000215888023376,0.033000215888023376,1.0,3.0,success
974,1.7085076570510864,-0.5117106437683105,-0.00024774117628112435,0.03300017490983009,0.03300017490983009,1.0,3.0,success
975,1.708012342453003,-0.51077800989151,-0.00024774117628112435,0.03300009295344353,0.03300009295344353,1.0,3.0,success
976,1.707515001296997,-0.5098464488983154,-0.0002477412053849548,0.033000268042087555,0.033000268042087555,1.0,3.0,success
977,1.7070156335830688,-0.508915901184082,-0.0002477412053849548,0.03300223499536514,0.03300223499536514,1.0,3.0,success
978,1.7065143585205078,-0.5079864859580994,-0.0002477412053849548,0.03299930691719055,0.03299930691719055,1.0,3.0,success
979,1.7060110569000244,-0.5070581436157227,-0.0002477412053849548,0.03299994021654129,0.03299994021654129,1.0,3.0,success
980,1.7055057287216187,-0.5061308741569519,-0.0002477412053849548,0.033000726252794266,0.033000726252794266,1.0,3.0,success
981,1.70499849319458,-0.5052046775817871,-0.0002477412053849548,0.032999880611896515,0.032999880611896515,1.0,3.0,success
982,1.7044892311096191,-0.504279613494873,-0.0002477412053849548,0.03299934044480324,0.03299934044480324,1.0,3.0,success
983,1.7039779424667358,-0.5033555626869202,-0.00024774123448878527,0.03300221636891365,0.03300221636891365,1.0,3.0,success
984,1.7034647464752197,-0.5024327039718628,-0.00024774123448878527,0.03299855440855026,0.03299855440855026,1.0,3.0,success
985,1.7029495239257812,-0.5015108585357666,-0.00024774123448878527,0.03300173580646515,0.03300173580646515,1.0,3.0,success
986,1.70243239402771,-0.5005901455879211,-0.00024774123448878527,0.03299999609589577,0.03299999609589577,1.0,3.0,success
987,1.7019132375717163,-0.4996705651283264,-0.00024774123448878527,0.03300023078918457,0.03300023078918457,1.0,3.0,success
988,1.7013921737670898,-0.49875208735466003,-0.00024774123448878527,0.03299959748983383,0.03299959748983383,1.0,3.0,success
989,1.700869083404541,-0.4978347420692444,-0.0002477412635926157,0.033000145107507706,0.033000145107507706,1.0,3.0,success
990,1.7003439664840698,-0.4969184994697571,-0.0002477412635926157,0.03300166130065918,0.03300166130065918,1.0,3.0,success
991,1.6998169422149658,-0.4960033893585205,-0.0002477412635926157,0.03300066292285919,0.03300066292285919,1.0,3.0,success
992,1.699288010597229,-0.49508941173553467,-0.0002477412635926157,0.03299981728196144,0.03299981728196144,1.0,3.0,success
993,1.6987571716308594,-0.49417656660079956,-0.0002477412635926157,0.03299911320209503,0.03299911320209503,1.0,3.0,success
994,1.6982243061065674,-0.4932648539543152,-0.0002477412635926157,0.033000435680150986,0.033000435680150986,1.0,3.0,success
995,1.697689414024353,-0.49235430359840393,-0.0002477412926964462,0.033001117408275604,0.033001117408275604,1.0,3.0,success
996,1.6971526145935059,-0.4914448857307434,-0.0002477412926964462,0.03300086408853531,0.03300086408853531,1.0,3.0,success
997,1.6966139078140259,-0.490536630153656,-0.0002477412926964462,0.032999955117702484,0.032999955117702484,1.0,3.0,success
998,1.696073293685913,-0.48962950706481934,-0.0002477412926964462,0.032999999821186066,0.032999999821186066,1.0,3.0,success
999,1.695530652999878,-0.4887235462665558,-0.0002477412926964462,0.03300129622220993,0.03300129622220993,1.0,3.0,success
1000,1.69498610496521,-0.48781877756118774,-0.0002477412926964462,0.03300004079937935,0.03300004079937935,1.0,3.0,success
1001,1.6944396495819092,-0.4869151711463928,-0.00024774132180027664,0.032999731600284576,0.032999731600284576,1.0,3.0,success
1002,1.6938912868499756,-0.486012727022171,-0.00024774132180027664,0.032999567687511444,0.032999567687511444,1.0,3.0,success
1003,1.6933408975601196,-0.48511144518852234,-0.00024774132180027664,0.03300149738788605,0.03300149738788605,1.0,3.0,success
1004,1.6927886009216309,-0.48421135544776917,-0.00024774132180027664,0.03300084173679352,0.03300084173679352,1.0,3.0,success
1005,1.6922343969345093,-0.4833124577999115,-0.00024774132180027664,0.033000338822603226,0.033000338822603226,1.0,3.0,success
1006,1.6916782855987549,-0.48241475224494934,-0.00024774132180027664,0.03299998492002487,0.03299998492002487,1.0,3.0,success
1007,1.6911202669143677,-0.4815182387828827,-0.0002477413509041071,0.032999780029058456,0.032999780029058456,1.0,3.0,success
1008,1.6905603408813477,-0.48062291741371155,-0.0002477413509041071,0.03299972414970398,0.03299972414970398,1.0,3.0,success
1009,1.6899983882904053,-0.4797287881374359,-0.0002477413509041071,0.03300180286169052,0.03300180286169052,1.0,3.0,success
1010,1.6894346475601196,-0.4788358807563782,-0.0002477413509041071,0.032999273389577866,0.032999273389577866,1.0,3.0,success
1011,1.6888688802719116,-0.47794416546821594,-0.0002477413509041071,0.03300166875123978,0.03300166875123978,1.0,3.0,success
1012,1.6883013248443604,-0.477053701877594,-0.0002477413509041071,0.032998643815517426,0.032998643815517426,1.0,3.0,success
1013,1.6877317428588867,-0.47616440057754517,-0.00024774138000793755,0.03300213813781738,0.033002134412527084,1.0,3.0,success
1014,1.6871603727340698,-0.4752763509750366,-0.00024774138000793755,0.03299940750002861,0.03299940750002861,1.0,3.0,success
1015,1.6865869760513306,-0.47438952326774597,-0.00024774138000793755,0.03300164267420769,0.03300164267420769,1.0,3.0,success
1016,1.686011791229248,-0.4735039472579956,-0.00024774138000793755,0.03299920633435249,0.03299920633435249,1.0,3.0,success
1017,1.6854346990585327,-0.47261959314346313,-0.00024774138000793755,0.03299972414970398,0.03299972414970398,1.0,3.0,success
1018,1.6848556995391846,-0.47173646092414856,-0.00024774138000793755,0.033000398427248,0.033000398427248,1.0,3.0,success
1019,1.6842747926712036,-0.47085458040237427,-0.000247741409111768,0.03300044313073158,0.03300044313073158,1.0,3.0,success
1020,1.6836919784545898,-0.46997395157814026,-0.000247741409111768,0.0330006442964077,0.0330006442964077,1.0,3.0,success
1021,1.6831073760986328,-0.46909454464912415,-0.000247741409111768,0.032999709248542786,0.032999709248542786,1.0,3.0,success
1022,1.6825207471847534,-0.4682164192199707,-0.000247741409111768,0.033001504838466644,0.033001504838466644,1.0,3.0,success
1023,1.6819323301315308,-0.46733954548835754,-0.000247741409111768,0.03300008922815323,0.03300008922815323,1.0,3.0,success
1024,1.6813420057296753,-0.46646395325660706,-0.00024774143821559846,0.03300012648105621,0.03300012648105621,1.0,3.0,success
1025,1.6807498931884766,-0.46558961272239685,-0.00024774143821559846,0.03299900144338608,0.03299900144338608,1.0,3.0,success
1026,1.6801557540893555,-0.46471652388572693,-0.00024774143821559846,0.033002205193042755,0.033002205193042755,1.0,3.0,success
1027,1.6795598268508911,-0.4638447165489197,-0.00024774143821559846,0.03300061076879501,0.03300061076879501,1.0,3.0,success
1028,1.6789621114730835,-0.4629742205142975,-0.00024774143821559846,0.03299838677048683,0.03299838677048683,1.0,3.0,success
1029,1.6783623695373535,-0.4621049761772156,-0.00024774143821559846,0.03300207108259201,0.03300207108259201,1.0,3.0,success
1030,1.6777609586715698,-0.46123701333999634,-0.0002477414673194289,0.032998789101839066,0.032998789101839066,1.0,3.0,success
1031,1.6771575212478638,-0.46037036180496216,-0.0002477414673194289,0.03300126641988754,0.03300126641988754,1.0,3.0,success
1032,1.6765522956848145,-0.45950499176979065,-0.0002477414673194289,0.0330004021525383,0.0330004021525383,1.0,3.0,success
1033,1.6759452819824219,-0.4586409330368042,-0.0002477414673194289,0.03299892321228981,0.03299892321228981,1.0,3.0,success
1034,1.6753363609313965,-0.4577781558036804,-0.0002477414673194289,0.03300049528479576,0.03300049528479576,1.0,3.0,success
1035,1.6747255325317383,-0.4569166898727417,-0.0002477414673194289,0.03300146013498306,0.03300146013498306,1.0,3.0,success
1036,1.6741129159927368,-0.45605653524398804,-0.0002477414673194289,0.03300042822957039,0.03300042822957039,1.0,3.0,success
1037,1.673498511314392,-0.4551977217197418,-0.0002477414964232594,0.03299878537654877,0.03299878537654877,1.0,3.0,success
1038,1.6728821992874146,-0.4543401896953583,-0.0002477414964232594,0.033000968396663666,0.033000968396663666,1.0,3.0,success
1039,1.6722639799118042,-0.4534839987754822,-0.0002477414964232594,0.03300180658698082,0.03300180658698082,1.0,3.0,success
1040,1.6716440916061401,-0.45262911915779114,-0.0002477414964232594,0.032999180257320404,0.032999180257320404,1.0,3.0,success
1041,1.6710222959518433,-0.45177558064460754,-0.0002477414964232594,0.03300032392144203,0.03300032392144203,1.0,3.0,success
1042,1.6703985929489136,-0.4509233832359314,-0.0002477414964232594,0.033001624047756195,0.033001624047756195,1.0,3.0,success
1043,1.6697732210159302,-0.4500725269317627,-0.00024774152552708983,0.03299867361783981,0.03299867361783981,1.0,3.0,success
1044,1.669145941734314,-0.44922298192977905,-0.00024774152552708983,0.03300103545188904,0.03300103545188904,1.0,3.0,success
1045,1.6685168743133545,-0.44837480783462524,-0.00024774152552708983,0.03299983963370323,0.03299983963370323,1.0,3.0,success
1046,1.6678858995437622,-0.4475279748439789,-0.00024774152552708983,0.03300176188349724,0.03300176188349724,1.0,3.0,success
1047,1.6672532558441162,-0.44668248295783997,-0.00024774152552708983,0.03299938887357712,0.03299938887357712,1.0,3.0,success
1048,1.6666187047958374,-0.4458383619785309,-0.00024774152552708983,0.033000875264406204,0.033000875264406204,1.0,3.0,success
1049,1.6659823656082153,-0.44499561190605164,-0.00024774152552708983,0.03300028666853905,0.03300028666853905,1.0,3.0,success
1050,1.66534423828125,-0.44415420293807983,-0.00024774152552708983,0.033000584691762924,0.033000584691762924,1.0,3.0,success
1051,1.6647043228149414,-0.44331419467926025,-0.0002477415546309203,0.03299955278635025,0.03299955278635025,1.0,3.0,success
1052,1.6640626192092896,-0.4424755275249481,-0.0002477415546309203,0.033000148832798004,0.033000148832798004,1.0,3.0,success
1053,1.6634191274642944,-0.4416382610797882,-0.0002477415546309203,0.03299941495060921,0.03299941495060921,1.0,3.0,success
1054,1.6627737283706665,-0.44080236554145813,-0.0002477415546309203,0.0330018512904644,0.0330018512904644,1.0,3.0,success
1055,1.6621266603469849,-0.4399678409099579,-0.0002477415546309203,0.03299988433718681,0.03299988433718681,1.0,3.0,success
1056,1.66147780418396,-0.43913471698760986,-0.0002477415546309203,0.032999612390995026,0.032999612390995026,1.0,3.0,success
1057,1.6608270406723022,-0.43830299377441406,-0.0002477415546309203,0.03300178423523903,0.03300178423523903,1.0,3.0,success
1058,1.6601746082305908,-0.4374726414680481,-0.0002477415546309203,0.03300024941563606,0.03300024941563606,1.0,3.0,success
1059,1.6595203876495361,-0.43664371967315674,-0.00024774158373475075,0.03299970552325249,0.03299970552325249,1.0,3.0,success
1060,1.6588643789291382,-0.4358161687850952,-0.00024774158373475075,0.03300076723098755,0.03300076723098755,1.0,3.0,success
1061,1.658206582069397,-0.4349900484085083,-0.00024774158373475075,0.03300052508711815,0.03300052508711815,1.0,3.0,success
1062,1.657547116279602,-0.4341653287410736,-0.00024774158373475075,0.032998837530612946,0.032998837530612946,1.0,3.0,success
1063,1.6568857431411743,-0.43334200978279114,-0.00024774158373475075,0.03300195932388306,0.03300195932388306,1.0,3.0,success
1064,1.6562227010726929,-0.43252015113830566,-0.00024774158373475075,0.03299911692738533,0.03299911692738533,1.0,3.0,success
1065,1.6555578708648682,-0.43169966340065,-0.00024774158373475075,0.03300093486905098,0.03300093486905098,1.0,3.0,success
1066,1.6548912525177002,-0.4308806359767914,-0.00024774158373475075,0.03300073742866516,0.03300073742866516,1.0,3.0,success
1067,1.6542229652404785,-0.43006303906440735,-0.00024774158373475075,0.03299906104803085,0.03299906104803085,1.0,3.0,success
1068,1.6535528898239136,-0.42924684286117554,-0.00024774158373475075,0.03300061076879501,0.03300061076879501,1.0,3.0,success
1069,1.6528810262680054,-0.4284321069717407,-0.0002477416128385812,0.033000875264406204,0.033000875264406204,1.0,3.0,success
1070,1.6522074937820435,-0.4276188313961029,-0.0002477416128385812,0.03299892321228981,0.03299892321228981,1.0,3.0,success
1071,1.6515321731567383,-0.4268069565296173,-0.0002477416128385812,0.03300092741847038,0.03300092741847038,1.0,3.0,success
1072,1.6508550643920898,-0.4259965717792511,-0.0002477416128385812,0.03300094231963158,0.03300094231963158,1.0,3.0,success
1073,1.6501762866973877,-0.4251876175403595,-0.0002477416128385812,0.033000148832798004,0.033000148832798004,1.0,3.0,success
1074,1.6494957208633423,-0.4243801236152649,-0.0002477416128385812,0.03300118446350098,0.03300118446350098,1.0,3.0,success
1075,1.6488134860992432,-0.4235740900039673,-0.0002477416128385812,0.032999973744153976,0.032999973744153976,1.0,3.0,success
1076,1.6481295824050903,-0.4227695167064667,-0.0002477416128385812,0.032998912036418915,0.032998912036418915,1.0,3.0,success
1077,1.6474438905715942,-0.42196640372276306,-0.0002477416128385812,0.033000409603118896,0.033000409603118896,1.0,3.0,success
1078,1.6467564105987549,-0.42116478085517883,-0.0002477416128385812,0.033001359552145004,0.033001359552145004,1.0,3.0,success
1079,1.6460672616958618,-0.4203646183013916,-0.0002477416128385812,0.03300074115395546,0.03300074115395546,1.0,3.0,success
1080,1.645376443862915,-0.41956591606140137,-0.0002477416128385812,0.03300027176737785,0.03300027176737785,1.0,3.0,success
1081,1.6446839570999146,-0.4187687337398529,-0.0002477416128385812,0.03299853950738907,0.03299853950738907,1.0,3.0,success
1082,1.6439896821975708,-0.41797301173210144,-0.0002477416128385812,0.03300081193447113,0.03300081193447113,1.0,3.0,success
1083,1.6432937383651733,-0.41717877984046936,-0.0002477416128385812,0.03300008922815323,0.03300008922815323,1.0,3.0,success
1084,1.6425960063934326,-0.41638603806495667,-0.0002477416128385812,0.03300197422504425,0.03300197422504425,1.0,3.0,success
1085,1.6418967247009277,-0.41559481620788574,-0.0002477416128385812,0.03299838304519653,0.03299838304519653,1.0,3.0,success
1086,1.6411956548690796,-0.4148050546646118,-0.0002477416128385812,0.03300127014517784,0.03300127014517784,1.0,3.0,success
1087,1.6404929161071777,-0.41401684284210205,-0.00024774164194241166,0.03299975395202637,0.03299975395202637,1.0,3.0,success
1088,1.6397885084152222,-0.4132300913333893,-0.00024774164194241166,0.03300047293305397,0.03300047293305397,1.0,3.0,success
1089,1.6390823125839233,-0.4124448895454407,-0.00024774164194241166,0.03300175070762634,0.03300175070762634,1.0,3.0,success
1090,1.6383745670318604,-0.41166117787361145,-0.00024774164194241166,0.03299957886338234,0.03299957886338234,1.0,3.0,success
1091,1.6376651525497437,-0.410878986120224,-0.00024774164194241166,0.03299935907125473,0.03299935907125473,1.0,3.0,success
1092,1.6369539499282837,-0.4100983142852783,-0.00024774164194241166,0.03300179913640022,0.03300179913640022,1.0,3.0,success
1093,1.6362411975860596,-0.4093191921710968,-0.00024774164194241166,0.03299868106842041,0.03299868106842041,1.0,3.0,success
1094,1.6355266571044922,-0.40854158997535706,-0.00024774164194241166,0.03300143778324127,0.03300143778324127,1.0,3.0,success
1095,1.6348105669021606,-0.4077655076980591,-0.00024774164194241166,0.03299930319190025,0.03299930319190025,1.0,3.0,success
1096,1.6340932846069336,-0.40699049830436707,-0.00024772968026809394,0.03299996256828308,0.03299996256828308,1.0,-3.0,success
1097,1.6333779096603394,-0.4062137007713318,-0.00024772962206043303,0.03300058841705322,0.03300058841705322,1.0,-3.0,success
1098,1.6326640844345093,-0.40543559193611145,-0.00024774143821559846,0.0329979844391346,0.0329979844391346,1.0,3.0,success
1099,1.6319483518600464,-0.40465909242630005,-0.0002477412926964462,0.033001311123371124,0.033001311123371124,1.0,3.0,success
1100,1.6312309503555298,-0.4038842022418976,-0.00024774085613898933,0.032999757677316666,0.032999757677316666,1.0,3.0,success
1101,1.63051176071167,-0.40311092138290405,-0.0002477405942045152,0.03300090134143829,0.03300090134143829,1.0,3.0,success
1102,1.6297909021377563,-0.40233922004699707,-0.0002477404777891934,0.03300035372376442,0.03300035372376442,1.0,3.0,success
1103,1.629068374633789,-0.401569128036499,-0.00024774044868536294,0.03299928084015846,0.03299928084015846,1.0,3.0,success
1104,1.6283446550369263,-0.4008001685142517,-0.00024772892356850207,0.032999005168676376,0.032999005168676376,1.0,-3.0,success
1105,1.6276228427886963,-0.40002942085266113,-0.00024772921460680664,0.0329989455640316,0.0329989418387413,1.0,-3.0,success
1106,1.6269023418426514,-0.3992573618888855,-0.00024774103076197207,0.033000897616147995,0.033000897616147995,1.0,3.0,success
1107,1.6261801719665527,-0.3984869420528412,-0.00024774085613898933,0.03299910947680473,0.03299910947680473,1.0,3.0,success
1108,1.6254560947418213,-0.3977181613445282,-0.0002477404195815325,0.033002596348524094,0.033002596348524094,1.0,3.0,success
1109,1.6247304677963257,-0.39695101976394653,-0.00024774015764705837,0.03299858793616295,0.03299858793616295,1.0,3.0,success
1110,1.6240030527114868,-0.3961855173110962,-0.000247740070335567,0.03299986198544502,0.03299986198544502,1.0,3.0,success
1111,1.6232738494873047,-0.3954216241836548,-0.000247740070335567,0.03300198167562485,0.03300198167562485,1.0,3.0,success
1112,1.6225435733795166,-0.3946588635444641,-0.00024772866163402796,0.032999567687511444,0.032999567687511444,1.0,-3.0,success
1113,1.6218152046203613,-0.3938942849636078,-0.0002477290399838239,0.03299948573112488,0.03299948573112488,1.0,-3.0,success
1114,1.6210881471633911,-0.3931284248828888,-0.0002477408852428198,0.033000268042087555,0.033000268042087555,1.0,3.0,success
1115,1.6203594207763672,-0.3923642039299011,-0.00024774071061983705,0.032999105751514435,0.032999105751514435,1.0,3.0,success
1116,1.61962890625,-0.39160165190696716,-0.00024774030316621065,0.03300001844763756,0.03300001844763756,1.0,3.0,success
1117,1.6188966035842896,-0.3908407688140869,-0.000247740070335567,0.03300109878182411,0.03300109878182411,1.0,3.0,success
1118,1.618162751197815,-0.3900814950466156,-0.00024773998302407563,0.03299851715564728,0.03299851715564728,1.0,3.0,success
1119,1.617427110671997,-0.3893238604068756,-0.00024773998302407563,0.033000607043504715,0.033000607043504715,1.0,3.0,success
1120,1.6166898012161255,-0.38856786489486694,-0.000247740070335567,0.03300027176737785,0.03300027176737785,1.0,3.0,success
1121,1.6159512996673584,-0.387813001871109,-0.00024772860342636704,0.03300098329782486,0.03300098329782486,1.0,-3.0,success
1122,1.6152148246765137,-0.3870563209056854,-0.0002477289526723325,0.03299741446971893,0.03299741446971893,1.0,-3.0,success
1123,1.6144795417785645,-0.3862982988357544,-0.00024774085613898933,0.03300151601433754,0.03300151228904724,1.0,3.0,success
1124,1.6137425899505615,-0.3855419456958771,-0.00024774071061983705,0.03300047293305397,0.03300047293305397,1.0,3.0,success
1125,1.6130039691925049,-0.38478726148605347,-0.00024774030316621065,0.03299959748983383,0.03299959748983383,1.0,3.0,success
1126,1.612263560295105,-0.38403427600860596,-0.000247740070335567,0.03300083428621292,0.03300083056092262,1.0,3.0,success
1127,1.611521601676941,-0.38328292965888977,-0.0002477400121279061,0.03299833834171295,0.03299833834171295,1.0,3.0,success
1128,1.6107778549194336,-0.3825332224369049,-0.0002477400121279061,0.03300124406814575,0.03300124406814575,1.0,3.0,success
1129,1.6100324392318726,-0.38178515434265137,-0.00024774009943939745,0.033001694828271866,0.03300169110298157,1.0,3.0,success
1130,1.6092859506607056,-0.38103824853897095,-0.0002477286325301975,0.032999664545059204,0.032999664545059204,1.0,-3.0,success
1131,1.6085413694381714,-0.3802894949913025,-0.000247728981776163,0.032998476177453995,0.032998476177453995,1.0,-3.0,success
1132,1.6077980995178223,-0.3795394003391266,-0.00024774085613898933,0.03299935162067413,0.032999347895383835,1.0,3.0,success
1133,1.6070530414581299,-0.3787909746170044,-0.00024774071061983705,0.033001724630594254,0.033001724630594254,1.0,3.0,success
1134,1.6063064336776733,-0.3780442774295807,-0.00024774030316621065,0.03299769014120102,0.03299769014120102,1.0,3.0,success
1135,1.6055580377578735,-0.3772992491722107,-0.000247740070335567,0.0330004058778286,0.0330004058778286,1.0,3.0,success
1136,1.60480797290802,-0.3765558898448944,-0.00024773998302407563,0.033000655472278595,0.033000651746988297,1.0,3.0,success
1137,1.6040562391281128,-0.37581419944763184,-0.0002477400121279061,0.033001068979501724,0.033001068979501724,1.0,3.0,success
1138,1.6033029556274414,-0.375074177980423,-0.00024774009943939745,0.032998986542224884,0.032998986542224884,1.0,3.0,success
1139,1.6025484800338745,-0.37433528900146484,-0.0002477286325301975,0.03300080448389053,0.03300080448389053,1.0,-3.0,success
1140,1.6017959117889404,-0.3735945522785187,-0.000247728981776163,0.03299872204661369,0.03299872204661369,1.0,-3.0,success
1141,1.6010446548461914,-0.3728524446487427,-0.00024774085613898933,0.03299962356686592,0.03299962356686592,1.0,3.0,success
1142,1.6002916097640991,-0.37211206555366516,-0.00024774071061983705,0.03300150856375694,0.03300150856375694,1.0,3.0,success
1143,1.5995370149612427,-0.37137338519096375,-0.00024774030316621065,0.03299890458583832,0.03299890458583832,1.0,3.0,success
1144,1.598780632019043,-0.3706364333629608,-0.000247740070335567,0.033001139760017395,0.0330011360347271,1.0,3.0,success
1145,1.598022699356079,-0.3699011504650116,-0.00024773998302407563,0.03299950808286667,0.03299950808286667,1.0,3.0,success
1146,1.5972630977630615,-0.3691675364971161,-0.00024773998302407563,0.03300070762634277,0.03300070762634277,1.0,3.0,success
1147,1.5965018272399902,-0.3684356212615967,-0.000247740070335567,0.03300142660737038,0.03300142660737038,1.0,3.0,success
1148,1.5957396030426025,-0.3677048683166504,-0.00024772860342636704,0.032997772097587585,0.032997772097587585,1.0,-3.0,success
1149,1.5949790477752686,-0.3669722378253937,-0.000247728981776163,0.033000823110342026,0.033000823110342026,1.0,-3.0,success
1150,1.5942199230194092,-0.36623823642730713,-0.00024774085613898933,0.03299840912222862,0.03299840912222862,1.0,3.0,success
1151,1.5934590101242065,-0.3655059337615967,-0.00024774071061983705,0.03300176560878754,0.03300176560878754,1.0,3.0,success
1152,1.5926965475082397,-0.3647753894329071,-0.0002477402740623802,0.03299864009022713,0.03299864009022713,1.0,3.0,success
1153,1.5919322967529297,-0.364046573638916,-0.00024774004123173654,0.03300171345472336,0.03300171345472336,1.0,3.0,success
1154,1.5911664962768555,-0.363319456577301,-0.00024773995392024517,0.033000197261571884,0.033000197261571884,1.0,3.0,success
1155,1.590399146080017,-0.36259400844573975,-0.00024773998302407563,0.03299948573112488,0.03299948573112488,1.0,3.0,success
1156,1.589630126953125,-0.36187028884887695,-0.00024774004123173654,0.03300035744905472,0.03300035744905472,1.0,3.0,success
1157,1.588860034942627,-0.36114776134490967,-0.00024772860342636704,0.03299928084015846,0.03299928084015846,1.0,-3.0,success
1158,1.5880917310714722,-0.3604232966899872,-0.0002477289526723325,0.03300005570054054,0.03300005570054054,1.0,-3.0,success
1159,1.5873247385025024,-0.35969746112823486,-0.00024774085613898933,0.032999686896800995,0.032999686896800995,1.0,3.0,success
1160,1.586556077003479,-0.35897335410118103,-0.0002477406815160066,0.03300052136182785,0.03300052136182785,1.0,3.0,success
1161,1.5857857465744019,-0.35825103521347046,-0.0002477402740623802,0.03300026059150696,0.03300025686621666,1.0,3.0,success
1162,1.5850138664245605,-0.357530415058136,-0.00024774004123173654,0.03299935162067413,0.03299935162067413,1.0,3.0,success
1163,1.5842403173446655,-0.3568115532398224,-0.00024773995392024517,0.03300006315112114,0.03300006315112114,1.0,3.0,success
1164,1.5834650993347168,-0.3560943901538849,-0.00024773995392024517,0.03300221264362335,0.03300221264362335,1.0,3.0,success
1165,1.5826884508132935,-0.3553789258003235,-0.00024774004123173654,0.032999057322740555,0.032999053597450256,1.0,3.0,success
1166,1.5819106101989746,-0.35466468334198,-0.00024772860342636704,0.03300062566995621,0.03300062566995621,1.0,-3.0,success
1167,1.5811346769332886,-0.3539484739303589,-0.0002477289526723325,0.032998405396938324,0.032998405396938324,1.0,-3.0,success
1168,1.580359935760498,-0.35323089361190796,-0.00024774082703515887,0.03300013765692711,0.03300013765692711,1.0,3.0,success
1169,1.5795835256576538,-0.3525150716304779,-0.0002477406815160066,0.03300114721059799,0.03300114721059799,1.0,3.0,success
1170,1.5788055658340454,-0.3518010377883911,-0.00024774024495854974,0.032998960465192795,0.032998956739902496,1.0,3.0,success
1171,1.5780259370803833,-0.3510887324810028,-0.0002477400121279061,0.033000946044921875,0.033000946044921875,1.0,3.0,success
1172,1.577244758605957,-0.3503781855106354,-0.00024773995392024517,0.03299971669912338,0.03299971669912338,1.0,3.0,success
1173,1.576461911201477,-0.34966936707496643,-0.00024773995392024517,0.033002033829689026,0.033002033829689026,1.0,3.0,success
1174,1.5756776332855225,-0.34896227717399597,-0.0002477400121279061,0.03299899026751518,0.03299899026751518,1.0,3.0,success
1175,1.5748918056488037,-0.3482568860054016,-0.0002477401285432279,0.032999493181705475,0.032999493181705475,1.0,3.0,success
1176,1.5741043090820312,-0.34755322337150574,-0.0002477402740623802,0.033002305775880814,0.033002305775880814,1.0,3.0,success
1177,1.5733158588409424,-0.34685078263282776,-0.00024772871984168887,0.03299912065267563,0.03299912065267563,1.0,-3.0,success
1178,1.5725291967391968,-0.3461463451385498,-0.000247728981776163,0.03299901261925697,0.03299901261925697,1.0,-3.0,success
1179,1.5717437267303467,-0.34544047713279724,-0.0002477408852428198,0.0330011323094368,0.0330011323094368,1.0,3.0,success
1180,1.5709567070007324,-0.34473639726638794,-0.0002477407397236675,0.03299988433718681,0.03299988433718681,1.0,3.0,success
1181,1.570168137550354,-0.3440341353416443,-0.0002477403322700411,0.032998185604810715,0.032998185604810715,1.0,3.0,success
1182,1.5693778991699219,-0.3433336019515991,-0.00024774009943939745,0.03300129622220993,0.03300129622220993,1.0,3.0,success
1183,1.5685861110687256,-0.3426348567008972,-0.0002477400121279061,0.03300055116415024,0.03300055116415024,1.0,3.0,success
1184,1.5677927732467651,-0.3419378697872162,-0.00024774004123173654,0.033000584691762924,0.033000584691762924,1.0,3.0,success
1185,1.5669984817504883,-0.34124210476875305,-0.0002477286325301975,0.03299780935049057,0.03299780935049057,1.0,-3.0,success
1186,1.5662057399749756,-0.3405444025993347,-0.0002477290399838239,0.033001359552145004,0.033001359552145004,1.0,-3.0,success
1187,1.5654144287109375,-0.3398452401161194,-0.0002477408852428198,0.03299801051616669,0.03299801051616669,1.0,3.0,success
1188,1.5646213293075562,-0.3391478955745697,-0.0002477406815160066,0.03300236538052559,0.03300236538052559,1.0,3.0,success
1189,1.5638267993927002,-0.33845236897468567,-0.00024774024495854974,0.032998502254486084,0.032998502254486084,1.0,3.0,success
1190,1.5630306005477905,-0.3377586305141449,-0.00024773998302407563,0.03300102800130844,0.03300102800130844,1.0,3.0,success
1191,1.5622328519821167,-0.337066650390625,-0.00024773989571258426,0.033001527190208435,0.033001527190208435,1.0,3.0,success
1192,1.5614336729049683,-0.33637645840644836,-0.00024773989571258426,0.03299875929951668,0.03299875929951668,1.0,3.0,success
1193,1.5606329441070557,-0.335688054561615,-0.00024773998302407563,0.03299896791577339,0.03299896791577339,1.0,3.0,success
1194,1.559830665588379,-0.3350013792514801,-0.00024774009943939745,0.033000558614730835,0.033000554889440536,1.0,3.0,success
1195,1.5590273141860962,-0.3343159258365631,-0.00024772860342636704,0.033001240342855453,0.033001240342855453,1.0,-3.0,success
1196,1.5582257509231567,-0.33362850546836853,-0.0002477289526723325,0.03299873322248459,0.03299873322248459,1.0,-3.0,success
1197,1.5574253797531128,-0.33293959498405457,-0.00024774082703515887,0.033000823110342026,0.033000823110342026,1.0,3.0,success
1198,1.5566234588623047,-0.33225253224372864,-0.0002477406815160066,0.03299994394183159,0.03299994394183159,1.0,3.0,success
1199,1.5558199882507324,-0.33156728744506836,-0.0002477402740623802,0.03299984335899353,0.03299984335899353,1.0,3.0,success
1200,1.555014967918396,-0.33088386058807373,-0.00024774004123173654,0.032999906688928604,0.032999906688928604,1.0,3.0,success
1201,1.5542083978652954,-0.33020222187042236,-0.00024773995392024517,0.033000748604536057,0.033000748604536057,1.0,3.0,success
1202,1.5534002780914307,-0.32952237129211426,-0.00024773998302407563,0.033001746982336044,0.033001746982336044,1.0,3.0,success
1203,1.5525907278060913,-0.3288443088531494,-0.00024774004123173654,0.03300006315112114,0.03300006315112114,1.0,3.0,success
1204,1.5517797470092773,-0.32816800475120544,-0.00024774015764705837,0.03299912437796593,0.03299912437796593,1.0,3.0,success
1205,1.5509676933288574,-0.32749295234680176,-0.00024772866163402796,0.03299986571073532,0.03299986571073532,1.0,-3.0,success
1206,1.5501573085784912,-0.3268158733844757,-0.000247728981776163,0.033000342547893524,0.033000342547893524,1.0,-3.0,success
1207,1.54934823513031,-0.32613733410835266,-0.00024774085613898933,0.032998211681842804,0.032998211681842804,1.0,3.0,success
1208,1.5485374927520752,-0.32546064257621765,-0.00024774071061983705,0.033001162111759186,0.033001162111759186,1.0,3.0,success
1209,1.5477253198623657,-0.3247857689857483,-0.00024774030316621065,0.03299915790557861,0.03299915790557861,1.0,3.0,success
1210,1.546911597251892,-0.32411274313926697,-0.000247740070335567,0.032999586313962936,0.032999586313962936,1.0,3.0,success
1211,1.5460963249206543,-0.3234415352344513,-0.00024773998302407563,0.03300078213214874,0.03300078213214874,1.0,3.0,success
1212,1.545279622077942,-0.3227721154689789,-0.00024773998302407563,0.032999858260154724,0.032999858260154724,1.0,3.0,success
1213,1.5444613695144653,-0.3221045136451721,-0.000247740070335567,0.033001381903886795,0.033001381903886795,1.0,3.0,success
1214,1.5436416864395142,-0.3214386999607086,-0.00024774015764705837,0.03300077095627785,0.03300077095627785,1.0,3.0,success
1215,1.5428210496902466,-0.3207741379737854,-0.00024772866163402796,0.032999277114868164,0.032999277114868164,1.0,-3.0,success
1216,1.5420020818710327,-0.32010751962661743,-0.000247728981776163,0.03299929201602936,0.03299929201602936,1.0,-3.0,success
1217,1.5411843061447144,-0.31943944096565247,-0.00024774085613898933,0.03299925848841667,0.03299925848841667,1.0,3.0,success
1218,1.5403649806976318,-0.31877321004867554,-0.00024774071061983705,0.03300032392144203,0.03300032392144203,1.0,3.0,success
1219,1.5395441055297852,-0.31810882687568665,-0.00024774030316621065,0.033001553267240524,0.033001553267240524,1.0,3.0,success
1220,1.5387217998504639,-0.3174463212490082,-0.000247740070335567,0.032999470829963684,0.032999470829963684,1.0,3.0,success
1221,1.5378984212875366,-0.31678512692451477,-0.0002477287780493498,0.0329999104142189,0.0329999104142189,1.0,-3.0,success
1222,1.537076711654663,-0.3161218762397766,-0.000247729301918298,0.032999586313962936,0.032999586313962936,1.0,-3.0,success
1223,1.536256194114685,-0.31545719504356384,-0.00024774103076197207,0.03299872949719429,0.03299872577190399,1.0,3.0,success
1224,1.5354340076446533,-0.3147943913936615,-0.0002477407397236675,0.03300241380929947,0.03300241380929947,1.0,3.0,success
1225,1.534610390663147,-0.31413349509239197,-0.0002477402158547193,0.03299989178776741,0.03299989178776741,1.0,3.0,success
1226,1.533785343170166,-0.3134744465351105,-0.0002477399248164147,0.0329986996948719,0.0329986996948719,1.0,3.0,success
1227,1.532959222793579,-0.3128167390823364,-0.00024772871984168887,0.032998789101839066,0.03299878537654877,1.0,-3.0,success
1228,1.5321346521377563,-0.3121569752693176,-0.00024772927281446755,0.033001020550727844,0.033001020550727844,1.0,-3.0,success
1229,1.5313116312026978,-0.31149524450302124,-0.00024773049517534673,0.03300170227885246,0.03300170227885246,1.0,-3.0,success
1230,1.5304899215698242,-0.31083211302757263,-0.0002477418165653944,0.0329972468316555,0.032997243106365204,1.0,3.0,success
1231,1.5296669006347656,-0.31017038226127625,-0.0002477311936672777,0.03300170227885246,0.03300170227885246,1.0,-3.0,success
1232,1.5288450717926025,-0.30950728058815,-0.00024774199118837714,0.032999563962221146,0.032999563962221146,1.0,3.0,success
1233,1.5280221700668335,-0.30884554982185364,-0.00024773128097876906,0.03299879655241966,0.03299879655241966,1.0,-3.0,success
1234,1.527200698852539,-0.30818188190460205,-0.0002477319212630391,0.03300198167562485,0.03300198167562485,1.0,-3.0,success
1235,1.5263808965682983,-0.30751633644104004,-0.0002477330563124269,0.032998379319906235,0.032998379319906235,1.0,-3.0,success
1236,1.525562047958374,-0.3068494498729706,-0.0002477436210028827,0.033001694828271866,0.033001694828271866,1.0,3.0,success
1237,1.5247416496276855,-0.3061845600605011,-0.00024774231133051217,0.03299993649125099,0.03299993649125099,1.0,3.0,success
1238,1.523919701576233,-0.3055216073989868,-0.000247741088969633,0.032999537885189056,0.032999537885189056,1.0,3.0,success
1239,1.5230962038040161,-0.30486059188842773,-0.00024774030316621065,0.03299931809306145,0.03299931809306145,1.0,3.0,success
1240,1.5222716331481934,-0.3042009174823761,-0.0002477291855029762,0.032999273389577866,0.032999273389577866,1.0,-3.0,success
1241,1.5214486122131348,-0.3035392761230469,-0.00024772988399490714,0.032999951392412186,0.032999951392412186,1.0,-3.0,success
1242,1.5206271409988403,-0.30287566781044006,-0.0002477311354596168,0.03300080820918083,0.03300080820918083,1.0,-3.0,success
1243,1.51980721950531,-0.30221012234687805,-0.0002477323869243264,0.03300127014517784,0.03300127014517784,1.0,-3.0,success
1244,1.518988847732544,-0.301542729139328,-0.00024773358018137515,0.033000148832798004,0.033000148832798004,1.0,-3.0,success
1245,1.518172025680542,-0.30087345838546753,-0.00024773465702310205,0.03299978747963905,0.03299978747963905,1.0,-3.0,success
1246,1.5173566341400146,-0.3002023696899414,-0.0002477356465533376,0.03300129249691963,0.03300129249691963,1.0,-3.0,success
1247,1.5165427923202515,-0.299529492855072,-0.0002477365196682513,0.032999493181705475,0.032999489456415176,1.0,-3.0,success
1248,1.515730381011963,-0.298854798078537,-0.00024773727636784315,0.03300131484866142,0.03300131484866142,1.0,-3.0,success
1249,1.5149195194244385,-0.2981783449649811,-0.00024773794575594366,0.032999251037836075,0.032999251037836075,1.0,-3.0,success
1250,1.5141100883483887,-0.2975001037120819,-0.00024773849872872233,0.033000797033309937,0.033000797033309937,1.0,-3.0,success
1251,1.5133017301559448,-0.29682067036628723,-0.0002477476082276553,0.03299906104803085,0.03299906104803085,1.0,3.0,success
1252,1.5124917030334473,-0.2961432635784149,-0.0002477450470905751,0.03299833834171295,0.03299833834171295,1.0,3.0,success
1253,1.5116798877716064,-0.2954678237438202,-0.0002477428934071213,0.03300187736749649,0.03300187736749649,1.0,3.0,success
1254,1.5108669996261597,-0.2947938144207001,-0.00024773157201707363,0.032999105751514435,0.032999105751514435,1.0,-3.0,success
1255,1.510055661201477,-0.29411792755126953,-0.0002477321249898523,0.03299936652183533,0.03299936652183533,1.0,-3.0,success
1256,1.5092453956604004,-0.29344069957733154,-0.00024774300982244313,0.03300047293305397,0.03300047293305397,1.0,3.0,success
1257,1.5084335803985596,-0.29276537895202637,-0.00024774193298071623,0.03299949690699577,0.032999493181705475,1.0,3.0,success
1258,1.507620096206665,-0.2920919954776764,-0.00024774091434665024,0.033000972121953964,0.033000972121953964,1.0,3.0,success
1259,1.5068055391311646,-0.29141995310783386,-0.00024772973847575486,0.033000119030475616,0.033000119030475616,1.0,-3.0,success
1260,1.5059926509857178,-0.2907460033893585,-0.0002477303787600249,0.032997917383909225,0.032997917383909225,1.0,-3.0,success
1261,1.5051813125610352,-0.290070116519928,-0.0002477316011209041,0.03299936652183533,0.03299936652183533,1.0,-3.0,success
1262,1.5043710470199585,-0.28939288854599,-0.00024774260236881673,0.03300047293305397,0.03300047293305397,1.0,3.0,success
1263,1.5035592317581177,-0.2887175679206848,-0.0002477416128385812,0.03299949690699577,0.032999493181705475,1.0,3.0,success
1264,1.5027457475662231,-0.28804418444633484,-0.00024774065241217613,0.033000972121953964,0.033000972121953964,1.0,3.0,success
1265,1.5019311904907227,-0.2873721420764923,-0.00024772953474894166,0.033000119030475616,0.033000119030475616,1.0,-3.0,success
1266,1.5011181831359863,-0.28669819235801697,-0.0002477302332408726,0.03300078585743904,0.03300078585743904,1.0,-3.0,success
1267,1.5003063678741455,-0.2860228419303894,-0.0002477416128385812,0.03300008922815323,0.03300008922815323,1.0,3.0,success
1268,1.4994930028915405,-0.28534939885139465,-0.00024774103076197207,0.03299928829073906,0.03299928829073906,1.0,3.0,success
1269,1.4986780881881714,-0.2846778333187103,-0.00024774030316621065,0.03299925848841667,0.03299925848841667,1.0,3.0,success
1270,1.4978619813919067,-0.28400763869285583,-0.0002477291855029762,0.03300081193447113,0.03300081193447113,1.0,-3.0,success
1271,1.4970475435256958,-0.28333547711372375,-0.0002477298548910767,0.032999616116285324,0.032999616116285324,1.0,-3.0,success
1272,1.4962342977523804,-0.28266188502311707,-0.00024774138000793755,0.032999392598867416,0.032999392598867416,1.0,3.0,success
1273,1.4954193830490112,-0.2819902300834656,-0.0002477408852428198,0.03300103917717934,0.03300103917717934,1.0,3.0,success
1274,1.4946030378341675,-0.2813204526901245,-0.00024774024495854974,0.03299830108880997,0.03299830108880997,1.0,3.0,success
1275,1.4937855005264282,-0.2806520164012909,-0.0002477290981914848,0.03300056606531143,0.03300056606531143,1.0,-3.0,success
1276,1.4929696321487427,-0.2799816131591797,-0.0002477297675795853,0.0329991951584816,0.0329991951584816,1.0,-3.0,success
1277,1.492154836654663,-0.27930980920791626,-0.0002477412926964462,0.0330011248588562,0.0330011248588562,1.0,3.0,success
1278,1.4913386106491089,-0.27863988280296326,-0.00024774085613898933,0.032998375594615936,0.032998375594615936,1.0,3.0,success
1279,1.490520715713501,-0.27797189354896545,-0.00024774024495854974,0.03300037980079651,0.03300037607550621,1.0,3.0,success
1280,1.489701747894287,-0.2773052155971527,-0.00024772906908765435,0.03300046920776367,0.03300046920776367,1.0,-3.0,success
1281,1.488884449005127,-0.2766365706920624,-0.00024772973847575486,0.03299892693758011,0.03299892693758011,1.0,-3.0,success
1282,1.4880682229995728,-0.27596649527549744,-0.0002477412926964462,0.03300132974982262,0.03300132974982262,1.0,3.0,success
1283,1.4872504472732544,-0.2752983570098877,-0.00024774085613898933,0.03300044313073158,0.03300044313073158,1.0,3.0,success
1284,1.4864312410354614,-0.2746320962905884,-0.00024774024495854974,0.032998017966747284,0.032998017966747284,1.0,3.0,success
1285,1.4856103658676147,-0.2739677131175995,-0.00024773989571258426,0.033001553267240524,0.033001553267240524,1.0,3.0,success
1286,1.4847885370254517,-0.27330464124679565,-0.00024772871984168887,0.03299897536635399,0.03299897536635399,1.0,-3.0,success
1287,1.4839682579040527,-0.27263957262039185,-0.000247729301918298,0.03300056234002113,0.03300056234002113,1.0,-3.0,success
1288,1.4831491708755493,-0.2719730734825134,-0.0002477410016581416,0.032999832183122635,0.032999832183122635,1.0,3.0,success
1289,1.4823285341262817,-0.2713084816932678,-0.0002477406815160066,0.03299986571073532,0.03299986571073532,1.0,3.0,success
1290,1.48150634765625,-0.27064576745033264,-0.00024774015764705837,0.03300065919756889,0.03300065919756889,1.0,3.0,success
1291,1.4806830883026123,-0.2699844241142273,-0.000247728981776163,0.032999925315380096,0.032999925315380096,1.0,-3.0,success
1292,1.4798614978790283,-0.2693210542201996,-0.00024772962206043303,0.03299902752041817,0.03299902752041817,1.0,-3.0,success
1293,1.4790409803390503,-0.26865628361701965,-0.00024774123448878527,0.033000487834215164,0.033000487834215164,1.0,3.0,success
1294,1.4782190322875977,-0.26799342036247253,-0.0002477407979313284,0.03299778327345848,0.03299778327345848,1.0,3.0,success
1295,1.4773954153060913,-0.26733243465423584,-0.0002477402158547193,0.03300164267420769,0.03300163894891739,1.0,3.0,success
1296,1.4765703678131104,-0.26667335629463196,-0.00024773989571258426,0.03299928084015846,0.03299928084015846,1.0,3.0,success
1297,1.4757442474365234,-0.26601558923721313,-0.00024772871984168887,0.03299994394183159,0.03299994394183159,1.0,-3.0,success
1298,1.4749196767807007,-0.26535582542419434,-0.000247729301918298,0.033001020550727844,0.033001020550727844,1.0,-3.0,success
1299,1.4740962982177734,-0.26469460129737854,-0.0002477410016581416,0.03300049528479576,0.03300049528479576,1.0,3.0,success
1300,1.4732714891433716,-0.26403531432151794,-0.0002477406815160066,0.032997533679008484,0.032997533679008484,1.0,3.0,success
1301,1.472445011138916,-0.2633779048919678,-0.0002477401867508888,0.03300173208117485,0.03300173208117485,1.0,3.0,success
1302,1.4716171026229858,-0.262722373008728,-0.00024773989571258426,0.03300027176737785,0.03300027176737785,1.0,3.0,success
1303,1.4707882404327393,-0.2620681822299957,-0.0002477286907378584,0.03299766406416893,0.03299766406416893,1.0,-3.0,success
1304,1.4699608087539673,-0.26141196489334106,-0.0002477292437106371,0.03300189599394798,0.03300189599394798,1.0,-3.0,success
1305,1.4691346883773804,-0.2607542872428894,-0.00024774097255431116,0.03299820423126221,0.03299820423126221,1.0,3.0,success
1306,1.4683068990707397,-0.26009854674339294,-0.0002477406815160066,0.03300140053033829,0.03300140053033829,1.0,3.0,success
1307,1.4674776792526245,-0.2594446837902069,-0.0002477401867508888,0.03300008922815323,0.03300008922815323,1.0,3.0,success
1308,1.4666470289230347,-0.2587927281856537,-0.00024773989571258426,0.03299837186932564,0.03299837186932564,1.0,3.0,success
1309,1.4658151865005493,-0.2581420838832855,-0.0002477286907378584,0.033002421259880066,0.033002421259880066,1.0,-3.0,success
1310,1.4649851322174072,-0.257489413022995,-0.0002477292437106371,0.032997533679008484,0.032997533679008484,1.0,-3.0,success
1311,1.4641560316085815,-0.25683531165122986,-0.00024774097255431116,0.03300178050994873,0.03300178050994873,1.0,3.0,success
1312,1.4633255004882812,-0.25618308782577515,-0.0002477406815160066,0.03300061821937561,0.03300061821937561,1.0,3.0,success
1313,1.4624935388565063,-0.25553280115127563,-0.0002477401867508888,0.032998476177453995,0.032998476177453995,1.0,3.0,success
1314,1.4616605043411255,-0.25488385558128357,-0.000247728981776163,0.03299912065267563,0.03299912065267563,1.0,-3.0,success
1315,1.4608285427093506,-0.2542334496974945,-0.00024774050689302385,0.03300076723098755,0.03300076723098755,1.0,3.0,success
1316,1.459995150566101,-0.25358495116233826,-0.00024774044868536294,0.03299935907125473,0.03299935907125473,1.0,3.0,success
1317,1.4591602087020874,-0.25293833017349243,-0.0002477401285432279,0.03300163522362709,0.03300163522362709,1.0,3.0,success
1318,1.4583243131637573,-0.25229302048683167,-0.00024772886536084116,0.033000148832798004,0.033000148832798004,1.0,-3.0,success
1319,1.457490086555481,-0.2516457140445709,-0.00024772941833361983,0.03299709036946297,0.03299709036946297,1.0,-3.0,success
1320,1.456656813621521,-0.2509969174861908,-0.00024774111807346344,0.03300214186310768,0.03300214186310768,1.0,3.0,success
1321,1.4558221101760864,-0.25035005807876587,-0.00024774076882749796,0.03300030902028084,0.03300030902028084,1.0,3.0,success
1322,1.4549859762191772,-0.24970513582229614,-0.00024774024495854974,0.032998647540807724,0.032998647540807724,1.0,3.0,success
1323,1.454148292541504,-0.24906210601329803,-0.00024773995392024517,0.03300096094608307,0.03300096094608307,1.0,3.0,success
1324,1.4533096551895142,-0.24842041730880737,-0.00024772871984168887,0.03299912437796593,0.03299912437796593,1.0,-3.0,success
1325,1.4524725675582886,-0.24777667224407196,-0.000247729301918298,0.03299981355667114,0.03299981355667114,1.0,-3.0,success
1326,1.4516370296478271,-0.24713091552257538,-0.00024773049517534673,0.03299983963370323,0.03299983963370323,1.0,-3.0,success
1327,1.4508025646209717,-0.24648374319076538,-0.00024774184566922486,0.033000413328409195,0.033000413328409195,1.0,3.0,success
1328,1.4499666690826416,-0.24583853781223297,-0.0002477411471772939,0.03299815580248833,0.03299815580248833,1.0,3.0,success
1329,1.4491291046142578,-0.24519528448581696,-0.000247740390477702,0.03300226479768753,0.03300226107239723,1.0,3.0,success
1330,1.448290228843689,-0.24455395340919495,-0.0002477399248164147,0.03299825266003609,0.03299825266003609,1.0,3.0,success
1331,1.447449803352356,-0.24391452968120575,-0.0002477397210896015,0.03300061821937561,0.03300061821937561,1.0,3.0,success
1332,1.4466084241867065,-0.2432764619588852,-0.0002477285161148757,0.032998718321323395,0.032998718321323395,1.0,-3.0,success
1333,1.4457684755325317,-0.2426363229751587,-0.00024772912729531527,0.033002302050590515,0.033002302050590515,1.0,-3.0,success
1334,1.444929838180542,-0.2419947236776352,-0.0002477408852428198,0.03299742564558983,0.03299742564558983,1.0,3.0,success
1335,1.4440895318984985,-0.2413550466299057,-0.0002477405942045152,0.033002447336912155,0.03300244361162186,1.0,3.0,success
1336,1.44324791431427,-0.2407173067331314,-0.00024774009943939745,0.0329984650015831,0.0329984650015831,1.0,3.0,success
1337,1.4424047470092773,-0.24008147418498993,-0.00024773983750492334,0.03300115466117859,0.03300115466117859,1.0,3.0,success
1338,1.4415606260299683,-0.2394469976425171,-0.0002477286325301975,0.03299947828054428,0.03299947828054428,1.0,-3.0,success
1339,1.4407180547714233,-0.2388104647397995,-0.00024772921460680664,0.03299947455525398,0.03299947455525398,1.0,-3.0,success
1340,1.4398765563964844,-0.23817245662212372,-0.0002477409434504807,0.033000558614730835,0.033000558614730835,1.0,3.0,success
1341,1.4390336275100708,-0.23753637075424194,-0.00024774065241217613,0.032999973744153976,0.032999973744153976,1.0,3.0,success
1342,1.4381892681121826,-0.23690225183963776,-0.00024774015764705837,0.03299872204661369,0.03299872204661369,1.0,3.0,success
1343,1.4373433589935303,-0.23627004027366638,-0.0002477398666087538,0.03300173580646515,0.03300173580646515,1.0,3.0,success
1344,1.4364964962005615,-0.23563918471336365,-0.00024772866163402796,0.03300028666853905,0.03300028666853905,1.0,-3.0,success
1345,1.435651183128357,-0.23500625789165497,-0.0002477292437106371,0.03300021216273308,0.03300021216273308,1.0,-3.0,success
1346,1.4348070621490479,-0.2343718558549881,-0.00024774097255431116,0.03299807757139206,0.03299807757139206,1.0,3.0,success
1347,1.4339613914489746,-0.23373939096927643,-0.00024774065241217613,0.033000510185956955,0.033000510185956955,1.0,3.0,success
1348,1.4331142902374268,-0.23310887813568115,-0.00024774015764705837,0.03299986571073532,0.03299986571073532,1.0,3.0,success
1349,1.4322657585144043,-0.23248030245304108,-0.0002477398666087538,0.032999664545059204,0.032999664545059204,1.0,3.0,success
1350,1.4314161539077759,-0.23185306787490845,-0.00024772866163402796,0.03300170227885246,0.03300170227885246,1.0,-3.0,success
1351,1.4305682182312012,-0.23122377693653107,-0.0002477292437106371,0.032998014241456985,0.032998014241456985,1.0,-3.0,success
1352,1.429721713066101,-0.23059242963790894,-0.0002477304660715163,0.033000506460666656,0.033000506460666656,1.0,-3.0,success
1353,1.428876280784607,-0.2299596518278122,-0.0002477418165653944,0.0330004058778286,0.0330004058778286,1.0,3.0,success
1354,1.4280294179916382,-0.22932885587215424,-0.00024774111807346344,0.03299917280673981,0.03299916908144951,1.0,3.0,success
1355,1.4271810054779053,-0.22870005667209625,-0.0002477403322700411,0.03300083056092262,0.033000826835632324,1.0,3.0,success
1356,1.4263311624526978,-0.22807319462299347,-0.00024773989571258426,0.03300078585743904,0.03300078585743904,1.0,3.0,success
1357,1.4254800081253052,-0.2274482697248459,-0.0002477396628819406,0.03299790993332863,0.03299790993332863,1.0,3.0,success
1358,1.4246277809143066,-0.22682470083236694,-0.0002477285161148757,0.03299989923834801,0.03299989923834801,1.0,-3.0,success
1359,1.4237771034240723,-0.22619906067848206,-0.00024772912729531527,0.03299913555383682,0.03299913555383682,1.0,-3.0,success
1360,1.4229274988174438,-0.2255719155073166,-0.00024774085613898933,0.03300004079937935,0.03300004079937935,1.0,3.0,success
1361,1.4220763444900513,-0.22494672238826752,-0.0002477405942045152,0.03300287202000618,0.03300287202000618,1.0,3.0,success
1362,1.4212238788604736,-0.22432349622249603,-0.000247740070335567,0.032999590039253235,0.032999590039253235,1.0,3.0,success
1363,1.4203704595565796,-0.22370165586471558,-0.00024772892356850207,0.032998133450746536,0.032998133450746536,1.0,-3.0,success
1364,1.4195184707641602,-0.22307775914669037,-0.0002477295638527721,0.03299994021654129,0.03299994021654129,1.0,-3.0,success
1365,1.4186679124832153,-0.2224518060684204,-0.00024773081531748176,0.03300192952156067,0.03300192952156067,1.0,-3.0,success
1366,1.417818546295166,-0.22182443737983704,-0.00024774204939603806,0.03299819678068161,0.03299819678068161,1.0,3.0,success
1367,1.4169676303863525,-0.22119906544685364,-0.0002477412635926157,0.03300017490983009,0.03300017490983009,1.0,3.0,success
1368,1.4161152839660645,-0.22057569026947021,-0.0002477404195815325,0.03299933299422264,0.03299933299422264,1.0,3.0,success
1369,1.4152613878250122,-0.21995428204536438,-0.00024773989571258426,0.033002227544784546,0.033002227544784546,1.0,3.0,success
1370,1.414406180381775,-0.21933481097221375,-0.0002477396628819406,0.03299982473254204,0.03299982473254204,1.0,3.0,success
1371,1.4135500192642212,-0.21871672570705414,-0.0002477285161148757,0.032998599112033844,0.032998595386743546,1.0,-3.0,success
1372,1.412695288658142,-0.2180965542793274,-0.00024772912729531527,0.033000607043504715,0.033000607043504715,1.0,-3.0,success
1373,1.4118417501449585,-0.21747486293315887,-0.0002477408852428198,0.032998401671648026,0.032998401671648026,1.0,3.0,success
1374,1.4109866619110107,-0.21685515344142914,-0.00024774056510068476,0.03300117701292038,0.03300117701292038,1.0,3.0,success
1375,1.4101301431655884,-0.216237410902977,-0.000247740070335567,0.03300139307975769,0.03300139307975769,1.0,3.0,success
1376,1.409272313117981,-0.21562162041664124,-0.00024773977929726243,0.03299902752041817,0.03299902752041817,1.0,3.0,success
1377,1.408413052558899,-0.21500776708126068,-0.0002477396628819406,0.03300012648105621,0.03300012648105621,1.0,3.0,success
1378,1.4075528383255005,-0.21439526975154877,-0.00024772845790721476,0.032999783754348755,0.032999783754348755,1.0,-3.0,success
1379,1.4066941738128662,-0.21378065645694733,-0.00024772901087999344,0.032998789101839066,0.032998789101839066,1.0,-3.0,success
1380,1.4058369398117065,-0.21316394209861755,-0.0002477302332408726,0.033000748604536057,0.033000748604536057,1.0,-3.0,success
1381,1.4049807786941528,-0.21254578232765198,-0.00024774164194241166,0.03299995884299278,0.03299995884299278,1.0,3.0,success
1382,1.4041231870651245,-0.21192961931228638,-0.0002477410016581416,0.03299976512789726,0.03299976512789726,1.0,3.0,success
1383,1.4032641649246216,-0.21131546795368195,-0.0002477402740623802,0.03299948200583458,0.03299948200583458,1.0,3.0,success
1384,1.402403712272644,-0.2107032835483551,-0.00024773983750492334,0.03300018608570099,0.03300018608570099,1.0,3.0,success
1385,1.401541829109192,-0.21009303629398346,-0.00024773963377811015,0.033001601696014404,0.033001597970724106,1.0,3.0,success
1386,1.400679111480713,-0.20948417484760284,-0.0002477284870110452,0.032997895032167435,0.032997895032167435,1.0,-3.0,success
1387,1.399817705154419,-0.2088732123374939,-0.0002477290981914848,0.03300236538052559,0.03300236538052559,1.0,-3.0,success
1388,1.3989574909210205,-0.20826072990894318,-0.00024774085613898933,0.032999515533447266,0.032999515533447266,1.0,3.0,success
1389,1.3980958461761475,-0.20765021443367004,-0.00024774056510068476,0.033000364899635315,0.033000364899635315,1.0,3.0,success
1390,1.3972328901290894,-0.2070416957139969,-0.000247740070335567,0.03299781307578087,0.03299781307578087,1.0,3.0,success
1391,1.396368384361267,-0.20643512904644012,-0.00024773977929726243,0.033002328127622604,0.033002328127622604,1.0,3.0,success
1392,1.395503044128418,-0.2058299481868744,-0.00024772860342636704,0.032998837530612946,0.032998837530612946,1.0,-3.0,success
1393,1.3946391344070435,-0.20522266626358032,-0.00024772921460680664,0.032999929040670395,0.032999929040670395,1.0,-3.0,success
1394,1.393776297569275,-0.2046138495206833,-0.0002477409434504807,0.03300013393163681,0.03300013393163681,1.0,3.0,success
1395,1.3929120302200317,-0.20400702953338623,-0.0002477406233083457,0.033000778406858444,0.033000778406858444,1.0,3.0,success
1396,1.3920464515686035,-0.20340220630168915,-0.00024774009943939745,0.03299853950738907,0.03299853950738907,1.0,3.0,success
1397,1.3911794424057007,-0.20279935002326965,-0.0002477398084010929,0.03300006315112114,0.03300006315112114,1.0,3.0,success
1398,1.3903114795684814,-0.2021978795528412,-0.0002477286325301975,0.032999854534864426,0.032999854534864426,1.0,-3.0,success
1399,1.3894449472427368,-0.2015942931175232,-0.0002477292437106371,0.03300086781382561,0.03300086781382561,1.0,-3.0,success
1400,1.3885794878005981,-0.20098918676376343,-0.0002477409434504807,0.033000554889440536,0.033000554889440536,1.0,3.0,success
1401,1.3877127170562744,-0.20038606226444244,-0.0002477406233083457,0.03299873694777489,0.03299873694777489,1.0,3.0,success
1402,1.386844515800476,-0.19978494942188263,-0.00024774009943939745,0.032999616116285324,0.032999616116285324,1.0,3.0,success
1403,1.3859748840332031,-0.1991858035326004,-0.0002477398084010929,0.03300146758556366,0.03300146386027336,1.0,3.0,success
1404,1.3851044178009033,-0.1985880583524704,-0.0002477286325301975,0.03299814835190773,0.03299814462661743,1.0,-3.0,success
1405,1.3842352628707886,-0.19798818230628967,-0.0002477292437106371,0.03300215303897858,0.03300215303897858,1.0,-3.0,success
1406,1.383367657661438,-0.1973862200975418,-0.00024773049517534673,0.0329994261264801,0.0329994261264801,1.0,-3.0,success
1407,1.3825011253356934,-0.19678278267383575,-0.0002477418165653944,0.032998207956552505,0.032998207956552505,1.0,3.0,success
1408,1.3816330432891846,-0.19618137180805206,-0.00024774111807346344,0.0330018550157547,0.0330018550157547,1.0,3.0,success
1409,1.3807636499404907,-0.19558198750019073,-0.0002477403322700411,0.03299956023693085,0.03299956023693085,1.0,3.0,success
1410,1.3798928260803223,-0.19498461484909058,-0.0002477398666087538,0.033000774681568146,0.033000774681568146,1.0,3.0,success
1411,1.379021167755127,-0.19438865780830383,-0.00024772874894551933,0.032997291535139084,0.032997287809848785,1.0,-3.0,success
1412,1.3781508207321167,-0.19379058480262756,-0.00024772941833361983,0.033000875264406204,0.033000875264406204,1.0,-3.0,success
1413,1.3772815465927124,-0.19319100677967072,-0.0002477410598658025,0.032999929040670395,0.032999929040670395,1.0,3.0,success
1414,1.3764108419418335,-0.19259342551231384,-0.0002477406815160066,0.03300138935446739,0.03300138935446739,1.0,3.0,success
1415,1.3755388259887695,-0.19199787080287933,-0.00024774009943939745,0.032999422401189804,0.032999422401189804,1.0,3.0,success
1416,1.374665379524231,-0.1914043128490448,-0.00024773977929726243,0.033001240342855453,0.033001240342855453,1.0,3.0,success
1417,1.3737910985946655,-0.1908121556043625,-0.0002477286325301975,0.03299824148416519,0.03299824148416519,1.0,-3.0,success
1418,1.3729182481765747,-0.19021785259246826,-0.0002477292437106371,0.032998934388160706,0.032998934388160706,1.0,-3.0,success
1419,1.3720463514328003,-0.18962204456329346,-0.0002477409434504807,0.03300081193447113,0.03300081193447113,1.0,3.0,success
1420,1.3711731433868408,-0.18902823328971863,-0.0002477406233083457,0.03299952670931816,0.03299952670931816,1.0,3.0,success
1421,1.3702985048294067,-0.18843643367290497,-0.00024774009943939745,0.03300123289227486,0.03300123289227486,1.0,3.0,success
1422,1.3694225549697876,-0.18784664571285248,-0.00024773977929726243,0.03300002962350845,0.03300002962350845,1.0,3.0,success
1423,1.368545651435852,-0.18725824356079102,-0.0002477286325301975,0.033000603318214417,0.033000603318214417,1.0,-3.0,success
1424,1.3676702976226807,-0.18666771054267883,-0.0002477292437106371,0.03299759328365326,0.03299759328365326,1.0,-3.0,success
1425,1.3667958974838257,-0.18607564270496368,-0.0002477409434504807,0.032999761402606964,0.032999757677316666,1.0,3.0,success
1426,1.365920066833496,-0.1854855865240097,-0.0002477406233083457,0.0330016203224659,0.0330016203224659,1.0,3.0,success
1427,1.3650429248809814,-0.1848975419998169,-0.00024774009943939745,0.03300056606531143,0.03300056606531143,1.0,3.0,success
1428,1.3641644716262817,-0.18431150913238525,-0.0002477398084010929,0.032999683171510696,0.032999683171510696,1.0,3.0,success
1429,1.3632850646972656,-0.18372687697410583,-0.0002477286325301975,0.03300022333860397,0.03300022333860397,1.0,-3.0,success
1430,1.3624070882797241,-0.1831400990486145,-0.0002477292437106371,0.033000219613313675,0.033000219613313675,1.0,-3.0,success
1431,1.3615305423736572,-0.18255120515823364,-0.00024773049517534673,0.03299988806247711,0.03299988806247711,1.0,-3.0,success
1432,1.3606550693511963,-0.1819608211517334,-0.0002477418165653944,0.03299807757139206,0.03299807757139206,1.0,3.0,success
1433,1.3597781658172607,-0.1813724935054779,-0.00024774111807346344,0.03299930691719055,0.03299930319190025,1.0,3.0,success
1434,1.3588998317718506,-0.18078622221946716,-0.0002477403322700411,0.03300071880221367,0.03300071880221367,1.0,3.0,success
1435,1.3580201864242554,-0.18020197749137878,-0.0002477398666087538,0.03299972787499428,0.03299972787499428,1.0,3.0,success
1436,1.3571395874023438,-0.17961914837360382,-0.00024772874894551933,0.033000122755765915,0.033000122755765915,1.0,-3.0,success
1437,1.3562604188919067,-0.17903418838977814,-0.00024772941833361983,0.03299969434738159,0.03299969434738159,1.0,-3.0,success
1438,1.3553822040557861,-0.17844770848751068,-0.0002477410598658025,0.03300124406814575,0.033001240342855453,1.0,3.0,success
1439,1.3545026779174805,-0.1778632551431656,-0.0002477406815160066,0.03300023451447487,0.03300023451447487,1.0,3.0,success
1440,1.3536218404769897,-0.17728084325790405,-0.00024774009943939745,0.03299914300441742,0.03299914300441742,1.0,3.0,success
1441,1.3527400493621826,-0.17669986188411713,-0.000247728981776163,0.032999392598867416,0.032999392598867416,1.0,-3.0,success
1442,1.3518595695495605,-0.17611674964427948,-0.0002477296511642635,0.03300189971923828,0.03300189971923828,1.0,-3.0,success
1443,1.3509801626205444,-0.17553213238716125,-0.00024774123448878527,0.03299996629357338,0.03299996629357338,1.0,3.0,success
1444,1.3500994443893433,-0.1749495416879654,-0.00024774076882749796,0.03299911692738533,0.03299911692738533,1.0,3.0,success
1445,1.3492172956466675,-0.1743689924478531,-0.00024774015764705837,0.03300129622220993,0.03300129622220993,1.0,3.0,success
1446,1.3483343124389648,-0.17378990352153778,-0.0002477290399838239,0.03299803286790848,0.03299803286790848,1.0,-3.0,success
1447,1.3474526405334473,-0.17320866882801056,-0.0002477297093719244,0.0330006368458271,0.0330006368458271,1.0,-3.0,success
1448,1.3465723991394043,-0.172625333070755,-0.00024773096083663404,0.03299954906105995,0.03299954906105995,1.0,-3.0,success
1449,1.3456931114196777,-0.17204052209854126,-0.0002477421367075294,0.033000215888023376,0.033000215888023376,1.0,3.0,success
1450,1.3448125123977661,-0.17145779728889465,-0.00024774132180027664,0.03299832344055176,0.03299832344055176,1.0,3.0,success
1451,1.3439304828643799,-0.1708771288394928,-0.00024774044868536294,0.03300023451447487,0.03300023451447487,1.0,3.0,success
1452,1.343047022819519,-0.1702985167503357,-0.0002477399248164147,0.0330023318529129,0.0330023318529129,1.0,3.0,success
1453,1.3421627283096313,-0.1697213351726532,-0.0002477288362570107,0.03299969434738159,0.03299969434738159,1.0,-3.0,success
1454,1.3412798643112183,-0.16914202272891998,-0.0002477295056451112,0.03299875184893608,0.03299875184893608,1.0,-3.0,success
1455,1.3403983116149902,-0.16856059432029724,-0.00024773075710982084,0.03300085663795471,0.03300085663795471,1.0,-3.0,success
1456,1.3395178318023682,-0.16797767579555511,-0.00024774199118837714,0.03299855813384056,0.03299855813384056,1.0,3.0,success
1457,1.3386359214782715,-0.16739684343338013,-0.00024774123448878527,0.03299994021654129,0.03299994021654129,1.0,3.0,success
1458,1.3377525806427002,-0.16681809723377228,-0.000247740390477702,0.03300151228904724,0.03300151228904724,1.0,3.0,success
1459,1.3368680477142334,-0.1662413775920868,-0.00024773989571258426,0.03299804404377937,0.03299804404377937,1.0,3.0,success
1460,1.3359824419021606,-0.16566608846187592,-0.0002477287780493498,0.03300176188349724,0.03300176188349724,1.0,-3.0,success
1461,1.335098385810852,-0.16508866846561432,-0.0002477294474374503,0.032997529953718185,0.032997529953718185,1.0,-3.0,success
1462,1.334215521812439,-0.1645091325044632,-0.0002477307280059904,0.0330025851726532,0.0330025851726532,1.0,-3.0,success
1463,1.3333337306976318,-0.16392812132835388,-0.0002477419620845467,0.032999902963638306,0.032999902963638306,1.0,3.0,success
1464,1.3324506282806396,-0.1633491814136505,-0.0002477412053849548,0.032998599112033844,0.032998599112033844,1.0,3.0,success
1465,1.3315660953521729,-0.1627723127603531,-0.000247740390477702,0.03300058841705322,0.03300058841705322,1.0,3.0,success
1466,1.3306806087493896,-0.16219691932201385,-0.00024772927281446755,0.03300041705369949,0.03300041705369949,1.0,-3.0,success
1467,1.329796552658081,-0.1616194099187851,-0.00024773000041022897,0.032999057322740555,0.032999057322740555,1.0,-3.0,success
1468,1.3289138078689575,-0.1610397845506668,-0.0002477312518749386,0.03300100192427635,0.03300100192427635,1.0,-3.0,success
1469,1.32803213596344,-0.16045871376991272,-0.0002477423404343426,0.032997820526361465,0.032997820526361465,1.0,3.0,success
1470,1.3271490335464478,-0.15987972915172577,-0.00024774143821559846,0.03299936279654503,0.03299936279654503,1.0,3.0,success
1471,1.326264500617981,-0.15930283069610596,-0.00024774050689302385,0.03300109878182411,0.03300109878182411,1.0,3.0,success
1472,1.325378656387329,-0.1587279736995697,-0.00024773995392024517,0.033000655472278595,0.033000655472278595,1.0,3.0,success
1473,1.3244919776916504,-0.15815457701683044,-0.00024772886536084116,0.0329977311193943,0.0329977311193943,1.0,-3.0,success
1474,1.3236066102981567,-0.15757903456687927,-0.00024772953474894166,0.032999828457832336,0.032999828457832336,1.0,-3.0,success
1475,1.3227225542068481,-0.15700137615203857,-0.00024773081531748176,0.033001601696014404,0.033001601696014404,1.0,-3.0,success
1476,1.3218395709991455,-0.15642224252223969,-0.0002477420202922076,0.03299880027770996,0.03299880027770996,1.0,3.0,success
1477,1.3209551572799683,-0.15584518015384674,-0.00024774123448878527,0.033000778406858444,0.033000778406858444,1.0,3.0,success
1478,1.320069432258606,-0.15527020394802094,-0.0002477404195815325,0.032999563962221146,0.032999563962221146,1.0,3.0,success
1479,1.3191827535629272,-0.15469670295715332,-0.000247729301918298,0.03299950435757637,0.03299950435757637,1.0,-3.0,success
1480,1.3182973861694336,-0.15412107110023499,-0.00024773000041022897,0.03300135210156441,0.03300135210156441,1.0,-3.0,success
1481,1.3174134492874146,-0.1535433530807495,-0.0002477312518749386,0.03299950435757637,0.03299950435757637,1.0,-3.0,success
1482,1.316530466079712,-0.15296415984630585,-0.0002477423404343426,0.03299982473254204,0.03299982473254204,1.0,3.0,success
1483,1.3156460523605347,-0.15238706767559052,-0.0002477414673194289,0.033001285046339035,0.033001285046339035,1.0,3.0,success
1484,1.3147603273391724,-0.15181206166744232,-0.0002477405359968543,0.03300006687641144,0.03300006687641144,1.0,3.0,success
1485,1.3138737678527832,-0.15123853087425232,-0.00024772941833361983,0.03299688175320625,0.03299688175320625,1.0,-3.0,success
1486,1.3129884004592896,-0.1506628841161728,-0.0002477301168255508,0.0330016054213047,0.0330016054213047,1.0,-3.0,success
1487,1.3121041059494019,-0.15008573234081268,-0.0002477415546309203,0.0329991839826107,0.0329991839826107,1.0,3.0,success
1488,1.3112183809280396,-0.14951065182685852,-0.00024774097255431116,0.033001337200403214,0.033001337200403214,1.0,3.0,success
1489,1.3103318214416504,-0.14893706142902374,-0.0002477298548910767,0.032997891306877136,0.032997891306877136,1.0,-3.0,success
1490,1.3094464540481567,-0.14836136996746063,-0.00024773055338300765,0.03300236538052559,0.03300236538052559,1.0,-3.0,success
1491,1.3085622787475586,-0.14778417348861694,-0.00024774184566922486,0.032996825873851776,0.032996825873851776,1.0,3.0,success
1492,1.3076765537261963,-0.1472090631723404,-0.00024774117628112435,0.033001843839883804,0.033001843839883804,1.0,3.0,success
1493,1.3067899942398071,-0.14663542807102203,-0.0002477300586178899,0.03299865126609802,0.03299865126609802,1.0,-3.0,success
1494,1.305904746055603,-0.14605972170829773,-0.0002477307280059904,0.03299949690699577,0.03299949690699577,1.0,-3.0,success
1495,1.305020809173584,-0.1454819291830063,-0.0002477319212630391,0.033000778406858444,0.033000778406858444,1.0,-3.0,success
1496,1.30413818359375,-0.1449020802974701,-0.00024773311452008784,0.033001724630594254,0.033001724630594254,1.0,-3.0,success
1497,1.303256630897522,-0.14432083070278168,-0.00024774367921054363,0.03299778327345848,0.03299778327345848,1.0,3.0,success
1498,1.3023735284805298,-0.1437416970729828,-0.00024774231133051217,0.033001914620399475,0.033001914620399475,1.0,3.0,success
1499,1.3014891147613525,-0.14316469430923462,-0.0002477410598658025,0.032999757677316666,0.032999757677316666,1.0,3.0,success
1500,1.3006033897399902,-0.1425897479057312,-0.00024774030316621065,0.032999057322740555,0.032999053597450256,1.0,3.0,success
1501,1.2997167110443115,-0.14201627671718597,-0.0002477291855029762,0.03299899771809578,0.03299899399280548,1.0,-3.0,success
1502,1.2988313436508179,-0.14144067466259003,-0.00024772988399490714,0.033000845462083817,0.03300084173679352,1.0,-3.0,success
1503,1.2979474067687988,-0.14086297154426575,-0.0002477311354596168,0.032999251037836075,0.032999251037836075,1.0,-3.0,success
1504,1.2970644235610962,-0.14028379321098328,-0.00024774225312285125,0.032999567687511444,0.032999567687511444,1.0,3.0,success
1505,1.296180009841919,-0.13970671594142914,-0.000247741409111768,0.03300103172659874,0.03300103172659874,1.0,3.0,success
1506,1.2952946424484253,-0.13913114368915558,-0.0002477302623447031,0.033000338822603226,0.033000338822603226,1.0,-3.0,success
1507,1.2944107055664062,-0.13855348527431488,-0.00024773096083663404,0.03299848362803459,0.03299848362803459,1.0,-3.0,success
1508,1.2935280799865723,-0.13797375559806824,-0.0002477321831975132,0.0329996794462204,0.0329996794462204,1.0,-3.0,success
1509,1.2926462888717651,-0.13739259541034698,-0.00024774300982244313,0.03300246596336365,0.03300246596336365,1.0,3.0,success
1510,1.2917633056640625,-0.13681353628635406,-0.0002477418747730553,0.03299752622842789,0.03299752622842789,1.0,3.0,success
1511,1.2908787727355957,-0.13623657822608948,-0.0002477407979313284,0.03300211578607559,0.03300211578607559,1.0,3.0,success
1512,1.289993405342102,-0.13566111028194427,-0.00024772968026809394,0.03299856185913086,0.03299856185913086,1.0,-3.0,success
1513,1.2891093492507935,-0.13508354127407074,-0.0002477303787600249,0.033000074326992035,0.033000074326992035,1.0,-3.0,success
1514,1.2882267236709595,-0.13450387120246887,-0.0002477316011209041,0.03299865499138832,0.03299865499138832,1.0,-3.0,success
1515,1.2873449325561523,-0.1339227557182312,-0.00024774260236881673,0.033001698553562164,0.033001698553562164,1.0,3.0,success
1516,1.2864618301391602,-0.13334374129772186,-0.0002477416128385812,0.03299987316131592,0.03299987316131592,1.0,3.0,success
1517,1.285577416419983,-0.13276682794094086,-0.0002477406233083457,0.032998230308294296,0.032998230308294296,1.0,3.0,success
1518,1.284691572189331,-0.1321919560432434,-0.00024774004123173654,0.03300091251730919,0.03300091251730919,1.0,3.0,success
1519,1.2838047742843628,-0.13161854445934296,-0.00024772892356850207,0.033001113682985306,0.033001113682985306,1.0,-3.0,success
1520,1.2829194068908691,-0.1310429871082306,-0.00024772962206043303,0.03300008177757263,0.03300008177757263,1.0,-3.0,success
1521,1.28203547000885,-0.1304653286933899,-0.00024773087352514267,0.03299848362803459,0.03299848362803459,1.0,-3.0,success
1522,1.2811524868011475,-0.1298861801624298,-0.0002477420784998685,0.032999057322740555,0.032999057322740555,1.0,3.0,success
1523,1.2802680730819702,-0.12930911779403687,-0.0002477412926964462,0.033000778406858444,0.033000778406858444,1.0,3.0,success
1524,1.2793827056884766,-0.1287335604429245,-0.0002477301750332117,0.03300008177757263,0.03300008177757263,1.0,-3.0,success
1525,1.278498649597168,-0.128155916929245,-0.00024773087352514267,0.03300134837627411,0.03300134837627411,1.0,-3.0,success
1526,1.2776156663894653,-0.1275767832994461,-0.0002477420784998685,0.03299880027770996,0.03299880027770996,1.0,3.0,success
1527,1.276731252670288,-0.12699975073337555,-0.0002477412926964462,0.033000268042087555,0.033000268042087555,1.0,3.0,success
1528,1.2758455276489258,-0.12642478942871094,-0.00024774044868536294,0.03299930691719055,0.03299930691719055,1.0,3.0,success
1529,1.274958848953247,-0.12585128843784332,-0.00024772933102212846,0.03299950435757637,0.03299950435757637,1.0,-3.0,success
1530,1.2740734815597534,-0.12527567148208618,-0.0002477300295140594,0.03300109878182411,0.03300109878182411,1.0,-3.0,success
1531,1.2731895446777344,-0.12469795346260071,-0.00024773128097876906,0.03299950435757637,0.03299950435757637,1.0,-3.0,success
1532,1.2723069190979004,-0.12411817163228989,-0.00024773250333964825,0.03300057351589203,0.03300057351589203,1.0,-3.0,success
1533,1.2714252471923828,-0.12353696674108505,-0.0002477432426530868,0.03300012648105621,0.033000122755765915,1.0,3.0,success
1534,1.2705422639846802,-0.12295788526535034,-0.0002477420202922076,0.03299790620803833,0.03299790620803833,1.0,3.0,success
1535,1.2696582078933716,-0.1223803162574768,-0.0002477308444213122,0.033000074326992035,0.033000074326992035,1.0,-3.0,success
1536,1.268775463104248,-0.12180069088935852,-0.0002477315429132432,0.03300100192427635,0.03300100192427635,1.0,-3.0,success
1537,1.2678941488265991,-0.12121901661157608,-0.00024773270706646144,0.03299887105822563,0.03299887105822563,1.0,-3.0,success
1538,1.267013669013977,-0.12063592672348022,-0.00024774338817223907,0.03300151601433754,0.03300151601433754,1.0,3.0,success
1539,1.26613187789917,-0.1200549378991127,-0.0002477421367075294,0.032999519258737564,0.032999519258737564,1.0,3.0,success
1540,1.2652486562728882,-0.1194760650396347,-0.0002477409434504807,0.03300056234002113,0.03300056234002113,1.0,3.0,success
1541,1.2643641233444214,-0.11889925599098206,-0.0002477402158547193,0.03299957141280174,0.032999567687511444,1.0,3.0,success
1542,1.2634786367416382,-0.1183238998055458,-0.0002477290981914848,0.032999780029058456,0.032999780029058456,1.0,-3.0,success
1543,1.2625945806503296,-0.11774642020463943,-0.00024772979668341577,0.032998546957969666,0.032998546957969666,1.0,-3.0,success
1544,1.261711835861206,-0.11716683208942413,-0.00024773107725195587,0.033000364899635315,0.033000364899635315,1.0,-3.0,success
1545,1.260830044746399,-0.11658578366041183,-0.0002477422240190208,0.03300054371356964,0.03300054371356964,1.0,3.0,success
1546,1.2599469423294067,-0.11600681394338608,-0.0002477413509041071,0.032999105751514435,0.032999105751514435,1.0,3.0,success
1547,1.25906240940094,-0.11542993038892746,-0.0002477404777891934,0.033000845462083817,0.03300084173679352,1.0,3.0,success
1548,1.2581769227981567,-0.11485450714826584,-0.0002477293601259589,0.033000923693180084,0.033000923693180084,1.0,-3.0,success
1549,1.2572928667068481,-0.11427698284387589,-0.00024773008772172034,0.03299931064248085,0.03299931064248085,1.0,-3.0,success
1550,1.256409764289856,-0.11369794607162476,-0.00024774152552708983,0.03300025686621666,0.03300025686621666,1.0,3.0,success
1551,1.2555253505706787,-0.11312097311019897,-0.0002477409434504807,0.032999251037836075,0.032999251037836075,1.0,3.0,success
1552,1.2546396255493164,-0.11254607141017914,-0.00024774024495854974,0.03299829736351967,0.03299829363822937,1.0,3.0,success
1553,1.2537528276443481,-0.1119726151227951,-0.00024772912729531527,0.03300187364220619,0.03300187364220619,1.0,-3.0,success
1554,1.2528674602508545,-0.11139703541994095,-0.00024772982578724623,0.03300046548247337,0.03300046548247337,1.0,-3.0,success
1555,1.2519835233688354,-0.11081934720277786,-0.00024773107725195587,0.03299899399280548,0.03299899026751518,1.0,-3.0,success
1556,1.2511005401611328,-0.11024018377065659,-0.0002477422240190208,0.03299931064248085,0.03299931064248085,1.0,3.0,success
1557,1.2502161264419556,-0.10966311395168304,-0.0002477413509041071,0.03300090506672859,0.03300090506672859,1.0,3.0,success
1558,1.2493304014205933,-0.10908812284469604,-0.0002477404777891934,0.03299981728196144,0.03299981728196144,1.0,3.0,success
1559,1.248443365097046,-0.1085151880979538,-0.0002477399248164147,0.03299928084015846,0.03299928084015846,1.0,3.0,success
1560,1.2475553750991821,-0.10794369131326675,-0.0002477288362570107,0.03299998119473457,0.03299998119473457,1.0,-3.0,success
1561,1.246668815612793,-0.1073700562119484,-0.0002477295056451112,0.03299865126609802,0.03299865126609802,1.0,-3.0,success
1562,1.2457832098007202,-0.10679488629102707,-0.00024774111807346344,0.032999731600284576,0.032999731600284576,1.0,3.0,success
1563,1.2448961734771729,-0.1062217727303505,-0.00024774071061983705,0.03300231695175171,0.03300231695175171,1.0,3.0,success
1564,1.24400794506073,-0.10565071552991867,-0.00024774009943939745,0.032998815178871155,0.032998811453580856,1.0,3.0,success
1565,1.2431187629699707,-0.10508110374212265,-0.00024772901087999344,0.03299950063228607,0.03299950063228607,1.0,-3.0,success
1566,1.2422308921813965,-0.10450935363769531,-0.00024772968026809394,0.0330011323094368,0.0330011323094368,1.0,-3.0,success
1567,1.2413440942764282,-0.10393606871366501,-0.00024774123448878527,0.03299896419048309,0.03299896419048309,1.0,3.0,success
1568,1.2404558658599854,-0.10336484760046005,-0.00024774076882749796,0.03300158306956291,0.03300158306956291,1.0,3.0,success
1569,1.239566445350647,-0.10279568284749985,-0.00024774015764705837,0.03299824148416519,0.03299824148416519,1.0,3.0,success
1570,1.2386759519577026,-0.10222797095775604,-0.0002477290399838239,0.03300205618143082,0.03300205618143082,1.0,-3.0,success
1571,1.2377870082855225,-0.10165812075138092,-0.0002477297093719244,0.0329972468316555,0.0329972468316555,1.0,-3.0,success
1572,1.2368988990783691,-0.10108673572540283,-0.0002477412635926157,0.03300122544169426,0.03300122544169426,1.0,3.0,success
1573,1.2360094785690308,-0.1005174070596695,-0.0002477407979313284,0.03300100192427635,0.03300100192427635,1.0,3.0,success
1574,1.2351188659667969,-0.0999501496553421,-0.00024774015764705837,0.03299756720662117,0.03299756720662117,1.0,3.0,success
1575,1.234227180480957,-0.09938434511423111,-0.00024772906908765435,0.033001504838466644,0.033001504838466644,1.0,-3.0,success
1576,1.2333369255065918,-0.0988163948059082,-0.00024772973847575486,0.032999783754348755,0.032999783754348755,1.0,-3.0,success
1577,1.2324479818344116,-0.09824632108211517,-0.0002477309899404645,0.033001016825437546,0.033001016825437546,1.0,-3.0,success
1578,1.2315601110458374,-0.09767475724220276,-0.0002477421658113599,0.0329979844391346,0.0329979844391346,1.0,3.0,success
1579,1.2306708097457886,-0.09710529446601868,-0.00024774132180027664,0.03300012648105621,0.03300012648105621,1.0,3.0,success
1580,1.2297801971435547,-0.09653791785240173,-0.0002477404195815325,0.032999567687511444,0.032999567687511444,1.0,3.0,success
1581,1.2288881540298462,-0.09597261250019073,-0.00024773989571258426,0.0330025888979435,0.0330025888979435,1.0,3.0,success
1582,1.2279949188232422,-0.0954093337059021,-0.00024773963377811015,0.03300023823976517,0.03300023823976517,1.0,3.0,success
1583,1.2271008491516113,-0.09484748542308807,-0.0002477285161148757,0.03299849107861519,0.03299849107861519,1.0,-3.0,success
1584,1.2262080907821655,-0.09428346157073975,-0.0002477291563991457,0.03300006315112114,0.03300006315112114,1.0,-3.0,success
1585,1.2253164052963257,-0.09371787309646606,-0.0002477408852428198,0.03299788758158684,0.03299788758158684,1.0,3.0,success
1586,1.2244232892990112,-0.09315433353185654,-0.00024774056510068476,0.033001434057950974,0.033001434057950974,1.0,3.0,success
1587,1.2235288619995117,-0.09259286522865295,-0.00024774004123173654,0.03300163894891739,0.03300163894891739,1.0,3.0,success
1588,1.2226336002349854,-0.09203284233808517,-0.00024772892356850207,0.03299975022673607,0.03299975022673607,1.0,-3.0,success
1589,1.2217397689819336,-0.09147065877914429,-0.0002477295929566026,0.03299775719642639,0.03299775719642639,1.0,-3.0,success
1590,1.2208467721939087,-0.09090692549943924,-0.00024774117628112435,0.03300151601433754,0.03300151601433754,1.0,3.0,success
1591,1.2199525833129883,-0.09034525603055954,-0.0002477407397236675,0.032998669892549515,0.032998669892549515,1.0,3.0,success
1592,1.2190569639205933,-0.08978566527366638,-0.0002477401285432279,0.03300206735730171,0.03300206735730171,1.0,3.0,success
1593,1.218160629272461,-0.08922753483057022,-0.0002477290399838239,0.03299688175320625,0.03299688175320625,1.0,-3.0,success
1594,1.2172654867172241,-0.08866724371910095,-0.0002477297093719244,0.03300103917717934,0.03300103917717934,1.0,-3.0,success
1595,1.2163712978363037,-0.08810540288686752,-0.0002477412635926157,0.03300151973962784,0.03300151973962784,1.0,3.0,success
1596,1.2154759168624878,-0.08754564076662064,-0.0002477407979313284,0.03299858793616295,0.03299858793616295,1.0,3.0,success
1597,1.2145792245864868,-0.08698795735836029,-0.00024774015764705837,0.032998986542224884,0.032998986542224884,1.0,3.0,success
1598,1.2136812210083008,-0.0864323228597641,-0.0002477398084010929,0.03300005942583084,0.03300005942583084,1.0,3.0,success
1599,1.2127822637557983,-0.08587812632322311,-0.00024772866163402796,0.03300180286169052,0.03300180286169052,1.0,-3.0,success
1600,1.2118847370147705,-0.08532175421714783,-0.000247729301918298,0.03299952670931816,0.03299952670931816,1.0,-3.0,success
1601,1.2109885215759277,-0.08476321399211884,-0.00024773055338300765,0.03300049155950546,0.03300049155950546,1.0,-3.0,success
1602,1.2100932598114014,-0.08420316129922867,-0.00024774184566922486,0.033000245690345764,0.033000241965055466,1.0,3.0,success
1603,1.20919668674469,-0.08364520967006683,-0.0002477411471772939,0.03300025314092636,0.03300025314092636,1.0,3.0,success
1604,1.2082988023757935,-0.08308936655521393,-0.0002477403322700411,0.03300032392144203,0.03300032392144203,1.0,3.0,success
1605,1.2073997259140015,-0.08253559470176697,-0.00024773983750492334,0.03299801051616669,0.03299801051616669,1.0,3.0,success
1606,1.2064993381500244,-0.08198385685682297,-0.0002477396046742797,0.03299965709447861,0.03299965709447861,1.0,3.0,success
1607,1.205597996711731,-0.08143356442451477,-0.0002477284870110452,0.03300151228904724,0.03300150856375694,1.0,-3.0,success
1608,1.204698085784912,-0.08088107407093048,-0.00024772912729531527,0.032999251037836075,0.032999251037836075,1.0,-3.0,success
1609,1.2037991285324097,-0.08032699674367905,-0.00024774085613898933,0.03299985080957413,0.03299984708428383,1.0,3.0,success
1610,1.2028988599777222,-0.07977499812841415,-0.00024774056510068476,0.03300073742866516,0.03300073742866516,1.0,3.0,success
1611,1.2019973993301392,-0.07922506332397461,-0.00024774004123173654,0.03299886733293533,0.03299886733293533,1.0,3.0,success
1612,1.201094627380371,-0.07867719233036041,-0.000247739750193432,0.03300034999847412,0.03300034999847412,1.0,3.0,success
1613,1.2001910209655762,-0.07813075184822083,-0.00024772860342636704,0.032999493181705475,0.032999493181705475,1.0,-3.0,success
1614,1.1992887258529663,-0.07758211344480515,-0.00024772921460680664,0.03300006315112114,0.03300006315112114,1.0,-3.0,success
1615,1.1983873844146729,-0.07703189551830292,-0.0002477409434504807,0.03300029784440994,0.03300029784440994,1.0,3.0,success
1616,1.1974847316741943,-0.07648374885320663,-0.0002477406233083457,0.03300163522362709,0.03300163522362709,1.0,3.0,success
1617,1.1965808868408203,-0.0759376809000969,-0.00024774009943939745,0.03299984708428383,0.03299984708428383,1.0,3.0,success
1618,1.1956762075424194,-0.07539308816194534,-0.0002477289526723325,0.03299836814403534,0.03299836814403534,1.0,-3.0,success
1619,1.1947728395462036,-0.0748462975025177,-0.00024772962206043303,0.03299878537654877,0.03299878165125847,1.0,-3.0,success
1620,1.1938703060150146,-0.0742979496717453,-0.0002477412053849548,0.03300171718001366,0.03300171718001366,1.0,3.0,success
1621,1.1929665803909302,-0.07375168800354004,-0.00024774076882749796,0.03299978747963905,0.03299978747963905,1.0,3.0,success
1622,1.1920615434646606,-0.07320751994848251,-0.00024774015764705837,0.03300110623240471,0.03300110623240471,1.0,3.0,success
1623,1.1911553144454956,-0.07266542315483093,-0.0002477398084010929,0.032999761402606964,0.032999761402606964,1.0,3.0,success
1624,1.1902482509613037,-0.07212477922439575,-0.00024772866163402796,0.03299887478351593,0.03299887478351593,1.0,-3.0,success
1625,1.1893424987792969,-0.07158192247152328,-0.000247729301918298,0.032999176532030106,0.032999176532030106,1.0,-3.0,success
1626,1.188437581062317,-0.07103748619556427,-0.0002477410016581416,0.033002231270074844,0.033002231270074844,1.0,3.0,success
1627,1.187531590461731,-0.0704951360821724,-0.00024774065241217613,0.032997433096170425,0.032997433096170425,1.0,3.0,success
1628,1.1866241693496704,-0.06995488703250885,-0.00024774009943939745,0.033002160489559174,0.033002160489559174,1.0,3.0,success
1629,1.1857160329818726,-0.0694160982966423,-0.000247728981776163,0.03299805894494057,0.03299805894494057,1.0,-3.0,success
1630,1.1848090887069702,-0.06887512654066086,-0.00024772962206043303,0.033000923693180084,0.033000919967889786,1.0,-3.0,success
1631,1.1839030981063843,-0.06833258271217346,-0.0002477412053849548,0.03300054371356964,0.03300054371356964,1.0,3.0,success
1632,1.1829959154129028,-0.0677921324968338,-0.00024774076882749796,0.03299897536635399,0.03299897536635399,1.0,3.0,success
1633,1.1820874214172363,-0.06725379079580307,-0.00024774015764705837,0.03300054743885994,0.03300054743885994,1.0,3.0,success
1634,1.1811777353286743,-0.06671752035617828,-0.0002477398084010929,0.032999683171510696,0.032999683171510696,1.0,3.0,success
1635,1.1802672147750854,-0.0661827102303505,-0.00024772866163402796,0.03299901634454727,0.03299901634454727,1.0,-3.0,success
1636,1.179357886314392,-0.06564568728208542,-0.000247729301918298,0.03300200775265694,0.03300200775265694,1.0,-3.0,success
1637,1.1784499883651733,-0.06510647386312485,-0.00024773055338300765,0.032998427748680115,0.032998427748680115,1.0,-3.0,success
1638,1.1775429248809814,-0.06456572562456131,-0.00024774184566922486,0.03300054371356964,0.03300054371356964,1.0,3.0,success
1639,1.176634669303894,-0.06402710825204849,-0.0002477411471772939,0.03299853205680847,0.03299853205680847,1.0,3.0,success
1640,1.1757251024246216,-0.0634906217455864,-0.0002477403322700411,0.032999906688928604,0.032999902963638306,1.0,3.0,success
1641,1.174814224243164,-0.06295622885227203,-0.0002477398666087538,0.03300204873085022,0.03300204873085022,1.0,3.0,success
1642,1.1739022731781006,-0.06242390722036362,-0.00024773963377811015,0.03299829736351967,0.03299829736351967,1.0,3.0,success
1643,1.1729893684387207,-0.0618930421769619,-0.0002477284870110452,0.0330011323094368,0.0330011323094368,1.0,-3.0,success
1644,1.1720777750015259,-0.0613599494099617,-0.00024772912729531527,0.03300080448389053,0.03300080448389053,1.0,-3.0,success
1645,1.1711676120758057,-0.06082465127110481,-0.00024773034965619445,0.03299710899591446,0.03299710899591446,1.0,-3.0,success
1646,1.1702581644058228,-0.06028781086206436,-0.00024774172925390303,0.03300231695175171,0.03300231695175171,1.0,3.0,success
1647,1.1693475246429443,-0.05975310504436493,-0.0002477410598658025,0.03300057724118233,0.03300057724118233,1.0,3.0,success
1648,1.1684356927871704,-0.05922053009271622,-0.00024774030316621065,0.03299907222390175,0.03299907222390175,1.0,3.0,success
1649,1.167522668838501,-0.05869005247950554,-0.00024773983750492334,0.03299827128648758,0.03299827128648758,1.0,3.0,success
1650,1.1666086912155151,-0.05816105380654335,-0.00024772874894551933,0.03300086781382561,0.03300086781382561,1.0,-3.0,success
1651,1.1656960248947144,-0.057629842311143875,-0.00024772941833361983,0.03300013765692711,0.03300013765692711,1.0,-3.0,success
1652,1.1647846698760986,-0.057096440345048904,-0.00024773066979832947,0.03299925476312637,0.03299925476312637,1.0,-3.0,success
1653,1.1638741493225098,-0.056561507284641266,-0.00024774193298071623,0.03300096094608307,0.03300096094608307,1.0,3.0,success
1654,1.1629624366760254,-0.05602871626615524,-0.00024774117628112435,0.03299925848841667,0.03299925848841667,1.0,3.0,success
1655,1.162049412727356,-0.055498067289590836,-0.00024774036137387156,0.03300096094608307,0.03300096094608307,1.0,3.0,success
1656,1.1611355543136597,-0.054968927055597305,-0.00024772927281446755,0.03299986198544502,0.03299986198544502,1.0,-3.0,success
1657,1.1602230072021484,-0.054437603801488876,-0.0002477299713063985,0.03299867361783981,0.03299867361783981,1.0,-3.0,success
1658,1.1593116521835327,-0.05390411242842674,-0.0002477312518749386,0.03300066292285919,0.03300066292285919,1.0,-3.0,success
1659,1.158401608467102,-0.053368501365184784,-0.0002477324742358178,0.03299885615706444,0.03299885615706444,1.0,-3.0,success
1660,1.1574923992156982,-0.052831415086984634,-0.0002477432135492563,0.032999809831380844,0.032999809831380844,1.0,3.0,success
1661,1.1565818786621094,-0.052296508103609085,-0.00024774199118837714,0.03300054743885994,0.03300054743885994,1.0,3.0,success
1662,1.1556700468063354,-0.05176377668976784,-0.00024774085613898933,0.03300153836607933,0.03300153836607933,1.0,3.0,success
1663,1.1547573804855347,-0.05123257637023926,-0.00024772973847575486,0.03299996256828308,0.03299996256828308,1.0,-3.0,success
1664,1.153846025466919,-0.05069921910762787,-0.0002477304660715163,0.032998546957969666,0.032998546957969666,1.0,-3.0,success
1665,1.1529358625411987,-0.05016371235251427,-0.0002477317175362259,0.033000413328409195,0.033000413328409195,1.0,-3.0,success
1666,1.152026653289795,-0.049626708030700684,-0.00024774266057647765,0.03299850597977638,0.032998502254486084,1.0,3.0,success
1667,1.1511163711547852,-0.049091264605522156,-0.0002477319794707,0.03300262242555618,0.03300262242555618,1.0,-3.0,success
1668,1.15020751953125,-0.04855373874306679,-0.0002477325906511396,0.03299717605113983,0.03299717605113983,1.0,-3.0,success
1669,1.1492997407913208,-0.04801412299275398,-0.00024773369659669697,0.033001646399497986,0.033001646399497986,1.0,-3.0,success
1670,1.1483932733535767,-0.04747244715690613,-0.00024773471523076296,0.03299940750002861,0.03299940750002861,1.0,-3.0,success
1671,1.147487998008728,-0.04692874476313591,-0.0002477356465533376,0.03299999609589577,0.03299999609589577,1.0,-3.0,success
1672,1.146583914756775,-0.04638303443789482,-0.0002477364905644208,0.03300044685602188,0.03300044685602188,1.0,-3.0,success
1673,1.1456810235977173,-0.04583532735705376,-0.00024773721816018224,0.0330008789896965,0.0330008789896965,1.0,-3.0,success
1674,1.1447793245315552,-0.04528564587235451,-0.0002477378584444523,0.03300110995769501,0.03300110995769501,1.0,-3.0,success
1675,1.1438788175582886,-0.04473399743437767,-0.00024773841141723096,0.0330013707280159,0.0330013707280159,1.0,-3.0,success
1676,1.142979621887207,-0.04418039321899414,-0.00024773887707851827,0.03299843892455101,0.03299843892455101,1.0,-3.0,success
1677,1.1420814990997314,-0.043624844402074814,-0.00024773928453214467,0.033001817762851715,0.033001817762851715,1.0,-3.0,success
1678,1.141184687614441,-0.04306735098361969,-0.00024773963377811015,0.03299901634454727,0.03299901634454727,1.0,-3.0,success
1679,1.1402889490127563,-0.04250792786478996,-0.0002477399248164147,0.03300245478749275,0.03300245478749275,1.0,-3.0,success
1680,1.1393945217132568,-0.04194657877087593,-0.00024774015764705837,0.032999660819768906,0.032999660819768906,1.0,-3.0,success
1681,1.1385012865066528,-0.041383303701877594,-0.00024774036137387156,0.03300017490983009,0.03300017490983009,1.0,-3.0,success
1682,1.1376092433929443,-0.04081811010837555,-0.0002477405359968543,0.03300071880221367,0.03300071880221367,1.0,-3.0,success
1683,1.1367180347442627,-0.04025161638855934,-0.00024774917983449996,0.03300047293305397,0.03300047293305397,1.0,3.0,success
1684,1.135825514793396,-0.03968736156821251,-0.00024774621124379337,0.03299762308597565,0.03299762308597565,1.0,3.0,success
1685,1.1349319219589233,-0.039124712347984314,-0.0002477344241924584,0.03299920633435249,0.03299920633435249,1.0,-3.0,success
1686,1.1340395212173462,-0.03856005519628525,-0.0002477346861269325,0.03300119563937187,0.033001191914081573,1.0,-3.0,success
1687,1.133148431777954,-0.03799337521195412,-0.00024773547193035483,0.03300045058131218,0.03300045058131218,1.0,-3.0,success
1688,1.1322582960128784,-0.03742530196905136,-0.0002477454545442015,0.0329987108707428,0.0329987108707428,1.0,3.0,success
1689,1.1313667297363281,-0.03685939684510231,-0.0002477436210028827,0.03300004079937935,0.03300004079937935,1.0,3.0,success
1690,1.1304737329483032,-0.03629564493894577,-0.0002477420202922076,0.03300182521343231,0.03300182521343231,1.0,3.0,success
1691,1.1295795440673828,-0.03573400154709816,-0.0002477410016581416,0.03299823775887489,0.03299823775887489,1.0,3.0,success
1692,1.128684401512146,-0.03517384082078934,-0.0002477297675795853,0.03299887850880623,0.03299887850880623,1.0,-3.0,success
1693,1.1277904510498047,-0.034611549228429794,-0.0002477303787600249,0.03300270810723305,0.03300270810723305,1.0,-3.0,success
1694,1.1268980503082275,-0.034047141671180725,-0.00024773157201707363,0.032997023314237595,0.032997023314237595,1.0,-3.0,success
1695,1.1260064840316772,-0.03348125144839287,-0.00024774260236881673,0.03299979493021965,0.03299979493021965,1.0,3.0,success
1696,1.1251134872436523,-0.032917480915784836,-0.00024774164194241166,0.03300213813781738,0.03300213813781738,1.0,3.0,success
1697,1.124219298362732,-0.03235581889748573,-0.0002477406815160066,0.032998546957969666,0.032998546957969666,1.0,3.0,success
1698,1.123323678970337,-0.031796228140592575,-0.00024774009943939745,0.03300206735730171,0.03300206735730171,1.0,3.0,success
1699,1.122427225112915,-0.031238103285431862,-0.000247728981776163,0.032999951392412186,0.032999951392412186,1.0,-3.0,success
1700,1.1215322017669678,-0.03067781589925289,-0.00024772962206043303,0.032997820526361465,0.032997820526361465,1.0,-3.0,success
1701,1.120638370513916,-0.030115388333797455,-0.00024773087352514267,0.033001821488142014,0.033001817762851715,1.0,-3.0,success
1702,1.1197456121444702,-0.029551465064287186,-0.0002477420784998685,0.03299838304519653,0.03299838304519653,1.0,3.0,success
1703,1.1188514232635498,-0.028989646583795547,-0.0002477412926964462,0.03300114721059799,0.03300114721059799,1.0,3.0,success
1704,1.1179560422897339,-0.02842993475496769,-0.00024774044868536294,0.03299775719642639,0.03299775347113609,1.0,3.0,success
1705,1.1170592308044434,-0.027872292324900627,-0.00024773995392024517,0.03300147503614426,0.03300147503614426,1.0,3.0,success
1706,1.116161584854126,-0.027316106483340263,-0.0002477288362570107,0.03299962729215622,0.03299962729215622,1.0,-3.0,success
1707,1.1152652502059937,-0.026757754385471344,-0.00024772947654128075,0.03300054371356964,0.03300054371356964,1.0,-3.0,success
1708,1.1143699884414673,-0.026197848841547966,-0.00024774111807346344,0.03299780562520027,0.03299780562520027,1.0,3.0,success
1709,1.1134732961654663,-0.02564001828432083,-0.0002477407397236675,0.03300141915678978,0.03300141915678978,1.0,3.0,success
1710,1.1125754117965698,-0.02508426643908024,-0.00024774015764705837,0.03299881890416145,0.03299881890416145,1.0,3.0,success
1711,1.1116762161254883,-0.024530567228794098,-0.00024773983750492334,0.03299999609589577,0.03299999609589577,1.0,3.0,success
1712,1.1107760667800903,-0.023978309705853462,-0.00024772866163402796,0.033001791685819626,0.033001791685819626,1.0,-3.0,success
1713,1.109877347946167,-0.02342386543750763,-0.00024772927281446755,0.03299952670931816,0.03299952670931816,1.0,-3.0,success
1714,1.10897958278656,-0.022867847234010696,-0.00024774097255431116,0.03300003334879875,0.03300003334879875,1.0,3.0,success
1715,1.108080506324768,-0.022313900291919708,-0.0002477406815160066,0.0330008827149868,0.0330008827149868,1.0,3.0,success
1716,1.1071802377700806,-0.021762030199170113,-0.00024774015764705837,0.03299863636493683,0.03299863636493683,1.0,3.0,success
1717,1.1062790155410767,-0.021211622282862663,-0.000247728981776163,0.03300021216273308,0.03300020843744278,1.0,-3.0,success
1718,1.1053791046142578,-0.02065904065966606,-0.00024772962206043303,0.03300074115395546,0.03300074115395546,1.0,-3.0,success
1719,1.104480266571045,-0.020104898139834404,-0.00024774123448878527,0.032997746020555496,0.032997746020555496,1.0,3.0,success
1720,1.1035799980163574,-0.019552838057279587,-0.0002477407979313284,0.03300173953175545,0.03300173953175545,1.0,3.0,success
1721,1.1026785373687744,-0.019002864137291908,-0.0002477402158547193,0.03299950435757637,0.03299950435757637,1.0,3.0,success
1722,1.1017762422561646,-0.01845436356961727,-0.00024772906908765435,0.03299782797694206,0.03299782797694206,1.0,-3.0,success
1723,1.1008751392364502,-0.017903687432408333,-0.0002477297093719244,0.033001404255628586,0.033001404255628586,1.0,-3.0,success
1724,1.0999751091003418,-0.017351455986499786,-0.0002477412926964462,0.03299818933010101,0.03299818933010101,1.0,3.0,success
1725,1.0990736484527588,-0.016801312565803528,-0.00024774082703515887,0.03300226479768753,0.03300226107239723,1.0,3.0,success
1726,1.0981709957122803,-0.016253262758255005,-0.0002477402158547193,0.03300006315112114,0.03300006315112114,1.0,3.0,success
1727,1.0972671508789062,-0.01570727676153183,-0.0002477398666087538,0.032998520880937576,0.032998520880937576,1.0,3.0,success
1728,1.0963623523712158,-0.01516274269670248,-0.0002477286907378584,0.03300061821937561,0.03300061821937561,1.0,-3.0,success
1729,1.0954773426055908,-0.014626544900238514,-0.0002437120274407789,0.032336827367544174,0.032336585223674774,1.0,-3.0,success
1730,1.0945751667022705,-0.01407785527408123,-0.00024421411217190325,0.03299771621823311,0.03299771249294281,1.0,3.0,success
1731,1.0936716794967651,-0.01353127509355545,-0.0002449043095111847,0.032998569309711456,0.03299856558442116,1.0,3.0,success
1732,1.0927667617797852,-0.012986812740564346,-0.00024547093198634684,0.03300265595316887,0.03300265222787857,1.0,3.0,success
1733,1.0918607711791992,-0.012444434687495232,-0.0002459250099491328,0.03299788385629654,0.03299788013100624,1.0,3.0,success
1734,1.0909538269042969,-0.011903508566319942,-0.0002462773700244725,0.03300018981099129,0.03300018981099129,1.0,-3.0,success
1735,1.0900481939315796,-0.011360391974449158,-0.00024656872847117484,0.0330001600086689,0.0330001562833786,1.0,-3.0,success
1736,1.0891435146331787,-0.010815712623298168,-0.0002468128514010459,0.03299976512789726,0.03299976512789726,1.0,3.0,success
1737,1.0882376432418823,-0.01027312595397234,-0.0002469983883202076,0.03299803286790848,0.03299803286790848,1.0,3.0,success
1738,1.0873303413391113,-0.009732638485729694,-0.00024714646860957146,0.03300277143716812,0.03300277143716812,1.0,3.0,success
1739,1.0864219665527344,-0.009194222278892994,-0.00024726506671868265,0.03299852833151817,0.03299852833151817,1.0,3.0,success
1740,1.085512638092041,-0.008657258003950119,-0.0002473489730618894,0.03300107643008232,0.03300107643008232,1.0,-3.0,success
1741,1.0846047401428223,-0.008118081837892532,-0.00024742563255131245,0.03299783542752266,0.03299783170223236,1.0,-3.0,success
1742,1.083698034286499,-0.007576716132462025,-0.0002474876819178462,0.03300083056092262,0.03300083056092262,1.0,-3.0,success
1743,1.0827922821044922,-0.007033820264041424,-0.0002475476358085871,0.032999806106090546,0.032999806106090546,1.0,3.0,success
1744,1.0818852186203003,-0.00649305060505867,-0.0002475858200341463,0.0330008864402771,0.0330008864402771,1.0,3.0,success
1745,1.080976963043213,-0.005954407621175051,-0.0002476161462254822,0.0329989418387413,0.0329989418387413,1.0,3.0,success
1746,1.0800673961639404,-0.005417857319116592,-0.0002476405643392354,0.033000919967889786,0.03300091624259949,1.0,3.0,success
1747,1.0791566371917725,-0.004883373621851206,-0.0002476602385286242,0.03300027549266815,0.03300027549266815,1.0,3.0,success
1748,1.078244686126709,-0.0043509360402822495,-0.00024767607101239264,0.03300012648105621,0.03300012648105621,1.0,3.0,success
1749,1.0773508548736572,-0.00382976233959198,-0.00024366033903788775,0.032333895564079285,0.032333653420209885,1.0,-3.0,success
1750,1.0764398574829102,-0.00329575315117836,-0.0002441625401843339,0.03299920633435249,0.032999202609062195,1.0,-3.0,success
1751,1.07552969455719,-0.002760272240266204,-0.00024487264454364777,0.03300001099705696,0.033000003546476364,1.0,3.0,success
1752,1.0746182203292847,-0.002226958516985178,-0.0002454456698615104,0.03300108015537262,0.03300107643008232,1.0,3.0,success
1753,1.0737055540084839,-0.0016958059277385473,-0.00024590446264483035,0.03299921751022339,0.03299921378493309,1.0,3.0,success
1754,1.0727920532226562,-0.0011661617318168283,-0.0002462611300870776,0.032998085021972656,0.032998085021972656,1.0,-3.0,success
1755,1.0718797445297241,-0.0006343512213788927,-0.0002465559809934348,0.032999902963638306,0.032999902963638306,1.0,-3.0,success
1756,1.0709682703018188,-0.00010100228246301413,-0.00024680254864506423,0.03300163149833679,0.03300163149833679,1.0,3.0,success
1757,1.070055603981018,0.0004302128218114376,-0.0002469899773132056,0.033000193536281586,0.033000193536281586,1.0,3.0,success
1758,1.0691417455673218,0.0009592929272912443,-0.0002471396583132446,0.03299891948699951,0.03299891948699951,1.0,3.0,success
1759,1.06822669506073,0.001486270921304822,-0.0002472595078870654,0.032998327165842056,0.032998327165842056,1.0,3.0,success
1760,1.0673106908798218,0.002011774107813835,-0.0002473446074873209,0.03300120308995247,0.03300120308995247,1.0,-3.0,success
1761,1.0663959980010986,0.0025394943077117205,-0.00024742219829931855,0.03300023078918457,0.03300023078918457,1.0,-3.0,success
1762,1.065482258796692,0.003068803111091256,-0.0002474953653290868,0.032999273389577866,0.032999273389577866,1.0,3.0,success
1763,1.0645672082901,0.0035959994420409203,-0.0002475442015565932,0.03300173580646515,0.03300173580646515,1.0,3.0,success
1764,1.0636510848999023,0.0041210767813026905,-0.00024758296785876155,0.03299781307578087,0.03299781307578087,1.0,3.0,success
1765,1.0627340078353882,0.004644664470106363,-0.00024760334054008126,0.03300056606531143,0.03300056606531143,1.0,-3.0,success
1766,1.061818242073059,0.005170463118702173,-0.0002476291556376964,0.03299933671951294,0.03299933671951294,1.0,-3.0,success
1767,1.0609036684036255,0.005698454100638628,-0.0002476505469530821,0.03300123289227486,0.03300123289227486,1.0,-3.0,success
1768,1.0599900484085083,0.006227976176887751,-0.00024767781724222004,0.032999396324157715,0.032999392598867416,1.0,3.0,success
1769,1.059075117111206,0.006755343172699213,-0.0002476898953318596,0.03300116956233978,0.03300116956233978,1.0,3.0,success
1770,1.0581589937210083,0.007280557416379452,-0.00024769932497292757,0.03299994021654129,0.03299994021654129,1.0,3.0,success
1771,1.057241678237915,0.007803653832525015,-0.0002477070374879986,0.0329994298517704,0.0329994298517704,1.0,3.0,success
1772,1.056323528289795,0.008325261063873768,-0.0002477025263942778,0.03299907594919205,0.03299907594919205,1.0,-3.0,success
1773,1.0554065704345703,0.008849084377288818,-0.000247708463575691,0.03300098329782486,0.03300098329782486,1.0,-3.0,success
1774,1.054490566253662,0.009374496527016163,-0.00024772429605945945,0.032999783754348755,0.032999783754348755,1.0,3.0,success
1775,1.0535733699798584,0.009897786192595959,-0.0002477272355463356,0.032999187707901,0.032999187707901,1.0,3.0,success
1776,1.0526549816131592,0.010418949648737907,-0.00024772933102212846,0.0329987034201622,0.0329987034201622,1.0,3.0,success
1777,1.0517356395721436,0.0109386146068573,-0.00024772039614617825,0.03300156071782112,0.03300156071782112,1.0,-3.0,success
1778,1.050817608833313,0.011460494250059128,-0.00024772281176410615,0.03300003707408905,0.03300003707408905,1.0,-3.0,success
1779,1.0499005317687988,0.011983959935605526,-0.00024773573386482894,0.03299867361783981,0.03299867361783981,1.0,3.0,success
1780,1.0489821434020996,0.012505298480391502,-0.000247736374149099,0.033001404255628586,0.033001404255628586,1.0,3.0,success
1781,1.0480625629425049,0.013024503365159035,-0.0002477366360835731,0.033000972121953964,0.033000972121953964,1.0,3.0,success
1782,1.0471422672271729,0.013542207889258862,-0.00024772624601610005,0.03299742564558983,0.03299742564558983,1.0,-3.0,success
1783,1.0462230443954468,0.014062127098441124,-0.00024772746837697923,0.033002227544784546,0.03300222381949425,1.0,-3.0,success
1784,1.0453052520751953,0.014584244228899479,-0.0002477291855029762,0.03299723193049431,0.03299723193049431,1.0,-3.0,success
1785,1.0443885326385498,0.015108508989214897,-0.00024773081531748176,0.033001359552145004,0.033001359552145004,1.0,-3.0,success
1786,1.0434727668762207,0.015634266659617424,-0.00024774190387688577,0.0329986996948719,0.032998695969581604,1.0,3.0,success
1787,1.0425556898117065,0.016157831996679306,-0.0002477409434504807,0.033000219613313675,0.033000219613313675,1.0,3.0,success
1788,1.0416373014450073,0.01667921617627144,-0.0002477400121279061,0.033002108335494995,0.033002108335494995,1.0,3.0,success
1789,1.0407181978225708,0.017199061810970306,-0.0002477290981914848,0.03299785405397415,0.03299785405397415,1.0,-3.0,success
1790,1.0398001670837402,0.017721083015203476,-0.00024772994220256805,0.03300222381949425,0.03300222381949425,1.0,-3.0,success
1791,1.0388834476470947,0.01824527233839035,-0.0002477313100825995,0.03300018981099129,0.03300018981099129,1.0,-3.0,success
1792,1.0379680395126343,0.0187715832144022,-0.0002477326197549701,0.03299761936068535,0.03299761936068535,1.0,-3.0,success
1793,1.0370533466339111,0.01929936558008194,-0.00024774327175691724,0.03300120308995247,0.03300120308995247,1.0,3.0,success
1794,1.0361374616622925,0.01982494816184044,-0.00024774199118837714,0.03299920633435249,0.03299920633435249,1.0,3.0,success
1795,1.0352202653884888,0.020348336547613144,-0.0002477407979313284,0.03300071507692337,0.03300071507692337,1.0,3.0,success
1796,1.0343018770217896,0.020869577303528786,-0.00024774004123173654,0.03299989551305771,0.03299989551305771,1.0,3.0,success
1797,1.0333826541900635,0.0213893074542284,-0.00024772901087999344,0.03299931809306145,0.03299931809306145,1.0,-3.0,success
1798,1.032464623451233,0.02191123552620411,-0.0002477297675795853,0.03300078958272934,0.03300078958272934,1.0,-3.0,success
1799,1.0315479040145874,0.022435350343585014,-0.0002477310481481254,0.032999034970998764,0.032999034970998764,1.0,-3.0,success
1800,1.0306320190429688,0.02296098880469799,-0.00024774219491519034,0.033000074326992035,0.033000070601701736,1.0,3.0,success
1801,1.0297149419784546,0.02348446100950241,-0.00024774132180027664,0.03299877792596817,0.03299877792596817,1.0,3.0,success
1802,1.0287965536117554,0.024005766957998276,-0.0002477404195815325,0.03300090134143829,0.03300090134143829,1.0,3.0,success
1803,1.0278773307800293,0.02452555112540722,-0.0002477293601259589,0.0330001525580883,0.0330001525580883,1.0,-3.0,success
1804,1.0269593000411987,0.02504752203822136,-0.00024773008772172034,0.03300144895911217,0.03300144895911217,1.0,-3.0,success
1805,1.0260425806045532,0.0255716722458601,-0.00024773136829026043,0.03299958258867264,0.03299958258867264,1.0,-3.0,success
1806,1.0251266956329346,0.026097338646650314,-0.00024774239864200354,0.033000506460666656,0.033000506460666656,1.0,3.0,success
1807,1.0242096185684204,0.026620831340551376,-0.0002477414673194289,0.03299909830093384,0.03299909830093384,1.0,3.0,success
1808,1.0232913494110107,0.027142155915498734,-0.00024774050689302385,0.03299795091152191,0.03299795091152191,1.0,3.0,success
1809,1.022371768951416,0.02766134962439537,-0.0002477399248164147,0.03300080448389053,0.03300080448389053,1.0,3.0,success
1810,1.0214513540267944,0.028179043903946877,-0.00024772886536084116,0.03300051391124725,0.03300051391124725,1.0,-3.0,success
1811,1.020532250404358,0.028698954731225967,-0.0002477295638527721,0.03299885615706444,0.03299885615706444,1.0,-3.0,success
1812,1.019614338874817,0.02922106347978115,-0.0002477308444213122,0.033000338822603226,0.033000338822603226,1.0,-3.0,success
1813,1.0186976194381714,0.029745323583483696,-0.0002477321249898523,0.033001288771629333,0.033001288771629333,1.0,-3.0,success
1814,1.0177820920944214,0.03027169220149517,-0.0002477333473507315,0.033001746982336044,0.033001746982336044,1.0,-3.0,success
1815,1.0168678760528564,0.03080013580620289,-0.00024773445329628885,0.03299863263964653,0.03299863263964653,1.0,-3.0,success
1816,1.0159547328948975,0.03133063018321991,-0.0002477354428265244,0.03300175443291664,0.03300175443291664,1.0,-3.0,success
1817,1.0150429010391235,0.03186315670609474,-0.00024773634504526854,0.03299831226468086,0.03299831226468086,1.0,-3.0,success
1818,1.0141321420669556,0.032397687435150146,-0.00024773713084869087,0.033001020550727844,0.033001020550727844,1.0,-3.0,success
1819,1.013222575187683,0.032934218645095825,-0.00024773780023679137,0.03300061449408531,0.03300061449408531,1.0,-3.0,success
1820,1.0123142004013062,0.033472731709480286,-0.0002477383823134005,0.033000074326992035,0.033000070601701736,1.0,-3.0,success
1821,1.0114068984985352,0.03401321917772293,-0.00024773887707851827,0.03300277143716812,0.03300277143716812,1.0,-3.0,success
1822,1.0105009078979492,0.03455566614866257,-0.00024773928453214467,0.032998986542224884,0.032998986542224884,1.0,-3.0,success
1823,1.0095959901809692,0.03510007634758949,-0.0002477396628819406,0.03300181031227112,0.03300181031227112,1.0,-3.0,success
1824,1.0086920261383057,0.03564581274986267,-0.000247748481342569,0.032997678965330124,0.032997678965330124,1.0,3.0,success
1825,1.0077866315841675,0.03618928790092468,-0.00024774568737484515,0.03299953415989876,0.03299953415989876,1.0,3.0,success
1826,1.0068799257278442,0.03673052415251732,-0.0002477433590684086,0.03299875929951668,0.03299875929951668,1.0,3.0,success
1827,1.0059717893600464,0.03726958483457565,-0.0002477418165653944,0.03300239518284798,0.03300239518284798,1.0,3.0,success
1828,1.0050625801086426,0.03780650720000267,-0.00024774085613898933,0.03299720212817192,0.03299720212817192,1.0,3.0,success
1829,1.0041519403457642,0.038341328501701355,-0.0002477402740623802,0.033002402633428574,0.033002402633428574,1.0,3.0,success
1830,1.0032402276992798,0.038874078541994095,-0.00024773995392024517,0.032998617738485336,0.032998617738485336,1.0,3.0,success
1831,1.0023272037506104,0.03940477967262268,-0.0002477398084010929,0.03300178050994873,0.03300178050994873,1.0,3.0,success
1832,1.0014134645462036,0.03993404284119606,-0.00024772854521870613,0.03299856185913086,0.03299856185913086,1.0,-3.0,success
1833,1.000501036643982,0.040465544909238815,-0.0002477290981914848,0.03299827128648758,0.03299827128648758,1.0,-3.0,success
1834,0.9995894432067871,0.0409986637532711,-0.0002477408852428198,0.03300121799111366,0.03300121799111366,1.0,3.0,success
1835,0.9986766576766968,0.04152969643473625,-0.0002477406233083457,0.03300054743885994,0.03300054743885994,1.0,3.0,success
1836,0.9977626800537109,0.04205863177776337,-0.00024774015764705837,0.03299987316131592,0.03299987316131592,1.0,3.0,success
1837,0.9968475103378296,0.04258549213409424,-0.0002477398666087538,0.03299972414970398,0.03299972414970398,1.0,3.0,success
1838,0.9959311485290527,0.043110303580760956,-0.00024773977929726243,0.033000148832798004,0.033000148832798004,1.0,3.0,success
1839,0.9950135946273804,0.043633077293634415,-0.00024773977929726243,0.03300090879201889,0.03300090879201889,1.0,3.0,success
1840,0.9940949082374573,0.04415382444858551,-0.00024773983750492334,0.033000387251377106,0.033000387251377106,1.0,3.0,success
1841,0.9931750893592834,0.044672559946775436,-0.00024773995392024517,0.03300025314092636,0.03300025314092636,1.0,3.0,success
1842,0.9922541379928589,0.04518928751349449,-0.000247740070335567,0.033000338822603226,0.033000338822603226,1.0,3.0,success
1843,0.9913320541381836,0.045704010874032974,-0.0002477402158547193,0.033000633120536804,0.033000633120536804,1.0,3.0,success
1844,0.9904088973999023,0.04621673747897148,-0.0002477403322700411,0.032999567687511444,0.032999567687511444,1.0,3.0,success
1845,0.9894846081733704,0.04672746732831001,-0.00024774044868536294,0.03300028666853905,0.03300028666853905,1.0,3.0,success
1846,0.9885595440864563,0.04723679646849632,-0.00024772886536084116,0.03300034999847412,0.03300034999847412,1.0,-3.0,success
1847,0.9876357913017273,0.047748446464538574,-0.00024772906908765435,0.032999541610479355,0.032999537885189056,1.0,-3.0,success
1848,0.9867129921913147,0.04826177656650543,-0.00024774097255431116,0.032998960465192795,0.032998960465192795,1.0,3.0,success
1849,0.9857890009880066,0.04877302423119545,-0.00024774085613898933,0.03299997001886368,0.03299997001886368,1.0,3.0,success
1850,0.984863817691803,0.049282174557447433,-0.0002477404195815325,0.033000919967889786,0.033000919967889786,1.0,3.0,success
1851,0.9839375019073486,0.049789246171712875,-0.0002477401867508888,0.03300068899989128,0.03300068899989128,1.0,3.0,success
1852,0.983010470867157,0.05029485747218132,-0.00024772886536084116,0.03299842029809952,0.03299842029809952,1.0,-3.0,success
1853,0.9820846319198608,0.050802748650312424,-0.00024772933102212846,0.032999929040670395,0.032999929040670395,1.0,-3.0,success
1854,0.9811596870422363,0.05131227523088455,-0.000247741088969633,0.03300006315112114,0.03300006315112114,1.0,3.0,success
1855,0.9802335500717163,0.051819685846567154,-0.0002477407979313284,0.033000875264406204,0.033000875264406204,1.0,3.0,success
1856,0.9793062806129456,0.052324965596199036,-0.0002477402740623802,0.033000003546476364,0.033000003546476364,1.0,3.0,success
1857,0.9783778786659241,0.052828140556812286,-0.00024773998302407563,0.03299969062209129,0.03299969062209129,1.0,3.0,success
1858,0.9774487018585205,0.053329840302467346,-0.00024772874894551933,0.032999057322740555,0.032999057322740555,1.0,-3.0,success
1859,0.9765207171440125,0.05383380874991417,-0.000247729301918298,0.03300005570054054,0.03300005570054054,1.0,-3.0,success
1860,0.975593626499176,0.05433940887451172,-0.00024774103076197207,0.03299988433718681,0.03299988433718681,1.0,3.0,success
1861,0.9746653437614441,0.05484287440776825,-0.00024774071061983705,0.03300074487924576,0.03300074487924576,1.0,3.0,success
1862,0.9737359285354614,0.05534420162439346,-0.0002477401867508888,0.03300008177757263,0.03300008177757263,1.0,3.0,success
1863,0.972805380821228,0.05584341660141945,-0.00024773989571258426,0.032999977469444275,0.032999977469444275,1.0,3.0,success
1864,0.9718737006187439,0.056340541690588,-0.000247739750193432,0.03300037235021591,0.03300037235021591,1.0,3.0,success
1865,0.970940887928009,0.056835588067770004,-0.000247739750193432,0.03300109878182411,0.03300109878182411,1.0,3.0,success
1866,0.970007061958313,0.05732857808470726,-0.0002477398084010929,0.03299902379512787,0.03299902379512787,1.0,3.0,success
1867,0.9690721035003662,0.057819515466690063,-0.00024773989571258426,0.03300045430660248,0.03300045430660248,1.0,3.0,success
1868,0.9681360721588135,0.05830840766429901,-0.00024774004123173654,0.03300050273537636,0.03300050273537636,1.0,3.0,success
1869,0.9671989679336548,0.058795265853405,-0.00024774015764705837,0.033000875264406204,0.033000875264406204,1.0,3.0,success
1870,0.9662608504295349,0.059280090034008026,-0.00024774030316621065,0.03299974650144577,0.03299974650144577,1.0,3.0,success
1871,0.9653216600418091,0.05976288765668869,-0.0002477404195815325,0.033000532537698746,0.033000532537698746,1.0,3.0,success
1872,0.9643814563751221,0.060243651270866394,-0.0002477405359968543,0.032999712973833084,0.032999712973833084,1.0,3.0,success
1873,0.9634405374526978,0.06072299927473068,-0.00024772892356850207,0.03299950808286667,0.03299950808286667,1.0,-3.0,success
1874,0.962500810623169,0.061204709112644196,-0.0002477290981914848,0.0329999215900898,0.0329999215900898,1.0,-3.0,success
1875,0.9615619778633118,0.0616881288588047,-0.0002477410016581416,0.032999489456415176,0.032999489456415176,1.0,3.0,success
1876,0.9606220126152039,0.062169432640075684,-0.0002477408852428198,0.03300076723098755,0.03300076723098755,1.0,3.0,success
1877,0.95968097448349,0.06264860183000565,-0.0002477404777891934,0.033000294119119644,0.033000294119119644,1.0,3.0,success
1878,0.9587388634681702,0.06312565505504608,-0.0002477402158547193,0.03300024941563606,0.03300024941563606,1.0,3.0,success
1879,0.957796037197113,0.06360122561454773,-0.0002477288944646716,0.032999299466609955,0.032999299466609955,1.0,-3.0,success
1880,0.9568544030189514,0.06407912075519562,-0.0002477293601259589,0.03299885615706444,0.03299885615706444,1.0,-3.0,success
1881,0.9559135437011719,0.06455866992473602,-0.000247741088969633,0.033000703901052475,0.033000703901052475,1.0,3.0,success
1882,0.9549716114997864,0.06503607332706451,-0.00024774082703515887,0.03300020843744278,0.03300020843744278,1.0,3.0,success
1883,0.9540286064147949,0.0655113086104393,-0.00024774030316621065,0.03299957141280174,0.03299957141280174,1.0,3.0,success
1884,0.9530844688415527,0.06598440557718277,-0.0002477400121279061,0.033001188188791275,0.033001188188791275,1.0,3.0,success
1885,0.9521393179893494,0.06645538657903671,-0.0002477398666087538,0.03299995884299278,0.03299995884299278,1.0,3.0,success
1886,0.95119309425354,0.06692426651716232,-0.00024773983750492334,0.03300076723098755,0.03300076723098755,1.0,3.0,success
1887,0.9502458572387695,0.0673910528421402,-0.00024773989571258426,0.033000171184539795,0.033000171184539795,1.0,3.0,success
1888,0.9492976069450378,0.06785576790571213,-0.00024773998302407563,0.03300003707408905,0.03300003707408905,1.0,3.0,success
1889,0.948348343372345,0.06831841170787811,-0.00024774009943939745,0.03300006687641144,0.03300006315112114,1.0,3.0,success
1890,0.9473980665206909,0.06877899169921875,-0.0002477402158547193,0.03300034999847412,0.03300034999847412,1.0,3.0,success
1891,0.9464467763900757,0.06923750787973404,-0.00024774036137387156,0.033000800758600235,0.033000800758600235,1.0,3.0,success
1892,0.945494532585144,0.06969396770000458,-0.0002477404777891934,0.03299981728196144,0.03299981728196144,1.0,3.0,success
1893,0.9445412755012512,0.07014837116003036,-0.00024774056510068476,0.03300067037343979,0.03300067037343979,1.0,3.0,success
1894,0.9435874223709106,0.07060134410858154,-0.0002477289526723325,0.03299828618764877,0.03299828618764877,1.0,-3.0,success
1895,0.942634642124176,0.07105670124292374,-0.00024772912729531527,0.03300006315112114,0.03300006315112114,1.0,-3.0,success
1896,0.9416829943656921,0.07151442766189575,-0.0002477300586178899,0.0330001600086689,0.0330001600086689,1.0,-3.0,success
1897,0.9407321810722351,0.07197381556034088,-0.00024774164194241166,0.03299921751022339,0.03299921751022339,1.0,3.0,success
1898,0.9397802948951721,0.07243100553750992,-0.0002477411471772939,0.032999612390995026,0.032999612390995026,1.0,3.0,success
1899,0.9388273358345032,0.07288599014282227,-0.00024774050689302385,0.03300008550286293,0.03300008550286293,1.0,3.0,success
1900,0.9378733038902283,0.07333880662918091,-0.00024774009943939745,0.033001236617565155,0.033001236617565155,1.0,3.0,success
1901,0.9369186162948608,0.07379009574651718,-0.0002477288944646716,0.032999321818351746,0.032999321818351746,1.0,-3.0,success
1902,0.9359650015830994,0.07424371689558029,-0.0002477294474374503,0.03300025314092636,0.03300025314092636,1.0,-3.0,success
1903,0.9350122213363647,0.07469899952411652,-0.0002477411471772939,0.032999057322740555,0.032999057322740555,1.0,3.0,success
1904,0.9340583682060242,0.07515208423137665,-0.0002477407979313284,0.032999783754348755,0.032999783754348755,1.0,3.0,success
1905,0.9331034421920776,0.07560297101736069,-0.0002477402158547193,0.03300068899989128,0.03300068899989128,1.0,3.0,success
1906,0.9321475028991699,0.07605168223381042,-0.00024773989571258426,0.03300037607550621,0.03300037607550621,1.0,3.0,success
1907,0.9311909079551697,0.07649887353181839,-0.00024772871984168887,0.03299878537654877,0.03299878537654877,1.0,-3.0,success
1908,0.9302353262901306,0.0769483894109726,-0.000247729301918298,0.03300095722079277,0.03300095722079277,1.0,-3.0,success
1909,0.9292805790901184,0.07739958167076111,-0.00024774103076197207,0.032999712973833084,0.032999712973833084,1.0,3.0,success
1910,0.928324818611145,0.07784857600927353,-0.00024774071061983705,0.032999083399772644,0.032999083399772644,1.0,3.0,success
1911,0.9273679852485657,0.07829535752534866,-0.00024774015764705837,0.03300011530518532,0.03300011530518532,1.0,3.0,success
1912,0.9264101386070251,0.07873997092247009,-0.0002477398666087538,0.03300022333860397,0.03300022333860397,1.0,3.0,success
1913,0.9254512786865234,0.07918242365121841,-0.0002477397210896015,0.033000603318214417,0.03300059959292412,1.0,3.0,success
1914,0.9244914650917053,0.07962274551391602,-0.0002477397210896015,0.03299984335899353,0.03299984335899353,1.0,3.0,success
1915,0.923530638217926,0.0800609439611435,-0.00024773977929726243,0.03300103545188904,0.03300103545188904,1.0,3.0,success
1916,0.9225688576698303,0.08049703389406204,-0.0002477398666087538,0.0330008901655674,0.0330008901655674,1.0,3.0,success
1917,0.9216064810752869,0.0809316411614418,-0.0002477284870110452,0.03299875929951668,0.03299875929951668,1.0,-3.0,success
1918,0.9206451773643494,0.08136864751577377,-0.00024772886536084116,0.03299916163086891,0.03299916163086891,1.0,-3.0,success
1919,0.919684648513794,0.08180738240480423,-0.00024774076882749796,0.03299952670931816,0.03299952670931816,1.0,3.0,success
1920,0.9187231063842773,0.08224393427371979,-0.00024774065241217613,0.03300006687641144,0.03300006687641144,1.0,3.0,success
1921,0.9177605509757996,0.08267829567193985,-0.0002477402158547193,0.03300068899989128,0.03300068899989128,1.0,3.0,success
1922,0.9167973399162292,0.08311111479997635,-0.00024772901087999344,0.03299958258867264,0.03299958258867264,1.0,-3.0,success
1923,0.9158351421356201,0.08354627341032028,-0.0002477295638527721,0.03300076350569725,0.03300076350569725,1.0,-3.0,success
1924,0.9148737788200378,0.08398311585187912,-0.0002477412053849548,0.03299873694777489,0.03299873694777489,1.0,3.0,success
1925,0.9139113426208496,0.08441774547100067,-0.00024774082703515887,0.03300074487924576,0.03300074487924576,1.0,3.0,success
1926,0.912947952747345,0.08485014736652374,-0.0002477402740623802,0.03299934044480324,0.03299934044480324,1.0,3.0,success
1927,0.9119835495948792,0.08528035134077072,-0.0002477399248164147,0.03300018981099129,0.03300018981099129,1.0,3.0,success
1928,0.9110181927680969,0.08570839464664459,-0.000247739750193432,0.03299998119473457,0.03299998119473457,1.0,3.0,success
1929,0.9100521802902222,0.0861349105834961,-0.00024772854521870613,0.03299940750002861,0.03299940750002861,1.0,-3.0,success
1930,0.9090871810913086,0.08656379580497742,-0.0002477290981914848,0.03300044313073158,0.03300044313073158,1.0,-3.0,success
1931,0.9081229567527771,0.08699439465999603,-0.0002477408852428198,0.03300011530518532,0.03300011530518532,1.0,3.0,success
1932,0.9071577191352844,0.08742277324199677,-0.0002477406233083457,0.033000823110342026,0.033000823110342026,1.0,3.0,success
1933,0.9061915278434753,0.08784893900156021,-0.0002477401285432279,0.033000100404024124,0.033000100404024124,1.0,3.0,success
1934,0.9052243828773499,0.08827290683984756,-0.0002477398666087538,0.032999731600284576,0.032999731600284576,1.0,3.0,success
1935,0.9042565822601318,0.08869533985853195,-0.0002477286907378584,0.03299928084015846,0.03299928084015846,1.0,-3.0,success
1936,0.903289794921875,0.08912013471126556,-0.0002477292437106371,0.03299988433718681,0.03299988433718681,1.0,-3.0,success
1937,0.9023240208625793,0.08954727649688721,-0.0002477304660715163,0.03300049528479576,0.03300049528479576,1.0,-3.0,success
1938,0.9013590216636658,0.08997604250907898,-0.0002477418165653944,0.03299893066287041,0.03299893066287041,1.0,3.0,success
1939,0.900393009185791,0.09040255844593048,-0.0002477411471772939,0.03299940750002861,0.03299940750002861,1.0,3.0,success
1940,0.8994259238243103,0.09082680940628052,-0.00024774036137387156,0.03300158306956291,0.03300158306956291,1.0,3.0,success
1941,0.898457944393158,0.09124883264303207,-0.00024773989571258426,0.03299928456544876,0.03299928456544876,1.0,3.0,success
1942,0.8974889516830444,0.09166865795850754,-0.0002477396628819406,0.03300094977021217,0.03300094977021217,1.0,3.0,success
1943,0.8965193629264832,0.09208694845438004,-0.0002477285161148757,0.03299901261925697,0.03299901261925697,1.0,-3.0,success
1944,0.8955507874488831,0.09250760078430176,-0.00024772912729531527,0.03299926966428757,0.03299926966428757,1.0,-3.0,success
1945,0.8945831656455994,0.09293059259653091,-0.0002477303787600249,0.03300115093588829,0.03300115093588829,1.0,-3.0,success
1946,0.8936166167259216,0.09335587173700333,-0.00024773163022473454,0.03299915790557861,0.03299915790557861,1.0,-3.0,success
1947,0.8926510214805603,0.09378339350223541,-0.00024773282348178327,0.03300018981099129,0.03300018981099129,1.0,-3.0,success
1948,0.8916863799095154,0.09421312063932419,-0.0002477339585311711,0.03300092741847038,0.03300092741847038,1.0,-3.0,success
1949,0.8907227516174316,0.09464501589536667,-0.00024773497716523707,0.032999660819768906,0.032999660819768906,1.0,-3.0,success
1950,0.8897600769996643,0.09507905691862106,-0.00024773587938398123,0.03299997001886368,0.03299997001886368,1.0,-3.0,success
1951,0.8887982964515686,0.09551523625850677,-0.000247736694291234,0.03300204500555992,0.03300204500555992,1.0,-3.0,success
1952,0.887837290763855,0.09595286846160889,-0.00024774629855528474,0.03299878537654877,0.03299878537654877,1.0,3.0,success
1953,0.8868754506111145,0.09638877213001251,-0.0002477350935805589,0.03300018608570099,0.03300018608570099,1.0,-3.0,success
1954,0.8859145641326904,0.09682680666446686,-0.0002477354137226939,0.033000607043504715,0.033000607043504715,1.0,-3.0,success
1955,0.8849546909332275,0.09726698696613312,-0.0002477361704222858,0.03299969434738159,0.03299969434738159,1.0,-3.0,success
1956,0.883995771408081,0.0977093055844307,-0.0002477368980180472,0.033000536262989044,0.033000536262989044,1.0,-3.0,success
1957,0.883037805557251,0.0981537252664566,-0.0002477375091984868,0.03300105407834053,0.03300105407834053,1.0,-3.0,success
1958,0.882080614566803,0.09859959781169891,-0.0002477469388395548,0.03299823775887489,0.03299823775887489,1.0,3.0,success
1959,0.8811225295066833,0.09904374182224274,-0.0002477356174495071,0.03300080820918083,0.03300080820918083,1.0,-3.0,success
1960,0.8801654577255249,0.09949000179767609,-0.00024773585028015077,0.032999973744153976,0.032999973744153976,1.0,-3.0,success
1961,0.8792093396186829,0.09993840008974075,-0.00024773654877208173,0.03300128132104874,0.03300128132104874,1.0,-3.0,success
1962,0.8782539963722229,0.10038826614618301,-0.0002477462403476238,0.03299887850880623,0.03299887850880623,1.0,3.0,success
1963,0.8772975206375122,0.10083579272031784,-0.00024774414487183094,0.03299985080957413,0.03299985080957413,1.0,3.0,success
1964,0.8763399720191956,0.10128098726272583,-0.0002477423404343426,0.0329994298517704,0.0329994298517704,1.0,3.0,success
1965,0.875381350517273,0.10172390192747116,-0.0002477411471772939,0.03299988806247711,0.03299988806247711,1.0,3.0,success
1966,0.874422013759613,0.10216522216796875,-0.0002477299713063985,0.032999325543642044,0.032999325543642044,1.0,-3.0,success
1967,0.8734636902809143,0.102608822286129,-0.00024773061159066856,0.03300042822957039,0.03300042450428009,1.0,-3.0,success
1968,0.8725061416625977,0.10305404663085938,-0.00024774190387688577,0.03299982100725174,0.03299982100725174,1.0,3.0,success
1969,0.871547520160675,0.10349702835083008,-0.00024774123448878527,0.03300077095627785,0.03300077095627785,1.0,3.0,success
1970,0.8705878853797913,0.10393776744604111,-0.00024774044868536294,0.03300020098686218,0.03300020098686218,1.0,3.0,success
1971,0.8696272373199463,0.10437630116939545,-0.00024773995392024517,0.03300030529499054,0.03300030529499054,1.0,3.0,success
1972,0.8686656355857849,0.10481265187263489,-0.0002477397210896015,0.03299916908144951,0.03299916908144951,1.0,3.0,success
1973,0.8677033185958862,0.10524747520685196,-0.0002477285743225366,0.03299983963370323,0.03299983963370323,1.0,-3.0,success
1974,0.8667420744895935,0.10568465292453766,-0.0002477291563991457,0.032999683171510696,0.032999683171510696,1.0,-3.0,success
1975,0.865781843662262,0.1061241552233696,-0.00024773040786385536,0.03300102427601814,0.03300102427601814,1.0,-3.0,success
1976,0.8648224472999573,0.10656528919935226,-0.0002477417583577335,0.03299858793616295,0.03299858793616295,1.0,3.0,success
1977,0.8638619780540466,0.10700417309999466,-0.000247741088969633,0.03299976512789726,0.03299976512789726,1.0,3.0,success
1978,0.86290043592453,0.10744080692529678,-0.00024774030316621065,0.0330011285841465,0.0330011285841465,1.0,3.0,success
1979,0.861937940120697,0.10787522792816162,-0.00024773983750492334,0.032999757677316666,0.032999757677316666,1.0,3.0,success
1980,0.8609744310379028,0.10830746591091156,-0.0002477396046742797,0.0330006442964077,0.0330006442964077,1.0,3.0,success
1981,0.8600099682807922,0.10873754322528839,-0.0002477395173627883,0.03300027921795845,0.03300027921795845,1.0,3.0,success
1982,0.8590445518493652,0.1091654822230339,-0.0002477395173627883,0.033000361174345016,0.033000361174345016,1.0,3.0,success
1983,0.8580781817436218,0.1095912829041481,-0.0002477396046742797,0.03300061076879501,0.03300061076879501,1.0,3.0,success
1984,0.8571109175682068,0.11001496762037277,-0.0002477397210896015,0.03299959376454353,0.03299959376454353,1.0,3.0,success
1985,0.8561426997184753,0.11043653637170792,-0.00024773983750492334,0.03300044313073158,0.03300044313073158,1.0,3.0,success
1986,0.8551738858222961,0.11085662990808487,-0.00024772845790721476,0.032999154180288315,0.032999154180288315,1.0,-3.0,success
1987,0.8542060852050781,0.11127914488315582,-0.0002477288362570107,0.03300030902028084,0.03300030902028084,1.0,-3.0,success
1988,0.8532390594482422,0.11170341074466705,-0.0002477407397236675,0.03300006315112114,0.03300006315112114,1.0,3.0,success
1989,0.8522710800170898,0.11212547868490219,-0.0002477406233083457,0.03299984335899353,0.03299984335899353,1.0,3.0,success
1990,0.8513021469116211,0.11254534125328064,-0.0002477401867508888,0.03299970552325249,0.03299970552325249,1.0,3.0,success
1991,0.8503322601318359,0.11296302825212479,-0.00024773995392024517,0.033000100404024124,0.033000100404024124,1.0,3.0,success
1992,0.8493617177009583,0.11337918788194656,-0.00024772871984168887,0.03300007805228233,0.03300007805228233,1.0,-3.0,success
1993,0.8483921885490417,0.11379772424697876,-0.00024772927281446755,0.033000342547893524,0.033000342547893524,1.0,-3.0,success
1994,0.8474234342575073,0.11421796679496765,-0.0002477410016581416,0.032999299466609955,0.032999299466609955,1.0,3.0,success
1995,0.8464537262916565,0.11463599652051926,-0.0002477406815160066,0.03299920633435249,0.03299920633435249,1.0,3.0,success
1996,0.8454830050468445,0.11505179852247238,-0.00024774015764705837,0.03300081193447113,0.03300081193447113,1.0,3.0,success
1997,0.8445116281509399,0.11546602845191956,-0.00024772901087999344,0.03300034627318382,0.03300034627318382,1.0,-3.0,success
1998,0.8435412645339966,0.11588260531425476,-0.0002477296511642635,0.03300008550286293,0.03300008550286293,1.0,-3.0,success
1999,0.8425719141960144,0.1163015216588974,-0.00024773087352514267,0.032999925315380096,0.032999925315380096,1.0,-3.0,success
2000,0.8416032791137695,0.11672206223011017,-0.00024774210760369897,0.032999590039253235,0.032999586313962936,1.0,3.0,success
2001,0.8406336307525635,0.11714032292366028,-0.0002477412926964462,0.03300034999847412,0.03300034999847412,1.0,3.0,success
2002,0.839663028717041,0.11755631119012833,-0.0002477404195815325,0.032999683171510696,0.032999683171510696,1.0,3.0,success
2003,0.8386914730072021,0.1179700493812561,-0.00024773989571258426,0.03299946337938309,0.03299946337938309,1.0,3.0,success
2004,0.8377189636230469,0.11838158965110779,-0.0002477396046742797,0.03300005570054054,0.03300005570054054,1.0,3.0,success
2005,0.8367455005645752,0.11879093199968338,-0.00024773948825895786,0.03300081938505173,0.03300081938505173,1.0,3.0,success
2006,0.8357711434364319,0.11919811367988586,-0.00024773948825895786,0.033000484108924866,0.033000484108924866,1.0,3.0,success
2007,0.8347958922386169,0.11960313469171524,-0.0002477395464666188,0.03300030902028084,0.03300030902028084,1.0,3.0,success
2008,0.8338197469711304,0.1200060173869133,-0.00024773963377811015,0.03300056234002113,0.03300056234002113,1.0,3.0,success
2009,0.8328427672386169,0.12040676921606064,-0.00024773977929726243,0.03299934044480324,0.03299934044480324,1.0,3.0,success
2010,0.8318648338317871,0.12080539762973785,-0.00024773989571258426,0.03300181031227112,0.03300181031227112,1.0,3.0,success
2011,0.8308864235877991,0.12120253592729568,-0.0002477284870110452,0.032998066395521164,0.032998066395521164,1.0,-3.0,success
2012,0.8299089670181274,0.1216021254658699,-0.00024772886536084116,0.03299936652183533,0.03299936652183533,1.0,-3.0,success
2013,0.8289321660995483,0.122003473341465,-0.00024774076882749796,0.03300124406814575,0.03300124406814575,1.0,3.0,success
2014,0.8279545307159424,0.1224026158452034,-0.0002477406233083457,0.03299925476312637,0.03299925476312637,1.0,3.0,success
2015,0.82697594165802,0.12279953807592392,-0.0002477402158547193,0.033000703901052475,0.033000703901052475,1.0,3.0,success
2016,0.825996458530426,0.12319425493478775,-0.00024773995392024517,0.033000778406858444,0.033000778406858444,1.0,3.0,success
2017,0.8250161409378052,0.12358679622411728,-0.00024773983750492334,0.03299963101744652,0.03299963101744652,1.0,3.0,success
2018,0.8240349292755127,0.1239771619439125,-0.0002477398084010929,0.03300037607550621,0.03300037607550621,1.0,3.0,success
2019,0.8230528831481934,0.12436537444591522,-0.00024773983750492334,0.03299981355667114,0.03299981355667114,1.0,3.0,success
2020,0.8220699429512024,0.12475144863128662,-0.0002477399248164147,0.033001311123371124,0.033001311123371124,1.0,3.0,success
2021,0.8210862278938293,0.1251353770494461,-0.0002477400121279061,0.03299941122531891,0.03299941122531891,1.0,3.0,success
2022,0.8201016187667847,0.12551715970039368,-0.00024774009943939745,0.033001139760017395,0.033001139760017395,1.0,3.0,success
2023,0.8191162347793579,0.12589682638645172,-0.0002477402158547193,0.03299988433718681,0.03299988433718681,1.0,3.0,success
2024,0.8181303143501282,0.12627500295639038,-0.00024772871984168887,0.03299882262945175,0.03299882262945175,1.0,-3.0,success
2025,0.8171452879905701,0.12665565311908722,-0.00024772901087999344,0.03300052136182785,0.03300052136182785,1.0,-3.0,success
2026,0.8161609768867493,0.12703809142112732,-0.0002477408852428198,0.03299987316131592,0.03299987316131592,1.0,3.0,success
2027,0.8151757717132568,0.12741829454898834,-0.0002477407397236675,0.033000703901052475,0.033000703901052475,1.0,3.0,success
2028,0.8141897320747375,0.12779627740383148,-0.00024774030316621065,0.03300013393163681,0.03300013393163681,1.0,3.0,success
2029,0.8132028579711914,0.12817203998565674,-0.00024774004123173654,0.032999731600284576,0.032999731600284576,1.0,3.0,success
2030,0.8122151494026184,0.1285455971956253,-0.0002477399248164147,0.032999660819768906,0.032999660819768906,1.0,3.0,success
2031,0.8112266063690186,0.12891697883605957,-0.0002477398666087538,0.03300008177757263,0.03300008177757263,1.0,3.0,success
2032,0.8102372288703918,0.12928619980812073,-0.00024773989571258426,0.033000826835632324,0.033000826835632324,1.0,3.0,success
2033,0.8092470765113831,0.12965324521064758,-0.00024773995392024517,0.03299982100725174,0.03299982100725174,1.0,3.0,success
2034,0.8082560896873474,0.13001814484596252,-0.00024774004123173654,0.033001042902469635,0.033001042902469635,1.0,3.0,success
2035,0.8072646260261536,0.1303815394639969,-0.0002477286325301975,0.032998811453580856,0.032998811453580856,1.0,-3.0,success
2036,0.8062739968299866,0.13074740767478943,-0.0002477289526723325,0.03300102800130844,0.03300102800130844,1.0,-3.0,success
2037,0.8052840828895569,0.13111506402492523,-0.00024774085613898933,0.03299947828054428,0.03299947828054428,1.0,3.0,success
2038,0.8042933344841003,0.13148048520088196,-0.0002477406815160066,0.03299969062209129,0.03299969062209129,1.0,3.0,success
2039,0.8033017516136169,0.1318436563014984,-0.00024774024495854974,0.032999906688928604,0.032999906688928604,1.0,3.0,success
2040,0.8023095726966858,0.13220524787902832,-0.0002477290399838239,0.03300046548247337,0.03300046548247337,1.0,-3.0,success
2041,0.8013182878494263,0.13256923854351044,-0.00024772962206043303,0.03299998119473457,0.03299998119473457,1.0,-3.0,success
2042,0.8003276586532593,0.13293498754501343,-0.00024774123448878527,0.03299973905086517,0.03299973905086517,1.0,3.0,success
2043,0.7993361949920654,0.13329844176769257,-0.00024774085613898933,0.03299945220351219,0.03299945220351219,1.0,3.0,success
2044,0.7983438968658447,0.13365961611270905,-0.00024774024495854974,0.03299950435757637,0.03299950435757637,1.0,3.0,success
2045,0.7973507046699524,0.13401852548122406,-0.0002477398666087538,0.03300163522362709,0.03300163522362709,1.0,3.0,success
2046,0.7963567972183228,0.13437519967556,-0.00024773969198577106,0.03299899771809578,0.03299899771809578,1.0,3.0,success
2047,0.7953620553016663,0.13472966849803925,-0.00024773963377811015,0.03300034627318382,0.03300034627318382,1.0,3.0,success
2048,0.7943665385246277,0.1350819319486618,-0.00024773963377811015,0.03300010412931442,0.03300010412931442,1.0,3.0,success
2049,0.7933704853057861,0.1354326605796814,-0.00024772839969955385,0.032999951392412186,0.03299994766712189,1.0,-3.0,success
2050,0.7923753261566162,0.13578586280345917,-0.00024772886536084116,0.032999370247125626,0.032999370247125626,1.0,-3.0,success
2051,0.791380763053894,0.136140838265419,-0.0002477407397236675,0.0330004021525383,0.0330004021525383,1.0,3.0,success
2052,0.7903854250907898,0.13649354875087738,-0.00024774056510068476,0.03299950063228607,0.03299950063228607,1.0,3.0,success
2053,0.7893892526626587,0.1368439793586731,-0.00024774009943939745,0.03300036862492561,0.03300036862492561,1.0,3.0,success
2054,0.7883923053741455,0.13719217479228973,-0.00024773983750492334,0.03300011530518532,0.03300011530518532,1.0,3.0,success
2055,0.7873945236206055,0.1375381350517273,-0.0002477397210896015,0.03300178423523903,0.03300178423523903,1.0,3.0,success
2056,0.7863960862159729,0.13788188993930817,-0.00024773969198577106,0.032998647540807724,0.032998647540807724,1.0,3.0,success
2057,0.7853968143463135,0.13822343945503235,-0.0002477397210896015,0.03300095349550247,0.03300095349550247,1.0,3.0,success
2058,0.7843968272209167,0.13856279850006104,-0.0002477398084010929,0.03300003707408905,0.03300003707408905,1.0,3.0,success
2059,0.7833960652351379,0.13889998197555542,-0.00024773989571258426,0.03300120308995247,0.03300119936466217,1.0,3.0,success
2060,0.7823948860168457,0.13923564553260803,-0.0002477285161148757,0.032998427748680115,0.032998427748680115,1.0,-3.0,success
2061,0.7813944816589355,0.1395738124847412,-0.0002477288944646716,0.033000439405441284,0.033000439405441284,1.0,-3.0,success
2062,0.7803947329521179,0.13991378247737885,-0.0002477407979313284,0.03299912437796593,0.03299912437796593,1.0,3.0,success
2063,0.7793941497802734,0.1402515023946762,-0.00024774065241217613,0.033001262694597244,0.033001262694597244,1.0,3.0,success
2064,0.7783928513526917,0.14058692753314972,-0.0002477402158547193,0.032999590039253235,0.032999590039253235,1.0,3.0,success
2065,0.7773907780647278,0.14092010259628296,-0.00024773995392024517,0.03300030156970024,0.03300030156970024,1.0,3.0,success
2066,0.7763882279396057,0.14125171303749084,-0.00024772874894551933,0.032999057322740555,0.032999057322740555,1.0,-3.0,success
2067,0.7753864526748657,0.14158576726913452,-0.00024772927281446755,0.033000148832798004,0.033000148832798004,1.0,-3.0,success
2068,0.7743855118751526,0.141922265291214,-0.0002477304369676858,0.032999664545059204,0.032999664545059204,1.0,-3.0,success
2069,0.7733851075172424,0.14226046204566956,-0.0002477418165653944,0.03300073742866516,0.03300073742866516,1.0,3.0,success
2070,0.772383987903595,0.1425963193178177,-0.00024774117628112435,0.03299858793616295,0.03299858793616295,1.0,3.0,success
2071,0.7713820338249207,0.1429298371076584,-0.000247740390477702,0.033000148832798004,0.033000148832798004,1.0,3.0,success
2072,0.7703793048858643,0.14326106011867523,-0.00024773989571258426,0.03300056234002113,0.03300056234002113,1.0,3.0,success
2073,0.7693758010864258,0.14359000325202942,-0.00024773963377811015,0.03300129249691963,0.03300129249691963,1.0,3.0,success
2074,0.7683716416358948,0.14391669631004333,-0.0002477395464666188,0.0329989418387413,0.0329989418387413,1.0,3.0,success
2075,0.7673667073249817,0.14424115419387817,-0.0002477395464666188,0.033000439405441284,0.033000439405441284,1.0,3.0,success
2076,0.7663610577583313,0.14456340670585632,-0.00024773957557044923,0.03300061821937561,0.03300061821937561,1.0,3.0,success
2077,0.7653549313545227,0.1448841094970703,-0.00024772834149189293,0.03300006687641144,0.03300006687641144,1.0,-3.0,success
2078,0.764349639415741,0.14520730078220367,-0.00024772880715318024,0.0329989418387413,0.0329989418387413,1.0,-3.0,success
2079,0.7633448839187622,0.14553231000900269,-0.00024774071061983705,0.03300042077898979,0.03300042077898979,1.0,3.0,success
2080,0.7623394131660461,0.14585502445697784,-0.0002477405359968543,0.03299970552325249,0.03299970552325249,1.0,3.0,success
2081,0.761333167552948,0.14617542922496796,-0.00024774009943939745,0.03300078958272934,0.03300078958272934,1.0,3.0,success
2082,0.7603262662887573,0.1464935839176178,-0.00024773983750492334,0.03299906104803085,0.03299906104803085,1.0,3.0,success
2083,0.7593185901641846,0.14680947363376617,-0.0002477397210896015,0.03300090879201889,0.03300090879201889,1.0,3.0,success
2084,0.7583102583885193,0.14712314307689667,-0.00024773969198577106,0.032999783754348755,0.032999783754348755,1.0,3.0,success
2085,0.7573012113571167,0.14743459224700928,-0.000247739750193432,0.03300059959292412,0.03300059959292412,1.0,3.0,success
2086,0.7562915086746216,0.147743821144104,-0.0002477398084010929,0.03299979120492935,0.03299979120492935,1.0,3.0,success
2087,0.7552810907363892,0.14805085957050323,-0.00024773989571258426,0.03300119936466217,0.03300119563937187,1.0,3.0,success
2088,0.7542702555656433,0.1483563631772995,-0.00024772854521870613,0.03299976512789726,0.03299976512789726,1.0,-3.0,success
2089,0.7532601952552795,0.14866439998149872,-0.0002477288944646716,0.032999590039253235,0.032999590039253235,1.0,-3.0,success
2090,0.7522509098052979,0.14897491037845612,-0.0002477299713063985,0.032999079674482346,0.032999079674482346,1.0,-3.0,success
2091,0.7512421607971191,0.1492871791124344,-0.00024774152552708983,0.03299926221370697,0.03299925848841667,1.0,3.0,success
2092,0.7502328753471375,0.14959779381752014,-0.00024773087352514267,0.03300003707408905,0.03300003707408905,1.0,-3.0,success
2093,0.749224066734314,0.1499100923538208,-0.0002477418165653944,0.03300131484866142,0.03300131484866142,1.0,3.0,success
2094,0.748214840888977,0.15022070705890656,-0.0002477311063557863,0.032998256385326385,0.032998256385326385,1.0,-3.0,success
2095,0.7472062706947327,0.15053370594978333,-0.00024773168843239546,0.033000681549310684,0.033000681549310684,1.0,-3.0,success
2096,0.7461984157562256,0.15084904432296753,-0.00024773276527412236,0.033001091331243515,0.033001091331243515,1.0,-3.0,success
2097,0.7451911568641663,0.15116602182388306,-0.00024774347548373044,0.03299865126609802,0.03299865126609802,1.0,3.0,success
2098,0.7441831231117249,0.15148060023784637,-0.00024774225312285125,0.032999344170093536,0.032999344170093536,1.0,3.0,success
2099,0.7431743144989014,0.1517927646636963,-0.0002477410598658025,0.03300007805228233,0.03300007805228233,1.0,3.0,success
2100,0.7421647906303406,0.15210257470607758,-0.00024774030316621065,0.03299977257847786,0.03299977257847786,1.0,3.0,success
2101,0.7411544919013977,0.15241007506847382,-0.0002477398666087538,0.03300183266401291,0.03300183266401291,1.0,3.0,success
2102,0.7401435971260071,0.1527152806520462,-0.00024773963377811015,0.03299885615706444,0.03299885615706444,1.0,3.0,success
2103,0.7391321659088135,0.15301889181137085,-0.0002477285161148757,0.03300054371356964,0.03300054371356964,1.0,-3.0,success
2104,0.738121509552002,0.15332497656345367,-0.00024772912729531527,0.0329996757209301,0.0329996757209301,1.0,-3.0,success
2105,0.7371113896369934,0.15363281965255737,-0.0002477408852428198,0.03299960866570473,0.03299960866570473,1.0,3.0,success
2106,0.7361005544662476,0.15393835306167603,-0.0002477405942045152,0.03300003334879875,0.03300003334879875,1.0,3.0,success
2107,0.7350890040397644,0.15424156188964844,-0.000247740070335567,0.03300049901008606,0.03300049901008606,1.0,3.0,success
2108,0.7340767979621887,0.154542475938797,-0.00024773977929726243,0.03299961984157562,0.03299961984157562,1.0,3.0,success
2109,0.7330638766288757,0.1548411101102829,-0.00024773963377811015,0.033000823110342026,0.033000823110342026,1.0,3.0,success
2110,0.7320502996444702,0.15513749420642853,-0.00024773957557044923,0.03300067409873009,0.03300067409873009,1.0,3.0,success
2111,0.7310361266136169,0.1554316282272339,-0.00024773963377811015,0.03299890086054802,0.03299890086054802,1.0,3.0,success
2112,0.7300212383270264,0.15572355687618256,-0.00024773969198577106,0.03300125151872635,0.03300125151872635,1.0,3.0,success
2113,0.7290059924125671,0.15601392090320587,-0.00024772839969955385,0.03299851343035698,0.03299851343035698,1.0,-3.0,success
2114,0.7279914021492004,0.15630681812763214,-0.0002477288362570107,0.033000681549310684,0.033000681549310684,1.0,-3.0,success
2115,0.7269773483276367,0.15660153329372406,-0.0002477407397236675,0.033000387251377106,0.03300038352608681,1.0,3.0,success
2116,0.7259626388549805,0.15689393877983093,-0.0002477405942045152,0.033000003546476364,0.033000003546476364,1.0,3.0,success
2117,0.7249472737312317,0.15718403458595276,-0.00024774015764705837,0.03299979120492935,0.03299979120492935,1.0,3.0,success
2118,0.7239312529563904,0.15747185051441193,-0.00024773989571258426,0.033000003546476364,0.033000003546476364,1.0,3.0,success
2119,0.7229145765304565,0.15775740146636963,-0.00024773977929726243,0.033000506460666656,0.033000506460666656,1.0,3.0,success
2120,0.721897304058075,0.15804068744182587,-0.000247739750193432,0.03299938142299652,0.03299938142299652,1.0,3.0,success
2121,0.7208793759346008,0.15832175314426422,-0.00024773977929726243,0.033000584691762924,0.033000584691762924,1.0,3.0,success
2122,0.719860851764679,0.1586005836725235,-0.00024773983750492334,0.03300002962350845,0.03300002962350845,1.0,3.0,success
2123,0.7188419103622437,0.15887786448001862,-0.0002477285161148757,0.032999858260154724,0.032999854534864426,1.0,-3.0,success
2124,0.7178236842155457,0.1591576784849167,-0.0002477288944646716,0.032999176532030106,0.032999176532030106,1.0,-3.0,success
2125,0.7168059349060059,0.1594393402338028,-0.0002477407979313284,0.0330001600086689,0.0330001600086689,1.0,3.0,success
2126,0.7157875299453735,0.15971867740154266,-0.00024774065241217613,0.03300062194466591,0.03300062194466591,1.0,3.0,success
2127,0.7147685289382935,0.15999570488929749,-0.0002477401867508888,0.03299957141280174,0.03299957141280174,1.0,3.0,success
2128,0.7137488722801208,0.16027043759822845,-0.0002477399248164147,0.03300061821937561,0.03300061821937561,1.0,3.0,success
2129,0.7127286195755005,0.16054289042949677,-0.0002477398084010929,0.033000148832798004,0.033000148832798004,1.0,3.0,success
2130,0.7117077708244324,0.1608130931854248,-0.000247739750193432,0.03300008550286293,0.03300008550286293,1.0,3.0,success
2131,0.7106863260269165,0.16108104586601257,-0.00024773977929726243,0.03300017863512039,0.03300017863512039,1.0,3.0,success
2132,0.7096644639968872,0.161347433924675,-0.0002477284870110452,0.03300042077898979,0.03300042077898979,1.0,-3.0,success
2133,0.7086433172225952,0.16161637008190155,-0.00024772892356850207,0.032998982816934586,0.032998982816934586,1.0,-3.0,success
2134,0.7076226472854614,0.16188713908195496,-0.0002477407979313284,0.03299921378493309,0.03299921378493309,1.0,3.0,success
2135,0.7066013216972351,0.16215558350086212,-0.0002477406233083457,0.03300048038363457,0.03300048038363457,1.0,3.0,success
2136,0.705579400062561,0.16242168843746185,-0.00024774015764705837,0.03299999609589577,0.03299999609589577,1.0,3.0,success
2137,0.7045568823814392,0.16268549859523773,-0.00024773989571258426,0.03300002962350845,0.03300002962350845,1.0,3.0,success
2138,0.7035337686538696,0.16294702887535095,-0.000247739750193432,0.03300034999847412,0.03300034999847412,1.0,3.0,success
2139,0.7025100588798523,0.1632062941789627,-0.0002477397210896015,0.03300094977021217,0.03300094977021217,1.0,3.0,success
2140,0.7014859914779663,0.16346397995948792,-0.0002477284870110452,0.03299970552325249,0.03299970552325249,1.0,-3.0,success
2141,0.7004625797271729,0.16372418403625488,-0.000247728981776163,0.03299913555383682,0.03299913555383682,1.0,-3.0,success
2142,0.6994397640228271,0.1639869064092636,-0.0002477301168255508,0.03300057724118233,0.03300057724118233,1.0,-3.0,success
2143,0.698417603969574,0.16425207257270813,-0.0002477313100825995,0.03299982473254204,0.03299982473254204,1.0,-3.0,success
2144,0.697395920753479,0.16451893746852875,-0.000247742427745834,0.03299877792596817,0.03299877792596817,1.0,3.0,success
2145,0.6963735818862915,0.16478338837623596,-0.0002477415546309203,0.03299962729215622,0.03299962729215622,1.0,3.0,success
2146,0.6953505873680115,0.16504542529582977,-0.0002477405942045152,0.03300066664814949,0.03300066664814949,1.0,3.0,success
2147,0.6943269968032837,0.16530509293079376,-0.00024773998302407563,0.03300042822957039,0.03300042822957039,1.0,3.0,success
2148,0.6933028101921082,0.1655624359846115,-0.00024773963377811015,0.033000703901052475,0.033000703901052475,1.0,3.0,success
2149,0.6922780871391296,0.16581745445728302,-0.00024773948825895786,0.032999344170093536,0.032999344170093536,1.0,3.0,success
2150,0.6912529468536377,0.1660708785057068,-0.00024772839969955385,0.033000003546476364,0.033000003546476364,1.0,-3.0,success
2151,0.6902284622192383,0.16632680594921112,-0.00024772901087999344,0.032998986542224884,0.032998986542224884,1.0,-3.0,success
2152,0.6892043948173523,0.1665845364332199,-0.0002477407979313284,0.03300004079937935,0.03300004079937935,1.0,3.0,success
2153,0.6881797313690186,0.16683992743492126,-0.0002477405359968543,0.03300034999847412,0.03300034999847412,1.0,3.0,success
2154,0.6871544718742371,0.167092964053154,-0.0002477400121279061,0.03300071507692337,0.03300071507692337,1.0,3.0,success
2155,0.6861286759376526,0.16734366118907928,-0.0002477397210896015,0.03299956023693085,0.03299956023693085,1.0,3.0,success
2156,0.6851022839546204,0.16759206354618073,-0.0002477395464666188,0.03300071135163307,0.03300071135163307,1.0,3.0,success
2157,0.6840753555297852,0.1678381860256195,-0.0002477395173627883,0.03300033137202263,0.03300033137202263,1.0,3.0,success
2158,0.683047890663147,0.16808204352855682,-0.0002477395464666188,0.03300021216273308,0.03300021216273308,1.0,3.0,success
2159,0.6820200681686401,0.1683243364095688,-0.00024772834149189293,0.03299983590841293,0.03299983590841293,1.0,-3.0,success
2160,0.680992841720581,0.1685691624879837,-0.0002477288362570107,0.03299997001886368,0.03299997001886368,1.0,-3.0,success
2161,0.6799660921096802,0.16881582140922546,-0.00024774071061983705,0.03299880400300026,0.03299880400300026,1.0,3.0,success
2162,0.6789387464523315,0.16906015574932098,-0.0002477405359968543,0.03300002962350845,0.03300002962350845,1.0,3.0,success
2163,0.6779108047485352,0.16930213570594788,-0.000247740070335567,0.03300121799111366,0.03300121799111366,1.0,3.0,success
2164,0.6768823862075806,0.16954180598258972,-0.00024773977929726243,0.03299926593899727,0.03299926593899727,1.0,3.0,success
2165,0.6758533716201782,0.16977916657924652,-0.00024773963377811015,0.03300110995769501,0.03300110995769501,1.0,3.0,success
2166,0.6748238801956177,0.17001426219940186,-0.0002477396046742797,0.03299979865550995,0.03299979865550995,1.0,3.0,success
2167,0.6737938523292542,0.17024707794189453,-0.0002477396046742797,0.033000361174345016,0.033000361174345016,1.0,3.0,success
2168,0.6727635264396667,0.17047832906246185,-0.00024772839969955385,0.0329987034201622,0.0329987034201622,1.0,-3.0,success
2169,0.6717337369918823,0.17071212828159332,-0.00024772886536084116,0.03299988433718681,0.03299988433718681,1.0,-3.0,success
2170,0.6707043647766113,0.17094777524471283,-0.0002477407397236675,0.03300001099705696,0.03300001099705696,1.0,3.0,success
2171,0.6696744561195374,0.1711810976266861,-0.00024774056510068476,0.033000219613313675,0.033000219613313675,1.0,3.0,success
2172,0.6686440110206604,0.17141205072402954,-0.00024774009943939745,0.03300030156970024,0.03300030156970024,1.0,3.0,success
2173,0.6676130294799805,0.17164069414138794,-0.0002477398084010929,0.03300095722079277,0.03300095722079277,1.0,3.0,success
2174,0.6665815711021423,0.1718670278787613,-0.0002477396628819406,0.03299995884299278,0.03299995884299278,1.0,3.0,success
2175,0.665549635887146,0.17209108173847198,-0.0002477396046742797,0.032999325543642044,0.032999325543642044,1.0,3.0,success
2176,0.6645171642303467,0.17231285572052002,-0.0002477396046742797,0.03300066664814949,0.03300066664814949,1.0,3.0,success
2177,0.6634843945503235,0.1725330650806427,-0.00024772839969955385,0.03299954906105995,0.03299954906105995,1.0,-3.0,success
2178,0.6624521613121033,0.17275582253932953,-0.00024772886536084116,0.032999858260154724,0.032999858260154724,1.0,-3.0,success
2179,0.6614203453063965,0.1729804426431656,-0.0002477407397236675,0.032999441027641296,0.032999441027641296,1.0,3.0,success
2180,0.6603879928588867,0.17320270836353302,-0.00024774056510068476,0.03300026059150696,0.03300026059150696,1.0,3.0,success
2181,0.659355103969574,0.17342263460159302,-0.000247740070335567,0.03300134465098381,0.03300134465098381,1.0,3.0,success
2182,0.6583217978477478,0.17364022135734558,-0.00024773977929726243,0.0329989530146122,0.0329989530146122,1.0,3.0,success
2183,0.6572879552841187,0.1738554984331131,-0.00024773963377811015,0.03300056979060173,0.03300056979060173,1.0,3.0,success
2184,0.6562536358833313,0.17406849563121796,-0.00024773957557044923,0.03300071507692337,0.03300071507692337,1.0,3.0,success
2185,0.6552190184593201,0.17427988350391388,-0.00024772839969955385,0.032999731600284576,0.032999731600284576,1.0,-3.0,success
2186,0.6541849374771118,0.17449384927749634,-0.0002477289526723325,0.032999537885189056,0.032999537885189056,1.0,-3.0,success
2187,0.6531512141227722,0.17470964789390564,-0.00024774076882749796,0.03300024941563606,0.03300024941563606,1.0,3.0,success
2188,0.6521170139312744,0.1749230921268463,-0.00024774056510068476,0.03299988433718681,0.03299988433718681,1.0,3.0,success
2189,0.6510823369026184,0.17513416707515717,-0.00024774004123173654,0.03299960121512413,0.03299960121512413,1.0,3.0,success
2190,0.6500471830368042,0.17534291744232178,-0.000247739750193432,0.03299976512789726,0.03299976512789726,1.0,3.0,success
2191,0.649011492729187,0.17554935812950134,-0.00024773957557044923,0.033002015203237534,0.033002015203237534,1.0,3.0,success
2192,0.6479755640029907,0.17575417459011078,-0.00024772845790721476,0.0329994335770607,0.0329994335770607,1.0,-3.0,success
2193,0.6469401717185974,0.17596153914928436,-0.0002477290399838239,0.03299853950738907,0.03299853950738907,1.0,-3.0,success
2194,0.645905077457428,0.1761707365512848,-0.00024774085613898933,0.033000703901052475,0.033000703901052475,1.0,3.0,success
2195,0.6448695659637451,0.1763775795698166,-0.00024774056510068476,0.03299899026751518,0.03299899026751518,1.0,3.0,success
2196,0.6438335180282593,0.17658203840255737,-0.00024774004123173654,0.03300092741847038,0.03300092741847038,1.0,3.0,success
2197,0.6427971720695496,0.17678482830524445,-0.000247728981776163,0.03300001099705696,0.03300001099705696,1.0,-3.0,success
2198,0.6417613625526428,0.17699013650417328,-0.00024772962206043303,0.032998766750097275,0.032998766750097275,1.0,-3.0,success
2199,0.6407259702682495,0.17719793319702148,-0.0002477308444213122,0.033001191914081573,0.033001191914081573,1.0,-3.0,success
2200,0.6396909952163696,0.17740747332572937,-0.00024774210760369897,0.032999176532030106,0.032999176532030106,1.0,3.0,success
2201,0.6386554837226868,0.17761458456516266,-0.00024774132180027664,0.0330006368458271,0.0330006368458271,1.0,3.0,success
2202,0.6376194953918457,0.17781926691532135,-0.0002477404195815325,0.03300045430660248,0.03300045430660248,1.0,3.0,success
2203,0.6365830898284912,0.17802155017852783,-0.00024773983750492334,0.03299879655241966,0.03299879655241966,1.0,3.0,success
2204,0.6355463266372681,0.1782221645116806,-0.0002477288362570107,0.03299982100725174,0.03299982100725174,1.0,-3.0,success
2205,0.6345100402832031,0.17842528223991394,-0.0002477295638527721,0.0330001525580883,0.0330001525580883,1.0,-3.0,success
2206,0.6334741115570068,0.17863018810749054,-0.00024774117628112435,0.032999977469444275,0.032999977469444275,1.0,3.0,success
2207,0.6324377059936523,0.17883270978927612,-0.00024774071061983705,0.03300022706389427,0.03300022706389427,1.0,3.0,success
2208,0.6314008235931396,0.1790328174829483,-0.000247740070335567,0.03300047665834427,0.03300047665834427,1.0,3.0,success
2209,0.6303635239601135,0.17923057079315186,-0.0002477396628819406,0.032999418675899506,0.032999418675899506,1.0,3.0,success
2210,0.6293258666992188,0.1794266551733017,-0.0002477286325301975,0.03300067409873009,0.03300067409873009,1.0,-3.0,success
2211,0.628288745880127,0.1796252727508545,-0.00024772933102212846,0.03299900144338608,0.03299900144338608,1.0,-3.0,success
2212,0.6272520422935486,0.17982637882232666,-0.0002477305824868381,0.03300091624259949,0.03300091624259949,1.0,-3.0,success
2213,0.6262157559394836,0.1800292432308197,-0.00024774190387688577,0.03299862891435623,0.03299862891435623,1.0,3.0,success
2214,0.6251789331436157,0.18022967875003815,-0.00024774117628112435,0.03300058841705322,0.03300058841705322,1.0,3.0,success
2215,0.6241416335105896,0.180427685379982,-0.00024774030316621065,0.03300090506672859,0.03300090506672859,1.0,3.0,success
2216,0.62310391664505,0.18062329292297363,-0.00024773977929726243,0.03299973905086517,0.03299973905086517,1.0,3.0,success
2217,0.6220659017562866,0.18081723153591156,-0.0002477287780493498,0.032999273389577866,0.032999273389577866,1.0,-3.0,success
2218,0.6210283637046814,0.18101368844509125,-0.0002477295056451112,0.032999176532030106,0.032999176532030106,1.0,-3.0,success
2219,0.6199911236763,0.1812119334936142,-0.00024774111807346344,0.03300047293305397,0.03300047293305397,1.0,3.0,success
2220,0.6189534068107605,0.18140777945518494,-0.0002477406815160066,0.0330011211335659,0.0330011211335659,1.0,3.0,success
2221,0.6179152727127075,0.18160122632980347,-0.00024774004123173654,0.033000119030475616,0.033000119030475616,1.0,3.0,success
2222,0.6168767213821411,0.18179230391979218,-0.00024773963377811015,0.03299945965409279,0.03299945965409279,1.0,3.0,success
2223,0.6158376932144165,0.18198104202747345,-0.00024773943005129695,0.033000968396663666,0.033000968396663666,1.0,3.0,success
2224,0.6147984266281128,0.1821681410074234,-0.00024772839969955385,0.0329991839826107,0.0329991839826107,1.0,-3.0,success
2225,0.6137596368789673,0.1823577880859375,-0.0002477290399838239,0.03299872577190399,0.03299872577190399,1.0,-3.0,success
2226,0.6127212643623352,0.18254996836185455,-0.00024773029144853354,0.033000215888023376,0.033000215888023376,1.0,-3.0,success
2227,0.611683189868927,0.1827438920736313,-0.0002477417001500726,0.033001020550727844,0.033001020550727844,1.0,3.0,success
2228,0.6106446981430054,0.18293540179729462,-0.00024774103076197207,0.033000070601701736,0.033000070601701736,1.0,3.0,success
2229,0.6096057891845703,0.18312449753284454,-0.00024774024495854974,0.03299930319190025,0.03299930319190025,1.0,3.0,success
2230,0.608566403388977,0.18331117928028107,-0.000247739750193432,0.03300054371356964,0.03300054371356964,1.0,3.0,success
2231,0.6075267791748047,0.18349620699882507,-0.00024772874894551933,0.03299878537654877,0.03299878165125847,1.0,-3.0,success
2232,0.6064875721931458,0.18368375301361084,-0.0002477294474374503,0.032999832183122635,0.032999832183122635,1.0,-3.0,success
2233,0.6054486632347107,0.18387310206890106,-0.000247741088969633,0.03300072252750397,0.03300072252750397,1.0,3.0,success
2234,0.6044093370437622,0.18406005203723907,-0.0002477406815160066,0.033000193536281586,0.033000193536281586,1.0,3.0,success
2235,0.6033695936203003,0.18424458801746368,-0.00024774004123173654,0.032999757677316666,0.032999757677316666,1.0,3.0,success
2236,0.602329432964325,0.18442675471305847,-0.00024773963377811015,0.03299974650144577,0.03299974650144577,1.0,3.0,success
2237,0.6012888550758362,0.18460659682750702,-0.00024773943005129695,0.03300014138221741,0.03300014138221741,1.0,3.0,success
2238,0.6002479791641235,0.18478478491306305,-0.00024772839969955385,0.033000554889440536,0.033000554889440536,1.0,-3.0,success
2239,0.5992075800895691,0.18496552109718323,-0.0002477290399838239,0.03299940377473831,0.03299940377473831,1.0,-3.0,success
2240,0.5981674790382385,0.18514810502529144,-0.00024774082703515887,0.0330001637339592,0.0330001637339592,1.0,3.0,success
2241,0.5971269607543945,0.18532828986644745,-0.00024774050689302385,0.03300013020634651,0.03300013020634651,1.0,3.0,success
2242,0.5960860252380371,0.18550609052181244,-0.00024773995392024517,0.03300034999847412,0.03300034999847412,1.0,3.0,success
2243,0.5950448513031006,0.18568222224712372,-0.0002477289526723325,0.0329989530146122,0.0329989530146122,1.0,-3.0,success
2244,0.5940040349960327,0.18586087226867676,-0.00024772962206043303,0.03300115838646889,0.03300115838646889,1.0,-3.0,success
2245,0.5929635763168335,0.18604132533073425,-0.0002477412053849548,0.03299972414970398,0.03299972414970398,1.0,3.0,success
2246,0.5919227004051208,0.18621936440467834,-0.00024774076882749796,0.03299977257847786,0.03299977257847786,1.0,3.0,success
2247,0.5908814072608948,0.18639500439167023,-0.00024774009943939745,0.03300006687641144,0.03300006687641144,1.0,3.0,success
2248,0.5898396968841553,0.1865682601928711,-0.00024773969198577106,0.03300062194466591,0.03300062194466591,1.0,3.0,success
2249,0.5887976288795471,0.18673917651176453,-0.0002477394591551274,0.032999731600284576,0.032999731600284576,1.0,3.0,success
2250,0.5877553224563599,0.18690845370292664,-0.0002477284288033843,0.03299883380532265,0.03299883380532265,1.0,-3.0,success
2251,0.5867132544517517,0.18707959353923798,-0.000247740070335567,0.03300086408853531,0.03300086408853531,1.0,3.0,success
2252,0.5856708288192749,0.18724840879440308,-0.00024774009943939745,0.03300020098686218,0.03300020098686218,1.0,3.0,success
2253,0.584628164768219,0.18741555511951447,-0.0002477290399838239,0.03299925848841667,0.03299925848841667,1.0,-3.0,success
2254,0.5835857391357422,0.1875845491886139,-0.00024774050689302385,0.03300109878182411,0.03300109878182411,1.0,3.0,success
2255,0.5825430154800415,0.1877511888742447,-0.000247740390477702,0.032998599112033844,0.032998599112033844,1.0,3.0,success
2256,0.5814998149871826,0.18791547417640686,-0.00024773998302407563,0.03300178796052933,0.03300178796052933,1.0,3.0,success
2257,0.5804563164710999,0.1880774199962616,-0.000247739750193432,0.03299969807267189,0.03299969807267189,1.0,3.0,success
2258,0.579412579536438,0.188237726688385,-0.0002477286325301975,0.032999247312545776,0.032999247312545776,1.0,-3.0,success
2259,0.5783692002296448,0.18840061128139496,-0.00024772921460680664,0.03300052881240845,0.03300052881240845,1.0,-3.0,success
2260,0.577326238155365,0.18856601417064667,-0.0002477303787600249,0.032999880611896515,0.032999880611896515,1.0,-3.0,success
2261,0.5762835741043091,0.18873322010040283,-0.00024774178746156394,0.03299956023693085,0.03299956023693085,1.0,3.0,success
2262,0.5752406120300293,0.18889866769313812,-0.00024773116456344724,0.033000100404024124,0.033000100404024124,1.0,-3.0,success
2263,0.5741979479789734,0.1890658438205719,-0.0002477420202922076,0.03299940750002861,0.03299940750002861,1.0,3.0,success
2264,0.5731549859046936,0.1892312914133072,-0.0002477313100825995,0.033000100404024124,0.033000100404024124,1.0,-3.0,success
2265,0.5721124410629272,0.18939915299415588,-0.00024773189215920866,0.032999128103256226,0.032999128103256226,1.0,-3.0,success
2266,0.5710702538490295,0.18956945836544037,-0.0002477329398971051,0.03300032764673233,0.03300032764673233,1.0,-3.0,success
2267,0.5700284242630005,0.18974213302135468,-0.0002477339585311711,0.03300132229924202,0.03300132229924202,1.0,-3.0,success
2268,0.5689870119094849,0.1899171769618988,-0.00024773486074991524,0.033000651746988297,0.033000651746988297,1.0,-3.0,success
2269,0.5679460167884827,0.19009453058242798,-0.00024773567565716803,0.03299983963370323,0.03299983963370323,1.0,-3.0,success
2270,0.5669053792953491,0.1902742087841034,-0.00024773640325292945,0.03300110250711441,0.03300110250711441,1.0,-3.0,success
2271,0.565865159034729,0.19045616686344147,-0.0002477370435371995,0.033000458031892776,0.033000458031892776,1.0,-3.0,success
2272,0.5648253560066223,0.1906404048204422,-0.0002477375674061477,0.03299997001886368,0.03299997001886368,1.0,-3.0,success
2273,0.563785970211029,0.1908269077539444,-0.0002477380621712655,0.03299956023693085,0.03299956023693085,1.0,-3.0,success
2274,0.5627469420433044,0.19101566076278687,-0.0002477384405210614,0.03300105407834053,0.03300105407834053,1.0,-3.0,success
2275,0.5617083311080933,0.1912066638469696,-0.0002477387897670269,0.03300086781382561,0.03300086781382561,1.0,-3.0,success
2276,0.5606701374053955,0.19139990210533142,-0.00024773908080533147,0.03300075605511665,0.03300075605511665,1.0,-3.0,success
2277,0.559632420539856,0.1915953904390335,-0.0002477393136359751,0.032999053597450256,0.032999053597450256,1.0,-3.0,success
2278,0.5585950613021851,0.19179309904575348,-0.0002477395173627883,0.03300098702311516,0.03300098702311516,1.0,-3.0,success
2279,0.5575581192970276,0.19199304282665253,-0.00024773969198577106,0.033001333475112915,0.033001333475112915,1.0,-3.0,success
2280,0.5565216541290283,0.19219522178173065,-0.00024773983750492334,0.033000003546476364,0.033000003546476364,1.0,-3.0,success
2281,0.5554856061935425,0.19239962100982666,-0.00024773995392024517,0.03300056606531143,0.03300056606531143,1.0,-3.0,success
2282,0.5544500350952148,0.19260622560977936,-0.000247740070335567,0.03299936279654503,0.03299936279654503,1.0,-3.0,success
2283,0.5534148812294006,0.19281506538391113,-0.00024774015764705837,0.03300032019615173,0.03300032019615173,1.0,-3.0,success
2284,0.5523801445960999,0.1930261254310608,-0.0002477402158547193,0.033001333475112915,0.033001333475112915,1.0,-3.0,success
2285,0.5513458847999573,0.19323940575122833,-0.0002477402740623802,0.03300067409873009,0.03300067409873009,1.0,-3.0,success
2286,0.5503121018409729,0.19345489144325256,-0.0002477403322700411,0.03300007805228233,0.03300007805228233,1.0,-3.0,success
2287,0.5492787957191467,0.19367258250713348,-0.00024774036137387156,0.03299962729215622,0.03299962729215622,1.0,-3.0,success
2288,0.548245906829834,0.19389250874519348,-0.000247740390477702,0.03300134465098381,0.03300134465098381,1.0,-3.0,success
2289,0.5472134947776794,0.19411462545394897,-0.0002477404195815325,0.03300110250711441,0.03300110250711441,1.0,-3.0,success
2290,0.5461816191673279,0.19433896243572235,-0.00024774044868536294,0.03299938514828682,0.03299938514828682,1.0,-3.0,success
2291,0.5451501607894897,0.1945655196905136,-0.0002477404777891934,0.033001456409692764,0.033001456409692764,1.0,-3.0,success
2292,0.5441398620605469,0.19478905200958252,-0.00024371875042561442,0.032335616648197174,0.032335374504327774,1.0,-3.0,success
2293,0.5431093573570251,0.1950194239616394,-0.0002442092227283865,0.032998159527778625,0.03299815580248833,1.0,-3.0,success
2294,0.5420793294906616,0.1952521800994873,-0.0002449002058710903,0.03299995884299278,0.032999951392412186,1.0,-3.0,success
2295,0.5410498380661011,0.19548727571964264,-0.0002454678469803184,0.03299980238080025,0.03299979865550995,1.0,-3.0,success
2296,0.5400208830833435,0.19572468101978302,-0.0002459226525388658,0.032999612390995026,0.03299960866570473,1.0,-3.0,success
2297,0.5389924049377441,0.19596436619758606,-0.00024628647952340543,0.033001188188791275,0.033001188188791275,1.0,-3.0,success
2298,0.5379645228385925,0.19620633125305176,-0.0002465774887241423,0.032999299466609955,0.032999299466609955,1.0,-3.0,success
2299,0.5369371175765991,0.19645054638385773,-0.0002468102902639657,0.03300098329782486,0.03300098329782486,1.0,-3.0,success
2300,0.5359102487564087,0.19669701159000397,-0.00024699646746739745,0.03300101310014725,0.03300101310014725,1.0,-3.0,success
2301,0.534883975982666,0.1969456970691681,-0.00024714539176784456,0.03299917280673981,0.03299917280673981,1.0,-3.0,success
2302,0.5338581800460815,0.1971966177225113,-0.00024726451374590397,0.03300121799111366,0.03300121799111366,1.0,-3.0,success
2303,0.5328329801559448,0.19744974374771118,-0.0002473597996868193,0.03299957513809204,0.03299957513809204,1.0,-3.0,success
2304,0.5318083167076111,0.19770509004592896,-0.0002474360226187855,0.03300001472234726,0.03300001472234726,1.0,-3.0,success
2305,0.5307841897010803,0.19796262681484222,-0.00024749699514359236,0.03300037235021591,0.03300037235021591,1.0,-3.0,success
2306,0.5297605991363525,0.19822238385677338,-0.00024754577316343784,0.033001113682985306,0.033001113682985306,1.0,-3.0,success
2307,0.5287376046180725,0.19848433136940002,-0.00024758477229624987,0.032999973744153976,0.032999973744153976,1.0,-3.0,success
2308,0.5277151465415955,0.19874846935272217,-0.0002476159716024995,0.03300078958272934,0.03300078958272934,1.0,-3.0,success
2309,0.5266932845115662,0.1990147978067398,-0.00024764094268903136,0.032999951392412186,0.032999951392412186,1.0,-3.0,success
2310,0.5256719589233398,0.19928333163261414,-0.0002476609079167247,0.033001188188791275,0.033001188188791275,1.0,-3.0,success
2311,0.5246512293815613,0.19955404102802277,-0.00024767685681581497,0.033000536262989044,0.033000536262989044,1.0,-3.0,success
2312,0.5236310958862305,0.19982695579528809,-0.0002476896333973855,0.03300027921795845,0.03300027921795845,1.0,-3.0,success
2313,0.5226115584373474,0.2001020461320877,-0.0002476998488418758,0.032999929040670395,0.032999929040670395,1.0,-3.0,success
2314,0.5215925574302673,0.20037931203842163,-0.00024770802701823413,0.033001530915498734,0.033001530915498734,1.0,-3.0,success
2315,0.5205742120742798,0.20065876841545105,-0.0002477145753800869,0.032999809831380844,0.032999806106090546,1.0,-3.0,success
2316,0.51955646276474,0.20094040036201477,-0.0002477198140695691,0.0329999104142189,0.0329999104142189,1.0,-3.0,success
2317,0.518539309501648,0.2012242078781128,-0.0002477239759173244,0.033000171184539795,0.033000171184539795,1.0,-3.0,success
2318,0.5175227522850037,0.2015102058649063,-0.0002477273519616574,0.033000700175762177,0.033000700175762177,1.0,-3.0,success
2319,0.5165067911148071,0.20179837942123413,-0.0002477300295140594,0.033001258969306946,0.033001258969306946,1.0,-3.0,success
2320,0.5154914855957031,0.20208871364593506,-0.00024773215409368277,0.03300004452466965,0.03300004452466965,1.0,-3.0,success
2321,0.5144767761230469,0.20238123834133148,-0.0002477338712196797,0.03300103545188904,0.03300103545188904,1.0,-3.0,success
2322,0.5134627223014832,0.202675923705101,-0.00024773526820354164,0.03300012648105621,0.03300012648105621,1.0,-3.0,success
2323,0.512449324131012,0.20297278463840485,-0.00024773634504526854,0.03299950063228607,0.03299950063228607,1.0,-3.0,success
2324,0.5114365220069885,0.2032718062400818,-0.0002477372472640127,0.033000677824020386,0.033000677824020386,1.0,-3.0,success
2325,0.5104243755340576,0.20357300341129303,-0.00024773794575594366,0.03300035372376442,0.03300035372376442,1.0,-3.0,success
2326,0.5094128847122192,0.20387636125087738,-0.00024773849872872233,0.033000051975250244,0.033000051975250244,1.0,-3.0,success
2327,0.5084019899368286,0.20418189465999603,-0.00024773896439000964,0.033001817762851715,0.033001817762851715,1.0,-3.0,success
2328,0.5073918104171753,0.2044895887374878,-0.0002477393427398056,0.03300002962350845,0.03300002962350845,1.0,-3.0,success
2329,0.5063822865486145,0.20479944348335266,-0.00024773963377811015,0.03300018608570099,0.03300018608570099,1.0,-3.0,success
2330,0.5053734183311462,0.20511145889759064,-0.0002477398666087538,0.033000484108924866,0.033000484108924866,1.0,-3.0,success
2331,0.5043652057647705,0.20542563498020172,-0.00024774004123173654,0.03300093486905098,0.03300093486905098,1.0,-3.0,success
2332,0.5033577084541321,0.20574195683002472,-0.0002477402158547193,0.03299961984157562,0.03299961984157562,1.0,-3.0,success
2333,0.5023508667945862,0.20606045424938202,-0.0002477403322700411,0.033000510185956955,0.033000510185956955,1.0,-3.0,success
2334,0.5013446807861328,0.20638109743595123,-0.0002477404195815325,0.03300127387046814,0.03300127387046814,1.0,-3.0,success
2335,0.5003392696380615,0.20670388638973236,-0.00024774050689302385,0.03299864009022713,0.03299864009022713,1.0,-3.0,success
2336,0.499334454536438,0.2070288360118866,-0.00024774056510068476,0.0330016203224659,0.0330016203224659,1.0,-3.0,success
2337,0.49833038449287415,0.20735594630241394,-0.0002477406233083457,0.03300032392144203,0.03300032392144203,1.0,-3.0,success
2338,0.4973270297050476,0.207685187458992,-0.0002477406815160066,0.03299976885318756,0.03299976885318756,1.0,-3.0,success
2339,0.496324360370636,0.20801658928394318,-0.00024774071061983705,0.03300054371356964,0.03300054371356964,1.0,-3.0,success
2340,0.49532240629196167,0.20835013687610626,-0.0002477407397236675,0.03300044313073158,0.03300044313073158,1.0,-3.0,success
2341,0.49432116746902466,0.20868583023548126,-0.00024774076882749796,0.03300049155950546,0.03300049155950546,1.0,-3.0,success
2342,0.49332064390182495,0.20902365446090698,-0.0002477407979313284,0.03300053998827934,0.03300053998827934,1.0,-3.0,success
2343,0.49232083559036255,0.20936362445354462,-0.00024774082703515887,0.0330008901655674,0.0330008901655674,1.0,-3.0,success
2344,0.49132177233695984,0.20970574021339417,-0.00024774082703515887,0.033000506460666656,0.033000506460666656,1.0,-3.0,success
2345,0.4903234541416168,0.21005000174045563,-0.00024774085613898933,0.03300028294324875,0.03300028294324875,1.0,-3.0,success
2346,0.4893258810043335,0.21039637923240662,-0.0002477408852428198,0.032999902963638306,0.032999902963638306,1.0,-3.0,success
2347,0.4883290231227875,0.21074490249156952,-0.0002477408852428198,0.03300085663795471,0.03300085663795471,1.0,-3.0,success
2348,0.48733294010162354,0.21109557151794434,-0.0002477408852428198,0.03300020843744278,0.03300020843744278,1.0,-3.0,success
2349,0.4863376021385193,0.21144835650920868,-0.00024774091434665024,0.03300027921795845,0.03300027921795845,1.0,-3.0,success
2350,0.48534300923347473,0.21180327236652374,-0.00024774091434665024,0.033000651746988297,0.033000651746988297,1.0,-3.0,success
2351,0.48434919118881226,0.21216033399105072,-0.0002477409434504807,0.033000461757183075,0.033000461757183075,1.0,-3.0,success
2352,0.48335614800453186,0.21251951158046722,-0.0002477409434504807,0.03300010785460472,0.03300010785460472,1.0,-3.0,success
2353,0.48236384987831116,0.21288080513477325,-0.0002477409434504807,0.033000778406858444,0.033000778406858444,1.0,-3.0,success
2354,0.4813723564147949,0.21324422955513,-0.00024774097255431116,0.03300000727176666,0.03300000727176666,1.0,-3.0,success
2355,0.4803816080093384,0.21360978484153748,-0.00024774097255431116,0.0330011360347271,0.0330011360347271,1.0,-3.0,success
2356,0.4793916642665863,0.21397745609283447,-0.00024774097255431116,0.033000510185956955,0.033000510185956955,1.0,-3.0,success
2357,0.4784025251865387,0.214347243309021,-0.00024774097255431116,0.03300003707408905,0.03300003707408905,1.0,-3.0,success
2358,0.47741416096687317,0.21471914649009705,-0.0002477410016581416,0.03300058841705322,0.03300058841705322,1.0,-3.0,success
2359,0.4764266014099121,0.21509316563606262,-0.0002477410016581416,0.03300041705369949,0.03300041705369949,1.0,-3.0,success
2360,0.4754398465156555,0.21546930074691772,-0.0002477410016581416,0.0330003947019577,0.0330003947019577,1.0,-3.0,success
2361,0.4744538962841034,0.21584755182266235,-0.00024774103076197207,0.03300052508711815,0.03300052508711815,1.0,-3.0,success
2362,0.473468542098999,0.21622724831104279,-0.00024774958728812635,0.03299935162067413,0.03299935162067413,1.0,3.0,success
2363,0.47248223423957825,0.21660445630550385,-0.00024774656048975885,0.03299930319190025,0.03299930319190025,1.0,3.0,success
2364,0.47149500250816345,0.2169792205095291,-0.00024774405756033957,0.03299909457564354,0.03299909085035324,1.0,3.0,success
2365,0.47050681710243225,0.21735160052776337,-0.0002477423404343426,0.03300061076879501,0.03300061076879501,1.0,3.0,success
2366,0.4695180356502533,0.2177223116159439,-0.00024773101904429495,0.03299969434738159,0.03299969434738159,1.0,-3.0,success
2367,0.4685301184654236,0.2180953323841095,-0.0002477315429132432,0.03299983590841293,0.03299983590841293,1.0,-3.0,success
2368,0.467542827129364,0.2184700220823288,-0.0002477426314726472,0.03300000727176666,0.03300000727176666,1.0,3.0,success
2369,0.4665546715259552,0.21884238719940186,-0.00024774172925390303,0.03299957141280174,0.03299957141280174,1.0,3.0,success
2370,0.46556562185287476,0.21921241283416748,-0.00024774076882749796,0.03300002962350845,0.03300002962350845,1.0,3.0,success
2371,0.46457597613334656,0.21958082914352417,-0.00024772962206043303,0.03299989923834801,0.03299989923834801,1.0,-3.0,success
2372,0.4635871946811676,0.2199515849351883,-0.00024773029144853354,0.03300018608570099,0.03300018608570099,1.0,-3.0,success
2373,0.4625993072986603,0.22032471001148224,-0.00024773148470558226,0.03300011530518532,0.03300011157989502,1.0,-3.0,success
2374,0.4616120457649231,0.2206994742155075,-0.0002477425441611558,0.03299996256828308,0.03299996256828308,1.0,3.0,success
2375,0.46062391996383667,0.22107188403606415,-0.00024774158373475075,0.0329991951584816,0.0329991951584816,1.0,3.0,success
2376,0.4596349000930786,0.22144196927547455,-0.0002477406233083457,0.03299981355667114,0.03299981355667114,1.0,3.0,success
2377,0.4586452543735504,0.22181041538715363,-0.00024772953474894166,0.03300022333860397,0.03300022333860397,1.0,-3.0,success
2378,0.45765650272369385,0.22218121588230133,-0.0002477302332408726,0.03299980238080025,0.03299980238080025,1.0,-3.0,success
2379,0.4566683769226074,0.22255370020866394,-0.00024774164194241166,0.03300001844763756,0.03300001844763756,1.0,3.0,success
2380,0.45567938685417175,0.2229238748550415,-0.00024774103076197207,0.0329999178647995,0.0329999178647995,1.0,3.0,success
2381,0.45468953251838684,0.22329173982143402,-0.0002477402740623802,0.033000003546476364,0.033000003546476364,1.0,3.0,success
2382,0.4536990821361542,0.2236579805612564,-0.0002477291855029762,0.03299982473254204,0.03299982473254204,1.0,-3.0,success
2383,0.45270949602127075,0.2240266054868698,-0.0002477299130987376,0.03300042822957039,0.03300042822957039,1.0,-3.0,success
2384,0.45172056555747986,0.22439692914485931,-0.000247741409111768,0.032999809831380844,0.032999809831380844,1.0,3.0,success
2385,0.4507307708263397,0.22476494312286377,-0.00024774085613898933,0.032999876886606216,0.032999876886606216,1.0,3.0,success
2386,0.44974011182785034,0.22513066232204437,-0.0002477401867508888,0.033000290393829346,0.033000290393829346,1.0,3.0,success
2387,0.4487488865852356,0.22549475729465485,-0.00024772912729531527,0.03299935534596443,0.03299935534596443,1.0,-3.0,success
2388,0.4477584958076477,0.22586123645305634,-0.00024772979668341577,0.03300066292285919,0.03300066292285919,1.0,-3.0,success
2389,0.44676879048347473,0.22622941434383392,-0.0002477413509041071,0.03299904614686966,0.03299904614686966,1.0,3.0,success
2390,0.4457781910896301,0.22659529745578766,-0.00024774082703515887,0.03300032019615173,0.03300032019615173,1.0,3.0,success
2391,0.44478675723075867,0.22695888578891754,-0.00024774015764705837,0.033000022172927856,0.033000022172927856,1.0,3.0,success
2392,0.44379472732543945,0.2273208498954773,-0.0002477290981914848,0.03300007805228233,0.03300007805228233,1.0,-3.0,success
2393,0.44280359148979187,0.22768519818782806,-0.00024772979668341577,0.03299946337938309,0.03299946337938309,1.0,-3.0,success
2394,0.44181329011917114,0.22805191576480865,-0.0002477310481481254,0.033000629395246506,0.033000629395246506,1.0,-3.0,success
2395,0.44082364439964294,0.22842028737068176,-0.00024774219491519034,0.03299941122531891,0.03299941122531891,1.0,3.0,success
2396,0.4398331046104431,0.22878633439540863,-0.0002477413509041071,0.033000342547893524,0.033000342547893524,1.0,3.0,success
2397,0.43884173035621643,0.22915004193782806,-0.00024774044868536294,0.03299955651164055,0.03299955651164055,1.0,3.0,success
2398,0.4378497302532196,0.22951209545135498,-0.0002477293892297894,0.0330001600086689,0.0330001600086689,1.0,-3.0,success
2399,0.436858594417572,0.2298765331506729,-0.0002477301168255508,0.03300042822957039,0.03300042822957039,1.0,-3.0,success
2400,0.43586811423301697,0.23024265468120575,-0.0002477415546309203,0.03299940750002861,0.03299940750002861,1.0,3.0,success
2401,0.43487676978111267,0.23060645163059235,-0.0002477409434504807,0.03299964219331741,0.03299964219331741,1.0,3.0,success
2402,0.43388456106185913,0.2309679538011551,-0.0002477402158547193,0.03300037980079651,0.03300037980079651,1.0,3.0,success
2403,0.43289151787757874,0.23132716119289398,-0.000247739750193432,0.03300042450428009,0.03300042077898979,1.0,3.0,success
2404,0.43189793825149536,0.23168478906154633,-0.0002477286907378584,0.032999437302351,0.032999437302351,1.0,-3.0,success
2405,0.43090519309043884,0.23204481601715088,-0.0002477293892297894,0.033000387251377106,0.033000387251377106,1.0,-3.0,success
2406,0.42991334199905396,0.23240722715854645,-0.000247730640694499,0.03299961984157562,0.03299961984157562,1.0,-3.0,success
2407,0.4289220869541168,0.23277130722999573,-0.00024774193298071623,0.033000070601701736,0.033000070601701736,1.0,3.0,success
2408,0.42792999744415283,0.23313306272029877,-0.00024774117628112435,0.03299959376454353,0.03299959376454353,1.0,3.0,success
2409,0.4269370436668396,0.23349249362945557,-0.0002477403322700411,0.03300017490983009,0.03300017490983009,1.0,3.0,success
2410,0.4259432554244995,0.2338496297597885,-0.0002477398084010929,0.03300037235021591,0.03300037235021591,1.0,3.0,success
2411,0.42494890093803406,0.23420515656471252,-0.0002477287780493498,0.03300005942583084,0.03300005942583084,1.0,-3.0,success
2412,0.42395544052124023,0.23456308245658875,-0.00024772947654128075,0.03299909085035324,0.03299909085035324,1.0,-3.0,success
2413,0.4229627847671509,0.23492339253425598,-0.00024773075710982084,0.033000778406858444,0.033000778406858444,1.0,-3.0,success
2414,0.42197078466415405,0.23528537154197693,-0.00024774199118837714,0.03299936279654503,0.03299936279654503,1.0,3.0,success
2415,0.420977920293808,0.23564501106739044,-0.0002477412053849548,0.03299976512789726,0.03299976512789726,1.0,3.0,success
2416,0.41998419165611267,0.23600232601165771,-0.00024774036137387156,0.033000506460666656,0.033000506460666656,1.0,3.0,success
2417,0.4189896583557129,0.23635734617710114,-0.0002477398084010929,0.03299999609589577,0.03299999609589577,1.0,3.0,success
2418,0.41799455881118774,0.23671074211597443,-0.0002477287780493498,0.03299964219331741,0.03299964219331741,1.0,-3.0,success
2419,0.41700029373168945,0.23706655204296112,-0.00024772947654128075,0.033000409603118896,0.033000409603118896,1.0,-3.0,success
2420,0.4160066843032837,0.2374240756034851,-0.00024774111807346344,0.03299921378493309,0.03299921378493309,1.0,3.0,success
2421,0.4150122106075287,0.23777931928634644,-0.0002477406815160066,0.03300059214234352,0.03300059214234352,1.0,3.0,success
2422,0.4140171706676483,0.23813289403915405,-0.00024772962206043303,0.03299975395202637,0.03299975395202637,1.0,-3.0,success
2423,0.4130227267742157,0.23848818242549896,-0.0002477408852428198,0.03300018236041069,0.03300018236041069,1.0,3.0,success
2424,0.4120274782180786,0.2388411909341812,-0.00024774056510068476,0.032999977469444275,0.032999977469444275,1.0,3.0,success
2425,0.41103142499923706,0.2391919046640396,-0.00024774004123173654,0.03299979493021965,0.03299979493021965,1.0,3.0,success
2426,0.41003480553627014,0.23954102396965027,-0.0002477289526723325,0.03299998119473457,0.032999977469444275,1.0,-3.0,success
2427,0.40903905034065247,0.23989254236221313,-0.0002477295929566026,0.032999370247125626,0.032999370247125626,1.0,-3.0,success
2428,0.40804409980773926,0.2402464598417282,-0.00024773081531748176,0.03300071135163307,0.03300071135163307,1.0,-3.0,success
2429,0.4070497751235962,0.240602046251297,-0.0002477420784998685,0.032999809831380844,0.032999809831380844,1.0,3.0,success
2430,0.40605461597442627,0.24095530807971954,-0.0002477412926964462,0.03299999609589577,0.03299999609589577,1.0,3.0,success
2431,0.4050586223602295,0.24130621552467346,-0.0002477404195815325,0.03300004452466965,0.03300004452466965,1.0,3.0,success
2432,0.40406182408332825,0.24165482819080353,-0.0002477398666087538,0.033000022172927856,0.033000022172927856,1.0,3.0,success
2433,0.403064489364624,0.24200183153152466,-0.0002477288362570107,0.03299928456544876,0.03299928456544876,1.0,-3.0,success
2434,0.40206795930862427,0.242351233959198,-0.0002477295056451112,0.033000268042087555,0.033000268042087555,1.0,-3.0,success
2435,0.40107229351997375,0.24270303547382355,-0.0002477307862136513,0.032999683171510696,0.032999683171510696,1.0,-3.0,success
2436,0.4000771939754486,0.2430565059185028,-0.0002477420202922076,0.03300042077898979,0.03300042077898979,1.0,3.0,success
2437,0.399081289768219,0.24340763688087463,-0.00024774123448878527,0.032999731600284576,0.032999731600284576,1.0,3.0,success
2438,0.3980845510959625,0.24375642836093903,-0.00024774036137387156,0.03300010785460472,0.03300010785460472,1.0,3.0,success
2439,0.3970870077610016,0.24410291016101837,-0.00024773983750492334,0.03300009295344353,0.03300009295344353,1.0,3.0,success
2440,0.39608892798423767,0.24444778263568878,-0.00024772880715318024,0.032999470829963684,0.032999470829963684,1.0,-3.0,success
2441,0.3950916528701782,0.2447950541973114,-0.0002477295056451112,0.03300028294324875,0.03300028294324875,1.0,-3.0,success
2442,0.3940950036048889,0.2451440691947937,-0.00024774111807346344,0.032999780029058456,0.032999780029058456,1.0,3.0,success
2443,0.39309754967689514,0.24549075961112976,-0.0002477406815160066,0.032999590039253235,0.032999590039253235,1.0,3.0,success
2444,0.3920992612838745,0.24583515524864197,-0.000247740070335567,0.03300077095627785,0.03300077095627785,1.0,3.0,success
2445,0.3911004662513733,0.24617791175842285,-0.00024772901087999344,0.03299907594919205,0.03299907594919205,1.0,-3.0,success
2446,0.39010244607925415,0.24652308225631714,-0.0002477297093719244,0.033000752329826355,0.033000752329826355,1.0,-3.0,success
2447,0.38910529017448425,0.24687063694000244,-0.0002477309317328036,0.0329996757209301,0.0329996757209301,1.0,-3.0,success
2448,0.3881087303161621,0.24721986055374146,-0.0002477421367075294,0.032999299466609955,0.032999299466609955,1.0,3.0,success
2449,0.3871113061904907,0.24756672978401184,-0.00024774132180027664,0.03300054743885994,0.03300054743885994,1.0,3.0,success
2450,0.38611310720443726,0.2479112595319748,-0.00024774044868536294,0.03299949690699577,0.03299949690699577,1.0,3.0,success
2451,0.38511407375335693,0.2482534795999527,-0.00024773989571258426,0.03300068527460098,0.03300068527460098,1.0,3.0,success
2452,0.384114533662796,0.24859407544136047,-0.0002477288362570107,0.03299925476312637,0.03299925476312637,1.0,-3.0,success
2453,0.3831157982349396,0.24893708527088165,-0.00024772953474894166,0.032999880611896515,0.032999880611896515,1.0,-3.0,success
2454,0.3821176588535309,0.24928182363510132,-0.0002477411471772939,0.03299986198544502,0.03299986198544502,1.0,3.0,success
2455,0.3811187148094177,0.24962425231933594,-0.00024774071061983705,0.0330001562833786,0.0330001562833786,1.0,3.0,success
2456,0.3801189661026001,0.2499643713235855,-0.00024774009943939745,0.03300062566995621,0.03300062566995621,1.0,3.0,success
2457,0.3791187107563019,0.25030285120010376,-0.0002477290399838239,0.03299916163086891,0.03299916163086891,1.0,-3.0,success
2458,0.37811923027038574,0.2506437599658966,-0.0002477297093719244,0.033000651746988297,0.033000651746988297,1.0,-3.0,success
2459,0.37712058424949646,0.2509870231151581,-0.0002477309317328036,0.03299981355667114,0.03299981355667114,1.0,-3.0,success
2460,0.37612253427505493,0.25133198499679565,-0.0002477421658113599,0.03299950435757637,0.03299950435757637,1.0,3.0,success
2461,0.37512364983558655,0.2516745924949646,-0.0002477413509041071,0.03300020471215248,0.03300020471215248,1.0,3.0,success
2462,0.3741239607334137,0.2520148456096649,-0.00024774044868536294,0.03300021216273308,0.03300021216273308,1.0,3.0,success
2463,0.37312349677085876,0.252352774143219,-0.00024773989571258426,0.03299981728196144,0.03299981728196144,1.0,3.0,success
2464,0.37212249636650085,0.25268909335136414,-0.0002477288362570107,0.03299964964389801,0.03299964964389801,1.0,-3.0,success
2465,0.3711223006248474,0.2530278265476227,-0.00024772953474894166,0.03299993276596069,0.03299993276596069,1.0,-3.0,success
2466,0.3701227009296417,0.2533682882785797,-0.0002477411471772939,0.0329996682703495,0.0329996682703495,1.0,3.0,success
2467,0.36912229657173157,0.2537064254283905,-0.0002477407397236675,0.03300014138221741,0.03300014138221741,1.0,3.0,success
2468,0.36812111735343933,0.25404223799705505,-0.00024774009943939745,0.032999906688928604,0.032999906688928604,1.0,3.0,success
2469,0.367119163274765,0.25437578558921814,-0.000247739750193432,0.03300044313073158,0.03300044313073158,1.0,3.0,success
2470,0.3661167025566101,0.2547077238559723,-0.00024772866163402796,0.03299961984157562,0.03299961984157562,1.0,-3.0,success
2471,0.36513546109199524,0.25503599643707275,-0.0002437122311675921,0.032334521412849426,0.032334279268980026,1.0,-3.0,success
2472,0.3641347885131836,0.2553732693195343,-0.0002442038676235825,0.03299944847822189,0.032999444752931595,1.0,-3.0,success
2473,0.3631346821784973,0.2557121515274048,-0.00024490573559887707,0.032998789101839066,0.03299878537654877,1.0,3.0,success
2474,0.3621337413787842,0.25604864954948425,-0.000245472154347226,0.0329996719956398,0.032999664545059204,1.0,3.0,success
2475,0.3611319959163666,0.2563827633857727,-0.0002459256793372333,0.032999854534864426,0.03299985080957413,1.0,3.0,success
2476,0.3601294755935669,0.2567145526409149,-0.0002462885749991983,0.032999929040670395,0.032999925315380096,1.0,3.0,success
2477,0.3591264486312866,0.2570447325706482,-0.0002465682046022266,0.032999198883771896,0.0329991951584816,1.0,-3.0,success
2478,0.3581241965293884,0.2573772966861725,-0.00024680138449184597,0.032999586313962936,0.032999586313962936,1.0,-3.0,success
2479,0.3571225106716156,0.25771158933639526,-0.00024699888308532536,0.032999854534864426,0.032999854534864426,1.0,3.0,success
2480,0.3561200499534607,0.2580435574054718,-0.0002471471088938415,0.0329999141395092,0.0329999141395092,1.0,3.0,success
2481,0.3551170527935028,0.25837385654449463,-0.00024725490948185325,0.03299947828054428,0.03299947828054428,1.0,-3.0,success
2482,0.3541148006916046,0.25870656967163086,-0.00024735069018788636,0.03300105407834053,0.03300105407834053,1.0,-3.0,success
2483,0.35311317443847656,0.2590409517288208,-0.0002474381180945784,0.03299896791577339,0.03299896791577339,1.0,3.0,success
2484,0.35211071372032166,0.2593729794025421,-0.00024749827571213245,0.03300049901008606,0.03300049901008606,1.0,3.0,success
2485,0.35110750794410706,0.2597026824951172,-0.0002475461515132338,0.03299985080957413,0.03299985080957413,1.0,3.0,success
2486,0.3501035273075104,0.260030061006546,-0.00024758456856943667,0.03300026059150696,0.03300026059150696,1.0,3.0,success
2487,0.3490990400314331,0.2603558301925659,-0.0002476045920047909,0.03299976512789726,0.03299976512789726,1.0,-3.0,success
2488,0.3480953574180603,0.2606840431690216,-0.00024763011606410146,0.03299950435757637,0.03299950435757637,1.0,-3.0,success
2489,0.3470924496650696,0.2610146701335907,-0.00024765124544501305,0.03300002962350845,0.03300002962350845,1.0,-3.0,success
2490,0.3460901081562042,0.2613469660282135,-0.0002476784575264901,0.03299960121512413,0.03299960121512413,1.0,3.0,success
2491,0.3450869619846344,0.2616769075393677,-0.0002476904192008078,0.0330004058778286,0.0330004058778286,1.0,3.0,success
2492,0.3440830707550049,0.2620044946670532,-0.0002476997615303844,0.03299962729215622,0.03299962729215622,1.0,3.0,success
2493,0.3430784046649933,0.2623297870159149,-0.0002477073867339641,0.033000487834215164,0.033000487834215164,1.0,3.0,success
2494,0.3420732319355011,0.2626534104347229,-0.00024770284653641284,0.03299953043460846,0.03299953043460846,1.0,-3.0,success
2495,0.341068834066391,0.26297950744628906,-0.00024770869640633464,0.033000268042087555,0.033000268042087555,1.0,-3.0,success
2496,0.34006524085998535,0.26330798864364624,-0.0002477141097187996,0.03299945592880249,0.03299945220351219,1.0,-3.0,success
2497,0.3390621840953827,0.2636381685733795,-0.00024772871984168887,0.03300008177757263,0.03300008177757263,1.0,3.0,success
2498,0.33805835247039795,0.2639659643173218,-0.00024773061159066856,0.032999880611896515,0.032999880611896515,1.0,3.0,success
2499,0.33705374598503113,0.2642914056777954,-0.00024773189215920866,0.0330001525580883,0.0330001525580883,1.0,3.0,success
2500,0.3360483944416046,0.2646145522594452,-0.0002477330854162574,0.03300028666853905,0.03300028666853905,1.0,3.0,success
2501,0.3350425362586975,0.26493602991104126,-0.0002477233938407153,0.032999444752931595,0.032999444752931595,1.0,-3.0,success
2502,0.3340374529361725,0.2652599811553955,-0.0002477251400705427,0.03300001472234726,0.03300001472234726,1.0,-3.0,success
2503,0.3330329358577728,0.26558563113212585,-0.0002477376547176391,0.03299950435757637,0.03299950435757637,1.0,3.0,success
2504,0.3320276439189911,0.26590898633003235,-0.00024773794575594366,0.033000506460666656,0.033000506460666656,1.0,3.0,success
2505,0.33102163672447205,0.2662299871444702,-0.00024773788754828274,0.032999347895383835,0.032999347895383835,1.0,3.0,success
2506,0.33001509308815,0.26654937863349915,-0.00024772726465016603,0.033000074326992035,0.033000074326992035,1.0,-3.0,success
2507,0.3290093243122101,0.2668711841106415,-0.000247728283284232,0.032999902963638306,0.032999902963638306,1.0,-3.0,success
2508,0.3280041217803955,0.2671947181224823,-0.00024774015764705837,0.032999563962221146,0.032999563962221146,1.0,3.0,success
2509,0.32699814438819885,0.2675159275531769,-0.0002477399248164147,0.03300044313073158,0.03300044313073158,1.0,3.0,success
2510,0.3259914517402649,0.2678348124027252,-0.0002477394591551274,0.03299972414970398,0.03299972414970398,1.0,3.0,success
2511,0.32498422265052795,0.26815202832221985,-0.0002477285161148757,0.033000003546476364,0.033000003546476364,1.0,-3.0,success
2512,0.3239777684211731,0.26847168803215027,-0.000247729301918298,0.03299994394183159,0.03299994394183159,1.0,-3.0,success
2513,0.3229720890522003,0.2687937617301941,-0.00024773061159066856,0.03299979865550995,0.03299979865550995,1.0,-3.0,success
2514,0.3219669461250305,0.2691175043582916,-0.00024774190387688577,0.032999783754348755,0.032999783754348755,1.0,3.0,success
2515,0.32096102833747864,0.26943886280059814,-0.0002477411471772939,0.03300008550286293,0.03300008550286293,1.0,3.0,success
2516,0.31995436549186707,0.26975786685943604,-0.00024774030316621065,0.03299996629357338,0.03299996629357338,1.0,3.0,success
2517,0.3189469575881958,0.2700745463371277,-0.00024773977929726243,0.03300030529499054,0.03300030529499054,1.0,3.0,success
2518,0.31793907284736633,0.270389586687088,-0.00024772874894551933,0.032999202609062195,0.032999202609062195,1.0,-3.0,success
2519,0.31693193316459656,0.27070707082748413,-0.0002477294474374503,0.03299986198544502,0.03299986198544502,1.0,-3.0,success
2520,0.3159255385398865,0.27102693915367126,-0.00024773069890215993,0.033000145107507706,0.033000145107507706,1.0,-3.0,success
2521,0.31491971015930176,0.2713485360145569,-0.00024774199118837714,0.03299969434738159,0.03299969434738159,1.0,3.0,success
2522,0.31391310691833496,0.2716677188873291,-0.00024774123448878527,0.032999876886606216,0.032999876886606216,1.0,3.0,success
2523,0.31290575861930847,0.2719845771789551,-0.000247740390477702,0.03300020098686218,0.03300020098686218,1.0,3.0,success
2524,0.3118976652622223,0.2722990810871124,-0.0002477398666087538,0.03300042450428009,0.03300042450428009,1.0,3.0,success
2525,0.3108890950679779,0.27261194586753845,-0.00024772880715318024,0.032999437302351,0.032999437302351,1.0,-3.0,success
2526,0.3098812699317932,0.27292725443840027,-0.00024772947654128075,0.032999925315380096,0.032999925315380096,1.0,-3.0,success
2527,0.3088740110397339,0.27324432134628296,-0.00024774111807346344,0.032999493181705475,0.032999493181705475,1.0,3.0,success
2528,0.3078659772872925,0.273559033870697,-0.00024774071061983705,0.03300059214234352,0.03300059214234352,1.0,3.0,success
2529,0.30685725808143616,0.27387142181396484,-0.00024774009943939745,0.03299947828054428,0.03299947828054428,1.0,3.0,success
2530,0.30584800243377686,0.27418217062950134,-0.0002477290399838239,0.03300037980079651,0.03300037980079651,1.0,-3.0,success
2531,0.30483952164649963,0.27449536323547363,-0.0002477297093719244,0.032999806106090546,0.032999806106090546,1.0,-3.0,success
2532,0.3038315773010254,0.2748102843761444,-0.0002477412635926157,0.03299986943602562,0.03299986943602562,1.0,3.0,success
2533,0.30282288789749146,0.27512285113334656,-0.00024774082703515887,0.033000241965055466,0.033000241965055466,1.0,3.0,success
2534,0.3018135130405426,0.27543309330940247,-0.0002477401867508888,0.03299928456544876,0.03299928456544876,1.0,3.0,success
2535,0.30080360174179077,0.27574169635772705,-0.0002477290981914848,0.03300030529499054,0.03300030529499054,1.0,-3.0,success
2536,0.299794465303421,0.27605271339416504,-0.0002477297675795853,0.03299928456544876,0.03299928456544876,1.0,-3.0,success
2537,0.2987860441207886,0.27636614441871643,-0.0002477309899404645,0.03300023823976517,0.03300023823976517,1.0,-3.0,success
2538,0.2977781593799591,0.2766812741756439,-0.00024774219491519034,0.03300003334879875,0.03300003334879875,1.0,3.0,success
2539,0.29676952958106995,0.2769940197467804,-0.00024774138000793755,0.03300011530518532,0.03300011530518532,1.0,3.0,success
2540,0.2957601845264435,0.27730438113212585,-0.0002477404777891934,0.032999489456415176,0.032999489456415176,1.0,3.0,success
2541,0.2947500944137573,0.2776124179363251,-0.0002477399248164147,0.033000484108924866,0.033000484108924866,1.0,3.0,success
2542,0.29373931884765625,0.27791815996170044,-0.0002477396046742797,0.03300013765692711,0.03300013765692711,1.0,3.0,success
2543,0.292728066444397,0.27822229266166687,-0.00024772854521870613,0.032999880611896515,0.032999880611896515,1.0,-3.0,success
2544,0.2917175590991974,0.2785288691520691,-0.0002477291855029762,0.0329996757209301,0.0329996757209301,1.0,-3.0,success
2545,0.2907077968120575,0.2788378894329071,-0.0002477304369676858,0.032999664545059204,0.032999664545059204,1.0,-3.0,success
2546,0.2896985411643982,0.2791486382484436,-0.00024774178746156394,0.03300037980079651,0.03300037980079651,1.0,3.0,success
2547,0.2886885702610016,0.2794570028781891,-0.00024774111807346344,0.032999906688928604,0.032999906688928604,1.0,3.0,success
2548,0.2876778841018677,0.27976298332214355,-0.00024774030316621065,0.03299961984157562,0.03299961984157562,1.0,3.0,success
2549,0.28666648268699646,0.28006666898727417,-0.0002477398084010929,0.03300032392144203,0.03300032392144203,1.0,3.0,success
2550,0.28565460443496704,0.28036871552467346,-0.0002477287780493498,0.032999906688928604,0.032999906688928604,1.0,-3.0,success
2551,0.2846434712409973,0.28067317605018616,-0.0002477294474374503,0.03299926593899727,0.03299926221370697,1.0,-3.0,success
2552,0.2836330533027649,0.28098011016845703,-0.00024773069890215993,0.03300024941563606,0.03300024941563606,1.0,-3.0,success
2553,0.28262314200401306,0.2812887132167816,-0.00024774199118837714,0.03300030529499054,0.03300030529499054,1.0,3.0,success
2554,0.2816125452518463,0.2815949618816376,-0.00024774123448878527,0.03299937769770622,0.03299937769770622,1.0,3.0,success
2555,0.2806012034416199,0.2818987965583801,-0.00024774036137387156,0.032999876886606216,0.032999876886606216,1.0,3.0,success
2556,0.27958914637565613,0.28220033645629883,-0.00024773983750492334,0.03300073370337486,0.03300073370337486,1.0,3.0,success
2557,0.27857664227485657,0.2825002372264862,-0.00024772880715318024,0.032999541610479355,0.032999541610479355,1.0,-3.0,success
2558,0.2775648534297943,0.282802551984787,-0.0002477295056451112,0.03299962729215622,0.03299962729215622,1.0,-3.0,success
2559,0.27655377984046936,0.28310731053352356,-0.00024773075710982084,0.033000171184539795,0.033000171184539795,1.0,-3.0,success
2560,0.2755432426929474,0.28341376781463623,-0.0002477420202922076,0.03299948573112488,0.03299948573112488,1.0,3.0,success
2561,0.2745319604873657,0.2837178409099579,-0.00024774123448878527,0.03300023823976517,0.03300023823976517,1.0,3.0,success
2562,0.27351996302604675,0.2840195596218109,-0.00024774036137387156,0.03300054743885994,0.03300054743885994,1.0,3.0,success
2563,0.27250728011131287,0.2843189239501953,-0.00024773983750492334,0.03300014138221741,0.03300014138221741,1.0,3.0,success
2564,0.27149391174316406,0.28461596369743347,-0.0002477395464666188,0.03300017863512039,0.03300017863512039,1.0,3.0,success
2565,0.27048009634017944,0.2849114239215851,-0.0002477284870110452,0.032999735325574875,0.032999735325574875,1.0,-3.0,success
2566,0.26946699619293213,0.2852093279361725,-0.0002477291563991457,0.03299974277615547,0.03299974277615547,1.0,-3.0,success
2567,0.2684546113014221,0.2855096757411957,-0.00024773040786385536,0.03299994021654129,0.03299994021654129,1.0,-3.0,success
2568,0.2674427628517151,0.28581175208091736,-0.0002477417583577335,0.032999277114868164,0.032999277114868164,1.0,3.0,success
2569,0.26643016934394836,0.286111444234848,-0.000247741088969633,0.03300036862492561,0.03300036862492561,1.0,3.0,success
2570,0.2654168903827667,0.28640878200531006,-0.0002477402740623802,0.03300011530518532,0.03300011530518532,1.0,3.0,success
2571,0.2644031345844269,0.2867044508457184,-0.0002477292437106371,0.03299977257847786,0.03299977257847786,1.0,-3.0,success
2572,0.26339009404182434,0.2870025336742401,-0.0002477299713063985,0.03299953415989876,0.03299953043460846,1.0,-3.0,success
2573,0.2623775601387024,0.2873023748397827,-0.00024774143821559846,0.032999902963638306,0.032999902963638306,1.0,3.0,success
2574,0.26136431097984314,0.2875998318195343,-0.0002477408852428198,0.03300027176737785,0.03300027176737785,1.0,3.0,success
2575,0.26035037636756897,0.28789493441581726,-0.0002477401867508888,0.03300018981099129,0.03300018981099129,1.0,3.0,success
2576,0.2593359649181366,0.2881883978843689,-0.00024772912729531527,0.03300022706389427,0.03300022706389427,1.0,-3.0,success
2577,0.25832226872444153,0.28848427534103394,-0.00024772982578724623,0.03299981355667114,0.03299981355667114,1.0,-3.0,success
2578,0.25730907917022705,0.28878191113471985,-0.0002477413509041071,0.03300005942583084,0.03300005942583084,1.0,3.0,success
2579,0.25629520416259766,0.28907719254493713,-0.00024774085613898933,0.03299996256828308,0.03299996256828308,1.0,3.0,success
2580,0.25528064370155334,0.2893700897693634,-0.00024774015764705837,0.03299978747963905,0.03299978747963905,1.0,3.0,success
2581,0.25426560640335083,0.28966134786605835,-0.0002477290981914848,0.03299994021654129,0.03299994021654129,1.0,-3.0,success
2582,0.2532512843608856,0.2899550497531891,-0.00024772979668341577,0.032999612390995026,0.032999612390995026,1.0,-3.0,success
2583,0.252237468957901,0.2902505099773407,-0.0002477413509041071,0.032999735325574875,0.032999735325574875,1.0,3.0,success
2584,0.25122296810150146,0.2905436158180237,-0.00024774082703515887,0.032999806106090546,0.032999806106090546,1.0,3.0,success
2585,0.2502077519893646,0.29083436727523804,-0.00024774015764705837,0.03300094977021217,0.03300094977021217,1.0,3.0,success
2586,0.24919210374355316,0.2911234498023987,-0.0002477290981914848,0.032999616116285324,0.032999616116285324,1.0,-3.0,success
2587,0.2481771558523178,0.2914149761199951,-0.00024772979668341577,0.032999563962221146,0.032999563962221146,1.0,-3.0,success
2588,0.24716287851333618,0.29170891642570496,-0.0002477310481481254,0.033000342547893524,0.033000342547893524,1.0,-3.0,success
2589,0.24614912271499634,0.2920045554637909,-0.0002477422240190208,0.032999515533447266,0.032999515533447266,1.0,3.0,success
2590,0.2451346516609192,0.2922978103160858,-0.00024774138000793755,0.03300020098686218,0.03300020098686218,1.0,3.0,success
2591,0.24411951005458832,0.2925886809825897,-0.00024774044868536294,0.032999735325574875,0.032999735325574875,1.0,3.0,success
2592,0.24310368299484253,0.292877197265625,-0.0002477398666087538,0.0330001525580883,0.0330001525580883,1.0,3.0,success
2593,0.24208739399909973,0.29316407442092896,-0.0002477288362570107,0.03300008550286293,0.03300008550286293,1.0,-3.0,success
2594,0.24107180535793304,0.2934533953666687,-0.0002477295638527721,0.03299986571073532,0.03299986571073532,1.0,-3.0,success
2595,0.24005672335624695,0.2937444746494293,-0.0002477411471772939,0.03299973905086517,0.03299973905086517,1.0,3.0,success
2596,0.23904095590114594,0.2940331995487213,-0.00024774071061983705,0.03300014138221741,0.03300014138221741,1.0,3.0,success
2597,0.2380245178937912,0.2943195700645447,-0.000247740070335567,0.033000268042087555,0.033000268042087555,1.0,3.0,success
2598,0.23700743913650513,0.2946036159992218,-0.00024773969198577106,0.032999929040670395,0.032999929040670395,1.0,3.0,success
2599,0.23598991334438324,0.29488605260849,-0.0002477286325301975,0.03299989551305771,0.03299989551305771,1.0,-3.0,success
2600,0.23497307300567627,0.29517093300819397,-0.000247729301918298,0.03299977630376816,0.03299977630376816,1.0,-3.0,success
2601,0.23395691812038422,0.29545828700065613,-0.00024773055338300765,0.03300010412931442,0.03300010412931442,1.0,-3.0,success
2602,0.23294125497341156,0.2957473695278168,-0.0002477418747730553,0.03300006315112114,0.03300006315112114,1.0,3.0,success
2603,0.23192492127418518,0.296034038066864,-0.0002477411471772939,0.032999660819768906,0.032999660819768906,1.0,3.0,success
2604,0.23090790212154388,0.29631832242012024,-0.00024774030316621065,0.03300014138221741,0.03300014138221741,1.0,3.0,success
2605,0.22989024221897125,0.2966002821922302,-0.00024773977929726243,0.032999955117702484,0.032999955117702484,1.0,3.0,success
2606,0.2288721352815628,0.2968806028366089,-0.0002477287780493498,0.032999783754348755,0.032999783754348755,1.0,-3.0,success
2607,0.22785469889640808,0.29716336727142334,-0.00024772947654128075,0.03299994766712189,0.03299994766712189,1.0,-3.0,success
2608,0.22683794796466827,0.2974485754966736,-0.00024773075710982084,0.032999854534864426,0.032999854534864426,1.0,-3.0,success
2609,0.22582167387008667,0.2977355122566223,-0.00024774199118837714,0.033000145107507706,0.033000145107507706,1.0,3.0,success
2610,0.22480472922325134,0.29802003502845764,-0.00024774123448878527,0.032999902963638306,0.032999902963638306,1.0,3.0,success
2611,0.2237871140241623,0.29830217361450195,-0.00024774036137387156,0.033000100404024124,0.033000100404024124,1.0,3.0,success
2612,0.2227688431739807,0.29858195781707764,-0.0002477398084010929,0.03300027549266815,0.03300027549266815,1.0,3.0,success
2613,0.2217501550912857,0.298860102891922,-0.0002477287780493498,0.03299931809306145,0.03299931809306145,1.0,-3.0,success
2614,0.22073212265968323,0.29914072155952454,-0.0002477295056451112,0.03300001472234726,0.03300001472234726,1.0,-3.0,success
2615,0.21971474587917328,0.2994237542152405,-0.0002477307862136513,0.033000398427248,0.033000398427248,1.0,-3.0,success
2616,0.21869787573814392,0.2997085154056549,-0.0002477420202922076,0.0329996719956398,0.0329996719956398,1.0,3.0,success
2617,0.21768032014369965,0.29999086260795593,-0.00024774123448878527,0.03300004452466965,0.03300004452466965,1.0,3.0,success
2618,0.21666210889816284,0.30027082562446594,-0.00024774036137387156,0.03299996256828308,0.03299996256828308,1.0,3.0,success
2619,0.21564345061779022,0.30054911971092224,-0.00024772933102212846,0.03299964591860771,0.03299964591860771,1.0,-3.0,success
2620,0.21462543308734894,0.30082982778549194,-0.0002477300586178899,0.03300030529499054,0.03300030529499054,1.0,-3.0,success
2621,0.21360792219638824,0.3011122941970825,-0.0002477414964232594,0.03299969807267189,0.03299969807267189,1.0,3.0,success
2622,0.21258974075317383,0.3013923764228821,-0.00024774091434665024,0.033000048249959946,0.033000048249959946,1.0,3.0,success
2623,0.21157090365886688,0.3016700744628906,-0.0002477401867508888,0.03300013393163681,0.03300013393163681,1.0,3.0,success
2624,0.21055163443088531,0.30194610357284546,-0.0002477291563991457,0.032999493181705475,0.032999493181705475,1.0,-3.0,success
2625,0.20953302085399628,0.30222460627555847,-0.0002477298548910767,0.03300001844763756,0.03300001844763756,1.0,-3.0,success
2626,0.20851506292819977,0.3025055229663849,-0.0002477311063557863,0.033000241965055466,0.033000241965055466,1.0,-3.0,success
2627,0.2074977606534958,0.30278879404067993,-0.0002477323287166655,0.0330001525580883,0.0330001525580883,1.0,-3.0,success
2628,0.2064809501171112,0.3030737638473511,-0.0002477431553415954,0.032999634742736816,0.032999634742736816,1.0,3.0,success
2629,0.2054634392261505,0.30335626006126404,-0.0002477419620845467,0.03299994766712189,0.03299994766712189,1.0,3.0,success
2630,0.2044452577829361,0.3036363422870636,-0.0002477407979313284,0.033000048249959946,0.033000048249959946,1.0,3.0,success
2631,0.20342643558979034,0.30391407012939453,-0.000247740070335567,0.032999929040670395,0.032999929040670395,1.0,3.0,success
2632,0.20240695774555206,0.30418944358825684,-0.00024773963377811015,0.033000439405441284,0.033000435680150986,1.0,3.0,success
2633,0.20138706266880035,0.3044631779193878,-0.0002477286325301975,0.032999712973833084,0.032999709248542786,1.0,-3.0,success
2634,0.20036783814430237,0.304739385843277,-0.00024772933102212846,0.03299960494041443,0.03299960494041443,1.0,-3.0,success
2635,0.19934925436973572,0.30501803755760193,-0.0002477305824868381,0.03300034627318382,0.03300034627318382,1.0,-3.0,success
2636,0.19833116233348846,0.30529841780662537,-0.00024774190387688577,0.032999828457832336,0.032999828457832336,1.0,3.0,success
2637,0.19731241464614868,0.3055763840675354,-0.0002477411471772939,0.03299964219331741,0.03299964219331741,1.0,3.0,success
2638,0.19629299640655518,0.3058519661426544,-0.00024774030316621065,0.033000338822603226,0.033000338822603226,1.0,3.0,success
2639,0.19527314603328705,0.3061258792877197,-0.00024772927281446755,0.032999809831380844,0.032999809831380844,1.0,-3.0,success
2640,0.19425395131111145,0.3064022362232208,-0.00024773000041022897,0.032999925315380096,0.032999925315380096,1.0,-3.0,success
2641,0.19323523342609406,0.3066803216934204,-0.0002477414673194289,0.03299972414970398,0.03299972414970398,1.0,3.0,success
2642,0.19221585988998413,0.306956022977829,-0.00024774091434665024,0.03299996256828308,0.03299996256828308,1.0,3.0,success
2643,0.19119584560394287,0.3072293698787689,-0.0002477401867508888,0.03300017490983009,0.03300017490983009,1.0,3.0,success
2644,0.190175399184227,0.30750101804733276,-0.0002477291563991457,0.03299952298402786,0.03299952298402786,1.0,-3.0,success
2645,0.18915559351444244,0.3077751398086548,-0.0002477298548910767,0.0330001525580883,0.0330001525580883,1.0,-3.0,success
2646,0.18813644349575043,0.3080517053604126,-0.00024773107725195587,0.03300028294324875,0.03300028294324875,1.0,-3.0,success
2647,0.1871177703142166,0.3083299398422241,-0.00024774225312285125,0.03299960494041443,0.03299960494041443,1.0,3.0,success
2648,0.18609844148159027,0.30860579013824463,-0.000247741409111768,0.032999832183122635,0.032999832183122635,1.0,3.0,success
2649,0.1850784569978714,0.30887922644615173,-0.0002477404777891934,0.03299999609589577,0.03299999609589577,1.0,3.0,success
2650,0.1840578317642212,0.3091503083705902,-0.00024773989571258426,0.03300037235021591,0.03300037235021591,1.0,3.0,success
2651,0.18303678929805756,0.30941975116729736,-0.00024772886536084116,0.03299986943602562,0.03299986943602562,1.0,-3.0,success
2652,0.18201640248298645,0.3096916377544403,-0.0002477295638527721,0.032999638468027115,0.032999638468027115,1.0,-3.0,success
2653,0.18099665641784668,0.30996596813201904,-0.00024773081531748176,0.03300004452466965,0.03300004452466965,1.0,-3.0,success
2654,0.17997737228870392,0.3102419972419739,-0.0002477420784998685,0.03299994394183159,0.03299994021654129,1.0,3.0,success
2655,0.17895744740962982,0.3105156421661377,-0.0002477412635926157,0.032999880611896515,0.032999880611896515,1.0,3.0,success
2656,0.1779368817806244,0.3107868731021881,-0.000247740390477702,0.03299976885318756,0.03299976885318756,1.0,3.0,success
2657,0.17691567540168762,0.3110557496547699,-0.00024773983750492334,0.03300030902028084,0.03300030902028084,1.0,3.0,success
2658,0.17589405179023743,0.31132298707962036,-0.00024772880715318024,0.0329999178647995,0.0329999178647995,1.0,-3.0,success
2659,0.17487308382987976,0.3115926682949066,-0.00024772953474894166,0.032999519258737564,0.032999519258737564,1.0,-3.0,success
2660,0.17385274171829224,0.31186482310295105,-0.0002477307862136513,0.03300044685602188,0.03300044685602188,1.0,-3.0,success
2661,0.17283287644386292,0.3121386766433716,-0.0002477420202922076,0.03299977630376816,0.03299977630376816,1.0,3.0,success
2662,0.17181237041950226,0.3124101161956787,-0.0002477412635926157,0.03299964219331741,0.03299964219331741,1.0,3.0,success
2663,0.17079120874404907,0.3126791715621948,-0.000247740390477702,0.03300037980079651,0.03300037980079651,1.0,3.0,success
2664,0.16976962983608246,0.31294652819633484,-0.00024772933102212846,0.03299951180815697,0.03299951180815697,1.0,-3.0,success
2665,0.168748676776886,0.31321632862091064,-0.0002477300586178899,0.033000022172927856,0.033000022172927856,1.0,-3.0,success
2666,0.16772836446762085,0.31348857283592224,-0.00024773128097876906,0.033000264316797256,0.033000264316797256,1.0,-3.0,success
2667,0.16670851409435272,0.31376248598098755,-0.00024774239864200354,0.032999809831380844,0.032999809831380844,1.0,3.0,success
2668,0.16568802297115326,0.31403398513793945,-0.0002477414964232594,0.0329996719956398,0.0329996719956398,1.0,3.0,success
2669,0.16466687619686127,0.31430307030677795,-0.0002477405359968543,0.033000171184539795,0.033000171184539795,1.0,3.0,success
2670,0.16364511847496033,0.3145698010921478,-0.0002477399248164147,0.032999973744153976,0.032999973744153976,1.0,3.0,success
2671,0.16262294352054596,0.314834862947464,-0.0002477288944646716,0.03299945592880249,0.03299945592880249,1.0,-3.0,success
2672,0.16160139441490173,0.31510239839553833,-0.0002477295929566026,0.033000025898218155,0.033000025898218155,1.0,-3.0,success
2673,0.16058048605918884,0.31537237763404846,-0.0002477308444213122,0.033000096678733826,0.033000096678733826,1.0,-3.0,success
2674,0.15956003963947296,0.3156440556049347,-0.0002477420784998685,0.032999757677316666,0.032999757677316666,1.0,3.0,success
2675,0.15853895246982574,0.3159133195877075,-0.0002477412926964462,0.03299979493021965,0.03299979493021965,1.0,3.0,success
2676,0.1575172245502472,0.31618019938468933,-0.0002477404195815325,0.033000245690345764,0.033000245690345764,1.0,3.0,success
2677,0.1564948856830597,0.3164446949958801,-0.0002477398666087538,0.032999977469444275,0.032999977469444275,1.0,3.0,success
2678,0.15547212958335876,0.3167075514793396,-0.0002477288362570107,0.03299981728196144,0.03299981728196144,1.0,-3.0,success
2679,0.15444999933242798,0.31697288155555725,-0.00024772953474894166,0.03300020843744278,0.03300020843744278,1.0,-3.0,success
2680,0.1534283459186554,0.3172399699687958,-0.0002477411471772939,0.03299964219331741,0.03299964219331741,1.0,3.0,success
2681,0.15240606665611267,0.3175046741962433,-0.0002477407397236675,0.032999809831380844,0.032999809831380844,1.0,3.0,success
2682,0.1513831615447998,0.31776702404022217,-0.00024774009943939745,0.033000387251377106,0.033000387251377106,1.0,3.0,success
2683,0.1503598690032959,0.3180277347564697,-0.0002477290399838239,0.0329994298517704,0.0329994298517704,1.0,-3.0,success
2684,0.14933718740940094,0.3182908892631531,-0.0002477297093719244,0.032999876886606216,0.032999876886606216,1.0,-3.0,success
2685,0.14831513166427612,0.3185564875602722,-0.0002477309317328036,0.03300006315112114,0.03300006315112114,1.0,-3.0,success
2686,0.14729352295398712,0.31882378458976746,-0.0002477421658113599,0.03299994021654129,0.03299994021654129,1.0,3.0,success
2687,0.14627128839492798,0.3190886974334717,-0.0002477413509041071,0.03300008922815323,0.03300008922815323,1.0,3.0,success
2688,0.1452484428882599,0.3193511962890625,-0.0002477404777891934,0.03299973905086517,0.03299973905086517,1.0,3.0,success
2689,0.14422516524791718,0.3196119964122772,-0.00024772941833361983,0.0329996719956398,0.0329996719956398,1.0,-3.0,success
2690,0.1432024985551834,0.31987524032592773,-0.0002477301168255508,0.03300012648105621,0.03300012648105621,1.0,-3.0,success
2691,0.1421804577112198,0.32014089822769165,-0.0002477313100825995,0.03300008177757263,0.03300008177757263,1.0,-3.0,success
2692,0.14115887880325317,0.32040828466415405,-0.000247742427745834,0.03299974650144577,0.03299974650144577,1.0,3.0,success
2693,0.14013665914535522,0.32067322731018066,-0.00024774152552708983,0.03299987316131592,0.03299987316131592,1.0,3.0,success
2694,0.13911381363868713,0.32093575596809387,-0.00024774056510068476,0.032999973744153976,0.032999973744153976,1.0,3.0,success
2695,0.1380903571844101,0.32119590044021606,-0.00024773995392024517,0.03300002962350845,0.03300002962350845,1.0,3.0,success
2696,0.13706649839878082,0.32145440578460693,-0.00024772892356850207,0.032999638468027115,0.032999638468027115,1.0,-3.0,success
2697,0.1360432505607605,0.321715384721756,-0.00024772962206043303,0.033000148832798004,0.033000148832798004,1.0,-3.0,success
2698,0.13502062857151031,0.32197877764701843,-0.0002477308444213122,0.03299993276596069,0.03299993276596069,1.0,-3.0,success
2699,0.13399845361709595,0.32224389910697937,-0.00024774210760369897,0.032999925315380096,0.032999925315380096,1.0,3.0,success
2700,0.13297566771507263,0.3225066065788269,-0.00024774132180027664,0.03299956023693085,0.03299956023693085,1.0,3.0,success
2701,0.13195224106311798,0.32276690006256104,-0.0002477404195815325,0.03300027549266815,0.03300027549266815,1.0,3.0,success
2702,0.13092821836471558,0.32302483916282654,-0.00024773989571258426,0.03300028294324875,0.03300028294324875,1.0,3.0,success
2703,0.1299036145210266,0.3232804536819458,-0.00024773957557044923,0.03300023078918457,0.03300023078918457,1.0,3.0,success
2704,0.1288786232471466,0.32353442907333374,-0.0002477285161148757,0.03299962356686592,0.03299962356686592,1.0,-3.0,success
2705,0.12785425782203674,0.32379087805747986,-0.0002477291855029762,0.032999325543642044,0.032999325543642044,1.0,-3.0,success
2706,0.12683048844337463,0.32404983043670654,-0.00024773040786385536,0.03300035372376442,0.03300035372376442,1.0,-3.0,success
2707,0.12580718100070953,0.3243105113506317,-0.00024774178746156394,0.03299965336918831,0.03299965336918831,1.0,3.0,success
2708,0.12478325515985489,0.3245687782764435,-0.00024774111807346344,0.03299985080957413,0.03299985080957413,1.0,3.0,success
2709,0.1237587183713913,0.32482466101646423,-0.0002477403322700411,0.03300022706389427,0.03300022706389427,1.0,3.0,success
2710,0.12273377925157547,0.3250788450241089,-0.00024772927281446755,0.03299960866570473,0.03299960866570473,1.0,-3.0,success
2711,0.121709443628788,0.32533547282218933,-0.0002477299713063985,0.032999780029058456,0.032999780029058456,1.0,-3.0,success
2712,0.12068554759025574,0.32559388875961304,-0.0002477414673194289,0.03300008550286293,0.03300008550286293,1.0,3.0,success
2713,0.11966104805469513,0.32584989070892334,-0.00024774091434665024,0.033000003546476364,0.033000003546476364,1.0,3.0,success
2714,0.11863595992326736,0.326103538274765,-0.0002477402158547193,0.033000096678733826,0.033000096678733826,1.0,3.0,success
2715,0.11761046200990677,0.3263554871082306,-0.0002477291563991457,0.03299982473254204,0.03299982473254204,1.0,-3.0,success
2716,0.11658557504415512,0.32660987973213196,-0.00024772982578724623,0.03299959748983383,0.03299959748983383,1.0,-3.0,success
2717,0.1155611202120781,0.3268660604953766,-0.00024774138000793755,0.033000003546476364,0.033000003546476364,1.0,3.0,success
2718,0.11453607678413391,0.3271198570728302,-0.0002477408852428198,0.03299986198544502,0.03299986198544502,1.0,3.0,success
2719,0.11351043730974197,0.3273712694644928,-0.0002477402158547193,0.03300012648105621,0.03300012648105621,1.0,3.0,success
2720,0.1124844029545784,0.3276210129261017,-0.00024772912729531527,0.032999735325574875,0.032999735325574875,1.0,-3.0,success
2721,0.11145896464586258,0.32787322998046875,-0.00024772979668341577,0.03300001844763756,0.03300001844763756,1.0,-3.0,success
2722,0.11043412983417511,0.3281278908252716,-0.00024773101904429495,0.03300003707408905,0.03300003334879875,1.0,-3.0,success
2723,0.10940972715616226,0.32838425040245056,-0.0002477422240190208,0.03299977630376816,0.03299977630376816,1.0,3.0,success
2724,0.10838472098112106,0.3286381959915161,-0.000247741409111768,0.032999854534864426,0.032999854534864426,1.0,3.0,success
2725,0.10735911875963211,0.32888972759246826,-0.00024774050689302385,0.032999880611896515,0.032999880611896515,1.0,3.0,success
2726,0.106332927942276,0.3291389048099518,-0.0002477399248164147,0.03300030902028084,0.03300030902028084,1.0,3.0,success
2727,0.10530634969472885,0.3293864130973816,-0.0002477288944646716,0.032999809831380844,0.032999809831380844,1.0,-3.0,success
2728,0.10428036749362946,0.3296363949775696,-0.0002477295638527721,0.0329999141395092,0.0329999141395092,1.0,-3.0,success
2729,0.10325482487678528,0.32988813519477844,-0.00024774117628112435,0.03299962356686592,0.03299962356686592,1.0,3.0,success
2730,0.10222868621349335,0.3301375210285187,-0.0002477407397236675,0.033000264316797256,0.033000264316797256,1.0,3.0,success
2731,0.10120197385549545,0.3303845226764679,-0.0002477401285432279,0.03300017863512039,0.03300017863512039,1.0,3.0,success
2732,0.10017488151788712,0.330629825592041,-0.00024772906908765435,0.03299935162067413,0.03299935162067413,1.0,-3.0,success
2733,0.09914837032556534,0.3308776319026947,-0.00024772973847575486,0.032999955117702484,0.032999955117702484,1.0,-3.0,success
2734,0.09812244772911072,0.3311278820037842,-0.00024773096083663404,0.03300008922815323,0.03300008922815323,1.0,-3.0,success
2735,0.09709695726633072,0.33137986063957214,-0.0002477421658113599,0.03299981728196144,0.03299981728196144,1.0,3.0,success
2736,0.09607087075710297,0.3316294252872467,-0.0002477413509041071,0.032999999821186066,0.032999999821186066,1.0,3.0,success
2737,0.09504419565200806,0.3318765461444855,-0.0002477404777891934,0.0329999141395092,0.0329999141395092,1.0,3.0,success
2738,0.09401694685220718,0.3321213126182556,-0.00024773989571258426,0.033000215888023376,0.033000215888023376,1.0,3.0,success
2739,0.09298932552337646,0.33236441016197205,-0.00024772886536084116,0.03299949690699577,0.03299949690699577,1.0,-3.0,success
2740,0.09196227788925171,0.33260998129844666,-0.0002477295638527721,0.03299994021654129,0.03299994021654129,1.0,-3.0,success
2741,0.09093566238880157,0.3328573405742645,-0.00024774117628112435,0.03299985080957413,0.03299985080957413,1.0,3.0,success
2742,0.08990846574306488,0.3331023156642914,-0.0002477407397236675,0.033000145107507706,0.033000145107507706,1.0,3.0,success
2743,0.08888071030378342,0.3333449363708496,-0.00024774009943939745,0.033000148832798004,0.033000148832798004,1.0,3.0,success
2744,0.08785256743431091,0.33358585834503174,-0.00024772906908765435,0.03299977630376816,0.03299977630376816,1.0,-3.0,success
2745,0.08682500571012497,0.33382925391197205,-0.00024772973847575486,0.032999828457832336,0.032999828457832336,1.0,-3.0,success
2746,0.08579802513122559,0.33407512307167053,-0.00024773096083663404,0.03300006687641144,0.03300006687641144,1.0,-3.0,success
2747,0.08477146178483963,0.3343226909637451,-0.0002477421658113599,0.03299979493021965,0.03299979493021965,1.0,3.0,success
2748,0.08374431729316711,0.3345678448677063,-0.0002477413509041071,0.032999854534864426,0.032999854534864426,1.0,3.0,success
2749,0.08271659165620804,0.3348105847835541,-0.00024774044868536294,0.033000096678733826,0.033000096678733826,1.0,3.0,success
2750,0.0816883072257042,0.33505094051361084,-0.00024773989571258426,0.033000051975250244,0.033000051975250244,1.0,3.0,success
2751,0.0806596502661705,0.3352896273136139,-0.00024772886536084116,0.032999563962221146,0.032999563962221146,1.0,-3.0,success
2752,0.07963155955076218,0.3355308175086975,-0.0002477295638527721,0.03300010785460472,0.03300010785460472,1.0,-3.0,success
2753,0.07860404998064041,0.3357744514942169,-0.00024773081531748176,0.03299995884299278,0.03299995884299278,1.0,-3.0,success
2754,0.07757695764303207,0.3360198140144348,-0.00024774204939603806,0.032999783754348755,0.032999783754348755,1.0,3.0,success
2755,0.07654928416013718,0.3362627625465393,-0.0002477412635926157,0.03300001099705696,0.03300001099705696,1.0,3.0,success
2756,0.07552104443311691,0.3365032970905304,-0.000247740390477702,0.03299996629357338,0.03299996629357338,1.0,3.0,success
2757,0.07449223846197128,0.33674144744873047,-0.00024773983750492334,0.033000316470861435,0.033000316470861435,1.0,3.0,success
2758,0.073463074862957,0.33697792887687683,-0.0002477288362570107,0.03299948200583458,0.03299948200583458,1.0,-3.0,success
2759,0.07243447005748749,0.33721691370010376,-0.00024772953474894166,0.03300008177757263,0.03300008177757263,1.0,-3.0,success
2760,0.0714062824845314,0.33745765686035156,-0.0002477411471772939,0.03299986571073532,0.03299986571073532,1.0,3.0,success
2761,0.07037753611803055,0.33769604563713074,-0.00024774071061983705,0.03300018236041069,0.03300018236041069,1.0,3.0,success
2762,0.06934823840856552,0.3379320204257965,-0.000247740070335567,0.03300002962350845,0.03300002962350845,1.0,3.0,success
2763,0.06831857562065125,0.33816632628440857,-0.0002477290399838239,0.032999537885189056,0.032999537885189056,1.0,-3.0,success
2764,0.06728947162628174,0.3384031355381012,-0.00024772973847575486,0.03299996629357338,0.03299996629357338,1.0,-3.0,success
2765,0.066260926425457,0.3386423885822296,-0.00024773096083663404,0.033000167459249496,0.033000167459249496,1.0,-3.0,success
2766,0.06523279845714569,0.3388833701610565,-0.0002477421658113599,0.03299975022673607,0.03299975022673607,1.0,3.0,success
2767,0.06420409679412842,0.33912190794944763,-0.0002477413509041071,0.03299987316131592,0.03299987316131592,1.0,3.0,success
2768,0.06317483633756638,0.33935806155204773,-0.00024774044868536294,0.03300014138221741,0.03300014138221741,1.0,3.0,success
2769,0.06214519217610359,0.33959248661994934,-0.00024772941833361983,0.03299979493021965,0.03299979493021965,1.0,-3.0,success
2770,0.06111610308289528,0.33982935547828674,-0.0002477301168255508,0.032999929040670395,0.032999929040670395,1.0,-3.0,success
2771,0.060087427496910095,0.3400680124759674,-0.0002477415546309203,0.0329999178647995,0.0329999178647995,1.0,3.0,success
2772,0.05905819311738014,0.34030425548553467,-0.00024774097255431116,0.032999973744153976,0.032999973744153976,1.0,3.0,success
2773,0.05802840366959572,0.3405381143093109,-0.0002477402158547193,0.03300029784440994,0.03300029784440994,1.0,3.0,success
2774,0.056998249143362045,0.34077024459838867,-0.0002477291855029762,0.03299950808286667,0.03299950808286667,1.0,-3.0,success
2775,0.055968645960092545,0.341004878282547,-0.00024772988399490714,0.03299999609589577,0.03299999609589577,1.0,-3.0,success
2776,0.054939597845077515,0.3412419557571411,-0.0002477311354596168,0.033000145107507706,0.033000145107507706,1.0,-3.0,success
2777,0.053910963237285614,0.3414807617664337,-0.0002477422822266817,0.03299972414970398,0.03299972414970398,1.0,3.0,success
2778,0.05288175866007805,0.3417171239852905,-0.000247741409111768,0.03299989551305771,0.03299989551305771,1.0,3.0,success
2779,0.051851995289325714,0.34195107221603394,-0.0002477404777891934,0.033000122755765915,0.033000122755765915,1.0,3.0,success
2780,0.0508216917514801,0.34218263626098633,-0.0002477398666087538,0.033000167459249496,0.033000167459249496,1.0,3.0,success
2781,0.04979102686047554,0.342412531375885,-0.00024772886536084116,0.03299979120492935,0.03299979120492935,1.0,-3.0,success
2782,0.04876091331243515,0.34264490008354187,-0.0002477295929566026,0.03299989551305771,0.03299989551305771,1.0,-3.0,success
2783,0.04773135110735893,0.3428797423839569,-0.0002477308444213122,0.033000193536281586,0.033000193536281586,1.0,-3.0,success
2784,0.046702198684215546,0.34311628341674805,-0.0002477420784998685,0.03299956023693085,0.03299956023693085,1.0,3.0,success
2785,0.04567248374223709,0.34335044026374817,-0.0002477412926964462,0.03300009295344353,0.03300009295344353,1.0,3.0,success
2786,0.044642217457294464,0.3435821533203125,-0.000247740390477702,0.033000051975250244,0.033000051975250244,1.0,3.0,success
2787,0.04361141473054886,0.3438114821910858,-0.0002477398084010929,0.033000148832798004,0.033000148832798004,1.0,3.0,success
2788,0.0425802581012249,0.3440391421318054,-0.00024772880715318024,0.032999660819768906,0.032999660819768906,1.0,-3.0,success
2789,0.041549649089574814,0.3442693054676056,-0.00024772953474894166,0.0329999104142189,0.0329999104142189,1.0,-3.0,success
2790,0.0405195876955986,0.34450194239616394,-0.0002477307862136513,0.0330001525580883,0.0330001525580883,1.0,-3.0,success
2791,0.039489924907684326,0.3447362780570984,-0.00024774204939603806,0.03299974277615547,0.03299974277615547,1.0,3.0,success
2792,0.03845971077680588,0.3449682295322418,-0.0002477412635926157,0.033000096678733826,0.033000096678733826,1.0,3.0,success
2793,0.037428949028253555,0.34519773721694946,-0.00024774036137387156,0.03300010785460472,0.03300010785460472,1.0,3.0,success
2794,0.036397822201251984,0.3454255163669586,-0.0002477293601259589,0.03299955278635025,0.03299955278635025,1.0,-3.0,success
2795,0.03536723181605339,0.34565579891204834,-0.00024773008772172034,0.0330001562833786,0.0330001562833786,1.0,-3.0,success
2796,0.03433704376220703,0.34588780999183655,-0.00024774152552708983,0.032999712973833084,0.032999712973833084,1.0,3.0,success
2797,0.0333063080906868,0.34611743688583374,-0.0002477409434504807,0.03300012648105621,0.03300012648105621,1.0,3.0,success
2798,0.032275039702653885,0.3463446795940399,-0.0002477401867508888,0.03300026059150696,0.03300026059150696,1.0,3.0,success
2799,0.031243251636624336,0.3465695083141327,-0.0002477397210896015,0.032999977469444275,0.032999977469444275,1.0,3.0,success
2800,0.03021111898124218,0.34679272770881653,-0.0002477286907378584,0.032999832183122635,0.032999832183122635,1.0,-3.0,success
2801,0.02917952463030815,0.34701842069625854,-0.00024772941833361983,0.03299982473254204,0.03299982473254204,1.0,-3.0,success
2802,0.02814846858382225,0.34724658727645874,-0.00024773066979832947,0.03300000727176666,0.03300000727176666,1.0,-3.0,success
2803,0.027117807418107986,0.3474765121936798,-0.0002477419620845467,0.032999876886606216,0.032999876886606216,1.0,3.0,success
2804,0.026086604222655296,0.3477039933204651,-0.0002477412053849548,0.03299987316131592,0.03299987316131592,1.0,3.0,success
2805,0.025054866448044777,0.34792909026145935,-0.0002477403322700411,0.03300022706389427,0.03300022706389427,1.0,3.0,success
2806,0.024022608995437622,0.3481517732143402,-0.00024773977929726243,0.03300010412931442,0.03300010412931442,1.0,3.0,success
2807,0.02299000881612301,0.34837278723716736,-0.0002477287780493498,0.03299961984157562,0.032999616116285324,1.0,-3.0,success
2808,0.021957939490675926,0.34859633445739746,-0.0002477295056451112,0.03300006315112114,0.03300006315112114,1.0,-3.0,success
2809,0.020926402881741524,0.34882232546806335,-0.00024773075710982084,0.033000051975250244,0.033000051975250244,1.0,-3.0,success
2810,0.01989525742828846,0.34905004501342773,-0.0002477420202922076,0.03299972042441368,0.03299972042441368,1.0,3.0,success
2811,0.018863573670387268,0.3492753505706787,-0.00024774123448878527,0.03299997001886368,0.03299997001886368,1.0,3.0,success
2812,0.017831359058618546,0.3494982421398163,-0.00024774036137387156,0.03300017490983009,0.03300017490983009,1.0,3.0,success
2813,0.016798628494143486,0.34971871972084045,-0.00024773977929726243,0.033000096678733826,0.033000096678733826,1.0,3.0,success
2814,0.015765558928251266,0.3499375581741333,-0.00024772880715318024,0.032999806106090546,0.032999806106090546,1.0,-3.0,success
2815,0.01473301462829113,0.3501588702201843,-0.00024772953474894166,0.03299986198544502,0.03299986198544502,1.0,-3.0,success
2816,0.013700997456908226,0.35038265585899353,-0.0002477307862136513,0.033000048249959946,0.033000048249959946,1.0,-3.0,success
2817,0.01266950462013483,0.3506088852882385,-0.00024773203767836094,0.033000312745571136,0.033000312745571136,1.0,-3.0,success
2818,0.011638401076197624,0.35083678364753723,-0.00024774292251095176,0.03299964591860771,0.03299964591860771,1.0,3.0,success
2819,0.010627618059515953,0.35105782747268677,-0.0002437347429804504,0.03233368694782257,0.03233344480395317,1.0,3.0,success
2820,0.009595380164682865,0.35128042101860046,-0.0002442211261950433,0.03299892321228981,0.03299891948699951,1.0,3.0,success
2821,0.008562610484659672,0.35150063037872314,-0.0002449096937198192,0.03299955278635025,0.03299954906105995,1.0,3.0,success
2822,0.00752950320020318,0.3517192304134369,-0.00024546473287045956,0.032999418675899506,0.03299941495060921,1.0,-3.0,success
2823,0.006496916525065899,0.3519403040409088,-0.0002459188981447369,0.03299959748983383,0.03299959376454353,1.0,-3.0,success
2824,0.005464854650199413,0.3521638512611389,-0.0002462828124407679,0.03299983963370323,0.03299983963370323,1.0,-3.0,success
2825,0.004433174151927233,0.3523891270160675,-0.00024658406618982553,0.0329996719956398,0.0329996682703495,1.0,3.0,success
2826,0.0034009607043117285,0.3526119589805603,-0.0002468152088113129,0.03299974277615547,0.03299974277615547,1.0,3.0,success
2827,0.0023682210594415665,0.3528323769569397,-0.0002469997853040695,0.03299998864531517,0.03299998864531517,1.0,3.0,success
2828,0.001334971864707768,0.3530504107475281,-0.00024714754545129836,0.033000096678733826,0.033000096678733826,1.0,3.0,success
2829,0.00030138783040456474,0.35326680541038513,-0.00024725517141632736,0.03299979865550995,0.03299979865550995,1.0,-3.0,success
2830,-0.0007316783303394914,0.35348567366600037,-0.00024735074839554727,0.03299989551305771,0.03299989551305771,1.0,-3.0,success
2831,-0.0017642226302996278,0.3537070155143738,-0.0002474278735462576,0.03300005570054054,0.03300005570054054,1.0,-3.0,success
2832,-0.0027963852044194937,0.3539300858974457,-0.0002474997891113162,0.032999761402606964,0.032999761402606964,1.0,3.0,success
2833,-0.0038290752563625574,0.3541507124900818,-0.00024754751939326525,0.032999832183122635,0.032999832183122635,1.0,3.0,success
2834,-0.0048622852191329,0.3543689250946045,-0.0002475854125805199,0.033000048249959946,0.033000048249959946,1.0,3.0,success
2835,-0.005895999260246754,0.3545847535133362,-0.0002476158842910081,0.0330001562833786,0.0330001562833786,1.0,3.0,success
2836,-0.0069300453178584576,0.35479891300201416,-0.00024762970861047506,0.03299969807267189,0.03299969807267189,1.0,-3.0,success
2837,-0.007963578216731548,0.3550155758857727,-0.000247650285018608,0.032999955117702484,0.032999955117702484,1.0,-3.0,success
2838,-0.008996594697237015,0.35523471236228943,-0.00024766739807091653,0.03300011530518532,0.03300011530518532,1.0,-3.0,success
2839,-0.010029098019003868,0.35545626282691956,-0.0002476813388057053,0.03300017490983009,0.03300017490983009,1.0,-3.0,success
2840,-0.011061220429837704,0.3556795120239258,-0.000247702409978956,0.03299971669912338,0.03299971669912338,1.0,3.0,success
2841,-0.012093879282474518,0.35590028762817383,-0.00024770942400209606,0.032999854534864426,0.032999854534864426,1.0,3.0,success
2842,-0.01312706433236599,0.3561186194419861,-0.00024771480821073055,0.03300005942583084,0.03300005942583084,1.0,3.0,success
2843,-0.014160758815705776,0.35633453726768494,-0.00024771926109679043,0.03300013020634651,0.03300013020634651,1.0,3.0,success
2844,-0.015194948762655258,0.3565480709075928,-0.00024772301549091935,0.03300013765692711,0.03300013765692711,1.0,3.0,success
2845,-0.016229460015892982,0.3567599654197693,-0.0002477153320796788,0.03299965709447861,0.03299965709447861,1.0,-3.0,success
2846,-0.017263464629650116,0.35697436332702637,-0.00024771870812401175,0.03299994021654129,0.03299994021654129,1.0,-3.0,success
2847,-0.018296953290700912,0.3571912348270416,-0.00024772208416834474,0.03299994021654129,0.03299994021654129,1.0,-3.0,success
2848,-0.01932993344962597,0.3574105501174927,-0.00024772502365522087,0.033000167459249496,0.033000167459249496,1.0,-3.0,success
2849,-0.02036253735423088,0.3576315641403198,-0.0002477373636793345,0.032999731600284576,0.032999731600284576,1.0,3.0,success
2850,-0.021395670250058174,0.3578501045703888,-0.000247737392783165,0.03299981355667114,0.03299981355667114,1.0,3.0,success
2851,-0.022429324686527252,0.358066201210022,-0.0002477371890563518,0.03300004452466965,0.03300004452466965,1.0,3.0,success
2852,-0.023463480174541473,0.35827988386154175,-0.0002477371890563518,0.033000025898218155,0.033000025898218155,1.0,3.0,success
2853,-0.02449812740087509,0.3584912121295929,-0.0002477373636793345,0.03300027176737785,0.03300027176737785,1.0,3.0,success
2854,-0.02553309127688408,0.35870087146759033,-0.0002477267989888787,0.03299957141280174,0.03299957141280174,1.0,-3.0,success
2855,-0.026567552238702774,0.3589130640029907,-0.00024772784672677517,0.03299998864531517,0.03299998864531517,1.0,-3.0,success
2856,-0.02760150469839573,0.3591277301311493,-0.0002477293892297894,0.03300004452466965,0.03300004452466965,1.0,-3.0,success
2857,-0.028634952381253242,0.35934481024742126,-0.00024773087352514267,0.033000025898218155,0.033000025898218155,1.0,-3.0,success
2858,-0.02966802753508091,0.3595636188983917,-0.00024774204939603806,0.032999783754348755,0.032999783754348755,1.0,3.0,success
2859,-0.03070162609219551,0.359779953956604,-0.0002477411471772939,0.03299986571073532,0.03299986571073532,1.0,3.0,success
2860,-0.03173574060201645,0.3599938154220581,-0.0002477401867508888,0.032999902963638306,0.032999902963638306,1.0,3.0,success
2861,-0.032770201563835144,0.3602059781551361,-0.0002477292437106371,0.03299979865550995,0.03299979865550995,1.0,-3.0,success
2862,-0.033804163336753845,0.3604205846786499,-0.0002477300586178899,0.032999951392412186,0.032999951392412186,1.0,-3.0,success
2863,-0.034837756305933,0.36063694953918457,-0.0002477414964232594,0.032999880611896515,0.032999880611896515,1.0,3.0,success
2864,-0.03587185591459274,0.36085090041160583,-0.0002477408852428198,0.03300001472234726,0.03300001472234726,1.0,3.0,success
2865,-0.03690645471215248,0.3610624372959137,-0.0002477401285432279,0.03300009295344353,0.03300009295344353,1.0,3.0,success
2866,-0.03794139251112938,0.36127227544784546,-0.00024772912729531527,0.032999880611896515,0.032999880611896515,1.0,-3.0,success
2867,-0.038975827395915985,0.361484557390213,-0.0002477298548910767,0.03299975022673607,0.03299975022673607,1.0,-3.0,success
2868,-0.0400097593665123,0.36169934272766113,-0.0002477311063557863,0.03300017863512039,0.03300017863512039,1.0,-3.0,success
2869,-0.041043322533369064,0.36191582679748535,-0.0002477422822266817,0.032999731600284576,0.032999731600284576,1.0,3.0,success
2870,-0.04207739606499672,0.3621298670768738,-0.000247741409111768,0.032999780029058456,0.032999780029058456,1.0,3.0,success
2871,-0.043111979961395264,0.3623414933681488,-0.0002477404777891934,0.033000197261571884,0.033000197261571884,1.0,3.0,success
2872,-0.044147051870822906,0.3625507056713104,-0.0002477398666087538,0.03300011157989502,0.03300011157989502,1.0,3.0,success
2873,-0.045182447880506516,0.36275821924209595,-0.00024772886536084116,0.032999563962221146,0.032999563962221146,1.0,-3.0,success
2874,-0.04621734842658043,0.3629682660102844,-0.0002477295929566026,0.03300003707408905,0.03300003707408905,1.0,-3.0,success
2875,-0.04725174605846405,0.3631807565689087,-0.00024773081531748176,0.0329999178647995,0.0329999178647995,1.0,-3.0,success
2876,-0.04828577861189842,0.36339500546455383,-0.0002477420784998685,0.03299985080957413,0.03299985080957413,1.0,3.0,success
2877,-0.049320317804813385,0.3636068105697632,-0.0002477412926964462,0.032999951392412186,0.032999951392412186,1.0,3.0,success
2878,-0.05035535618662834,0.36381617188453674,-0.0002477404195815325,0.03300001099705696,0.03300001099705696,1.0,3.0,success
2879,-0.05139072984457016,0.3640238344669342,-0.0002477293892297894,0.03299979865550995,0.03299979493021965,1.0,-3.0,success
2880,-0.05242561176419258,0.36423394083976746,-0.00024773008772172034,0.03299983963370323,0.03299983963370323,1.0,-3.0,success
2881,-0.05345999449491501,0.3644465506076813,-0.0002477313100825995,0.03300021216273308,0.03300021216273308,1.0,-3.0,success
2882,-0.05449401214718819,0.3646608293056488,-0.000247742427745834,0.03299958258867264,0.03299958258867264,1.0,3.0,success
2883,-0.055528540164232254,0.36487269401550293,-0.00024774152552708983,0.03299998119473457,0.03299998119473457,1.0,3.0,success
2884,-0.056563571095466614,0.3650820851325989,-0.00024774056510068476,0.03299996629357338,0.03299996629357338,1.0,3.0,success
2885,-0.057598941028118134,0.3652897775173187,-0.0002477295056451112,0.03299986571073532,0.03299986571073532,1.0,-3.0,success
2886,-0.05863381549715996,0.36549994349479675,-0.00024773020413704216,0.03299998119473457,0.03299998119473457,1.0,-3.0,success
2887,-0.059668198227882385,0.36571255326271057,-0.00024773142649792135,0.03300021216273308,0.03300021216273308,1.0,-3.0,success
2888,-0.060702212154865265,0.3659268617630005,-0.00024774251505732536,0.03299965709447861,0.03299965709447861,1.0,3.0,success
2889,-0.061736736446619034,0.3661387264728546,-0.00024774158373475075,0.03299986943602562,0.03299986943602562,1.0,3.0,success
2890,-0.0627717599272728,0.36634814739227295,-0.0002477405942045152,0.0329999178647995,0.0329999178647995,1.0,3.0,success
2891,-0.06380727887153625,0.3665551543235779,-0.00024773995392024517,0.03300022333860397,0.03300022333860397,1.0,3.0,success
2892,-0.06484311074018478,0.3667604923248291,-0.0002477289526723325,0.032999634742736816,0.032999634742736816,1.0,-3.0,success
2893,-0.06587845832109451,0.3669683039188385,-0.0002477296511642635,0.0329999141395092,0.0329999141395092,1.0,-3.0,success
2894,-0.06691330671310425,0.36717861890792847,-0.00024773087352514267,0.03300010785460472,0.03300010785460472,1.0,-3.0,success
2895,-0.06794779002666473,0.36739063262939453,-0.0002477421367075294,0.03299954906105995,0.03299954906105995,1.0,3.0,success
2896,-0.06898277997970581,0.3676002323627472,-0.00024774132180027664,0.033000003546476364,0.033000003546476364,1.0,3.0,success
2897,-0.07001826167106628,0.36780738830566406,-0.00024774044868536294,0.03299999609589577,0.03299999609589577,1.0,3.0,success
2898,-0.07105407863855362,0.36801281571388245,-0.0002477293892297894,0.03299972042441368,0.03299972042441368,1.0,-3.0,success
2899,-0.07208941131830215,0.3682207465171814,-0.00024773008772172034,0.03300018981099129,0.03300018981099129,1.0,-3.0,success
2900,-0.07312437891960144,0.3684304356575012,-0.0002477415546309203,0.03299987316131592,0.03299987316131592,1.0,3.0,success
2901,-0.07415983825922012,0.36863768100738525,-0.00024774097255431116,0.03299986198544502,0.03299986198544502,1.0,3.0,success
2902,-0.07519577443599701,0.36884254217147827,-0.00024774024495854974,0.03299993649125099,0.03299993649125099,1.0,3.0,success
2903,-0.07623203843832016,0.3690457046031952,-0.00024772921460680664,0.032999731600284576,0.032999731600284576,1.0,-3.0,success
2904,-0.07726782560348511,0.3692513406276703,-0.00024772988399490714,0.033000074326992035,0.033000074326992035,1.0,-3.0,success
2905,-0.07830311357975006,0.36945945024490356,-0.0002477311063557863,0.0329999215900898,0.0329999215900898,1.0,-3.0,success
2906,-0.07933805137872696,0.3696692883968353,-0.0002477422822266817,0.032999880611896515,0.032999880611896515,1.0,3.0,success
2907,-0.08037348091602325,0.3698766827583313,-0.00024774143821559846,0.03299986198544502,0.03299986198544502,1.0,3.0,success
2908,-0.08140940219163895,0.3700816333293915,-0.00024774050689302385,0.033000025898218155,0.033000025898218155,1.0,3.0,success
2909,-0.0824456512928009,0.37028488516807556,-0.00024772947654128075,0.03299981355667114,0.03299981355667114,1.0,-3.0,success
2910,-0.08348141610622406,0.37049058079719543,-0.00024773014592938125,0.03299975395202637,0.03299975395202637,1.0,-3.0,success
2911,-0.08451670408248901,0.3706987500190735,-0.00024773136829026043,0.033000290393829346,0.033000290393829346,1.0,-3.0,success
2912,-0.08555162698030472,0.37090861797332764,-0.0002477424859534949,0.032999612390995026,0.032999612390995026,1.0,3.0,success
2913,-0.08658704906702042,0.371116042137146,-0.0002477415546309203,0.03299981728196144,0.03299981728196144,1.0,3.0,success
2914,-0.08762297034263611,0.37132102251052856,-0.0002477405942045152,0.03300020098686218,0.03300020098686218,1.0,3.0,success
2915,-0.0886593610048294,0.3715236186981201,-0.00024773995392024517,0.033000219613313675,0.033000219613313675,1.0,3.0,success
2916,-0.08969606459140778,0.3717244863510132,-0.0002477289526723325,0.03299949690699577,0.03299949690699577,1.0,-3.0,success
2917,-0.09073229134082794,0.3719278872013092,-0.0002477296511642635,0.033000025898218155,0.033000025898218155,1.0,-3.0,success
2918,-0.09176802635192871,0.372133731842041,-0.00024773087352514267,0.03299974650144577,0.03299974650144577,1.0,-3.0,success
2919,-0.09280329197645187,0.3723420202732086,-0.0002477320667821914,0.033000338822603226,0.033000338822603226,1.0,-3.0,success
2920,-0.09383819252252579,0.3725520074367523,-0.00024774298071861267,0.0329996682703495,0.0329996682703495,1.0,3.0,success
2921,-0.09487359970808029,0.37275952100753784,-0.0002477418747730553,0.032999906688928604,0.032999906688928604,1.0,3.0,success
2922,-0.0959094986319542,0.3729645609855652,-0.00024774076882749796,0.032999876886606216,0.032999876886606216,1.0,3.0,success
2923,-0.0969458818435669,0.3731671869754791,-0.000247740070335567,0.033000171184539795,0.033000171184539795,1.0,3.0,success
2924,-0.0979827269911766,0.37336742877960205,-0.00024773963377811015,0.03300012648105621,0.03300012648105621,1.0,3.0,success
2925,-0.09901987016201019,0.37356600165367126,-0.0002477286325301975,0.032999422401189804,0.032999422401189804,1.0,-3.0,success
2926,-0.10005654394626617,0.37376710772514343,-0.00024772933102212846,0.033000003546476364,0.033000003546476364,1.0,-3.0,success
2927,-0.10109273344278336,0.37397071719169617,-0.00024773055338300765,0.03300013765692711,0.03300013765692711,1.0,-3.0,success
2928,-0.10212844610214233,0.3741767406463623,-0.0002477318048477173,0.0330001525580883,0.0330001525580883,1.0,-3.0,success
2929,-0.10316380113363266,0.37438446283340454,-0.0002477427769917995,0.032999590039253235,0.032999590039253235,1.0,3.0,success
2930,-0.10419965535402298,0.3745897114276886,-0.0002477417583577335,0.03299977630376816,0.03299977630376816,1.0,3.0,success
2931,-0.1052360013127327,0.37479251623153687,-0.0002477406815160066,0.033000096678733826,0.033000096678733826,1.0,3.0,success
2932,-0.10627267509698868,0.37499359250068665,-0.0002477296511642635,0.03299982473254204,0.03299982473254204,1.0,-3.0,success
2933,-0.10730887204408646,0.3751971423625946,-0.00024773034965619445,0.03300001099705696,0.03300001099705696,1.0,-3.0,success
2934,-0.10834471881389618,0.37540242075920105,-0.00024774172925390303,0.03299972787499428,0.03299972787499428,1.0,3.0,success
2935,-0.1093810498714447,0.3756052851676941,-0.000247741088969633,0.032999999821186066,0.032999999821186066,1.0,3.0,success
2936,-0.11041771620512009,0.37580642104148865,-0.00024773000041022897,0.032999951392412186,0.032999951392412186,1.0,-3.0,success
2937,-0.11145390570163727,0.3760099709033966,-0.00024773069890215993,0.032999780029058456,0.032999780029058456,1.0,-3.0,success
2938,-0.1124897450208664,0.3762153089046478,-0.00024774199118837714,0.03299986198544502,0.03299986198544502,1.0,3.0,success
2939,-0.11352606862783432,0.37641820311546326,-0.0002477412635926157,0.032999951392412186,0.03299994766712189,1.0,3.0,success
2940,-0.11456286907196045,0.3766186535358429,-0.0002477404195815325,0.03299999237060547,0.03299999237060547,1.0,3.0,success
2941,-0.11559998989105225,0.37681740522384644,-0.0002477293601259589,0.03299978747963905,0.03299978747963905,1.0,-3.0,success
2942,-0.11663664132356644,0.37701866030693054,-0.0002477300586178899,0.03300020098686218,0.03300020098686218,1.0,-3.0,success
2943,-0.11767280846834183,0.37722235918045044,-0.0002477312518749386,0.03299999237060547,0.03299999237060547,1.0,-3.0,success
2944,-0.11870862543582916,0.3774277865886688,-0.00024774239864200354,0.03299972042441368,0.03299972042441368,1.0,3.0,success
2945,-0.1197449341416359,0.37763074040412903,-0.00024774152552708983,0.03299985080957413,0.03299985080957413,1.0,3.0,success
2946,-0.12078171968460083,0.37783128023147583,-0.00024774056510068476,0.03300006315112114,0.03300006315112114,1.0,3.0,success
2947,-0.12181897461414337,0.37802940607070923,-0.0002477399248164147,0.03300023078918457,0.03300023078918457,1.0,3.0,success
2948,-0.12285652756690979,0.37822583317756653,-0.00024772892356850207,0.03299945965409279,0.03299945965409279,1.0,-3.0,success
2949,-0.1238936185836792,0.3784247934818268,-0.00024772962206043303,0.033000100404024124,0.033000100404024124,1.0,-3.0,success
2950,-0.1249302327632904,0.3786261975765228,-0.00024773087352514267,0.03299994766712189,0.03299994766712189,1.0,-3.0,success
2951,-0.12596650421619415,0.37882936000823975,-0.00024774210760369897,0.03299996256828308,0.03299996256828308,1.0,3.0,success
2952,-0.1270032525062561,0.3790300786495209,-0.00024774132180027664,0.03299998492002487,0.03299998492002487,1.0,3.0,success
2953,-0.12804046273231506,0.3792283535003662,-0.0002477404195815325,0.03299972787499428,0.03299972787499428,1.0,3.0,success
2954,-0.1290780007839203,0.37942492961883545,-0.0002477293892297894,0.03299987316131592,0.03299987316131592,1.0,-3.0,success
2955,-0.1301150768995285,0.3796239495277405,-0.00024773008772172034,0.03299999609589577,0.03299999609589577,1.0,-3.0,success
2956,-0.13115181028842926,0.37982475757598877,-0.0002477415546309203,0.03300005942583084,0.03300005942583084,1.0,3.0,success
2957,-0.13218900561332703,0.38002315163612366,-0.00024774097255431116,0.032999973744153976,0.032999973744153976,1.0,3.0,success
2958,-0.13322652876377106,0.38021981716156006,-0.0002477299130987376,0.03299993276596069,0.03299993276596069,1.0,-3.0,success
2959,-0.13426357507705688,0.38041892647743225,-0.0002477305824868381,0.03299960866570473,0.03299960866570473,1.0,-3.0,success
2960,-0.13530029356479645,0.3806197941303253,-0.00024774190387688577,0.032999955117702484,0.032999955117702484,1.0,3.0,success
2961,-0.1363374888896942,0.380818247795105,-0.0002477412053849548,0.03300032392144203,0.03300032392144203,1.0,3.0,success
2962,-0.1373751312494278,0.38101425766944885,-0.00024774036137387156,0.032999783754348755,0.032999783754348755,1.0,3.0,success
2963,-0.13841310143470764,0.38120853900909424,-0.00024772933102212846,0.03299987316131592,0.03299987316131592,1.0,-3.0,success
2964,-0.13945059478282928,0.3814053237438202,-0.0002477300295140594,0.032999712973833084,0.032999712973833084,1.0,-3.0,success
2965,-0.14048776030540466,0.3816038966178894,-0.0002477414964232594,0.03300010785460472,0.03300010785460472,1.0,3.0,success
2966,-0.14152537286281586,0.3818000555038452,-0.0002477409434504807,0.032999731600284576,0.032999731600284576,1.0,3.0,success
2967,-0.14256346225738525,0.3819938004016876,-0.0002477402158547193,0.03300045430660248,0.03300045430660248,1.0,3.0,success
2968,-0.14360183477401733,0.38218584656715393,-0.0002477291855029762,0.03299945220351219,0.03299945220351219,1.0,-3.0,success
2969,-0.1446397602558136,0.3823803663253784,-0.00024772988399490714,0.03299986943602562,0.03299986943602562,1.0,-3.0,success
2970,-0.14567722380161285,0.38257738947868347,-0.0002477311063557863,0.03300018608570099,0.03300018608570099,1.0,-3.0,success
2971,-0.14671435952186584,0.3827761113643646,-0.0002477422822266817,0.033000070601701736,0.033000070601701736,1.0,3.0,success
2972,-0.14775194227695465,0.3829724192619324,-0.000247741409111768,0.032999683171510696,0.032999683171510696,1.0,3.0,success
2973,-0.14879000186920166,0.38316625356674194,-0.0002477404777891934,0.033000048249959946,0.033000048249959946,1.0,3.0,success
2974,-0.14982850849628448,0.3833577036857605,-0.0002477398666087538,0.033000193536281586,0.033000193536281586,1.0,3.0,success
2975,-0.1508673131465912,0.38354748487472534,-0.0002477288944646716,0.03299994021654129,0.03299994021654129,1.0,-3.0,success
2976,-0.15190565586090088,0.38373973965644836,-0.0002477295929566026,0.03299972414970398,0.03299972414970398,1.0,-3.0,success
2977,-0.15294355154037476,0.38393449783325195,-0.0002477308444213122,0.03300032764673233,0.03300032764673233,1.0,-3.0,success
2978,-0.15398108959197998,0.38413098454475403,-0.0002477420784998685,0.03299935162067413,0.03299935162067413,1.0,3.0,success
2979,-0.1550191044807434,0.3843250274658203,-0.0002477412926964462,0.03299987316131592,0.03299987316131592,1.0,3.0,success
2980,-0.15605758130550385,0.3845166563987732,-0.000247740390477702,0.033000290393829346,0.033000290393829346,1.0,3.0,success
2981,-0.1570965051651001,0.3847058415412903,-0.0002477398084010929,0.03300026059150696,0.03300026059150696,1.0,3.0,success
2982,-0.15813571214675903,0.38489338755607605,-0.0002477288362570107,0.032999832183122635,0.032999832183122635,1.0,-3.0,success
2983,-0.15917445719242096,0.38508340716362,-0.00024772953474894166,0.03299944847822189,0.032999444752931595,1.0,-3.0,success
2984,-0.16021277010440826,0.3852759301662445,-0.00024773081531748176,0.03300033509731293,0.03300033509731293,1.0,-3.0,success
2985,-0.1612507402896881,0.3854702115058899,-0.00024774204939603806,0.03299987316131592,0.03299987316131592,1.0,3.0,success
2986,-0.16228917241096497,0.3856620490550995,-0.0002477412635926157,0.033000100404024124,0.033000100404024124,1.0,3.0,success
2987,-0.16332805156707764,0.3858514130115509,-0.00024774036137387156,0.03299988806247711,0.03299988806247711,1.0,3.0,success
2988,-0.16436737775802612,0.3860383927822113,-0.0002477398084010929,0.03300035744905472,0.03300035744905472,1.0,3.0,success
2989,-0.16540712118148804,0.3862230181694031,-0.0002477394591551274,0.033000245690345764,0.033000245690345764,1.0,3.0,success
2990,-0.16644713282585144,0.38640597462654114,-0.0002477284870110452,0.032999422401189804,0.032999422401189804,1.0,-3.0,success
2991,-0.16748671233654022,0.38659146428108215,-0.0002477291855029762,0.03299994021654129,0.03299994021654129,1.0,-3.0,success
2992,-0.1685258448123932,0.3867794871330261,-0.0002477304369676858,0.03300018981099129,0.03300018981099129,1.0,-3.0,success
2993,-0.1695646345615387,0.3869692385196686,-0.00024774178746156394,0.03299931436777115,0.03299931064248085,1.0,3.0,success
2994,-0.1706038862466812,0.38715657591819763,-0.000247741088969633,0.033000048249959946,0.033000048249959946,1.0,3.0,success
2995,-0.17164358496665955,0.3873414695262909,-0.0002477402740623802,0.033000338822603226,0.033000338822603226,1.0,3.0,success
2996,-0.1726837009191513,0.38752397894859314,-0.000247739750193432,0.033000219613313675,0.033000219613313675,1.0,3.0,success
2997,-0.1737242341041565,0.38770410418510437,-0.00024773943005129695,0.03300027176737785,0.03300027176737785,1.0,3.0,success
2998,-0.17476502060890198,0.3878825902938843,-0.00024772845790721476,0.032999373972415924,0.032999373972415924,1.0,-3.0,success
2999,-0.17580538988113403,0.3880636394023895,-0.00024772912729531527,0.0330001637339592,0.0330001637339592,1.0,-3.0,success
3000,-0.17684531211853027,0.38824716210365295,-0.00024773040786385536,0.03299974650144577,0.03299974650144577,1.0,-3.0,success
3001,-0.17788492143154144,0.38843247294425964,-0.0002477417583577335,0.03299987316131592,0.03299987316131592,1.0,3.0,success
3002,-0.17892496287822723,0.38861533999443054,-0.000247741088969633,0.03299986198544502,0.03299986198544502,1.0,3.0,success
3003,-0.17996543645858765,0.38879579305648804,-0.00024774024495854974,0.03300018608570099,0.03300018608570099,1.0,3.0,success
3004,-0.1810063272714615,0.38897383213043213,-0.0002477397210896015,0.03300022706389427,0.03300022706389427,1.0,3.0,success
3005,-0.18204748630523682,0.3891502022743225,-0.00024772874894551933,0.03299973905086517,0.03299973905086517,1.0,-3.0,success
3006,-0.18308821320533752,0.38932907581329346,-0.00024772947654128075,0.032999586313962936,0.032999586313962936,1.0,-3.0,success
3007,-0.18412864208221436,0.38950976729393005,-0.000247741088969633,0.03300008177757263,0.03300008177757263,1.0,3.0,success
3008,-0.18516948819160461,0.38968807458877563,-0.0002477406815160066,0.033000268042087555,0.033000268042087555,1.0,3.0,success
3009,-0.1862107366323471,0.3898639380931854,-0.0002477400121279061,0.032999854534864426,0.032999854534864426,1.0,3.0,success
3010,-0.18725240230560303,0.3900374472141266,-0.00024773963377811015,0.03300054371356964,0.03300054371356964,1.0,3.0,success
3011,-0.1882944405078888,0.3902086019515991,-0.0002477394009474665,0.033000022172927856,0.033000022172927856,1.0,3.0,success
3012,-0.18933673202991486,0.39037811756134033,-0.0002477283705957234,0.03299957141280174,0.032999567687511444,1.0,-3.0,success
3013,-0.19037862122058868,0.3905501663684845,-0.0002477290399838239,0.03299996629357338,0.03299996629357338,1.0,-3.0,success
3014,-0.19142019748687744,0.3907240927219391,-0.00024774082703515887,0.032999929040670395,0.032999929040670395,1.0,3.0,success
3015,-0.19246217608451843,0.3908956050872803,-0.00024774050689302385,0.03299999609589577,0.03299999609589577,1.0,3.0,success
3016,-0.19350455701351166,0.39106473326683044,-0.00024773995392024517,0.033000387251377106,0.033000387251377106,1.0,3.0,success
3017,-0.19454731047153473,0.3912314772605896,-0.0002477396046742797,0.03300003334879875,0.03300003334879875,1.0,3.0,success
3018,-0.1955903172492981,0.39139658212661743,-0.0002477285743225366,0.03299980238080025,0.03299980238080025,1.0,-3.0,success
3019,-0.19663292169570923,0.3915642499923706,-0.0002477292437106371,0.03300000727176666,0.03300000727176666,1.0,-3.0,success
3020,-0.19767510890960693,0.39173442125320435,-0.00024773049517534673,0.03299964964389801,0.03299964964389801,1.0,-3.0,success
3021,-0.19871701300144196,0.39190635085105896,-0.00024774184566922486,0.03299982100725174,0.03299982100725174,1.0,3.0,success
3022,-0.1997593194246292,0.3920758366584778,-0.0002477411471772939,0.032999880611896515,0.032999880611896515,1.0,3.0,success
3023,-0.2008020281791687,0.3922429084777832,-0.00024774030316621065,0.03300027176737785,0.03300027176737785,1.0,3.0,success
3024,-0.2018449902534485,0.39240825176239014,-0.000247729301918298,0.032999586313962936,0.032999586313962936,1.0,-3.0,success
3025,-0.20288756489753723,0.39257609844207764,-0.00024773000041022897,0.032999973744153976,0.032999973744153976,1.0,-3.0,success
3026,-0.20392975211143494,0.3927464187145233,-0.0002477312518749386,0.033000398427248,0.033000398427248,1.0,-3.0,success
3027,-0.20497162640094757,0.3929184675216675,-0.0002477423695381731,0.03299950808286667,0.03299950808286667,1.0,3.0,success
3028,-0.20601391792297363,0.39308807253837585,-0.0002477414673194289,0.033000022172927856,0.033000022172927856,1.0,3.0,success
3029,-0.20705661177635193,0.39325520396232605,-0.00024774050689302385,0.03300010785460472,0.03300010785460472,1.0,3.0,success
3030,-0.20809969305992126,0.39341992139816284,-0.0002477398666087538,0.03300020843744278,0.03300020843744278,1.0,3.0,success
3031,-0.2091430276632309,0.3935829699039459,-0.0002477288944646716,0.03299994021654129,0.03299993649125099,1.0,-3.0,success
3032,-0.2101859599351883,0.3937484920024872,-0.00024772962206043303,0.03299954533576965,0.03299954533576965,1.0,-3.0,success
3033,-0.21122850477695465,0.3939165472984314,-0.00024773087352514267,0.03300008922815323,0.03300008922815323,1.0,-3.0,success
3034,-0.21227066218852997,0.394087016582489,-0.00024773209588602185,0.03300023451447487,0.03300023451447487,1.0,-3.0,success
3035,-0.2133125215768814,0.39425918459892273,-0.00024774300982244313,0.03299965709447861,0.03299965709447861,1.0,3.0,success
3036,-0.21435479819774628,0.39442887902259827,-0.0002477418747730553,0.03300001099705696,0.03300001099705696,1.0,3.0,success
3037,-0.21539735794067383,0.39459678530693054,-0.00024773075710982084,0.03299981355667114,0.03299981355667114,1.0,-3.0,success
3038,-0.21643954515457153,0.3947671055793762,-0.00024773142649792135,0.033000398427248,0.033000398427248,1.0,-3.0,success
3039,-0.2174813151359558,0.3949398696422577,-0.00024773256154730916,0.03299994021654129,0.03299994021654129,1.0,-3.0,success
3040,-0.2185228019952774,0.39511433243751526,-0.0002477433590684086,0.03299994021654129,0.03299994021654129,1.0,3.0,success
3041,-0.21956470608711243,0.3952862620353699,-0.0002477421367075294,0.03299982100725174,0.03299982100725174,1.0,3.0,success
3042,-0.22060701251029968,0.3954557478427887,-0.0002477409434504807,0.032999880611896515,0.032999880611896515,1.0,3.0,success
3043,-0.22164960205554962,0.39562347531318665,-0.00024772988399490714,0.03299984335899353,0.03299984335899353,1.0,-3.0,success
3044,-0.22269180417060852,0.3957936465740204,-0.0002477305824868381,0.03300010785460472,0.03300010785460472,1.0,-3.0,success
3045,-0.22373360395431519,0.3959662914276123,-0.00024773177574388683,0.03300024941563606,0.03300024941563606,1.0,-3.0,success
3046,-0.22477500140666962,0.3961413502693176,-0.00024773291079327464,0.033000268042087555,0.033000268042087555,1.0,-3.0,success
3047,-0.22581608593463898,0.39631807804107666,-0.00024774359189905226,0.03299931436777115,0.03299931436777115,1.0,3.0,success
3048,-0.22685761749744415,0.3964923024177551,-0.0002477422822266817,0.03300008922815323,0.03300008922815323,1.0,3.0,success
3049,-0.22789955139160156,0.396664023399353,-0.00024774103076197207,0.0329996794462204,0.0329996794462204,1.0,3.0,success
3050,-0.22894178330898285,0.39683398604393005,-0.0002477299713063985,0.032999977469444275,0.032999977469444275,1.0,-3.0,success
3051,-0.2299836128950119,0.39700642228126526,-0.00024773066979832947,0.03300010412931442,0.03300010412931442,1.0,-3.0,success
3052,-0.23102502524852753,0.39718133211135864,-0.0002477318630553782,0.032999955117702484,0.032999955117702484,1.0,-3.0,success
3053,-0.23206615447998047,0.39735791087150574,-0.0002477428351994604,0.0329999104142189,0.0329999104142189,1.0,3.0,success
3054,-0.23310768604278564,0.39753204584121704,-0.00024774178746156394,0.03299962729215622,0.03299962729215622,1.0,3.0,success
3055,-0.2341495305299759,0.3977043628692627,-0.00024773066979832947,0.032999955117702484,0.032999955117702484,1.0,-3.0,success
3056,-0.2351909726858139,0.39787915349006653,-0.00024773133918643,0.03300025686621666,0.03300025686621666,1.0,-3.0,success
3057,-0.23623201251029968,0.39805635809898376,-0.0002477324742358178,0.03300043195486069,0.03300043195486069,1.0,-3.0,success
3058,-0.23727263510227203,0.39823591709136963,-0.0002477335510775447,0.03300001099705696,0.03300001099705696,1.0,-3.0,success
3059,-0.23831294476985931,0.3984171748161316,-0.00024774405756033957,0.032999444752931595,0.032999444752931595,1.0,3.0,success
3060,-0.23935359716415405,0.3985965847969055,-0.00024773317272774875,0.03300013765692711,0.03300013765692711,1.0,-3.0,success
3061,-0.24039384722709656,0.39877837896347046,-0.00024773363838903606,0.03300049155950546,0.03300049155950546,1.0,-3.0,success
3062,-0.24143368005752563,0.39896249771118164,-0.0002477345406077802,0.03300023451447487,0.03300023451447487,1.0,-3.0,success
3063,-0.24247319996356964,0.39914828538894653,-0.00024774481425993145,0.03299974277615547,0.03299974277615547,1.0,3.0,success
3064,-0.24351316690444946,0.3993315100669861,-0.0002477431553415954,0.03299950435757637,0.03299950435757637,1.0,3.0,success
3065,-0.24455346167087555,0.3995129466056824,-0.00024773183395154774,0.03299994766712189,0.03299994394183159,1.0,-3.0,success
3066,-0.2455933541059494,0.3996967375278473,-0.0002477323869243264,0.03300028666853905,0.03300028666853905,1.0,-3.0,success
3067,-0.24663281440734863,0.399882972240448,-0.0002477334055583924,0.03300036862492561,0.03300036862492561,1.0,-3.0,success
3068,-0.2476719468832016,0.40007084608078003,-0.0002477439702488482,0.03299936279654503,0.03299936279654503,1.0,3.0,success
3069,-0.24871143698692322,0.4002569019794464,-0.0002477330854162574,0.03300030529499054,0.03300030529499054,1.0,-3.0,success
3070,-0.24975049495697021,0.4004453122615814,-0.0002477335510775447,0.03300005570054054,0.03300005570054054,1.0,-3.0,success
3071,-0.2507891356945038,0.40063610672950745,-0.00024773445329628885,0.033000607043504715,0.033000607043504715,1.0,-3.0,success
3072,-0.2518274188041687,0.4008285403251648,-0.00024774475605227053,0.032998912036418915,0.032998912036418915,1.0,3.0,success
3073,-0.2528662085533142,0.4010184407234192,-0.00024774312623776495,0.0330001525580883,0.0330001525580883,1.0,3.0,success
3074,-0.25390544533729553,0.401205837726593,-0.00024774164194241166,0.0329999215900898,0.0329999215900898,1.0,3.0,success
3075,-0.2549450099468231,0.4013914465904236,-0.0002477304660715163,0.03300013393163681,0.03300013393163681,1.0,-3.0,success
3076,-0.2559841275215149,0.40157952904701233,-0.0002477311063557863,0.03300006315112114,0.03300006315112114,1.0,-3.0,success
3077,-0.25702279806137085,0.4017700254917145,-0.00024773224140517414,0.03299984335899353,0.03299983963370323,1.0,-3.0,success
3078,-0.25806114077568054,0.4019622504711151,-0.00024774312623776495,0.03299955651164055,0.03299955651164055,1.0,3.0,success
3079,-0.25909996032714844,0.4021519720554352,-0.00024774199118837714,0.03300006315112114,0.03300006315112114,1.0,3.0,success
3080,-0.26013922691345215,0.40233922004699707,-0.0002477408852428198,0.03300001099705696,0.03300001099705696,1.0,3.0,success
3081,-0.2611789107322693,0.40252408385276794,-0.00024774015764705837,0.03299972042441368,0.03299972042441368,1.0,3.0,success
3082,-0.2622189223766327,0.40270721912384033,-0.00024772912729531527,0.0330003947019577,0.0330003947019577,1.0,-3.0,success
3083,-0.2632584571838379,0.4028928577899933,-0.00024772982578724623,0.03299938142299652,0.03299938142299652,1.0,-3.0,success
3084,-0.26429757475852966,0.4030809700489044,-0.00024773101904429495,0.03300022706389427,0.03300022706389427,1.0,-3.0,success
3085,-0.2653362452983856,0.40327149629592896,-0.0002477322123013437,0.03300001099705696,0.03300001099705696,1.0,-3.0,success
3086,-0.2663745880126953,0.403463751077652,-0.0002477430971339345,0.03299972414970398,0.03299972414970398,1.0,3.0,success
3087,-0.2674134075641632,0.40365350246429443,-0.0002477419620845467,0.03300023078918457,0.03300023078918457,1.0,3.0,success
3088,-0.268452525138855,0.40384146571159363,-0.00024773081531748176,0.03299940004944801,0.03299940004944801,1.0,-3.0,success
3089,-0.2694912254810333,0.4040318429470062,-0.0002477314556017518,0.03300008550286293,0.03300008550286293,1.0,-3.0,success
3090,-0.27052947878837585,0.4042246341705322,-0.0002477325906511396,0.03300003334879875,0.03300003334879875,1.0,-3.0,success
3091,-0.27156731486320496,0.40441980957984924,-0.00024773363838903606,0.03300090134143829,0.03300090134143829,1.0,-3.0,success
3092,-0.27260467410087585,0.4046173393726349,-0.00024773459881544113,0.03299994021654129,0.03299994021654129,1.0,-3.0,success
3093,-0.2736417055130005,0.40481647849082947,-0.0002477448433637619,0.032999325543642044,0.032999325543642044,1.0,3.0,success
3094,-0.2746792435646057,0.4050131142139435,-0.0002477431553415954,0.033000215888023376,0.033000215888023376,1.0,3.0,success
3095,-0.2757171094417572,0.40520790219306946,-0.0002477318630553782,0.03299958258867264,0.03299958258867264,1.0,-3.0,success
3096,-0.27675455808639526,0.40540507435798645,-0.0002477324160281569,0.03300059959292412,0.03300059959292412,1.0,-3.0,success
3097,-0.2777915298938751,0.40560463070869446,-0.00024773343466222286,0.03299995884299278,0.03299995884299278,1.0,-3.0,success
3098,-0.2788281738758087,0.4058058559894562,-0.00024774399935267866,0.03299979493021965,0.03299979493021965,1.0,3.0,success
3099,-0.2798652946949005,0.40600457787513733,-0.00024774260236881673,0.032999612390995026,0.032999612390995026,1.0,3.0,success
3100,-0.2809028923511505,0.4062008261680603,-0.0002477412635926157,0.03299979493021965,0.03299979493021965,1.0,3.0,success
3101,-0.2819408178329468,0.4063953161239624,-0.00024773014592938125,0.03299969807267189,0.03299969807267189,1.0,-3.0,success
3102,-0.2829782962799072,0.4065922498703003,-0.00024773081531748176,0.033000122755765915,0.033000122755765915,1.0,-3.0,success
3103,-0.2840152978897095,0.4067915976047516,-0.0002477319794707,0.03299964219331741,0.03299964219331741,1.0,-3.0,success
3104,-0.28505197167396545,0.40699267387390137,-0.00024774292251095176,0.03299982473254204,0.03299982473254204,1.0,3.0,success
3105,-0.28608912229537964,0.40719127655029297,-0.0002477418747730553,0.032999828457832336,0.032999828457832336,1.0,3.0,success
3106,-0.287126749753952,0.4073874056339264,-0.0002477407979313284,0.03300001844763756,0.03300001844763756,1.0,3.0,success
3107,-0.28816482424736023,0.4075811505317688,-0.00024774009943939745,0.03299999609589577,0.03299999609589577,1.0,3.0,success
3108,-0.2892032265663147,0.4077731668949127,-0.00024772906908765435,0.033000197261571884,0.033000197261571884,1.0,-3.0,success
3109,-0.29024115204811096,0.4079676866531372,-0.0002477297675795853,0.03299986943602562,0.03299986943602562,1.0,-3.0,success
3110,-0.291278600692749,0.4081646800041199,-0.0002477309899404645,0.03299955651164055,0.03299955651164055,1.0,-3.0,success
3111,-0.29231560230255127,0.40836411714553833,-0.0002477321831975132,0.033000171184539795,0.033000171184539795,1.0,-3.0,success
3112,-0.2933521568775177,0.4085659384727478,-0.0002477332891430706,0.03300061076879501,0.03300061076879501,1.0,-3.0,success
3113,-0.2943882346153259,0.4087700843811035,-0.00024773430777713656,0.03299994766712189,0.03299994766712189,1.0,-3.0,success
3114,-0.29542386531829834,0.40897655487060547,-0.0002477352099958807,0.03300036862492561,0.03300036862492561,1.0,-3.0,success
3115,-0.2964591383934021,0.40918466448783875,-0.00024774527992121875,0.03299946337938309,0.03299946337938309,1.0,3.0,success
3116,-0.29749494791030884,0.4093902111053467,-0.0002477434463799,0.033000215888023376,0.033000215888023376,1.0,3.0,success
3117,-0.29853111505508423,0.4095939099788666,-0.00024773209588602185,0.03299999237060547,0.03299999237060547,1.0,-3.0,success
3118,-0.2995668053627014,0.4097999930381775,-0.00024773264885880053,0.032999832183122635,0.032999832183122635,1.0,-3.0,success
3119,-0.3006020486354828,0.4100084602832794,-0.00024773363838903606,0.03300075605511665,0.03300075605511665,1.0,-3.0,success
3120,-0.30163678526878357,0.4102192521095276,-0.00024773459881544113,0.032999660819768906,0.032999660819768906,1.0,-3.0,success
3121,-0.3026711940765381,0.41043171286582947,-0.0002477448433637619,0.033000074326992035,0.033000074326992035,1.0,3.0,success
3122,-0.3037061095237732,0.410641610622406,-0.0002477431553415954,0.032999567687511444,0.032999567687511444,1.0,3.0,success
3123,-0.3047415316104889,0.410849004983902,-0.00024774164194241166,0.032999634742736816,0.032999634742736816,1.0,3.0,success
3124,-0.30577731132507324,0.41105467081069946,-0.00024773049517534673,0.03300002962350845,0.03300002962350845,1.0,-3.0,success
3125,-0.3068126142024994,0.41126275062561035,-0.0002477311354596168,0.033000193536281586,0.033000193536281586,1.0,-3.0,success
3126,-0.30784741044044495,0.41147324442863464,-0.0002477322705090046,0.03299962729215622,0.03299962729215622,1.0,-3.0,success
3127,-0.30888187885284424,0.41168543696403503,-0.00024774312623776495,0.03300021216273308,0.03300021216273308,1.0,3.0,success
3128,-0.30991682410240173,0.41189512610435486,-0.0002477420202922076,0.032999187707901,0.032999187707901,1.0,3.0,success
3129,-0.3109523057937622,0.4121024012565613,-0.0002477408852428198,0.033000726252794266,0.033000726252794266,1.0,3.0,success
3130,-0.3119882345199585,0.4123072326183319,-0.00024774015764705837,0.03299952670931816,0.03299952670931816,1.0,3.0,success
3131,-0.31302452087402344,0.41251036524772644,-0.00024772912729531527,0.03300023823976517,0.03300023823976517,1.0,-3.0,success
3132,-0.3140603005886078,0.41271600127220154,-0.00024772979668341577,0.03299984708428383,0.03299984708428383,1.0,-3.0,success
3133,-0.31509557366371155,0.4129241108894348,-0.00024773101904429495,0.03299946337938309,0.03299946337938309,1.0,-3.0,success
3134,-0.31613051891326904,0.4131339490413666,-0.0002477422240190208,0.03300011157989502,0.03300011157989502,1.0,3.0,success
3135,-0.31716594099998474,0.41334131360054016,-0.000247741409111768,0.03299945220351219,0.03299945220351219,1.0,3.0,success
3136,-0.3182017207145691,0.41354694962501526,-0.000247730320552364,0.03299984708428383,0.03299984708428383,1.0,-3.0,success
3137,-0.31923702359199524,0.41375502943992615,-0.0002477309899404645,0.033000193536281586,0.033000193536281586,1.0,-3.0,success
3138,-0.3202718496322632,0.41396549344062805,-0.00024773215409368277,0.03300035372376442,0.03300035372376442,1.0,-3.0,success
3139,-0.32130616903305054,0.41417837142944336,-0.0002477332600392401,0.03299996629357338,0.03299996629357338,1.0,-3.0,success
3140,-0.3223400413990021,0.4143936038017273,-0.0002477342786733061,0.03300119936466217,0.03300119936466217,1.0,-3.0,success
3141,-0.32337337732315063,0.4146111309528351,-0.00024773518089205027,0.03299948200583458,0.03299948200583458,1.0,-3.0,success
3142,-0.32440638542175293,0.4148302972316742,-0.0002477452508173883,0.033000048249959946,0.033000048249959946,1.0,3.0,success
3143,-0.32543978095054626,0.4150475859642029,-0.00024773419136181474,0.03299977257847786,0.03299977257847786,1.0,-3.0,success
3144,-0.3264726996421814,0.4152671992778778,-0.0002477345697116107,0.033000219613313675,0.033000219613313675,1.0,-3.0,success
3145,-0.3275051414966583,0.4154891073703766,-0.000247735355515033,0.0330006442964077,0.0330006442964077,1.0,-3.0,success
3146,-0.3285371959209442,0.4157126545906067,-0.0002477453963365406,0.03299960866570473,0.03299960866570473,1.0,3.0,success
3147,-0.3295697867870331,0.41593366861343384,-0.0002477435627952218,0.03299933299422264,0.03299933299422264,1.0,3.0,success
3148,-0.3306029438972473,0.4161521792411804,-0.00024774193298071623,0.03300035744905472,0.03300035744905472,1.0,3.0,success
3149,-0.33163660764694214,0.4163682460784912,-0.00024774082703515887,0.03300014138221741,0.03300014138221741,1.0,3.0,success
3150,-0.3326705992221832,0.4165825843811035,-0.00024772973847575486,0.03299916163086891,0.03299916163086891,1.0,-3.0,success
3151,-0.3337041139602661,0.4167993664741516,-0.00024773040786385536,0.033000167459249496,0.033000167459249496,1.0,-3.0,success
3152,-0.334737092256546,0.4170186221599579,-0.0002477316011209041,0.03299972042441368,0.03299972042441368,1.0,-3.0,success
3153,-0.3357697129249573,0.41723957657814026,-0.0002477426314726472,0.032999858260154724,0.032999858260154724,1.0,3.0,success
3154,-0.3368028700351715,0.41745808720588684,-0.0002477416710462421,0.03300035744905472,0.03300035744905472,1.0,3.0,success
3155,-0.33783653378486633,0.41767415404319763,-0.00024774065241217613,0.03300014138221741,0.03300014138221741,1.0,3.0,success
3156,-0.3388705253601074,0.41788849234580994,-0.0002477295929566026,0.03299916163086891,0.03299916163086891,1.0,-3.0,success
3157,-0.3399040400981903,0.41810527443885803,-0.00024773029144853354,0.033000167459249496,0.033000167459249496,1.0,-3.0,success
3158,-0.3409370481967926,0.4183245301246643,-0.0002477315138094127,0.033000633120536804,0.033000633120536804,1.0,-3.0,success
3159,-0.34196963906288147,0.4185454845428467,-0.0002477425732649863,0.0329989418387413,0.0329989418387413,1.0,3.0,success
3160,-0.3430027961730957,0.41876399517059326,-0.0002477416128385812,0.03300035744905472,0.03300035744905472,1.0,3.0,success
3161,-0.3440364599227905,0.41898006200790405,-0.0002477405942045152,0.03300014138221741,0.03300014138221741,1.0,3.0,success
3162,-0.345070481300354,0.41919440031051636,-0.0002477295638527721,0.033000074326992035,0.033000070601701736,1.0,-3.0,success
3163,-0.3461039662361145,0.41941121220588684,-0.0002477302623447031,0.032999441027641296,0.032999441027641296,1.0,-3.0,success
3164,-0.3471369743347168,0.4196304380893707,-0.00024773148470558226,0.033000439405441284,0.033000439405441284,1.0,-3.0,success
3165,-0.34816959500312805,0.4198513925075531,-0.0002477425441611558,0.032999858260154724,0.032999858260154724,1.0,3.0,success
3166,-0.3492027223110199,0.4200699031352997,-0.00024774158373475075,0.03299944847822189,0.03299944847822189,1.0,3.0,success
3167,-0.3502362370491028,0.4202866554260254,-0.00024773049517534673,0.032999973744153976,0.032999973744153976,1.0,-3.0,success
3168,-0.3512692451477051,0.4205058217048645,-0.00024773116456344724,0.033000048249959946,0.033000048249959946,1.0,-3.0,success
3169,-0.3523018956184387,0.4207267165184021,-0.00024774231133051217,0.03300037607550621,0.03300037607550621,1.0,3.0,success
3170,-0.35333505272865295,0.4209451675415039,-0.0002477414673194289,0.032999973744153976,0.032999973744153976,1.0,3.0,success
3171,-0.35436856746673584,0.42116186022758484,-0.00024773034965619445,0.032999590039253235,0.032999590039253235,1.0,-3.0,success
3172,-0.35540157556533813,0.42138099670410156,-0.0002477310481481254,0.032999858260154724,0.032999858260154724,1.0,-3.0,success
3173,-0.3564342260360718,0.4216018617153168,-0.0002477422240190208,0.03300018236041069,0.03300018236041069,1.0,3.0,success
3174,-0.357467383146286,0.4218202829360962,-0.000247741409111768,0.032999783754348755,0.032999783754348755,1.0,3.0,success
3175,-0.3585008978843689,0.4220369756221771,-0.000247730320552364,0.032999590039253235,0.032999590039253235,1.0,-3.0,success
3176,-0.3595339357852936,0.42225608229637146,-0.0002477309899404645,0.03300057724118233,0.03300057724118233,1.0,-3.0,success
3177,-0.36056655645370483,0.42247694730758667,-0.00024774219491519034,0.03299926966428757,0.03299926966428757,1.0,3.0,success
3178,-0.36159974336624146,0.4226953685283661,-0.00024774138000793755,0.03300069272518158,0.03300069272518158,1.0,3.0,success
3179,-0.36263325810432434,0.42291203141212463,-0.00024773029144853354,0.03299940004944801,0.03299940004944801,1.0,-3.0,success
3180,-0.363666296005249,0.42313113808631897,-0.00024773096083663404,0.03300057724118233,0.03300057724118233,1.0,-3.0,success
3181,-0.3646987974643707,0.4233526885509491,-0.0002477321249898523,0.03300011530518532,0.03300011530518532,1.0,-3.0,success
3182,-0.3657309114933014,0.42357590794563293,-0.00024774300982244313,0.03299925848841667,0.03299925848841667,1.0,3.0,success
3183,-0.3667635917663574,0.423796683549881,-0.00024774190387688577,0.033000506460666656,0.033000506460666656,1.0,3.0,success
3184,-0.36779677867889404,0.42401498556137085,-0.0002477407979313284,0.032999925315380096,0.032999925315380096,1.0,3.0,success
3185,-0.36883047223091125,0.4242309033870697,-0.000247740070335567,0.033000100404024124,0.033000100404024124,1.0,3.0,success
3186,-0.36986449360847473,0.42444512248039246,-0.00024772906908765435,0.03299931809306145,0.03299931809306145,1.0,-3.0,success
3187,-0.3708980083465576,0.4246618151664734,-0.0002477297675795853,0.032999590039253235,0.032999590039253235,1.0,-3.0,success
3188,-0.3719310462474823,0.4248809814453125,-0.00024773101904429495,0.03300096094608307,0.03300096094608307,1.0,-3.0,success
3189,-0.37296366691589355,0.4251018762588501,-0.0002477422240190208,0.03299946337938309,0.03299946337938309,1.0,3.0,success
3190,-0.3739968240261078,0.4253203272819519,-0.00024774138000793755,0.032999973744153976,0.032999973744153976,1.0,3.0,success
3191,-0.3750304877758026,0.4255363643169403,-0.00024774044868536294,0.032999951392412186,0.032999951392412186,1.0,3.0,success
3192,-0.376064658164978,0.4257499873638153,-0.00024773983750492334,0.03300010412931442,0.03300010412931442,1.0,3.0,success
3193,-0.3770991563796997,0.4259619414806366,-0.0002477288362570107,0.03299963101744652,0.03299962729215622,1.0,-3.0,success
3194,-0.3781331479549408,0.42617639899253845,-0.0002477295638527721,0.0329999178647995,0.0329999178647995,1.0,-3.0,success
3195,-0.3791666328907013,0.4263933300971985,-0.0002477308444213122,0.03300020843744278,0.03300020843744278,1.0,-3.0,success
3196,-0.38019973039627075,0.426611989736557,-0.0002477420784998685,0.03299950435757637,0.03299950435757637,1.0,3.0,success
3197,-0.3812333643436432,0.42682820558547974,-0.0002477412635926157,0.03300018236041069,0.03300018236041069,1.0,3.0,success
3198,-0.3822675049304962,0.42704200744628906,-0.00024774036137387156,0.03300032392144203,0.03300032392144203,1.0,3.0,success
3199,-0.38330212235450745,0.427253395318985,-0.0002477398084010929,0.032999731600284576,0.032999731600284576,1.0,3.0,success
3200,-0.38433706760406494,0.4274631440639496,-0.00024772880715318024,0.03299956023693085,0.03299956023693085,1.0,-3.0,success
3201,-0.38537153601646423,0.42767536640167236,-0.00024772953474894166,0.033000398427248,0.033000398427248,1.0,-3.0,success
3202,-0.38640546798706055,0.4278900623321533,-0.0002477307862136513,0.03299960866570473,0.03299960866570473,1.0,-3.0,success
3203,-0.3874390423297882,0.42810651659965515,-0.00024774204939603806,0.03299988433718681,0.032999880611896515,1.0,3.0,success
3204,-0.38847312331199646,0.4283205270767212,-0.0002477412635926157,0.03299982100725174,0.03299982100725174,1.0,3.0,success
3205,-0.3895077407360077,0.42853209376335144,-0.00024774036137387156,0.033000849187374115,0.033000849187374115,1.0,3.0,success
3206,-0.39054280519485474,0.42874130606651306,-0.00024773977929726243,0.032999880611896515,0.032999880611896515,1.0,3.0,success
3207,-0.39157819747924805,0.4289488196372986,-0.00024772880715318024,0.03299945220351219,0.03299945220351219,1.0,-3.0,success
3208,-0.39261311292648315,0.4291588068008423,-0.00024772953474894166,0.03300012648105621,0.03300012648105621,1.0,-3.0,success
3209,-0.3936476409435272,0.42937061190605164,-0.0002477411471772939,0.03299960866570473,0.03299960866570473,1.0,3.0,success
3210,-0.3946826756000519,0.42958003282546997,-0.0002477406815160066,0.033000264316797256,0.033000264316797256,1.0,3.0,success
3211,-0.39571818709373474,0.4297870397567749,-0.00024774004123173654,0.03299999609589577,0.03299999609589577,1.0,3.0,success
3212,-0.39675402641296387,0.4299923777580261,-0.0002477290399838239,0.03299986198544502,0.03299986198544502,1.0,-3.0,success
3213,-0.3977893888950348,0.4302001893520355,-0.00024772973847575486,0.03300036862492561,0.03300036862492561,1.0,-3.0,success
3214,-0.3988243639469147,0.43040981888771057,-0.0002477412926964462,0.03299972787499428,0.03299972787499428,1.0,3.0,success
3215,-0.3998596966266632,0.43061771988868713,-0.0002477307280059904,0.03300000727176666,0.03300000727176666,1.0,-3.0,success
3216,-0.4008946716785431,0.4308273494243622,-0.0002477416710462421,0.03299972787499428,0.03299972787499428,1.0,3.0,success
3217,-0.40193015336990356,0.43103456497192383,-0.0002477410598658025,0.033000361174345016,0.033000361174345016,1.0,3.0,success
3218,-0.40296608209609985,0.43123936653137207,-0.0002477403322700411,0.032999347895383835,0.032999347895383835,1.0,3.0,success
3219,-0.4040023684501648,0.4314424991607666,-0.00024772927281446755,0.03300023823976517,0.03300023823976517,1.0,-3.0,success
3220,-0.40503814816474915,0.4316481351852417,-0.00024772994220256805,0.03299984708428383,0.03299984708428383,1.0,-3.0,success
3221,-0.40607357025146484,0.43185552954673767,-0.00024774143821559846,0.032999634742736816,0.032999634742736816,1.0,3.0,success
3222,-0.40710949897766113,0.4320605397224426,-0.00024774091434665024,0.03300061449408531,0.03300061076879501,1.0,3.0,success
3223,-0.40814587473869324,0.4322631359100342,-0.0002477401867508888,0.032999761402606964,0.032999761402606964,1.0,3.0,success
3224,-0.4091825783252716,0.432464063167572,-0.0002477291563991457,0.032999854534864426,0.032999854534864426,1.0,-3.0,success
3225,-0.4102188050746918,0.43266746401786804,-0.0002477298548910767,0.033000025898218155,0.033000025898218155,1.0,-3.0,success
3226,-0.4112546741962433,0.4328726530075073,-0.00024774138000793755,0.03299987316131592,0.03299987316131592,1.0,3.0,success
3227,-0.412291020154953,0.4330754280090332,-0.00024774085613898933,0.0329999178647995,0.0329999178647995,1.0,3.0,success
3228,-0.4133278429508209,0.4332757890224457,-0.00024774015764705837,0.033000148832798004,0.033000148832798004,1.0,3.0,success
3229,-0.4143649637699127,0.43347448110580444,-0.00024772912729531527,0.032999437302351,0.032999437302351,1.0,-3.0,success
3230,-0.4154016375541687,0.4336756765842438,-0.00024772982578724623,0.033000532537698746,0.033000532537698746,1.0,-3.0,success
3231,-0.4164378046989441,0.4338793158531189,-0.0002477310481481254,0.032999634742736816,0.032999634742736816,1.0,-3.0,success
3232,-0.4174736440181732,0.4340847134590149,-0.00024774225312285125,0.03300022333860397,0.03300022333860397,1.0,3.0,success
3233,-0.41850996017456055,0.4342876672744751,-0.000247741409111768,0.03300007805228233,0.03300007805228233,1.0,3.0,success
3234,-0.4195467531681061,0.4344881772994995,-0.0002477404777891934,0.033000119030475616,0.03300011530518532,1.0,3.0,success
3235,-0.4205838441848755,0.43468695878982544,-0.0002477294474374503,0.03299904987215996,0.03299904987215996,1.0,-3.0,success
3236,-0.4216204881668091,0.43488824367523193,-0.00024773014592938125,0.0330001525580883,0.0330001525580883,1.0,-3.0,success
3237,-0.4226568043231964,0.4350912570953369,-0.00024774158373475075,0.033000435680150986,0.033000435680150986,1.0,3.0,success
3238,-0.42369356751441956,0.4352918863296509,-0.00024774097255431116,0.032999906688928604,0.032999906688928604,1.0,3.0,success
3239,-0.4247308075428009,0.43549007177352905,-0.0002477402158547193,0.033000122755765915,0.033000122755765915,1.0,3.0,success
3240,-0.42576849460601807,0.4356859028339386,-0.000247739750193432,0.033000119030475616,0.033000119030475616,1.0,3.0,success
3241,-0.42680662870407104,0.43587934970855713,-0.00024773948825895786,0.033000119030475616,0.033000119030475616,1.0,3.0,success
3242,-0.4278450310230255,0.4360711872577667,-0.00024772845790721476,0.032999187707901,0.032999187707901,1.0,-3.0,success
3243,-0.42888298630714417,0.4362655580043793,-0.00024772912729531527,0.032999925315380096,0.032999925315380096,1.0,-3.0,success
3244,-0.42992061376571655,0.43646174669265747,-0.00024774085613898933,0.033000364899635315,0.033000364899635315,1.0,3.0,success
3245,-0.43095868825912476,0.43665552139282227,-0.00024774056510068476,0.033000167459249496,0.033000167459249496,1.0,3.0,success
3246,-0.43199706077575684,0.43684762716293335,-0.0002477295056451112,0.03299979493021965,0.03299979493021965,1.0,-3.0,success
3247,-0.4330349564552307,0.4370422065258026,-0.0002477301750332117,0.032999295741319656,0.032999295741319656,1.0,-3.0,success
3248,-0.43407243490219116,0.43723925948143005,-0.00024773136829026043,0.03300081565976143,0.03300081565976143,1.0,-3.0,success
3249,-0.43510952591896057,0.437438040971756,-0.0002477424859534949,0.03299904987215996,0.03299904987215996,1.0,3.0,success
3250,-0.43614712357521057,0.43763434886932373,-0.00024774158373475075,0.03300014138221741,0.03300014138221741,1.0,3.0,success
3251,-0.4371851682662964,0.4378282129764557,-0.0002477405942045152,0.032999761402606964,0.032999761402606964,1.0,3.0,success
3252,-0.4382236897945404,0.43801966309547424,-0.00024773995392024517,0.033000651746988297,0.033000651746988297,1.0,3.0,success
3253,-0.43926262855529785,0.43820875883102417,-0.00024773957557044923,0.033000219613313675,0.033000219613313675,1.0,3.0,success
3254,-0.4403019845485687,0.43839550018310547,-0.0002477394009474665,0.032999955117702484,0.032999955117702484,1.0,3.0,success
3255,-0.4413416087627411,0.43858063220977783,-0.0002477283705957234,0.03299935162067413,0.03299935162067413,1.0,-3.0,success
3256,-0.4423808157444,0.43876829743385315,-0.00024772901087999344,0.03300049528479576,0.03300049528479576,1.0,-3.0,success
3257,-0.4434196650981903,0.4389577805995941,-0.0002477407979313284,0.03299964219331741,0.03299964219331741,1.0,3.0,success
3258,-0.4444589614868164,0.43914490938186646,-0.00024774050689302385,0.033000264316797256,0.033000264316797256,1.0,3.0,success
3259,-0.44549867510795593,0.4393296241760254,-0.00024773998302407563,0.03299982100725174,0.03299982100725174,1.0,3.0,success
3260,-0.4465388059616089,0.4395119845867157,-0.0002477396628819406,0.03299987316131592,0.03299987316131592,1.0,3.0,success
3261,-0.4475792348384857,0.4396927058696747,-0.00024772860342636704,0.033000241965055466,0.033000241965055466,1.0,-3.0,success
3262,-0.4485980272293091,0.4398730397224426,-0.000243712478550151,0.032332416623830795,0.0323321707546711,1.0,-3.0,success
3263,-0.4496375620365143,0.4400586187839508,-0.0002442139957565814,0.032999057322740555,0.032999057322740555,1.0,3.0,success
3264,-0.4506775438785553,0.4402417540550232,-0.0002449041639920324,0.03299948200583458,0.03299947828054428,1.0,3.0,success
3265,-0.45171794295310974,0.4404224455356598,-0.00024547078646719456,0.03299916908144951,0.03299916535615921,1.0,3.0,success
3266,-0.4527587890625,0.440600723028183,-0.0002459248062223196,0.03300011157989502,0.03300010785460472,1.0,3.0,success
3267,-0.45379990339279175,0.44077736139297485,-0.00024627731181681156,0.03299976512789726,0.03299976512789726,1.0,-3.0,success
3268,-0.4548405706882477,0.4409565031528473,-0.00024656872847117484,0.03299917280673981,0.03299917280673981,1.0,-3.0,success
3269,-0.4558808505535126,0.4411381483078003,-0.0002468024322297424,0.033000607043504715,0.033000607043504715,1.0,-3.0,success
3270,-0.4569207727909088,0.4413215219974518,-0.00024699963978491724,0.032998938113451004,0.032998938113451004,1.0,3.0,success
3271,-0.45796117186546326,0.4415024518966675,-0.0002471475745551288,0.03300044313073158,0.03300044313073158,1.0,3.0,success
3272,-0.45900195837020874,0.4416809380054474,-0.0002472656196914613,0.032999373972415924,0.032999373972415924,1.0,3.0,success
3273,-0.46004319190979004,0.4418570399284363,-0.0002473601489327848,0.0330006405711174,0.0330006368458271,1.0,3.0,success
3274,-0.46108466386795044,0.4420314431190491,-0.00024742516689002514,0.03299917280673981,0.03299917280673981,1.0,-3.0,success
3275,-0.4621257483959198,0.44220834970474243,-0.0002474866923876107,0.03300024941563606,0.03300024941563606,1.0,-3.0,success
3276,-0.46316638588905334,0.44238778948783875,-0.00024753654724918306,0.03299983590841293,0.03299983590841293,1.0,-3.0,success
3277,-0.464206725358963,0.44256892800331116,-0.00024758672225289047,0.03299972042441368,0.03299972042441368,1.0,3.0,success
3278,-0.4652475118637085,0.44274765253067017,-0.00024761707754805684,0.0330006368458271,0.0330006368458271,1.0,3.0,success
3279,-0.466288685798645,0.442923903465271,-0.0002476410591043532,0.03299957513809204,0.03299957513809204,1.0,3.0,success
3280,-0.46733027696609497,0.4430977702140808,-0.0002476604131516069,0.03300008550286293,0.03300008550286293,1.0,3.0,success
3281,-0.4683721363544464,0.4432699382305145,-0.00024766530259512365,0.03299965709447861,0.03299965709447861,1.0,-3.0,success
3282,-0.4694135785102844,0.4434446394443512,-0.0002476787194609642,0.03299979493021965,0.03299979493021965,1.0,-3.0,success
3283,-0.470454603433609,0.44362181425094604,-0.00024769012816250324,0.03299981728196144,0.03299981728196144,1.0,-3.0,success
3284,-0.4714953303337097,0.44380074739456177,-0.00024770956952124834,0.032999902963638306,0.032999902963638306,1.0,3.0,success
3285,-0.47253647446632385,0.4439772367477417,-0.0002477153029758483,0.032999902963638306,0.032999902963638306,1.0,3.0,success
3286,-0.4735780358314514,0.44415128231048584,-0.0002477196103427559,0.03300008550286293,0.03300008550286293,1.0,3.0,success
3287,-0.47461989521980286,0.4443235993385315,-0.0002477127418387681,0.03300041705369949,0.03300041705369949,1.0,-3.0,success
3288,-0.4756613075733185,0.4444983899593353,-0.0002477167872712016,0.03299934044480324,0.03299934044480324,1.0,-3.0,success
3289,-0.4767024517059326,0.4446749687194824,-0.0002477309317328036,0.03300037235021591,0.03300037235021591,1.0,3.0,success
3290,-0.4777439832687378,0.4448491334915161,-0.0002477324742358178,0.032999780029058456,0.032999780029058456,1.0,3.0,success
3291,-0.4787859320640564,0.445020854473114,-0.00024773343466222286,0.03300013765692711,0.03300013765692711,1.0,3.0,success
3292,-0.4798281490802765,0.4451908767223358,-0.0002477237721905112,0.03299982100725174,0.03299982100725174,1.0,-3.0,success
3293,-0.48086994886398315,0.4453634023666382,-0.0002477255475241691,0.03299964219331741,0.03299964219331741,1.0,-3.0,success
3294,-0.4819113612174988,0.44553840160369873,-0.0002477276138961315,0.03300042077898979,0.03300042077898979,1.0,-3.0,success
3295,-0.48295244574546814,0.44571515917778015,-0.0002477395173627883,0.032999467104673386,0.032999467104673386,1.0,3.0,success
3296,-0.4839939475059509,0.4458894431591034,-0.00024773922632448375,0.03299947828054428,0.03299947828054428,1.0,3.0,success
3297,-0.48503589630126953,0.44606128334999084,-0.000247738731559366,0.03300074487924576,0.03300074487924576,1.0,3.0,success
3298,-0.4860782027244568,0.4462306797504425,-0.00024773849872872233,0.0329994335770607,0.0329994335770607,1.0,3.0,success
3299,-0.4871208071708679,0.44639840722084045,-0.0002477277594152838,0.03300030156970024,0.03300030156970024,1.0,-3.0,success
3300,-0.48816296458244324,0.44656866788864136,-0.0002477286907378584,0.032999180257320404,0.032999180257320404,1.0,-3.0,success
3301,-0.48920485377311707,0.4467407166957855,-0.0002477404777891934,0.03299996629357338,0.03299996629357338,1.0,3.0,success
3302,-0.4902471601963043,0.4469103515148163,-0.0002477401867508888,0.033000629395246506,0.033000629395246506,1.0,3.0,success
3303,-0.49128982424736023,0.44707754254341125,-0.0002477396628819406,0.03299948200583458,0.03299948200583458,1.0,3.0,success
3304,-0.4923327565193176,0.4472430646419525,-0.00024772871984168887,0.03299954533576965,0.03299954533576965,1.0,-3.0,success
3305,-0.493375301361084,0.44741109013557434,-0.0002477294474374503,0.03299994394183159,0.03299994394183159,1.0,-3.0,success
3306,-0.49441757798194885,0.4475809335708618,-0.000247741088969633,0.03300075978040695,0.03300075978040695,1.0,3.0,success
3307,-0.4954602122306824,0.4477483332157135,-0.00024774065241217613,0.03299959376454353,0.03299959376454353,1.0,3.0,success
3308,-0.49650323390960693,0.4479133188724518,-0.0002477400121279061,0.032999683171510696,0.032999683171510696,1.0,3.0,success
3309,-0.497546523809433,0.44807663559913635,-0.00024772901087999344,0.032999854534864426,0.032999854534864426,1.0,-3.0,success
3310,-0.49858954548835754,0.4482417404651642,-0.00024774044868536294,0.033000264316797256,0.033000264316797256,1.0,3.0,success
3311,-0.49963292479515076,0.4484044909477234,-0.00024774030316621065,0.032999880611896515,0.032999880611896515,1.0,3.0,success
3312,-0.5006765723228455,0.4485655426979065,-0.0002477292437106371,0.033000025898218155,0.033000025898218155,1.0,-3.0,success
3313,-0.5017198324203491,0.44872909784317017,-0.00024772988399490714,0.03300008550286293,0.03300008550286293,1.0,-3.0,success
3314,-0.5027626752853394,0.4488951563835144,-0.00024773107725195587,0.03299941495060921,0.03299941495060921,1.0,-3.0,success
3315,-0.5038052797317505,0.44906294345855713,-0.0002477422822266817,0.03300059959292412,0.03300059959292412,1.0,3.0,success
3316,-0.5048482418060303,0.44922828674316406,-0.0002477414673194289,0.032999586313962936,0.032999586313962936,1.0,3.0,success
3317,-0.5058916211128235,0.4493911862373352,-0.0002477405359968543,0.03300059959292412,0.03300059959292412,1.0,3.0,success
3318,-0.5069352388381958,0.44955235719680786,-0.00024772947654128075,0.0329996757209301,0.0329996757209301,1.0,-3.0,success
3319,-0.5079785585403442,0.4497153162956238,-0.0002477407979313284,0.03299904614686966,0.03299904614686966,1.0,3.0,success
3320,-0.5090221762657166,0.4498765766620636,-0.00024773020413704216,0.033000100404024124,0.033000100404024124,1.0,-3.0,success
3321,-0.510065495967865,0.4500396251678467,-0.0002477413509041071,0.03299947828054428,0.03299947828054428,1.0,3.0,success
3322,-0.5111092329025269,0.45020025968551636,-0.00024774091434665024,0.03300080448389053,0.03300080448389053,1.0,3.0,success
3323,-0.5121533274650574,0.45035848021507263,-0.0002477402740623802,0.033000461757183075,0.033000461757183075,1.0,3.0,success
3324,-0.5131977796554565,0.4505143463611603,-0.0002477398666087538,0.03300056979060173,0.03300056979060173,1.0,3.0,success
3325,-0.51424241065979,0.4506685435771942,-0.0002477287780493498,0.03299844264984131,0.03299844264984131,1.0,-3.0,success
3326,-0.5152867436408997,0.4508252739906311,-0.0002477293892297894,0.0330008827149868,0.0330008827149868,1.0,-3.0,success
3327,-0.5163307189941406,0.45098385214805603,-0.000247741088969633,0.032998453825712204,0.032998453825712204,1.0,3.0,success
3328,-0.517375111579895,0.45114001631736755,-0.0002477407397236675,0.03300010412931442,0.03300010412931442,1.0,3.0,success
3329,-0.5184198617935181,0.4512937664985657,-0.0002477401285432279,0.03300008922815323,0.03300008922815323,1.0,3.0,success
3330,-0.5194648504257202,0.4514458477497101,-0.00024772906908765435,0.032999906688928604,0.032999906688928604,1.0,-3.0,success
3331,-0.5205094814300537,0.45160043239593506,-0.0002477297093719244,0.03300020843744278,0.03300020843744278,1.0,-3.0,success
3332,-0.5215537548065186,0.4517575204372406,-0.0002477309317328036,0.033000700175762177,0.033000700175762177,1.0,-3.0,success
3333,-0.5225977301597595,0.451916366815567,-0.0002477421658113599,0.03299971669912338,0.03299971669912338,1.0,3.0,success
3334,-0.5236420631408691,0.45207276940345764,-0.00024774138000793755,0.03299936652183533,0.03299936652183533,1.0,3.0,success
3335,-0.5246868133544922,0.4522266983985901,-0.0002477404777891934,0.03300090506672859,0.03300090506672859,1.0,3.0,success
3336,-0.5257318615913391,0.4523782432079315,-0.00024773989571258426,0.032999344170093536,0.032999344170093536,1.0,3.0,success
3337,-0.5267772674560547,0.45252737402915955,-0.0002477395464666188,0.032999664545059204,0.032999664545059204,1.0,3.0,success
3338,-0.5278229117393494,0.45267486572265625,-0.00024772854521870613,0.03299984708428383,0.03299984708428383,1.0,-3.0,success
3339,-0.5288681983947754,0.4528248906135559,-0.00024772921460680664,0.03299993276596069,0.03299993276596069,1.0,-3.0,success
3340,-0.5299131274223328,0.4529774487018585,-0.0002477304369676858,0.033000215888023376,0.033000215888023376,1.0,-3.0,success
3341,-0.5309577584266663,0.453131765127182,-0.0002477418165653944,0.032998982816934586,0.032998982816934586,1.0,3.0,success
3342,-0.5320028066635132,0.4532836377620697,-0.0002477411471772939,0.03300081193447113,0.03300081193447113,1.0,3.0,success
3343,-0.533048152923584,0.4534330666065216,-0.00024774030316621065,0.03299913555383682,0.03299913555383682,1.0,3.0,success
3344,-0.5340939164161682,0.4535800814628601,-0.00024773977929726243,0.033001456409692764,0.033001456409692764,1.0,3.0,success
3345,-0.5351399779319763,0.45372474193573,-0.00024773948825895786,0.03300052136182785,0.03300052136182785,1.0,3.0,success
3346,-0.5361862182617188,0.45386773347854614,-0.0002477284870110452,0.0329989530146122,0.0329989530146122,1.0,-3.0,success
3347,-0.5372321009635925,0.45401325821876526,-0.0002477291563991457,0.0329986996948719,0.0329986996948719,1.0,-3.0,success
3348,-0.5382776856422424,0.4541613459587097,-0.0002477303787600249,0.03300061076879501,0.03300061076879501,1.0,-3.0,success
3349,-0.5393230319023132,0.45431119203567505,-0.00024774178746156394,0.03300098329782486,0.03300098329782486,1.0,3.0,success
3350,-0.5403686761856079,0.4544585645198822,-0.00024774111807346344,0.032999325543642044,0.032999325543642044,1.0,3.0,success
3351,-0.5414146780967712,0.45460352301597595,-0.00024774030316621065,0.032999951392412186,0.032999951392412186,1.0,3.0,success
3352,-0.5424609184265137,0.4547467529773712,-0.00024772927281446755,0.03299996256828308,0.03299996256828308,1.0,-3.0,success
3353,-0.5435068011283875,0.45489248633384705,-0.00024773000041022897,0.03299959376454353,0.03299959376454353,1.0,-3.0,success
3354,-0.5445524454116821,0.45504000782966614,-0.0002477414673194289,0.032999977469444275,0.032999977469444275,1.0,3.0,success
3355,-0.5455984473228455,0.45518508553504944,-0.00024774091434665024,0.03300046548247337,0.03300046548247337,1.0,3.0,success
3356,-0.5466446280479431,0.45532843470573425,-0.00024772988399490714,0.03299862518906593,0.03299862518906593,1.0,-3.0,success
3357,-0.5476905107498169,0.45547425746917725,-0.00024773055338300765,0.03299998492002487,0.03299998492002487,1.0,-3.0,success
3358,-0.5487361550331116,0.4556218683719635,-0.00024774190387688577,0.03300036862492561,0.03300036862492561,1.0,3.0,success
3359,-0.5497820377349854,0.4557677209377289,-0.0002477312518749386,0.03300011157989502,0.03300011157989502,1.0,-3.0,success
3360,-0.55082768201828,0.45591527223587036,-0.0002477420784998685,0.03300010785460472,0.03300010785460472,1.0,3.0,success
3361,-0.5518736839294434,0.45606040954589844,-0.0002477413509041071,0.03300071880221367,0.03300071880221367,1.0,3.0,success
3362,-0.5529199838638306,0.4562031030654907,-0.0002477404777891934,0.032999541610479355,0.032999541610479355,1.0,3.0,success
3363,-0.5539665222167969,0.4563440680503845,-0.00024772941833361983,0.0329996682703495,0.0329996682703495,1.0,-3.0,success
3364,-0.5550127029418945,0.4564875364303589,-0.00024773008772172034,0.032999128103256226,0.032999128103256226,1.0,-3.0,success
3365,-0.5560587048530579,0.4566328227519989,-0.00024774158373475075,0.033001359552145004,0.033001359552145004,1.0,3.0,success
3366,-0.5571048855781555,0.45677635073661804,-0.00024773096083663404,0.03299938514828682,0.03299938514828682,1.0,-3.0,success
3367,-0.5581508278846741,0.45692163705825806,-0.0002477418747730553,0.032999515533447266,0.032999515533447266,1.0,3.0,success
3368,-0.5591971278190613,0.4570644795894623,-0.0002477412053849548,0.033000171184539795,0.033000171184539795,1.0,3.0,success
3369,-0.5602437257766724,0.4572049081325531,-0.0002477404195815325,0.03299928084015846,0.03299928084015846,1.0,3.0,success
3370,-0.5612906217575073,0.45734360814094543,-0.0002477293601259589,0.0330013744533062,0.0330013744533062,1.0,-3.0,success
3371,-0.5623371005058289,0.45748481154441833,-0.0002477300295140594,0.032998815178871155,0.032998815178871155,1.0,-3.0,success
3372,-0.5633832812309265,0.4576285183429718,-0.00024773122277110815,0.033000145107507706,0.033000145107507706,1.0,-3.0,success
3373,-0.5644291043281555,0.45777469873428345,-0.0002477323869243264,0.032999683171510696,0.032999683171510696,1.0,-3.0,success
3374,-0.5654746890068054,0.4579225480556488,-0.0002477432135492563,0.032999563962221146,0.032999563962221146,1.0,3.0,success
3375,-0.566520631313324,0.458067923784256,-0.00024774204939603806,0.03299989923834801,0.03299989923834801,1.0,3.0,success
3376,-0.5675669312477112,0.4582107663154602,-0.0002477408852428198,0.033000171184539795,0.033000171184539795,1.0,3.0,success
3377,-0.5686134696006775,0.45835191011428833,-0.00024772982578724623,0.033000413328409195,0.033000413328409195,1.0,-3.0,success
3378,-0.5696596503257751,0.45849549770355225,-0.00024773055338300765,0.032999638468027115,0.032999638468027115,1.0,-3.0,success
3379,-0.5707055330276489,0.45864155888557434,-0.00024773174664005637,0.03300101310014725,0.03300101310014725,1.0,-3.0,success
3380,-0.5717511177062988,0.4587893486022949,-0.000247742747887969,0.03299930319190025,0.03299930319190025,1.0,3.0,success
3381,-0.5727970600128174,0.45893463492393494,-0.00024774172925390303,0.032999515533447266,0.032999515533447266,1.0,3.0,success
3382,-0.5738433599472046,0.45907747745513916,-0.00024774065241217613,0.033000171184539795,0.033000171184539795,1.0,3.0,success
3383,-0.5748898983001709,0.4592185616493225,-0.0002477296511642635,0.033000167459249496,0.033000167459249496,1.0,-3.0,success
3384,-0.5759360790252686,0.45936211943626404,-0.00024773034965619445,0.03299950808286667,0.03299950808286667,1.0,-3.0,success
3385,-0.5769819617271423,0.45950815081596375,-0.00024773157201707363,0.0330008827149868,0.0330008827149868,1.0,-3.0,success
3386,-0.5780274868011475,0.45965662598609924,-0.0002477327361702919,0.03300046548247337,0.03300046548247337,1.0,-3.0,success
3387,-0.5790727138519287,0.45980677008628845,-0.00024774347548373044,0.032998621463775635,0.032998621463775635,1.0,3.0,success
3388,-0.5801182389259338,0.459955096244812,-0.000247732677962631,0.03299981355667114,0.03299981355667114,1.0,-3.0,success
3389,-0.5811634659767151,0.4601058065891266,-0.0002477332018315792,0.033001139760017395,0.033001139760017395,1.0,-3.0,success
3390,-0.5822083353996277,0.4602589011192322,-0.0002477341622579843,0.033000800758600235,0.033000800758600235,1.0,-3.0,success
3391,-0.5832528471946716,0.4604143500328064,-0.00024773506447672844,0.03300049155950546,0.03300049155950546,1.0,-3.0,success
3392,-0.5842970013618469,0.46057215332984924,-0.00024773585028015077,0.03300034999847412,0.03300034999847412,1.0,-3.0,success
3393,-0.5853408575057983,0.46073153614997864,-0.0002477457746863365,0.03299855813384056,0.03299855813384056,1.0,3.0,success
3394,-0.5863850712776184,0.4608890414237976,-0.0002477346279192716,0.03300080448389053,0.03300080448389053,1.0,-3.0,success
3395,-0.5874289870262146,0.4610481858253479,-0.0002477444941177964,0.032999273389577866,0.032999273389577866,1.0,3.0,success
3396,-0.5884732007980347,0.46120551228523254,-0.0002477334928698838,0.03299997001886368,0.03299997001886368,1.0,-3.0,success
3397,-0.5895171761512756,0.4613644778728485,-0.0002477437083143741,0.03300027549266815,0.03300027549266815,1.0,3.0,success
3398,-0.5905613899230957,0.4615216553211212,-0.0002477327943779528,0.032999273389577866,0.032999273389577866,1.0,-3.0,success
3399,-0.5916053056716919,0.4616812467575073,-0.00024773323093540967,0.033001381903886795,0.033001381903886795,1.0,-3.0,success
3400,-0.5926488041877747,0.46184322237968445,-0.0002477341331541538,0.03299983963370323,0.03299983963370323,1.0,-3.0,success
3401,-0.5936919450759888,0.4620075523853302,-0.00024773497716523707,0.033000167459249496,0.033000167459249496,1.0,-3.0,success
3402,-0.5947347283363342,0.4621742069721222,-0.0002477357629686594,0.033000510185956955,0.033000510185956955,1.0,-3.0,success
3403,-0.595777153968811,0.4623432159423828,-0.00024773646146059036,0.03300116956233978,0.03300116956233978,1.0,-3.0,success
3404,-0.5968191623687744,0.4625144898891449,-0.00024773707264102995,0.03299970552325249,0.03299970552325249,1.0,-3.0,success
3405,-0.5978608131408691,0.46268805861473083,-0.0002477375965099782,0.033000387251377106,0.033000387251377106,1.0,-3.0,success
3406,-0.5989021062850952,0.46286389231681824,-0.0002477380621712655,0.03300107643008232,0.03300107643008232,1.0,-3.0,success
3407,-0.5999429821968079,0.4630419909954071,-0.0002477384696248919,0.03300008550286293,0.03300008550286293,1.0,-3.0,success
3408,-0.6009835600852966,0.46322163939476013,-0.0002477477246429771,0.032999105751514435,0.032999105751514435,1.0,3.0,success
3409,-0.602024495601654,0.46339938044548035,-0.00024773625773377717,0.03300003707408905,0.03300003707408905,1.0,-3.0,success
3410,-0.6030650734901428,0.4635794162750244,-0.00024773634504526854,0.03300116956233978,0.03300116956233978,1.0,-3.0,success
3411,-0.6041052341461182,0.4637617766857147,-0.0002477368980180472,0.03300079330801964,0.03300079330801964,1.0,-3.0,success
3412,-0.6051449775695801,0.4639464020729065,-0.000247737392783165,0.033000245690345764,0.033000245690345764,1.0,-3.0,success
3413,-0.6061843037605286,0.4641333222389221,-0.0002477378584444523,0.03300002962350845,0.03300002962350845,1.0,-3.0,success
3414,-0.6072232127189636,0.4643225073814392,-0.0002477382658980787,0.03299980238080025,0.03299980238080025,1.0,-3.0,success
3415,-0.60826176404953,0.46451395750045776,-0.0002477386442478746,0.03300156816840172,0.03300156816840172,1.0,-3.0,success
3416,-0.6092998385429382,0.4647076427936554,-0.0002477389352861792,0.03299965336918831,0.03299965336918831,1.0,-3.0,success
3417,-0.610337495803833,0.4649035930633545,-0.0002477391972206533,0.03299989551305771,0.03299989551305771,1.0,-3.0,success
3418,-0.6113747954368591,0.46510177850723267,-0.00024773943005129695,0.03300195187330246,0.03300195187330246,1.0,-3.0,success
3419,-0.612411618232727,0.46530216932296753,-0.00024773963377811015,0.03300032392144203,0.03300032392144203,1.0,-3.0,success
3420,-0.6134479641914368,0.46550482511520386,-0.00024773977929726243,0.03299920633435249,0.03299920633435249,1.0,-3.0,success
3421,-0.6144839525222778,0.4657096862792969,-0.0002477399248164147,0.03300153836607933,0.03300153836607933,1.0,-3.0,success
3422,-0.6155194640159607,0.46591678261756897,-0.00024774004123173654,0.03300054371356964,0.03300054371356964,1.0,-3.0,success
3423,-0.6165544986724854,0.46612608432769775,-0.00024774015764705837,0.03299952670931816,0.03299952670931816,1.0,-3.0,success
3424,-0.6175891160964966,0.4663376212120056,-0.0002477402158547193,0.03300066292285919,0.03300066292285919,1.0,-3.0,success
3425,-0.6186232566833496,0.46655136346817017,-0.00024774030316621065,0.03299994766712189,0.03299994766712189,1.0,-3.0,success
3426,-0.6196569800376892,0.4667673408985138,-0.00024774036137387156,0.03300139307975769,0.03300139307975769,1.0,-3.0,success
3427,-0.6206902265548706,0.4669855237007141,-0.0002477404195815325,0.03300097584724426,0.03300097584724426,1.0,-3.0,success
3428,-0.621722936630249,0.4672059118747711,-0.00024774044868536294,0.032998889684677124,0.032998889684677124,1.0,-3.0,success
3429,-0.622755229473114,0.4674285054206848,-0.0002477404777891934,0.03300059959292412,0.03300059959292412,1.0,-3.0,success
3430,-0.6237870454788208,0.4676533341407776,-0.00024774050689302385,0.03300083056092262,0.033000826835632324,1.0,-3.0,success
3431,-0.6248183846473694,0.46788033843040466,-0.0002477405359968543,0.03300081938505173,0.03300081938505173,1.0,-3.0,success
3432,-0.625849187374115,0.4681095778942108,-0.00024774056510068476,0.032999541610479355,0.032999541610479355,1.0,-3.0,success
3433,-0.6268795728683472,0.46834102272987366,-0.0002477405942045152,0.0330018512904644,0.0330018512904644,1.0,-3.0,success
3434,-0.6279094219207764,0.4685746729373932,-0.0002477405942045152,0.03300067037343979,0.03300067037343979,1.0,-3.0,success
3435,-0.6289387345314026,0.4688105285167694,-0.0002477406233083457,0.03299964964389801,0.03299964964389801,1.0,-3.0,success
3436,-0.6299675703048706,0.4690485894680023,-0.0002477406233083457,0.03300059214234352,0.03300059214234352,1.0,-3.0,success
3437,-0.6309958696365356,0.46928882598876953,-0.0002477406233083457,0.032999660819768906,0.032999660819768906,1.0,-3.0,success
3438,-0.6320236921310425,0.4695312976837158,-0.00024774065241217613,0.033001117408275604,0.033001117408275604,1.0,-3.0,success
3439,-0.6330509781837463,0.4697759449481964,-0.00024774065241217613,0.033000487834215164,0.033000487834215164,1.0,-3.0,success
3440,-0.6340777277946472,0.4700227975845337,-0.00024774065241217613,0.033000219613313675,0.033000219613313675,1.0,-3.0,success
3441,-0.6351039409637451,0.47027185559272766,-0.0002477406815160066,0.03300010785460472,0.03300010785460472,1.0,-3.0,success
3442,-0.63612961769104,0.4705231189727783,-0.0002477406815160066,0.033000148832798004,0.033000148832798004,1.0,-3.0,success
3443,-0.6371548175811768,0.4707765579223633,-0.0002477406815160066,0.03300192207098007,0.03300192207098007,1.0,-3.0,success
3444,-0.6381794214248657,0.47103220224380493,-0.0002477406815160066,0.033000458031892776,0.033000458031892776,1.0,-3.0,success
3445,-0.6392034292221069,0.4712900221347809,-0.0002477406815160066,0.03299891948699951,0.03299891948699951,1.0,-3.0,success
3446,-0.6402269601821899,0.4715500473976135,-0.0002477406815160066,0.0330013707280159,0.0330013707280159,1.0,-3.0,success
3447,-0.6412498950958252,0.47181227803230286,-0.00024774071061983705,0.033000364899635315,0.033000364899635315,1.0,-3.0,success
3448,-0.6422722935676575,0.4720766842365265,-0.00024774071061983705,0.03300108388066292,0.03300108388066292,1.0,-3.0,success
3449,-0.643294095993042,0.4723432660102844,-0.00024774071061983705,0.033000148832798004,0.033000148832798004,1.0,-3.0,success
3450,-0.6443153023719788,0.47261205315589905,-0.00024774071061983705,0.03299959748983383,0.03299959748983383,1.0,-3.0,success
3451,-0.6453359723091125,0.472883015871048,-0.00024774071061983705,0.03300076723098755,0.03300076723098755,1.0,-3.0,success
3452,-0.6463560461997986,0.4731561839580536,-0.00024774071061983705,0.03300052136182785,0.03300052136182785,1.0,-3.0,success
3453,-0.6473755240440369,0.4734315276145935,-0.00024774071061983705,0.033000193536281586,0.033000193536281586,1.0,-3.0,success
3454,-0.6483944058418274,0.47370901703834534,-0.0002477407397236675,0.03299976885318756,0.03299976885318756,1.0,-3.0,success
3455,-0.6494127511978149,0.47398874163627625,-0.0002477407397236675,0.03300203010439873,0.03300203010439873,1.0,-3.0,success
3456,-0.65043044090271,0.47427061200141907,-0.0002477407397236675,0.03300010785460472,0.03300010785460472,1.0,-3.0,success
3457,-0.6514475345611572,0.4745546579360962,-0.0002477407397236675,0.03300037607550621,0.03300037607550621,1.0,-3.0,success
3458,-0.6524640321731567,0.47484090924263,-0.0002477407397236675,0.03300105035305023,0.03300105035305023,1.0,-3.0,success
3459,-0.6534798741340637,0.47512930631637573,-0.0002477407397236675,0.03299957886338234,0.03299957886338234,1.0,-3.0,success
3460,-0.654495120048523,0.47541990876197815,-0.0002477407397236675,0.03300056234002113,0.03300056234002113,1.0,-3.0,success
3461,-0.6555097103118896,0.4757126569747925,-0.00024774076882749796,0.032999392598867416,0.032999392598867416,1.0,-3.0,success
3462,-0.6565237045288086,0.4760075807571411,-0.00024774076882749796,0.03300041705369949,0.03300041705369949,1.0,-3.0,success
3463,-0.6575371026992798,0.47630468010902405,-0.00024774076882749796,0.03300159424543381,0.03300159424543381,1.0,-3.0,success
3464,-0.6585497856140137,0.4766039550304413,-0.00024774076882749796,0.032999347895383835,0.032999347895383835,1.0,-3.0,success
3465,-0.6595618724822998,0.47690537571907043,-0.00024774076882749796,0.03300056234002113,0.03300056234002113,1.0,-3.0,success
3466,-0.6605733036994934,0.4772090017795563,-0.00024774076882749796,0.033000677824020386,0.033000677824020386,1.0,-3.0,success
3467,-0.6615840792655945,0.47751477360725403,-0.00024774076882749796,0.0330004058778286,0.0330004058778286,1.0,-3.0,success
3468,-0.662594199180603,0.4778226912021637,-0.00024774076882749796,0.03300028666853905,0.03300028666853905,1.0,-3.0,success
3469,-0.663603663444519,0.47813278436660767,-0.0002477407979313284,0.03300058841705322,0.03300058841705322,1.0,-3.0,success
3470,-0.6646124720573425,0.47844505310058594,-0.0002477407979313284,0.033001042902469635,0.033001042902469635,1.0,-3.0,success
3471,-0.6656205654144287,0.4787594676017761,-0.0002477407979313284,0.03299959376454353,0.03299959376454353,1.0,-3.0,success
3472,-0.6666280031204224,0.4790760278701782,-0.0002477407979313284,0.033000074326992035,0.033000074326992035,1.0,-3.0,success
3473,-0.6676347851753235,0.4793947637081146,-0.0002477407979313284,0.03300098329782486,0.03300098329782486,1.0,-3.0,success
3474,-0.6686408519744873,0.47971564531326294,-0.0002477407979313284,0.03299999237060547,0.03299999237060547,1.0,-3.0,success
3475,-0.6696462631225586,0.48003867268562317,-0.0002477407979313284,0.033000919967889786,0.033000919967889786,1.0,-3.0,success
3476,-0.6706509590148926,0.4803638756275177,-0.00024774082703515887,0.033000510185956955,0.033000510185956955,1.0,-3.0,success
3477,-0.6716549396514893,0.48069119453430176,-0.00024774082703515887,0.032999683171510696,0.032999683171510696,1.0,-3.0,success
3478,-0.6726582646369934,0.4810206890106201,-0.00024774082703515887,0.033001355826854706,0.033001355826854706,1.0,-3.0,success
3479,-0.6736608743667603,0.4813523292541504,-0.00024774082703515887,0.033001117408275604,0.033001117408275604,1.0,-3.0,success
3480,-0.674662709236145,0.4816861152648926,-0.00024774082703515887,0.03299925848841667,0.03299925848841667,1.0,-3.0,success
3481,-0.6756638884544373,0.4820220470428467,-0.00024774082703515887,0.033001091331243515,0.033001091331243515,1.0,-3.0,success
3482,-0.6766642928123474,0.4823600947856903,-0.00024774085613898933,0.032999247312545776,0.032999247312545776,1.0,-3.0,success
3483,-0.677664041519165,0.48270031809806824,-0.00024774085613898933,0.033001676201820374,0.033001676201820374,1.0,-3.0,success
3484,-0.6786630153656006,0.4830426573753357,-0.00024774085613898933,0.03300013020634651,0.03300013020634651,1.0,-3.0,success
3485,-0.6796612739562988,0.48338714241981506,-0.00024774085613898933,0.033000800758600235,0.033000800758600235,1.0,-3.0,success
3486,-0.680658757686615,0.48373377323150635,-0.00024774085613898933,0.03299986198544502,0.03299986198544502,1.0,-3.0,success
3487,-0.6816555261611938,0.48408254981040955,-0.00024774085613898933,0.03300083428621292,0.03300083428621292,1.0,-3.0,success
3488,-0.6826515197753906,0.48443344235420227,-0.0002477408852428198,0.03299989178776741,0.03299989178776741,1.0,-3.0,success
3489,-0.6836467981338501,0.4847864508628845,-0.0002477408852428198,0.03300085663795471,0.03300085663795471,1.0,-3.0,success
3490,-0.6846413016319275,0.4851416051387787,-0.0002477408852428198,0.03300052508711815,0.03300052508711815,1.0,-3.0,success
3491,-0.6856350302696228,0.48549890518188477,-0.0002477408852428198,0.03300034999847412,0.03300034999847412,1.0,-3.0,success
3492,-0.686627984046936,0.48585832118988037,-0.0002477408852428198,0.03300001472234726,0.03300001472234726,1.0,-3.0,success
3493,-0.6876201629638672,0.4862198531627655,-0.00024774091434665024,0.032999828457832336,0.032999828457832336,1.0,-3.0,success
3494,-0.688611626625061,0.48658350110054016,-0.00024774091434665024,0.03300153836607933,0.03300153836607933,1.0,-3.0,success
3495,-0.689602255821228,0.48694929480552673,-0.00024774091434665024,0.03300022333860397,0.03300022333860397,1.0,-3.0,success
3496,-0.6905921101570129,0.48731720447540283,-0.00024774091434665024,0.033000487834215164,0.033000487834215164,1.0,-3.0,success
3497,-0.691581130027771,0.48768723011016846,-0.00024774091434665024,0.03299915790557861,0.03299915790557861,1.0,-3.0,success
3498,-0.6925694346427917,0.4880593717098236,-0.0002477409434504807,0.03300146758556366,0.03300146758556366,1.0,-3.0,success
3499,-0.6935569047927856,0.4884336292743683,-0.0002477409434504807,0.03300044313073158,0.03300044313073158,1.0,-3.0,success
3500,-0.6945435404777527,0.4888100028038025,-0.0002477409434504807,0.032999567687511444,0.032999567687511444,1.0,-3.0,success
3501,-0.6955294013023376,0.48918846249580383,-0.0002477409434504807,0.03300025314092636,0.03300025314092636,1.0,-3.0,success
3502,-0.6965144872665405,0.4895690679550171,-0.0002477409434504807,0.03300175815820694,0.03300175815820694,1.0,-3.0,success
3503,-0.6974986791610718,0.4899517595767975,-0.00024774097255431116,0.03299926593899727,0.03299926593899727,1.0,-3.0,success
3504,-0.698482096195221,0.4903365671634674,-0.00024774097255431116,0.03300073742866516,0.03300073742866516,1.0,-3.0,success
3505,-0.6994646787643433,0.49072349071502686,-0.00024774097255431116,0.03300062566995621,0.03300062566995621,1.0,-3.0,success
3506,-0.7004464268684387,0.49111250042915344,-0.00024774097255431116,0.03300032392144203,0.03300032392144203,1.0,-3.0,success
3507,-0.7014273405075073,0.49150362610816956,-0.0002477410016581416,0.03300051391124725,0.03300051391124725,1.0,-3.0,success
3508,-0.7024074196815491,0.4918968379497528,-0.0002477410016581416,0.033000510185956955,0.033000510185956955,1.0,-3.0,success
3509,-0.7033672332763672,0.49228352308273315,-0.00024371870676986873,0.03233708441257477,0.03233684226870537,1.0,-3.0,success
3510,-0.7043458223342896,0.4926803708076477,-0.0002442094555590302,0.03299983590841293,0.032999832183122635,1.0,-3.0,success
3511,-0.7053234577178955,0.4930794835090637,-0.00024490043870173395,0.032998908311128616,0.03299890086054802,1.0,-3.0,success
3512,-0.7063002586364746,0.4934808015823364,-0.0002454680798109621,0.0330008938908577,0.0330008901655674,1.0,-3.0,success
3513,-0.7072761058807373,0.4938843250274658,-0.0002459229144733399,0.03299960121512413,0.03299959748983383,1.0,-3.0,success
3514,-0.7082510590553284,0.4942900240421295,-0.00024628674145787954,0.03299984335899353,0.03299984335899353,1.0,-3.0,success
3515,-0.7092251181602478,0.4946978688240051,-0.0002465777797624469,0.03299988806247711,0.03299988433718681,1.0,-3.0,success
3516,-0.7101982831954956,0.49510785937309265,-0.0002468105813022703,0.03300009295344353,0.03300009295344353,1.0,-3.0,success
3517,-0.7111706137657166,0.4955199658870697,-0.0002469967876095325,0.03300181031227112,0.03300181031227112,1.0,-3.0,success
3518,-0.7121419906616211,0.4959341883659363,-0.00024714574101381004,0.03300025686621666,0.03300025314092636,1.0,-3.0,success
3519,-0.713112473487854,0.49635049700737,-0.0002472648920956999,0.03300020098686218,0.03300020098686218,1.0,-3.0,success
3520,-0.7140820622444153,0.49676892161369324,-0.00024736017803661525,0.03300067037343979,0.03300067037343979,1.0,-3.0,success
3521,-0.7150506973266602,0.4971894323825836,-0.0002474364300724119,0.03299921751022339,0.03299921751022339,1.0,-3.0,success
3522,-0.7160184979438782,0.49761202931404114,-0.00024749740259721875,0.033001333475112915,0.033001333475112915,1.0,-3.0,success
3523,-0.7169853448867798,0.4980367124080658,-0.00024754618061706424,0.03300018608570099,0.03300018608570099,1.0,-3.0,success
3524,-0.7179512977600098,0.4984634816646576,-0.0002475852088537067,0.03300090134143829,0.03300090134143829,1.0,-3.0,success
3525,-0.7189162969589233,0.49889230728149414,-0.00024761640815995634,0.032999686896800995,0.032999686896800995,1.0,-3.0,success
3526,-0.7198804020881653,0.49932318925857544,-0.0002476413792464882,0.03300032392144203,0.03300032392144203,1.0,-3.0,success
3527,-0.7208436131477356,0.4997561573982239,-0.00024766134447418153,0.03300149366259575,0.03300149366259575,1.0,-3.0,success
3528,-0.7218058109283447,0.5001912117004395,-0.0002476773224771023,0.03299941495060921,0.03299941495060921,1.0,-3.0,success
3529,-0.722767174243927,0.5006282925605774,-0.0002476900990586728,0.033001821488142014,0.033001821488142014,1.0,-3.0,success
3530,-0.7237275242805481,0.5010674595832825,-0.00024770034360699356,0.03300005570054054,0.03300005570054054,1.0,-3.0,success
3531,-0.7246869206428528,0.5015086531639099,-0.0002477085217833519,0.03299936652183533,0.03299936652183533,1.0,-3.0,success
3532,-0.7256454229354858,0.5019519329071045,-0.00024771507014520466,0.03300129249691963,0.03300129249691963,1.0,-3.0,success
3533,-0.7266029715538025,0.5023972392082214,-0.0002477202797308564,0.03300090134143829,0.03300090134143829,1.0,-3.0,success
3534,-0.727559506893158,0.5028445720672607,-0.0002477244706824422,0.03299896791577339,0.03299896791577339,1.0,-3.0,success
3535,-0.7285151481628418,0.5032939910888672,-0.00024772784672677517,0.033001355826854706,0.033001355826854706,1.0,-3.0,success
3536,-0.7294697761535645,0.503745436668396,-0.0002477305242791772,0.03299972414970398,0.03299972414970398,1.0,-3.0,success
3537,-0.7304234504699707,0.5041989684104919,-0.00024773264885880053,0.03300073370337486,0.03300073370337486,1.0,-3.0,success
3538,-0.7313761711120605,0.5046545267105103,-0.00024773439508862793,0.033001095056533813,0.033001095056533813,1.0,-3.0,success
3539,-0.7323278784751892,0.5051121115684509,-0.0002477357629686594,0.0329999215900898,0.0329999215900898,1.0,-3.0,success
3540,-0.7332786321640015,0.505571722984314,-0.00024773686891421676,0.03300057724118233,0.03300057724118233,1.0,-3.0,success
3541,-0.7342284321784973,0.5060333609580994,-0.00024773774202913046,0.033001385629177094,0.033001385629177094,1.0,-3.0,success
3542,-0.7351771593093872,0.5064970254898071,-0.0002477384405210614,0.03299899026751518,0.03299899026751518,1.0,-3.0,success
3543,-0.7361249327659607,0.506962776184082,-0.00024773902259767056,0.033000919967889786,0.033000919967889786,1.0,-3.0,success
3544,-0.737071692943573,0.5074304938316345,-0.0002477394591551274,0.032999683171510696,0.032999683171510696,1.0,-3.0,success
3545,-0.7380174994468689,0.5079002976417542,-0.00024773983750492334,0.033001914620399475,0.033001914620399475,1.0,-3.0,success
3546,-0.7389622330665588,0.5083720684051514,-0.0002477401285432279,0.03299930691719055,0.03299930691719055,1.0,-3.0,success
3547,-0.7399060130119324,0.5088459253311157,-0.00024774036137387156,0.0330018475651741,0.0330018475651741,1.0,-3.0,success
3548,-0.7408487200737,0.5093217492103577,-0.00024774056510068476,0.032999541610479355,0.032999541610479355,1.0,-3.0,success
3549,-0.7417904138565063,0.509799599647522,-0.00024774071061983705,0.032999880611896515,0.032999880611896515,1.0,-3.0,success
3550,-0.7427310943603516,0.5102794766426086,-0.00024774082703515887,0.03300037607550621,0.03300037607550621,1.0,-3.0,success
3551,-0.7436707615852356,0.5107613801956177,-0.0002477409434504807,0.03300102800130844,0.03300102800130844,1.0,-3.0,success
3552,-0.7446094155311584,0.5112452507019043,-0.0002477410016581416,0.033000972121953964,0.033000972121953964,1.0,-3.0,success
3553,-0.7455469965934753,0.5117312073707581,-0.000247741088969633,0.0330011248588562,0.0330011248588562,1.0,-3.0,success
3554,-0.7464835047721863,0.5122191309928894,-0.00024774111807346344,0.03299972042441368,0.03299972042441368,1.0,-3.0,success
3555,-0.747418999671936,0.5127090215682983,-0.00024774117628112435,0.03300010785460472,0.03300010785460472,1.0,-3.0,success
3556,-0.7483534812927246,0.5132009387016296,-0.0002477412053849548,0.03300151228904724,0.03300151228904724,1.0,-3.0,success
3557,-0.7492868304252625,0.5136948823928833,-0.00024774123448878527,0.03299977630376816,0.03299977630376816,1.0,-3.0,success
3558,-0.7502191662788391,0.5141907930374146,-0.0002477412635926157,0.03300061449408531,0.03300061449408531,1.0,-3.0,success
3559,-0.7511504292488098,0.5146887302398682,-0.0002477412926964462,0.033000826835632324,0.033000826835632324,1.0,-3.0,success
3560,-0.7520806193351746,0.5151886343955994,-0.0002477412926964462,0.03300032019615173,0.03300032019615173,1.0,-3.0,success
3561,-0.7530097365379333,0.5156905055046082,-0.00024774132180027664,0.03299995884299278,0.03299995884299278,1.0,-3.0,success
3562,-0.7539377808570862,0.5161944031715393,-0.00024774132180027664,0.0330006368458271,0.0330006368458271,1.0,-3.0,success
3563,-0.7548647522926331,0.516700267791748,-0.0002477413509041071,0.03300057724118233,0.03300057724118233,1.0,-3.0,success
3564,-0.7557905912399292,0.5172081589698792,-0.0002477413509041071,0.032999929040670395,0.032999929040670395,1.0,-3.0,success
3565,-0.7567154169082642,0.5177179574966431,-0.0002477413509041071,0.03300090134143829,0.03300090134143829,1.0,-3.0,success
3566,-0.7576391100883484,0.5182297825813293,-0.00024774138000793755,0.033000558614730835,0.033000558614730835,1.0,-3.0,success
3567,-0.7585616707801819,0.518743634223938,-0.00024774138000793755,0.03300037607550621,0.03300037607550621,1.0,-3.0,success
3568,-0.7594831585884094,0.5192593932151794,-0.00024774138000793755,0.0330001637339592,0.0330001637339592,1.0,-3.0,success
3569,-0.760403573513031,0.5197771191596985,-0.00024774138000793755,0.03300100192427635,0.03300100192427635,1.0,-3.0,success
3570,-0.7613228559494019,0.5202968120574951,-0.000247741409111768,0.033000364899635315,0.033000364899635315,1.0,-3.0,success
3571,-0.762241005897522,0.5208185315132141,-0.000247741409111768,0.03300080448389053,0.03300080448389053,1.0,-3.0,success
3572,-0.7631580233573914,0.5213421583175659,-0.000247741409111768,0.03299955651164055,0.03299955651164055,1.0,-3.0,success
3573,-0.7640739679336548,0.5218678116798401,-0.000247741409111768,0.033001918345689774,0.033001918345689774,1.0,-3.0,success
3574,-0.7649887204170227,0.5223953723907471,-0.000247741409111768,0.03299935534596443,0.03299935534596443,1.0,-3.0,success
3575,-0.7659024000167847,0.5229249000549316,-0.000247741409111768,0.033001091331243515,0.033001091331243515,1.0,-3.0,success
3576,-0.7668148875236511,0.5234563946723938,-0.000247741409111768,0.032999761402606964,0.032999761402606964,1.0,-3.0,success
3577,-0.7677263021469116,0.5239897966384888,-0.00024774143821559846,0.03300086036324501,0.03300086036324501,1.0,-3.0,success
3578,-0.7686365246772766,0.5245252251625061,-0.00024774143821559846,0.033000778406858444,0.033000778406858444,1.0,-3.0,success
3579,-0.7695456147193909,0.5250625610351562,-0.00024774143821559846,0.03300056979060173,0.03300056979060173,1.0,-3.0,success
3580,-0.7704535722732544,0.5256018042564392,-0.00024774143821559846,0.03300050273537636,0.03300050273537636,1.0,-3.0,success
3581,-0.7713603377342224,0.5261430144309998,-0.00024774143821559846,0.03299994021654129,0.03299994021654129,1.0,-3.0,success
3582,-0.7722659111022949,0.5266861915588379,-0.00024774143821559846,0.03299953415989876,0.03299953415989876,1.0,-3.0,success
3583,-0.7731704115867615,0.5272313356399536,-0.00024774143821559846,0.033002473413944244,0.033002473413944244,1.0,-3.0,success
3584,-0.7740736603736877,0.5277783870697021,-0.00024774143821559846,0.03299981728196144,0.03299981728196144,1.0,-3.0,success
3585,-0.7749757766723633,0.5283273458480835,-0.00024774143821559846,0.03300049528479576,0.03300049528479576,1.0,-3.0,success
3586,-0.7758767008781433,0.5288782119750977,-0.00024774143821559846,0.03299972787499428,0.03299972787499428,1.0,-3.0,success
3587,-0.7767764329910278,0.5294310450553894,-0.00024774143821559846,0.03300008922815323,0.03300008922815323,1.0,-3.0,success
3588,-0.7776750326156616,0.5299858450889587,-0.00024774143821559846,0.03300219401717186,0.03300219401717186,1.0,-3.0,success
3589,-0.7785723805427551,0.5305424928665161,-0.00024774143821559846,0.03299931809306145,0.03299931809306145,1.0,-3.0,success
3590,-0.7794685363769531,0.5311011075973511,-0.0002477414673194289,0.033000145107507706,0.033000145107507706,1.0,-3.0,success
3591,-0.7803635001182556,0.5316616296768188,-0.0002477414673194289,0.03300013393163681,0.03300013393163681,1.0,-3.0,success
3592,-0.7812572717666626,0.5322240591049194,-0.0002477414673194289,0.03300027549266815,0.03300027549266815,1.0,-3.0,success
3593,-0.7821498513221741,0.5327884554862976,-0.0002477414673194289,0.03300156071782112,0.03300156071782112,1.0,-3.0,success
3594,-0.78304123878479,0.5333546996116638,-0.0002477414673194289,0.03300100192427635,0.03300100192427635,1.0,-3.0,success
3595,-0.7839313745498657,0.5339228510856628,-0.0002477414673194289,0.033000025898218155,0.033000025898218155,1.0,-3.0,success
3596,-0.7848203182220459,0.5344929099082947,-0.0002477414673194289,0.03300076723098755,0.03300076723098755,1.0,-3.0,success
3597,-0.7857080101966858,0.5350649356842041,-0.0002477414673194289,0.03300110250711441,0.03300110250711441,1.0,-3.0,success
3598,-0.7865944504737854,0.5356388092041016,-0.0002477414673194289,0.032999567687511444,0.032999567687511444,1.0,-3.0,success
3599,-0.7874796986579895,0.5362145304679871,-0.0002477414673194289,0.03299975022673607,0.03299975022673607,1.0,-3.0,success
3600,-0.7883636951446533,0.5367922186851501,-0.0002477414673194289,0.033000554889440536,0.033000554889440536,1.0,-3.0,success
3601,-0.7892464995384216,0.5373717546463013,-0.0002477414673194289,0.03300102800130844,0.03300102800130844,1.0,-3.0,success
3602,-0.7901279926300049,0.53795325756073,-0.0002477414673194289,0.03300058841705322,0.03300058841705322,1.0,-3.0,success
3603,-0.7910082936286926,0.538536548614502,-0.0002477414673194289,0.03300033137202263,0.03300033137202263,1.0,-3.0,success
3604,-0.7918872833251953,0.5391218066215515,-0.0002477414673194289,0.03300020098686218,0.03300020098686218,1.0,-3.0,success
3605,-0.7927650809288025,0.5397089123725891,-0.0002477414673194289,0.03300127014517784,0.03300127014517784,1.0,-3.0,success
3606,-0.7936415672302246,0.5402978658676147,-0.0002477414673194289,0.03299938514828682,0.03299938514828682,1.0,-3.0,success
3607,-0.7945168018341064,0.5408887267112732,-0.0002477414673194289,0.03300023823976517,0.03300023823976517,1.0,-3.0,success
3608,-0.795390784740448,0.5414814352989197,-0.0002477414673194289,0.033000197261571884,0.033000197261571884,1.0,-3.0,success
3609,-0.7962635159492493,0.542076051235199,-0.0002477414673194289,0.033001359552145004,0.033001359552145004,1.0,-3.0,success
3610,-0.7971349358558655,0.5426725149154663,-0.0002477414673194289,0.03300008177757263,0.03300008177757263,1.0,-3.0,success
3611,-0.7980051040649414,0.5432708263397217,-0.0002477414673194289,0.03300049155950546,0.03300049155950546,1.0,-3.0,success
3612,-0.7988739609718323,0.5438710451126099,-0.0002477414673194289,0.03300057351589203,0.03300057351589203,1.0,-3.0,success
3613,-0.7997415661811829,0.5444731116294861,-0.0002477414673194289,0.03300128132104874,0.03300128132104874,1.0,-3.0,success
3614,-0.8006078600883484,0.5450770258903503,-0.0002477414673194289,0.03300061449408531,0.03300061449408531,1.0,-3.0,success
3615,-0.8014728426933289,0.5456827878952026,-0.0002477414673194289,0.03300009295344353,0.03300009295344353,1.0,-3.0,success
3616,-0.8023365139961243,0.546290397644043,-0.0002477414673194289,0.03299972414970398,0.03299972414970398,1.0,-3.0,success
3617,-0.8031989336013794,0.5468998551368713,-0.0002477414673194289,0.03300103545188904,0.03300103545188904,1.0,-3.0,success
3618,-0.8040599822998047,0.5475111603736877,-0.00024774143821559846,0.03299944847822189,0.03299944847822189,1.0,-3.0,success
3619,-0.8049197793006897,0.5481243133544922,-0.00024774143821559846,0.03300105407834053,0.03300105407834053,1.0,-3.0,success
3620,-0.8057782053947449,0.5487393140792847,-0.00024774143821559846,0.032999780029058456,0.032999780029058456,1.0,-3.0,success
3621,-0.8066353797912598,0.5493561625480652,-0.00024774143821559846,0.03300168737769127,0.03300168737769127,1.0,-3.0,success
3622,-0.8074911832809448,0.549974799156189,-0.00024774143821559846,0.03299962729215622,0.03299962729215622,1.0,-3.0,success
3623,-0.8083456754684448,0.5505953431129456,-0.00024774143821559846,0.03300141543149948,0.03300141543149948,1.0,-3.0,success
3624,-0.809198796749115,0.5512176156044006,-0.00024774143821559846,0.03299856185913086,0.03299856185913086,1.0,-3.0,success
3625,-0.8100506663322449,0.5518417954444885,-0.00024774143821559846,0.03300216421484947,0.03300216421484947,1.0,-3.0,success
3626,-0.8109011054039001,0.5524677634239197,-0.00024774143821559846,0.03299921005964279,0.03299921005964279,1.0,-3.0,success
3627,-0.8117502927780151,0.5530955791473389,-0.00024774143821559846,0.03300200775265694,0.03300200775265694,1.0,-3.0,success
3628,-0.8125980496406555,0.5537251830101013,-0.00024774143821559846,0.03299935907125473,0.03299935907125473,1.0,-3.0,success
3629,-0.8134444952011108,0.554356575012207,-0.00024774143821559846,0.03299985080957413,0.03299985080957413,1.0,-3.0,success
3630,-0.8142895698547363,0.5549898147583008,-0.00024774143821559846,0.03300011157989502,0.03300011157989502,1.0,-3.0,success
3631,-0.8151333332061768,0.5556249022483826,-0.00024774143821559846,0.03300202265381813,0.03300202265381813,1.0,-3.0,success
3632,-0.8159756660461426,0.5562617182731628,-0.00024774143821559846,0.032998863607645035,0.032998863607645035,1.0,-3.0,success
3633,-0.8168166875839233,0.5569003820419312,-0.00024774143821559846,0.03300107270479202,0.03300107270479202,1.0,-3.0,success
3634,-0.8176563382148743,0.5575408339500427,-0.00024774143821559846,0.033000823110342026,0.033000823110342026,1.0,-3.0,success
3635,-0.8184946179389954,0.5581830739974976,-0.00024774143821559846,0.033000726252794266,0.033000726252794266,1.0,-3.0,success
3636,-0.8193314671516418,0.5588271617889404,-0.00024774143821559846,0.033000439405441284,0.033000439405441284,1.0,-3.0,success
3637,-0.8201669454574585,0.5594729781150818,-0.00024774143821559846,0.03299950435757637,0.03299950435757637,1.0,-3.0,success
3638,-0.8210011124610901,0.5601205825805664,-0.00024774143821559846,0.033001333475112915,0.033001333475112915,1.0,-3.0,success
3639,-0.8218337893486023,0.5607700347900391,-0.00024774143821559846,0.03300004079937935,0.03300004079937935,1.0,-3.0,success
3640,-0.8226651549339294,0.5614212155342102,-0.00024774143821559846,0.033001020550727844,0.033001020550727844,1.0,-3.0,success
3641,-0.823495090007782,0.5620741844177246,-0.00024774143821559846,0.033000361174345016,0.033000361174345016,1.0,-3.0,success
3642,-0.8243235945701599,0.5627289414405823,-0.00024774143821559846,0.03299986198544502,0.03299986198544502,1.0,-3.0,success
3643,-0.825150728225708,0.5633854269981384,-0.00024774143821559846,0.03299981355667114,0.03299981355667114,1.0,-3.0,success
3644,-0.8259764909744263,0.5640437006950378,-0.00024774143821559846,0.033001068979501724,0.033001068979501724,1.0,-3.0,success
3645,-0.8268007636070251,0.5647037625312805,-0.00024774143821559846,0.032999567687511444,0.032999567687511444,1.0,-3.0,success
3646,-0.8276236653327942,0.5653656125068665,-0.00024774143821559846,0.0330011323094368,0.0330011323094368,1.0,-3.0,success
3647,-0.8284451365470886,0.5660291910171509,-0.00024774143821559846,0.03300022333860397,0.03300022333860397,1.0,-3.0,success
3648,-0.8292651772499084,0.5666945576667786,-0.00024774143821559846,0.0330006442964077,0.0330006442964077,1.0,-3.0,success
3649,-0.8300838470458984,0.5673616528511047,-0.00024774143821559846,0.033001482486724854,0.033001482486724854,1.0,-3.0,success
3650,-0.830901026725769,0.5680304765701294,-0.00024774143821559846,0.03299957886338234,0.03299957886338234,1.0,-3.0,success
3651,-0.831716775894165,0.5687010884284973,-0.00024774143821559846,0.033000458031892776,0.033000458031892776,1.0,-3.0,success
3652,-0.8325310945510864,0.5693734288215637,-0.00024774143821559846,0.03300030156970024,0.03300030156970024,1.0,-3.0,success
3653,-0.8333439826965332,0.5700474977493286,-0.00024774143821559846,0.033000294119119644,0.033000294119119644,1.0,-3.0,success
3654,-0.8341554403305054,0.570723295211792,-0.00024774143821559846,0.033000439405441284,0.033000439405441284,1.0,-3.0,success
3655,-0.8349654078483582,0.5714008808135986,-0.00024774143821559846,0.03300049528479576,0.03300049528479576,1.0,-3.0,success
3656,-0.8357739448547363,0.5720801949501038,-0.00024774143821559846,0.03300094231963158,0.03300094231963158,1.0,-3.0,success
3657,-0.8365810513496399,0.5727611780166626,-0.00024774143821559846,0.033000338822603226,0.033000338822603226,1.0,-3.0,success
3658,-0.8373866081237793,0.5734439492225647,-0.0002477414673194289,0.032999437302351,0.032999437302351,1.0,-3.0,success
3659,-0.8381907939910889,0.5741283893585205,-0.0002477414673194289,0.03300054743885994,0.03300054743885994,1.0,-3.0,success
3660,-0.838993489742279,0.5748146176338196,-0.0002477414673194289,0.033001385629177094,0.033001385629177094,1.0,-3.0,success
3661,-0.8397946953773499,0.5755025148391724,-0.0002477414673194289,0.032999955117702484,0.032999955117702484,1.0,-3.0,success
3662,-0.8405944108963013,0.5761921405792236,-0.0002477414673194289,0.03299988433718681,0.03299988433718681,1.0,-3.0,success
3663,-0.8413926959037781,0.5768834948539734,-0.0002477414673194289,0.033001385629177094,0.033001385629177094,1.0,-3.0,success
3664,-0.8421894311904907,0.5775765180587769,-0.0002477414673194289,0.03299899399280548,0.03299899399280548,1.0,-3.0,success
3665,-0.8429847359657288,0.5782712697982788,-0.0002477414673194289,0.03300079330801964,0.03300079330801964,1.0,-3.0,success
3666,-0.8437785506248474,0.5789677500724792,-0.0002477414673194289,0.033001337200403214,0.033001337200403214,1.0,-3.0,success
3667,-0.8445708155632019,0.5796658992767334,-0.0002477414673194289,0.03299940750002861,0.03299940750002861,1.0,-3.0,success
3668,-0.8453616499900818,0.580365777015686,-0.0002477414673194289,0.03300165385007858,0.03300165385007858,1.0,-3.0,success
3669,-0.8461509346961975,0.5810672640800476,-0.0002477414673194289,0.032998789101839066,0.032998789101839066,1.0,-3.0,success
3670,-0.8469387888908386,0.5817705392837524,-0.0002477414673194289,0.0330025739967823,0.0330025739967823,1.0,-3.0,success
3671,-0.8477099537849426,0.5824605822563171,-0.00024371867766603827,0.032338399440050125,0.032338157296180725,1.0,-3.0,success
3672,-0.8484950661659241,0.5831667184829712,-0.00024420968838967383,0.03299843147397041,0.032998427748680115,1.0,-3.0,success
3673,-0.8492786288261414,0.5838746428489685,-0.0002449006715323776,0.032999876886606216,0.03299987316131592,1.0,-3.0,success
3674,-0.8500605225563049,0.5845844149589539,-0.00024546831264160573,0.032999977469444275,0.032999973744153976,1.0,-3.0,success
3675,-0.8508408665657043,0.5852959156036377,-0.00024592314730398357,0.03300050273537636,0.03300049901008606,1.0,-3.0,success
3676,-0.8516196012496948,0.58600914478302,-0.00024628700339235365,0.03299981728196144,0.03299981355667114,1.0,-3.0,success
3677,-0.8523967862129211,0.586724042892456,-0.000246578041696921,0.03299940750002861,0.03299940377473831,1.0,-3.0,success
3678,-0.8531724214553833,0.5874407291412354,-0.00024681087234057486,0.033001672476530075,0.033001672476530075,1.0,-3.0,success
3679,-0.8539464473724365,0.5881590247154236,-0.00024699707864783704,0.0329989418387413,0.0329989418387413,1.0,-3.0,success
3680,-0.8547189235687256,0.5888790488243103,-0.00024714606115594506,0.033000268042087555,0.033000268042087555,1.0,-3.0,success
3681,-0.8554898500442505,0.5896008014678955,-0.00024726521223783493,0.03300175070762634,0.03300175070762634,1.0,-3.0,success
3682,-0.8562592267990112,0.5903241634368896,-0.00024736052728258073,0.033000845462083817,0.03300084173679352,1.0,-3.0,success
3683,-0.857026994228363,0.5910491347312927,-0.0002474367793183774,0.03299872949719429,0.03299872949719429,1.0,-3.0,success
3684,-0.8577932715415955,0.5917758345603943,-0.00024749775184318423,0.033002033829689026,0.033002033829689026,1.0,-3.0,success
3685,-0.858557939529419,0.5925041437149048,-0.0002475465589668602,0.03300022706389427,0.03300022706389427,1.0,-3.0,success
3686,-0.8593209981918335,0.593234121799469,-0.00024758558720350266,0.03299986198544502,0.032999858260154724,1.0,-3.0,success
3687,-0.8600825667381287,0.5939657092094421,-0.0002476167865097523,0.033001046627759933,0.033001046627759933,1.0,-3.0,success
3688,-0.8608425259590149,0.594698965549469,-0.00024764175759628415,0.03300098702311516,0.03300098702311516,1.0,-3.0,success
3689,-0.8616008758544922,0.5954338312149048,-0.00024766172282397747,0.03299979493021965,0.03299979493021965,1.0,-3.0,success
3690,-0.8623576760292053,0.5961703062057495,-0.0002476777008268982,0.03300008550286293,0.03300008550286293,1.0,-3.0,success
3691,-0.8631129264831543,0.5969083905220032,-0.0002476904774084687,0.03300052508711815,0.03300052508711815,1.0,-3.0,success
3692,-0.8638665676116943,0.5976481437683105,-0.0002477007219567895,0.033001091331243515,0.033001091331243515,1.0,-3.0,success
3693,-0.8646185994148254,0.5983894467353821,-0.00024770890013314784,0.032999198883771896,0.032999198883771896,1.0,-3.0,success
3694,-0.8653690814971924,0.5991324186325073,-0.00024771541939117014,0.03300140053033829,0.03300140053033829,1.0,-3.0,success
3695,-0.8661179542541504,0.5998769998550415,-0.00024772065808065236,0.033001117408275604,0.033001117408275604,1.0,-3.0,success
3696,-0.8668652176856995,0.6006231307983398,-0.0002477248490322381,0.0329996757209301,0.0329996719956398,1.0,-3.0,success
3697,-0.8676108717918396,0.6013708710670471,-0.00024772819597274065,0.03299969807267189,0.03299969807267189,1.0,-3.0,success
3698,-0.8683549761772156,0.6021202206611633,-0.00024773087352514267,0.03300118446350098,0.03300118446350098,1.0,-3.0,success
3699,-0.8690974116325378,0.6028711795806885,-0.00024773302720859647,0.03300020098686218,0.033000197261571884,1.0,-3.0,success
3700,-0.8698382377624512,0.6036237478256226,-0.0002477347443345934,0.03300068527460098,0.03300068527460098,1.0,-3.0,success
3701,-0.8705775141716003,0.6043778657913208,-0.0002477361122146249,0.03300129249691963,0.03300129249691963,1.0,-3.0,success
3702,-0.8713151216506958,0.6051335334777832,-0.00024773721816018224,0.032999441027641296,0.032999441027641296,1.0,-3.0,success
3703,-0.8720511198043823,0.6058908104896545,-0.00024773809127509594,0.03300037980079651,0.03300037607550621,1.0,-3.0,success
3704,-0.8727855086326599,0.6066496968269348,-0.0002477387897670269,0.03300147131085396,0.03300146758556366,1.0,-3.0,success
3705,-0.8735182285308838,0.6074100732803345,-0.0002477393427398056,0.032998740673065186,0.032998740673065186,1.0,-3.0,success
3706,-0.8742493391036987,0.6081720590591431,-0.0002477398084010929,0.03300013020634651,0.03300013020634651,1.0,-3.0,success
3707,-0.8749788403511047,0.6089356541633606,-0.00024774015764705837,0.03300167992711067,0.03300167992711067,1.0,-3.0,success
3708,-0.875706672668457,0.6097007393836975,-0.00024774044868536294,0.032999396324157715,0.032999396324157715,1.0,-3.0,success
3709,-0.8764328956604004,0.6104674339294434,-0.0002477406815160066,0.03300124779343605,0.03300124779343605,1.0,-3.0,success
3710,-0.87715744972229,0.6112356781959534,-0.00024774085613898933,0.03300061821937561,0.03300061821937561,1.0,-3.0,success
3711,-0.8778803944587708,0.6120054721832275,-0.00024774103076197207,0.03300141915678978,0.03300141915678978,1.0,-3.0,success
3712,-0.8786016702651978,0.6127767562866211,-0.0002477411471772939,0.032999731600284576,0.032999731600284576,1.0,-3.0,success
3713,-0.879321277141571,0.6135496497154236,-0.00024774123448878527,0.033000919967889786,0.033000919967889786,1.0,-3.0,success
3714,-0.8800392150878906,0.6143240332603455,-0.00024774132180027664,0.032999537885189056,0.032999537885189056,1.0,-3.0,success
3715,-0.8807555437088013,0.6150999665260315,-0.00024774138000793755,0.03300093486905098,0.03300093486905098,1.0,-3.0,success
3716,-0.8814701437950134,0.6158774495124817,-0.00024774143821559846,0.032999955117702484,0.032999955117702484,1.0,-3.0,success
3717,-0.8821831345558167,0.616656482219696,-0.0002477414673194289,0.033001650124788284,0.033001650124788284,1.0,-3.0,success
3718,-0.8828943967819214,0.6174370050430298,-0.0002477414964232594,0.032999612390995026,0.032999612390995026,1.0,-3.0,success
3719,-0.8836040496826172,0.6182190775871277,-0.00024774152552708983,0.0330016054213047,0.0330016054213047,1.0,-3.0,success
3720,-0.8843119740486145,0.619002640247345,-0.0002477415546309203,0.03299987316131592,0.03299987316131592,1.0,-3.0,success
3721,-0.8850182294845581,0.6197876930236816,-0.0002477415546309203,0.03299953415989876,0.03299953415989876,1.0,-3.0,success
3722,-0.885722815990448,0.6205742955207825,-0.00024774158373475075,0.03300073370337486,0.03300073370337486,1.0,-3.0,success
3723,-0.8864257335662842,0.6213623881340027,-0.00024774158373475075,0.03300069272518158,0.03300069272518158,1.0,-3.0,success
3724,-0.8871269226074219,0.6221520304679871,-0.00024774158373475075,0.03300096094608307,0.03300096094608307,1.0,-3.0,success
3725,-0.8868187665939331,0.6229429841041565,-0.00021969497902318835,0.02654143236577511,0.026526955887675285,1.0,-3.0,success
