step,x,y,z,speed_3d,speed_xy,command_v,command_w,outcome
0,-4.20211124420166,1.5982035398483276,0.01880427822470665,0.0,0.0,0.0,0.0,success
1,-4.2019267082214355,1.5930262804031372,-0.0006303648115135729,0.628539502620697,0.1618920862674713,1.0,-3.0,success
2,-4.198423862457275,1.5849268436431885,0.00046377265243791044,0.27787548303604126,0.2757638394832611,1.0,-3.0,success
3,-4.197946071624756,1.5842427015304565,0.0033067096956074238,0.09258983284235,0.02607708051800728,1.0,-3.0,success
4,-4.197384357452393,1.5827300548553467,0.000111980720248539,0.1118466854095459,0.050424203276634216,1.0,-3.0,success
5,-4.1965718269348145,1.5805103778839111,-0.006965818349272013,0.23318950831890106,0.07386624068021774,1.0,-3.0,success
6,-4.1968770027160645,1.5803192853927612,-0.002778223715722561,0.13134518265724182,0.011252108961343765,1.0,-3.0,success
7,-4.197014808654785,1.5813302993774414,-0.0022740948479622602,0.0355658158659935,0.031886328011751175,1.0,-3.0,success
8,-4.1973700523376465,1.581997275352478,-0.0018419272964820266,0.027204083278775215,0.02361505664885044,1.0,-3.0,success
9,-4.197927951812744,1.5830020904541016,-0.0015116491122171283,0.037369418889284134,0.03591582551598549,1.0,-3.0,success
10,-4.198460578918457,1.5839900970458984,-0.0012462812010198832,0.03604289889335632,0.03507593274116516,1.0,-3.0,success
11,-4.198968887329102,1.5849709510803223,-0.0010336582781746984,0.0351567417383194,0.03452314808964729,1.0,-3.0,success
12,-4.199456691741943,1.5859462022781372,-0.0008634121622890234,0.03448918089270592,0.03407637029886246,1.0,-3.0,success
13,-4.199926853179932,1.5869170427322388,-0.0007271237554959953,0.0339772067964077,0.033709220588207245,1.0,-3.0,success
14,-4.200383186340332,1.5878846645355225,-0.0006180338677950203,0.033605482429265976,0.03343212231993675,1.0,-3.0,success
15,-4.2008280754089355,1.5888499021530151,-0.0005307229002937675,0.033325351774692535,0.03321347013115883,1.0,-3.0,success
16,-4.201262474060059,1.589813470840454,-0.00046084733912721276,0.033102136105298996,0.033030033111572266,1.0,-3.0,success
17,-4.201688289642334,1.590775728225708,-0.00040492761763744056,0.03292962908744812,0.03288322687149048,1.0,-3.0,success
18,-4.202106952667236,1.5917372703552246,-0.0003601770440582186,0.03280274569988251,0.03277292102575302,1.0,-3.0,success
19,-4.202518939971924,1.592698335647583,-0.00032436431501992047,0.03269566223025322,0.03267650306224823,1.0,-3.0,success
20,-4.202926158905029,1.5936591625213623,-0.00029570324113592505,0.032623518258333206,0.032611217349767685,1.0,-3.0,success
21,-4.203327655792236,1.5946201086044312,-0.00027276421315036714,0.032553188502788544,0.0325452946126461,1.0,-3.0,success
22,-4.203725337982178,1.595581293106079,-0.00025440313038416207,0.03251147270202637,0.03250641003251076,1.0,-3.0,success
23,-4.20412015914917,1.5965429544448853,-0.00023970230540726334,0.032489363104104996,0.03248611465096474,1.0,-3.0,success
24,-4.204512596130371,1.59750497341156,-0.00022793235257267952,0.03247032314538956,0.03246824070811272,1.0,-3.0,success
25,-4.204901218414307,1.5984675884246826,-0.00021850873599760234,0.032442010939121246,0.0324406735599041,1.0,-3.0,success
26,-4.205286502838135,1.5994309186935425,-0.00021095988631714135,0.03242338076233864,0.032422520220279694,1.0,-3.0,success
27,-4.205668926239014,1.6003947257995605,-0.00020491065515670925,0.03240383043885231,0.03240327537059784,1.0,-3.0,success
28,-4.206048488616943,1.6013593673706055,-0.00020006104023195803,0.032395027577877045,0.03239467367529869,1.0,-3.0,success
29,-4.206424713134766,1.6023247241973877,-0.00019617105135694146,0.032377682626247406,0.0323774479329586,1.0,-3.0,success
30,-4.206798553466797,1.6032907962799072,-0.0001930487051140517,0.03237146511673927,0.032371316105127335,1.0,-3.0,success
31,-4.207170009613037,1.6042577028274536,-0.00019054044969379902,0.03236893564462662,0.032368842512369156,1.0,-3.0,success
32,-4.207538604736328,1.6052253246307373,-0.00018852345237974077,0.0323578380048275,0.032357774674892426,1.0,-3.0,success
33,-4.207904815673828,1.6061937808990479,-0.00018689945864025503,0.03235575556755066,0.032355714589357376,1.0,-3.0,success
34,-4.208268642425537,1.6071630716323853,-0.0001855898735811934,0.032353878021240234,0.032353851944208145,1.0,-3.0,success
35,-4.208630084991455,1.6081331968307495,-0.00018453186203259975,0.03235219791531563,0.032352179288864136,1.0,-3.0,success
36,-4.208988666534424,1.6091041564941406,-0.00018367507436778396,0.032345544546842575,0.03234553709626198,1.0,-3.0,success
37,-4.20934534072876,1.610075831413269,-0.00018297924543730915,0.03234592452645302,0.03234591707587242,1.0,-3.0,success
38,-4.209699630737305,1.6110484600067139,-0.00018241223006043583,0.03234832361340523,0.03234831988811493,1.0,-3.0,success
39,-4.210052013397217,1.612021803855896,-0.00018194834410678595,0.032348986715078354,0.032348982989788055,1.0,-3.0,success
40,-4.210402011871338,1.612995982170105,-0.00018156699661631137,0.03234823793172836,0.03234823793172836,1.0,-3.0,success
41,-4.210750102996826,1.6139709949493408,-0.00018125175847671926,0.032352689653635025,0.032352689653635025,1.0,-3.0,success
42,-4.211096286773682,1.6149468421936035,-0.00018098946020472795,0.03235727176070213,0.03235727176070213,1.0,-3.0,success
43,-4.211440086364746,1.615923523902893,-0.00018076958076562732,0.03235703706741333,0.03235703706741333,1.0,-3.0,success
44,-4.211782455444336,1.61690092086792,-0.00018058372370433062,0.03236331418156624,0.03236331418156624,1.0,-3.0,success
45,-4.212122440338135,1.6178791522979736,-0.00018042510782834142,0.03236338868737221,0.03236338868737221,1.0,-3.0,success
46,-4.212460994720459,1.6188582181930542,-0.00018028839258477092,0.03237338736653328,0.03237338736653328,1.0,-3.0,success
47,-4.212797164916992,1.619837999343872,-0.00018016924150288105,0.03237025439739227,0.03237025439739227,1.0,-3.0,success
48,-4.213131904602051,1.6208186149597168,-0.0001800642057787627,0.03238045051693916,0.03238045051693916,1.0,-3.0,success
49,-4.213464736938477,1.6218000650405884,-0.0001799705351004377,0.032385941594839096,0.032385941594839096,1.0,-3.0,success
50,-4.213796138763428,1.6227822303771973,-0.00017988603212870657,0.03239278867840767,0.03239278867840767,1.0,-3.0,success
51,-4.214125633239746,1.6237651109695435,-0.00017980892152991146,0.032394975423812866,0.032394975423812866,1.0,-3.0,success
52,-4.214453220367432,1.6247488260269165,-0.0001797377917682752,0.03240082040429115,0.03240082040429115,1.0,-3.0,success
53,-4.214779376983643,1.6257332563400269,-0.00017967152234632522,0.032407939434051514,0.032407939434051514,1.0,-3.0,success
54,-4.215103626251221,1.626718521118164,-0.00017960921104531735,0.03241401165723801,0.03241401165723801,1.0,-3.0,success
55,-4.215426445007324,1.6277045011520386,-0.00017955011571757495,0.032421305775642395,0.032421305775642395,1.0,-3.0,success
56,-4.215747833251953,1.6286911964416504,-0.00017949366883840412,0.03242867439985275,0.03242867439985275,1.0,-3.0,success
57,-4.216067314147949,1.6296786069869995,-0.00017943941929843277,0.03243153169751167,0.03243153169751167,1.0,-3.0,success
58,-4.216385841369629,1.630666732788086,-0.0001793870032997802,0.03244364261627197,0.03244364261627197,1.0,-3.0,success
59,-4.216701984405518,1.6316556930541992,-0.00017933612980414182,0.032445698976516724,0.032445698976516724,1.0,-3.0,success
60,-4.217016220092773,1.6326452493667603,-0.00017928781744558364,0.03244535252451897,0.03244535252451897,1.0,-3.0,success
61,-4.217328071594238,1.6336356401443481,-0.00017924043640960008,0.032447751611471176,0.032447751611471176,1.0,-3.0,success
62,-4.217637062072754,1.6346266269683838,-0.00017919379752129316,0.032438792288303375,0.032438792288303375,1.0,-3.0,success
63,-4.217944145202637,1.6356183290481567,-0.00017914782802108675,0.03244245424866676,0.03244245424866676,1.0,-3.0,success
64,-4.21824836730957,1.6366108655929565,-0.00017910246970131993,0.03244104981422424,0.03244104981422424,1.0,-3.0,success
65,-4.218550205230713,1.637603998184204,-0.00017905764980241656,0.03243711218237877,0.03243711218237877,1.0,-3.0,success
66,-4.2188496589660645,1.6385977268218994,-0.00017901335377246141,0.03243336081504822,0.03243336081504822,1.0,-3.0,success
67,-4.219146728515625,1.6395922899246216,-0.00017896952340379357,0.032436925917863846,0.032436925917863846,1.0,-3.0,success
68,-4.219440937042236,1.6405874490737915,-0.0001789261441444978,0.03242931514978409,0.03242931514978409,1.0,-3.0,success
69,-4.219733238220215,1.6415833234786987,-0.00017888318689074367,0.03243391215801239,0.03243391215801239,1.0,-3.0,success
70,-4.220022678375244,1.6425797939300537,-0.00017884065164253116,0.032426733523607254,0.032426733523607254,1.0,-3.0,success
71,-4.220309734344482,1.643576979637146,-0.0001787985092960298,0.032427508383989334,0.032427508383989334,1.0,-3.0,success
72,-4.22059440612793,1.644574761390686,-0.0001787567452993244,0.032424889504909515,0.032424889504909515,1.0,-3.0,success
73,-4.220876693725586,1.6455732583999634,-0.00017871535965241492,0.03242603316903114,0.03242603316903114,1.0,-3.0,success
74,-4.221156120300293,1.6465723514556885,-0.00017867435235530138,0.03241976350545883,0.03241976350545883,1.0,-3.0,success
75,-4.221433639526367,1.6475721597671509,-0.00017863370885606855,0.03242529556155205,0.03242529556155205,1.0,-3.0,success
76,-4.221708297729492,1.6485724449157715,-0.00017859342915471643,0.03241586685180664,0.03241586685180664,1.0,-3.0,success
77,-4.221980571746826,1.6495734453201294,-0.00017855351325124502,0.03241778910160065,0.03241778910160065,1.0,-3.0,success
78,-4.222250461578369,1.6505751609802246,-0.0001785139465937391,0.03241989389061928,0.03241989389061928,1.0,-3.0,success
79,-4.222508907318115,1.6515761613845825,-0.0001741055748425424,0.032307352870702744,0.032307058572769165,1.0,-3.0,success
80,-4.22276496887207,1.6525784730911255,-0.0001747141795931384,0.03232822194695473,0.03232821449637413,1.0,-3.0,success
81,-4.223019123077393,1.6535815000534058,-0.00017540903354529291,0.03233518451452255,0.032335180789232254,1.0,-3.0,success
82,-4.223271369934082,1.6545851230621338,-0.00017596826364751905,0.03233866021037102,0.03233865275979042,1.0,-3.0,success
83,-4.223521709442139,1.6555894613265991,-0.0001764086337061599,0.03234586864709854,0.03234586492180824,1.0,-3.0,success
84,-4.223770618438721,1.6565945148468018,-0.0001767534704413265,0.032356780022382736,0.032356780022382736,1.0,-3.0,success
85,-4.22401762008667,1.6576000452041626,-0.00017702195327728987,0.032356973737478256,0.03235697001218796,1.0,-3.0,success
86,-4.2242631912231445,1.6586062908172607,-0.00017722946358844638,0.03236805275082588,0.03236805275082588,1.0,-3.0,success
87,-4.2245073318481445,1.6596131324768066,-0.000177388297743164,0.032375581562519073,0.032375581562519073,1.0,-3.0,success
88,-4.224750518798828,1.6606205701828003,-0.0001775082782842219,0.03238667920231819,0.03238667920231819,1.0,-3.0,success
89,-4.224992275238037,1.6616286039352417,-0.00017759726324584335,0.03239433094859123,0.03239433094859123,1.0,-3.0,success
90,-4.225232124328613,1.6626371145248413,-0.00017766204837244004,0.032394979149103165,0.032394979149103165,1.0,-3.0,success
91,-4.225470066070557,1.6636462211608887,-0.00017770803242456168,0.03239936754107475,0.03239936754107475,1.0,-3.0,success
92,-4.225704669952393,1.6646559238433838,-0.00017773816944099963,0.03239373490214348,0.03239373490214348,1.0,-3.0,success
93,-4.225937366485596,1.665666103363037,-0.00017775566084310412,0.03239481523633003,0.03239481523633003,1.0,-3.0,success
94,-4.22616720199585,1.6666768789291382,-0.00017776311142370105,0.03239302337169647,0.03239302337169647,1.0,-3.0,success
95,-4.226395130157471,1.6676881313323975,-0.00017776260210666806,0.032394398003816605,0.032394398003816605,1.0,-3.0,success
96,-4.226619720458984,1.6686999797821045,-0.0001777558063622564,0.0323898084461689,0.0323898084461689,1.0,-3.0,success
97,-4.226842403411865,1.6697123050689697,-0.00017774403386283666,0.0323914960026741,0.0323914960026741,1.0,-3.0,success
98,-4.227062225341797,1.6707251071929932,-0.00017772837600205094,0.03238696977496147,0.03238696977496147,1.0,-3.0,success
99,-4.2272796630859375,1.6717383861541748,-0.00017770967679098248,0.03238581866025925,0.03238581866025925,1.0,-3.0,success
100,-4.227494716644287,1.6727521419525146,-0.0001776886056177318,0.03238484263420105,0.03238484263420105,1.0,-3.0,success
101,-4.227707386016846,1.6737664937973022,-0.00017766570090316236,0.03238769248127937,0.03238769248127937,1.0,-3.0,success
102,-4.227917194366455,1.6747812032699585,-0.00017764142830856144,0.03238040953874588,0.03238040953874588,1.0,-3.0,success
103,-4.228124618530273,1.6757965087890625,-0.00017761610797606409,0.03238365426659584,0.03238365426659584,1.0,-3.0,success
104,-4.228329658508301,1.6768121719360352,-0.00017759003094397485,0.03237977623939514,0.03237977623939514,1.0,-3.0,success
105,-4.228531837463379,1.6778284311294556,-0.00017756341549102217,0.032380472868680954,0.032380472868680954,1.0,-3.0,success
106,-4.228732109069824,1.6788450479507446,-0.00017753643624018878,0.032379861921072006,0.032379861921072006,1.0,-3.0,success
107,-4.228929042816162,1.679862141609192,-0.0001775092532625422,0.03237449377775192,0.03237449377775192,1.0,-3.0,success
108,-4.229124069213867,1.6808797121047974,-0.00017748195386957377,0.03237785026431084,0.03237785026431084,1.0,-3.0,success
109,-4.229316234588623,1.681897759437561,-0.00017745463992469013,0.03237577900290489,0.03237577900290489,1.0,-3.0,success
110,-4.229506492614746,1.6829161643981934,-0.00017742739873938262,0.0323757641017437,0.0323757641017437,1.0,-3.0,success
111,-4.229693412780762,1.6839350461959839,-0.00017740027396939695,0.03237142786383629,0.03237142786383629,1.0,-3.0,success
112,-4.2298784255981445,1.684954285621643,-0.00017737330927047879,0.03237171843647957,0.03237171843647957,1.0,-3.0,success
113,-4.230060577392578,1.6859740018844604,-0.00017734654829837382,0.032370541244745255,0.032370541244745255,1.0,-3.0,success
114,-4.230240345001221,1.686994194984436,-0.0001773200201569125,0.03237219527363777,0.03237219527363777,1.0,-3.0,success
115,-4.230417728424072,1.6880146265029907,-0.00017729373939801008,0.03236669301986694,0.03236669301986694,1.0,-3.0,success
116,-4.230592250823975,1.6890356540679932,-0.0001772677496774122,0.032369859516620636,0.032369859516620636,1.0,-3.0,success
117,-4.230764389038086,1.6900569200515747,-0.00017724205099511892,0.03236473724246025,0.03236473724246025,1.0,-3.0,success
118,-4.230934143066406,1.6910786628723145,-0.0001772166433511302,0.03236713632941246,0.03236713632941246,1.0,-3.0,success
119,-4.231101036071777,1.6921007633209229,-0.00017719155584927648,0.03236363083124161,0.03236363083124161,1.0,-3.0,success
120,-4.231265544891357,1.6931232213974,-0.0001771667884895578,0.032362744212150574,0.032362744212150574,1.0,-3.0,success
121,-4.2314276695251465,1.6941461563110352,-0.00017714234127197415,0.03236570954322815,0.03236570954322815,1.0,-3.0,success
122,-4.2315874099731445,1.6951693296432495,-0.00017711824330035597,0.03236149251461029,0.03236149251461029,1.0,-3.0,success
123,-4.231744289398193,1.696192979812622,-0.00017709446547087282,0.032362550497055054,0.032362550497055054,1.0,-3.0,success
124,-4.231898784637451,1.6972168684005737,-0.00017707103688735515,0.03235871344804764,0.03235871344804764,1.0,-3.0,success
125,-4.232050895690918,1.6982412338256836,-0.00017704794299788773,0.03236242011189461,0.03236242011189461,1.0,-3.0,success
126,-4.2322001457214355,1.6992658376693726,-0.0001770251983543858,0.032356783747673035,0.032356783747673035,1.0,-3.0,success
127,-4.232347011566162,1.7002907991409302,-0.00017700280295684934,0.03235718980431557,0.03235718980431557,1.0,-3.0,success
128,-4.232491493225098,1.7013161182403564,-0.00017698075680527836,0.03235777094960213,0.03235777094960213,1.0,-3.0,success
129,-4.232633113861084,1.7023417949676514,-0.00017695905989967287,0.032356489449739456,0.032356489449739456,1.0,-3.0,success
130,-4.232772350311279,1.7033677101135254,-0.00017693769768811762,0.03235376626253128,0.03235376626253128,1.0,-3.0,success
131,-4.232909202575684,1.704393982887268,-0.0001769166992744431,0.03235490992665291,0.03235490992665291,1.0,-3.0,success
132,-4.233043193817139,1.7054206132888794,-0.00017689605010673404,0.03235429525375366,0.03235429525375366,1.0,-3.0,success
133,-4.233174800872803,1.7064474821090698,-0.00017687575018499047,0.03235212713479996,0.03235212713479996,1.0,-3.0,success
134,-4.233304023742676,1.707474708557129,-0.0001768558140611276,0.032353829592466354,0.032353829592466354,1.0,-3.0,success
135,-4.2334303855896,1.708502173423767,-0.000176836212631315,0.03235018253326416,0.03235018253326416,1.0,-3.0,success
136,-4.233554363250732,1.7095298767089844,-0.0001768169749993831,0.032348569482564926,0.032348569482564926,1.0,-3.0,success
137,-4.233675956726074,1.7105579376220703,-0.00017679808661341667,0.03235083073377609,0.03235083073377609,1.0,-3.0,success
138,-4.233794689178467,1.711586356163025,-0.00017677956202533096,0.032351553440093994,0.032351553440093994,1.0,-3.0,success
139,-4.233911037445068,1.712614893913269,-0.0001767613721312955,0.03234679624438286,0.03234679624438286,1.0,-3.0,success
140,-4.234025001525879,1.7136437892913818,-0.00017674354603514075,0.032349612563848495,0.032349612563848495,1.0,-3.0,success
141,-4.234136581420898,1.7146729230880737,-0.0001767260837368667,0.03234890103340149,0.03234890103340149,1.0,-3.0,success
142,-4.234245300292969,1.7157022953033447,-0.00017670897068455815,0.03234679624438286,0.03234679624438286,1.0,-3.0,success
143,-4.23435115814209,1.7167319059371948,-0.00017669220687821507,0.032344941049814224,0.032344941049814224,1.0,-3.0,success
144,-4.234455108642578,1.717761754989624,-0.00017667579231783748,0.03234631195664406,0.03234631195664406,1.0,-3.0,success
145,-4.234556198120117,1.7187918424606323,-0.0001766597415553406,0.032344866544008255,0.032344866544008255,1.0,-3.0,success
146,-4.234654426574707,1.7198221683502197,-0.00017664404003880918,0.032343678176403046,0.032343678176403046,1.0,-3.0,success
147,-4.234750747680664,1.7208526134490967,-0.00017662870232015848,0.03234178200364113,0.03234178200364113,1.0,-3.0,success
148,-4.234844207763672,1.7218834161758423,-0.00017661371384747326,0.03234471380710602,0.03234471380710602,1.0,-3.0,success
149,-4.2349348068237305,1.7229143381118774,-0.00017659907462075353,0.03234047815203667,0.03234047815203667,1.0,-3.0,success
150,-4.235023498535156,1.7239456176757812,-0.0001765847991919145,0.0323464460670948,0.0323464460670948,1.0,-3.0,success
151,-4.235109329223633,1.724976897239685,-0.00017657087300904095,0.032338909804821014,0.032338909804821014,1.0,-3.0,success
152,-4.23519229888916,1.7260085344314575,-0.00017655731062404811,0.03234275430440903,0.03234275430440903,1.0,-3.0,success
153,-4.235273361206055,1.7270402908325195,-0.00017654409748502076,0.032341744750738144,0.032341744750738144,1.0,-3.0,success
154,-4.235351085662842,1.728072166442871,-0.00017653123359195888,0.032337456941604614,0.032337456941604614,1.0,-3.0,success
155,-4.235426902770996,1.7291042804718018,-0.0001765187334967777,0.03234046697616577,0.03234046697616577,1.0,-3.0,success
156,-4.235499858856201,1.7301366329193115,-0.00017650659719947726,0.03234146907925606,0.03234146907925606,1.0,-3.0,success
157,-4.235570430755615,1.7311691045761108,-0.00017649479559622705,0.032340023666620255,0.032340023666620255,1.0,-3.0,success
158,-4.235638618469238,1.7322016954421997,-0.00017648337234277278,0.032338742166757584,0.032338742166757584,1.0,-3.0,success
159,-4.235703945159912,1.7332344055175781,-0.00017647228378336877,0.03233669325709343,0.03233669325709343,1.0,-3.0,success
160,-4.235766410827637,1.7342673540115356,-0.00017646155902184546,0.03233860805630684,0.03233860805630684,1.0,-3.0,success
161,-4.2358269691467285,1.7353004217147827,-0.00017645119805820286,0.03233878314495087,0.03233878314495087,1.0,-3.0,success
162,-4.235884666442871,1.7363336086273193,-0.00017644118634052575,0.03233739361166954,0.03233739361166954,1.0,-3.0,success
163,-4.235939979553223,1.7373669147491455,-0.00017643153842072934,0.03233704715967178,0.03233704715967178,1.0,-3.0,success
164,-4.235992431640625,1.7384003400802612,-0.0001764222397468984,0.03233611211180687,0.03233611211180687,1.0,-3.0,success
165,-4.236042499542236,1.7394338846206665,-0.00017641329031903297,0.03233614191412926,0.03233614191412926,1.0,-3.0,success
166,-4.236089706420898,1.7404675483703613,-0.00017640470468904823,0.032335661351680756,0.032335661351680756,1.0,-3.0,success
167,-4.236135005950928,1.7415013313293457,-0.0001763964828569442,0.03233671560883522,0.03233671560883522,1.0,-3.0,success
168,-4.236177444458008,1.7425352334976196,-0.00017638859571889043,0.03233664482831955,0.03233664482831955,1.0,-3.0,success
169,-4.236217021942139,1.7435691356658936,-0.0001763810869306326,0.03233310207724571,0.03233310207724571,1.0,-3.0,success
170,-4.2362542152404785,1.7446032762527466,-0.00017637392738834023,0.03233778476715088,0.03233778476715088,1.0,-3.0,success
171,-4.236289024353027,1.7456374168395996,-0.00017636711709201336,0.03233519569039345,0.03233519569039345,1.0,-3.0,success
172,-4.236321449279785,1.7466715574264526,-0.0001763606705935672,0.03233277052640915,0.03233277052640915,1.0,-3.0,success
173,-4.236351013183594,1.7477059364318848,-0.0001763545733410865,0.03233754262328148,0.03233754262328148,1.0,-3.0,success
174,-4.236377716064453,1.7487401962280273,-0.00017634883988648653,0.03233138844370842,0.03233138844370842,1.0,-3.0,success
175,-4.23640251159668,1.749774694442749,-0.00017634347022976726,0.03233735263347626,0.03233735263347626,1.0,-3.0,success
176,-4.236424446105957,1.7508091926574707,-0.00017633844981901348,0.03233533352613449,0.03233533352613449,1.0,-3.0,success
177,-4.236443519592285,1.7518436908721924,-0.00017633377865422517,0.03233356028795242,0.03233356028795242,1.0,-3.0,success
178,-4.2364606857299805,1.752878189086914,-0.00017632945673540235,0.032332517206668854,0.032332517206668854,1.0,-3.0,success
179,-4.236474990844727,1.7539128065109253,-0.00017632549861446023,0.03233488276600838,0.03233488276600838,1.0,-3.0,success
180,-4.236486911773682,1.7549474239349365,-0.00017632190429139882,0.032333940267562866,0.032333940267562866,1.0,-3.0,success
181,-4.236496448516846,1.7559820413589478,-0.0001763186592143029,0.032333165407180786,0.032333165407180786,1.0,-3.0,success
182,-4.2365031242370605,1.7570167779922485,-0.00017631577793508768,0.03233619034290314,0.03233619034290314,1.0,-3.0,success
183,-4.236507415771484,1.7580513954162598,-0.00017631326045375317,0.03233207017183304,0.03233207017183304,1.0,-3.0,success
184,-4.236509323120117,1.7590861320495605,-0.00017631109221838415,0.03233557194471359,0.03233557194471359,1.0,-3.0,success
185,-4.236508846282959,1.7601208686828613,-0.0001763092732289806,0.03233552351593971,0.03233552351593971,1.0,-3.0,success
186,-4.236505508422852,1.7611554861068726,-0.000176307832589373,0.03233196213841438,0.03233196213841438,1.0,-3.0,success
187,-4.236499786376953,1.7621902227401733,-0.00017630674119573087,0.03233601152896881,0.03233601152896881,1.0,-3.0,success
188,-4.236491680145264,1.7632248401641846,-0.00017630601359996945,0.03233278542757034,0.03233278542757034,1.0,-3.0,success
189,-4.236481189727783,1.7642594575881958,-0.0001763056352501735,0.032333455979824066,0.032333455979824066,1.0,-3.0,success
190,-4.2364678382873535,1.765294075012207,-0.0001763056352501735,0.03233448415994644,0.03233448415994644,1.0,-3.0,success
191,-4.236452102661133,1.7663286924362183,-0.00017630596994422376,0.03233553096652031,0.03233553096652031,1.0,-3.0,success
192,-4.236433982849121,1.76736319065094,-0.00017630668298806995,0.03233302757143974,0.03233302757143974,1.0,-3.0,success
193,-4.236413478851318,1.7683976888656616,-0.00017630774527788162,0.03233441710472107,0.03233441710472107,1.0,-3.0,success
194,-4.236390113830566,1.7694321870803833,-0.000176309171365574,0.03233630955219269,0.03233630955219269,1.0,-3.0,success
195,-4.236364364624023,1.7704665660858154,-0.0001763109612511471,0.032334357500076294,0.032334357500076294,1.0,-3.0,success
196,-4.2363362312316895,1.7715009450912476,-0.00017631310038268566,0.03233629837632179,0.03233629837632179,1.0,-3.0,success
197,-4.236305236816406,1.7725350856781006,-0.00017631560331210494,0.032331403344869614,0.032331403344869614,1.0,-3.0,success
198,-4.23627233505249,1.7735693454742432,-0.00017631847003940493,0.03233696520328522,0.03233696520328522,1.0,-3.0,success
199,-4.236236572265625,1.7746033668518066,-0.0001763216860126704,0.032332487404346466,0.032332487404346466,1.0,-3.0,success
200,-4.236198902130127,1.7756373882293701,-0.00017632525123190135,0.032334599643945694,0.032334599643945694,1.0,-3.0,success
201,-4.23615837097168,1.7766714096069336,-0.000176329180249013,0.0323379822075367,0.0323379822075367,1.0,-3.0,success
202,-4.236115455627441,1.777705192565918,-0.00017633347306400537,0.03233353793621063,0.03233353793621063,1.0,-3.0,success
203,-4.236070156097412,1.7787388563156128,-0.00017633811512496322,0.03233299404382706,0.03233299404382706,1.0,-3.0,success
204,-4.236021995544434,1.7797725200653076,-0.00017634310643188655,0.03233703225851059,0.03233703225851059,1.0,-3.0,success
205,-4.235971927642822,1.780806064605713,-0.0001763484615366906,0.03233614191412926,0.03233614191412926,1.0,-3.0,success
206,-4.235918998718262,1.781839370727539,-0.00017635418043937534,0.03233315050601959,0.03233315050601959,1.0,-3.0,success
207,-4.235864162445068,1.7828726768493652,-0.00017636023403611034,0.03233625367283821,0.03233625367283821,1.0,-3.0,success
208,-4.235806465148926,1.7839057445526123,-0.00017636666598264128,0.03233367204666138,0.03233367204666138,1.0,-3.0,success
209,-4.235746383666992,1.7849386930465698,-0.0001763734471751377,0.03233419731259346,0.03233419731259346,1.0,-3.0,success
210,-4.235683441162109,1.7859715223312378,-0.0001763805776135996,0.0323357954621315,0.0323357954621315,1.0,-3.0,success
211,-4.235618591308594,1.7870042324066162,-0.0001763880718499422,0.03233575448393822,0.03233575448393822,1.0,-3.0,success
212,-4.235551357269287,1.7880367040634155,-0.0001763959153322503,0.032333072274923325,0.032333072274923325,1.0,-3.0,success
213,-4.235481262207031,1.7890691757202148,-0.0001764041226124391,0.032339006662368774,0.032339006662368774,1.0,-3.0,success
214,-4.235408782958984,1.7901012897491455,-0.00017641267913859338,0.03233299031853676,0.03233299031853676,1.0,-3.0,success
215,-4.2353339195251465,1.7911332845687866,-0.00017642159946262836,0.0323345810174942,0.0323345810174942,1.0,-3.0,success
216,-4.235256671905518,1.7921651601791382,-0.00017643088358454406,0.032336343079805374,0.032336343079805374,1.0,-3.0,success
217,-4.235177040100098,1.7931967973709106,-0.00017644050240051,0.03233456239104271,0.03233456239104271,1.0,-3.0,success
218,-4.235095024108887,1.7942283153533936,-0.00017645048501435667,0.03233666718006134,0.03233666718006134,1.0,-3.0,success
219,-4.235010147094727,1.7952595949172974,-0.00017646083142608404,0.03233645111322403,0.03233645111322403,1.0,-3.0,success
220,-4.234923362731934,1.796290636062622,-0.0001764715270837769,0.032333970069885254,0.032333970069885254,1.0,-3.0,success
221,-4.234833717346191,1.7973215579986572,-0.00017648258653935045,0.03233787789940834,0.03233787789940834,1.0,-3.0,success
222,-4.234741687774658,1.7983521223068237,-0.0001764939952408895,0.032333288341760635,0.032333288341760635,1.0,-3.0,success
223,-4.234647274017334,1.7993825674057007,-0.000176505753188394,0.032336290925741196,0.032336290925741196,1.0,-3.0,success
224,-4.234550476074219,1.8004127740859985,-0.00017651787493377924,0.03233575448393822,0.03233575448393822,1.0,-3.0,success
225,-4.2344512939453125,1.8014427423477173,-0.00017653034592512995,0.032335393130779266,0.032335393130779266,1.0,-3.0,success
226,-4.234349727630615,1.802472472190857,-0.00017654318071436137,0.03233520686626434,0.03233520686626434,1.0,-3.0,success
227,-4.234245300292969,1.8035019636154175,-0.00017655636474955827,0.03233669325709343,0.03233669325709343,1.0,-3.0,success
228,-4.2341389656066895,1.804531216621399,-0.00017656991258263588,0.03233535215258598,0.03233535215258598,1.0,-3.0,success
229,-4.234029769897461,1.8055601119995117,-0.00017658380966167897,0.03233354538679123,0.03233354538679123,1.0,-3.0,success
230,-4.233918190002441,1.806588888168335,-0.00017659805598668754,0.032337792217731476,0.032337792217731476,1.0,-3.0,success
231,-4.233804225921631,1.8076173067092896,-0.00017661266610957682,0.03233480080962181,0.03233480080962181,1.0,-3.0,success
232,-4.233687877655029,1.808645486831665,-0.00017662762547843158,0.032335687428712845,0.032335687428712845,1.0,-3.0,success
233,-4.233569145202637,1.8096734285354614,-0.00017664293409325182,0.032336752861738205,0.032336752861738205,1.0,-3.0,success
234,-4.233447551727295,1.8107010126113892,-0.00017665860650595278,0.0323360338807106,0.0323360338807106,1.0,-3.0,success
235,-4.23332405090332,1.8117283582687378,-0.00017667464271653444,0.03233569115400314,0.03233569115400314,1.0,-3.0,success
236,-4.2331976890563965,1.8127554655075073,-0.00017669101362116635,0.03233909234404564,0.03233909234404564,1.0,-3.0,success
237,-4.23306941986084,1.8137820959091187,-0.00017670774832367897,0.03233163803815842,0.03233163803815842,1.0,-3.0,success
238,-4.232938289642334,1.8148086071014404,-0.0001767248468240723,0.032339148223400116,0.032339148223400116,1.0,-3.0,success
239,-4.232804775238037,1.815834641456604,-0.00017674228001851588,0.03233389928936958,0.03233389928936958,1.0,-3.0,success
240,-4.232668876647949,1.8168604373931885,-0.0001767600915627554,0.03233620896935463,0.03233620896935463,1.0,-3.0,success
241,-4.23253059387207,1.8178859949111938,-0.00017677823780104518,0.032338693737983704,0.032338693737983704,1.0,-3.0,success
242,-4.2323899269104,1.818911075592041,-0.00017679674783721566,0.03233397379517555,0.03233397379517555,1.0,-3.0,success
243,-4.232246398925781,1.819935917854309,-0.00017681560711935163,0.03233887255191803,0.03233887255191803,1.0,-3.0,success
244,-4.232100963592529,1.8209604024887085,-0.00017683481564745307,0.03233612701296806,0.03233612701296806,1.0,-3.0,success
245,-4.231952667236328,1.8219844102859497,-0.00017685438797343522,0.032334066927433014,0.032334066927433014,1.0,-3.0,success
246,-4.231802463531494,1.8230081796646118,-0.00017687430954538286,0.03233529254794121,0.03233529254794121,1.0,-3.0,success
247,-4.231649398803711,1.8240315914154053,-0.00017689458036329597,0.032337337732315063,0.032337337732315063,1.0,-3.0,success
248,-4.231493949890137,1.82505464553833,-0.00017691520042717457,0.03233739361166954,0.03233739361166954,1.0,-3.0,success
249,-4.2313361167907715,1.8260773420333862,-0.00017693618428893387,0.032337624579668045,0.032337624579668045,1.0,-3.0,success
250,-4.231175899505615,1.8270995616912842,-0.00017695751739665866,0.0323343500494957,0.0323343500494957,1.0,-3.0,success
251,-4.231013298034668,1.828121542930603,-0.00017697921430226415,0.032338615506887436,0.032338615506887436,1.0,-3.0,success
252,-4.23084831237793,1.8291430473327637,-0.0001770012459019199,0.03233569115400314,0.03233569115400314,1.0,-3.0,success
253,-4.2306809425354,1.8301641941070557,-0.00017702364129945636,0.03233662620186806,0.03233662620186806,1.0,-3.0,success
254,-4.230510711669922,1.8311848640441895,-0.0001770463859429583,0.032336510717868805,0.032336510717868805,1.0,-3.0,success
255,-4.2303385734558105,1.8322051763534546,-0.0001770694798324257,0.03233535215258598,0.03233535215258598,1.0,-3.0,success
256,-4.23016357421875,1.833225131034851,-0.0001770929229678586,0.03233933076262474,0.03233933076262474,1.0,-3.0,success
257,-4.229986667633057,1.8342446088790894,-0.00017711672990117222,0.03233477845788002,0.03233477845788002,1.0,-3.0,success
258,-4.229806900024414,1.835263729095459,-0.0001771408860804513,0.032339178025722504,0.032339178025722504,1.0,-3.0,success
259,-4.2296247482299805,1.8362823724746704,-0.00017716539150569588,0.03233753889799118,0.03233753889799118,1.0,-3.0,success
260,-4.229440689086914,1.8373005390167236,-0.00017719024617690593,0.03233341872692108,0.03233341872692108,1.0,-3.0,success
261,-4.229253768920898,1.8383183479309082,-0.00017721545009408146,0.032338451594114304,0.032338451594114304,1.0,-3.0,success
262,-4.229064464569092,1.8393356800079346,-0.0001772410178091377,0.03233734145760536,0.03233734145760536,1.0,-3.0,success
263,-4.228872776031494,1.8403525352478027,-0.00017726693477015942,0.032336410135030746,0.032336410135030746,1.0,-3.0,success
264,-4.2286787033081055,1.8413689136505127,-0.0001772931864252314,0.032335661351680756,0.032335661351680756,1.0,-3.0,success
265,-4.228481769561768,1.8423848152160645,-0.00017731980187818408,0.032337918877601624,0.032337918877601624,1.0,-3.0,success
266,-4.228282928466797,1.8434003591537476,-0.00017734676657710224,0.03233834728598595,0.03233834728598595,1.0,-3.0,success
267,-4.228081703186035,1.8444154262542725,-0.0001773740805219859,0.032338131219148636,0.032338131219148636,1.0,-3.0,success
268,-4.227878093719482,1.8454298973083496,-0.00017740174371283501,0.03233443945646286,0.03233443945646286,1.0,-3.0,success
269,-4.2276716232299805,1.8464438915252686,-0.00017742977070156485,0.032337550073862076,0.032337550073862076,1.0,-3.0,success
270,-4.227463245391846,1.8474575281143188,-0.00017745813238434494,0.032338544726371765,0.032338544726371765,1.0,-3.0,success
271,-4.227252006530762,1.8484705686569214,-0.0001774868433130905,0.03233843296766281,0.03233843296766281,1.0,-3.0,success
272,-4.2270402908325195,1.8494833707809448,-0.0001775255223037675,0.032334186136722565,0.032334186136722565,1.0,3.0,success
273,-4.226828098297119,1.850496768951416,-0.00017753784777596593,0.03235546872019768,0.03235546872019768,1.0,3.0,success
274,-4.226615905761719,1.851510763168335,-0.0001775410200934857,0.03237370029091835,0.03237370029091835,1.0,3.0,success
275,-4.22640323638916,1.852524995803833,-0.00017752918938640505,0.03238404914736748,0.03238404914736748,1.0,-3.0,success
276,-4.22619104385376,1.8535387516021729,-0.00017753902648109943,0.03236640989780426,0.03236640989780426,1.0,-3.0,success
277,-4.225979328155518,1.8545520305633545,-0.00017755423323251307,0.03234877064824104,0.03234877064824104,1.0,-3.0,success
278,-4.225766658782959,1.8555647134780884,-0.00017757089517544955,0.03233664855360985,0.03233664855360985,1.0,-3.0,success
279,-4.225552558898926,1.8565770387649536,-0.00017759932961780578,0.032334934920072556,0.032334934920072556,1.0,3.0,success
280,-4.225337982177734,1.8575900793075562,-0.00017760292394086719,0.03235988691449165,0.03235988691449165,1.0,3.0,success
281,-4.225122928619385,1.858603596687317,-0.0001775989367160946,0.03237755596637726,0.03237755596637726,1.0,3.0,success
282,-4.22490930557251,1.8596177101135254,-0.00017759240290615708,0.03238653019070625,0.03238653019070625,1.0,3.0,success
283,-4.224697589874268,1.860632061958313,-0.00017757156456355006,0.03238159418106079,0.03238159418106079,1.0,-3.0,success
284,-4.224485874176025,1.8616459369659424,-0.00017757331079337746,0.032367005944252014,0.032367005944252014,1.0,-3.0,success
285,-4.224276065826416,1.862659215927124,-0.00017758204194251448,0.032336633652448654,0.032336633652448654,1.0,-3.0,success
286,-4.224064826965332,1.863672137260437,-0.00017760258924681693,0.03233478590846062,0.03233478590846062,1.0,3.0,success
287,-4.223852634429932,1.8646856546401978,-0.00017759935872163624,0.03235911577939987,0.03235911577939987,1.0,3.0,success
288,-4.223639488220215,1.8656997680664062,-0.0001775898999767378,0.03238346427679062,0.03238346427679062,1.0,3.0,success
289,-4.2234272956848145,1.8667141199111938,-0.00017756919260136783,0.032384637743234634,0.032384637743234634,1.0,-3.0,success
290,-4.2232160568237305,1.8677279949188232,-0.00017757162277121097,0.03236396238207817,0.03236396238207817,1.0,-3.0,success
291,-4.223006248474121,1.8687412738800049,-0.00017758064495865256,0.032336633652448654,0.032336633652448654,1.0,-3.0,success
292,-4.222795009613037,1.8697541952133179,-0.00017760138143785298,0.03233478590846062,0.03233478590846062,1.0,3.0,success
293,-4.222582817077637,1.8707677125930786,-0.00017759822367224842,0.03235911577939987,0.03235911577939987,1.0,3.0,success
294,-4.222369194030762,1.871781826019287,-0.00017758893955033273,0.03238653019070625,0.03238653019070625,1.0,3.0,success
295,-4.222157001495361,1.8727961778640747,-0.00017756855231709778,0.032384637743234634,0.032384637743234634,1.0,-3.0,success
296,-4.221951007843018,1.8738102912902832,-0.00017758597095962614,0.032338228076696396,0.032338228076696396,1.0,3.0,success
297,-4.221738815307617,1.8748246431350708,-0.00017756018496584147,0.032384637743234634,0.032384637743234634,1.0,-3.0,success
298,-4.221528053283691,1.8758383989334106,-0.00017756439046934247,0.03235727921128273,0.03235727921128273,1.0,-3.0,success
299,-4.221319198608398,1.8768519163131714,-0.00017758572357706726,0.03233790025115013,0.03233790025115013,1.0,3.0,success
300,-4.221109390258789,1.8778659105300903,-0.00017757978639565408,0.03235851973295212,0.03235851973295212,1.0,3.0,success
301,-4.220898628234863,1.878880500793457,-0.00017756858142092824,0.03238281235098839,0.03238281235098839,1.0,3.0,success
302,-4.220688819885254,1.8798953294754028,-0.00017754633154254407,0.03238406032323837,0.03238406032323837,1.0,-3.0,success
303,-4.220480442047119,1.8809096813201904,-0.00017754756845533848,0.032360441982746124,0.032360441982746124,1.0,-3.0,success
304,-4.220274448394775,1.8819236755371094,-0.0001775660493876785,0.0323345772922039,0.0323345772922039,1.0,3.0,success
305,-4.220067024230957,1.882938265800476,-0.00017755806038621813,0.03236175701022148,0.03236175701022148,1.0,3.0,success
306,-4.219858646392822,1.883953332901001,-0.00017754558939486742,0.032382335513830185,0.032382335513830185,1.0,3.0,success
307,-4.219651699066162,1.8849687576293945,-0.00017752207349985838,0.032384324818849564,0.032384324818849564,1.0,-3.0,success
308,-4.219446182250977,1.8859834671020508,-0.00017752234998624772,0.03235352411866188,0.03235352411866188,1.0,-3.0,success
309,-4.219242572784424,1.8869980573654175,-0.0001775396813172847,0.03233809024095535,0.03233809024095535,1.0,3.0,success
310,-4.219037055969238,1.8880130052566528,-0.0001775310083758086,0.032360825687646866,0.032360825687646866,1.0,3.0,success
311,-4.218830108642578,1.8890283107757568,-0.0001775074633769691,0.03238067775964737,0.03238067775964737,1.0,-3.0,success
312,-4.218624591827393,1.8900431394577026,-0.0001775106502464041,0.032357171177864075,0.032357171177864075,1.0,-3.0,success
313,-4.218419075012207,1.8910573720932007,-0.00017751919222064316,0.03233891725540161,0.03233891725540161,1.0,-3.0,success
314,-4.218212604522705,1.8920713663101196,-0.00017754010332282633,0.032337550073862076,0.032337550073862076,1.0,3.0,success
315,-4.218005180358887,1.8930858373641968,-0.00017753687279764563,0.03235810622572899,0.03235810622572899,1.0,3.0,success
316,-4.217796325683594,1.8941009044647217,-0.0001775285927578807,0.032385338097810745,0.032385338097810745,1.0,3.0,success
317,-4.217590808868408,1.8951165676116943,-0.0001775194104993716,0.03238273039460182,0.03238273039460182,1.0,3.0,success
318,-4.217387676239014,1.8961325883865356,-0.00017750657571014017,0.032378993928432465,0.032378993928432465,1.0,3.0,success
319,-4.217185974121094,1.897148847579956,-0.00017747952369973063,0.03237757086753845,0.03237757086753845,1.0,-3.0,success
320,-4.216985702514648,1.8981646299362183,-0.0001774768315954134,0.03235427662730217,0.03235427662730217,1.0,-3.0,success
321,-4.216785907745361,1.8991799354553223,-0.0001774797565303743,0.032336775213479996,0.032336775213479996,1.0,-3.0,success
322,-4.216584205627441,1.9001948833465576,-0.00017749676771927625,0.03233737871050835,0.03233737871050835,1.0,3.0,success
323,-4.216381072998047,1.9012103080749512,-0.00017749045218806714,0.032360728830099106,0.032360728830099106,1.0,3.0,success
324,-4.216177940368652,1.9022263288497925,-0.00017748041136655957,0.032378993928432465,0.032378993928432465,1.0,3.0,success
325,-4.215977191925049,1.9032429456710815,-0.0001774694974301383,0.032382745295763016,0.032382745295763016,1.0,3.0,success
326,-4.2157793045043945,1.9042599201202393,-0.00017745538207236677,0.03237651288509369,0.03237651288509369,1.0,3.0,success
327,-4.215582370758057,1.905277132987976,-0.00017742735508363694,0.032378148287534714,0.032378148287534714,1.0,-3.0,success
328,-4.21538782119751,1.9062938690185547,-0.0001774238917278126,0.03234943374991417,0.03234943374991417,1.0,-3.0,success
329,-4.2151923179626465,1.9073100090026855,-0.0001774255360942334,0.0323367603123188,0.0323367603123188,1.0,-3.0,success
330,-4.214995861053467,1.9083259105682373,-0.0001774418487912044,0.032335083931684494,0.032335083931684494,1.0,3.0,success
331,-4.214797496795654,1.9093424081802368,-0.0001774350239429623,0.03236473724246025,0.03236473724246025,1.0,3.0,success
332,-4.214599132537842,1.910359263420105,-0.00017742517229635268,0.03237570822238922,0.03237570822238922,1.0,3.0,success
333,-4.2144036293029785,1.911376714706421,-0.00017741417104844004,0.03237699717283249,0.03237699717283249,1.0,3.0,success
334,-4.214210510253906,1.912394642829895,-0.00017740011389832944,0.032377660274505615,0.032377660274505615,1.0,3.0,success
335,-4.214018821716309,1.9134126901626587,-0.00017737223242875189,0.03237302228808403,0.03237302228808403,1.0,-3.0,success
336,-4.213829517364502,1.9144303798675537,-0.00017736884183250368,0.032348327338695526,0.032348327338695526,1.0,-3.0,success
337,-4.213638782501221,1.915447473526001,-0.00017736999143380672,0.032338228076696396,0.032338228076696396,1.0,-3.0,success
338,-4.213445663452148,1.91646409034729,-0.00017737498274073005,0.03233740106225014,0.03233740106225014,1.0,-3.0,success
339,-4.213251113891602,1.91748046875,-0.00017739558825269341,0.0323384590446949,0.0323384590446949,1.0,3.0,success
340,-4.21305513381958,1.9184972047805786,-0.0001773922413121909,0.03235786780714989,0.03235786780714989,1.0,3.0,success
341,-4.212859153747559,1.9195146560668945,-0.00017738550377544016,0.032379813492298126,0.032379813492298126,1.0,3.0,success
342,-4.212664604187012,1.9205322265625,-0.00017736600420903414,0.03237504884600639,0.03237504884600639,1.0,-3.0,success
343,-4.212471961975098,1.9215493202209473,-0.0001773694239091128,0.03234926611185074,0.03234926611185074,1.0,-3.0,success
344,-4.212278842926025,1.9225659370422363,-0.00017737646703608334,0.03233740106225014,0.03233740106225014,1.0,-3.0,success
345,-4.212084770202637,1.9235823154449463,-0.00017739679606165737,0.032335661351680756,0.032335661351680756,1.0,3.0,success
346,-4.211888313293457,1.9245991706848145,-0.00017739323084242642,0.03236434608697891,0.03236434608697891,1.0,3.0,success
347,-4.2116923332214355,1.9256165027618408,-0.0001773862895788625,0.03237615525722504,0.03237615525722504,1.0,3.0,success
348,-4.211499214172363,1.926634430885315,-0.000177377529325895,0.032377660274505615,0.032377660274505615,1.0,3.0,success
349,-4.211307525634766,1.9276524782180786,-0.0001773542899172753,0.03237302228808403,0.03237302228808403,1.0,-3.0,success
350,-4.211117744445801,1.928670048713684,-0.00017735455185174942,0.03234739601612091,0.03234739601612091,1.0,-3.0,success
351,-4.210928440093994,1.9296873807907104,-0.00017736991867423058,0.03233734145760536,0.03233734145760536,1.0,3.0,success
352,-4.210737228393555,1.930705189704895,-0.00017736094014253467,0.03236294537782669,0.03236294537782669,1.0,3.0,success
353,-4.210546493530273,1.9317234754562378,-0.0001773500844137743,0.03237484022974968,0.03237484022974968,1.0,3.0,success
354,-4.210357189178467,1.9327419996261597,-0.00017732687410898507,0.03237396851181984,0.03237396851181984,1.0,-3.0,success
355,-4.210169792175293,1.9337599277496338,-0.00017732728156261146,0.03234481066465378,0.03234481066465378,1.0,-3.0,success
356,-4.209981918334961,1.9347774982452393,-0.00017733121057972312,0.0323365218937397,0.0323365218937397,1.0,-3.0,success
357,-4.209792613983154,1.9357948303222656,-0.00017734950233716518,0.03233734145760536,0.03233734145760536,1.0,3.0,success
358,-4.209600925445557,1.9368125200271606,-0.00017734435095917434,0.032362040132284164,0.032362040132284164,1.0,3.0,success
359,-4.209410190582275,1.9378308057785034,-0.00017733672575559467,0.03237484022974968,0.03237484022974968,1.0,3.0,success
360,-4.209221839904785,1.9388495683670044,-0.00017732717969920486,0.03237586095929146,0.03237586095929146,1.0,3.0,success
361,-4.209035396575928,1.939868450164795,-0.00017730337276589125,0.032368745654821396,0.032368745654821396,1.0,-3.0,success
362,-4.208850860595703,1.9408869743347168,-0.00017730311083141714,0.032347068190574646,0.032347068190574646,1.0,-3.0,success
363,-4.208664894104004,1.941904902458191,-0.0001773063268046826,0.03233674541115761,0.03233674541115761,1.0,-3.0,success
364,-4.208476543426514,1.9429224729537964,-0.00017731307889334857,0.03233923017978668,0.03233923017978668,1.0,-3.0,success
365,-4.208286762237549,1.9439396858215332,-0.00017733486311044544,0.032336410135030746,0.032336410135030746,1.0,3.0,success
366,-4.208095550537109,1.9449574947357178,-0.00017733254935592413,0.03236294537782669,0.03236294537782669,1.0,3.0,success
367,-4.20790433883667,1.945975661277771,-0.00017732717969920486,0.032373927533626556,0.032373927533626556,1.0,3.0,success
368,-4.207715034484863,1.9469941854476929,-0.00017730865511111915,0.03237396851181984,0.03237396851181984,1.0,-3.0,success
369,-4.2075276374816895,1.948012113571167,-0.0001773126859916374,0.03234481066465378,0.03234481066465378,1.0,-3.0,success
370,-4.207340717315674,1.9490299224853516,-0.00017733081767801195,0.032338451594114304,0.032338451594114304,1.0,3.0,success
371,-4.207151412963867,1.9500480890274048,-0.00017732421110849828,0.03236297890543938,0.03236297890543938,1.0,3.0,success
372,-4.206963539123535,1.9510668516159058,-0.00017731542175170034,0.032373152673244476,0.032373152673244476,1.0,3.0,success
373,-4.206778049468994,1.9520859718322754,-0.00017730491526890546,0.03237072005867958,0.03237072005867958,1.0,3.0,success
374,-4.2065935134887695,1.9531053304672241,-0.00017728035163599998,0.03237272799015045,0.03237272799015045,1.0,-3.0,success
375,-4.206411838531494,1.9541243314743042,-0.00017727936210576445,0.03234592080116272,0.03234592080116272,1.0,-3.0,success
376,-4.206228256225586,1.9551427364349365,-0.0001772818504832685,0.03233810514211655,0.03233810514211655,1.0,-3.0,success
377,-4.206043720245361,1.9561609029769897,-0.00017729915271047503,0.032336071133613586,0.032336071133613586,1.0,3.0,success
378,-4.205857276916504,1.9571795463562012,-0.00017729341925587505,0.03236141428351402,0.03236141428351402,1.0,3.0,success
379,-4.205671310424805,1.9581986665725708,-0.0001772856485331431,0.032373394817113876,0.032373394817113876,1.0,3.0,success
380,-4.205487251281738,1.9592180252075195,-0.00017726489750202745,0.032370079308748245,0.032370079308748245,1.0,-3.0,success
381,-4.2053046226501465,1.96023690700531,-0.0001772670220816508,0.03234749659895897,0.03234749659895897,1.0,-3.0,success
382,-4.205122947692871,1.9612555503845215,-0.00017728334933053702,0.03233491629362106,0.03233491629362106,1.0,3.0,success
383,-4.2049384117126465,1.9622745513916016,-0.00017727572412695736,0.03236173465847969,0.03236173465847969,1.0,3.0,success
384,-4.2047553062438965,1.9632941484451294,-0.00017726644000504166,0.0323721282184124,0.0323721282184124,1.0,3.0,success
385,-4.204573631286621,1.9643139839172363,-0.00017724439385347068,0.03237159177660942,0.03237159177660942,1.0,-3.0,success
386,-4.2043938636779785,1.9653332233428955,-0.00017724535427987576,0.03234284743666649,0.03234284743666649,1.0,-3.0,success
387,-4.2042131423950195,1.966352105140686,-0.00017724944336805493,0.03233703598380089,0.03233703598380089,1.0,-3.0,success
388,-4.204030990600586,1.9673707485198975,-0.00017726788064464927,0.03233753889799118,0.03233753889799118,1.0,3.0,success
389,-4.203846454620361,1.9683897495269775,-0.00017726323858369142,0.03236173465847969,0.03236173465847969,1.0,3.0,success
390,-4.203663349151611,1.9694093465805054,-0.0001772562973201275,0.0323721282184124,0.0323721282184124,1.0,3.0,success
391,-4.2034831047058105,1.9704293012619019,-0.00017724726058077067,0.03236745297908783,0.03236745297908783,1.0,3.0,success
392,-4.203303813934326,1.9714494943618774,-0.00017722405027598143,0.03236961364746094,0.03236961364746094,1.0,-3.0,success
393,-4.203126430511475,1.9724692106246948,-0.000177223831997253,0.032344672828912735,0.032344672828912735,1.0,-3.0,success
394,-4.202948093414307,1.9734885692596436,-0.00017722693155519664,0.03233878314495087,0.03233878314495087,1.0,-3.0,success
395,-4.202768325805664,1.9745075702667236,-0.00017724464123602957,0.03233551234006882,0.03233551234006882,1.0,3.0,success
396,-4.202586650848389,1.975527048110962,-0.0001772395771695301,0.03236059099435806,0.03236059099435806,1.0,3.0,success
397,-4.20240592956543,1.9765470027923584,-0.00017723231576383114,0.03237004578113556,0.03237004578113556,1.0,3.0,success
398,-4.20222806930542,1.977567434310913,-0.00017722304619383067,0.03236924856901169,0.03236924856901169,1.0,3.0,success
399,-4.202051639556885,1.9785879850387573,-0.0001771996758179739,0.03236527368426323,0.03236527368426323,1.0,-3.0,success
400,-4.201876640319824,1.979608178138733,-0.00017719916650094092,0.03234667330980301,0.03234667330980301,1.0,-3.0,success
401,-4.201700687408447,1.9806278944015503,-0.00017720204778015614,0.032337039709091187,0.032337039709091187,1.0,-3.0,success
402,-4.201523303985596,1.9816473722457886,-0.00017721955373417586,0.03233733028173447,0.03233733028173447,1.0,3.0,success
403,-4.201344013214111,1.9826672077178955,-0.00017721450421959162,0.03235860913991928,0.03235860913991928,1.0,3.0,success
404,-4.201166152954102,1.9836876392364502,-0.0001772072573658079,0.03236924856901169,0.03236924856901169,1.0,3.0,success
405,-4.200989246368408,1.9847081899642944,-0.00017718703020364046,0.03236781433224678,0.03236781433224678,1.0,-3.0,success
406,-4.200814247131348,1.98572838306427,-0.00017718898016028106,0.03234667330980301,0.03234667330980301,1.0,-3.0,success
407,-4.200638294219971,1.9867480993270874,-0.0001771941315382719,0.032337039709091187,0.032337039709091187,1.0,-3.0,success
408,-4.200460910797119,1.9877674579620361,-0.00017721317999530584,0.03233366087079048,0.03233366087079048,1.0,3.0,success
409,-4.200281620025635,1.9887874126434326,-0.00017720948380883783,0.032362278550863266,0.032362278550863266,1.0,3.0,success
410,-4.20010232925415,1.9898074865341187,-0.00017719234165269881,0.03236594796180725,0.03236594796180725,1.0,-3.0,success
411,-4.199923992156982,1.990827202796936,-0.00017719819152262062,0.03234979137778282,0.03234979137778282,1.0,-3.0,success
412,-4.199745178222656,1.9918464422225952,-0.00017720702453516424,0.03233768790960312,0.03233768790960312,1.0,-3.0,success
413,-4.199565410614014,1.9928654432296753,-0.0001772286050254479,0.03233551234006882,0.03233551234006882,1.0,3.0,success
414,-4.1993842124938965,1.9938849210739136,-0.00017722697521094233,0.03235797956585884,0.03235797956585884,1.0,3.0,success
415,-4.199203014373779,1.99490487575531,-0.00017722182383295149,0.032372649759054184,0.032372649759054184,1.0,3.0,success
416,-4.199023723602295,1.9959250688552856,-0.00017720373580232263,0.03236961364746094,0.03236961364746094,1.0,-3.0,success
417,-4.198845863342285,1.996944785118103,-0.00017720718460623175,0.03234722837805748,0.03234722837805748,1.0,-3.0,success
418,-4.198667049407959,1.9979640245437622,-0.00017721422773320228,0.03233768790960312,0.03233768790960312,1.0,-3.0,success
419,-4.198487281799316,1.9989830255508423,-0.00017723438213579357,0.03233551234006882,0.03233551234006882,1.0,3.0,success
420,-4.198306083679199,2.000002384185791,-0.00017723171913530678,0.032354313880205154,0.032354313880205154,1.0,3.0,success
421,-4.19812536239624,2.0010225772857666,-0.0001772255782270804,0.03237738460302353,0.03237738460302353,1.0,3.0,success
422,-4.197946071624756,2.002042531967163,-0.0001772067043930292,0.032362278550863266,0.032362278550863266,1.0,-3.0,success
423,-4.197768211364746,2.0030622482299805,-0.00017720948380883783,0.03234722837805748,0.03234722837805748,1.0,-3.0,success
424,-4.19758939743042,2.0040814876556396,-0.0001772160903783515,0.03233768790960312,0.03233768790960312,1.0,-3.0,success
425,-4.197409629821777,2.005100727081299,-0.0001772358809830621,0.03234284743666649,0.03234284743666649,1.0,3.0,success
426,-4.19722843170166,2.006120204925537,-0.0001772330142557621,0.03235797956585884,0.03235797956585884,1.0,3.0,success
427,-4.197047710418701,2.0071401596069336,-0.0001772265532054007,0.03237004578113556,0.03237004578113556,1.0,3.0,success
428,-4.196868419647217,2.00816011428833,-0.0001772074610926211,0.032362278550863266,0.032362278550863266,1.0,-3.0,success
429,-4.1966938972473145,2.0091800689697266,-0.00017722307529766113,0.03233681246638298,0.03233681246638298,1.0,3.0,success
430,-4.1965179443359375,2.0102005004882812,-0.00017721315089147538,0.03235906735062599,0.03235906735062599,1.0,3.0,success
431,-4.196341037750244,2.011221170425415,-0.00017719004245009273,0.032371483743190765,0.032371483743190765,1.0,-3.0,success
432,-4.196165561676025,2.0122413635253906,-0.00017719091556500643,0.03234919160604477,0.03234919160604477,1.0,-3.0,success
433,-4.195991039276123,2.013261079788208,-0.00017720718460623175,0.03232946991920471,0.03232946991920471,1.0,3.0,success
434,-4.195815086364746,2.0142815113067627,-0.00017720019968692213,0.03235906735062599,0.03235906735062599,1.0,3.0,success
435,-4.195638179779053,2.0153021812438965,-0.0001771796669345349,0.032371483743190765,0.032371483743190765,1.0,-3.0,success
436,-4.195462226867676,2.016322135925293,-0.00017718262097332627,0.032344382256269455,0.032344382256269455,1.0,-3.0,success
437,-4.195286273956299,2.0173418521881104,-0.00017718947492539883,0.032337039709091187,0.032337039709091187,1.0,-3.0,success
438,-4.195108890533447,2.0183613300323486,-0.00017720944015309215,0.03233733028173447,0.03233733028173447,1.0,3.0,success
439,-4.194930076599121,2.019381284713745,-0.00017720689356792718,0.03235970064997673,0.03235970064997673,1.0,3.0,success
440,-4.194752216339111,2.0204017162323,-0.00017720057803671807,0.03236924856901169,0.03236924856901169,1.0,3.0,success
441,-4.194575309753418,2.0214221477508545,-0.00017718168965075165,0.032364144921302795,0.032364144921302795,1.0,-3.0,success
442,-4.194399356842041,2.02244234085083,-0.00017718414892442524,0.032351721078157425,0.032351721078157425,1.0,-3.0,success
443,-4.194223403930664,2.0234620571136475,-0.00017719081370159984,0.032337039709091187,0.032337039709091187,1.0,-3.0,success
444,-4.194044589996338,2.0244812965393066,-0.00017719955940265208,0.03233768790960312,0.03233768790960312,1.0,-3.0,success
445,-4.193864345550537,2.0255002975463867,-0.00017722253687679768,0.03233810514211655,0.03233810514211655,1.0,3.0,success
446,-4.193683624267578,2.026519775390625,-0.000177222493221052,0.032355375587940216,0.032355375587940216,1.0,3.0,success
447,-4.193502902984619,2.0275397300720215,-0.000177217778400518,0.03237004578113556,0.03237004578113556,1.0,3.0,success
448,-4.193323135375977,2.028559684753418,-0.00017720047617331147,0.0323648639023304,0.0323648639023304,1.0,-3.0,success
449,-4.193144798278809,2.0295794010162354,-0.00017720414325594902,0.03234979137778282,0.03234979137778282,1.0,-3.0,success
450,-4.192965984344482,2.0305986404418945,-0.00017721220501698554,0.03233768790960312,0.03233768790960312,1.0,-3.0,success
451,-4.19278621673584,2.0316176414489746,-0.000177232752321288,0.03233551234006882,0.03233551234006882,1.0,3.0,success
452,-4.192605495452881,2.032637119293213,-0.0001772308023646474,0.032355375587940216,0.032355375587940216,1.0,3.0,success
453,-4.192424774169922,2.0336573123931885,-0.0001772244431776926,0.03237738460302353,0.03237738460302353,1.0,3.0,success
454,-4.192246913909912,2.034677505493164,-0.0001772166433511302,0.03236190974712372,0.03236190974712372,1.0,3.0,success
455,-4.192070007324219,2.035698175430298,-0.0001771945971995592,0.032371483743190765,0.032371483743190765,1.0,-3.0,success
456,-4.19189453125,2.0367183685302734,-0.00017719430616125464,0.03234919160604477,0.03234919160604477,1.0,-3.0,success
457,-4.1917195320129395,2.03773832321167,-0.00017721012409310788,0.03233933076262474,0.03233933076262474,1.0,3.0,success
458,-4.191544055938721,2.0387585163116455,-0.00017720283358357847,0.03234919160604477,0.03234919160604477,1.0,3.0,success
459,-4.191367149353027,2.0397791862487793,-0.00017718152957968414,0.032371483743190765,0.032371483743190765,1.0,-3.0,success
460,-4.19119119644165,2.040799379348755,-0.00017718385788612068,0.032351721078157425,0.032351721078157425,1.0,-3.0,success
461,-4.191016674041748,2.0418193340301514,-0.0001772017712937668,0.03233681246638298,0.03233681246638298,1.0,3.0,success
462,-4.190840721130371,2.042839527130127,-0.00017719611059874296,0.032351721078157425,0.032351721078157425,1.0,3.0,success
463,-4.190665245056152,2.04386043548584,-0.0001771870447555557,0.03237122669816017,0.03237122669816017,1.0,3.0,success
464,-4.190491199493408,2.0448813438415527,-0.00017716587171889842,0.03236367926001549,0.03236367926001549,1.0,-3.0,success
465,-4.190317630767822,2.0459020137786865,-0.00017716635193210095,0.03235383704304695,0.03235383704304695,1.0,-3.0,success
466,-4.190144062042236,2.046921968460083,-0.0001771714014466852,0.03233180195093155,0.03233180195093155,1.0,-3.0,success
467,-4.189967632293701,2.0479416847229004,-0.00017717886657919735,0.03233957290649414,0.03233957290649414,1.0,-3.0,success
468,-4.18979024887085,2.0489611625671387,-0.00017720082541927695,0.03233733028173447,0.03233733028173447,1.0,3.0,success
469,-4.189611911773682,2.049980878829956,-0.00017720014147926122,0.03234979137778282,0.03234979137778282,1.0,3.0,success
470,-4.189433574676514,2.0510013103485107,-0.000177194902789779,0.03237181156873703,0.03237181156873703,1.0,3.0,success
471,-4.189258098602295,2.0520222187042236,-0.00017718799063004553,0.03237122669816017,0.03237122669816017,1.0,3.0,success
472,-4.189085483551025,2.0530433654785156,-0.00017717778973747045,0.03236354514956474,0.03236354514956474,1.0,3.0,success
473,-4.188913822174072,2.0540647506713867,-0.00017715369176585227,0.032365940511226654,0.032365940511226654,1.0,-3.0,success
474,-4.188743591308594,2.0550858974456787,-0.00017715162539388984,0.032351210713386536,0.032351210713386536,1.0,-3.0,success
475,-4.188572406768799,2.0561063289642334,-0.00017715439025778323,0.03233408182859421,0.03233408182859421,1.0,-3.0,success
476,-4.188399791717529,2.057126522064209,-0.0001771712559275329,0.03233415633440018,0.03233415633440018,1.0,3.0,success
477,-4.188226222991943,2.058147430419922,-0.00017716661386657506,0.03236117959022522,0.03236117959022522,1.0,3.0,success
478,-4.188053131103516,2.059168577194214,-0.00017715861031319946,0.03236602991819382,0.03236602991819382,1.0,3.0,success
479,-4.1878814697265625,2.060189962387085,-0.00017713829583954066,0.032365940511226654,0.032365940511226654,1.0,-3.0,success
480,-4.187710762023926,2.061210870742798,-0.0001771393872331828,0.03234631568193436,0.03234631568193436,1.0,-3.0,success
481,-4.1875410079956055,2.0622315406799316,-0.00017715594731271267,0.032334063202142715,0.032334063202142715,1.0,3.0,success
482,-4.187370300292969,2.0632526874542236,-0.00017714961722958833,0.032353661954402924,0.032353661954402924,1.0,3.0,success
483,-4.187199592590332,2.064274311065674,-0.0001771403622115031,0.032368358224630356,0.032368358224630356,1.0,3.0,success
484,-4.1870317459106445,2.0652964115142822,-0.0001771300012478605,0.03236844763159752,0.03236844763159752,1.0,3.0,success
485,-4.186866760253906,2.0663187503814697,-0.0001771171810105443,0.03236144036054611,0.03236144036054611,1.0,3.0,success
486,-4.186703205108643,2.0673413276672363,-0.00017709100211504847,0.032361701130867004,0.032361701130867004,1.0,-3.0,success
487,-4.186540603637695,2.0683634281158447,-0.00017708718951325864,0.03234229236841202,0.03234229236841202,1.0,-3.0,success
488,-4.186376571655273,2.069385290145874,-0.00017708780069369823,0.03234199061989784,0.03234199061989784,1.0,-3.0,success
489,-4.186211585998535,2.070406675338745,-0.00017710335669107735,0.03233201429247856,0.03233201429247856,1.0,3.0,success
490,-4.186045169830322,2.0714287757873535,-0.00017709776875562966,0.0323612354695797,0.0323612354695797,1.0,3.0,success
491,-4.185879707336426,2.072451114654541,-0.00017708970699459314,0.03236381337046623,0.03236381337046623,1.0,3.0,success
492,-4.185715675354004,2.0734736919403076,-0.00017706902872305363,0.03236405923962593,0.03236405923962593,1.0,-3.0,success
493,-4.185553073883057,2.074495792388916,-0.00017706971266306937,0.03234229236841202,0.03234229236841202,1.0,-3.0,success
494,-4.185390472412109,2.0755176544189453,-0.00017708534142002463,0.032334934920072556,0.032334934920072556,1.0,3.0,success
495,-4.1852264404296875,2.076539993286133,-0.00017707879305817187,0.03235670179128647,0.03235670179128647,1.0,3.0,success
496,-4.18506383895874,2.0775625705718994,-0.0001770700328052044,0.03235700726509094,0.03235700726509094,1.0,3.0,success
497,-4.184903621673584,2.0785858631134033,-0.000177059875568375,0.03236747533082962,0.03236747533082962,1.0,3.0,success
498,-4.184746265411377,2.0796093940734863,-0.0001770474191289395,0.03236113116145134,0.03236113116145134,1.0,3.0,success
499,-4.184591293334961,2.0806331634521484,-0.00017703311459627002,0.03235726058483124,0.03235726058483124,1.0,3.0,success
500,-4.1844377517700195,2.0816574096679688,-0.00017700587341096252,0.032365333288908005,0.032365333288908005,1.0,-3.0,success
501,-4.184285640716553,2.0826809406280518,-0.00017700101307127625,0.03233662620186806,0.03233662620186806,1.0,-3.0,success
502,-4.184131622314453,2.0837042331695557,-0.00017699993622954935,0.03233807533979416,0.03233807533979416,1.0,-3.0,success
503,-4.183976173400879,2.0847272872924805,-0.0001770144735928625,0.03233739361166954,0.03233739361166954,1.0,3.0,success
504,-4.18381929397583,2.0857505798339844,-0.00017700833268463612,0.032351505011320114,0.032351505011320114,1.0,3.0,success
505,-4.183664321899414,2.0867745876312256,-0.00017700060561764985,0.0323646254837513,0.0323646254837513,1.0,3.0,success
506,-4.1835103034973145,2.087798595428467,-0.00017697994189802557,0.032360177487134933,0.032360177487134933,1.0,-3.0,success
507,-4.1833577156066895,2.08882212638855,-0.00017698040755931288,0.03233882039785385,0.03233882039785385,1.0,-3.0,success
508,-4.1832051277160645,2.0898454189300537,-0.00017699506133794785,0.032331451773643494,0.032331451773643494,1.0,3.0,success
509,-4.183050632476807,2.090869188308716,-0.00017698848387226462,0.03235503286123276,0.03235503286123276,1.0,3.0,success
510,-4.182898044586182,2.091893434524536,-0.00017698050942271948,0.03236092999577522,0.03236092999577522,1.0,3.0,success
511,-4.182746410369873,2.0929179191589355,-0.00017695959832053632,0.03236392140388489,0.03236392140388489,1.0,-3.0,success
512,-4.182596683502197,2.0939416885375977,-0.00017695977294351906,0.0323331318795681,0.0323331318795681,1.0,-3.0,success
513,-4.182446479797363,2.0949654579162598,-0.00017697403382044286,0.03233529254794121,0.03233529254794121,1.0,3.0,success
514,-4.1822943687438965,2.09598970413208,-0.00017696731083560735,0.03235873579978943,0.03235873579978943,1.0,3.0,success
515,-4.1821441650390625,2.0970141887664795,-0.00017695942369755358,0.03235740587115288,0.03235740587115288,1.0,3.0,success
516,-4.181995391845703,2.098038911819458,-0.00017693854169920087,0.0323583260178566,0.0323583260178566,1.0,-3.0,success
517,-4.181848049163818,2.0990631580352783,-0.00017693867266643792,0.03233718499541283,0.03233718499541283,1.0,-3.0,success
518,-4.181700229644775,2.1000874042510986,-0.0001769526716088876,0.03233930841088295,0.03233930841088295,1.0,3.0,success
519,-4.1815505027771,2.101111888885498,-0.0001769459486240521,0.03235524520277977,0.03235524520277977,1.0,3.0,success
520,-4.181402683258057,2.1021368503570557,-0.00017693826521281153,0.032361432909965515,0.032361432909965515,1.0,3.0,success
521,-4.1812567710876465,2.1031618118286133,-0.0001769174705259502,0.03235297650098801,0.03235297650098801,1.0,-3.0,success
522,-4.181111812591553,2.104186534881592,-0.00017691764514893293,0.03234141319990158,0.03234141319990158,1.0,-3.0,success
523,-4.180966377258301,2.105211019515991,-0.00017693145491648465,0.03233612701296806,0.03233612701296806,1.0,3.0,success
524,-4.180819034576416,2.1062357425689697,-0.00017692474648356438,0.03235193341970444,0.03235193341970444,1.0,3.0,success
525,-4.180674076080322,2.1072609424591064,-0.00017691729590296745,0.03235616907477379,0.03235616907477379,1.0,3.0,success
526,-4.1805315017700195,2.1082866191864014,-0.00017690782260615379,0.03236057981848717,0.03236057981848717,1.0,3.0,success
527,-4.180391788482666,2.1093125343322754,-0.00017689635569695383,0.03235577046871185,0.03235577046871185,1.0,3.0,success
528,-4.180253505706787,2.1103384494781494,-0.00017687190847937018,0.03234977275133133,0.03234977275133133,1.0,-3.0,success
529,-4.180116653442383,2.1113641262054443,-0.00017686877981759608,0.03233644738793373,0.03233644738793373,1.0,-3.0,success
530,-4.1799774169921875,2.11238956451416,-0.00017686825594864786,0.03233899921178818,0.03233899921178818,1.0,-3.0,success
531,-4.179835319519043,2.1134145259857178,-0.00017687201034277678,0.032336391508579254,0.032336391508579254,1.0,-3.0,success
532,-4.179691791534424,2.1144392490386963,-0.00017689037485979497,0.03233518451452255,0.03233518451452255,1.0,3.0,success
533,-4.17954683303833,2.115464448928833,-0.00017688750813249499,0.03235616907477379,0.03235616907477379,1.0,3.0,success
534,-4.179403781890869,2.116489887237549,-0.00017688344814814627,0.03235525265336037,0.03235525265336037,1.0,3.0,success
535,-4.179264068603516,2.117515802383423,-0.00017687665240373462,0.03235577046871185,0.03235577046871185,1.0,3.0,success
536,-4.1791253089904785,2.118541717529297,-0.00017685625061858445,0.032351765781641006,0.032351765781641006,1.0,-3.0,success
537,-4.178988456726074,2.119567394256592,-0.00017685641068965197,0.03233644738793373,0.03233644738793373,1.0,-3.0,success
538,-4.178848743438721,2.1205928325653076,-0.0001768584770616144,0.03234100714325905,0.03234100714325905,1.0,-3.0,success
539,-4.178708076477051,2.1216177940368652,-0.0001768754154909402,0.03233028203248978,0.03233028203248978,1.0,3.0,success
540,-4.17856502532959,2.122643232345581,-0.00017687153012957424,0.03235525265336037,0.03235525265336037,1.0,3.0,success
541,-4.178424835205078,2.123669147491455,-0.00017686682986095548,0.03235778585076332,0.03235778585076332,1.0,3.0,success
542,-4.178287506103516,2.124695301055908,-0.00017685946659184992,0.03235318884253502,0.03235318884253502,1.0,3.0,success
543,-4.178151607513428,2.1257216930389404,-0.00017683865735307336,0.032354675233364105,0.032354675233364105,1.0,-3.0,success
544,-4.1780171394348145,2.1267476081848145,-0.00017683829355519265,0.032334063202142715,0.032334063202142715,1.0,-3.0,success
545,-4.177879810333252,2.1277732849121094,-0.00017683998157735914,0.03233841806650162,0.03233841806650162,1.0,-3.0,success
546,-4.177741527557373,2.128798723220825,-0.00017685657076071948,0.03233500197529793,0.03233500197529793,1.0,3.0,success
547,-4.177601337432861,2.129824638366699,-0.000176852525328286,0.03235778585076332,0.03235778585076332,1.0,3.0,success
548,-4.177462100982666,2.1308505535125732,-0.00017683689657133073,0.03235376626253128,0.03235376626253128,1.0,-3.0,success
549,-4.177325248718262,2.131876230239868,-0.00017684113117866218,0.03233644738793373,0.03233644738793373,1.0,-3.0,success
550,-4.177186489105225,2.132901668548584,-0.00017685754573903978,0.0323369987308979,0.0323369987308979,1.0,3.0,success
551,-4.177046298980713,2.133927345275879,-0.00017685331113170832,0.03235040605068207,0.03235040605068207,1.0,3.0,success
552,-4.176908493041992,2.134953498840332,-0.0001768484216881916,0.0323551669716835,0.0323551669716835,1.0,3.0,success
553,-4.176774024963379,2.1359801292419434,-0.00017684091289993376,0.032356224954128265,0.032356224954128265,1.0,3.0,success
554,-4.176640510559082,2.1370067596435547,-0.00017682003090158105,0.03235236927866936,0.03235236927866936,1.0,-3.0,success
555,-4.17650842666626,2.138033151626587,-0.00017681943427305669,0.032339245080947876,0.032339245080947876,1.0,-3.0,success
556,-4.176373481750488,2.139059066772461,-0.00017682096222415566,0.032336000353097916,0.032336000353097916,1.0,-3.0,success
557,-4.1762375831604,2.140084743499756,-0.00017683737678453326,0.032332517206668854,0.032332517206668854,1.0,3.0,success
558,-4.17609977722168,2.141110897064209,-0.00017683336045593023,0.0323551669716835,0.0323551669716835,1.0,3.0,success
559,-4.175964832305908,2.142137289047241,-0.00017682861653156579,0.032350774854421616,0.032350774854421616,1.0,3.0,success
560,-4.175831317901611,2.1431639194488525,-0.0001768102083588019,0.03235236927866936,0.03235236927866936,1.0,-3.0,success
561,-4.175699234008789,2.1441903114318848,-0.00017681167810223997,0.032339245080947876,0.032339245080947876,1.0,-3.0,success
562,-4.175565719604492,2.145216464996338,-0.00017682612815406173,0.03233759105205536,0.03233759105205536,1.0,3.0,success
563,-4.1754302978515625,2.14624285697937,-0.00017682071484159678,0.03235272318124771,0.03235272318124771,1.0,3.0,success
564,-4.17529821395874,2.1472697257995605,-0.0001768147776601836,0.032354019582271576,0.032354019582271576,1.0,3.0,success
565,-4.175168514251709,2.14829683303833,-0.00017680654127616435,0.03235199302434921,0.03235199302434921,1.0,3.0,success
566,-4.175039768218994,2.1493239402770996,-0.00017678514996077865,0.03234827145934105,0.03234827145934105,1.0,-3.0,success
567,-4.174912929534912,2.15035080909729,-0.00017678381118457764,0.03233351930975914,0.03233351930975914,1.0,-3.0,success
568,-4.1747846603393555,2.1513776779174805,-0.00017679628217592835,0.032339029014110565,0.032339029014110565,1.0,3.0,success
569,-4.174654483795166,2.15240478515625,-0.00017678964650258422,0.03235386312007904,0.03235386312007904,1.0,3.0,success
570,-4.174527168273926,2.1534321308135986,-0.00017678264703135937,0.03235013782978058,0.03235013782978058,1.0,3.0,success
571,-4.17440128326416,2.1544597148895264,-0.0001767624489730224,0.03235206753015518,0.03235206753015518,1.0,-3.0,success
572,-4.174276828765869,2.155486822128296,-0.0001767619833117351,0.03233186900615692,0.03233186900615692,1.0,-3.0,success
573,-4.174149513244629,2.1565136909484863,-0.00017676370043773204,0.03233535215258598,0.03233535215258598,1.0,-3.0,success
574,-4.1740193367004395,2.1575403213500977,-0.00017676888091955334,0.03233908489346504,0.03233908489346504,1.0,-3.0,success
575,-4.173888206481934,2.15856671333313,-0.00017678792937658727,0.03233545273542404,0.03233545273542404,1.0,3.0,success
576,-4.173755168914795,2.159593343734741,-0.00017678628501016647,0.03235044702887535,0.03235044702887535,1.0,3.0,success
577,-4.173623561859131,2.1606204509735107,-0.00017677262076176703,0.03235951438546181,0.03235951438546181,1.0,-3.0,success
578,-4.1734938621521,2.161646842956543,-0.00017677791765891016,0.03232981637120247,0.03232981637120247,1.0,-3.0,success
579,-4.173361301422119,2.162673234939575,-0.00017678413132671267,0.03234114870429039,0.03234114870429039,1.0,-3.0,success
580,-4.173227310180664,2.163699150085449,-0.00017680387827567756,0.032332126051187515,0.032332126051187515,1.0,3.0,success
581,-4.173091888427734,2.1647255420684814,-0.00017680268501862884,0.03235272318124771,0.03235272318124771,1.0,3.0,success
582,-4.172957897186279,2.1657521724700928,-0.00017678950098343194,0.03235429525375366,0.03235429525375366,1.0,-3.0,success
583,-4.172825813293457,2.166778564453125,-0.00017679532174952328,0.032339245080947876,0.032339245080947876,1.0,-3.0,success
584,-4.1726908683776855,2.167804479598999,-0.0001768018992152065,0.032336000353097916,0.032336000353097916,1.0,-3.0,success
585,-4.1725544929504395,2.168830156326294,-0.0001768219517543912,0.032334476709365845,0.032334476709365845,1.0,3.0,success
586,-4.1724162101745605,2.169856309890747,-0.0001768208749126643,0.03235715627670288,0.03235715627670288,1.0,3.0,success
587,-4.172281265258789,2.1708827018737793,-0.00017681850295048207,0.032350774854421616,0.032350774854421616,1.0,3.0,success
588,-4.172148704528809,2.1719095706939697,-0.00017681308963801712,0.03235592693090439,0.03235592693090439,1.0,3.0,success
589,-4.172019004821777,2.1729366779327393,-0.00017680518794804811,0.03235199302434921,0.03235199302434921,1.0,3.0,success
590,-4.171890735626221,2.173963785171509,-0.00017678413132671267,0.03234642371535301,0.03234642371535301,1.0,-3.0,success
591,-4.1717634201049805,2.1749908924102783,-0.00017678299627732486,0.03234274312853813,0.03234274312853813,1.0,-3.0,success
592,-4.171635150909424,2.1760175228118896,-0.0001767955836839974,0.03233163803815842,0.03233163803815842,1.0,3.0,success
593,-4.171504020690918,2.17704439163208,-0.00017677813593763858,0.03235023468732834,0.03235023468732834,1.0,-3.0,success
594,-4.1713738441467285,2.1780710220336914,-0.0001767821959219873,0.03233908489346504,0.03233908489346504,1.0,-3.0,success
595,-4.171242713928223,2.1790974140167236,-0.0001767986686900258,0.03233545273542404,0.03233545273542404,1.0,3.0,success
596,-4.171110153198242,2.180124044418335,-0.0001767949725035578,0.03234853968024254,0.03234853968024254,1.0,3.0,success
597,-4.170979022979736,2.1811511516571045,-0.00017677954747341573,0.03235762566328049,0.03235762566328049,1.0,-3.0,success
598,-4.170848846435547,2.182177782058716,-0.0001767833746271208,0.03233908489346504,0.03233908489346504,1.0,-3.0,success
599,-4.170716762542725,2.183203935623169,-0.00017678843869362026,0.03233185410499573,0.03233185410499573,1.0,-3.0,success
600,-4.1705827713012695,2.184230089187622,-0.00017680735618341714,0.032339517027139664,0.032339517027139664,1.0,3.0,success
601,-4.17044734954834,2.1852564811706543,-0.0001768054935382679,0.03235272318124771,0.03235272318124771,1.0,3.0,success
602,-4.170313358306885,2.1862828731536865,-0.00017679171287454665,0.032346904277801514,0.032346904277801514,1.0,-3.0,success
603,-4.1701812744140625,2.1873092651367188,-0.00017679700977168977,0.032339245080947876,0.032339245080947876,1.0,-3.0,success
604,-4.170046329498291,2.1883351802825928,-0.00017680326709523797,0.032336000353097916,0.032336000353097916,1.0,-3.0,success
605,-4.169909954071045,2.1893608570098877,-0.00017682307225186378,0.032334476709365845,0.032334476709365845,1.0,3.0,success
606,-4.169772148132324,2.190387010574341,-0.00017682187899481505,0.0323551669716835,0.0323551669716835,1.0,3.0,success
607,-4.169635772705078,2.191413402557373,-0.00017680853488855064,0.032356634736061096,0.032356634736061096,1.0,-3.0,success
608,-4.169500350952148,2.192439317703247,-0.0001768142537912354,0.03233794867992401,0.03233794867992401,1.0,-3.0,success
609,-4.1693644523620605,2.193464994430542,-0.00017683215264696628,0.032332517206668854,0.032332517206668854,1.0,3.0,success
610,-4.16922664642334,2.194491147994995,-0.00017682930047158152,0.0323551669716835,0.0323551669716835,1.0,3.0,success
611,-4.169091701507568,2.1955175399780273,-0.00017682516772765666,0.032350774854421616,0.032350774854421616,1.0,3.0,success
612,-4.1689581871032715,2.1965441703796387,-0.00017680751625448465,0.03235236927866936,0.03235236927866936,1.0,-3.0,success
613,-4.168825626373291,2.197570562362671,-0.00017680946621112525,0.03234114870429039,0.03234114870429039,1.0,-3.0,success
614,-4.168692588806152,2.198596715927124,-0.00017682433826848865,0.03233567252755165,0.03233567252755165,1.0,3.0,success
615,-4.168557167053223,2.1996231079101562,-0.00017681934696156532,0.03235272318124771,0.03235272318124771,1.0,3.0,success
616,-4.1684250831604,2.2006499767303467,-0.0001768135989550501,0.032354019582271576,0.032354019582271576,1.0,3.0,success
617,-4.168295383453369,2.201677083969116,-0.00017680558084975928,0.03235199302434921,0.03235199302434921,1.0,3.0,success
618,-4.168166637420654,2.2027041912078857,-0.00017678437870927155,0.03234827145934105,0.03234827145934105,1.0,-3.0,success
619,-4.168039798736572,2.203731060028076,-0.00017678318545222282,0.03233351930975914,0.03233351930975914,1.0,-3.0,success
620,-4.167910099029541,2.2047576904296875,-0.0001767843059496954,0.032337211072444916,0.032337211072444916,1.0,-3.0,success
621,-4.1677775382995605,2.2057840824127197,-0.0001767890789778903,0.03234114870429039,0.03234114870429039,1.0,-3.0,success
622,-4.167644023895264,2.2068099975585938,-0.0001768078946042806,0.03233020380139351,0.03233020380139351,1.0,3.0,success
623,-4.167508602142334,2.207836389541626,-0.00017680607561487705,0.03235272318124771,0.03235272318124771,1.0,3.0,success
624,-4.1673760414123535,2.2088632583618164,-0.00017680278688203543,0.03235592693090439,0.03235592693090439,1.0,3.0,success
625,-4.167246341705322,2.209890365600586,-0.00017679683514870703,0.03235199302434921,0.03235199302434921,1.0,3.0,success
626,-4.167117595672607,2.2109177112579346,-0.0001767774228937924,0.032355666160583496,0.032355666160583496,1.0,-3.0,success
627,-4.166990756988525,2.211944580078125,-0.00017677769938018173,0.03233351930975914,0.03233351930975914,1.0,-3.0,success
628,-4.166862487792969,2.2129712104797363,-0.00017679131997283548,0.03233163803815842,0.03233163803815842,1.0,3.0,success
629,-4.166732311248779,2.213998317718506,-0.00017678567382972687,0.03235386312007904,0.03235386312007904,1.0,3.0,success
630,-4.166604995727539,2.2150256633758545,-0.00017677938740234822,0.03235013782978058,0.03235013782978058,1.0,3.0,success
631,-4.166479110717773,2.2160532474517822,-0.00017675985873211175,0.03235206753015518,0.03235206753015518,1.0,-3.0,success
632,-4.166354179382324,2.2170803546905518,-0.00017675990238785744,0.03233366459608078,0.03233366459608078,1.0,-3.0,success
633,-4.166226863861084,2.2181074619293213,-0.00017676202696748078,0.03234274312853813,0.03234274312853813,1.0,-3.0,success
634,-4.166097164154053,2.2191338539123535,-0.00017676751303952187,0.03232981637120247,0.03232981637120247,1.0,-3.0,success
635,-4.165964126586914,2.2201602458953857,-0.00017677580763120204,0.0323430597782135,0.0323430597782135,1.0,-3.0,success
636,-4.165830612182617,2.2211861610412598,-0.00017679721349850297,0.03233020380139351,0.03233020380139351,1.0,3.0,success
637,-4.165695667266846,2.222212553024292,-0.00017679760640021414,0.032350774854421616,0.032350774854421616,1.0,3.0,success
638,-4.165562629699707,2.2232394218444824,-0.0001767957437550649,0.0323578380048275,0.0323578380048275,1.0,3.0,success
639,-4.165431499481201,2.224266290664673,-0.00017678027506917715,0.03235023468732834,0.03235023468732834,1.0,-3.0,success
640,-4.165301322937012,2.225292921066284,-0.00017678359290584922,0.03233908489346504,0.03233908489346504,1.0,-3.0,success
641,-4.165168762207031,2.2263190746307373,-0.00017678890435490757,0.03233376145362854,0.03233376145362854,1.0,-3.0,success
642,-4.165035247802734,2.2273452281951904,-0.0001768076908774674,0.03233759105205536,0.03233759105205536,1.0,3.0,success
643,-4.164900302886963,2.2283716201782227,-0.00017680617747828364,0.032350774854421616,0.032350774854421616,1.0,3.0,success
644,-4.164767742156982,2.229398250579834,-0.00017680262681096792,0.03234853968024254,0.03234853968024254,1.0,3.0,success
645,-4.164638042449951,2.2304253578186035,-0.00017679668962955475,0.03235199302434921,0.03235199302434921,1.0,3.0,success
646,-4.164509296417236,2.231452703475952,-0.00017677735013421625,0.032355666160583496,0.032355666160583496,1.0,-3.0,success
647,-4.164381980895996,2.2324795722961426,-0.00017677740834187716,0.03233535215258598,0.03233535215258598,1.0,-3.0,success
648,-4.164252281188965,2.233506202697754,-0.00017677992582321167,0.032337211072444916,0.032337211072444916,1.0,-3.0,success
649,-4.164121150970459,2.234532594680786,-0.00017679674783721566,0.03233545273542404,0.03233545273542404,1.0,3.0,success
650,-4.1639885902404785,2.2355592250823975,-0.00017679375014267862,0.03234853968024254,0.03234853968024254,1.0,3.0,success
651,-4.163858890533447,2.236586332321167,-0.000176789122633636,0.03235199302434921,0.03235199302434921,1.0,3.0,success
652,-4.163730144500732,2.2376136779785156,-0.00017677125288173556,0.032355666160583496,0.032355666160583496,1.0,-3.0,success
653,-4.163602828979492,2.238640546798706,-0.00017677256255410612,0.03233535215258598,0.03233535215258598,1.0,-3.0,success
654,-4.163472652435303,2.2396671772003174,-0.00017677612777333707,0.03233908489346504,0.03233908489346504,1.0,-3.0,success
655,-4.163340091705322,2.2406933307647705,-0.0001767826033756137,0.03233376145362854,0.03233376145362854,1.0,-3.0,success
656,-4.163206577301025,2.2417194843292236,-0.00017680265591479838,0.03233759105205536,0.03233759105205536,1.0,3.0,success
657,-4.163071632385254,2.242745876312256,-0.00017680216114968061,0.032350774854421616,0.032350774854421616,1.0,3.0,success
658,-4.162937641143799,2.243772506713867,-0.00017678859876468778,0.03235429525375366,0.03235429525375366,1.0,-3.0,success
659,-4.16280460357666,2.2447986602783203,-0.00017679396842140704,0.03233567252755165,0.03233567252755165,1.0,-3.0,success
660,-4.162669658660889,2.2458245754241943,-0.00017680134624242783,0.032336000353097916,0.032336000353097916,1.0,-3.0,success
661,-4.162531852722168,2.2468502521514893,-0.00017681065946817398,0.0323403999209404,0.0323403999209404,1.0,-3.0,success
662,-4.162393093109131,2.247875690460205,-0.00017683286569081247,0.0323369987308979,0.0323369987308979,1.0,3.0,success
663,-4.1622538566589355,2.2489013671875,-0.00017683402984403074,0.03234638646245003,0.03234638646245003,1.0,3.0,success
664,-4.16211462020874,2.249927282333374,-0.0001768215443007648,0.03235376626253128,0.03235376626253128,1.0,-3.0,success
665,-4.161975860595703,2.250952959060669,-0.00017682807811070234,0.032344382256269455,0.032344382256269455,1.0,-3.0,success
666,-4.16183614730835,2.2519781589508057,-0.00017683680925983936,0.032333627343177795,0.032333627343177795,1.0,-3.0,success
667,-4.1616950035095215,2.2530031204223633,-0.00017685785132925957,0.03233230859041214,0.03233230859041214,1.0,3.0,success
668,-4.161553382873535,2.254028797149658,-0.00017685805505607277,0.032356489449739456,0.032356489449739456,1.0,3.0,success
669,-4.161411285400391,2.255054235458374,-0.0001768445799825713,0.03235115110874176,0.03235115110874176,1.0,-3.0,success
670,-4.161270618438721,2.25607967376709,-0.00017685050261206925,0.03234504535794258,0.03234504535794258,1.0,-3.0,success
671,-4.161128044128418,2.2571046352386475,-0.00017685882630757987,0.03233844041824341,0.03233844041824341,1.0,-3.0,success
672,-4.160983085632324,2.258129119873047,-0.00017686880892142653,0.03233403339982033,0.03233403339982033,1.0,-3.0,success
673,-4.160837173461914,2.2591536045074463,-0.00017689168453216553,0.0323382243514061,0.0323382243514061,1.0,3.0,success
674,-4.1606903076171875,2.260178327560425,-0.00017689316882751882,0.03234981372952461,0.03234981372952461,1.0,3.0,success
675,-4.1605448722839355,2.2612035274505615,-0.0001768911024555564,0.03235825523734093,0.03235825523734093,1.0,3.0,success
676,-4.160400867462158,2.2622287273406982,-0.00017687585204839706,0.032352007925510406,0.032352007925510406,1.0,-3.0,success
677,-4.160257816314697,2.263253688812256,-0.00017687959189061075,0.03234049677848816,0.03234049677848816,1.0,-3.0,success
678,-4.160113334655762,2.2642784118652344,-0.00017688614025246352,0.03233933076262474,0.03233933076262474,1.0,-3.0,success
679,-4.159965991973877,2.2653026580810547,-0.00017689478409010917,0.03233718499541283,0.03233718499541283,1.0,-3.0,success
680,-4.159816265106201,2.266326427459717,-0.00017690601816866547,0.0323331318795681,0.0323331318795681,1.0,-3.0,success
681,-4.159665107727051,2.267350196838379,-0.00017693002882879227,0.032339632511138916,0.032339632511138916,1.0,3.0,success
682,-4.159513473510742,2.26837420463562,-0.00017693216796033084,0.032349180430173874,0.032349180430173874,1.0,3.0,success
683,-4.159361362457275,2.2693984508514404,-0.00017691997345536947,0.03235873579978943,0.03235873579978943,1.0,-3.0,success
684,-4.159210205078125,2.2704224586486816,-0.00017692761321086437,0.032347001135349274,0.032347001135349274,1.0,-3.0,success
685,-4.159058094024658,2.2714459896087646,-0.00017693779955152422,0.03233662620186806,0.03233662620186806,1.0,-3.0,success
686,-4.158905029296875,2.2724692821502686,-0.0001769599039107561,0.03233365714550018,0.03233365714550018,1.0,3.0,success
687,-4.158751010894775,2.2734930515289307,-0.00017696042777970433,0.032352808862924576,0.032352808862924576,1.0,3.0,success
688,-4.158596515655518,2.274517059326172,-0.00017694677808322012,0.03236239776015282,0.03236239776015282,1.0,-3.0,success
689,-4.158442974090576,2.275540590286255,-0.00017695344286039472,0.03234322741627693,0.03234322741627693,1.0,-3.0,success
690,-4.158288478851318,2.2765636444091797,-0.00017696284339763224,0.032332926988601685,0.032332926988601685,1.0,-3.0,success
691,-4.1581315994262695,2.2775864601135254,-0.0001769736991263926,0.032336775213479996,0.032336775213479996,1.0,-3.0,success
692,-4.157973289489746,2.278609037399292,-0.00017699756426736712,0.032336220145225525,0.032336220145225525,1.0,3.0,success
693,-4.157814025878906,2.279632091522217,-0.00017699925228953362,0.03235551714897156,0.03235551714897156,1.0,3.0,success
694,-4.157656192779541,2.2806556224823,-0.00017699696763884276,0.032363396137952805,0.032363396137952805,1.0,3.0,success
695,-4.157499313354492,2.281679153442383,-0.00017698152805678546,0.032358866184949875,0.032358866184949875,1.0,-3.0,success
696,-4.157343864440918,2.2827024459838867,-0.0001769857481122017,0.0323447585105896,0.0323447585105896,1.0,-3.0,success
697,-4.157186985015869,2.2837252616882324,-0.00017699302406981587,0.032336775213479996,0.032336775213479996,1.0,-3.0,success
698,-4.157027721405029,2.28474760055542,-0.00017700230819173157,0.03233342990279198,0.03233342990279198,1.0,-3.0,success
699,-4.15686559677124,2.2857697010040283,-0.00017701441538520157,0.032339952886104584,0.032339952886104584,1.0,-3.0,success
700,-4.156702518463135,2.2867915630340576,-0.0001770394155755639,0.03233727812767029,0.03233727812767029,1.0,3.0,success
701,-4.156538486480713,2.287813663482666,-0.00017704170022625476,0.032349348068237305,0.032349348068237305,1.0,3.0,success
702,-4.156373977661133,2.2888362407684326,-0.00017702937475405633,0.032366421073675156,0.032366421073675156,1.0,-3.0,success
703,-4.156210422515869,2.289858341217041,-0.00017703784396871924,0.03234698995947838,0.03234698995947838,1.0,-3.0,success
704,-4.156045913696289,2.290879964828491,-0.00017704899073578417,0.0323369987308979,0.0323369987308979,1.0,-3.0,success
705,-4.155880451202393,2.2919013500213623,-0.00017707189545035362,0.03233439475297928,0.03233439475297928,1.0,3.0,success
706,-4.15571403503418,2.2929232120513916,-0.00017707236111164093,0.03235388174653053,0.03235388174653053,1.0,3.0,success
707,-4.155547142028809,2.2939453125,-0.00017705846403259784,0.03236363083124161,0.03236363083124161,1.0,-3.0,success
708,-4.155381202697754,2.29496693611145,-0.00017706590006127954,0.032344136387109756,0.032344136387109756,1.0,-3.0,success
709,-4.155214786529541,2.2959883213043213,-0.0001770761446096003,0.032339174300432205,0.032339174300432205,1.0,-3.0,success
710,-4.155045509338379,2.297009229660034,-0.00017708777158986777,0.03233896940946579,0.03233896940946579,1.0,-3.0,success
711,-4.1548752784729,2.298029899597168,-0.00017711253894958645,0.032336510717868805,0.032336510717868805,1.0,3.0,success
712,-4.154703617095947,2.299050807952881,-0.00017711424152366817,0.03235124051570892,0.03235124051570892,1.0,3.0,success
713,-4.154531478881836,2.300072193145752,-0.00017710131942294538,0.03236841410398483,0.03236841410398483,1.0,-3.0,success
714,-4.154360771179199,2.301093101501465,-0.00017710991960484535,0.03234631568193436,0.03234631568193436,1.0,-3.0,success
715,-4.154189109802246,2.3021135330200195,-0.00017712125554680824,0.03233654797077179,0.03233654797077179,1.0,-3.0,success
716,-4.154016494750977,2.303133964538574,-0.00017714437854010612,0.03234150633215904,0.03234150633215904,1.0,3.0,success
717,-4.153842449188232,2.304154634475708,-0.0001771445677150041,0.03235633298754692,0.03235633298754692,1.0,3.0,success
718,-4.15366792678833,2.305175542831421,-0.0001771303650457412,0.03236619010567665,0.03236619010567665,1.0,-3.0,success
719,-4.153494834899902,2.3061959743499756,-0.0001771381648723036,0.032343994826078415,0.032343994826078415,1.0,-3.0,success
720,-4.153320789337158,2.307216167449951,-0.00017714877321850508,0.032341644167900085,0.032341644167900085,1.0,-3.0,success
721,-4.153144359588623,2.3082356452941895,-0.0001771607785485685,0.03233223780989647,0.03233223780989647,1.0,-3.0,success
722,-4.1529669761657715,2.3092551231384277,-0.0001771860261214897,0.03233733028173447,0.03233733028173447,1.0,3.0,success
723,-4.152787685394287,2.310275077819824,-0.00017718765593599528,0.032362278550863266,0.032362278550863266,1.0,3.0,success
724,-4.1526079177856445,2.3112950325012207,-0.00017717461741995066,0.0323648639023304,0.0323648639023304,1.0,-3.0,success
725,-4.152429580688477,2.312314748764038,-0.00017718372691888362,0.03234979137778282,0.03234979137778282,1.0,-3.0,success
726,-4.152251243591309,2.3133339881896973,-0.00017719555762596428,0.03233511373400688,0.03233511373400688,1.0,-3.0,success
727,-4.152070999145508,2.3143529891967773,-0.00017721913172863424,0.03233810514211655,0.03233810514211655,1.0,3.0,success
728,-4.151889801025391,2.3153724670410156,-0.00017721918993629515,0.03235797956585884,0.03235797956585884,1.0,3.0,success
729,-4.151707649230957,2.316392183303833,-0.00017720484174787998,0.032370541244745255,0.032370541244745255,1.0,-3.0,success
730,-4.151526927947998,2.317411422729492,-0.00017721312178764492,0.032348036766052246,0.032348036766052246,1.0,-3.0,success
731,-4.151345729827881,2.318430185317993,-0.00017722422489896417,0.032335974276065826,0.032335974276065826,1.0,-3.0,success
732,-4.151162147521973,2.319448709487915,-0.00017723666678648442,0.032341767102479935,0.032341767102479935,1.0,-3.0,success
733,-4.15097713470459,2.3204667568206787,-0.00017726245278026909,0.032335065305233,0.032335065305233,1.0,3.0,success
734,-4.150791168212891,2.3214852809906006,-0.0001772640534909442,0.03235507011413574,0.03235507011413574,1.0,3.0,success
735,-4.150603771209717,2.3225042819976807,-0.00017725089855957776,0.032377783209085464,0.032377783209085464,1.0,-3.0,success
736,-4.150417804718018,2.3235225677490234,-0.00017726053192745894,0.03234773874282837,0.03234773874282837,1.0,-3.0,success
737,-4.150231838226318,2.324540615081787,-0.00017727294471114874,0.032340411096811295,0.032340411096811295,1.0,-3.0,success
738,-4.150044918060303,2.3255581855773926,-0.00017729696992319077,0.03233112394809723,0.03233112394809723,1.0,3.0,success
739,-4.149856090545654,2.3265764713287354,-0.00017729694081936032,0.03236392140388489,0.03236392140388489,1.0,3.0,success
740,-4.1496663093566895,2.3275949954986572,-0.00017728238890413195,0.032376691699028015,0.032376691699028015,1.0,-3.0,success
741,-4.149478435516357,2.328612804412842,-0.00017729114915709943,0.032343845814466476,0.032343845814466476,1.0,-3.0,success
742,-4.149290084838867,2.3296303749084473,-0.00017730280524119735,0.03233923017978668,0.03233923017978668,1.0,-3.0,success
743,-4.149098873138428,2.3306474685668945,-0.00017731569823808968,0.03234097361564636,0.03234097361564636,1.0,-3.0,success
744,-4.148906707763672,2.3316640853881836,-0.0001773420226527378,0.03233185410499573,0.03233185410499573,1.0,3.0,success
745,-4.148713111877441,2.33268141746521,-0.00017734362336341292,0.03236214444041252,0.03236214444041252,1.0,3.0,success
746,-4.1485185623168945,2.3336989879608154,-0.0001773303229128942,0.03237504884600639,0.03237504884600639,1.0,-3.0,success
747,-4.148324966430664,2.3347160816192627,-0.00017734045104589313,0.032354824244976044,0.032354824244976044,1.0,-3.0,success
748,-4.148131847381592,2.3357326984405518,-0.00017735348956193775,0.03233740106225014,0.03233740106225014,1.0,-3.0,success
749,-4.147937297821045,2.3367490768432617,-0.00017737796588335186,0.0323384590446949,0.0323384590446949,1.0,3.0,success
750,-4.147741317749023,2.33776593208313,-0.0001773778785718605,0.03236152231693268,0.03236152231693268,1.0,3.0,success
751,-4.1475443840026855,2.338783025741577,-0.00017736309382598847,0.03237449377775192,0.03237449377775192,1.0,-3.0,success
752,-4.147348403930664,2.339799642562866,-0.00017737227608449757,0.0323542058467865,0.0323542058467865,1.0,-3.0,success
753,-4.147152900695801,2.340815782546997,-0.00017738454334903508,0.0323367603123188,0.0323367603123188,1.0,-3.0,success
754,-4.1469550132751465,2.3418314456939697,-0.00017739790200721473,0.032336290925741196,0.032336290925741196,1.0,-3.0,success
755,-4.146754264831543,2.342846632003784,-0.00017741431656759232,0.03233889117836952,0.03233889117836952,1.0,-3.0,success
756,-4.146551132202148,2.3438611030578613,-0.00017743332136888057,0.03233150765299797,0.03233150765299797,1.0,-3.0,success
757,-4.146345138549805,2.3448753356933594,-0.00017745447985362262,0.03234188258647919,0.03234188258647919,1.0,-3.0,success
758,-4.146137237548828,2.345889091491699,-0.00017747738456819206,0.032339200377464294,0.032339200377464294,1.0,-3.0,success
759,-4.145926475524902,2.3469021320343018,-0.0001775017735781148,0.032335393130779266,0.032335393130779266,1.0,-3.0,success
760,-4.1457133293151855,2.347914695739746,-0.00017752738494891673,0.032336071133613586,0.032336071133613586,1.0,-3.0,success
761,-4.145499229431152,2.3489270210266113,-0.00017756392480805516,0.032334934920072556,0.032334934920072556,1.0,3.0,success
762,-4.1452836990356445,2.349940061569214,-0.0001775729760993272,0.0323660746216774,0.0323660746216774,1.0,3.0,success
763,-4.145065784454346,2.3509533405303955,-0.00017756441957317293,0.032388944178819656,0.032388944178819656,1.0,-3.0,success
764,-4.14484977722168,2.351966142654419,-0.0001775801501935348,0.032361894845962524,0.032361894845962524,1.0,-3.0,success
765,-4.14463472366333,2.352978229522705,-0.00017759970796760172,0.032333824783563614,0.032333824783563614,1.0,-3.0,success
766,-4.144416809082031,2.353990077972412,-0.00017761804338078946,0.0323452427983284,0.0323452427983284,1.0,-3.0,success
767,-4.144198417663574,2.355001449584961,-0.00017764908261597157,0.032333821058273315,0.032333821058273315,1.0,3.0,success
768,-4.143978118896484,2.356013298034668,-0.00017765352095011622,0.03236101195216179,0.03236101195216179,1.0,3.0,success
769,-4.1437554359436035,2.357025623321533,-0.00017764083168003708,0.0323914960026741,0.0323914960026741,1.0,-3.0,success
770,-4.1435346603393555,2.3580374717712402,-0.00017765378288459033,0.03236418589949608,0.03236418589949608,1.0,-3.0,success
771,-4.143314838409424,2.35904860496521,-0.00017767117242328823,0.032336000353097916,0.032336000353097916,1.0,-3.0,success
772,-4.143094062805176,2.3600594997406006,-0.00017769820988178253,0.032335065305233,0.032335065305233,1.0,3.0,success
773,-4.142871379852295,2.3610711097717285,-0.00017769914120435715,0.032369669526815414,0.032369669526815414,1.0,3.0,success
774,-4.142646789550781,2.3620827198028564,-0.00017768339603208005,0.032382532954216,0.032382532954216,1.0,-3.0,success
775,-4.142423152923584,2.3630940914154053,-0.00017769422265700996,0.03236881271004677,0.03236881271004677,1.0,-3.0,success
776,-4.1422014236450195,2.364104747772217,-0.00017770986596588045,0.032334160059690475,0.032334160059690475,1.0,-3.0,success
777,-4.141976356506348,2.36511492729187,-0.0001777251745807007,0.032342132180929184,0.032342132180929184,1.0,-3.0,success
778,-4.141750812530518,2.3661246299743652,-0.00017775419109966606,0.03233083337545395,0.03233083337545395,1.0,3.0,success
779,-4.141523361206055,2.3671352863311768,-0.00017775659216567874,0.03237295150756836,0.03237295150756836,1.0,3.0,success
780,-4.141293525695801,2.3681459426879883,-0.00017774173466023058,0.03238939493894577,0.03238939493894577,1.0,-3.0,success
781,-4.1410651206970215,2.3691561222076416,-0.00017775372543837875,0.03236497566103935,0.03236497566103935,1.0,-3.0,success
782,-4.140838146209717,2.3701658248901367,-0.0001777707802830264,0.03234060853719711,0.03234060853719711,1.0,-3.0,success
783,-4.140610218048096,2.3711750507354736,-0.00017779745394364,0.03233261778950691,0.03233261778950691,1.0,3.0,success
784,-4.140380382537842,2.372184991836548,-0.00017779777408577502,0.03236759826540947,0.03236759826540947,1.0,3.0,success
785,-4.140148162841797,2.373195171356201,-0.0001777809375198558,0.03239147365093231,0.03239147365093231,1.0,-3.0,success
786,-4.139917373657227,2.3742048740386963,-0.00017779157496988773,0.03236696124076843,0.03236696124076843,1.0,-3.0,success
787,-4.139688014984131,2.375214099884033,-0.00017780772759579122,0.03234249725937843,0.03234249725937843,1.0,-3.0,success
788,-4.139456272125244,2.376222610473633,-0.0001778232108335942,0.032337307929992676,0.032337307929992676,1.0,-3.0,success
789,-4.139223098754883,2.3772308826446533,-0.00017785253294277936,0.03234008699655533,0.03234008699655533,1.0,3.0,success
790,-4.138988971710205,2.378239631652832,-0.00017785500676836818,0.03236132860183716,0.03236132860183716,1.0,3.0,success
791,-4.13875150680542,2.379248857498169,-0.00017783943621907383,0.032399579882621765,0.032399579882621765,1.0,-3.0,success
792,-4.138515472412109,2.3802573680877686,-0.00017785154341254383,0.032367605715990067,0.032367605715990067,1.0,-3.0,success
793,-4.138281345367432,2.38126540184021,-0.00017786941316444427,0.032339561730623245,0.032339561730623245,1.0,-3.0,success
794,-4.138044357299805,2.382272720336914,-0.0001778862060746178,0.03233814612030983,0.03233814612030983,1.0,-3.0,success
795,-4.1378068923950195,2.383279800415039,-0.00017791654681786895,0.032334309071302414,0.032334309071302414,1.0,3.0,success
796,-4.137567520141602,2.3842875957489014,-0.0001779197482392192,0.032369788736104965,0.032369788736104965,1.0,3.0,success
797,-4.137326717376709,2.385295867919922,-0.0001779147278284654,0.032394640147686005,0.032394640147686005,1.0,3.0,success
798,-4.137088775634766,2.3863048553466797,-0.00017790855781640857,0.03239574655890465,0.03239574655890465,1.0,3.0,success
799,-4.136853218078613,2.387314558029175,-0.00017789757112041116,0.03240048885345459,0.03240048885345459,1.0,3.0,success
800,-4.136628150939941,2.3883235454559326,-0.00017352140275761485,0.03230605646967888,0.0323057696223259,1.0,3.0,success
801,-4.1363959312438965,2.389333486557007,-0.00017413016757927835,0.03238421678543091,0.03238421306014061,1.0,-3.0,success
802,-4.136165618896484,2.390342950820923,-0.00017486096476204693,0.0323563888669014,0.0323563776910305,1.0,-3.0,success
803,-4.135936260223389,2.3913519382476807,-0.00017546390881761909,0.03233523666858673,0.03233523294329643,1.0,-3.0,success
804,-4.135704517364502,2.392360210418701,-0.00017594928795006126,0.032330047339200974,0.032330043613910675,1.0,-3.0,success
805,-4.135470390319824,2.3933680057525635,-0.00017634402320254594,0.03233230113983154,0.03233230113983154,1.0,-3.0,success
806,-4.135234832763672,2.3943755626678467,-0.0001766768255038187,0.03233519569039345,0.03233519196510315,1.0,3.0,success
807,-4.134998321533203,2.395383834838867,-0.00017692189430817962,0.03236375376582146,0.03236375004053116,1.0,3.0,success
808,-4.134759902954102,2.396392583847046,-0.00017711034161038697,0.03239191323518753,0.03239191323518753,1.0,3.0,success
809,-4.134522914886475,2.397401809692383,-0.0001772481919033453,0.032396167516708374,0.032396167516708374,1.0,-3.0,success
810,-4.134286880493164,2.3984103202819824,-0.0001773787080310285,0.032367605715990067,0.032367605715990067,1.0,-3.0,success
811,-4.134052276611328,2.399418354034424,-0.00017749110702425241,0.03234293311834335,0.03234293311834335,1.0,-3.0,success
812,-4.133815765380859,2.400425672531128,-0.00017758397734723985,0.03233473747968674,0.03233473747968674,1.0,-3.0,success
813,-4.1335768699646,2.401432514190674,-0.00017766456585377455,0.03233734890818596,0.03233734890818596,1.0,-3.0,success
814,-4.133336544036865,2.4024391174316406,-0.00017774627485778183,0.03234045207500458,0.03234045207500458,1.0,3.0,success
815,-4.1330952644348145,2.4034461975097656,-0.00017779074551071972,0.03236187621951103,0.03236187621951103,1.0,3.0,success
816,-4.132853031158447,2.404453992843628,-0.00017781865608412772,0.03239056468009949,0.03239056468009949,1.0,3.0,success
817,-4.13261079788208,2.4054620265960693,-0.00017782719805836678,0.032397810369729996,0.032397810369729996,1.0,-3.0,success
818,-4.132369518280029,2.4064695835113525,-0.00017785499221645296,0.03237636759877205,0.03237636759877205,1.0,-3.0,success
819,-4.132129669189453,2.4074764251708984,-0.0001778854348231107,0.03234424069523811,0.03234424069523811,1.0,-3.0,success
820,-4.131888389587402,2.408482789993286,-0.0001779136509867385,0.03234013915061951,0.03234013915061951,1.0,-3.0,success
821,-4.1316447257995605,2.4094884395599365,-0.00017794209998100996,0.03233586624264717,0.03233586624264717,1.0,-3.0,success
822,-4.131399631500244,2.410493850708008,-0.00017798220505937934,0.0323391854763031,0.0323391854763031,1.0,3.0,success
823,-4.1311540603637695,2.4114997386932373,-0.0001779934245860204,0.032357193529605865,0.032357193529605865,1.0,3.0,success
824,-4.130904197692871,2.412506103515625,-0.0001779827434802428,0.032403722405433655,0.032403722405433655,1.0,-3.0,success
825,-4.130654811859131,2.4135119915008545,-0.00017799990018829703,0.03238566964864731,0.03238566964864731,1.0,-3.0,success
826,-4.130406856536865,2.4145171642303467,-0.0001780221937224269,0.0323532409965992,0.0323532409965992,1.0,-3.0,success
827,-4.130158424377441,2.4155216217041016,-0.00017804531671572477,0.03233511745929718,0.03233511745929718,1.0,-3.0,success
828,-4.129908561706543,2.4165258407592773,-0.00017807914991863072,0.03233864903450012,0.03233864903450012,1.0,3.0,success
829,-4.129658222198486,2.4175307750701904,-0.00017808526172302663,0.03236393630504608,0.03236393630504608,1.0,3.0,success
830,-4.129403591156006,2.4185359477996826,-0.00017806979303713888,0.03240383788943291,0.03240383788943291,1.0,-3.0,success
831,-4.129149436950684,2.4195406436920166,-0.00017808363190852106,0.03238573670387268,0.03238573670387268,1.0,-3.0,success
832,-4.128896236419678,2.420544385910034,-0.0001781034516170621,0.032349541783332825,0.032349541783332825,1.0,-3.0,success
833,-4.128643035888672,2.4215478897094727,-0.00017812527948990464,0.03234231844544411,0.03234231844544411,1.0,-3.0,success
834,-4.128388404846191,2.422550916671753,-0.00017815771570894867,0.03233884274959564,0.03233884274959564,1.0,3.0,success
835,-4.128133296966553,2.4235544204711914,-0.00017816263425629586,0.032356951385736465,0.032356951385736465,1.0,3.0,success
836,-4.127877235412598,2.4245588779449463,-0.00017815847240854055,0.032393187284469604,0.032393187284469604,1.0,3.0,success
837,-4.127620220184326,2.4255635738372803,-0.00017813919112086296,0.03240777924656868,0.03240777924656868,1.0,-3.0,success
838,-4.127363681793213,2.426567554473877,-0.0001781464379746467,0.032382432371377945,0.032382432371377945,1.0,-3.0,success
839,-4.127108573913574,2.4275710582733154,-0.0001781609607860446,0.032356951385736465,0.032356951385736465,1.0,-3.0,success
840,-4.126852989196777,2.4285738468170166,-0.00017817848129197955,0.03233896568417549,0.03233896568417549,1.0,-3.0,success
841,-4.126594543457031,2.4295759201049805,-0.0001781973842298612,0.03233952075242996,0.03233952075242996,1.0,-3.0,success
842,-4.126335620880127,2.4305777549743652,-0.00017823015514295548,0.0323360338807106,0.0323360338807106,1.0,3.0,success
843,-4.126075744628906,2.4315803050994873,-0.0001782352919690311,0.032365139573812485,0.032365139573812485,1.0,3.0,success
844,-4.1258111000061035,2.4325830936431885,-0.00017821791698224843,0.03241005167365074,0.03241005167365074,1.0,-3.0,success
845,-4.125546455383301,2.4335851669311523,-0.00017823126108851284,0.03238844498991966,0.03238844498991966,1.0,-3.0,success
846,-4.125283241271973,2.434586763381958,-0.00017825102258939296,0.032362643629312515,0.032362643629312515,1.0,-3.0,success
847,-4.125020503997803,2.4355876445770264,-0.00017827395640779287,0.0323372408747673,0.0323372408747673,1.0,-3.0,success
848,-4.124756336212158,2.4365882873535156,-0.0001783066982170567,0.03234141692519188,0.03234141692519188,1.0,3.0,success
849,-4.124492168426514,2.437589645385742,-0.00017831160221248865,0.03236302733421326,0.03236302733421326,1.0,3.0,success
850,-4.124222278594971,2.438591241836548,-0.0001782934123184532,0.032416295260190964,0.032416295260190964,1.0,-3.0,success
851,-4.123952865600586,2.439592123031616,-0.000178306654561311,0.032390836626291275,0.032390836626291275,1.0,-3.0,success
852,-4.123684883117676,2.4405925273895264,-0.0001783265033736825,0.0323648564517498,0.0323648564517498,1.0,-3.0,success
853,-4.123417377471924,2.44159197807312,-0.00017835003382060677,0.03233221173286438,0.03233221173286438,1.0,-3.0,success
854,-4.123148441314697,2.442591428756714,-0.0001783829793566838,0.032343797385692596,0.032343797385692596,1.0,3.0,success
855,-4.1228790283203125,2.443591356277466,-0.00017838789790403098,0.032362062484025955,0.032362062484025955,1.0,3.0,success
856,-4.1226091384887695,2.444591999053955,-0.00017838329949881881,0.032387521117925644,0.032387521117925644,1.0,3.0,success
857,-4.122337341308594,2.4455931186676025,-0.0001783621119102463,0.032417476177215576,0.032417476177215576,1.0,-3.0,success
858,-4.122066020965576,2.4465935230255127,-0.00017836941697169095,0.032392002642154694,0.032392002642154694,1.0,-3.0,success
859,-4.121795654296875,2.4475932121276855,-0.00017838450730778277,0.03236263617873192,0.03236263617873192,1.0,-3.0,success
860,-4.121525764465332,2.4485924243927,-0.00017840384680312127,0.03234436362981796,0.03234436362981796,1.0,-3.0,success
861,-4.121253490447998,2.4495906829833984,-0.00017842357920017093,0.03233511745929718,0.03233511745929718,1.0,-3.0,success
862,-4.1209797859191895,2.4505887031555176,-0.00017845733964350075,0.03233972191810608,0.03233972191810608,1.0,3.0,success
863,-4.120705604553223,2.451587438583374,-0.0001784628111636266,0.03236522153019905,0.03236522153019905,1.0,3.0,success
864,-4.120426177978516,2.4525864124298096,-0.00017844425747171044,0.03241617605090141,0.03241617605090141,1.0,-3.0,success
865,-4.120147228240967,2.453584909439087,-0.00017845831462182105,0.032397810369729996,0.032397810369729996,1.0,-3.0,success
866,-4.119869232177734,2.454582691192627,-0.0001784791675163433,0.03236827626824379,0.03236827626824379,1.0,-3.0,success
867,-4.11959171295166,2.4555797576904297,-0.0001785039494279772,0.03234274312853813,0.03234274312853813,1.0,-3.0,success
868,-4.119313716888428,2.456576347351074,-0.00017853792815003544,0.032332390546798706,0.032332390546798706,1.0,3.0,success
869,-4.119034767150879,2.457573890686035,-0.0001785430940799415,0.032369110733270645,0.032369110733270645,1.0,3.0,success
870,-4.11875057220459,2.458571672439575,-0.00017852381279226393,0.0324208028614521,0.0324208028614521,1.0,-3.0,success
871,-4.118466377258301,2.459568977355957,-0.00017853788449428976,0.03240646794438362,0.03240646794438362,1.0,-3.0,success
872,-4.118183612823486,2.4605653285980225,-0.00017855891201179475,0.0323655791580677,0.0323655791580677,1.0,-3.0,success
873,-4.11790132522583,2.4615609645843506,-0.00017858398496173322,0.03234000876545906,0.03234000876545906,1.0,-3.0,success
874,-4.117618560791016,2.4625563621520996,-0.0001786182983778417,0.03233690932393074,0.03233690932393074,1.0,3.0,success
875,-4.117334842681885,2.463552474975586,-0.00017862340610008687,0.0323665626347065,0.0323665626347065,1.0,3.0,success
876,-4.1170454025268555,2.4645490646362305,-0.0001786037173587829,0.03243030980229378,0.03243030980229378,1.0,-3.0,success
877,-4.116764545440674,2.4655439853668213,-0.00017424508405383676,0.03230661898851395,0.032306332141160965,1.0,-3.0,success
878,-4.116480350494385,2.466538906097412,-0.0001749102520989254,0.0323348306119442,0.0323348231613636,1.0,-3.0,success
879,-4.116194248199463,2.4675331115722656,-0.0001756668498273939,0.032329775393009186,0.03232976794242859,1.0,-3.0,success
880,-4.115906715393066,2.468526840209961,-0.00017630190995987505,0.03232784941792488,0.032327841967344284,1.0,3.0,success
881,-4.1156182289123535,2.4695215225219727,-0.00017678752192296088,0.03236476331949234,0.03236475959420204,1.0,3.0,success
882,-4.115328311920166,2.4705169200897217,-0.0001771666284184903,0.03239870443940163,0.03239870071411133,1.0,3.0,success
883,-4.1150383949279785,2.471513271331787,-0.00017746265802998096,0.032427314668893814,0.032427314668893814,1.0,3.0,success
884,-4.114750862121582,2.4725100994110107,-0.0001776954741217196,0.032420895993709564,0.032420895993709564,1.0,3.0,success
885,-4.114464282989502,2.4735074043273926,-0.00017786292301025242,0.03242696821689606,0.03242696821689606,1.0,-3.0,success
886,-4.114187240600586,2.474504232406616,-0.00017803801165428013,0.03233157470822334,0.03233157470822334,1.0,3.0,success
887,-4.113908767700195,2.4755020141601562,-0.00017814381862990558,0.03237227723002434,0.03237227723002434,1.0,3.0,success
888,-4.113628387451172,2.4765002727508545,-0.0001782188337529078,0.03240269795060158,0.03240269795060158,1.0,3.0,success
889,-4.113347053527832,2.477499008178711,-0.00017826224211603403,0.032425109297037125,0.032425109297037125,1.0,-3.0,success
890,-4.113067150115967,2.478496789932251,-0.00017832177400123328,0.032384321093559265,0.032384321093559265,1.0,-3.0,success
891,-4.112789154052734,2.479494094848633,-0.00017837894847616553,0.03235391899943352,0.03235391899943352,1.0,-3.0,success
892,-4.11251163482666,2.4804909229278564,-0.00017844013927970082,0.032335564494132996,0.032335564494132996,1.0,3.0,success
893,-4.112232685089111,2.4814884662628174,-0.00017846431001089513,0.032369110733270645,0.032369110733270645,1.0,3.0,success
894,-4.11195182800293,2.4824867248535156,-0.00017847462731879205,0.032406728714704514,0.032406728714704514,1.0,3.0,success
895,-4.11167049407959,2.483485221862793,-0.00017846710397861898,0.032417941838502884,0.032417941838502884,1.0,-3.0,success
896,-4.111390113830566,2.484483242034912,-0.00017848564311861992,0.03239552304148674,0.03239552304148674,1.0,-3.0,success
897,-4.111112117767334,2.485480308532715,-0.0001785100030247122,0.03234674409031868,0.03234674409031868,1.0,-3.0,success
898,-4.110832691192627,2.4864768981933594,-0.00017853423196356744,0.032344430685043335,0.032344430685043335,1.0,-3.0,success
899,-4.1105523109436035,2.4874730110168457,-0.0001785701751941815,0.03233814612030983,0.03233814612030983,1.0,3.0,success
900,-4.1102705001831055,2.4884698390960693,-0.00017857603961601853,0.03237179294228554,0.03237179294228554,1.0,3.0,success
901,-4.109983921051025,2.489466905593872,-0.00017855859186965972,0.03241981193423271,0.03241981193423271,1.0,-3.0,success
902,-4.109698295593262,2.4904634952545166,-0.00017857459897641093,0.03239726647734642,0.03239726647734642,1.0,-3.0,success
903,-4.109414577484131,2.491459369659424,-0.00017859724175650626,0.032359395176172256,0.032359395176172256,1.0,-3.0,success
904,-4.109130382537842,2.4924545288085938,-0.00017862128152046353,0.03234199061989784,0.03234199061989784,1.0,-3.0,success
905,-4.108845233917236,2.4934492111206055,-0.00017865606059785932,0.032335858792066574,0.032335858792066574,1.0,3.0,success
906,-4.108558654785156,2.4944446086883545,-0.00017866089183371514,0.03236968442797661,0.03236968442797661,1.0,3.0,success
907,-4.108266830444336,2.4954404830932617,-0.00017864222172647715,0.03242972120642662,0.03242972120642662,1.0,-3.0,success
908,-4.10797643661499,2.4964356422424316,-0.00017865777772385627,0.03239572048187256,0.03239572048187256,1.0,-3.0,success
909,-4.107687473297119,2.4974300861358643,-0.00017868023132905364,0.03236176073551178,0.03236176073551178,1.0,-3.0,success
910,-4.107398509979248,2.4984238147735596,-0.00017870469309855253,0.03234029933810234,0.03234029933810234,1.0,-3.0,success
911,-4.1071085929870605,2.4994170665740967,-0.00017873938486445695,0.032334327697753906,0.032334327697753906,1.0,3.0,success
912,-4.106817245483398,2.50041127204895,-0.00017874395416583866,0.03237547725439072,0.03237547725439072,1.0,3.0,success
913,-4.106520652770996,2.501405715942383,-0.00017872474563773721,0.03242909535765648,0.03242909535765648,1.0,-3.0,success
914,-4.10622501373291,2.5023996829986572,-0.0001787404326023534,0.03240630775690079,0.03240630775690079,1.0,-3.0,success
915,-4.105931282043457,2.5033926963806152,-0.00017876317724585533,0.03236078470945358,0.03236078470945358,1.0,-3.0,success
916,-4.105637550354004,2.504384994506836,-0.00017878807557281107,0.03233935311436653,0.03233935311436653,1.0,-3.0,success
917,-4.105342864990234,2.5053770542144775,-0.00017882298561744392,0.032340679317712784,0.032340679317712784,1.0,3.0,success
918,-4.10504674911499,2.5063695907592773,-0.00017882746760733426,0.03236771747469902,0.03236771747469902,1.0,3.0,success
919,-4.104744911193848,2.5073628425598145,-0.0001788079389370978,0.0324406772851944,0.0324406772851944,1.0,-3.0,success
920,-4.10444450378418,2.5083553791046143,-0.00017882393149193376,0.032406311482191086,0.032406311482191086,1.0,-3.0,success
921,-4.1041460037231445,2.5093469619750977,-0.00017884709814097732,0.03236055746674538,0.03236055746674538,1.0,-3.0,success
922,-4.103847980499268,2.5103378295898438,-0.0001788724330253899,0.032334864139556885,0.032334864139556885,1.0,-3.0,success
923,-4.103548526763916,2.5113284587860107,-0.00017890764866024256,0.0323406346142292,0.0323406346142292,1.0,3.0,success
924,-4.10324764251709,2.512319803237915,-0.0001789120869943872,0.03237498551607132,0.03237498551607132,1.0,3.0,success
925,-4.102952480316162,2.513310670852661,-0.00017454427143093199,0.03230951353907585,0.03230922296643257,1.0,-3.0,success
926,-4.102654457092285,2.514301300048828,-0.00017519992252346128,0.03232773393392563,0.03232772648334503,1.0,-3.0,success
927,-4.102354049682617,2.515291452407837,-0.00017594933160580695,0.03233502060174942,0.032335009425878525,1.0,-3.0,success
928,-4.10205078125,2.5162806510925293,-0.00017656857380643487,0.032332587987184525,0.032332584261894226,1.0,-3.0,success
929,-4.101746559143066,2.5172696113586426,-0.0001770832750480622,0.03233421593904495,0.032334212213754654,1.0,3.0,success
930,-4.101440906524658,2.518259286880493,-0.00017747045785654336,0.032368745654821396,0.0323687419295311,1.0,3.0,success
931,-4.101129531860352,2.519249677658081,-0.00017775686865206808,0.03244328126311302,0.03244327753782272,1.0,-3.0,success
932,-4.1008195877075195,2.5202391147613525,-0.00017801852663978934,0.03240146115422249,0.03240146115422249,1.0,-3.0,success
933,-4.10051155090332,2.5212278366088867,-0.00017823839152697474,0.03236234933137894,0.03236234933137894,1.0,-3.0,success
934,-4.100203990936279,2.5222158432006836,-0.00017842098895926028,0.032336581498384476,0.032336581498384476,1.0,-3.0,success
935,-4.099895000457764,2.5232033729553223,-0.00017858206410892308,0.03233567252755165,0.03233567252755165,1.0,3.0,success
936,-4.099584579467773,2.5241918563842773,-0.00017868643044494092,0.03237748146057129,0.03237748146057129,1.0,3.0,success
937,-4.099268436431885,2.5251808166503906,-0.00017874604964163154,0.032445698976516724,0.032445698976516724,1.0,-3.0,success
938,-4.098953723907471,2.5261690616607666,-0.00017882706015370786,0.032410815358161926,0.032410815358161926,1.0,-3.0,success
939,-4.098640441894531,2.527156352996826,-0.0001789027010090649,0.032368872314691544,0.032368872314691544,1.0,-3.0,success
940,-4.098328113555908,2.5281429290771484,-0.00017897032375913113,0.03233855962753296,0.03233855962753296,1.0,-3.0,success
941,-4.098014831542969,2.5291290283203125,-0.00017903928528539836,0.032333362847566605,0.032333362847566605,1.0,3.0,success
942,-4.0976996421813965,2.530116081237793,-0.0001790698297554627,0.03237985074520111,0.03237985074520111,1.0,3.0,success
943,-4.097378253936768,2.5311036109924316,-0.00017906996072269976,0.032453473657369614,0.032453473657369614,1.0,-3.0,success
944,-4.0970587730407715,2.532090187072754,-0.0001791040413081646,0.03240672126412392,0.03240672126412392,1.0,-3.0,success
945,-4.096741199493408,2.533076047897339,-0.00017914229829329997,0.03236713260412216,0.03236713260412216,1.0,-3.0,success
946,-4.096424102783203,2.5340611934661865,-0.00017918040975928307,0.03234128654003143,0.03234128654003143,1.0,-3.0,success
947,-4.096105575561523,2.535045862197876,-0.0001792255643522367,0.03234083577990532,0.03234083577990532,1.0,3.0,success
948,-4.095786094665527,2.536031484603882,-0.00017923688574228436,0.03237837180495262,0.03237837180495262,1.0,3.0,success
949,-4.095459938049316,2.537017345428467,-0.00017922118422575295,0.03245037794113159,0.03245037794113159,1.0,-3.0,success
950,-4.09513521194458,2.5380027294158936,-0.00017924320127349347,0.03242221102118492,0.03242221102118492,1.0,-3.0,success
951,-4.094812870025635,2.538986921310425,-0.00017927198496181518,0.032363563776016235,0.032363563776016235,1.0,-3.0,success
952,-4.094491004943848,2.539970636367798,-0.00017930292233359069,0.0323447659611702,0.0323447659611702,1.0,-3.0,success
953,-4.094168186187744,2.5409538745880127,-0.0001793421251932159,0.03233988583087921,0.03233988583087921,1.0,3.0,success
954,-4.093843460083008,2.541937828063965,-0.0001793484843801707,0.03237975761294365,0.03237975761294365,1.0,3.0,success
955,-4.093512535095215,2.542922258377075,-0.0001793283154256642,0.03245510905981064,0.03245510905981064,1.0,-3.0,success
956,-4.0931830406188965,2.5439059734344482,-0.0001793473493307829,0.03241970017552376,0.03241970017552376,1.0,-3.0,success
957,-4.092855453491211,2.544888973236084,-0.00017937390657607466,0.03237961232662201,0.03237961232662201,1.0,-3.0,success
958,-4.092529296875,2.5458710193634033,-0.00017940359248314053,0.03233722224831581,0.03233722224831581,1.0,-3.0,success
959,-4.09220027923584,2.5468521118164062,-0.00017943154671229422,0.0323372557759285,0.0323372557759285,1.0,-3.0,success
960,-4.091869354248047,2.547832727432251,-0.00017946326988749206,0.03234213590621948,0.03234213590621948,1.0,-3.0,success
961,-4.091536998748779,2.5488126277923584,-0.00017950795881915838,0.03233529254794121,0.03233529254794121,1.0,3.0,success
962,-4.091203212738037,2.5497934818267822,-0.00017951875634025782,0.03237789124250412,0.03237789124250412,1.0,3.0,success
963,-4.090867519378662,2.5507752895355225,-0.00017951690824702382,0.03242534026503563,0.03242534026503563,1.0,3.0,success
964,-4.090529441833496,2.551757574081421,-0.0001794964337022975,0.03246361017227173,0.03246361017227173,1.0,-3.0,success
965,-4.090192794799805,2.552738904953003,-0.00017951015615835786,0.03242089971899986,0.03242089971899986,1.0,-3.0,success
966,-4.089858055114746,2.5537195205688477,-0.0001795324933482334,0.03238045051693916,0.03238045051693916,1.0,-3.0,success
967,-4.089524745941162,2.554699420928955,-0.0001795596326701343,0.03234487399458885,0.03234487399458885,1.0,-3.0,success
968,-4.089189052581787,2.555678129196167,-0.00017958509852178395,0.03233370557427406,0.03233370557427406,1.0,-3.0,success
969,-4.088852405548096,2.5566565990448,-0.0001796248834580183,0.032336343079805374,0.032336343079805374,1.0,3.0,success
970,-4.088503837585449,2.557635545730591,-0.0001796087162801996,0.03247348964214325,0.03247348964214325,1.0,-3.0,success
971,-4.088156700134277,2.5586137771606445,-0.00017963802383746952,0.03243745490908623,0.03243745490908623,1.0,-3.0,success
972,-4.087811470031738,2.559591054916382,-0.0001796734577510506,0.03238946571946144,0.03238946571946144,1.0,-3.0,success
973,-4.087470054626465,2.560567855834961,-0.00017972310888580978,0.03233588859438896,0.03233588859438896,1.0,3.0,success
974,-4.087127208709717,2.5615456104278564,-0.0001797300938051194,0.03237878903746605,0.03237878903746605,1.0,3.0,success
975,-4.0867767333984375,2.5625240802764893,-0.00017970740736927837,0.03247950226068497,0.03247950226068497,1.0,-3.0,success
976,-4.086427688598633,2.5635013580322266,-0.000179726819624193,0.032429371029138565,0.032429371029138565,1.0,-3.0,success
977,-4.086080074310303,2.5644779205322266,-0.0001797543081920594,0.03239330276846886,0.03239330276846886,1.0,-3.0,success
978,-4.085733890533447,2.56545352935791,-0.0001797863660613075,0.03235025331377983,0.03235025331377983,1.0,-3.0,success
979,-4.085386276245117,2.5664284229278564,-0.00017981737619265914,0.03234417364001274,0.03234417364001274,1.0,-3.0,success
980,-4.085036754608154,2.5674023628234863,-0.00017985058366321027,0.03233619034290314,0.03233618661761284,1.0,-3.0,success
981,-4.084685802459717,2.568376064300537,-0.00017989684420172125,0.032344307750463486,0.032344307750463486,1.0,3.0,success
982,-4.084322929382324,2.569350004196167,-0.00017988408217206597,0.03247949853539467,0.03247949481010437,1.0,-3.0,success
983,-4.083961009979248,2.5703232288360596,-0.00017991771164815873,0.03244815394282341,0.03244815394282341,1.0,-3.0,success
984,-4.083600044250488,2.5712954998016357,-0.00017995707457885146,0.03240983560681343,0.03240983560681343,1.0,-3.0,success
985,-4.083244800567627,2.572267532348633,-0.0001800128084141761,0.032341036945581436,0.032341036945581436,1.0,3.0,success
986,-4.082888126373291,2.573240280151367,-0.00018002232536673546,0.032377392053604126,0.032377392053604126,1.0,3.0,success
987,-4.082530498504639,2.574213981628418,-0.00018001835269387811,0.032415635883808136,0.032415635883808136,1.0,3.0,success
988,-4.082171440124512,2.5751888751983643,-0.00018000515410676599,0.03246603533625603,0.03246603161096573,1.0,3.0,success
989,-4.081811904907227,2.5761640071868896,-0.00017997765098698437,0.032478176057338715,0.032478176057338715,1.0,-3.0,success
990,-4.081453323364258,2.5771381855010986,-0.00017998312250711024,0.032439909875392914,0.032439909875392914,1.0,-3.0,success
991,-4.081096649169922,2.5781116485595703,-0.000179999420652166,0.03239838033914566,0.03239838033914566,1.0,-3.0,success
992,-4.0807414054870605,2.5790841579437256,-0.000180022805579938,0.03235503286123276,0.03235503286123276,1.0,-3.0,success
993,-4.080384731292725,2.5800557136535645,-0.000180047529283911,0.032342419028282166,0.032342419028282166,1.0,-3.0,success
994,-4.080027103424072,2.581026792526245,-0.00018008543702308089,0.03233871981501579,0.03233871981501579,1.0,3.0,success
995,-4.0796685218811035,2.581998825073242,-0.00018009022460319102,0.03237698972225189,0.032376985996961594,1.0,3.0,success
996,-4.079301357269287,2.5829713344573975,-0.0001800632890081033,0.032484736293554306,0.03248473256826401,1.0,-3.0,success
997,-4.078935146331787,2.5839428901672363,-0.00018008162442129105,0.03244633600115776,0.03244633227586746,1.0,-3.0,success
998,-4.0785698890686035,2.584913730621338,-0.00018010879284702241,0.032414913177490234,0.032414913177490234,1.0,-3.0,success
999,-4.078210353851318,2.585883855819702,-0.00018015506793744862,0.032331421971321106,0.03233141824603081,1.0,3.0,success
1000,-4.077849388122559,2.586855173110962,-0.00018015688692685217,0.032381899654865265,0.032381899654865265,1.0,3.0,success
1001,-4.077479839324951,2.58782696723938,-0.00018012650252785534,0.032490234822034836,0.032490234822034836,1.0,-3.0,success
1002,-4.07711124420166,2.5887978076934814,-0.0001801423932192847,0.03245178982615471,0.03245178982615471,1.0,-3.0,success
1003,-4.076750755310059,2.5897669792175293,-0.0001757985883159563,0.03231413662433624,0.03231385350227356,1.0,-3.0,success
1004,-4.076387882232666,2.590735673904419,-0.00017647088679950684,0.032325953245162964,0.03232594579458237,1.0,-3.0,success
1005,-4.076023578643799,2.5917041301727295,-0.00017724586359690875,0.032334692776203156,0.03233468532562256,1.0,3.0,success
1006,-4.075658321380615,2.5926733016967773,-0.00017785071395337582,0.03236611187458038,0.032366104423999786,1.0,3.0,success
1007,-4.075284004211426,2.5936431884765625,-0.00017830308934208006,0.032487884163856506,0.032487884163856506,1.0,-3.0,success
1008,-4.074910640716553,2.5946123600006104,-0.00017870547890197486,0.032456304877996445,0.032456301152706146,1.0,-3.0,success
1009,-4.074538707733154,2.5955803394317627,-0.00017903994012158364,0.032405488193035126,0.03240548446774483,1.0,-3.0,success
1010,-4.074167728424072,2.5965476036071777,-0.00017931804177351296,0.03237393870949745,0.03237393498420715,1.0,-3.0,success
1011,-4.073798656463623,2.5975143909454346,-0.00017956008377950639,0.03233871981501579,0.03233871981501579,1.0,3.0,success
1012,-4.073428630828857,2.5984818935394287,-0.00017972307978197932,0.03237023577094078,0.03237023577094078,1.0,3.0,success
1013,-4.073049545288086,2.5994503498077393,-0.00017982018471229821,0.03250019997358322,0.03250019997358322,1.0,-3.0,success
1014,-4.072670936584473,2.6004176139831543,-0.00017993926303461194,0.03246007859706879,0.03246007859706879,1.0,-3.0,success
1015,-4.072293758392334,2.601383924484253,-0.0001800473837647587,0.032416049391031265,0.03241604566574097,1.0,-3.0,success
1016,-4.0719170570373535,2.6023495197296143,-0.00018014466331806034,0.0323898084461689,0.0323898084461689,1.0,-3.0,success
1017,-4.0715436935424805,2.6033143997192383,-0.00018024382006842643,0.0323311947286129,0.0323311947286129,1.0,3.0,success
1018,-4.071169376373291,2.604280471801758,-0.00018029144848696887,0.032376695424318314,0.032376695424318314,1.0,3.0,success
1019,-4.070785045623779,2.6052470207214355,-0.00018029511556960642,0.03250490874052048,0.03250490874052048,1.0,-3.0,success
1020,-4.070401668548584,2.606212615966797,-0.00018034018285106868,0.032466210424900055,0.032466210424900055,1.0,-3.0,success
1021,-4.070019245147705,2.607177257537842,-0.00018038931011687964,0.03242751583456993,0.03242751583456993,1.0,-3.0,success
1022,-4.069637775421143,2.6081409454345703,-0.00018043957243207842,0.0323888324201107,0.0323888324201107,1.0,-3.0,success
1023,-4.069256782531738,2.6091039180755615,-0.00018049064965453,0.03236256539821625,0.03236256539821625,1.0,-3.0,success
1024,-4.068876266479492,2.6100661754608154,-0.00018054884276352823,0.03233630210161209,0.03233630210161209,1.0,3.0,success
1025,-4.068495273590088,2.6110293865203857,-0.00018056793487630785,0.03236949443817139,0.03236949443817139,1.0,3.0,success
1026,-4.068103790283203,2.6119933128356934,-0.0001805475476430729,0.03251221403479576,0.03251221030950546,1.0,-3.0,success
1027,-4.067713260650635,2.6129562854766846,-0.00018057441047858447,0.03247338905930519,0.03247338905930519,1.0,-3.0,success
1028,-4.067323207855225,2.6139180660247803,-0.00018060924776364118,0.032433267682790756,0.032433267682790756,1.0,-3.0,success
1029,-4.066933631896973,2.6148791313171387,-0.0001806482905521989,0.03240695595741272,0.03240695223212242,1.0,-3.0,success
1030,-4.066548824310303,2.615839719772339,-0.00018070406804326922,0.03233743831515312,0.03233743831515312,1.0,3.0,success
1031,-4.066163063049316,2.6168012619018555,-0.00018071454542223364,0.03237619251012802,0.03237619251012802,1.0,3.0,success
1032,-4.065767288208008,2.6177632808685303,-0.0001806861109798774,0.03250778466463089,0.03250778466463089,1.0,-3.0,success
1033,-4.065371513366699,2.6187243461608887,-0.00018070725491270423,0.03248022496700287,0.03248022124171257,1.0,-3.0,success
1034,-4.064976692199707,2.6196846961975098,-0.00018073769751936197,0.032448213547468185,0.032448213547468185,1.0,-3.0,success
1035,-4.064582824707031,2.6206438541412354,-0.0001807733642635867,0.03240243345499039,0.03240242972970009,1.0,-3.0,success
1036,-4.064193248748779,2.6216025352478027,-0.00018082706083077937,0.032337918877601624,0.032337918877601624,1.0,3.0,success
1037,-4.063803195953369,2.6225621700286865,-0.00018083526811096817,0.03237114101648331,0.03237113729119301,1.0,3.0,success
1038,-4.0634026527404785,2.6235225200653076,-0.00018080425797961652,0.03251662850379944,0.03251662850379944,1.0,-3.0,success
1039,-4.063002109527588,2.6244819164276123,-0.0001808240922400728,0.032489124685525894,0.032489124685525894,1.0,-3.0,success
1040,-4.062602519989014,2.6254401206970215,-0.00018085363262798637,0.03244326636195183,0.03244326263666153,1.0,-3.0,success
1041,-4.062203884124756,2.6263973712921143,-0.0001808887318475172,0.03240429610013962,0.03240429610013962,1.0,-3.0,success
1042,-4.061805725097656,2.6273539066314697,-0.00018092819664161652,0.032377928495407104,0.032377928495407104,1.0,-3.0,success
1043,-4.061408996582031,2.628309726715088,-0.00018098008877132088,0.03234013542532921,0.03234013170003891,1.0,3.0,success
1044,-4.061012268066406,2.6292665004730225,-0.00018099139560945332,0.03236766159534454,0.03236766159534454,1.0,3.0,success
1045,-4.060604572296143,2.6302239894866943,-0.00018096200074069202,0.03252103924751282,0.03252103924751282,1.0,-3.0,success
1046,-4.060196876525879,2.63118052482605,-0.00018098419241141528,0.032493624836206436,0.032493624836206436,1.0,-3.0,success
1047,-4.059790134429932,2.632136106491089,-0.00018101588648278266,0.03245452791452408,0.03245452791452408,1.0,-3.0,success
1048,-4.059383869171143,2.6330904960632324,-0.00018105290655512363,0.03241441398859024,0.03241441026329994,1.0,-3.0,success
1049,-4.058982849121094,2.634044647216797,-0.00018110935343429446,0.03234369680285454,0.03234369680285454,1.0,3.0,success
1050,-4.058581352233887,2.6349997520446777,-0.0001811179972719401,0.03237694501876831,0.03237694501876831,1.0,3.0,success
1051,-4.058168888092041,2.635955333709717,-0.00018108560470864177,0.03252497315406799,0.03252497315406799,1.0,-3.0,success
1052,-4.0577569007873535,2.6369099617004395,-0.00018110615201294422,0.03249170631170273,0.03249170631170273,1.0,-3.0,success
1053,-4.057345867156982,2.6378636360168457,-0.00018113669648300856,0.0324525386095047,0.0324525386095047,1.0,-3.0,success
1054,-4.056934833526611,2.6388161182403564,-0.00018117294530384243,0.03241833299398422,0.032418329268693924,1.0,-3.0,success
1055,-4.056525230407715,2.639767646789551,-0.0001812136615626514,0.03237326815724373,0.03237326443195343,1.0,-3.0,success
1056,-4.056117057800293,2.640718698501587,-0.00018126756185665727,0.03234192356467247,0.03234192356467247,1.0,3.0,success
1057,-4.055708885192871,2.6416709423065186,-0.00018127913062926382,0.032376162707805634,0.032376162707805634,1.0,3.0,success
1058,-4.055289268493652,2.6426239013671875,-0.00018124841153621674,0.03253917768597603,0.03253917396068573,1.0,-3.0,success
1059,-4.054870128631592,2.643575429916382,-0.00018127141811419278,0.0324922576546669,0.0324922576546669,1.0,-3.0,success
1060,-4.054451942443848,2.644526243209839,-0.00018130417447537184,0.032459791749715805,0.032459791749715805,1.0,-3.0,success
1061,-4.054034233093262,2.6454758644104004,-0.00018134240235667676,0.03241969272494316,0.03241969272494316,1.0,-3.0,success
1062,-4.053621768951416,2.6464250087738037,-0.0001814005518099293,0.03234037756919861,0.03234037384390831,1.0,3.0,success
1063,-4.053208827972412,2.6473753452301025,-0.0001814092684071511,0.03238048404455185,0.03238048404455185,1.0,3.0,success
1064,-4.0527849197387695,2.6483263969421387,-0.0001813755661714822,0.032539002597332,0.032539002597332,1.0,-3.0,success
1065,-4.052361011505127,2.6492760181427,-0.0001813969574868679,0.03249817714095116,0.03249817341566086,1.0,-3.0,success
1066,-4.051938056945801,2.6502249240875244,-0.0001814286079024896,0.0324656181037426,0.0324656181037426,1.0,-3.0,success
1067,-4.051516056060791,2.651172637939453,-0.00018146607908420265,0.032419465482234955,0.032419465482234955,1.0,-3.0,success
1068,-4.0510993003845215,2.6521198749542236,-0.0001815233554225415,0.03233949467539787,0.03233949467539787,1.0,3.0,success
1069,-4.050682067871094,2.6530683040618896,-0.00018153116980101913,0.032379597425460815,0.032379597425460815,1.0,3.0,success
1070,-4.050252914428711,2.654017210006714,-0.00018149640527553856,0.03254496678709984,0.03254496678709984,1.0,-3.0,success
1071,-4.0498247146606445,2.6549649238586426,-0.00018151772383134812,0.03249874711036682,0.03249874338507652,1.0,-3.0,success
1072,-4.0493974685668945,2.655911922454834,-0.00018154947611037642,0.032466109842061996,0.032466109842061996,1.0,-3.0,success
1073,-4.048971176147461,2.65685772895813,-0.00018158718012273312,0.032419901341199875,0.032419897615909576,1.0,-3.0,success
1074,-4.048545837402344,2.6578023433685303,-0.00018162952619604766,0.03237369284033775,0.03237369284033775,1.0,-3.0,success
1075,-4.048121929168701,2.6587464809417725,-0.00018168421229347587,0.032341767102479935,0.032341767102479935,1.0,3.0,success
1076,-4.0476975440979,2.65969181060791,-0.0001816956209950149,0.03238185867667198,0.03238185867667198,1.0,3.0,success
1077,-4.047261714935303,2.660637855529785,-0.00018166331574320793,0.03255026042461395,0.03255026042461395,1.0,-3.0,success
1078,-4.046826362609863,2.6615827083587646,-0.00018168774840887636,0.032510191202163696,0.0325101874768734,1.0,-3.0,success
1079,-4.046392440795898,2.6625266075134277,-0.00018172222189605236,0.03246442973613739,0.03246442601084709,1.0,-3.0,success
1080,-4.045958995819092,2.6634693145751953,-0.0001817623124225065,0.032424356788396835,0.032424356788396835,1.0,-3.0,success
1081,-4.045530796051025,2.6644115447998047,-0.00018182177154812962,0.032342661172151566,0.032342661172151566,1.0,3.0,success
1082,-4.045102119445801,2.6653547286987305,-0.00018183026986662298,0.03237595409154892,0.03237595409154892,1.0,3.0,success
1083,-4.044661521911621,2.6662988662719727,-0.0001817950396798551,0.0325588695704937,0.0325588695704937,1.0,-3.0,success
1084,-4.044221878051758,2.6672415733337402,-0.00018181792984250933,0.03250575810670853,0.03250575810670853,1.0,-3.0,success
1085,-4.043783187866211,2.6681835651397705,-0.0001818513555917889,0.03247290849685669,0.03247290477156639,1.0,-3.0,success
1086,-4.043345928192139,2.669124126434326,-0.00018189071852248162,0.03241351991891861,0.03241351619362831,1.0,-3.0,success
1087,-4.042909622192383,2.6700639724731445,-0.0001819347235141322,0.03238069266080856,0.03238069266080856,1.0,-3.0,success
1088,-4.042474746704102,2.6710028648376465,-0.000181990020792,0.03233484923839569,0.03233484923839569,1.0,3.0,success
1089,-4.042038917541504,2.671943187713623,-0.00018200153135694563,0.03238793835043907,0.03238793835043907,1.0,3.0,success
1090,-4.041591167449951,2.672884225845337,-0.00018196838209405541,0.032566528767347336,0.032566528767347336,1.0,-3.0,success
1091,-4.041144847869873,2.6738240718841553,-0.0001819941244320944,0.03251369297504425,0.03251369297504425,1.0,-3.0,success
1092,-4.040699005126953,2.674762725830078,-0.00018203005311079323,0.03247365355491638,0.03247364982962608,1.0,-3.0,success
1093,-4.040255069732666,2.6757004261016846,-0.00018207162793260068,0.032421186566352844,0.032421182841062546,1.0,-3.0,success
1094,-4.039812088012695,2.6766369342803955,-0.0001821175974328071,0.03237476199865341,0.03237476199865341,1.0,-3.0,success
1095,-4.039370536804199,2.677572727203369,-0.00018217437900602818,0.03233545646071434,0.03233545646071434,1.0,3.0,success
1096,-4.038913249969482,2.678509473800659,-0.00018215047020930797,0.03257511556148529,0.03257511183619499,1.0,-3.0,success
1097,-4.038456916809082,2.6794450283050537,-0.00018219035700894892,0.03252856433391571,0.03252856433391571,1.0,-3.0,success
1098,-4.038001537322998,2.6803793907165527,-0.00018223802908323705,0.03248202055692673,0.03248201683163643,1.0,-3.0,success
1099,-4.037548065185547,2.6813127994537354,-0.00018228922272101045,0.03242914006114006,0.03242914006114006,1.0,-3.0,success
1100,-4.037095069885254,2.6822450160980225,-0.00018234313756693155,0.032389119267463684,0.032389119267463684,1.0,-3.0,success
1101,-4.0366435050964355,2.683176279067993,-0.00018239885685034096,0.03234279155731201,0.03234279155731201,1.0,-3.0,success
1102,-4.036189556121826,2.6841063499450684,-0.00018245000683236867,0.032341886311769485,0.032341886311769485,1.0,-3.0,success
1103,-4.035733222961426,2.685035228729248,-0.00018250379071105272,0.03234119340777397,0.03234119340777397,1.0,-3.0,success
1104,-4.035274505615234,2.6859631538391113,-0.00018256003386341035,0.03234739601612091,0.03234739601612091,1.0,-3.0,success
1105,-4.03481388092041,2.686889886856079,-0.0001826183288358152,0.03234049305319786,0.03234048932790756,1.0,-3.0,success
1106,-4.034351348876953,2.6878156661987305,-0.00018267831183038652,0.0323403999209404,0.0323403999209404,1.0,-3.0,success
1107,-4.033885955810547,2.6887402534484863,-0.00018273969180881977,0.0323471762239933,0.0323471762239933,1.0,-3.0,success
1108,-4.033418655395508,2.6896636486053467,-0.00018280227959621698,0.03234077990055084,0.03234077990055084,1.0,-3.0,success
1109,-4.032948970794678,2.6905860900878906,-0.00018286587146576494,0.03234793245792389,0.03234792873263359,1.0,-3.0,success
1110,-4.032477378845215,2.69150710105896,-0.0001829303364502266,0.03233522176742554,0.03233522176742554,1.0,-3.0,success
1111,-4.032003402709961,2.692427158355713,-0.00018299555813428015,0.03234275057911873,0.03234274685382843,1.0,-3.0,success
1112,-4.031527519226074,2.6933462619781494,-0.00018306146375834942,0.03234362229704857,0.03234361857175827,1.0,-3.0,success
1113,-4.0310492515563965,2.6942641735076904,-0.00018312795145902783,0.03234490379691124,0.03234490379691124,1.0,-3.0,success
1114,-4.030568599700928,2.695180654525757,-0.0001831949921324849,0.032339803874492645,0.032339803874492645,1.0,-3.0,success
1115,-4.030086040496826,2.696096420288086,-0.00018326251301914454,0.03234775364398956,0.03234775364398956,1.0,-3.0,success
1116,-4.029601097106934,2.6970107555389404,-0.0001833305141190067,0.0323430560529232,0.032343052327632904,1.0,-3.0,success
1117,-4.029114246368408,2.6979238986968994,-0.00018339892267249525,0.03233814984560013,0.03233814984560013,1.0,-3.0,success
1118,-4.028625011444092,2.698836088180542,-0.00018346775323152542,0.032347001135349274,0.032347001135349274,1.0,-3.0,success
1119,-4.028133869171143,2.699747085571289,-0.00018353696214035153,0.032342419028282166,0.032342419028282166,1.0,-3.0,success
1120,-4.027641296386719,2.700657367706299,-0.00018361490219831467,0.03234399855136871,0.03234399855136871,1.0,3.0,success
1121,-4.027148723602295,2.701569080352783,-0.0001836477458709851,0.03238332271575928,0.03238332271575928,1.0,3.0,success
1122,-4.026641368865967,2.702481508255005,-0.00018362286209594458,0.03262496367096901,0.03262495994567871,1.0,-3.0,success
1123,-4.026134490966797,2.703392744064331,-0.00018366536824032664,0.03258516266942024,0.03258516266942024,1.0,-3.0,success
1124,-4.02562952041626,2.7043027877807617,-0.00018371683836448938,0.03252365440130234,0.03252365067601204,1.0,-3.0,success
1125,-4.025125503540039,2.705211639404297,-0.0001837725576478988,0.03247661888599396,0.03247661888599396,1.0,-3.0,success
1126,-4.024622917175293,2.7061192989349365,-0.00018383153656031936,0.03242236375808716,0.03242236375808716,1.0,-3.0,success
1127,-4.0241241455078125,2.707026243209839,-0.00018390582408756018,0.03234519809484482,0.03234519809484482,1.0,3.0,success
1128,-4.0236077308654785,2.7079339027404785,-0.00018387915042694658,0.032633885741233826,0.03263388201594353,1.0,-3.0,success
1129,-4.023092269897461,2.7088403701782227,-0.00018392781203147024,0.03258677199482918,0.03258677199482918,1.0,-3.0,success
1130,-4.022578239440918,2.7097456455230713,-0.00018398459360469133,0.03253229707479477,0.03253229334950447,1.0,-3.0,success
1131,-4.02206563949585,2.7106497287750244,-0.00018404473667033017,0.032477833330631256,0.032477833330631256,1.0,-3.0,success
1132,-4.021553993225098,2.711552619934082,-0.00018410741176921874,0.032430730760097504,0.032430727034807205,1.0,-3.0,success
1133,-4.02104377746582,2.712454080581665,-0.00018417216779198498,0.03236980363726616,0.03236979991197586,1.0,-3.0,success
1134,-4.020533084869385,2.7133543491363525,-0.0001842352212406695,0.03234473615884781,0.03234473615884781,1.0,-3.0,success
1135,-4.020020484924316,2.7142534255981445,-0.00018429593183100224,0.03234181925654411,0.03234181925654411,1.0,-3.0,success
1136,-4.019505500793457,2.715151309967041,-0.00018435917445458472,0.032346464693546295,0.032346464693546295,1.0,-3.0,success
1137,-4.018988609313965,2.716048002243042,-0.00018442465807311237,0.03234388306736946,0.03234388306736946,1.0,-3.0,success
1138,-4.018469333648682,2.7169435024261475,-0.0001844920334406197,0.03234892338514328,0.03234892338514328,1.0,-3.0,success
1139,-4.017948150634766,2.7178375720977783,-0.00018456095131114125,0.03234023600816727,0.03234023600816727,1.0,-3.0,success
1140,-4.017425060272217,2.7187304496765137,-0.00018463119340594858,0.03233814612030983,0.03233814612030983,1.0,-3.0,success
1141,-4.016899585723877,2.7196221351623535,-0.00018470252689439803,0.03234377130866051,0.03234377130866051,1.0,-3.0,success
1142,-4.016371726989746,2.720512628555298,-0.00018477480625733733,0.032349612563848495,0.0323496088385582,1.0,-3.0,success
1143,-4.015841960906982,2.7214016914367676,-0.00018484790052752942,0.03234163299202919,0.03234163299202919,1.0,-3.0,success
1144,-4.015310287475586,2.722289562225342,-0.00018492169328965247,0.032340217381715775,0.032340217381715775,1.0,-3.0,success
1145,-4.014777183532715,2.723176956176758,-0.0001850043481681496,0.03235043212771416,0.03235043212771416,1.0,3.0,success
1146,-4.0142436027526855,2.7240657806396484,-0.00018503973842598498,0.032396428287029266,0.032396428287029266,1.0,3.0,success
1147,-4.0136942863464355,2.7249553203582764,-0.00018500904843676835,0.03267126530408859,0.03267126530408859,1.0,-3.0,success
1148,-4.013145446777344,2.7258434295654297,-0.00018505479965824634,0.03262539952993393,0.03262539952993393,1.0,-3.0,success
1149,-4.012597560882568,2.7267303466796875,-0.00018511030066292733,0.03257804363965988,0.03257804363965988,1.0,-3.0,success
1150,-4.012051105499268,2.72761607170105,-0.00018517037096899003,0.032522864639759064,0.032522860914468765,1.0,-3.0,success
1151,-4.011505603790283,2.7285003662109375,-0.00018523394828662276,0.03246917203068733,0.032469168305397034,1.0,-3.0,success
1152,-4.0109663009643555,2.729383945465088,-0.00018531983369030058,0.03234880417585373,0.03234880417585373,1.0,3.0,success
1153,-4.0104265213012695,2.730268955230713,-0.0001853390276664868,0.03239472582936287,0.03239472582936287,1.0,3.0,success
1154,-4.009870529174805,2.7311549186706543,-0.00018529377121012658,0.032686639577150345,0.032686639577150345,1.0,-3.0,success
1155,-4.009315490722656,2.732039451599121,-0.00018532921967562288,0.03263293206691742,0.03263293206691742,1.0,-3.0,success
1156,-4.008761882781982,2.7329225540161133,-0.00018537664436735213,0.03257131204009056,0.03257131204009056,1.0,-3.0,success
1157,-4.008209228515625,2.73380446434021,-0.0001854303845902905,0.03252391889691353,0.03252391517162323,1.0,-3.0,success
1158,-4.007657527923584,2.734684944152832,-0.00018548901425674558,0.0324702113866806,0.0324702113866806,1.0,-3.0,success
1159,-4.007112503051758,2.735564708709717,-0.0001855706359492615,0.032340921461582184,0.032340921461582184,1.0,3.0,success
1160,-4.006566524505615,2.736445903778076,-0.00018558651208877563,0.03239462152123451,0.03239462152123451,1.0,3.0,success
1161,-4.0060038566589355,2.737328052520752,-0.0001855372538557276,0.032697439193725586,0.032697439193725586,1.0,-3.0,success
1162,-4.005442142486572,2.738208770751953,-0.000185570796020329,0.032643720507621765,0.032643720507621765,1.0,-3.0,success
1163,-4.004881858825684,2.7390880584716797,-0.00018561689648777246,0.03258199617266655,0.03258199617266655,1.0,-3.0,success
1164,-4.004322528839111,2.7399659156799316,-0.00018566971994005144,0.03252828121185303,0.03252828121185303,1.0,-3.0,success
1165,-4.003773212432861,2.7408432960510254,-0.0001857562456279993,0.032348573207855225,0.032348573207855225,1.0,3.0,success
1166,-4.003223419189453,2.7417218685150146,-0.0001857670140452683,0.03238806128501892,0.03238805755972862,1.0,3.0,success
1167,-4.00265645980835,2.7426016330718994,-0.00018571225518826395,0.032707102596759796,0.032707102596759796,1.0,-3.0,success
1168,-4.0020904541015625,2.7434797286987305,-0.00018574224668554962,0.03264711797237396,0.032647114247083664,1.0,-3.0,success
1169,-4.00152587890625,2.744356393814087,-0.0001857856404967606,0.032585326582193375,0.032585322856903076,1.0,-3.0,success
1170,-4.000961780548096,2.745231866836548,-0.00018583639757707715,0.03254593908786774,0.03254593908786774,1.0,-3.0,success
1171,-4.000399112701416,2.746105909347534,-0.00018589287356007844,0.03248415142297745,0.03248415142297745,1.0,-3.0,success
1172,-3.9998438358306885,2.746978998184204,-0.0001859756011981517,0.03233456239104271,0.03233456239104271,1.0,3.0,success
1173,-3.9992876052856445,2.7478537559509277,-0.00018599018221721053,0.03239456191658974,0.03239456191658974,1.0,3.0,success
1174,-3.9987142086029053,2.7487294673919678,-0.00018593690765555948,0.032710470259189606,0.032710470259189606,1.0,-3.0,success
1175,-3.9981417655944824,2.749603748321533,-0.0001859693438746035,0.03265674412250519,0.03265674412250519,1.0,-3.0,success
1176,-3.997570037841797,2.750476598739624,-0.00018601490592118353,0.032607100903987885,0.032607100903987885,1.0,-3.0,success
1177,-3.9969992637634277,2.7513480186462402,-0.00018606758385431021,0.03255337476730347,0.03255337476730347,1.0,-3.0,success
1178,-3.996429443359375,2.752218008041382,-0.00018612577696330845,0.03249965235590935,0.03249964863061905,1.0,-3.0,success
1179,-3.9958677291870117,2.753087282180786,-0.00018621294293552637,0.03234277293086052,0.03234277293086052,1.0,3.0,success
1180,-3.9953055381774902,2.753957986831665,-0.00018622877541929483,0.03238840773701668,0.03238840773701668,1.0,3.0,success
1181,-3.9947257041931152,2.7548296451568604,-0.00018617442401591688,0.0327155627310276,0.0327155627310276,1.0,-3.0,success
1182,-3.9941463470458984,2.75570011138916,-0.00018620728224050254,0.032676294445991516,0.032676294445991516,1.0,-3.0,success
1183,-3.993567943572998,2.7565689086914062,-0.00018625341181177646,0.03261636570096016,0.03261636570096016,1.0,-3.0,success
1184,-3.992990493774414,2.7574362754821777,-0.00018630671547725797,0.03256263956427574,0.03256263956427574,1.0,-3.0,success
1185,-3.992424726486206,2.758302927017212,-0.00018640000780578703,0.03234302997589111,0.03234302997589111,1.0,3.0,success
1186,-3.99185848236084,2.7591712474823,-0.00018641151837073267,0.03239485248923302,0.03239485248923302,1.0,3.0,success
1187,-3.9912965297698975,2.7600393295288086,-0.00018207967514172196,0.03231582045555115,0.032315537333488464,1.0,-3.0,success
1188,-3.990732192993164,2.76090669631958,-0.00018273400200996548,0.032337356358766556,0.03233734890818596,1.0,-3.0,success
1189,-3.9901654720306396,2.761772632598877,-0.00018348952289670706,0.0323406383395195,0.032340627163648605,1.0,-3.0,success
1190,-3.989596366882324,2.762637138366699,-0.00018412136705592275,0.03234414383769035,0.032344140112400055,1.0,-3.0,success
1191,-3.989025354385376,2.763500452041626,-0.00018464367894921452,0.03234587609767914,0.03234587237238884,1.0,-3.0,success
1192,-3.9884533882141113,2.7643628120422363,-0.00018508723587729037,0.032337486743927,0.032337483018636703,1.0,3.0,success
1193,-3.9878811836242676,2.7652268409729004,-0.0001854095607995987,0.032385073602199554,0.032385073602199554,1.0,3.0,success
1194,-3.987290620803833,2.766091823577881,-0.0001855988521128893,0.032729946076869965,0.032729946076869965,1.0,-3.0,success
1195,-3.9867005348205566,2.7669553756713867,-0.00018582845223136246,0.03268462419509888,0.03268462419509888,1.0,-3.0,success
1196,-3.9861111640930176,2.767817258834839,-0.0001860322372522205,0.03262895718216896,0.03262895345687866,1.0,-3.0,success
1197,-3.9855222702026367,2.7686779499053955,-0.00018621189519762993,0.03258979320526123,0.03258979320526123,1.0,-3.0,success
1198,-3.984934091567993,2.7695372104644775,-0.0001863720826804638,0.03254028037190437,0.032540276646614075,1.0,-3.0,success
1199,-3.984355926513672,2.7703957557678223,-0.00018654791347216815,0.03234601020812988,0.03234601020812988,1.0,3.0,success
1200,-3.9837775230407715,2.7712557315826416,-0.00018662906950339675,0.03238725662231445,0.03238725662231445,1.0,3.0,success
1201,-3.9831807613372803,2.7721166610717773,-0.00018662192451301962,0.03273538500070572,0.03273538500070572,1.0,-3.0,success
1202,-3.982583999633789,2.7729761600494385,-0.00018669590645004064,0.032698653638362885,0.032698653638362885,1.0,-3.0,success
1203,-3.981987953186035,2.773834228515625,-0.00018677551997825503,0.03264918923377991,0.03264918923377991,1.0,-3.0,success
1204,-3.9813926219940186,2.774690628051758,-0.0001868560939328745,0.03259360417723656,0.03259360417723656,1.0,-3.0,success
1205,-3.980797529220581,2.775545835494995,-0.00018693726451601833,0.03255876526236534,0.03255876526236534,1.0,-3.0,success
1206,-3.980213165283203,2.776400327682495,-0.0001870524138212204,0.03234998509287834,0.03234998136758804,1.0,3.0,success
1207,-3.979628801345825,2.7772562503814697,-0.00018708316201809794,0.0323868952691555,0.0323868952691555,1.0,3.0,success
1208,-3.9790256023406982,2.7781131267547607,-0.00018703371461015195,0.032746750861406326,0.032746750861406326,1.0,-3.0,success
1209,-3.9784226417541504,2.778968334197998,-0.0001870752894319594,0.0326998233795166,0.0326998233795166,1.0,-3.0,success
1210,-3.9778201580047607,2.77982234954834,-0.00018712923338171095,0.032660793513059616,0.03266078978776932,1.0,-3.0,success
1211,-3.97721791267395,2.780674695968628,-0.00018718946375884116,0.03261388838291168,0.03261388838291168,1.0,-3.0,success
1212,-3.976616144180298,2.7815256118774414,-0.00018725456902757287,0.032568786293268204,0.032568782567977905,1.0,-3.0,success
1213,-3.9760258197784424,2.7823758125305176,-0.0001873588771559298,0.0323452427983284,0.0323452427983284,1.0,3.0,success
1214,-3.975435495376587,2.7832276821136475,-0.00018737927894107997,0.032388098537921906,0.032388098537921906,1.0,3.0,success
1215,-3.9748260974884033,2.7840805053710938,-0.00018731984891928732,0.03275550529360771,0.03275550529360771,1.0,-3.0,success
1216,-3.9742166996002197,2.7849316596984863,-0.00018735484627541155,0.032713085412979126,0.032713085412979126,1.0,-3.0,success
1217,-3.9736077785491943,2.7857813835144043,-0.00018740374071057886,0.032668065279722214,0.032668065279722214,1.0,-3.0,success
1218,-3.972999334335327,2.7866296768188477,-0.000187460143934004,0.0326230488717556,0.0326230488717556,1.0,-3.0,success
1219,-3.972391128540039,2.7874763011932373,-0.00018752235337160528,0.032576337456703186,0.032576337456703186,1.0,-3.0,success
1220,-3.971794605255127,2.7883224487304688,-0.0001876259339042008,0.032352514564991,0.0323525108397007,1.0,3.0,success
1221,-3.971198320388794,2.789170026779175,-0.000187644298421219,0.03238477185368538,0.03238477185368538,1.0,3.0,success
1222,-3.9705824851989746,2.7900185585021973,-0.00018758173973765224,0.032764237374067307,0.032764237374067307,1.0,-3.0,success
1223,-3.9699668884277344,2.790865421295166,-0.00018761560204438865,0.03271766006946564,0.03271766006946564,1.0,-3.0,success
1224,-3.9693517684936523,2.7917110919952393,-0.00018766385619528592,0.032678764313459396,0.032678764313459396,1.0,-3.0,success
1225,-3.9687368869781494,2.792555093765259,-0.00018771991017274559,0.032632216811180115,0.032632213085889816,1.0,-3.0,success
1226,-3.9681224822998047,2.7933974266052246,-0.00018778203229885548,0.03258129209280014,0.03258129209280014,1.0,-3.0,success
1227,-3.967519998550415,2.7942392826080322,-0.00018788670422509313,0.032351043075323105,0.032351043075323105,1.0,3.0,success
1228,-3.9669177532196045,2.7950825691223145,-0.00018790470494423062,0.03238307684659958,0.03238307312130928,1.0,3.0,success
1229,-3.9662957191467285,2.795926809310913,-0.00018784053099807352,0.03277032449841499,0.03277032449841499,1.0,-3.0,success
1230,-3.9656736850738525,2.796769618988037,-0.00018787450972013175,0.03273434564471245,0.03273434564471245,1.0,-3.0,success
1231,-3.965052366256714,2.7976109981536865,-0.00018792306946124882,0.03268510848283768,0.03268510475754738,1.0,-3.0,success
1232,-3.9644312858581543,2.7984507083892822,-0.00018797957454808056,0.03263873606920242,0.03263873606920242,1.0,-3.0,success
1233,-3.963810920715332,2.799288749694824,-0.0001880422350950539,0.03258351981639862,0.03258351609110832,1.0,-3.0,success
1234,-3.963202476501465,2.800126314163208,-0.00018814807117450982,0.03235120326280594,0.03235119953751564,1.0,3.0,success
1235,-3.9625940322875977,2.8009653091430664,-0.00018816602823790163,0.032387375831604004,0.032387375831604004,1.0,3.0,success
1236,-3.961965799331665,2.8018054962158203,-0.00018810064648278058,0.032784078270196915,0.032784078270196915,1.0,-3.0,success
1237,-3.9613378047943115,2.8026437759399414,-0.00018813506176229566,0.03273189440369606,0.03273189440369606,1.0,-3.0,success
1238,-3.960710287094116,2.803480863571167,-0.00018818420358002186,0.03269314765930176,0.03269314765930176,1.0,-3.0,success
1239,-3.960083246231079,2.804316282272339,-0.00018824136350303888,0.032642483711242676,0.032642483711242676,1.0,-3.0,success
1240,-3.9594566822052,2.805150032043457,-0.00018830473709385842,0.03259183466434479,0.03259183093905449,1.0,-3.0,success
1241,-3.9588422775268555,2.805983304977417,-0.00018841150449588895,0.032352983951568604,0.032352983951568604,1.0,3.0,success
1242,-3.9582278728485107,2.8068180084228516,-0.0001884294324554503,0.032388973981142044,0.032388973981142044,1.0,3.0,success
1243,-3.9575934410095215,2.8076536655426025,-0.00018836298841051757,0.032787587493658066,0.032787587493658066,1.0,-3.0,success
1244,-3.9569592475891113,2.808487892150879,-0.0001883979857666418,0.03274748474359512,0.03274748474359512,1.0,-3.0,success
1245,-3.9563257694244385,2.8093204498291016,-0.00018844782607629895,0.03269243985414505,0.03269243985414505,1.0,-3.0,success
1246,-3.955692768096924,2.8101513385772705,-0.00018850572814699262,0.03264192119240761,0.03264192119240761,1.0,-3.0,success
1247,-3.9550604820251465,2.810981035232544,-0.00018856987298931926,0.032598741352558136,0.032598741352558136,1.0,-3.0,success
1248,-3.954440116882324,2.811809778213501,-0.00018867729522753507,0.03235043212771416,0.03235043212771416,1.0,3.0,success
1249,-3.953819751739502,2.8126399517059326,-0.00018869513587560505,0.032386232167482376,0.032386232167482376,1.0,3.0,success
1250,-3.953179121017456,2.8134713172912598,-0.0001886277605080977,0.032798752188682556,0.032798752188682556,1.0,-3.0,success
1251,-3.9525389671325684,2.8143012523651123,-0.00018866342725232244,0.03275424987077713,0.03275424987077713,1.0,-3.0,success
1252,-3.951899528503418,2.815129280090332,-0.0001887140388134867,0.03269340842962265,0.03269340842962265,1.0,-3.0,success
1253,-3.951260566711426,2.8159561157226562,-0.00018877271213568747,0.03265481814742088,0.03265481814742088,1.0,-3.0,success
1254,-3.95062255859375,2.8167810440063477,-0.0001888376718852669,0.03258943557739258,0.03258943557739258,1.0,-3.0,success
1255,-3.9499964714050293,2.817605495452881,-0.0001889455015771091,0.03235099837183952,0.03235099837183952,1.0,3.0,success
1256,-3.9493701457977295,2.8184313774108887,-0.00018896324036177248,0.03239111229777336,0.03239111229777336,1.0,3.0,success
1257,-3.948723316192627,2.819258451461792,-0.0001888949773274362,0.03281160444021225,0.03281160444021225,1.0,-3.0,success
1258,-3.9480769634246826,2.8200836181640625,-0.00018893138621933758,0.03275548294186592,0.03275548294186592,1.0,-3.0,success
1259,-3.9474315643310547,2.8209073543548584,-0.0001889827981358394,0.03270191326737404,0.03270191326737404,1.0,-3.0,success
1260,-3.946787118911743,2.8217296600341797,-0.0001890423009172082,0.032648343592882156,0.032648343592882156,1.0,-3.0,success
1261,-3.946143388748169,2.8225502967834473,-0.0001891080755740404,0.032593511044979095,0.032593511044979095,1.0,-3.0,success
1262,-3.945500373840332,2.8233695030212402,-0.00018917888519354165,0.03254454582929611,0.03254454582929611,1.0,-3.0,success
1263,-3.944866418838501,2.824187755584717,-0.00018928323697764426,0.0323469378054142,0.0323469340801239,1.0,3.0,success
1264,-3.9442319869995117,2.825007677078247,-0.00018930538499262184,0.032397300004959106,0.032397300004959106,1.0,3.0,success
1265,-3.9435770511627197,2.8258285522460938,-0.00018923968309536576,0.03281661868095398,0.03281661868095398,1.0,-3.0,success
1266,-3.942922830581665,2.826647996902466,-0.0001892800210043788,0.03276773914694786,0.03276773542165756,1.0,-3.0,success
1267,-3.9422693252563477,2.827465772628784,-0.0001893348671728745,0.032713036984205246,0.03271303325891495,1.0,-3.0,success
1268,-3.941617012023926,2.828282117843628,-0.00018939736764878035,0.032654859125614166,0.032654859125614166,1.0,-3.0,success
1269,-3.940965414047241,2.829096555709839,-0.00018946576165035367,0.03259434923529625,0.03259434551000595,1.0,-3.0,success
1270,-3.9403257369995117,2.8299105167388916,-0.00018957628344651312,0.032351210713386536,0.032351210713386536,1.0,3.0,success
1271,-3.939685344696045,2.830725908279419,-0.00018959477893076837,0.03240017220377922,0.03240017220377922,1.0,3.0,success
1272,-3.9390244483947754,2.831542491912842,-0.00018952526443172246,0.03282875567674637,0.03282875567674637,1.0,-3.0,success
1273,-3.938364267349243,2.832357406616211,-0.00018956394342239946,0.03277415782213211,0.03277415782213211,1.0,-3.0,success
1274,-3.9377052783966064,2.8331706523895264,-0.00018961768364533782,0.032710183411836624,0.032710183411836624,1.0,-3.0,success
1275,-3.937047243118286,2.833982229232788,-0.000189679441973567,0.0326509028673172,0.0326509028673172,1.0,-3.0,success
1276,-3.9363901615142822,2.834792375564575,-0.00018974742852151394,0.03259740769863129,0.03259740769863129,1.0,-3.0,success
1277,-3.9357447624206543,2.835601568222046,-0.00018985668430104852,0.032345376908779144,0.032345373183488846,1.0,3.0,success
1278,-3.935098648071289,2.8364126682281494,-0.0001898742193588987,0.03240591660141945,0.03240591660141945,1.0,3.0,success
1279,-3.934431552886963,2.8372244834899902,-0.0001898032787721604,0.032835703343153,0.032835703343153,1.0,-3.0,success
1280,-3.9337656497955322,2.8380348682403564,-0.0001898422633530572,0.032777514308691025,0.032777514308691025,1.0,-3.0,success
1281,-3.933100700378418,2.838843584060669,-0.00018989644013345242,0.03271830454468727,0.03271830081939697,1.0,-3.0,success
1282,-3.932436943054199,2.839650869369507,-0.0001899587077787146,0.0326601080596447,0.0326601080596447,1.0,-3.0,success
1283,-3.931774377822876,2.840456247329712,-0.00019002723274752498,0.032590411603450775,0.032590411603450775,1.0,-3.0,success
1284,-3.9311130046844482,2.8412601947784424,-0.00019010079267900437,0.0325322225689888,0.0325322225689888,1.0,-3.0,success
1285,-3.93045973777771,2.8420631885528564,-0.00019020512991119176,0.03234875202178955,0.03234875202178955,1.0,3.0,success
1286,-3.9298059940338135,2.8428680896759033,-0.00019022713240701705,0.03240440785884857,0.03240440785884857,1.0,3.0,success
1287,-3.929131031036377,2.8436737060546875,-0.00019015875295735896,0.03284362703561783,0.03284362703561783,1.0,-3.0,success
1288,-3.928457021713257,2.844478130340576,-0.00019020165200345218,0.03279593214392662,0.03279592841863632,1.0,-3.0,success
1289,-3.9277842044830322,2.845280647277832,-0.00019025924848392606,0.03272632136940956,0.03272632136940956,1.0,-3.0,success
1290,-3.9271128177642822,2.846081495285034,-0.00019032445561606437,0.03265763446688652,0.03265763074159622,1.0,-3.0,success
1291,-3.9264423847198486,2.8468806743621826,-0.0001903955708257854,0.03259852156043053,0.03259852156043053,1.0,-3.0,success
1292,-3.9257731437683105,2.8476784229278564,-0.00019047140085604042,0.03254033252596855,0.03254032880067825,1.0,-3.0,success
1293,-3.92511248588562,2.848475217819214,-0.00019057816825807095,0.03234564885497093,0.03234564885497093,1.0,3.0,success
1294,-3.9244508743286133,2.849273920059204,-0.00019060104386880994,0.03241055831313133,0.03241055831313133,1.0,3.0,success
1295,-3.9237680435180664,2.8500735759735107,-0.00019053193682339042,0.03286019340157509,0.03286019340157509,1.0,-3.0,success
1296,-3.923086166381836,2.8508715629577637,-0.0001905760873341933,0.03280118480324745,0.03280118107795715,1.0,-3.0,success
1297,-3.92240571975708,2.851667881011963,-0.00019063494983129203,0.032732490450143814,0.032732490450143814,1.0,-3.0,success
1298,-3.9217264652252197,2.8524625301361084,-0.00019070137932430953,0.03266863897442818,0.03266863897442818,1.0,-3.0,success
1299,-3.921048402786255,2.8532555103302,-0.00019077367323916405,0.03260479122400284,0.03260479122400284,1.0,-3.0,success
1300,-3.920382022857666,2.8540475368499756,-0.00019088754197582603,0.03234591335058212,0.032345909625291824,1.0,3.0,success
1301,-3.9197146892547607,2.854841470718384,-0.00019090603746008128,0.03241071105003357,0.03241070732474327,1.0,3.0,success
1302,-3.9190258979797363,2.8556365966796875,-0.00019083215738646686,0.032874323427677155,0.032874323427677155,1.0,-3.0,success
1303,-3.9183382987976074,2.8564298152923584,-0.0001908738340716809,0.03280488774180412,0.032804884016513824,1.0,-3.0,success
1304,-3.917652130126953,2.8572213649749756,-0.00019093089213129133,0.032736193388700485,0.032736193388700485,1.0,-3.0,success
1305,-3.9169671535491943,2.858011484146118,-0.00019099604105576873,0.032678015530109406,0.03267801180481911,1.0,-3.0,success
1306,-3.91628360748291,2.858799695968628,-0.0001910674327518791,0.03260369598865509,0.03260369598865509,1.0,-3.0,success
1307,-3.9156012535095215,2.859586477279663,-0.00019114383030682802,0.03254551813006401,0.03254551813006401,1.0,-3.0,success
1308,-3.9149274826049805,2.8603720664978027,-0.0001912517036544159,0.032342128455638885,0.032342128455638885,1.0,3.0,success
1309,-3.914252519607544,2.8611598014831543,-0.00019127414270769805,0.032417286187410355,0.032417282462120056,1.0,3.0,success
1310,-3.9135560989379883,2.861948251724243,-0.00019120195065625012,0.03287427872419357,0.03287427872419357,1.0,-3.0,success
1311,-3.912860631942749,2.8627352714538574,-0.00019124679965898395,0.03282104805111885,0.03282104805111885,1.0,-3.0,success
1312,-3.9121663570404053,2.863520622253418,-0.00019130666623823345,0.032757293432950974,0.032757293432950974,1.0,-3.0,success
1313,-3.911473512649536,2.8643040657043457,-0.00019137424533255398,0.032683033496141434,0.032683033496141434,1.0,-3.0,success
1314,-3.9107820987701416,2.865086078643799,-0.00019144779071211815,0.03261993080377579,0.03261993080377579,1.0,-3.0,success
1315,-3.9100916385650635,2.865866184234619,-0.00019152610911987722,0.03255553916096687,0.03255553916096687,1.0,-3.0,success
1316,-3.909410238265991,2.866645574569702,-0.00019163785327691585,0.03235175833106041,0.03235175833106041,1.0,3.0,success
1317,-3.9087281227111816,2.867426872253418,-0.00019166128186043352,0.032411351799964905,0.032411351799964905,1.0,3.0,success
1318,-3.9080238342285156,2.86820912361145,-0.00019158778013661504,0.0328933447599411,0.0328933447599411,1.0,-3.0,success
1319,-3.907320499420166,2.8689897060394287,-0.00019163338583894074,0.03283464536070824,0.03283464536070824,1.0,-3.0,success
1320,-3.906618595123291,2.8697683811187744,-0.00019169409642927349,0.032760441303253174,0.032760441303253174,1.0,-3.0,success
1321,-3.905935764312744,2.870546340942383,-0.000191822909982875,0.03234758973121643,0.03234758973121643,1.0,3.0,success
1322,-3.9052517414093018,2.871326208114624,-0.00019183008407708257,0.03241696208715439,0.03241696208715439,1.0,3.0,success
1323,-3.904545545578003,2.8721067905426025,-0.00019174230692442507,0.0328945592045784,0.0328945592045784,1.0,-3.0,success
1324,-3.9038407802581787,2.8728859424591064,-0.0001917768968269229,0.03283141925930977,0.03283141925930977,1.0,-3.0,success
1325,-3.903157949447632,2.873663902282715,-0.00019189887098036706,0.03234758973121643,0.03234758973121643,1.0,3.0,success
1326,-3.9024739265441895,2.874443769454956,-0.00019189107115380466,0.03241696208715439,0.03241696208715439,1.0,3.0,success
1327,-3.9017887115478516,2.87522554397583,-0.00019186116696801037,0.032486338168382645,0.032486338168382645,1.0,3.0,success
1328,-3.9010848999023438,2.8760082721710205,-0.00019175795023329556,0.03289445489645004,0.03289445489645004,1.0,-3.0,success
1329,-3.9003825187683105,2.876789093017578,-0.00019177056674379855,0.03282024338841438,0.03282024338841438,1.0,-3.0,success
1330,-3.8997018337249756,2.8775689601898193,-0.00019187296857126057,0.03234827518463135,0.03234827518463135,1.0,3.0,success
1331,-3.898995876312256,2.878349781036377,-0.00019177052308805287,0.03289509192109108,0.03289509192109108,1.0,-3.0,success
1332,-3.8982913494110107,2.8791286945343018,-0.00019179975788574666,0.03282089903950691,0.03282089903950691,1.0,-3.0,success
1333,-3.8975882530212402,2.879906177520752,-0.00019184744451195002,0.03275775536894798,0.03275775536894798,1.0,-3.0,success
1334,-3.8968865871429443,2.8806817531585693,-0.00019190539023838937,0.032683562487363815,0.032683562487363815,1.0,-3.0,success
1335,-3.896186351776123,2.881455659866333,-0.00019197131041437387,0.032614897936582565,0.032614897936582565,1.0,-3.0,success
1336,-3.8954977989196777,2.8822286128997803,-0.00019208186131436378,0.03234882652759552,0.03234882652759552,1.0,3.0,success
1337,-3.894808292388916,2.8830034732818604,-0.00019209552556276321,0.03241315856575966,0.03241315856575966,1.0,3.0,success
1338,-3.894117832183838,2.883780002593994,-0.0001920839713420719,0.03247193992137909,0.03247193619608879,1.0,3.0,success
1339,-3.8934261798858643,2.88455867767334,-0.00019205502758268267,0.03254680708050728,0.03254680335521698,1.0,3.0,success
1340,-3.892718553543091,2.885338068008423,-0.00019195995992049575,0.0328969769179821,0.0328969769179821,1.0,-3.0,success
1341,-3.892012119293213,2.886115789413452,-0.00019197117944713682,0.03283332288265228,0.03283332288265228,1.0,-3.0,success
1342,-3.8913071155548096,2.8868916034698486,-0.00019200386304873973,0.03275914862751961,0.03275914490222931,1.0,-3.0,success
1343,-3.8906033039093018,2.8876657485961914,-0.00019204990530852228,0.03269549459218979,0.03269549459218979,1.0,-3.0,success
1344,-3.8899009227752686,2.8884379863739014,-0.00019210642494726926,0.03262132406234741,0.032621320337057114,1.0,-3.0,success
1345,-3.889199733734131,2.8892087936401367,-0.00019217129738535732,0.032563187181949615,0.032563187181949615,1.0,-3.0,success
1346,-3.8884997367858887,2.8899776935577393,-0.00019224286370445043,0.03249403089284897,0.03249402716755867,1.0,-3.0,success
1347,-3.887800455093384,2.890744924545288,-0.00019231982878409326,0.0324404239654541,0.0324404239654541,1.0,-3.0,success
1348,-3.8871021270751953,2.891510486602783,-0.00019240117399021983,0.032381802797317505,0.032381802797317505,1.0,-3.0,success
1349,-3.886404514312744,2.8922741413116455,-0.00018817315867636353,0.03232298418879509,0.0323227122426033,1.0,-3.0,success
1350,-3.885704278945923,2.8930366039276123,-0.00018888946215156466,0.032350603491067886,0.03235059604048729,1.0,-3.0,success
1351,-3.8850021362304688,2.8937971591949463,-0.00018969827215187252,0.03234713524580002,0.03234712406992912,1.0,-3.0,success
1352,-3.884298086166382,2.8945560455322266,-0.00019037662423215806,0.03234934061765671,0.03234933316707611,1.0,-3.0,success
1353,-3.883592128753662,2.895313262939453,-0.00019093998707830906,0.03235173970460892,0.03235173225402832,1.0,-3.0,success
1354,-3.882885456085205,2.8960695266723633,-0.00019142018572892994,0.03234520182013512,0.03234519809484482,1.0,3.0,success
1355,-3.88217830657959,2.8968279361724854,-0.00019176681234966964,0.03240438923239708,0.03240438550710678,1.0,3.0,success
1356,-3.8814475536346436,2.897587299346924,-0.0001919448550324887,0.03293329104781151,0.03293329104781151,1.0,-3.0,success
1357,-3.8807175159454346,2.8983447551727295,-0.00019219743262510747,0.032874856144189835,0.032874856144189835,1.0,-3.0,success
1358,-3.879988193511963,2.8991007804870605,-0.00019242445705458522,0.03282716125249863,0.03282716125249863,1.0,-3.0,success
1359,-3.8792593479156494,2.8998546600341797,-0.00019262653950136155,0.032768577337265015,0.032768573611974716,1.0,-3.0,success
1360,-3.8785314559936523,2.900607109069824,-0.00019280848209746182,0.03271572291851044,0.03271571919322014,1.0,-3.0,success
1361,-3.877819299697876,2.9013583660125732,-0.0001930290018208325,0.03234871104359627,0.03234871104359627,1.0,3.0,success
1362,-3.8770809173583984,2.902111053466797,-0.00019302897271700203,0.03294981271028519,0.03294981271028519,1.0,-3.0,success
1363,-3.8763427734375,2.9028618335723877,-0.00019314538803882897,0.0329020693898201,0.0329020656645298,1.0,-3.0,success
1364,-3.8756051063537598,2.9036107063293457,-0.00019326382607687265,0.032849133014678955,0.032849133014678955,1.0,-3.0,success
1365,-3.8748679161071777,2.90435791015625,-0.00019337925186846405,0.03280152752995491,0.03280152752995491,1.0,-3.0,success
1366,-3.874150514602661,2.905104160308838,-0.00019355968106538057,0.03234872221946716,0.032348718494176865,1.0,3.0,success
1367,-3.873406410217285,2.9058516025543213,-0.00019351454102434218,0.03295891359448433,0.03295891359448433,1.0,-3.0,success
1368,-3.8726625442504883,2.906597375869751,-0.0001935951440827921,0.03291671350598335,0.03291671350598335,1.0,-3.0,success
1369,-3.871943473815918,2.907341957092285,-0.00019376947602722794,0.03234734758734703,0.03234734758734703,1.0,3.0,success
1370,-3.8711977005004883,2.908087968826294,-0.0001937032357091084,0.03296410292387009,0.03296410292387009,1.0,-3.0,success
1371,-3.8704521656036377,2.908831834793091,-0.00019376679847482592,0.03291143849492073,0.03291143849492073,1.0,-3.0,success
1372,-3.8697314262390137,2.9095749855041504,-0.00019392793183214962,0.03235149756073952,0.03235149756073952,1.0,3.0,success
1373,-3.868983745574951,2.9103190898895264,-0.0001938502537086606,0.03296419605612755,0.03296419605612755,1.0,-3.0,success
1374,-3.868236541748047,2.9110615253448486,-0.0001939051871886477,0.032916855067014694,0.032916855067014694,1.0,-3.0,success
1375,-3.8674895763397217,2.911802053451538,-0.00019397474534343928,0.03286958113312721,0.032869577407836914,1.0,-3.0,success
1376,-3.8667428493499756,2.912540912628174,-0.00019405140483286232,0.03282758593559265,0.03282758221030235,1.0,-3.0,success
1377,-3.8659965991973877,2.9132778644561768,-0.000194133521290496,0.032775089144706726,0.03277508541941643,1.0,-3.0,success
1378,-3.8652684688568115,2.9140138626098633,-0.00019428458472248167,0.032353442162275314,0.032353438436985016,1.0,3.0,success
1379,-3.8645405769348145,2.9147520065307617,-0.0001943101524375379,0.03239591419696808,0.03239591419696808,1.0,3.0,success
1380,-3.863812208175659,2.915491819381714,-0.00019430626707617193,0.03244351968169212,0.03244351968169212,1.0,3.0,success
1381,-3.8630614280700684,2.9162330627441406,-0.0001942026283359155,0.03297004476189613,0.03297004476189613,1.0,-3.0,success
1382,-3.8623108863830566,2.9169721603393555,-0.00019422895275056362,0.032917656004428864,0.032917656004428864,1.0,-3.0,success
1383,-3.861560821533203,2.9177095890045166,-0.00019427564984653145,0.03287045657634735,0.03287045657634735,1.0,-3.0,success
1384,-3.8608109951019287,2.918445110321045,-0.00019433417764957994,0.03282338008284569,0.03282338008284569,1.0,-3.0,success
1385,-3.8600616455078125,2.9191787242889404,-0.000194401916814968,0.03277101740241051,0.03277101740241051,1.0,-3.0,success
1386,-3.8593125343322754,2.9199106693267822,-0.00019447700469754636,0.03272922337055206,0.03272922337055206,1.0,-3.0,success
1387,-3.8585636615753174,2.920640707015991,-0.00019455800065770745,0.03268226236104965,0.03268226236104965,1.0,-3.0,success
1388,-3.8578286170959473,2.921369791030884,-0.0001946944830706343,0.0323532409965992,0.0323532372713089,1.0,3.0,success
1389,-3.8570938110351562,2.922100782394409,-0.00019472200074233115,0.032389961183071136,0.032389961183071136,1.0,3.0,success
1390,-3.856358766555786,2.9228339195251465,-0.00019472000712994486,0.03244256228208542,0.03244256228208542,1.0,3.0,success
1391,-3.8556008338928223,2.9235682487487793,-0.00019461505871731788,0.03297876566648483,0.03297876566648483,1.0,-3.0,success
1392,-3.8548429012298584,2.9243004322052,-0.00019464257638901472,0.03293213993310928,0.03293213993310928,1.0,-3.0,success
1393,-3.8540852069854736,2.9250309467315674,-0.0001946904812939465,0.03289056196808815,0.03289056196808815,1.0,-3.0,success
1394,-3.853327989578247,2.9257595539093018,-0.0001947501878021285,0.032838478684425354,0.032838478684425354,1.0,-3.0,success
1395,-3.8525712490081787,2.9264862537384033,-0.00019481907656881958,0.03278643265366554,0.03278643265366554,1.0,-3.0,success
1396,-3.8518145084381104,2.927211046218872,-0.000194895314052701,0.03274517133831978,0.03274517133831978,1.0,-3.0,success
1397,-3.851058006286621,2.927934169769287,-0.00019497743051033467,0.03270373493432999,0.03270373493432999,1.0,-3.0,success
1398,-3.850301504135132,2.9286556243896484,-0.0001950642908923328,0.03266771882772446,0.03266771510243416,1.0,-3.0,success
1399,-3.849557876586914,2.9293758869171143,-0.00019520302885212004,0.03235182538628578,0.03235182538628578,1.0,3.0,success
1400,-3.8488144874572754,2.930098056793213,-0.0001952354214154184,0.032387979328632355,0.032387979328632355,1.0,3.0,success
1401,-3.8480453491210938,2.930821657180786,-0.00019514543237164617,0.03300052136182785,0.03300051763653755,1.0,-3.0,success
1402,-3.847276210784912,2.9315433502197266,-0.00019519352645147592,0.0329597070813179,0.0329597070813179,1.0,-3.0,success
1403,-3.8465070724487305,2.932263135910034,-0.0001952584570972249,0.03291895240545273,0.03291895240545273,1.0,-3.0,success
1404,-3.845738410949707,2.932981014251709,-0.00019533208978828043,0.03286736086010933,0.03286735713481903,1.0,-3.0,success
1405,-3.8449697494506836,2.93369722366333,-0.00019541247456800193,0.03283178433775902,0.03283178433775902,1.0,-3.0,success
1406,-3.84420108795166,2.9344115257263184,-0.00019549824355635792,0.03279118239879608,0.03279118239879608,1.0,-3.0,success
1407,-3.8434324264526367,2.935123920440674,-0.00019558834901545197,0.03275063633918762,0.03275063633918762,1.0,-3.0,success
1408,-3.8426802158355713,2.935835361480713,-0.00019574300677049905,0.03235498070716858,0.03235498070716858,1.0,3.0,success
1409,-3.841928243637085,2.936548948287964,-0.0001957756612682715,0.03239569067955017,0.03239568695425987,1.0,3.0,success
1410,-3.8411502838134766,2.9372637271881104,-0.0001956829655682668,0.03301471099257469,0.03301470726728439,1.0,-3.0,success
1411,-3.840372323989868,2.937976598739624,-0.0001957311324076727,0.03297441452741623,0.03297441080212593,1.0,-3.0,success
1412,-3.839594602584839,2.938687562942505,-0.00019579644140321761,0.032928671687841415,0.032928671687841415,1.0,-3.0,success
1413,-3.8388168811798096,2.939396619796753,-0.00019587068527471274,0.03288848325610161,0.03288848325610161,1.0,-3.0,success
1414,-3.8380393981933594,2.940103769302368,-0.0001959518122021109,0.03284284472465515,0.03284284472465515,1.0,-3.0,success
1415,-3.8372621536254883,2.9408092498779297,-0.0001960384688572958,0.03280226141214371,0.03280225768685341,1.0,-3.0,success
1416,-3.836484670639038,2.9415125846862793,-0.00019612953474279493,0.03276275470852852,0.03276275098323822,1.0,-3.0,success
1417,-3.835707426071167,2.942214250564575,-0.00019622420950327069,0.03272225707769394,0.03272225707769394,1.0,-3.0,success
1418,-3.8349452018737793,2.9429149627685547,-0.0001963785180123523,0.03235519677400589,0.03235519677400589,1.0,3.0,success
1419,-3.8341832160949707,2.943617820739746,-0.0001964145922102034,0.0323951356112957,0.0323951356112957,1.0,3.0,success
1420,-3.833394765853882,2.944321870803833,-0.00019632218754850328,0.033032599836587906,0.033032599836587906,1.0,-3.0,success
1421,-3.832606315612793,2.945024013519287,-0.00019637338118627667,0.032992925494909286,0.032992925494909286,1.0,-3.0,success
1422,-3.831818103790283,2.9457242488861084,-0.00019644152780529112,0.03294774517416954,0.03294774517416954,1.0,-3.0,success
1423,-3.8310303688049316,2.9464223384857178,-0.00019651834736578166,0.032892096787691116,0.032892096787691116,1.0,-3.0,success
1424,-3.83024263381958,2.9471187591552734,-0.00019660186080727726,0.03285753354430199,0.03285752981901169,1.0,-3.0,success
1425,-3.8294551372528076,2.9478132724761963,-0.00019669074390549213,0.03281249478459358,0.03281249478459358,1.0,-3.0,success
1426,-3.828667640686035,2.9485061168670654,-0.00019678390526678413,0.032778020948171616,0.03277801722288132,1.0,-3.0,success
1427,-3.827880620956421,2.9491968154907227,-0.00019688055908773094,0.03272256255149841,0.03272256255149841,1.0,-3.0,success
1428,-3.827108383178711,2.9498865604400635,-0.00019703702128026634,0.03235694766044617,0.03235694766044617,1.0,3.0,success
1429,-3.82633638381958,2.950578451156616,-0.00019707354658748955,0.032396100461483,0.032396100461483,1.0,3.0,success
1430,-3.82553768157959,2.9512717723846436,-0.0001969794393517077,0.0330515019595623,0.0330515019595623,1.0,-3.0,success
1431,-3.8247389793395996,2.951962947845459,-0.0001970320736290887,0.03300758823752403,0.033007584512233734,1.0,-3.0,success
1432,-3.8239409923553467,2.9526522159576416,-0.0001971017336472869,0.03295169398188591,0.03295169398188591,1.0,-3.0,success
1433,-3.8231430053710938,2.9533395767211914,-0.0001971800666069612,0.03291276469826698,0.03291276469826698,1.0,-3.0,success
1434,-3.822345733642578,2.9540252685546875,-0.00019726509344764054,0.032861799001693726,0.032861799001693726,1.0,-3.0,success
1435,-3.8215487003326416,2.9547088146209717,-0.00019735547539312392,0.0328124575316906,0.0328124575316906,1.0,-3.0,success
1436,-3.820751905441284,2.955390453338623,-0.00019745013560168445,0.03276802599430084,0.032768022269010544,1.0,-3.0,success
1437,-3.819955348968506,2.9560701847076416,-0.00019754827371798456,0.03272364288568497,0.03272364288568497,1.0,-3.0,success
1438,-3.819173574447632,2.9567489624023438,-0.00019770456128753722,0.032354097813367844,0.032354097813367844,1.0,3.0,success
1439,-3.8183915615081787,2.957429885864258,-0.00019774115935433656,0.03240371495485306,0.03240371495485306,1.0,3.0,success
1440,-3.817582607269287,2.9581120014190674,-0.00019764546595979482,0.03306728973984718,0.03306728973984718,1.0,-3.0,success
1441,-3.8167741298675537,2.9587924480438232,-0.00019769958453252912,0.03302229568362236,0.03302229195833206,1.0,-3.0,success
1442,-3.8159663677215576,2.959470748901367,-0.00019777080160565674,0.03296203538775444,0.03296203166246414,1.0,-3.0,success
1443,-3.8151588439941406,2.960146903991699,-0.00019785066251643002,0.032913241535425186,0.032913241535425186,1.0,-3.0,success
1444,-3.814352035522461,2.9608213901519775,-0.00019793720275629312,0.03286263346672058,0.03286262974143028,1.0,-3.0,success
1445,-3.8135457038879395,2.961493968963623,-0.00019802905444521457,0.03281299024820328,0.03281299024820328,1.0,-3.0,success
1446,-3.812739849090576,2.9621644020080566,-0.00019812518439721316,0.032758623361587524,0.032758623361587524,1.0,-3.0,success
1447,-3.811934471130371,2.9628331661224365,-0.00019822476315312088,0.03271382302045822,0.03271382302045822,1.0,-3.0,success
1448,-3.811129570007324,2.9634997844696045,-0.0001983271649805829,0.03265954926609993,0.03265954926609993,1.0,-3.0,success
1449,-3.8103365898132324,2.964165449142456,-0.00019847748626489192,0.03235434368252754,0.03235434368252754,1.0,3.0,success
1450,-3.8095433712005615,2.9648334980010986,-0.0001985172275453806,0.03240799903869629,0.03240799903869629,1.0,3.0,success
1451,-3.808722734451294,2.9655027389526367,-0.0001984222326427698,0.03309149295091629,0.03309148922562599,1.0,-3.0,success
1452,-3.8079028129577637,2.966169834136963,-0.00019848014926537871,0.03303181380033493,0.03303181380033493,1.0,-3.0,success
1453,-3.8070836067199707,2.9668350219726562,-0.00019855480059050024,0.03297687694430351,0.03297687694430351,1.0,-3.0,success
1454,-3.806265115737915,2.967498302459717,-0.00019863774650730193,0.032921966165304184,0.032921962440013885,1.0,-3.0,success
1455,-3.8054473400115967,2.9681596755981445,-0.00019872706616297364,0.03286708891391754,0.03286708891391754,1.0,-3.0,success
1456,-3.804649829864502,2.9688198566436768,-0.00019889634859282523,0.03235335648059845,0.03235335648059845,1.0,3.0,success
1457,-3.80385160446167,2.969482183456421,-0.00019892127602361143,0.03241335228085518,0.03241335228085518,1.0,3.0,success
1458,-3.8030526638031006,2.970146894454956,-0.0001989144366234541,0.03247816115617752,0.03247816115617752,1.0,3.0,success
1459,-3.802229404449463,2.9708125591278076,-0.00019879404862876981,0.03308466449379921,0.03308466449379921,1.0,-3.0,success
1460,-3.8014068603515625,2.9714763164520264,-0.00019882481137756258,0.03302982449531555,0.03302982449531555,1.0,-3.0,success
1461,-3.8005855083465576,2.972137928009033,-0.00019887759117409587,0.03295873478055,0.03295873478055,1.0,-3.0,success
1462,-3.7997653484344482,2.9727976322174072,-0.00019894307479262352,0.032892338931560516,0.032892338931560516,1.0,-3.0,success
1463,-3.7989461421966553,2.9734554290771484,-0.00019901845371350646,0.032831769436597824,0.032831769436597824,1.0,-3.0,success
1464,-3.7981278896331787,2.9741110801696777,-0.00019910171977244318,0.032766569405794144,0.032766569405794144,1.0,-3.0,success
1465,-3.797325611114502,2.9747655391693115,-0.00019925028027500957,0.03235495463013649,0.03235495463013649,1.0,3.0,success
1466,-3.796522617340088,2.9754223823547363,-0.0001992719480767846,0.03241939842700958,0.03241939842700958,1.0,3.0,success
1467,-3.7956924438476562,2.9760804176330566,-0.00019916245946660638,0.03310433402657509,0.03310433402657509,1.0,-3.0,success
1468,-3.79486346244812,2.976736545562744,-0.00019921142666134983,0.033038120716810226,0.033038120716810226,1.0,-3.0,success
1469,-3.7940354347229004,2.9773905277252197,-0.00019927913672290742,0.03297315537929535,0.03297315537929535,1.0,-3.0,success
1470,-3.793208599090576,2.9780426025390625,-0.0001993566838791594,0.03290698677301407,0.03290698677301407,1.0,-3.0,success
1471,-3.7923829555511475,2.9786925315856934,-0.00019944182713516057,0.03283622860908508,0.032836224883794785,1.0,-3.0,success
1472,-3.791558265686035,2.9793405532836914,-0.00019953306764364243,0.03277595341205597,0.03277594968676567,1.0,-3.0,success
1473,-3.7907345294952393,2.9799866676330566,-0.00019962916849181056,0.032715704292058945,0.032715704292058945,1.0,-3.0,success
1474,-3.789924383163452,2.9806315898895264,-0.00019978063937742263,0.032359398901462555,0.032359395176172256,1.0,3.0,success
1475,-3.789113759994507,2.981278896331787,-0.00019981182413175702,0.03241749480366707,0.03241749107837677,1.0,3.0,success
1476,-3.7882754802703857,2.9819273948669434,-0.00019970806897617877,0.03312003239989281,0.03312003239989281,1.0,-3.0,success
1477,-3.787438154220581,2.9825737476348877,-0.0001997637009480968,0.03305545076727867,0.03305544704198837,1.0,-3.0,success
1478,-3.786602258682251,2.983218193054199,-0.00019983701349701732,0.032983649522066116,0.03298364579677582,1.0,-3.0,success
1479,-3.7857673168182373,2.983860731124878,-0.0001999192900257185,0.03292366489768028,0.032923661172389984,1.0,-3.0,success
1480,-3.784954309463501,2.984501838684082,-0.0002000902168219909,0.03235544264316559,0.03235544264316559,1.0,3.0,success
1481,-3.7841403484344482,2.985145330429077,-0.0002001068787649274,0.03242500498890877,0.03242500498890877,1.0,3.0,success
1482,-3.783298969268799,2.985790252685547,-0.00019999047799501568,0.033128589391708374,0.033128589391708374,1.0,-3.0,success
1483,-3.782459020614624,2.9864330291748047,-0.00020003669487778097,0.03305232897400856,0.03305232897400856,1.0,-3.0,success
1484,-3.7816202640533447,2.9870736598968506,-0.00020010254229418933,0.032982006669044495,0.032982006669044495,1.0,-3.0,success
1485,-3.780782461166382,2.9877123832702637,-0.00020017888164147735,0.032922156155109406,0.03292215242981911,1.0,-3.0,success
1486,-3.779968023300171,2.988349676132202,-0.00019601007807068527,0.03231722116470337,0.03231695666909218,1.0,3.0,success
1487,-3.7791547775268555,2.9889893531799316,-0.0001966728741535917,0.03233364596962929,0.03233363851904869,1.0,3.0,success
1488,-3.7783169746398926,2.9896352291107178,-0.00019727674953173846,0.033058151602745056,0.03305814787745476,1.0,-3.0,success
1489,-3.7774789333343506,2.990274429321289,-0.00019791992963291705,0.032937124371528625,0.03293711692094803,1.0,-3.0,success
1490,-3.776642322540283,2.9909114837646484,-0.00019845692440867424,0.03286091983318329,0.03286091610789299,1.0,-3.0,success
1491,-3.7758071422576904,2.991546392440796,-0.00019890985277015716,0.03278473764657974,0.03278473764657974,1.0,-3.0,success
1492,-3.7749884128570557,2.992180109024048,-0.0001993574551306665,0.03235415741801262,0.03235415741801262,1.0,3.0,success
1493,-3.7741549015045166,2.9928274154663086,-0.00019952160073444247,0.032979436218738556,0.032979436218738556,1.0,-3.0,success
1494,-3.773318290710449,2.9934606552124023,-0.00019979503122158349,0.03278883174061775,0.03278883174061775,1.0,-3.0,success
1495,-3.7724831104278564,2.9940919876098633,-0.00020002483506686985,0.03271722048521042,0.03271722048521042,1.0,-3.0,success
1496,-3.771649122238159,2.994720935821533,-0.0002002316468860954,0.03264259546995163,0.03264259546995163,1.0,-3.0,success
1497,-3.7708163261413574,2.9953482151031494,-0.0002004204725380987,0.03258145600557327,0.03258145600557327,1.0,-3.0,success
1498,-3.769991397857666,2.99597430229187,-0.000200625931029208,0.03236286714673042,0.03236286714673042,1.0,3.0,success
1499,-3.7691657543182373,2.9966025352478027,-0.0002007182192755863,0.032421234995126724,0.032421234995126724,1.0,3.0,success
1500,-3.7683277130126953,2.997244119644165,-0.00020068473531864583,0.03298235312104225,0.03298235312104225,1.0,-3.0,success
1501,-3.767486810684204,2.9978718757629395,-0.00020079281239304692,0.0327930673956871,0.0327930673956871,1.0,-3.0,success
1502,-3.7666468620300293,2.998497486114502,-0.00020089092140551656,0.03272908926010132,0.03272908926010132,1.0,-3.0,success
1503,-3.7658092975616455,2.999124765396118,-0.0002009872259804979,0.03270060569047928,0.03270060569047928,1.0,-3.0,success
1504,-3.76496958732605,2.9997549057006836,-0.00020106691226828843,0.032807886600494385,0.032807882875204086,1.0,-3.0,success
1505,-3.7641239166259766,3.0003867149353027,-0.00020114151993766427,0.03298824653029442,0.03298824280500412,1.0,-3.0,success
1506,-3.763293504714966,3.0010054111480713,-0.00020134936494287103,0.03236101195216179,0.03236101195216179,1.0,3.0,success
1507,-3.7624623775482178,3.001626491546631,-0.00020138794207014143,0.032423485070466995,0.032423485070466995,1.0,3.0,success
1508,-3.7616188526153564,3.002260684967041,-0.0002013087214436382,0.032979268580675125,0.032979268580675125,1.0,-3.0,success
1509,-3.7607738971710205,3.0028932094573975,-0.00020135285740252584,0.03298373147845268,0.03298373147845268,1.0,-3.0,success
1510,-3.759927272796631,3.003523588180542,-0.00020141384447924793,0.03298541158437729,0.03298540785908699,1.0,-3.0,success
1511,-3.7590794563293457,3.004152297973633,-0.00020148465409874916,0.03298420086503029,0.03298420086503029,1.0,-3.0,success
1512,-3.758229970932007,3.004779100418091,-0.00020156313257757574,0.03299068659543991,0.03299068659543991,1.0,-3.0,success
1513,-3.7573792934417725,3.005403995513916,-0.00020164776651654392,0.032985348254442215,0.032985348254442215,1.0,-3.0,success
1514,-3.7565271854400635,3.0060269832611084,-0.0002017373190028593,0.032986175268888474,0.032986171543598175,1.0,-3.0,success
1515,-3.75567364692688,3.006648063659668,-0.00020183082961011678,0.032987166196107864,0.032987162470817566,1.0,-3.0,success
1516,-3.754835844039917,3.007256507873535,-0.00020202784799039364,0.03235722705721855,0.03235722705721855,1.0,3.0,success
1517,-3.7539825439453125,3.007878065109253,-0.0002019657549681142,0.03298991173505783,0.03298991173505783,1.0,-3.0,success
1518,-3.7531280517578125,3.008497714996338,-0.00020202853193040937,0.032985005527734756,0.03298500180244446,1.0,-3.0,success
1519,-3.752272367477417,3.00911545753479,-0.00020210476941429079,0.03298024460673332,0.03298024460673332,1.0,-3.0,success
1520,-3.7514150142669678,3.0097315311431885,-0.00020218796271365136,0.03299208730459213,0.03299208730459213,1.0,-3.0,success
1521,-3.750556468963623,3.010345458984375,-0.00020227655477356166,0.03298329561948776,0.03298329561948776,1.0,-3.0,success
1522,-3.7496964931488037,3.010957717895508,-0.00020236943964846432,0.032989393919706345,0.032989393919706345,1.0,-3.0,success
1523,-3.748852252960205,3.0115573406219482,-0.00020256609423086047,0.03235980495810509,0.03235980495810509,1.0,3.0,success
1524,-3.747992515563965,3.01216983795166,-0.00020250360830686986,0.032987646758556366,0.03298764303326607,1.0,-3.0,success
1525,-3.747131586074829,3.0127806663513184,-0.00020256619609426707,0.03298778831958771,0.03298778459429741,1.0,-3.0,success
1526,-3.7462692260742188,3.0133893489837646,-0.0002026424481300637,0.03298554569482803,0.03298554569482803,1.0,-3.0,success
1527,-3.745405673980713,3.0139963626861572,-0.0002027258015004918,0.03298596665263176,0.03298596665263176,1.0,-3.0,success
1528,-3.7445406913757324,3.014601469039917,-0.00020281468459870666,0.03298834711313248,0.03298834711313248,1.0,-3.0,success
1529,-3.7436742782592773,3.015204429626465,-0.00020290797692723572,0.03298663720488548,0.03298663720488548,1.0,-3.0,success
1530,-3.7428066730499268,3.015805721282959,-0.0002030048199230805,0.03298748657107353,0.032987482845783234,1.0,-3.0,success
1531,-3.7419376373291016,3.0164051055908203,-0.00020310452964622527,0.032990362495183945,0.032990358769893646,1.0,-3.0,success
1532,-3.741084575653076,3.0169920921325684,-0.00020330667030066252,0.03235948085784912,0.03235948085784912,1.0,3.0,success
1533,-3.7402312755584717,3.0175814628601074,-0.0002033415948972106,0.03240790590643883,0.03240790218114853,1.0,3.0,success
1534,-3.7393643856048584,3.018183708190918,-0.00020325419609434903,0.0329861119389534,0.0329861119389534,1.0,-3.0,success
1535,-3.7384960651397705,3.0187838077545166,-0.0002032944466918707,0.0329846628010273,0.0329846628010273,1.0,-3.0,success
1536,-3.737626314163208,3.0193819999694824,-0.0002033529890468344,0.03298763558268547,0.03298763558268547,1.0,-3.0,success
1537,-3.736755132675171,3.0199782848358154,-0.00020342243078630418,0.032990776002407074,0.032990776002407074,1.0,-3.0,success
1538,-3.7358827590942383,3.0205726623535156,-0.00020350038539618254,0.03298792615532875,0.03298792615532875,1.0,-3.0,success
1539,-3.73500919342041,3.021165132522583,-0.000203585164854303,0.032985229045152664,0.032985225319862366,1.0,-3.0,success
1540,-3.7341341972351074,3.0217556953430176,-0.00020367541583254933,0.03298885375261307,0.03298885375261307,1.0,-3.0,success
1541,-3.733258008956909,3.0223443508148193,-0.0002037700469372794,0.03298645839095116,0.03298645839095116,1.0,-3.0,success
1542,-3.7323803901672363,3.0229310989379883,-0.00020386821415740997,0.032990407198667526,0.032990407198667526,1.0,-3.0,success
1543,-3.731501579284668,3.0235159397125244,-0.0002039692335529253,0.032988328486680984,0.032988324761390686,1.0,-3.0,success
1544,-3.730621337890625,3.0240988731384277,-0.00020407256670296192,0.03299260511994362,0.03299260139465332,1.0,-3.0,success
1545,-3.7297401428222656,3.0246798992156982,-0.00020417774794623256,0.03298460692167282,0.03298460692167282,1.0,-3.0,success
1546,-3.7288575172424316,3.025259017944336,-0.0002042844716925174,0.032989200204610825,0.032989200204610825,1.0,-3.0,success
1547,-3.727973699569702,3.025836229324341,-0.00020439243235159665,0.032987724989652634,0.032987724989652634,1.0,-3.0,success
1548,-3.727088451385498,3.026411533355713,-0.0002045014116447419,0.0329926460981369,0.0329926460981369,1.0,-3.0,success
1549,-3.7262022495269775,3.026984930038452,-0.0002046112495008856,0.03298522159457207,0.03298522159457207,1.0,-3.0,success
1550,-3.7253146171569824,3.0275566577911377,-0.00020472178584896028,0.03299449011683464,0.03299449011683464,1.0,-3.0,success
1551,-3.724425792694092,3.0281262397766113,-0.00020483291882555932,0.03298959136009216,0.032989587634801865,1.0,-3.0,success
1552,-3.72355318069458,3.02868390083313,-0.00020504438725765795,0.03236205130815506,0.03236204758286476,1.0,3.0,success
1553,-3.7226648330688477,3.0292539596557617,-0.00020499365928117186,0.03298509120941162,0.03298508748412132,1.0,-3.0,success
1554,-3.7217750549316406,3.02982234954834,-0.00020506608416326344,0.03299461305141449,0.03299461305141449,1.0,-3.0,success
1555,-3.720884323120117,3.030388593673706,-0.0002051509072771296,0.03298371285200119,0.03298371285200119,1.0,-3.0,success
1556,-3.71999192237854,3.0309526920318604,-0.00020524184219539165,0.032991860061883926,0.032991860061883926,1.0,-3.0,success
1557,-3.7190985679626465,3.031515121459961,-0.00020533746283035725,0.03298923745751381,0.03298923745751381,1.0,-3.0,success
1558,-3.7182040214538574,3.0320756435394287,-0.000205436852411367,0.03298908472061157,0.032989080995321274,1.0,-3.0,success
1559,-3.7173080444335938,3.0326340198516846,-0.00020553928334265947,0.03299146145582199,0.03299146145582199,1.0,-3.0,success
1560,-3.716428756713867,3.0331807136535645,-0.00020574417430907488,0.032355763018131256,0.032355763018131256,1.0,3.0,success
1561,-3.7155494689941406,3.0337300300598145,-0.00020578310068231076,0.03239911049604416,0.03239911049604416,1.0,3.0,success
1562,-3.7146553993225098,3.0342912673950195,-0.000205693650059402,0.03298833593726158,0.03298833593726158,1.0,-3.0,success
1563,-3.7137601375579834,3.034850597381592,-0.00020573489018715918,0.03298827260732651,0.03298827260732651,1.0,-3.0,success
1564,-3.7128636837005615,3.035407781600952,-0.0002057950187008828,0.032984428107738495,0.032984424382448196,1.0,-3.0,success
1565,-3.711965799331665,3.0359630584716797,-0.0002058663812931627,0.032991014420986176,0.032991014420986176,1.0,-3.0,success
1566,-3.711066722869873,3.0365164279937744,-0.000205946562346071,0.03299142047762871,0.03299142047762871,1.0,-3.0,success
1567,-3.7101664543151855,3.0370676517486572,-0.00020603378652594984,0.032988086342811584,0.032988086342811584,1.0,-3.0,success
1568,-3.7092649936676025,3.0376169681549072,-0.00020612665684893727,0.032988809049129486,0.032988809049129486,1.0,-3.0,success
1569,-3.708362340927124,3.0381643772125244,-0.00020622406736947596,0.03298967704176903,0.03298967704176903,1.0,-3.0,success
1570,-3.70745849609375,3.038709878921509,-0.00020632511586882174,0.032990701496601105,0.032990697771310806,1.0,-3.0,success
1571,-3.7065534591674805,3.0392532348632812,-0.00020642908930312842,0.032988034188747406,0.032988034188747406,1.0,-3.0,success
1572,-3.7056472301483154,3.039794921875,-0.00020653544925153255,0.03299318999052048,0.03299318999052048,1.0,-3.0,success
1573,-3.704739809036255,3.040334463119507,-0.00020664373005274683,0.03299085423350334,0.03299085050821304,1.0,-3.0,success
1574,-3.703831195831299,3.0408718585968018,-0.00020675355335697532,0.032988693565130234,0.032988689839839935,1.0,-3.0,success
1575,-3.7029216289520264,3.041407585144043,-0.00020686467178165913,0.032987844198942184,0.032987844198942184,1.0,-3.0,success
1576,-3.7020106315612793,3.0419414043426514,-0.00020697682339232415,0.032996196299791336,0.032996196299791336,1.0,-3.0,success
1577,-3.701098680496216,3.042473077774048,-0.00020708984811790287,0.03298809006810188,0.03298809006810188,1.0,-3.0,success
1578,-3.700185537338257,3.0430028438568115,-0.0002072035858873278,0.03299032896757126,0.03299032896757126,1.0,-3.0,success
1579,-3.6992712020874023,3.0435307025909424,-0.00020731792028527707,0.03299271687865257,0.03299271687865257,1.0,-3.0,success
1580,-3.6983556747436523,3.0440564155578613,-0.00020743276400025934,0.03299153968691826,0.03299153968691826,1.0,-3.0,success
1581,-3.697439193725586,3.0445804595947266,-0.00020754804427269846,0.03299146890640259,0.03299146890640259,1.0,-3.0,success
1582,-3.696521520614624,3.04510235786438,-0.00020766370289493352,0.03299061208963394,0.03299061208963394,1.0,-3.0,success
1583,-3.6956028938293457,3.0456223487854004,-0.0002077796816593036,0.03298712149262428,0.03298712149262428,1.0,-3.0,success
1584,-3.6946828365325928,3.046140432357788,-0.00020789595146197826,0.03299674391746521,0.03299674391746521,1.0,-3.0,success
1585,-3.6937618255615234,3.046656370162964,-0.00020801248319912702,0.03298989310860634,0.03298988938331604,1.0,-3.0,success
1586,-3.6928398609161377,3.047170400619507,-0.00020812924776691943,0.032986830919981,0.032986830919981,1.0,-3.0,success
1587,-3.6919164657592773,3.047682523727417,-0.00020824623061344028,0.03299693018198013,0.03299693018198013,1.0,-3.0,success
1588,-3.6909923553466797,3.0481927394866943,-0.0002083634171867743,0.032987628132104874,0.032987628132104874,1.0,-3.0,success
1589,-3.6900668144226074,3.0487008094787598,-0.00020848079293500632,0.03299444913864136,0.03299444913864136,1.0,-3.0,success
1590,-3.6891403198242188,3.0492069721221924,-0.00020859832875430584,0.032991960644721985,0.032991956919431686,1.0,-3.0,success
1591,-3.6882128715515137,3.049711227416992,-0.00020871605374850333,0.03298960626125336,0.03298960626125336,1.0,-3.0,success
1592,-3.687284231185913,3.05021333694458,-0.0002088339242618531,0.03299039602279663,0.03299039229750633,1.0,-3.0,success
1593,-3.686354398727417,3.050713539123535,-0.00020895195484627038,0.032994888722896576,0.032994888722896576,1.0,-3.0,success
1594,-3.6854236125946045,3.0512118339538574,-0.00020907014550175518,0.03299296274781227,0.03299296274781227,1.0,-3.0,success
1595,-3.6844918727874756,3.0517079830169678,-0.00020918848167639226,0.03298766911029816,0.03298766911029816,1.0,-3.0,success
1596,-3.683558940887451,3.0522022247314453,-0.00020930696337018162,0.03299260884523392,0.03299260884523392,1.0,-3.0,success
1597,-3.6826248168945312,3.05269455909729,-0.00020942559058312327,0.032997701317071915,0.032997701317071915,1.0,-3.0,success
1598,-3.681689977645874,3.053184747695923,-0.0002095443633152172,0.03298628330230713,0.03298628330230713,1.0,-3.0,success
1599,-3.680753707885742,3.053673028945923,-0.00020966326701454818,0.032998278737068176,0.03299827501177788,1.0,-3.0,success
1600,-3.679816722869873,3.054159164428711,-0.00020978230168111622,0.032987162470817566,0.03298715874552727,1.0,-3.0,success
1601,-3.6788785457611084,3.054643392562866,-0.00020990148186683655,0.032992854714393616,0.032992854714393616,1.0,-3.0,success
1602,-3.6779394149780273,3.0551257133483887,-0.00021002080757170916,0.03299206867814064,0.03299206867814064,1.0,-3.0,success
1603,-3.676999092102051,3.055605888366699,-0.0002101402496919036,0.03299465775489807,0.03299465775489807,1.0,-3.0,success
1604,-3.676057815551758,3.056084156036377,-0.0002102598373312503,0.03299415856599808,0.03299415856599808,1.0,-3.0,success
1605,-3.6751155853271484,3.0565602779388428,-0.00021037955593783408,0.032990437000989914,0.032990433275699615,1.0,-3.0,success
1606,-3.6741724014282227,3.057034492492676,-0.00021049939095973969,0.0329902246594429,0.0329902209341526,1.0,-3.0,success
1607,-3.6732280254364014,3.057506561279297,-0.00021061937150079757,0.03299347311258316,0.03299347311258316,1.0,-3.0,success
1608,-3.6722826957702637,3.057976722717285,-0.0002107394830090925,0.03299354761838913,0.03299354389309883,1.0,-3.0,success
1609,-3.6713547706604004,3.058436870574951,-0.00021095902775414288,0.03236722946166992,0.03236722946166992,1.0,3.0,success
1610,-3.670426845550537,3.058899402618408,-0.0002110092027578503,0.032400403171777725,0.032400403171777725,1.0,3.0,success
1611,-3.669483184814453,3.059372663497925,-0.0002109275374095887,0.032990165054798126,0.03299016132950783,1.0,-3.0,success
1612,-3.6685383319854736,3.0598437786102295,-0.00021097589342389256,0.03299349546432495,0.03299349173903465,1.0,-3.0,success
1613,-3.6675925254821777,3.0603127479553223,-0.00021104291954543442,0.03299032151699066,0.03299032151699066,1.0,-3.0,success
1614,-3.6666455268859863,3.060779571533203,-0.0002111210342263803,0.032993998378515244,0.032993998378515244,1.0,-3.0,success
1615,-3.6656975746154785,3.061244249343872,-0.00021120782184880227,0.03299116715788841,0.032991163432598114,1.0,-3.0,success
1616,-3.6647486686706543,3.061707019805908,-0.00021130155073478818,0.03299175575375557,0.03299175575375557,1.0,-3.0,success
1617,-3.6637985706329346,3.0621674060821533,-0.00021140085300430655,0.032992687076330185,0.032992687076330185,1.0,-3.0,success
1618,-3.6628477573394775,3.0626261234283447,-0.00021150459360796958,0.03299010545015335,0.03299010545015335,1.0,-3.0,success
1619,-3.661895751953125,3.063082456588745,-0.00021161194308660924,0.03299139067530632,0.03299138695001602,1.0,-3.0,success
1620,-3.660942792892456,3.0635368824005127,-0.0002117221592925489,0.032992567867040634,0.032992567867040634,1.0,-3.0,success
1621,-3.6599886417388916,3.0639891624450684,-0.00021183470380492508,0.03299741819500923,0.03299741819500923,1.0,-3.0,success
1622,-3.65903377532959,3.064439535140991,-0.00021194912551436573,0.03299214690923691,0.03299214690923691,1.0,-3.0,success
1623,-3.6580779552459717,3.064887762069702,-0.00021206507517490536,0.032990578562021255,0.03299057483673096,1.0,-3.0,success
1624,-3.657120943069458,3.065333843231201,-0.0002121822617482394,0.03299592435359955,0.03299592435359955,1.0,-3.0,success
1625,-3.656163215637207,3.0657780170440674,-0.00021230046695563942,0.032991062849760056,0.032991062849760056,1.0,-3.0,success
1626,-3.6552228927612305,3.0662126541137695,-0.00021251874568406492,0.03237229213118553,0.03237229213118553,1.0,3.0,success
1627,-3.654282569885254,3.066649913787842,-0.0002125661849277094,0.0324067659676075,0.0324067659676075,1.0,3.0,success
1628,-3.6533262729644775,3.0670969486236572,-0.00021248498524073511,0.032988276332616806,0.032988276332616806,1.0,-3.0,success
1629,-3.6523687839508057,3.06754207611084,-0.00021253255545161664,0.03299685940146446,0.032996855676174164,1.0,-3.0,success
1630,-3.6514105796813965,3.0679850578308105,-0.00021259918867144734,0.032988931983709335,0.032988931983709335,1.0,-3.0,success
1631,-3.6504697799682617,3.068418264389038,-0.00021277772611938417,0.03236709535121918,0.03236709162592888,1.0,3.0,success
1632,-3.6495285034179688,3.068854331970215,-0.00021279160864651203,0.032418109476566315,0.032418109476566315,1.0,3.0,success
1633,-3.648571491241455,3.0692999362945557,-0.00021268510317895561,0.032989632338285446,0.03298962861299515,1.0,-3.0,success
1634,-3.647613525390625,3.0697436332702637,-0.00021271166042424738,0.03299155831336975,0.03299155458807945,1.0,-3.0,success
1635,-3.6466546058654785,3.0701851844787598,-0.000212761529837735,0.03299050033092499,0.03299050033092499,1.0,-3.0,success
1636,-3.6456944942474365,3.070624351501465,-0.00021282628586050123,0.03299327939748764,0.03299327939748764,1.0,-3.0,success
1637,-3.644733428955078,3.071061372756958,-0.0002129027561750263,0.03299257159233093,0.03299257159233093,1.0,-3.0,success
1638,-3.6437714099884033,3.0714964866638184,-0.0002129885833710432,0.03299509361386299,0.03299509361386299,1.0,-3.0,success
1639,-3.642808437347412,3.071929454803467,-0.00021308190480340272,0.032994698733091354,0.032994695007801056,1.0,-3.0,success
1640,-3.6418445110321045,3.072360038757324,-0.00021318122162483633,0.032991424202919006,0.03299142047762871,1.0,-3.0,success
1641,-3.6408984661102295,3.072781562805176,-0.00021338500664569438,0.03236576169729233,0.03236576169729233,1.0,3.0,success
1642,-3.639951467514038,3.0732057094573975,-0.00021341860701795667,0.03242639824748039,0.03242639824748039,1.0,3.0,success
1643,-3.6390039920806885,3.07363224029541,-0.00021341440151445568,0.03247051313519478,0.03247050940990448,1.0,3.0,success
1644,-3.638042688369751,3.074068546295166,-0.00021330600429791957,0.03299010917544365,0.03299010917544365,1.0,-3.0,success
1645,-3.637080430984497,3.074502468109131,-0.000213323364732787,0.03298655152320862,0.03298655152320862,1.0,-3.0,success
1646,-3.6361169815063477,3.074934482574463,-0.00021336566715035588,0.03299608454108238,0.032996080815792084,1.0,-3.0,success
1647,-3.635152578353882,3.075364112854004,-0.0002134244714397937,0.0329928882420063,0.0329928882420063,1.0,-3.0,success
1648,-3.6341872215270996,3.075791597366333,-0.00021349631424527615,0.032992906868457794,0.032992906868457794,1.0,-3.0,success
1649,-3.633220911026001,3.07621693611145,-0.00021357854711823165,0.03299308940768242,0.03299308568239212,1.0,-3.0,success
1650,-3.632253885269165,3.0766403675079346,-0.00021366910368669778,0.03298959508538246,0.03298959508538246,1.0,-3.0,success
1651,-3.6312856674194336,3.077061414718628,-0.0002137663250323385,0.03299394249916077,0.03299393877387047,1.0,-3.0,success
1652,-3.6303353309631348,3.0774734020233154,-0.00021396855299826711,0.03236861526966095,0.03236861526966095,1.0,3.0,success
1653,-3.6293673515319824,3.077894926071167,-0.000213909093872644,0.032993052154779434,0.032993052154779434,1.0,-3.0,success
1654,-3.6283984184265137,3.0783145427703857,-0.00021397594537120312,0.03299664705991745,0.03299664705991745,1.0,-3.0,success
1655,-3.6274287700653076,3.0787317752838135,-0.00021405829465948045,0.03298763930797577,0.03298763930797577,1.0,-3.0,success
1656,-3.626457929611206,3.0791468620300293,-0.00021414922957774252,0.03299544379115105,0.03299544379115105,1.0,-3.0,success
1657,-3.625486373901367,3.0795600414276123,-0.00021424685837700963,0.03299262374639511,0.03299262374639511,1.0,-3.0,success
1658,-3.624513626098633,3.0799708366394043,-0.00021434982772916555,0.03299785405397415,0.03299785405397415,1.0,-3.0,success
1659,-3.6235404014587402,3.0803797245025635,-0.00021445707534439862,0.032988447695970535,0.032988447695970535,1.0,-3.0,success
1660,-3.622565984725952,3.0807864665985107,-0.0002145677717635408,0.03299690783023834,0.03299690783023834,1.0,-3.0,success
1661,-3.6215908527374268,3.081191062927246,-0.00021468123304657638,0.03299178183078766,0.03299177810549736,1.0,-3.0,success
1662,-3.620614767074585,3.0815935134887695,-0.00021479693532455713,0.03299368917942047,0.03299368917942047,1.0,-3.0,success
1663,-3.619656562805176,3.081987142562866,-0.0002150135114789009,0.03237203136086464,0.03237203136086464,1.0,3.0,success
1664,-3.618680715560913,3.082390308380127,-0.0002149662032024935,0.03299533203244209,0.03299533203244209,1.0,-3.0,success
1665,-3.617703914642334,3.0827910900115967,-0.00021504265896510333,0.03299452364444733,0.03299451991915703,1.0,-3.0,success
1666,-3.6167263984680176,3.0831899642944336,-0.00021513283718377352,0.032992638647556305,0.032992634922266006,1.0,-3.0,success
1667,-3.6157479286193848,3.0835864543914795,-0.00021523023315239698,0.032992180436849594,0.032992180436849594,1.0,-3.0,success
1668,-3.6147685050964355,3.0839810371398926,-0.00021533318795263767,0.032997485250234604,0.032997481524944305,1.0,-3.0,success
1669,-3.613788366317749,3.0843732357025146,-0.00021544061019085348,0.032990463078022,0.032990463078022,1.0,-3.0,success
1670,-3.612807273864746,3.084763526916504,-0.00021555159764830023,0.032996054738759995,0.032996054738759995,1.0,-3.0,success
1671,-3.6118252277374268,3.0851516723632812,-0.00021566548093687743,0.03299904242157936,0.03299904242157936,1.0,-3.0,success
1672,-3.61084246635437,3.0855374336242676,-0.0002157816634280607,0.032992538064718246,0.032992538064718246,1.0,-3.0,success
1673,-3.609858989715576,3.085921287536621,-0.00021589972311630845,0.03299162536859512,0.03299162536859512,1.0,-3.0,success
1674,-3.608874559402466,3.086303234100342,-0.00021601929620373994,0.03299777954816818,0.03299777954816818,1.0,-3.0,success
1675,-3.607889413833618,3.0866827964782715,-0.00021614010620396584,0.032991763204336166,0.032991763204336166,1.0,-3.0,success
1676,-3.606903314590454,3.0870602130889893,-0.00021626190573442727,0.032995544373989105,0.03299554064869881,1.0,-3.0,success
1677,-3.6059165000915527,3.087435722351074,-0.0002163845201721415,0.03299517557024956,0.03299517557024956,1.0,-3.0,success
1678,-3.604928731918335,3.0878090858459473,-0.00021650781854987144,0.03299925848841667,0.03299925848841667,1.0,-3.0,success
1679,-3.60394024848938,3.0881800651550293,-0.00021663166990038007,0.032993920147418976,0.032993920147418976,1.0,-3.0,success
1680,-3.6029510498046875,3.0885491371154785,-0.000216755986912176,0.03299396485090256,0.03299396485090256,1.0,-3.0,success
1681,-3.601961135864258,3.088916063308716,-0.0002168806822737679,0.03299153968691826,0.03299153968691826,1.0,-3.0,success
1682,-3.6009891033172607,3.0892748832702637,-0.00021710431610699743,0.03237956762313843,0.03237956762313843,1.0,3.0,success
1683,-3.6000168323516846,3.0896363258361816,-0.00021715548064094037,0.03241502493619919,0.03241502493619919,1.0,3.0,success
1684,-3.5990281105041504,3.0900065898895264,-0.0002170777297578752,0.032993048429489136,0.03299304470419884,1.0,-3.0,success
1685,-3.5980384349823,3.09037446975708,-0.0002171279047615826,0.03299492597579956,0.03299492225050926,1.0,-3.0,success
1686,-3.597048044204712,3.090740203857422,-0.00021719737560488284,0.032992586493492126,0.032992586493492126,1.0,-3.0,success
1687,-3.5960566997528076,3.0911035537719727,-0.00021727854618802667,0.0329948328435421,0.0329948328435421,1.0,-3.0,success
1688,-3.595064640045166,3.0914649963378906,-0.00021736888447776437,0.03299536928534508,0.03299536928534508,1.0,-3.0,success
1689,-3.594071626663208,3.0918240547180176,-0.00021746655693277717,0.03299796208739281,0.03299796208739281,1.0,-3.0,success
1690,-3.593078136444092,3.0921809673309326,-0.000217570093809627,0.032989244908094406,0.032989244908094406,1.0,-3.0,success
1691,-3.592083692550659,3.0925357341766357,-0.0002176783309550956,0.03299470245838165,0.03299470245838165,1.0,-3.0,success
1692,-3.59108829498291,3.092888355255127,-0.00021779033704660833,0.03300032392144203,0.03300032392144203,1.0,-3.0,success
1693,-3.590092420578003,3.0932388305664062,-0.00021790536993648857,0.03299204632639885,0.03299204632639885,1.0,-3.0,success
1694,-3.5890955924987793,3.0935871601104736,-0.00021802284754812717,0.0329979844391346,0.0329979807138443,1.0,-3.0,success
1695,-3.5880982875823975,3.093933343887329,-0.00021814227511640638,0.032989997416734695,0.032989997416734695,1.0,-3.0,success
1696,-3.587100028991699,3.0942773818969727,-0.00021826328884344548,0.032996244728565216,0.032996244728565216,1.0,-3.0,success
1697,-3.5861010551452637,3.0946192741394043,-0.0002183855976909399,0.03299560397863388,0.03299560397863388,1.0,-3.0,success
1698,-3.585101366043091,3.094959020614624,-0.00021850893972441554,0.03299511596560478,0.032995112240314484,1.0,-3.0,success
1699,-3.5841007232666016,3.095296621322632,-0.00021863314032088965,0.03300183638930321,0.03300183638930321,1.0,-3.0,success
1700,-3.583099603652954,3.0956320762634277,-0.00021875803940929472,0.0329945906996727,0.0329945906996727,1.0,-3.0,success
1701,-3.5820977687835693,3.0959653854370117,-0.0002188835060223937,0.03299455717206001,0.03299455717206001,1.0,-3.0,success
1702,-3.5810952186584473,3.096296548843384,-0.00021900943829678,0.03299466893076897,0.03299466893076897,1.0,-3.0,success
1703,-3.580091953277588,3.096625566482544,-0.0002191357925767079,0.032994937151670456,0.032994937151670456,1.0,-3.0,success
1704,-3.579087972640991,3.096952438354492,-0.00021926246699877083,0.03299535810947418,0.03299535810947418,1.0,-3.0,success
1705,-3.5780832767486572,3.0972771644592285,-0.00021938943245913833,0.03299592807888985,0.03299592807888985,1.0,-3.0,success
1706,-3.577077865600586,3.097599744796753,-0.0002195166307501495,0.03299664705991745,0.03299664705991745,1.0,-3.0,success
1707,-3.5760717391967773,3.0979201793670654,-0.0002196440618718043,0.03299752250313759,0.03299752250313759,1.0,-3.0,success
1708,-3.5750648975372314,3.098238468170166,-0.00021977166761644185,0.032998546957969666,0.03299854323267937,1.0,-3.0,success
1709,-3.5740575790405273,3.0985546112060547,-0.0002198994334321469,0.032992612570524216,0.032992612570524216,1.0,-3.0,success
1710,-3.573049545288086,3.0988686084747314,-0.00022002735931891948,0.03299393877387047,0.03299393504858017,1.0,-3.0,success
1711,-3.572040557861328,3.0991804599761963,-0.00022015543072484434,0.03300252556800842,0.03300252556800842,1.0,-3.0,success
1712,-3.571031332015991,3.099490165710449,-0.00022028361854609102,0.03298991173505783,0.03298991173505783,1.0,-3.0,success
1713,-3.570021152496338,3.099797487258911,-0.00022041192278265953,0.03299663960933685,0.03299663960933685,1.0,-3.0,success
1714,-3.5690102577209473,3.1001029014587402,-0.00022054034343454987,0.03300074115395546,0.03300073742866516,1.0,-3.0,success
1715,-3.5679988861083984,3.1004061698913574,-0.00022066885139793158,0.03299568220973015,0.03299568220973015,1.0,-3.0,success
1716,-3.5669867992401123,3.1007070541381836,-0.0002207974757766351,0.03299578279256821,0.03299578279256821,1.0,-3.0,success
1717,-3.565993309020996,3.101001262664795,-0.00022102418006397784,0.03237930312752724,0.03237930312752724,1.0,3.0,success
1718,-3.564981460571289,3.1013028621673584,-0.0002209861995652318,0.03299502283334732,0.03299501910805702,1.0,-3.0,success
1719,-3.5639688968658447,3.101602077484131,-0.0002210699749412015,0.03299525007605553,0.03299524635076523,1.0,-3.0,success
1720,-3.562955617904663,3.1018993854522705,-0.00022116683248896152,0.032999858260154724,0.032999854534864426,1.0,-3.0,success
1721,-3.5619418621063232,3.102194309234619,-0.0002212704421253875,0.03299326449632645,0.03299326077103615,1.0,-3.0,success
1722,-3.560927391052246,3.102487087249756,-0.00022137923224363476,0.03299606963992119,0.03299606963992119,1.0,-3.0,success
1723,-3.5599122047424316,3.1027774810791016,-0.00022149219876155257,0.032996974885463715,0.032996974885463715,1.0,-3.0,success
1724,-3.558896541595459,3.1030657291412354,-0.00022160848311614245,0.03299293294548988,0.03299293294548988,1.0,-3.0,success
1725,-3.557880163192749,3.1033518314361572,-0.00022172745957504958,0.03299620375037193,0.03299620375037193,1.0,-3.0,success
1726,-3.5568630695343018,3.103635787963867,-0.00022184857516549528,0.03299962729215622,0.03299962356686592,1.0,-3.0,success
1727,-3.5558454990386963,3.1039175987243652,-0.00022197142243385315,0.03299601748585701,0.03299601748585701,1.0,-3.0,success
1728,-3.5548272132873535,3.1041972637176514,-0.00022209568123798817,0.032999735325574875,0.032999735325574875,1.0,-3.0,success
1729,-3.5538084506988525,3.1044745445251465,-0.00022222106053959578,0.03299446031451225,0.03299446031451225,1.0,-3.0,success
1730,-3.5527889728546143,3.1047496795654297,-0.00022234735661186278,0.03299849480390549,0.03299849480390549,1.0,-3.0,success
1731,-3.5517690181732178,3.10502290725708,-0.00022247440938372165,0.032997407019138336,0.032997407019138336,1.0,-3.0,success
1732,-3.550748586654663,3.1052935123443604,-0.00022260205878410488,0.032990701496601105,0.032990697771310806,1.0,-3.0,success
1733,-3.549727439880371,3.105562210083008,-0.0002227302175015211,0.03299708664417267,0.03299708291888237,1.0,-3.0,success
1734,-3.548705577850342,3.1058287620544434,-0.00022285879822447896,0.03300171718001366,0.03300171718001366,1.0,-3.0,success
1735,-3.5476832389831543,3.106092929840088,-0.00022298771364148706,0.03299741446971893,0.03299741446971893,1.0,-3.0,success
1736,-3.5466604232788086,3.1063549518585205,-0.00022311693464871496,0.03299513831734657,0.03299513831734657,1.0,-3.0,success
1737,-3.5456371307373047,3.106614828109741,-0.0002232463884865865,0.032993003726005554,0.032993003726005554,1.0,-3.0,success
1738,-3.5446131229400635,3.10687255859375,-0.0002233760606031865,0.03299823775887489,0.032998234033584595,1.0,-3.0,success
1739,-3.543588638305664,3.107128143310547,-0.0002235059073427692,0.032996393740177155,0.032996393740177155,1.0,-3.0,success
1740,-3.5425634384155273,3.107381582260132,-0.00022363591415341944,0.03300192207098007,0.03300192207098007,1.0,-3.0,success
1741,-3.5415377616882324,3.107632637023926,-0.00022376606648322195,0.032998599112033844,0.032998595386743546,1.0,-3.0,success
1742,-3.5405116081237793,3.107881546020508,-0.0002238963352283463,0.03299719840288162,0.03299719840288162,1.0,-3.0,success
1743,-3.539484977722168,3.108128309249878,-0.00022402672038879246,0.03299594670534134,0.03299594670534134,1.0,-3.0,success
1744,-3.5384578704833984,3.108372688293457,-0.00022415720741264522,0.03299310803413391,0.03299310803413391,1.0,-3.0,success
1745,-3.5374300479888916,3.1086151599884033,-0.00022428779629990458,0.033001117408275604,0.033001117408275604,1.0,-3.0,success
1746,-3.5364017486572266,3.1088552474975586,-0.00022441847249865532,0.03299860283732414,0.032998599112033844,1.0,-3.0,success
1747,-3.5353732109069824,3.109093189239502,-0.00022454923600889742,0.032990679144859314,0.032990679144859314,1.0,-3.0,success
1748,-3.534343957901001,3.1093289852142334,-0.00022468007227871567,0.03299741446971893,0.03299741446971893,1.0,-3.0,success
1749,-3.5333139896392822,3.109562635421753,-0.0002248109958600253,0.03300430625677109,0.03300430625677109,1.0,-3.0,success
1750,-3.5322837829589844,3.1097939014434814,-0.00022494197764899582,0.03299517184495926,0.03299517184495926,1.0,-3.0,success
1751,-3.5312530994415283,3.110023021697998,-0.00022507304674945772,0.03299509361386299,0.03299509361386299,1.0,-3.0,success
1752,-3.530221700668335,3.1102499961853027,-0.00022520417405758053,0.03300243616104126,0.03300243616104126,1.0,-3.0,success
1753,-3.5291900634765625,3.1104745864868164,-0.00022533537412527949,0.03299378603696823,0.03299378603696823,1.0,-3.0,success
1754,-3.528157949447632,3.1106972694396973,-0.00022546663240063936,0.03299571946263313,0.03299571946263313,1.0,-3.0,success
1755,-3.527125120162964,3.110917568206787,-0.00022559796343557537,0.03300194814801216,0.03300194814801216,1.0,-3.0,success
1756,-3.526092052459717,3.111135721206665,-0.0002257293526781723,0.0329953171312809,0.0329953171312809,1.0,-3.0,success
1757,-3.5250585079193115,3.111351490020752,-0.00022586080012843013,0.0329945906996727,0.0329945906996727,1.0,-3.0,success
1758,-3.524024248123169,3.111565351486206,-0.0002259923203382641,0.03300435096025467,0.03300435096025467,1.0,-3.0,success
1759,-3.5229897499084473,3.111776828765869,-0.000226123898755759,0.03299663960933685,0.03299663960933685,1.0,-3.0,success
1760,-3.5219547748565674,3.111985921859741,-0.00022625552082899958,0.03299640864133835,0.03299640491604805,1.0,-3.0,success
1761,-3.5209193229675293,3.1121931076049805,-0.0002263872156618163,0.03299926593899727,0.03299926221370697,1.0,-3.0,success
1762,-3.519883632659912,3.1123979091644287,-0.00022651896870229393,0.03299203887581825,0.03299203887581825,1.0,-3.0,success
1763,-3.5188472270965576,3.112600564956665,-0.00022665076539851725,0.03300103172659874,0.03300103172659874,1.0,-3.0,success
1764,-3.517810583114624,3.1128008365631104,-0.0002267826348543167,0.03299413248896599,0.03299413248896599,1.0,-3.0,success
1765,-3.516773223876953,3.112999200820923,-0.00022691454796586186,0.03300483152270317,0.03300483152270317,1.0,-3.0,success
1766,-3.515735626220703,3.1131951808929443,-0.00022704651928506792,0.03299823775887489,0.03299823775887489,1.0,-3.0,success
1767,-3.514697790145874,3.113388776779175,-0.0002271785488119349,0.032991815358400345,0.032991815358400345,1.0,-3.0,success
1768,-3.5136592388153076,3.1135804653167725,-0.00022731062199454755,0.03300292044878006,0.03300292044878006,1.0,-3.0,success
1769,-3.512620449066162,3.113769769668579,-0.00022744275338482112,0.032996803522109985,0.032996803522109985,1.0,-3.0,success
1770,-3.5115811824798584,3.113956928253174,-0.0002275749429827556,0.032999515533447266,0.032999515533447266,1.0,-3.0,success
1771,-3.5105416774749756,3.1141417026519775,-0.00022770717623643577,0.032993726432323456,0.032993726432323456,1.0,-3.0,success
1772,-3.5095016956329346,3.1143243312835693,-0.00022783946769777685,0.03299673646688461,0.03299673646688461,1.0,-3.0,success
1773,-3.5084612369537354,3.114504814147949,-0.00022797180281486362,0.03299988433718681,0.032999880611896515,1.0,-3.0,success
1774,-3.507420301437378,3.114682912826538,-0.0002281041961396113,0.033001918345689774,0.033001918345689774,1.0,-3.0,success
1775,-3.5063791275024414,3.114858865737915,-0.00022823663312010467,0.03299802169203758,0.03299802169203758,1.0,-3.0,success
1776,-3.505337715148926,3.11503267288208,-0.00022836911375634372,0.03299426659941673,0.03299426659941673,1.0,-3.0,success
1777,-3.504295825958252,3.115204334259033,-0.0002285016526002437,0.03299799934029579,0.03299799934029579,1.0,-3.0,success
1778,-3.50325345993042,3.1153736114501953,-0.00022863423509988934,0.03300067409873009,0.03300067409873009,1.0,-3.0,success
1779,-3.502210855484009,3.1155405044555664,-0.00022876686125528067,0.03299616649746895,0.03299616649746895,1.0,-3.0,success
1780,-3.5011677742004395,3.1157054901123047,-0.0002288995310664177,0.03300151973962784,0.03300151973962784,1.0,-3.0,success
1781,-3.500124454498291,3.115868091583252,-0.00022903225908521563,0.03299732506275177,0.03299732506275177,1.0,-3.0,success
1782,-3.4990806579589844,3.116028308868408,-0.00022916501620784402,0.03300065919756889,0.03300065919756889,1.0,-3.0,success
1783,-3.4980366230010986,3.1161866188049316,-0.00022929783153813332,0.032999034970998764,0.032999034970998764,1.0,-3.0,success
1784,-3.496992349624634,3.116342544555664,-0.00022943067597225308,0.0329953171312809,0.0329953171312809,1.0,-3.0,success
1785,-3.4959475994110107,3.1164960861206055,-0.00022956357861403376,0.03299913927912712,0.03299913927912712,1.0,-3.0,success
1786,-3.4949026107788086,3.116647481918335,-0.0002296965103596449,0.032996829599142075,0.032996829599142075,1.0,-3.0,success
1787,-3.4938571453094482,3.1167967319488525,-0.00022982950031291693,0.033002033829689026,0.033002033829689026,1.0,-3.0,success
1788,-3.492811441421509,3.116943836212158,-0.00022996251937001944,0.033000003546476364,0.033000003546476364,1.0,-3.0,success
1789,-3.4917654991149902,3.117088556289673,-0.00023009558208286762,0.03299708664417267,0.03299708291888237,1.0,-3.0,success
1790,-3.4907193183898926,3.1172308921813965,-0.0002302286884514615,0.0329943411052227,0.032994337379932404,1.0,-3.0,success
1791,-3.4896726608276367,3.1173713207244873,-0.00023036182392388582,0.0330011248588562,0.0330011248588562,1.0,-3.0,success
1792,-3.4886257648468018,3.117509126663208,-0.00023049500305205584,0.03299771249294281,0.03299771249294281,1.0,-3.0,success
1793,-3.4875786304473877,3.117645025253296,-0.00023062822583597153,0.03299738094210625,0.03299738094210625,1.0,-3.0,success
1794,-3.4865310192108154,3.1177785396575928,-0.0002307614777237177,0.03300265595316887,0.03300265595316887,1.0,-3.0,success
1795,-3.485483169555664,3.1179099082946777,-0.00023089477326720953,0.03300163522362709,0.03300163149833679,1.0,-3.0,success
1796,-3.4844353199005127,3.1180388927459717,-0.00023102809791453183,0.03299244865775108,0.03299244865775108,1.0,-3.0,success
1797,-3.483386993408203,3.1181657314300537,-0.0002311614662175998,0.03299911692738533,0.03299911692738533,1.0,-3.0,success
1798,-3.4823384284973145,3.1182901859283447,-0.00023129487817641348,0.032997649163007736,0.032997649163007736,1.0,-3.0,success
1799,-3.4812893867492676,3.118412733078003,-0.00023142830468714237,0.033005475997924805,0.033005475997924805,1.0,-3.0,success
1800,-3.4802403450012207,3.118532657623291,-0.00023156177485361695,0.03299606963992119,0.03299606963992119,1.0,-3.0,success
1801,-3.4791910648345947,3.1186506748199463,-0.000231695274123922,0.032996758818626404,0.032996755093336105,1.0,-3.0,success
1802,-3.4781413078308105,3.1187660694122314,-0.0002318288170499727,0.03300251066684723,0.03300251066684723,1.0,-3.0,success
1803,-3.4770915508270264,3.118879556655884,-0.0002319623890798539,0.0329960472881794,0.0329960472881794,1.0,-3.0,success
1804,-3.476041316986084,3.118990659713745,-0.00023209599021356553,0.03300294280052185,0.03300294280052185,1.0,-3.0,success
1805,-3.4749910831451416,3.1190996170043945,-0.00023222962045110762,0.032995957881212234,0.032995954155921936,1.0,-3.0,success
1806,-3.473940372467041,3.119206190109253,-0.00023236327979248017,0.033003173768520355,0.033003173768520355,1.0,-3.0,success
1807,-3.4728896617889404,3.1193106174468994,-0.00023249696823768318,0.03299647569656372,0.03299647569656372,1.0,-3.0,success
1808,-3.4718387126922607,3.119412660598755,-0.00023263068578671664,0.032996609807014465,0.032996609807014465,1.0,-3.0,success
1809,-3.470787525177002,3.1195125579833984,-0.00023276443243958056,0.03299761191010475,0.03299760818481445,1.0,-3.0,success
1810,-3.469735860824585,3.119610071182251,-0.00023289820819627494,0.0330054834485054,0.0330054797232151,1.0,-3.0,success
1811,-3.468684196472168,3.1197054386138916,-0.00023303201305679977,0.03299935907125473,0.03299935907125473,1.0,-3.0,success
1812,-3.467632532119751,3.1197986602783203,-0.00023316584702115506,0.0329933688044548,0.0329933688044548,1.0,-3.0,success
1813,-3.466580390930176,3.119889497756958,-0.00023329969553742558,0.033001724630594254,0.033001720905303955,1.0,-3.0,success
1814,-3.4655280113220215,3.119978189468384,-0.00023343357315752655,0.03300344571471214,0.03300344571471214,1.0,-3.0,success
1815,-3.464475631713867,3.1200644969940186,-0.00023356747988145798,0.03299727290868759,0.03299727290868759,1.0,-3.0,success
1816,-3.463423013687134,3.1201486587524414,-0.00023370141570921987,0.03299928456544876,0.03299928456544876,1.0,-3.0,success
1817,-3.4623701572418213,3.1202306747436523,-0.000233835366088897,0.03300143778324127,0.03300143778324127,1.0,-3.0,success
1818,-3.461317300796509,3.1203103065490723,-0.00023396934557240456,0.03299573436379433,0.03299573436379433,1.0,-3.0,success
1819,-3.460264205932617,3.120387554168701,-0.00023410333960782737,0.032997630536556244,0.032997630536556244,1.0,-3.0,success
1820,-3.4592108726501465,3.120462656021118,-0.00023423736274708062,0.03300022333860397,0.03300022333860397,1.0,-3.0,success
1821,-3.4581573009490967,3.1205356121063232,-0.0002343714004382491,0.033002957701683044,0.033002957701683044,1.0,-3.0,success
1822,-3.457103729248047,3.1206061840057373,-0.00023450546723324805,0.032997891306877136,0.032997891306877136,1.0,-3.0,success
1823,-3.456049919128418,3.1206746101379395,-0.00023463954858016223,0.03300091624259949,0.03300091251730919,1.0,-3.0,success
1824,-3.454996109008789,3.1207408905029297,-0.00023477365903090686,0.032996635884046555,0.032996635884046555,1.0,-3.0,success
1825,-3.453942060470581,3.12080454826355,-0.00023490776948165148,0.032999031245708466,0.032999031245708466,1.0,-3.0,success
1826,-3.452887773513794,3.120866298675537,-0.00023504190903622657,0.033002931624650955,0.03300292789936066,1.0,-3.0,success
1827,-3.451833486557007,3.1209256649017334,-0.00023517606314271688,0.03299865499138832,0.03299865499138832,1.0,-3.0,success
1828,-3.4507789611816406,3.1209826469421387,-0.00023531023180112243,0.03300199285149574,0.033001989126205444,1.0,-3.0,success
1829,-3.4497244358062744,3.121037483215332,-0.00023544442956335843,0.03299844264984131,0.03299844264984131,1.0,-3.0,success
1830,-3.448669910430908,3.1210901737213135,-0.00023557862732559443,0.03299502655863762,0.03299502655863762,1.0,-3.0,success
1831,-3.447614908218384,3.121140480041504,-0.00023571285419166088,0.033006276935338974,0.033006273210048676,1.0,-3.0,success
1832,-3.4465601444244385,3.1211886405944824,-0.00023584708105772734,0.03299570828676224,0.03299570828676224,1.0,-3.0,success
1833,-3.445505142211914,3.12123441696167,-0.00023598132247570902,0.03299983963370323,0.03299983963370323,1.0,-3.0,success
1834,-3.4444499015808105,3.1212780475616455,-0.00023611559299752116,0.03300444409251213,0.03300444036722183,1.0,-3.0,success
1835,-3.443394899368286,3.12131929397583,-0.0002362498635193333,0.03299400210380554,0.03299400210380554,1.0,-3.0,success
1836,-3.4423396587371826,3.1213583946228027,-0.00023638414859306067,0.03299890086054802,0.03299890086054802,1.0,-3.0,success
1837,-3.4412841796875,3.1213951110839844,-0.00023651843366678804,0.03300366923213005,0.03300366923213005,1.0,-3.0,success
1838,-3.4402287006378174,3.121429681777954,-0.00023665274784434587,0.033001407980918884,0.033001404255628586,1.0,-3.0,success
1839,-3.4391732215881348,3.121462106704712,-0.0002367870620219037,0.032999277114868164,0.032999277114868164,1.0,-3.0,success
1840,-3.438117742538452,3.1214921474456787,-0.00023692139075137675,0.03299707546830177,0.03299707546830177,1.0,-3.0,success
1841,-3.4370620250701904,3.1215198040008545,-0.0002370557194808498,0.03300248831510544,0.03300248831510544,1.0,-3.0,success
1842,-3.4360063076019287,3.1215453147888184,-0.00023719006276223809,0.033000800758600235,0.033000800758600235,1.0,-3.0,success
1843,-3.434950590133667,3.1215686798095703,-0.00023732440604362637,0.032999251037836075,0.032999251037836075,1.0,-3.0,success
1844,-3.4338948726654053,3.1215896606445312,-0.00023745876387692988,0.03299768641591072,0.03299768641591072,1.0,-3.0,success
1845,-3.4328389167785645,3.1216084957122803,-0.0002375931217102334,0.03300387039780617,0.03300386667251587,1.0,-3.0,success
1846,-3.4317829608917236,3.1216249465942383,-0.00023772749409545213,0.03300262615084648,0.03300262242555618,1.0,-3.0,success
1847,-3.430727243423462,3.1216392517089844,-0.00023786186648067087,0.03299419581890106,0.03299419581890106,1.0,-3.0,success
1848,-3.429671287536621,3.1216514110565186,-0.0002379962388658896,0.03300080448389053,0.03300080448389053,1.0,-3.0,success
1849,-3.4286153316497803,3.121661424636841,-0.00023813061125110835,0.03300010412931442,0.03300010412931442,1.0,-3.0,success
1850,-3.4275593757629395,3.121669054031372,-0.00023826499818824232,0.03299948200583458,0.03299948200583458,1.0,-3.0,success
1851,-3.4265031814575195,3.1216742992401123,-0.00023839938512537628,0.03300647810101509,0.03300647810101509,1.0,-3.0,success
1852,-3.4254472255706787,3.1216773986816406,-0.00023853378661442548,0.032998763024806976,0.032998763024806976,1.0,-3.0,success
1853,-3.424391269683838,3.121678352355957,-0.00023866817355155945,0.03299863263964653,0.03299863263964653,1.0,-3.0,success
1854,-3.423335313796997,3.1216771602630615,-0.00023880257504060864,0.03299864009022713,0.03299863636493683,1.0,-3.0,success
1855,-3.422279119491577,3.121673345565796,-0.0002389369619777426,0.03300628438591957,0.03300628438591957,1.0,-3.0,success
1856,-3.4212231636047363,3.1216676235198975,-0.0002390713634667918,0.032999102026224136,0.032999102026224136,1.0,-3.0,success
1857,-3.4201672077178955,3.121659517288208,-0.000239205764955841,0.032999590039253235,0.032999590039253235,1.0,-3.0,success
1858,-3.4191112518310547,3.1216490268707275,-0.0002393401664448902,0.033000245690345764,0.033000245690345764,1.0,-3.0,success
1859,-3.418055295944214,3.121636390686035,-0.00023947455338202417,0.03300097957253456,0.03300097957253456,1.0,-3.0,success
1860,-3.416999340057373,3.121621608734131,-0.00023960895487107337,0.0330018512904644,0.0330018512904644,1.0,-3.0,success
1861,-3.4159436225891113,3.1216042041778564,-0.00023974335636012256,0.03299565613269806,0.03299565240740776,1.0,-3.0,success
1862,-3.4148876667022705,3.121584892272949,-0.00023987774329725653,0.03300413861870766,0.03300413489341736,1.0,-3.0,success
1863,-3.413831949234009,3.121562957763672,-0.00024001214478630573,0.03299828991293907,0.03299828991293907,1.0,-3.0,success
1864,-3.412776231765747,3.1215388774871826,-0.0002401465317234397,0.03299975022673607,0.03299975022673607,1.0,-3.0,success
1865,-3.4117205142974854,3.1215126514434814,-0.00024028090410865843,0.03300134837627411,0.03300134837627411,1.0,-3.0,success
1866,-3.4106647968292236,3.1214840412139893,-0.0002404152910457924,0.03300328180193901,0.03300328180193901,1.0,-3.0,success
1867,-3.409609317779541,3.121453046798706,-0.00024054966343101114,0.03299793601036072,0.03299793601036072,1.0,-3.0,success
1868,-3.4085538387298584,3.121419668197632,-0.00024068403581622988,0.03300020471215248,0.03300020471215248,1.0,-3.0,success
1869,-3.407498359680176,3.1213841438293457,-0.0002408183936495334,0.03300239518284798,0.03300239145755768,1.0,-3.0,success
1870,-3.406442880630493,3.1213464736938477,-0.0002409527514828369,0.03300471603870392,0.03300471603870392,1.0,-3.0,success
1871,-3.4053876399993896,3.1213064193725586,-0.0002410871093161404,0.03300001844763756,0.03300001844763756,1.0,-3.0,success
1872,-3.4043326377868652,3.1212642192840576,-0.0002412214525975287,0.032995183020830154,0.032995183020830154,1.0,-3.0,success
1873,-3.4032773971557617,3.1212196350097656,-0.00024135579587891698,0.03300568833947182,0.03300568833947182,1.0,-3.0,success
1874,-3.4022228717803955,3.12117338180542,-0.00023734767455607653,0.032985836267471313,0.03298559784889221,1.0,-3.0,success
1875,-3.40116810798645,3.121124505996704,-0.00023808851256035268,0.03299674391746521,0.03299673646688461,1.0,-3.0,success
1876,-3.400113105773926,3.1210737228393555,-0.00023891919408924878,0.033007003366947174,0.03300698846578598,1.0,-3.0,success
1877,-3.3990585803985596,3.1210203170776367,-0.00023962145496625453,0.03299615532159805,0.032996147871017456,1.0,-3.0,success
1878,-3.3980040550231934,3.120964765548706,-0.0002402105019427836,0.032999616116285324,0.03299960866570473,1.0,-3.0,success
1879,-3.396949529647827,3.1209070682525635,-0.0002407084684818983,0.03300320729613304,0.03300320357084274,1.0,-3.0,success
1880,-3.39589524269104,3.120846748352051,-0.00024113358813337982,0.03300034627318382,0.033000342547893524,1.0,-3.0,success
1881,-3.394840955734253,3.1207845211029053,-0.00024150042736437172,0.033003807067871094,0.033003803342580795,1.0,-3.0,success
1882,-3.393786907196045,3.1207199096679688,-0.00024182067136280239,0.03300084173679352,0.03300083801150322,1.0,-3.0,success
1883,-3.392733097076416,3.120652914047241,-0.00024210363335441798,0.03299804776906967,0.03299804776906967,1.0,-3.0,success
1884,-3.391679286956787,3.1205837726593018,-0.00024235679302364588,0.03300236910581589,0.03300236910581589,1.0,-3.0,success
1885,-3.3906257152557373,3.1205122470855713,-0.00024258610210381448,0.03299989551305771,0.03299989551305771,1.0,-3.0,success
1886,-3.3895721435546875,3.120438575744629,-0.0002427963336231187,0.0330045111477375,0.033004507422447205,1.0,-3.0,success
1887,-3.388518810272217,3.1203627586364746,-0.00024299131473526359,0.033001821488142014,0.033001821488142014,1.0,-3.0,success
1888,-3.387465715408325,3.12028431892395,-0.00024317408679053187,0.03300037607550621,0.03300037607550621,1.0,-3.0,success
1889,-3.3864126205444336,3.120203971862793,-0.00024334709451068193,0.03300485759973526,0.03300485387444496,1.0,-3.0,success
1890,-3.3853600025177,3.1201212406158447,-0.00024351228785235435,0.03299575299024582,0.03299575299024582,1.0,-3.0,success
1891,-3.384307384490967,3.1200361251831055,-0.00024367122387047857,0.033001676201820374,0.033001672476530075,1.0,-3.0,success
1892,-3.3832547664642334,3.1199488639831543,-0.00024382515402976424,0.033007148653268814,0.033007148653268814,1.0,-3.0,success
1893,-3.382202625274658,3.119859457015991,-0.0002439750824123621,0.03299790620803833,0.03299790620803833,1.0,-3.0,success
1894,-3.381150484085083,3.119767665863037,-0.0002441217948216945,0.03300429880619049,0.03300429880619049,1.0,-3.0,success
1895,-3.380098581314087,3.119673728942871,-0.0002442659460939467,0.03300277516245842,0.03300277516245842,1.0,-3.0,success
1896,-3.37904691696167,3.119577407836914,-0.000244408001890406,0.033002063632011414,0.033002063632011414,1.0,-3.0,success
1897,-3.377995491027832,3.119478940963745,-0.00024454842787235975,0.03300083056092262,0.033000826835632324,1.0,-3.0,success
1898,-3.3769443035125732,3.1193783283233643,-0.0002446875150781125,0.032999731600284576,0.032999731600284576,1.0,-3.0,success
1899,-3.3758933544158936,3.1192753314971924,-0.0002448255254421383,0.03299950063228607,0.03299950063228607,1.0,-3.0,success
1900,-3.374842643737793,3.1191699504852295,-0.0002449626917950809,0.0329994335770607,0.0329994335770607,1.0,-3.0,success
1901,-3.3737919330596924,3.119062662124634,-0.0002450991596560925,0.03300543874502182,0.03300543874502182,1.0,-3.0,success
1902,-3.37274169921875,3.118952751159668,-0.00024523507454432547,0.03299904614686966,0.03299904242157936,1.0,-3.0,success
1903,-3.3716914653778076,3.1188409328460693,-0.0002453705237712711,0.033005304634571075,0.03300530090928078,1.0,-3.0,success
1904,-3.3706417083740234,3.1187267303466797,-0.0002455055946484208,0.0329984612762928,0.0329984575510025,1.0,-3.0,success
1905,-3.3695919513702393,3.118610143661499,-0.00024564037448726594,0.03300660103559494,0.03300659731030464,1.0,-3.0,success
1906,-3.3685426712036133,3.1184914112091064,-0.00024577489239163697,0.03299925848841667,0.03299925848841667,1.0,-3.0,success
1907,-3.3674936294555664,3.118370532989502,-0.00024590923567302525,0.032999467104673386,0.032999467104673386,1.0,-3.0,success
1908,-3.3664448261260986,3.1182472705841064,-0.00024604337522760034,0.033000677824020386,0.033000677824020386,1.0,-3.0,success
1909,-3.365396022796631,3.118121862411499,-0.0002461773983668536,0.03300857171416283,0.03300857171416283,1.0,-3.0,success
1910,-3.3643479347229004,3.1179940700531006,-0.00024631127598695457,0.0329953171312809,0.0329953171312809,1.0,-3.0,success
1911,-3.36329984664917,3.1178643703460693,-0.0002464450662955642,0.0330025814473629,0.0330025814473629,1.0,-3.0,success
1912,-3.3622519969940186,3.117732048034668,-0.00024657874018885195,0.033005356788635254,0.033005353063344955,1.0,-3.0,success
1913,-3.3612046241760254,3.1175975799560547,-0.0002467123558744788,0.03299904242157936,0.03299904242157936,1.0,-3.0,success
1914,-3.3601572513580322,3.1174609661102295,-0.00024684591335244477,0.03300764784216881,0.03300764784216881,1.0,-3.0,success
1915,-3.3591103553771973,3.1173222064971924,-0.00024697938351891935,0.0330016165971756,0.0330016165971756,1.0,-3.0,success
1916,-3.3580639362335205,3.1171810626983643,-0.000247112795477733,0.03299672156572342,0.03299672156572342,1.0,-3.0,success
1917,-3.3570175170898438,3.117037773132324,-0.00024724614922888577,0.03300575539469719,0.03300575166940689,1.0,-3.0,success
1918,-3.355971574783325,3.116892099380493,-0.00024737947387620807,0.03300118446350098,0.03300118073821068,1.0,-3.0,success
1919,-3.3549258708953857,3.11674427986145,-0.000247512711212039,0.033003125339746475,0.033003125339746475,1.0,-3.0,success
1920,-3.3538806438446045,3.1165943145751953,-0.00024764591944403946,0.03299782797694206,0.03299782797694206,1.0,-3.0,success
1921,-3.3528354167938232,3.1164419651031494,-0.0002477790985722095,0.03300848975777626,0.03300848975777626,1.0,-3.0,success
1922,-3.3517909049987793,3.1162874698638916,-0.0002479122194927186,0.03299611806869507,0.03299611806869507,1.0,-3.0,success
1923,-3.3507463932037354,3.1161305904388428,-0.00024804528220556676,0.033007100224494934,0.033007100224494934,1.0,-3.0,success
1924,-3.3497023582458496,3.115971565246582,-0.0002481783158145845,0.03300239518284798,0.03300239145755768,1.0,-3.0,success
1925,-3.348658800125122,3.1158103942871094,-0.0002483112912159413,0.03299783170223236,0.03299783170223236,1.0,-3.0,success
1926,-3.3476154804229736,3.1156468391418457,-0.00024844423751346767,0.03300192579627037,0.03300192579627037,1.0,-3.0,success
1927,-3.3465723991394043,3.11548113822937,-0.0002485771256033331,0.033005017787218094,0.033005017787218094,1.0,-3.0,success
1928,-3.345529794692993,3.1153132915496826,-0.00024870995548553765,0.0330008938908577,0.0330008938908577,1.0,-3.0,success
1929,-3.344487428665161,3.115143060684204,-0.0002488427853677422,0.03300546482205391,0.03300546482205391,1.0,-3.0,success
1930,-3.3434455394744873,3.1149706840515137,-0.00024897552793845534,0.03300163894891739,0.03300163522362709,1.0,-3.0,success
1931,-3.3424038887023926,3.1147961616516113,-0.00024910824140533805,0.03300530090928078,0.03300530090928078,1.0,-3.0,success
1932,-3.341362714767456,3.114619255065918,-0.00024924089666455984,0.033003002405166626,0.033003002405166626,1.0,-3.0,success
1933,-3.3403220176696777,3.1144402027130127,-0.0002493735228199512,0.032999616116285324,0.032999616116285324,1.0,-3.0,success
1934,-3.3392815589904785,3.1142590045928955,-0.0002495060907676816,0.03300371393561363,0.03300371393561363,1.0,-3.0,success
1935,-3.3382415771484375,3.1140754222869873,-0.0002496386005077511,0.03300189971923828,0.03300189971923828,1.0,-3.0,success
1936,-3.3372020721435547,3.113889694213867,-0.00024977108114399016,0.032998956739902496,0.0329989530146122,1.0,-3.0,success
1937,-3.336162805557251,3.113701820373535,-0.0002499035035725683,0.03300348296761513,0.03300348296761513,1.0,-3.0,success
1938,-3.3351240158081055,3.113511562347412,-0.0002500358677934855,0.03300216421484947,0.03300216421484947,1.0,-3.0,success
1939,-3.334085464477539,3.113319158554077,-0.0002501682029105723,0.03300698474049568,0.03300698474049568,1.0,-3.0,success
1940,-3.33304762840271,3.1131246089935303,-0.00025030047981999815,0.032997291535139084,0.032997291535139084,1.0,-3.0,success
1941,-3.33201003074646,3.1129276752471924,-0.0002504326985217631,0.033003780990839005,0.033003780990839005,1.0,-3.0,success
1942,-3.330972671508789,3.1127285957336426,-0.0002505648590158671,0.033009033650159836,0.033009033650159836,1.0,-3.0,success
1943,-3.3299360275268555,3.112527370452881,-0.0002506969904061407,0.03299979493021965,0.03299979493021965,1.0,-3.0,success
1944,-3.32889986038208,3.112323760986328,-0.00025082906358875334,0.03299945220351219,0.03299945220351219,1.0,-3.0,success
1945,-3.327863931655884,3.1121180057525635,-0.00025096104945987463,0.03300514072179794,0.03300514072179794,1.0,-3.0,success
1946,-3.3268284797668457,3.111910104751587,-0.00025109300622716546,0.033003658056259155,0.033003658056259155,1.0,-3.0,success
1947,-3.325793504714966,3.1117000579833984,-0.0002512249047867954,0.03300232067704201,0.03300232067704201,1.0,-3.0,success
1948,-3.324759006500244,3.111487627029419,-0.00025135677424259484,0.03300262615084648,0.03300262242555618,1.0,-3.0,success
1949,-3.3237249851226807,3.1112730503082275,-0.00025148855638690293,0.03300158306956291,0.03300158306956291,1.0,-3.0,success
1950,-3.3226912021636963,3.111056327819824,-0.0002516202803235501,0.03300798684358597,0.03300798311829567,1.0,-3.0,success
1951,-3.321658134460449,3.110837459564209,-0.00025175194605253637,0.03299994021654129,0.03299994021654129,1.0,-3.0,success
1952,-3.3206255435943604,3.1106162071228027,-0.0002518835826776922,0.0330008938908577,0.0330008938908577,1.0,-3.0,success
1953,-3.3195931911468506,3.1103928089141846,-0.0002520151319913566,0.033007726073265076,0.033007726073265076,1.0,-3.0,success
1954,-3.318561553955078,3.1101672649383545,-0.00025214662309736013,0.03300013765692711,0.03300013765692711,1.0,-3.0,success
1955,-3.317530393600464,3.1099393367767334,-0.0002522780850995332,0.03300158306956291,0.03300158306956291,1.0,-3.0,success
1956,-3.3164994716644287,3.1097092628479004,-0.0002524094597902149,0.03300884738564491,0.03300884738564491,1.0,-3.0,success
1957,-3.315469264984131,3.1094770431518555,-0.0002525407762732357,0.03300171345472336,0.03300171345472336,1.0,-3.0,success
1958,-3.314439535140991,3.1092426776885986,-0.00025267203454859555,0.03300199285149574,0.033001989126205444,1.0,-3.0,success
1959,-3.3134102821350098,3.109005928039551,-0.0002528032346162945,0.03300408273935318,0.03300408273935318,1.0,-3.0,success
1960,-3.3123815059661865,3.10876727104187,-0.0002529343473725021,0.033002980053424835,0.033002980053424835,1.0,-3.0,success
1961,-3.3113532066345215,3.1085262298583984,-0.0002530654310248792,0.03300539031624794,0.03300538659095764,1.0,-3.0,success
1962,-3.3103256225585938,3.108283042907715,-0.000253196427365765,0.032999005168676376,0.032999005168676376,1.0,-3.0,success
1963,-3.309298515319824,3.1080374717712402,-0.0002533273654989898,0.03300175070762634,0.03300175070762634,1.0,-3.0,success
1964,-3.308271646499634,3.1077897548675537,-0.00025345824542455375,0.03301016613841057,0.03301016241312027,1.0,-3.0,success
1965,-3.3072454929351807,3.1075401306152344,-0.0002535890380386263,0.03300247713923454,0.03300247713923454,1.0,-3.0,success
1966,-3.306220054626465,3.107288122177124,-0.0002537198015488684,0.0329984612762928,0.0329984575510025,1.0,-3.0,success
1967,-3.305194854736328,3.1070337295532227,-0.00025385047774761915,0.03300908952951431,0.033009085804224014,1.0,-3.0,success
1968,-3.3041703701019287,3.1067774295806885,-0.0002539810666348785,0.03300181031227112,0.03300180658698082,1.0,-3.0,success
1969,-3.3031463623046875,3.1065187454223633,-0.0002541116264183074,0.033005524426698685,0.033005520701408386,1.0,-3.0,success
1970,-3.3021230697631836,3.106257915496826,-0.00025424209889024496,0.03300034999847412,0.03300034999847412,1.0,-3.0,success
1971,-3.301100254058838,3.105994939804077,-0.00025437248405069113,0.033002544194459915,0.033002544194459915,1.0,-3.0,success
1972,-3.3000779151916504,3.105729818344116,-0.00025450284010730684,0.03300488367676735,0.03300488367676735,1.0,-3.0,success
1973,-3.299056053161621,3.1054625511169434,-0.0002546331088524312,0.033007364720106125,0.033007360994815826,1.0,-3.0,success
1974,-3.298034906387329,3.1051928997039795,-0.00025476329028606415,0.03300468623638153,0.03300468251109123,1.0,-3.0,success
1975,-3.2970144748687744,3.104921340942383,-0.0002548934135120362,0.03299834951758385,0.03299834951758385,1.0,-3.0,success
1976,-3.295994520187378,3.104647397994995,-0.0002550234494265169,0.033003199845552444,0.033003196120262146,1.0,-3.0,success
1977,-3.2949750423431396,3.1043713092803955,-0.00025515342713333666,0.03300626948475838,0.03300626948475838,1.0,-3.0,success
1978,-3.2939562797546387,3.104093074798584,-0.0002552833466324955,0.033002302050590515,0.03300229832530022,1.0,-3.0,success
1979,-3.292937994003296,3.1038124561309814,-0.000255413178820163,0.03300764039158821,0.03300764039158821,1.0,-3.0,success
1980,-3.2919204235076904,3.103529930114746,-0.00025554292369633913,0.03300199285149574,0.033001989126205444,1.0,-3.0,success
1981,-3.290903329849243,3.1032450199127197,-0.00025567261036485434,0.033007651567459106,0.033007651567459106,1.0,-3.0,success
1982,-3.289886951446533,3.1029582023620605,-0.00025580220972187817,0.03300226852297783,0.03300226479768753,1.0,-3.0,success
1983,-3.2888712882995605,3.1026690006256104,-0.0002559317508712411,0.03300108388066292,0.03300108388066292,1.0,-3.0,success
1984,-3.287856101989746,3.1023776531219482,-0.0002560611756052822,0.033005185425281525,0.033005185425281525,1.0,-3.0,success
1985,-3.286841630935669,3.102084159851074,-0.0002561905712354928,0.033002275973558426,0.03300227224826813,1.0,-3.0,success
1986,-3.28582763671875,3.1017885208129883,-0.00025631985045038164,0.03300666809082031,0.03300666809082031,1.0,-3.0,success
1987,-3.2848143577575684,3.1014904975891113,-0.00025644907145760953,0.033006154000759125,0.033006154000759125,1.0,-3.0,success
1988,-3.283801794052124,3.1011905670166016,-0.00025657820515334606,0.03300158679485321,0.03300158679485321,1.0,-3.0,success
1989,-3.282789707183838,3.10088849067688,-0.0002567072806414217,0.033006418496370316,0.03300641477108002,1.0,-3.0,success
1990,-3.281778335571289,3.100584030151367,-0.00025683623971417546,0.03300639986991882,0.03300639986991882,1.0,-3.0,success
1991,-3.2807676792144775,3.1002776622772217,-0.00025696514057926834,0.03300223872065544,0.03300223872065544,1.0,-3.0,success
1992,-3.2797577381134033,3.099968910217285,-0.00025709395413286984,0.03300255537033081,0.03300255537033081,1.0,-3.0,success
1993,-3.2787482738494873,3.0996580123901367,-0.00025722268037497997,0.03300797939300537,0.03300797939300537,1.0,-3.0,success
1994,-3.2777395248413086,3.0993449687957764,-0.0002573513484094292,0.03300642967224121,0.03300642967224121,1.0,-3.0,success
1995,-3.276731491088867,3.099030017852783,-0.0002574799000285566,0.033002812415361404,0.033002812415361404,1.0,-3.0,success
1996,-3.275724172592163,3.098712682723999,-0.00025760839344002306,0.0330037884414196,0.0330037847161293,1.0,-3.0,success
1997,-3.2747175693511963,3.098393201828003,-0.0002577367995399982,0.033002693206071854,0.033002693206071854,1.0,-3.0,success
1998,-3.2737114429473877,3.098071575164795,-0.00025786508922465146,0.03300884738564491,0.03300884738564491,1.0,-3.0,success
1999,-3.2727062702178955,3.097747802734375,-0.0002579933207016438,0.03300095722079277,0.03300095722079277,1.0,-3.0,success
2000,-3.2717015743255615,3.097421884536743,-0.0002581214648671448,0.03300740569829941,0.03300740197300911,1.0,-3.0,success
2001,-3.270697832107544,3.0970938205718994,-0.00025824952172115445,0.032999828457832336,0.032999828457832336,1.0,-3.0,success
2002,-3.2696945667266846,3.0967636108398438,-0.0002583774912636727,0.033006563782691956,0.033006563782691956,1.0,-3.0,success
2003,-3.2686920166015625,3.096431255340576,-0.0002585053734946996,0.033006373792886734,0.033006373792886734,1.0,-3.0,success
2004,-3.2676901817321777,3.0960967540740967,-0.0002586331684142351,0.03300633653998375,0.03300633281469345,1.0,-3.0,success
2005,-3.2666890621185303,3.0957601070404053,-0.00025876087602227926,0.033006444573402405,0.033006444573402405,1.0,-3.0,success
2006,-3.265688896179199,3.095421314239502,-0.0002588884672150016,0.03299964964389801,0.03299964964389801,1.0,-3.0,success
2007,-3.2646892070770264,3.0950803756713867,-0.000259016000200063,0.033007118850946426,0.033007118850946426,1.0,-3.0,success
2008,-3.263690233230591,3.0947372913360596,-0.00025914341676980257,0.03300768509507179,0.03300768509507179,1.0,-3.0,success
2009,-3.2626922130584717,3.0943920612335205,-0.00025927077513188124,0.033001359552145004,0.033001359552145004,1.0,-3.0,success
2010,-3.2616946697235107,3.0940449237823486,-0.0002593980170786381,0.03300682082772255,0.03300682082772255,1.0,-3.0,success
2011,-3.260698080062866,3.0936954021453857,-0.00025952517171390355,0.03300325945019722,0.03300325945019722,1.0,-3.0,success
2012,-3.259702205657959,3.093343734741211,-0.00025965223903767765,0.033004432916641235,0.033004432916641235,1.0,-3.0,success
2013,-3.25870680809021,3.092989921569824,-0.0002597791899461299,0.03301277756690979,0.03301277756690979,1.0,-3.0,success
2014,-3.2577126026153564,3.0926342010498047,-0.0002599060826469213,0.03299771249294281,0.03299771249294281,1.0,-3.0,success
2015,-3.256718873977661,3.092276096343994,-0.0002600328589323908,0.033008869737386703,0.033008869737386703,1.0,-3.0,success
2016,-3.255725860595703,3.091916084289551,-0.0002601595188025385,0.03300810605287552,0.03300810605287552,1.0,-3.0,success
2017,-3.2547338008880615,3.0915536880493164,-0.0002602861204650253,0.03300558403134346,0.03300558403134346,1.0,-3.0,success
2018,-3.2537424564361572,3.091189384460449,-0.00026041260571219027,0.03300510346889496,0.03300510346889496,1.0,-3.0,success
2019,-3.2527520656585693,3.09082293510437,-0.00026053900364786386,0.033000338822603226,0.033000338822603226,1.0,-3.0,success
2020,-3.2517621517181396,3.090454339981079,-0.00026066528516821563,0.03300970420241356,0.03300970420241356,1.0,-3.0,success
2021,-3.2507731914520264,3.090083599090576,-0.00026079147937707603,0.033005256205797195,0.0330052524805069,1.0,-3.0,success
2022,-3.2497849464416504,3.0897107124328613,-0.00026091758627444506,0.03300793841481209,0.03300793841481209,1.0,-3.0,success
2023,-3.248797655105591,3.0893359184265137,-0.00026104357675649226,0.033001162111759186,0.033001162111759186,1.0,-3.0,success
2024,-3.2478110790252686,3.088958740234375,-0.0002611694799270481,0.03300680220127106,0.03300680220127106,1.0,-3.0,success
2025,-3.2468252182006836,3.0885796546936035,-0.0002612952666822821,0.033007267862558365,0.033007267862558365,1.0,-3.0,success
2026,-3.245840311050415,3.088198184967041,-0.0002614209661260247,0.03300628811120987,0.03300628811120987,1.0,-3.0,success
2027,-3.244856119155884,3.0878148078918457,-0.00026154654915444553,0.03300703316926956,0.03300703316926956,1.0,-3.0,success
2028,-3.243872880935669,3.0874292850494385,-0.00026167204487137496,0.03300368785858154,0.033003684133291245,1.0,-3.0,success
2029,-3.2428903579711914,3.0870418548583984,-0.00026179745327681303,0.03300469368696213,0.03300469368696213,1.0,-3.0,success
2030,-3.2419087886810303,3.0866520404815674,-0.0002619227161630988,0.03300439938902855,0.03300439566373825,1.0,-3.0,success
2031,-3.2409279346466064,3.0862603187561035,-0.0002620478917378932,0.03300568833947182,0.03300568833947182,1.0,-3.0,success
2032,-3.23994779586792,3.0858664512634277,-0.00026217298000119627,0.03300987556576729,0.03300987556576729,1.0,-3.0,success
2033,-3.23896861076355,3.08547043800354,-0.0002622979518491775,0.03300730884075165,0.03300730511546135,1.0,-3.0,success
2034,-3.237990379333496,3.0850722789764404,-0.00026242280728183687,0.03300489857792854,0.03300489857792854,1.0,-3.0,success
2035,-3.2370128631591797,3.084671974182129,-0.0002625475754030049,0.03300955146551132,0.03300955146551132,1.0,-3.0,success
2036,-3.2360363006591797,3.0842697620391846,-0.0002626722271088511,0.033004630357027054,0.033004626631736755,1.0,-3.0,success
2037,-3.235060691833496,3.0838654041290283,-0.00026279676239937544,0.033002689480781555,0.033002689480781555,1.0,-3.0,success
2038,-3.23408579826355,3.08345890045166,-0.00026292121037840843,0.03300778940320015,0.03300778940320015,1.0,-3.0,success
2039,-3.23311185836792,3.08305025100708,-0.0002630455419421196,0.03300617262721062,0.03300617262721062,1.0,-3.0,success
2040,-3.2321386337280273,3.082639694213867,-0.00026316975709050894,0.03300868347287178,0.03300868347287178,1.0,-3.0,success
2041,-3.231166362762451,3.0822269916534424,-0.00026329385582357645,0.03300736844539642,0.03300736844539642,1.0,-3.0,success
2042,-3.2301950454711914,3.0818121433258057,-0.00026341783814132214,0.0330062210559845,0.0330062210559845,1.0,-3.0,success
2043,-3.229224681854248,3.081395387649536,-0.00026354173314757645,0.03300229087471962,0.03300229087471962,1.0,-3.0,success
2044,-3.228255033493042,3.0809764862060547,-0.00026366551173850894,0.03300828859210014,0.03300828859210014,1.0,-3.0,success
2045,-3.2272863388061523,3.0805554389953613,-0.0002637891739141196,0.033007606863975525,0.033007606863975525,1.0,-3.0,success
2046,-3.226318597793579,3.080132246017456,-0.00026391271967440844,0.03300708532333374,0.03300708532333374,1.0,-3.0,success
2047,-3.2253518104553223,3.079707145690918,-0.00026403614901937544,0.033003728836774826,0.033003728836774826,1.0,-3.0,success
2048,-3.2243857383728027,3.079279899597168,-0.0002641594910528511,0.0330103300511837,0.0330103300511837,1.0,-3.0,success
2049,-3.2234208583831787,3.078850507736206,-0.00026428268756717443,0.03300347179174423,0.03300347179174423,1.0,-3.0,success
2050,-3.222456693649292,3.0784192085266113,-0.0002644057967700064,0.03300734609365463,0.033007342368364334,1.0,-3.0,success
2051,-3.2214934825897217,3.0779857635498047,-0.0002645287604536861,0.033007606863975525,0.033007606863975525,1.0,-3.0,success
2052,-3.2205312252044678,3.077550172805786,-0.00026465163682587445,0.03300802782177925,0.03300802409648895,1.0,-3.0,success
2053,-3.2195699214935303,3.0771126747131348,-0.0002647743676789105,0.033005524426698685,0.033005520701408386,1.0,-3.0,success
2054,-3.21860933303833,3.0766730308532715,-0.00026489701122045517,0.033013030886650085,0.033013030886650085,1.0,-3.0,success
2055,-3.2176499366760254,3.0762314796447754,-0.00026501950924284756,0.0330040380358696,0.0330040380358696,1.0,-3.0,success
2056,-3.216691493988037,3.0757877826690674,-0.0002651419199537486,0.03300508111715317,0.03300507739186287,1.0,-3.0,success
2057,-3.2157340049743652,3.0753419399261475,-0.0002652641851454973,0.03300628438591957,0.03300628438591957,1.0,-3.0,success
2058,-3.2147772312164307,3.0748939514160156,-0.00026538633392192423,0.03301440179347992,0.03301440179347992,1.0,-3.0,success
2059,-3.2138216495513916,3.07444429397583,-0.0002655083662830293,0.033002838492393494,0.033002838492393494,1.0,-3.0,success
2060,-3.212867021560669,3.0739922523498535,-0.0002656302822288126,0.03300769627094269,0.03300769627094269,1.0,-3.0,success
2061,-3.2119133472442627,3.073538303375244,-0.000265752081759274,0.03300633653998375,0.03300633653998375,1.0,-3.0,success
2062,-3.210960626602173,3.073082208633423,-0.0002658737648744136,0.033008329570293427,0.03300832584500313,1.0,-3.0,success
2063,-3.2100088596343994,3.0726242065429688,-0.00026599530247040093,0.03300725296139717,0.03300725296139717,1.0,-3.0,success
2064,-3.2090580463409424,3.072164297103882,-0.0002661167527548969,0.03300631046295166,0.03300631046295166,1.0,-3.0,success
2065,-3.2081081867218018,3.071702003479004,-0.00026623805752024055,0.0330120213329792,0.033012017607688904,1.0,-3.0,success
2066,-3.2071595191955566,3.0712380409240723,-0.00026635921676643193,0.03300141170620918,0.033001407980918884,1.0,-3.0,success
2067,-3.206211566925049,3.0707716941833496,-0.00026648028870113194,0.03301415592432022,0.03301415592432022,1.0,-3.0,success
2068,-3.2052648067474365,3.070303440093994,-0.00026660121511667967,0.03300711140036583,0.03300711140036583,1.0,-3.0,success
2069,-3.2043190002441406,3.069833278656006,-0.00026672202511690557,0.03300688788294792,0.03300688788294792,1.0,-3.0,success
2070,-3.203374147415161,3.0693609714508057,-0.00026684271870180964,0.033010128885507584,0.033010128885507584,1.0,-3.0,success
2071,-3.202430486679077,3.0688867568969727,-0.00026696326676756144,0.033003535121679306,0.033003535121679306,1.0,-3.0,success
2072,-3.2014875411987305,3.0684103965759277,-0.0002670836984179914,0.03301374614238739,0.03301374614238739,1.0,-3.0,success
2073,-3.2005457878112793,3.06793212890625,-0.0002672039845492691,0.03300744667649269,0.03300744667649269,1.0,-3.0,success
2074,-3.1996052265167236,3.0674517154693604,-0.0002673241833690554,0.03300468623638153,0.03300468623638153,1.0,-3.0,success
2075,-3.1986653804779053,3.066969394683838,-0.00026744420756585896,0.03301195427775383,0.03301195055246353,1.0,-3.0,success
2076,-3.1977267265319824,3.0664851665496826,-0.0002675641153473407,0.03300609439611435,0.03300609439611435,1.0,-3.0,success
2077,-3.1967713832855225,3.0659899711608887,-0.0002675988944247365,0.03362678736448288,0.03362678736448288,1.0,3.0,success
2078,-3.1958162784576416,3.065497636795044,-0.00026769001851789653,0.03357911482453346,0.03357911482453346,1.0,3.0,success
2079,-3.194861888885498,3.0650076866149902,-0.00026774060097523034,0.03352515399456024,0.03352515399456024,1.0,3.0,success
2080,-3.1939079761505127,3.0645203590393066,-0.00026775439619086683,0.03347453847527504,0.03347453474998474,1.0,3.0,success
2081,-3.1929543018341064,3.064035415649414,-0.0002677383890841156,0.03343406319618225,0.03343406319618225,1.0,3.0,success
2082,-3.1920008659362793,3.0635530948638916,-0.00026769840042106807,0.0333903469145298,0.0333903469145298,1.0,3.0,success
2083,-3.191047191619873,3.06307315826416,-0.0002676391741260886,0.03336343541741371,0.03336343541741371,1.0,3.0,success
2084,-3.190093517303467,3.0625956058502197,-0.00026756455190479755,0.03333001211285591,0.03333001211285591,1.0,3.0,success
2085,-3.1891396045684814,3.0621204376220703,-0.0002674775605555624,0.033303383737802505,0.033303383737802505,1.0,3.0,success
2086,-3.188185214996338,3.061647653579712,-0.0002673806739039719,0.03328358381986618,0.03328358381986618,1.0,3.0,success
2087,-3.187230110168457,3.0611770153045654,-0.0002672759292181581,0.03327392041683197,0.03327392041683197,1.0,3.0,success
2088,-3.186274528503418,3.060708999633789,-0.0002671648981049657,0.03325115889310837,0.03325115889310837,1.0,3.0,success
2089,-3.1853184700012207,3.0602431297302246,-0.00026704883202910423,0.03323511406779289,0.03323511406779289,1.0,3.0,success
2090,-3.184361219406128,3.0597798824310303,-0.00026692874962463975,0.03323282301425934,0.03323282301425934,1.0,3.0,success
2091,-3.183403491973877,3.0593185424804688,-0.000266805465798825,0.033220324665308,0.033220324665308,1.0,3.0,success
2092,-3.1824445724487305,3.0588598251342773,-0.00026667964993976057,0.033218443393707275,0.033218443393707275,1.0,3.0,success
2093,-3.1814849376678467,3.058403491973877,-0.00026655179681256413,0.03320654481649399,0.03320654481649399,1.0,3.0,success
2094,-3.1805241107940674,3.0579493045806885,-0.00026642228476703167,0.03321147710084915,0.03321147710084915,1.0,3.0,success
2095,-3.179565668106079,3.0575051307678223,-0.0002663105260580778,0.03301134333014488,0.03301134333014488,1.0,-3.0,success
2096,-3.1786084175109863,3.057058572769165,-0.0002662234765011817,0.03300897404551506,0.03300897404551506,1.0,-3.0,success
2097,-3.17765212059021,3.056609869003296,-0.0002661774633452296,0.03301039710640907,0.03301039710640907,1.0,-3.0,success
2098,-3.176697015762329,3.0561587810516357,-0.00026616521063260734,0.03300842270255089,0.03300842270255089,1.0,-3.0,success
2099,-3.1757428646087646,3.0557055473327637,-0.000266179908066988,0.033010195940732956,0.03301019221544266,1.0,-3.0,success
2100,-3.1747899055480957,3.0552499294281006,-0.00026621605502441525,0.03300861641764641,0.03300861641764641,1.0,-3.0,success
2101,-3.173837900161743,3.0547924041748047,-0.00026626934413798153,0.033007506281137466,0.033007506281137466,1.0,-3.0,success
2102,-3.172886848449707,3.0543324947357178,-0.00026633625384420156,0.03301301971077919,0.03301301971077919,1.0,-3.0,success
2103,-3.1719369888305664,3.053870677947998,-0.0002664140483830124,0.033005502074956894,0.033005502074956894,1.0,-3.0,success
2104,-3.170988082885742,3.0534067153930664,-0.0002665004867594689,0.03300810232758522,0.03300810232758522,1.0,-3.0,success
2105,-3.1700401306152344,3.052940607070923,-0.0002665937936399132,0.03301086649298668,0.03301086276769638,1.0,-3.0,success
2106,-3.169093370437622,3.0524723529815674,-0.00026669257204048336,0.03300711140036583,0.03300711140036583,1.0,-3.0,success
2107,-3.168147563934326,3.052002191543579,-0.00026679568691179156,0.03300688788294792,0.03300688788294792,1.0,-3.0,success
2108,-3.1672027111053467,3.051529884338379,-0.00026690223603509367,0.033010128885507584,0.033010128885507584,1.0,-3.0,success
2109,-3.1662590503692627,3.051055669784546,-0.0002670115209184587,0.033003535121679306,0.033003535121679306,1.0,-3.0,success
2110,-3.165316104888916,3.050579309463501,-0.0002671229303814471,0.03301374614238739,0.03301374614238739,1.0,-3.0,success
2111,-3.164374351501465,3.0501010417938232,-0.0002672360569704324,0.03300744667649269,0.03300744667649269,1.0,-3.0,success
2112,-3.163433790206909,3.0496206283569336,-0.0002673504641279578,0.03300468623638153,0.03300468623638153,1.0,-3.0,success
2113,-3.162493944168091,3.049138307571411,-0.0002674659190233797,0.03301195427775383,0.03301195055246353,1.0,-3.0,success
2114,-3.161555290222168,3.0486538410186768,-0.0002675821597222239,0.03300951048731804,0.03300951048731804,1.0,-3.0,success
2115,-3.1606178283691406,3.0481674671173096,-0.0002676990407053381,0.03300381824374199,0.03300381824374199,1.0,-3.0,success
2116,-3.1596813201904297,3.0476791858673096,-0.0002678163582459092,0.03300488367676735,0.03300488367676735,1.0,-3.0,success
2117,-3.158745765686035,3.0471887588500977,-0.00026793399592861533,0.03300954028964043,0.03300953656435013,1.0,-3.0,success
2118,-3.157811164855957,3.046696186065674,-0.00026805189554579556,0.03301435708999634,0.03301435708999634,1.0,-3.0,success
2119,-3.1568777561187744,3.046201705932617,-0.00026816996978595853,0.03300926834344864,0.03300926461815834,1.0,-3.0,success
2120,-3.1559455394744873,3.0457053184509277,-0.00026828813133761287,0.03300432488322258,0.03300432488322258,1.0,-3.0,success
2121,-3.1550142765045166,3.0452070236206055,-0.0002684063802007586,0.03300609812140465,0.03300609812140465,1.0,-3.0,success
2122,-3.1540839672088623,3.0447065830230713,-0.0002685246290639043,0.0330115407705307,0.0330115370452404,1.0,-3.0,success
2123,-3.1531548500061035,3.044203996658325,-0.00026864287792705,0.033010587096214294,0.033010587096214294,1.0,-3.0,success
2124,-3.152226686477661,3.0436997413635254,-0.0002687610685825348,0.03300924226641655,0.03300924226641655,1.0,-3.0,success
2125,-3.1512997150421143,3.0431933403015137,-0.00026887923013418913,0.03300860896706581,0.03300860896706581,1.0,-3.0,success
2126,-3.1503562927246094,3.042675733566284,-0.0002689122047740966,0.0336277075111866,0.0336277075111866,1.0,3.0,success
2127,-3.1494126319885254,3.042160749435425,-0.0002690001274459064,0.033594898879528046,0.033594898879528046,1.0,3.0,success
2128,-3.1484692096710205,3.0416483879089355,-0.0002690484398044646,0.033549170941114426,0.033549170941114426,1.0,3.0,success
2129,-3.1475253105163574,3.0411384105682373,-0.00026906063430942595,0.03352678567171097,0.03352678567171097,1.0,3.0,success
2130,-3.1465814113616943,3.040631055831909,-0.0002690436667762697,0.03348790481686592,0.03348790109157562,1.0,3.0,success
2131,-3.145637035369873,3.040126085281372,-0.0002690031542442739,0.03346583619713783,0.03346583619713783,1.0,3.0,success
2132,-3.1446919441223145,3.039623498916626,-0.0002689438115339726,0.033450499176979065,0.033450499176979065,1.0,3.0,success
2133,-3.1437458992004395,3.039123296737671,-0.00026886933483183384,0.033441927284002304,0.033441927284002304,1.0,3.0,success
2134,-3.142799139022827,3.0386252403259277,-0.00026878275093622506,0.03343041613698006,0.03343041613698006,1.0,3.0,success
2135,-3.1418514251708984,3.0381298065185547,-0.00026868650456890464,0.033418748527765274,0.033418744802474976,1.0,3.0,success
2136,-3.140902280807495,3.0376365184783936,-0.00026858251658268273,0.033427391201257706,0.033427391201257706,1.0,3.0,success
2137,-3.1399521827697754,3.0371456146240234,-0.00026847232948057353,0.03341957554221153,0.03341957554221153,1.0,3.0,success
2138,-3.139000415802002,3.0366570949554443,-0.0002683572529349476,0.03343183174729347,0.03343183174729347,1.0,3.0,success
2139,-3.138047218322754,3.036170721054077,-0.00026823824737221,0.033441074192523956,0.033441074192523956,1.0,3.0,success
2140,-3.1370925903320312,3.035686731338501,-0.0002681160985957831,0.03344714269042015,0.03344714269042015,1.0,3.0,success
2141,-3.13614821434021,3.0352132320404053,-0.000268047908321023,0.0330134853720665,0.0330134853720665,1.0,-3.0,success
2142,-3.135205030441284,3.0347375869750977,-0.00026796181919053197,0.0330103263258934,0.0330103263258934,1.0,-3.0,success
2143,-3.134263038635254,3.034259557723999,-0.000267914729192853,0.03301071748137474,0.03301071748137474,1.0,-3.0,success
2144,-3.133322238922119,3.0337793827056885,-0.0002679011086001992,0.03300793096423149,0.03300793096423149,1.0,-3.0,success
2145,-3.13238263130188,3.033296823501587,-0.00026791435084305704,0.033008724451065063,0.033008720725774765,1.0,-3.0,success
2146,-3.131443977355957,3.0328121185302734,-0.000267949013505131,0.03301293030381203,0.03301293030381203,1.0,-3.0,success
2147,-3.1305065155029297,3.032325506210327,-0.00026800070190802217,0.03300725296139717,0.03300725296139717,1.0,-3.0,success
2148,-3.1295700073242188,3.031836748123169,-0.0002680659817997366,0.033011775463819504,0.033011775463819504,1.0,-3.0,success
2149,-3.1286346912384033,3.031345844268799,-0.000268142088316381,0.033009860664606094,0.033009860664606094,1.0,-3.0,success
2150,-3.1277005672454834,3.030852794647217,-0.00026822680956684053,0.03300812840461731,0.03300812840461731,1.0,-3.0,success
2151,-3.12676739692688,3.030357837677002,-0.0002683183702174574,0.03300965949892998,0.03300965949892998,1.0,-3.0,success
2152,-3.125835418701172,3.029860734939575,-0.00026841534418053925,0.033008258789777756,0.033008258789777756,1.0,-3.0,success
2153,-3.1249043941497803,3.0293617248535156,-0.0002685166837181896,0.033010084182024,0.033010084182024,1.0,-3.0,success
2154,-3.123974561691284,3.028860569000244,-0.0002686213993001729,0.03300901874899864,0.03300901874899864,1.0,-3.0,success
2155,-3.1230459213256836,3.02835750579834,-0.0002687288506422192,0.033004578202962875,0.03300457447767258,1.0,-3.0,success
2156,-3.1221182346343994,3.0278522968292236,-0.00026883839746005833,0.03301039710640907,0.03301039710640907,1.0,-3.0,success
2157,-3.1211915016174316,3.0273454189300537,-0.00026894963230006397,0.03300921991467476,0.03300921618938446,1.0,-3.0,success
2158,-3.1202659606933594,3.0268361568450928,-0.00026906217681244016,0.03301239386200905,0.03301239386200905,1.0,-3.0,success
2159,-3.1193416118621826,3.026325225830078,-0.00026917573995888233,0.03300495818257332,0.03300495818257332,1.0,-3.0,success
2160,-3.1184182167053223,3.0258121490478516,-0.00026929008890874684,0.03301139548420906,0.03301139548420906,1.0,-3.0,success
2161,-3.1174960136413574,3.025297164916992,-0.00026940504903905094,0.03300785645842552,0.03300785645842552,1.0,-3.0,success
2162,-3.116574764251709,3.024780035018921,-0.0002695204457268119,0.03301461413502693,0.03301461040973663,1.0,-3.0,success
2163,-3.115654945373535,3.024260997772217,-0.00026963616255670786,0.03300488740205765,0.03300488740205765,1.0,-3.0,success
2164,-3.1147360801696777,3.02374005317688,-0.0002697521122172475,0.03300829231739044,0.03300828859210014,1.0,-3.0,success
2165,-3.1138181686401367,3.02321720123291,-0.00026986823650076985,0.03301182761788368,0.03301182761788368,1.0,-3.0,success
2166,-3.112901449203491,3.0226924419403076,-0.00026998447719961405,0.033009033650159836,0.033009033650159836,1.0,-3.0,success
2167,-3.111985921859741,3.022165536880493,-0.0002701007470022887,0.03301010653376579,0.03301010653376579,1.0,-3.0,success
2168,-3.1110715866088867,3.021636724472046,-0.00027021701680496335,0.033007629215717316,0.03300762549042702,1.0,-3.0,success
2169,-3.1101582050323486,3.021106004714966,-0.000270333286607638,0.03301173448562622,0.03301173448562622,1.0,-3.0,success
2170,-3.109246253967285,3.020573139190674,-0.00027044949820265174,0.03300686925649643,0.03300686925649643,1.0,-3.0,success
2171,-3.108335256576538,3.020038604736328,-0.00027056565159000456,0.03300750255584717,0.03300750255584717,1.0,-3.0,success
2172,-3.1074252128601074,3.0195019245147705,-0.000270681717665866,0.033015817403793335,0.033015817403793335,1.0,-3.0,success
2173,-3.1065165996551514,3.01896333694458,-0.0002707976964302361,0.0330076701939106,0.0330076701939106,1.0,-3.0,success
2174,-3.105609178543091,3.018422842025757,-0.00027091355877928436,0.03300609067082405,0.03300609067082405,1.0,-3.0,success
2175,-3.1047027111053467,3.0178802013397217,-0.0002710293047130108,0.03301488235592842,0.03301488235592842,1.0,-3.0,success
2176,-3.103797435760498,3.017335891723633,-0.00027114496333524585,0.03300977125763893,0.03300977125763893,1.0,-3.0,success
2177,-3.102893352508545,3.016789436340332,-0.00027126044733449817,0.03301248326897621,0.03301248326897621,1.0,-3.0,success
2178,-3.1019904613494873,3.0162413120269775,-0.0002713758440222591,0.03300764039158821,0.03300764039158821,1.0,-3.0,success
2179,-3.101088762283325,3.015691041946411,-0.0002714910951908678,0.033010683953762054,0.033010683953762054,1.0,-3.0,success
2180,-3.1001882553100586,3.015138864517212,-0.00027160620084032416,0.03301000967621803,0.03301000967621803,1.0,-3.0,success
2181,-3.0992889404296875,3.01458477973938,-0.00027172116097062826,0.03300948441028595,0.03300948441028595,1.0,-3.0,success
2182,-3.098390817642212,3.014028787612915,-0.00027183600468561053,0.033009108155965805,0.033009108155965805,1.0,-3.0,success
2183,-3.0974936485290527,3.0134708881378174,-0.00027195067377761006,0.033015210181474686,0.033015210181474686,1.0,-3.0,success
2184,-3.096597909927368,3.012911081314087,-0.00027206522645428777,0.03300880640745163,0.03300880640745163,1.0,-3.0,success
2185,-3.095703363418579,3.0123491287231445,-0.00027217960450798273,0.03301284462213516,0.033012840896844864,1.0,-3.0,success
2186,-3.0948100090026855,3.0117855072021484,-0.00027229386614635587,0.03300910070538521,0.03300910070538521,1.0,-3.0,success
2187,-3.0939178466796875,3.0112199783325195,-0.00027240795316174626,0.03300947695970535,0.03300947695970535,1.0,-3.0,success
2188,-3.093026876449585,3.010652542114258,-0.0002725218946579844,0.03300999477505684,0.03300999477505684,1.0,-3.0,success
2189,-3.092137098312378,3.010082960128784,-0.0002726356906350702,0.0330146849155426,0.0330146849155426,1.0,-3.0,success
2190,-3.0912487506866455,3.009511709213257,-0.00027274934109300375,0.03300522267818451,0.03300522267818451,1.0,-3.0,success
2191,-3.0903613567352295,3.0089385509490967,-0.00027286281692795455,0.03301246091723442,0.03301246091723442,1.0,-3.0,success
2192,-3.089475154876709,3.0083632469177246,-0.00027297617634758353,0.03301763907074928,0.03301763907074928,1.0,-3.0,success
2193,-3.088590383529663,3.007786273956299,-0.00027308936114422977,0.03300861269235611,0.03300860896706581,1.0,-3.0,success
2194,-3.0877068042755127,3.0072073936462402,-0.00027320237131789327,0.03301003947854042,0.03301003947854042,1.0,-3.0,success
2195,-3.086824417114258,3.006626605987549,-0.00027331526507623494,0.03301161900162697,0.03301161900162697,1.0,-3.0,success
2196,-3.0859434604644775,3.0060439109802246,-0.00027342798421159387,0.03300713375210762,0.03300713002681732,1.0,-3.0,success
2197,-3.0850634574890137,3.0054593086242676,-0.00027354052872397006,0.03301522508263588,0.03301522508263588,1.0,-3.0,success
2198,-3.0841848850250244,3.0048727989196777,-0.0002736529568210244,0.0330110527575016,0.033011049032211304,1.0,-3.0,success
2199,-3.0833075046539307,3.004284381866455,-0.0002737651811912656,0.0330132357776165,0.0330132357776165,1.0,-3.0,success
2200,-3.0824313163757324,3.0036942958831787,-0.0002738772891461849,0.033011410385370255,0.033011410385370255,1.0,-3.0,success
2201,-3.081556558609009,3.0031020641326904,-0.0002739892224781215,0.03301188722252846,0.03301188722252846,1.0,-3.0,success
2202,-3.0806829929351807,3.0025081634521484,-0.00027410101029090583,0.033010341227054596,0.0330103375017643,1.0,-3.0,success
2203,-3.079810619354248,3.0019123554229736,-0.0002742126234807074,0.03301311656832695,0.03301311656832695,1.0,-3.0,success
2204,-3.07893967628479,3.001314640045166,-0.00027432406204752624,0.033009905368089676,0.033009905368089676,1.0,-3.0,success
2205,-3.0780699253082275,3.0007150173187256,-0.0002744353550951928,0.0330129899084568,0.0330129899084568,1.0,-3.0,success
2206,-3.0772016048431396,3.0001134872436523,-0.00027454650262370706,0.033010102808475494,0.033010102808475494,1.0,-3.0,success
2207,-3.076350688934326,2.999499559402466,-0.0002707216772250831,0.032789867371320724,0.032789651304483414,1.0,-3.0,success
2208,-3.07548451423645,2.998894214630127,-0.0002713724097702652,0.033023152500391006,0.03302314504981041,1.0,-3.0,success
2209,-3.074619770050049,2.9982869625091553,-0.0002721521886996925,0.0330207385122776,0.033020731061697006,1.0,-3.0,success
2210,-3.073756217956543,2.99767804145813,-0.0002728100516833365,0.03302028402686119,0.03302028030157089,1.0,-3.0,success
2211,-3.072894334793091,2.9970669746398926,-0.00027335883351042867,0.03301641345024109,0.03301640599966049,1.0,-3.0,success
2212,-3.072033643722534,2.9964542388916016,-0.0002738197217695415,0.03301624581217766,0.03301624208688736,1.0,-3.0,success
2213,-3.071174144744873,2.9958395957946777,-0.00027421023696660995,0.033020541071891785,0.033020537346601486,1.0,-3.0,success
2214,-3.0703160762786865,2.9952232837677,-0.00027454443625174463,0.03301458805799484,0.033014584332704544,1.0,-3.0,success
2215,-3.0694594383239746,2.9946048259735107,-0.0002748335828073323,0.03301749378442764,0.033017490059137344,1.0,-3.0,success
2216,-3.0686042308807373,2.9939846992492676,-0.0002750866406131536,0.033011846244335175,0.033011846244335175,1.0,-3.0,success
2217,-3.0677502155303955,2.9933629035949707,-0.0002753107692115009,0.03301236778497696,0.03301236778497696,1.0,-3.0,success
2218,-3.0668976306915283,2.992738962173462,-0.00027551178936846554,0.033015795052051544,0.033015795052051544,1.0,-3.0,success
2219,-3.0660462379455566,2.9921133518218994,-0.00027569421217776835,0.033016595989465714,0.033016595989465714,1.0,-3.0,success
2220,-3.0651962757110596,2.991485834121704,-0.0002758617920335382,0.03301595151424408,0.03301594778895378,1.0,-3.0,success
2221,-3.064347743988037,2.990856647491455,-0.0002760174684226513,0.03301103413105011,0.03301103413105011,1.0,-3.0,success
2222,-3.0635006427764893,2.9902255535125732,-0.00027616354054771364,0.033010710030794144,0.033010710030794144,1.0,-3.0,success
2223,-3.062654733657837,2.9895927906036377,-0.00027630190015770495,0.03301205858588219,0.03301205858588219,1.0,-3.0,success
2224,-3.061810255050659,2.9889578819274902,-0.00027643408975563943,0.03301652520895004,0.033016521483659744,1.0,-3.0,success
2225,-3.060966968536377,2.988321542739868,-0.0002765613025985658,0.033013664186000824,0.033013664186000824,1.0,-3.0,success
2226,-3.0601251125335693,2.987683057785034,-0.00027668449911288917,0.03301846981048584,0.03301846608519554,1.0,-3.0,success
2227,-3.059283971786499,2.9870424270629883,-0.0002767998375929892,0.033041246235370636,0.033041246235370636,1.0,-3.0,success
2228,-3.0584452152252197,2.9863922595977783,-0.00027690024580806494,0.03316374868154526,0.03316374868154526,1.0,-3.0,success
2229,-3.057607889175415,2.985736131668091,-0.00027700827922672033,0.03324298933148384,0.03324298933148384,1.0,-3.0,success
2230,-3.056770086288452,2.9850778579711914,-0.00027712402516044676,0.03329610824584961,0.03329610452055931,1.0,-3.0,success
2231,-3.05593204498291,2.9844179153442383,-0.00027724020765163004,0.03333421051502228,0.03333420678973198,1.0,-3.0,success
2232,-3.055094003677368,2.983755588531494,-0.00027735650655813515,0.03338035196065903,0.03338035196065903,1.0,-3.0,success
2233,-3.054255247116089,2.983091354370117,-0.0002774728345684707,0.03343486413359642,0.03343486413359642,1.0,-3.0,success
2234,-3.0534164905548096,2.9824252128601074,-0.0002775891625788063,0.03347189724445343,0.03347189724445343,1.0,-3.0,success
2235,-3.052577257156372,2.981757164001465,-0.00027770543238148093,0.03352065756917,0.03352065756917,1.0,-3.0,success
2236,-3.0517377853393555,2.9810869693756104,-0.0002778216148726642,0.033568285405635834,0.033568285405635834,1.0,-3.0,success
2237,-3.0508975982666016,2.980414628982544,-0.0002779377100523561,0.03362761065363884,0.03362761065363884,1.0,-3.0,success
2238,-3.050058364868164,2.9797403812408447,-0.0002780577924568206,0.033641647547483444,0.033641647547483444,1.0,-3.0,success
2239,-3.0492208003997803,2.9790642261505127,-0.00027818026137538254,0.03363841399550438,0.03363841399550438,1.0,-3.0,success
2240,-3.048384666442871,2.978386163711548,-0.00027830147882923484,0.03364115208387375,0.03364115208387375,1.0,-3.0,success
2241,-3.0475502014160156,2.977705955505371,-0.00027842147392220795,0.03364298492670059,0.03364298492670059,1.0,-3.0,success
2242,-3.046717405319214,2.9770238399505615,-0.00027854047948494554,0.033640313893556595,0.033640313893556595,1.0,-3.0,success
2243,-3.045886278152466,2.97633957862854,-0.0002786586410365999,0.033642563968896866,0.033642563968896866,1.0,-3.0,success
2244,-3.0450565814971924,2.975653648376465,-0.0002787760749924928,0.0336412712931633,0.033641267567873,1.0,-3.0,success
2245,-3.0442285537719727,2.9749655723571777,-0.0002788928977679461,0.03364390879869461,0.03364390507340431,1.0,-3.0,success
2246,-3.0434021949768066,2.974275588989258,-0.0002790091384667903,0.033641982823610306,0.033641982823610306,1.0,-3.0,success
2247,-3.0425775051116943,2.973583459854126,-0.00027912494260817766,0.033645033836364746,0.033645033836364746,1.0,-3.0,success
2248,-3.0417542457580566,2.9728896617889404,-0.0002792402810882777,0.03364438936114311,0.03364438936114311,1.0,-3.0,success
2249,-3.0409328937530518,2.972193717956543,-0.0002793552412185818,0.03364214301109314,0.03364214301109314,1.0,-3.0,success
2250,-3.0401129722595215,2.9714958667755127,-0.0002794698521029204,0.03364665061235428,0.03364665061235428,1.0,-3.0,success
2251,-3.039294958114624,2.9707961082458496,-0.000279584142845124,0.033640000969171524,0.033640000969171524,1.0,-3.0,success
2252,-3.038478374481201,2.9700944423675537,-0.0002796981134451926,0.03364485502243042,0.03364485502243042,1.0,-3.0,success
2253,-3.037663459777832,2.969390869140625,-0.0002798117930069566,0.033644236624240875,0.033644236624240875,1.0,-3.0,success
2254,-3.0368504524230957,2.9686853885650635,-0.000279925181530416,0.033638179302215576,0.03363817557692528,1.0,-3.0,success
2255,-3.036038875579834,2.96797776222229,-0.0002800383372232318,0.03364845737814903,0.03364845737814903,1.0,-3.0,success
2256,-3.035228967666626,2.967268466949463,-0.000280151201877743,0.03364350274205208,0.03364350274205208,1.0,-3.0,success
2257,-3.034420967102051,2.966557025909424,-0.0002802638045977801,0.0336429588496685,0.0336429588496685,1.0,-3.0,success
2258,-3.03361439704895,2.965843915939331,-0.00028037617448717356,0.033643946051597595,0.033643946051597595,1.0,-3.0,success
2259,-3.0328097343444824,2.9651286602020264,-0.0002804882824420929,0.033643826842308044,0.033643823117017746,1.0,-3.0,success
2260,-3.0320065021514893,2.964411497116089,-0.0002806001575663686,0.03365009278059006,0.03365009278059006,1.0,-3.0,success
2261,-3.031205177307129,2.9636926651000977,-0.0002807117998600006,0.03364046290516853,0.03364046290516853,1.0,-3.0,success
2262,-3.0304055213928223,2.9629716873168945,-0.00028082318021915853,0.03364652022719383,0.03364652022719383,1.0,-3.0,success
2263,-3.0296075344085693,2.9622490406036377,-0.0002809343277476728,0.03364279121160507,0.03364279121160507,1.0,-3.0,success
2264,-3.02881121635437,2.961524248123169,-0.0002810452424455434,0.033649250864982605,0.033649250864982605,1.0,-3.0,success
2265,-3.0280165672302246,2.9607977867126465,-0.00028115592431277037,0.0336458645761013,0.0336458645761013,1.0,-3.0,success
2266,-3.027223825454712,2.960069417953491,-0.00028126637334935367,0.03364219516515732,0.03364219516515732,1.0,-3.0,success
2267,-3.026432752609253,2.959339141845703,-0.00028137656045146286,0.033644210547208786,0.033644210547208786,1.0,-3.0,success
2268,-3.0256433486938477,2.9586069583892822,-0.00028148654382675886,0.03364641219377518,0.03364641219377518,1.0,-3.0,success
2269,-3.024855613708496,2.9578728675842285,-0.00028159626526758075,0.03364880383014679,0.03364880010485649,1.0,-3.0,success
2270,-3.0240697860717773,2.957137107849121,-0.000281705753877759,0.033640842884778976,0.033640842884778976,1.0,-3.0,success
2271,-3.0232856273651123,2.9563992023468018,-0.00028181500965729356,0.03364870697259903,0.03364870697259903,1.0,-3.0,success
2272,-3.022503137588501,2.9556596279144287,-0.0002819240326061845,0.03364655002951622,0.03364655002951622,1.0,-3.0,success
2273,-3.0217223167419434,2.954918146133423,-0.00028203282272443175,0.03364968299865723,0.03364967927336693,1.0,-3.0,success
2274,-3.0209434032440186,2.954174757003784,-0.0002821413509082049,0.03364760801196098,0.03364760801196098,1.0,-3.0,success
2275,-3.0201663970947266,2.953429698944092,-0.0002822496462613344,0.03364059329032898,0.03364059329032898,1.0,-3.0,success
2276,-3.0193910598754883,2.9526824951171875,-0.00028235770878382027,0.03364946320652962,0.03364946320652962,1.0,-3.0,success
2277,-3.0186173915863037,2.9519336223602295,-0.00028246553847566247,0.033648181706666946,0.033648181706666946,1.0,-3.0,success
2278,-3.017845392227173,2.9511830806732178,-0.00028257310623303056,0.03364706039428711,0.03364706039428711,1.0,-3.0,success
2279,-3.017075300216675,2.9504306316375732,-0.000282680441159755,0.033645980060100555,0.033645980060100555,1.0,-3.0,success
2280,-3.0163071155548096,2.949676275253296,-0.00028278754325583577,0.033645108342170715,0.033645108342170715,1.0,-3.0,success
2281,-3.015540599822998,2.9489200115203857,-0.00028289438341744244,0.0336497537791729,0.0336497500538826,1.0,-3.0,success
2282,-3.0147759914398193,2.948162078857422,-0.00028300099074840546,0.033644042909145355,0.033644042909145355,1.0,-3.0,success
2283,-3.0140130519866943,2.947402238845825,-0.0002831073652487248,0.033649057149887085,0.033649057149887085,1.0,-3.0,success
2284,-3.013251781463623,2.946640729904175,-0.00028321347781457007,0.03364899009466171,0.03364899009466171,1.0,-3.0,success
2285,-3.0124924182891846,2.9458773136138916,-0.00028331935754977167,0.03364910930395126,0.03364910930395126,1.0,-3.0,success
2286,-3.011734962463379,2.9451119899749756,-0.00028342497535049915,0.03364944085478783,0.03364943712949753,1.0,-3.0,success
2287,-3.010979413986206,2.944344997406006,-0.000283530360320583,0.0336446687579155,0.0336446687579155,1.0,-3.0,success
2288,-3.010225534439087,2.9435763359069824,-0.00028363551246002316,0.033645305782556534,0.033645305782556534,1.0,-3.0,success
2289,-3.0094733238220215,2.942805767059326,-0.00028374040266498923,0.033651433885097504,0.033651433885097504,1.0,-3.0,success
2290,-3.008723258972168,2.942033290863037,-0.0002838450309354812,0.03364736586809158,0.03364736586809158,1.0,-3.0,success
2291,-3.007974624633789,2.9412591457366943,-0.0002839494263753295,0.033653710037469864,0.033653710037469864,1.0,-3.0,success
2292,-3.007228136062622,2.940483331680298,-0.0002840535598807037,0.03364469110965729,0.03364469110965729,1.0,-3.0,success
2293,-3.006483554840088,2.9397056102752686,-0.0002841574605554342,0.03364642336964607,0.033646419644355774,1.0,-3.0,success
2294,-3.0057406425476074,2.9389262199401855,-0.00028426109929569066,0.03364810720086098,0.03364810720086098,1.0,-3.0,success
2295,-3.0049993991851807,2.9381449222564697,-0.000284364476101473,0.03365536034107208,0.03365536034107208,1.0,-3.0,success
2296,-3.004260301589966,2.9373619556427,-0.00028446762007661164,0.03364714980125427,0.03364714980125427,1.0,-3.0,success
2297,-3.0035228729248047,2.936577320098877,-0.0002845705021172762,0.03364935517311096,0.03364935517311096,1.0,-3.0,success
2298,-3.0027875900268555,2.935790777206421,-0.00028467312222346663,0.03364698588848114,0.03364698588848114,1.0,-3.0,success
2299,-3.00205397605896,2.935002565383911,-0.0002847755094990134,0.03364955261349678,0.03364954888820648,1.0,-3.0,success
2300,-3.0013222694396973,2.9342126846313477,-0.0002848776348400861,0.03364720940589905,0.03364720940589905,1.0,-3.0,success
2301,-3.0005922317504883,2.9334211349487305,-0.00028497949824668467,0.03365010768175125,0.03365010768175125,1.0,-3.0,success
2302,-2.999864339828491,2.9326276779174805,-0.00028508109971880913,0.03364858403801918,0.03364858031272888,1.0,-3.0,success
2303,-2.999138116836548,2.9318325519561768,-0.00028518246836028993,0.033651839941740036,0.03365183621644974,1.0,-3.0,success
2304,-2.9984140396118164,2.9310357570648193,-0.0002852835750672966,0.03364523500204086,0.03364523500204086,1.0,-3.0,success
2305,-2.9976916313171387,2.930237054824829,-0.0002853844198398292,0.033654361963272095,0.033654361963272095,1.0,-3.0,success
2306,-2.9969711303710938,2.9294369220733643,-0.0002854850026778877,0.03364761546254158,0.03364761546254158,1.0,-3.0,success
2307,-2.9962525367736816,2.9286348819732666,-0.00028558532358147204,0.03365212678909302,0.03365212678909302,1.0,-3.0,success
2308,-2.9955358505249023,2.9278311729431152,-0.0002856853825505823,0.03365129232406616,0.03365129232406616,1.0,-3.0,success
2309,-2.994821310043335,2.92702579498291,-0.0002857852086890489,0.03364569693803787,0.03364569693803787,1.0,-3.0,success
2310,-2.9941084384918213,2.9262187480926514,-0.0002858847437892109,0.03365017846226692,0.033650174736976624,1.0,-3.0,success
2311,-2.9933974742889404,2.925410032272339,-0.0002859840460587293,0.03364989906549454,0.03364989906549454,1.0,-3.0,success
2312,-2.9926884174346924,2.9245994091033936,-0.0002860830572899431,0.03365541249513626,0.03365541249513626,1.0,-3.0,success
2313,-2.991981267929077,2.9237873554229736,-0.00028618183569051325,0.033649902790784836,0.033649902790784836,1.0,-3.0,success
2314,-2.991276264190674,2.9229736328125,-0.00028628032305277884,0.033645302057266235,0.033645302057266235,1.0,-3.0,success
2315,-2.990572929382324,2.9221580028533936,-0.0002863785775844008,0.033656295388936996,0.033656295388936996,1.0,-3.0,success
2316,-2.9898717403411865,2.9213409423828125,-0.00028647654107771814,0.03364645317196846,0.03364645317196846,1.0,-3.0,success
2317,-2.9891722202301025,2.9205219745635986,-0.00028657427174039185,0.03365781158208847,0.03365781158208847,1.0,-3.0,success
2318,-2.9884748458862305,2.91970157623291,-0.000286671711364761,0.03364834561944008,0.03364834561944008,1.0,-3.0,success
2319,-2.987779378890991,2.918879508972168,-0.00028676888905465603,0.03364957496523857,0.03364957123994827,1.0,-3.0,success
2320,-2.9870858192443848,2.918055772781372,-0.00028686580481007695,0.03365098685026169,0.03365098685026169,1.0,-3.0,success
2321,-2.986394166946411,2.9172303676605225,-0.00028696245863102376,0.03365258499979973,0.03365258127450943,1.0,-3.0,success
2322,-2.9857046604156494,2.916403293609619,-0.00028705885051749647,0.03364960104227066,0.03364960104227066,1.0,-3.0,success
2323,-2.9850170612335205,2.915574550628662,-0.0002871549513656646,0.03365158662199974,0.03365158662199974,1.0,-3.0,success
2324,-2.9843313694000244,2.9147441387176514,-0.0002872507902793586,0.033653758466243744,0.033653754740953445,1.0,-3.0,success
2325,-2.983647584915161,2.913912296295166,-0.00028734636725857854,0.03365036100149155,0.03365035727620125,1.0,-3.0,success
2326,-2.9829657077789307,2.913078784942627,-0.00028744168230332434,0.0336528904736042,0.0336528904736042,1.0,-3.0,success
2327,-2.982285976409912,2.912243604660034,-0.00028753673541359603,0.03365090489387512,0.03365090489387512,1.0,-3.0,success
2328,-2.9816081523895264,2.9114067554473877,-0.00028763149748556316,0.033653825521469116,0.03365382179617882,1.0,-3.0,success
2329,-2.9809324741363525,2.9105684757232666,-0.0002877259976230562,0.03364645317196846,0.03364645317196846,1.0,-3.0,success
2330,-2.9802587032318115,2.9097282886505127,-0.0002878202358260751,0.0336555577814579,0.0336555577814579,1.0,-3.0,success
2331,-2.9795868396759033,2.908886671066284,-0.0002879141829907894,0.033653225749731064,0.033653225749731064,1.0,-3.0,success
2332,-2.978916883468628,2.908043622970581,-0.00028800786822102964,0.03365105763077736,0.03365105763077736,1.0,-3.0,success
2333,-2.9782490730285645,2.907198905944824,-0.00028810129151679575,0.03365027904510498,0.03365027904510498,1.0,-3.0,success
2334,-2.977583169937134,2.9063525199890137,-0.0002881944237742573,0.03365432098507881,0.03365431725978851,1.0,-3.0,success
2335,-2.976919412612915,2.9055044651031494,-0.00028828729409724474,0.03365395590662956,0.03365395590662956,1.0,-3.0,success
2336,-2.976257562637329,2.9046549797058105,-0.0002883798733819276,0.03365250304341316,0.03365250304341316,1.0,-3.0,success
2337,-2.975597858428955,2.903803825378418,-0.00028847219073213637,0.03365254029631615,0.03365254029631615,1.0,-3.0,success
2338,-2.974940061569214,2.902951240539551,-0.00028856421704404056,0.0336514413356781,0.0336514413356781,1.0,-3.0,success
2339,-2.9742841720581055,2.90209698677063,-0.00028865598142147064,0.033656418323516846,0.033656418323516846,1.0,-3.0,success
2340,-2.973630428314209,2.9012413024902344,-0.0002887474838644266,0.03365113586187363,0.03365113213658333,1.0,-3.0,success
2341,-2.9729788303375244,2.900383949279785,-0.000288838695269078,0.03365197405219078,0.03365197405219078,1.0,-3.0,success
2342,-2.9723291397094727,2.8995251655578613,-0.00028892961563542485,0.03365158289670944,0.03365158289670944,1.0,-3.0,success
2343,-2.971681594848633,2.898664712905884,-0.0002890202740672976,0.03365282714366913,0.03365282714366913,1.0,-3.0,success
2344,-2.971035957336426,2.8978028297424316,-0.00028911064146086574,0.033652786165475845,0.033652786165475845,1.0,-3.0,success
2345,-2.9703924655914307,2.896939277648926,-0.0002892007469199598,0.033654436469078064,0.033654432743787766,1.0,-3.0,success
2346,-2.9697508811950684,2.8960742950439453,-0.00028929056134074926,0.033654749393463135,0.033654745668172836,1.0,-3.0,success
2347,-2.969111442565918,2.8952078819274902,-0.00028938011382706463,0.033650800585746765,0.033650800585746765,1.0,-3.0,success
2348,-2.9684739112854004,2.8943397998809814,-0.000289469346171245,0.033657461404800415,0.033657461404800415,1.0,-3.0,success
2349,-2.967838764190674,2.893470287322998,-0.00028955834568478167,0.0336495004594326,0.0336494967341423,1.0,-3.0,success
2350,-2.967205286026001,2.89259934425354,-0.00028964702505618334,0.03365490213036537,0.03365490213036537,1.0,-3.0,success
2351,-2.966574192047119,2.8917267322540283,-0.0002897354424931109,0.0336533784866333,0.0336533784866333,1.0,-3.0,success
2352,-2.96594500541687,2.890852689743042,-0.0002898235688917339,0.03365475684404373,0.03365475311875343,1.0,-3.0,success
2353,-2.965317964553833,2.889977216720581,-0.0002899114042520523,0.03365195542573929,0.03365195542573929,1.0,-3.0,success
2354,-2.964693069458008,2.8891000747680664,-0.0002899989776778966,0.03365541994571686,0.03365541994571686,1.0,-3.0,success
2355,-2.9640700817108154,2.8882217407226562,-0.00029008626006543636,0.03365125134587288,0.03365124762058258,1.0,-3.0,success
2356,-2.963449239730835,2.8873417377471924,-0.00029017325141467154,0.03365510329604149,0.03365509957075119,1.0,-3.0,success
2357,-2.9628305435180664,2.886460304260254,-0.00029025995172560215,0.03365306928753853,0.03365306928753853,1.0,-3.0,success
2358,-2.9622137546539307,2.885577440261841,-0.0002903463609982282,0.033655501902103424,0.033655501902103424,1.0,-3.0,success
2359,-2.961599349975586,2.884692907333374,-0.0002904325083363801,0.03365570679306984,0.03365570306777954,1.0,-3.0,success
2360,-2.960986852645874,2.8838071823120117,-0.0002905183646362275,0.033652372658252716,0.033652372658252716,1.0,-3.0,success
2361,-2.960376501083374,2.8829197883605957,-0.00029060390079393983,0.03365723416209221,0.03365723416209221,1.0,-3.0,success
2362,-2.959768295288086,2.882031202316284,-0.00029068917501717806,0.03365001454949379,0.03365001454949379,1.0,-3.0,success
2363,-2.9591619968414307,2.881140947341919,-0.0002907741582021117,0.03365948051214218,0.03365947678685188,1.0,-3.0,success
2364,-2.9585580825805664,2.880249500274658,-0.00029085887945257127,0.03364843130111694,0.03364843130111694,1.0,-3.0,success
2365,-2.957956075668335,2.8793563842773438,-0.0002909432805608958,0.03365827351808548,0.03365827351808548,1.0,-3.0,success
2366,-2.9573562145233154,2.8784618377685547,-0.00029102739063091576,0.03365796059370041,0.03365796059370041,1.0,-3.0,success
2367,-2.956758737564087,2.87756609916687,-0.00029111120966263115,0.033647503703832626,0.033647503703832626,1.0,-3.0,success
2368,-2.956163167953491,2.876668691635132,-0.00029119476675987244,0.03365790843963623,0.03365790843963623,1.0,-3.0,success
2369,-2.9555697441101074,2.875770092010498,-0.0002912780037149787,0.03365195542573929,0.03365195542573929,1.0,-3.0,success
2370,-2.9549784660339355,2.8748698234558105,-0.0002913609496317804,0.033658627420663834,0.033658627420663834,1.0,-3.0,success
2371,-2.9543893337249756,2.8739683628082275,-0.00029144363361410797,0.03365304321050644,0.03365304321050644,1.0,-3.0,success
2372,-2.9538021087646484,2.87306547164917,-0.0002915259974543005,0.03365794196724892,0.03365794196724892,1.0,-3.0,success
2373,-2.9532172679901123,2.8721611499786377,-0.0002916080702561885,0.03365490213036537,0.03365490213036537,1.0,-3.0,success
2374,-2.952634572982788,2.871255397796631,-0.00029168985201977193,0.033656127750873566,0.03365612402558327,1.0,-3.0,success
2375,-2.952054023742676,2.8703482151031494,-0.0002917713427450508,0.03365753963589668,0.03365753963589668,1.0,-3.0,success
2376,-2.9514756202697754,2.8694398403167725,-0.0002918525424320251,0.033652860671281815,0.033652860671281815,1.0,-3.0,success
2377,-2.950899362564087,2.868530035018921,-0.0002919334510806948,0.033654648810625076,0.03365464508533478,1.0,-3.0,success
2378,-2.9503252506256104,2.8676187992095947,-0.0002920140395872295,0.03365662693977356,0.03365662693977356,1.0,-3.0,success
2379,-2.9497532844543457,2.866706371307373,-0.0002920943661592901,0.03365249186754227,0.03365249186754227,1.0,-3.0,success
2380,-2.949183464050293,2.8657922744750977,-0.00029217437258921564,0.03366117179393768,0.03366117179393768,1.0,-3.0,success
2381,-2.948615789413452,2.864877223968506,-0.00029225408798083663,0.033651068806648254,0.033651065081357956,1.0,-3.0,success
2382,-2.9480504989624023,2.8639605045318604,-0.00029233351233415306,0.03365623205900192,0.03365623205900192,1.0,-3.0,success
2383,-2.9474871158599854,2.8630425930023193,-0.0002924126456491649,0.033656731247901917,0.03365672752261162,1.0,-3.0,success
2384,-2.9469261169433594,2.8621232509613037,-0.00029249145882204175,0.03365596756339073,0.03365596756339073,1.0,-3.0,success
2385,-2.946367025375366,2.8612027168273926,-0.0002925700100604445,0.03365679085254669,0.03365679085254669,1.0,-3.0,success
2386,-2.945810317993164,2.860280752182007,-0.0002926482411567122,0.03365643694996834,0.03365643694996834,1.0,-3.0,success
2387,-2.945255756378174,2.8593575954437256,-0.00029272615211084485,0.03365375101566315,0.03365375101566315,1.0,-3.0,success
2388,-2.9447035789489746,2.8584330081939697,-0.0002928038011305034,0.03365381807088852,0.03365381807088852,1.0,-3.0,success
2389,-2.944153308868408,2.8575069904327393,-0.00029288113000802696,0.03366171941161156,0.03366171941161156,1.0,-3.0,success
2390,-2.943605422973633,2.8565797805786133,-0.0002929581387434155,0.03365578502416611,0.03365578502416611,1.0,-3.0,success
2391,-2.9430596828460693,2.855651378631592,-0.0002930348855443299,0.03365383297204971,0.033653829246759415,1.0,-3.0,success
2392,-2.9425160884857178,2.8547215461730957,-0.00029311131220310926,0.03365848585963249,0.03365848585963249,1.0,-3.0,success
2393,-2.941974639892578,2.853790521621704,-0.0002931874187197536,0.03365689143538475,0.03365689143538475,1.0,-3.0,success
2394,-2.9414355754852295,2.852858066558838,-0.00029326326330192387,0.033658187836408615,0.033658187836408615,1.0,-3.0,success
2395,-2.9408986568450928,2.8519246578216553,-0.0002933387877419591,0.033650510013103485,0.033650510013103485,1.0,-3.0,success
2396,-2.940363883972168,2.850989580154419,-0.0002934139920398593,0.03366238996386528,0.03366238623857498,1.0,-3.0,success
2397,-2.939831495285034,2.850053548812866,-0.00029348890529945493,0.03365136310458183,0.03365136310458183,1.0,-3.0,success
2398,-2.9393012523651123,2.849116086959839,-0.000293563527520746,0.03365716710686684,0.03365716710686684,1.0,-3.0,success
2399,-2.9387731552124023,2.848177433013916,-0.00029363782959990203,0.03365666791796684,0.03365666791796684,1.0,-3.0,success
2400,-2.9382472038269043,2.8472373485565186,-0.00029371181153692305,0.03366284444928169,0.033662840723991394,1.0,-3.0,success
2401,-2.9377236366271973,2.8462963104248047,-0.00029378553153946996,0.033652570098638535,0.033652570098638535,1.0,-3.0,success
2402,-2.937202215194702,2.845353841781616,-0.0002938589022960514,0.03365912660956383,0.03365912660956383,1.0,-3.0,success
2403,-2.936683177947998,2.8444101810455322,-0.00029393198201432824,0.03365575894713402,0.03365575894713402,1.0,-3.0,success
2404,-2.936166286468506,2.8434653282165527,-0.00029400477069430053,0.03365617245435715,0.03365616872906685,1.0,-3.0,success
2405,-2.9356517791748047,2.8425190448760986,-0.0002940772392321378,0.033659741282463074,0.033659741282463074,1.0,-3.0,success
2406,-2.9351391792297363,2.841571807861328,-0.0002941494167316705,0.03365752100944519,0.03365752100944519,1.0,-3.0,success
2407,-2.934629201889038,2.840623140335083,-0.0002942212740890682,0.03365796059370041,0.03365796059370041,1.0,-3.0,success
2408,-2.9341211318969727,2.8396735191345215,-0.0002942928113043308,0.033656053245067596,0.033656053245067596,1.0,-3.0,success
2409,-2.9336156845092773,2.8387224674224854,-0.0002943640574812889,0.03365693613886833,0.03365693241357803,1.0,-3.0,success
2410,-2.933112144470215,2.8377702236175537,-0.00029443498351611197,0.03366193175315857,0.03366193175315857,1.0,-3.0,success
2411,-2.9326109886169434,2.8368170261383057,-0.0002945055894088,0.03365354239940643,0.03365354239940643,1.0,-3.0,success
2412,-2.932112216949463,2.835862398147583,-0.0002945759042631835,0.033658552914857864,0.033658552914857864,1.0,-3.0,success
2413,-2.9316155910491943,2.834906816482544,-0.0002946459280792624,0.03365399315953255,0.03365399315953255,1.0,-3.0,success
2414,-2.931121349334717,2.8339498043060303,-0.0002947156026493758,0.03365941345691681,0.03365940973162651,1.0,-3.0,success
2415,-2.930629253387451,2.832991600036621,-0.00029478498618118465,0.03366183117032051,0.03366183117032051,1.0,-3.0,success
2416,-2.9301395416259766,2.8320324420928955,-0.0002948540495708585,0.03365440294146538,0.03365439921617508,1.0,-3.0,success
2417,-2.929651975631714,2.8310720920562744,-0.00029492282192222774,0.033657174557447433,0.033657174557447433,1.0,-3.0,success
2418,-2.929166793823242,2.830110549926758,-0.000294991274131462,0.0336567647755146,0.0336567647755146,1.0,-3.0,success
2419,-2.9286837577819824,2.8291478157043457,-0.0002950594061985612,0.03365990146994591,0.03365990146994591,1.0,-3.0,success
2420,-2.9282031059265137,2.828183889389038,-0.0002951272181235254,0.03365989029407501,0.03365989029407501,1.0,-3.0,success
2421,-2.927724838256836,2.827219009399414,-0.00029519470990635455,0.03365341201424599,0.03365340828895569,1.0,-3.0,success
2422,-2.92724871635437,2.8262526988983154,-0.00029526191065087914,0.03366377577185631,0.03366377577185631,1.0,-3.0,success
2423,-2.9267749786376953,2.8252854347229004,-0.0002953287912532687,0.033657677471637726,0.033657677471637726,1.0,-3.0,success
2424,-2.9263033866882324,2.824317216873169,-0.00029539535171352327,0.03365502879023552,0.03365502506494522,1.0,-3.0,success
2425,-2.9258341789245605,2.823347568511963,-0.00029546162113547325,0.03366270288825035,0.03366269916296005,1.0,-3.0,success
2426,-2.9253673553466797,2.8223769664764404,-0.00029552754131145775,0.033657170832157135,0.033657170832157135,1.0,-3.0,success
2427,-2.9249026775360107,2.8214054107666016,-0.0002955931704491377,0.03365504369139671,0.03365504369139671,1.0,-3.0,success
2428,-2.924440383911133,2.820432424545288,-0.0002956584794446826,0.03366333618760109,0.03366333618760109,1.0,-3.0,success
2429,-2.923980474472046,2.8194587230682373,-0.0002957234682980925,0.03365164250135422,0.03365163877606392,1.0,-3.0,success
2430,-2.923522710800171,2.818483591079712,-0.00029578813700936735,0.033663515001535416,0.033663515001535416,1.0,-3.0,success
2431,-2.923067331314087,2.81750750541687,-0.0002958524855785072,0.03365892916917801,0.03365892916917801,1.0,-3.0,success
2432,-2.922614336013794,2.816530227661133,-0.000295916514005512,0.033661287277936935,0.033661287277936935,1.0,-3.0,success
2433,-2.922163724899292,2.815551996231079,-0.00029598025139421225,0.03365708887577057,0.03365708887577057,1.0,-3.0,success
2434,-2.921715259552002,2.814572811126709,-0.000296043639536947,0.03365618363022804,0.03365618363022804,1.0,-3.0,success
2435,-2.921269178390503,2.8135924339294434,-0.0002961067366413772,0.033659134060144424,0.033659130334854126,1.0,-3.0,success
2436,-2.920825481414795,2.8126108646392822,-0.00029616948449984193,0.03366228565573692,0.03366228565573692,1.0,-3.0,success
2437,-2.920384168624878,2.811628580093384,-0.0002962319413200021,0.03365205600857735,0.03365205228328705,1.0,-3.0,success
2438,-2.919945001602173,2.8106448650360107,-0.0002962940779980272,0.03366544470191002,0.03366544470191002,1.0,-3.0,success
2439,-2.919508218765259,2.8096604347229004,-0.00029635586543008685,0.033655568957328796,0.033655568957328796,1.0,-3.0,success
2440,-2.9190738201141357,2.8086748123168945,-0.00029641736182384193,0.03365951031446457,0.03365951031446457,1.0,-3.0,success
2441,-2.9186418056488037,2.8076882362365723,-0.000296478538075462,0.033656828105449677,0.033656828105449677,1.0,-3.0,success
2442,-2.9182121753692627,2.8067004680633545,-0.00029653936508111656,0.033661168068647385,0.033661168068647385,1.0,-3.0,success
2443,-2.9177846908569336,2.8057117462158203,-0.00029659990104846656,0.03366183117032051,0.03366183117032051,1.0,-3.0,success
2444,-2.9173595905303955,2.8047220706939697,-0.0002966600877698511,0.033659715205430984,0.033659715205430984,1.0,-3.0,success
2445,-2.9169368743896484,2.8037314414978027,-0.00029671998345293105,0.03365778923034668,0.03365778550505638,1.0,-3.0,success
2446,-2.9165165424346924,2.8027396202087402,-0.0002967795298900455,0.03366291522979736,0.033662911504507065,1.0,-3.0,success
2447,-2.9160985946655273,2.8017470836639404,-0.00029683878528885543,0.03365451097488403,0.033654507249593735,1.0,-3.0,success
2448,-2.9156830310821533,2.800753355026245,-0.00029689769144169986,0.033660028129816055,0.033660028129816055,1.0,-3.0,success
2449,-2.9152698516845703,2.7997586727142334,-0.00029695627745240927,0.03365887701511383,0.03365887701511383,1.0,-3.0,success
2450,-2.914858818054199,2.7987630367279053,-0.00029701454332098365,0.033660754561424255,0.033660754561424255,1.0,-3.0,success
2451,-2.9144504070281982,2.7977664470672607,-0.000297072489047423,0.03365714102983475,0.03365714102983475,1.0,-3.0,success
2452,-2.914044141769409,2.7967689037323,-0.00029713011463172734,0.033659372478723526,0.033659372478723526,1.0,-3.0,success
2453,-2.913640260696411,2.7957701683044434,-0.0002971873909700662,0.033665869385004044,0.033665869385004044,1.0,-3.0,success
2454,-2.913239002227783,2.7947707176208496,-0.0002972443762701005,0.03365597501397133,0.03365597501397133,1.0,-3.0,success
2455,-2.912839889526367,2.7937703132629395,-0.0002973010123241693,0.03365872800350189,0.03365872800350189,1.0,-3.0,success
2456,-2.912443161010742,2.792768955230713,-0.00029735732823610306,0.03365889564156532,0.03365889564156532,1.0,-3.0,success
2457,-2.912048816680908,2.791766405105591,-0.0002974133240059018,0.03366618603467941,0.03366618603467941,1.0,-3.0,success
2458,-2.9116568565368652,2.7907631397247314,-0.00029746899963356555,0.03365980461239815,0.03365980461239815,1.0,-3.0,success
2459,-2.9112675189971924,2.7897589206695557,-0.0002975243260152638,0.033657852560281754,0.033657852560281754,1.0,-3.0,success
2460,-2.9108803272247314,2.7887539863586426,-0.000297579332254827,0.033654529601335526,0.033654529601335526,1.0,-3.0,success
2461,-2.9104955196380615,2.787747859954834,-0.0002976340183522552,0.03366260603070259,0.03366260603070259,1.0,-3.0,success
2462,-2.9101130962371826,2.786740779876709,-0.0002976883843075484,0.03366392105817795,0.03366392105817795,1.0,-3.0,success
2463,-2.9097328186035156,2.7857329845428467,-0.00029775151051580906,0.03366108611226082,0.03366108611226082,1.0,3.0,success
2464,-2.9093515872955322,2.78472638130188,-0.00029778527095913887,0.033636778593063354,0.033636778593063354,1.0,3.0,success
2465,-2.9089696407318115,2.7837207317352295,-0.0002978023258037865,0.033616840839385986,0.033616840839385986,1.0,3.0,success
2466,-2.9085869789123535,2.7827162742614746,-0.0002978051779791713,0.03358996659517288,0.03358996659517288,1.0,3.0,success
2467,-2.908203363418579,2.781712532043457,-0.0002977964759338647,0.033579710870981216,0.03357970714569092,1.0,3.0,success
2468,-2.907818555831909,2.780709981918335,-0.00029777848976664245,0.03355824202299118,0.03355824202299118,1.0,3.0,success
2469,-2.9074323177337646,2.7797083854675293,-0.00029775293660350144,0.033546481281518936,0.033546481281518936,1.0,3.0,success
2470,-2.9070446491241455,2.77870774269104,-0.0002977212716359645,0.03353479877114296,0.03353479877114296,1.0,3.0,success
2471,-2.9066553115844727,2.7777082920074463,-0.0002976846881210804,0.0335189625620842,0.0335189588367939,1.0,3.0,success
2472,-2.906264305114746,2.77670955657959,-0.00029764408827759326,0.03351711109280586,0.03351711109280586,1.0,3.0,success
2473,-2.9058711528778076,2.775712013244629,-0.0002976002579089254,0.033506959676742554,0.033506955951452255,1.0,3.0,success
2474,-2.9054760932922363,2.7747151851654053,-0.000297553779091686,0.033508073538541794,0.033508073538541794,1.0,3.0,success
2475,-2.905078887939453,2.773719549179077,-0.0002975051465909928,0.033498238772153854,0.033498238772153854,1.0,3.0,success
2476,-2.904679536819458,2.7727248668670654,-0.00029745473875664175,0.03349548578262329,0.03349548205733299,1.0,3.0,success
2477,-2.9042775630950928,2.77173113822937,-0.0002974028466269374,0.03349847346544266,0.03349847346544266,1.0,3.0,success
2478,-2.9038734436035156,2.770738363265991,-0.0002973497612401843,0.03349607437849045,0.03349607437849045,1.0,3.0,success
2479,-2.9034669399261475,2.769746780395508,-0.00029729565721936524,0.033489760011434555,0.033489760011434555,1.0,3.0,success
2480,-2.903057813644409,2.7687559127807617,-0.000297240650979802,0.03350027650594711,0.03350027650594711,1.0,3.0,success
2481,-2.902646064758301,2.767766237258911,-0.0002971848880406469,0.03349724039435387,0.03349723666906357,1.0,3.0,success
2482,-2.9022319316864014,2.766777753829956,-0.00029712848481722176,0.03349157050251961,0.03349156677722931,1.0,3.0,success
2483,-2.9018149375915527,2.7657899856567383,-0.0002970714995171875,0.033505622297525406,0.033505622297525406,1.0,3.0,success
2484,-2.901395559310913,2.764803409576416,-0.00029701399034820497,0.03350038453936577,0.03350038453936577,1.0,3.0,success
2485,-2.900973320007324,2.76381778717041,-0.00029695601551793516,0.0335080660879612,0.0335080660879612,1.0,3.0,success
2486,-2.9005484580993652,2.7628331184387207,-0.00029689757502637804,0.033513057976961136,0.033513057976961136,1.0,3.0,success
2487,-2.900120735168457,2.7618496417999268,-0.0002968387270811945,0.033514413982629776,0.033514413982629776,1.0,3.0,success
2488,-2.8996903896331787,2.760867118835449,-0.00029677950078621507,0.03351988270878792,0.03351987898349762,1.0,3.0,success
2489,-2.899257183074951,2.759885787963867,-0.0002967198961414397,0.03352177143096924,0.03352176770567894,1.0,3.0,success
2490,-2.8988213539123535,2.7589054107666016,-0.00029665991314686835,0.033527716994285583,0.033527716994285583,1.0,3.0,success
2491,-2.8983826637268066,2.7579262256622314,-0.000296599610010162,0.033530134707689285,0.033530134707689285,1.0,3.0,success
2492,-2.8979411125183105,2.7569479942321777,-0.0002965389285236597,0.03353962302207947,0.03353962302207947,1.0,3.0,success
2493,-2.8974967002868652,2.7559707164764404,-0.0002964779268950224,0.03354937210679054,0.03354937210679054,1.0,3.0,success
2494,-2.8970494270324707,2.7549946308135986,-0.00029641660512425005,0.033552613109350204,0.033552613109350204,1.0,3.0,success
2495,-2.896599292755127,2.7540197372436523,-0.00029635493410751224,0.03355613350868225,0.03355612978339195,1.0,3.0,success
2496,-2.896146535873413,2.7530457973480225,-0.0002962929429486394,0.03356354311108589,0.03356354311108589,1.0,3.0,success
2497,-2.895690679550171,2.752073049545288,-0.0002962306316476315,0.033570751547813416,0.033570751547813416,1.0,3.0,success
2498,-2.8952322006225586,2.75110125541687,-0.00029616800020448864,0.03357865661382675,0.03357865288853645,1.0,3.0,success
2499,-2.894770622253418,2.7501306533813477,-0.0002961050486192107,0.033586449921131134,0.033586449921131134,1.0,3.0,success
2500,-2.894306182861328,2.7491612434387207,-0.0002960417768917978,0.03359134495258331,0.03359134495258331,1.0,3.0,success
2501,-2.893838882446289,2.7481930255889893,-0.0002959781850222498,0.03359651938080788,0.03359651565551758,1.0,3.0,success
2502,-2.8933684825897217,2.747225761413574,-0.00029591427301056683,0.033611927181482315,0.033611927181482315,1.0,3.0,success
2503,-2.892895460128784,2.7462596893310547,-0.0002958500408567488,0.0336143895983696,0.0336143895983696,1.0,3.0,success
2504,-2.8924193382263184,2.7452945709228516,-0.00029578551766462624,0.0336303673684597,0.0336303673684597,1.0,3.0,success
2505,-2.8919403553009033,2.744330883026123,-0.0002957206452265382,0.03362997993826866,0.03362997621297836,1.0,3.0,success
2506,-2.89145827293396,2.743368148803711,-0.00029565548175014555,0.03364655002951622,0.03364655002951622,1.0,3.0,success
2507,-2.8909735679626465,2.7424066066741943,-0.00029558996902778745,0.03365005552768707,0.03365005552768707,1.0,3.0,success
2508,-2.8904857635498047,2.7414462566375732,-0.0002955243398901075,0.03366054594516754,0.03366054594516754,1.0,3.0,success
2509,-2.889995813369751,2.7404870986938477,-0.00029545961297117174,0.03365778923034668,0.03365778923034668,1.0,3.0,success
2510,-2.8895034790039062,2.7395288944244385,-0.00029539436218328774,0.033665236085653305,0.033665236085653305,1.0,3.0,success
2511,-2.8890087604522705,2.738572120666504,-0.0002953285875264555,0.03365963697433472,0.03365963697433472,1.0,3.0,success
2512,-2.888511896133423,2.737616539001465,-0.00029526231810450554,0.03365742787718773,0.03365742787718773,1.0,3.0,success
2513,-2.8880128860473633,2.736661911010742,-0.0002951956121250987,0.03366200625896454,0.03366200253367424,1.0,3.0,success
2514,-2.8875114917755127,2.735708713531494,-0.000295128469588235,0.0336570143699646,0.0336570106446743,1.0,3.0,success
2515,-2.887007713317871,2.7347564697265625,-0.00029506091959774494,0.03366541862487793,0.03366541489958763,1.0,3.0,success
2516,-2.8865017890930176,2.7338056564331055,-0.0002949930203612894,0.03365735709667206,0.03365735709667206,1.0,3.0,success
2517,-2.885993719100952,2.732856035232544,-0.00029492471367120743,0.033656053245067596,0.033656053245067596,1.0,3.0,success
2518,-2.8854832649230957,2.731907367706299,-0.00029485608683899045,0.033665016293525696,0.033665016293525696,1.0,3.0,success
2519,-2.8849706649780273,2.7309601306915283,-0.00029478708165697753,0.03365752100944519,0.03365752100944519,1.0,3.0,success
2520,-2.884455680847168,2.7300140857696533,-0.0002947177563328296,0.033660322427749634,0.033660322427749634,1.0,3.0,success
2521,-2.8839385509490967,2.729069232940674,-0.0002946480817627162,0.03365974500775337,0.03365974500775337,1.0,3.0,success
2522,-2.8834190368652344,2.72812557220459,-0.00029457808705046773,0.03366294503211975,0.03366294130682945,1.0,3.0,success
2523,-2.88289737701416,2.7271833419799805,-0.0002945077430922538,0.03365621715784073,0.03365621715784073,1.0,3.0,success
2524,-2.882373571395874,2.7262423038482666,-0.0002944371080957353,0.03365619108080864,0.03365619108080864,1.0,3.0,success
2525,-2.881847381591797,2.725302219390869,-0.0002943661529570818,0.03366648405790329,0.03366648405790329,1.0,3.0,success
2526,-2.881319046020508,2.7243638038635254,-0.0002942948485724628,0.033653825521469116,0.033653825521469116,1.0,3.0,success
2527,-2.8807883262634277,2.723426342010498,-0.00029422325314953923,0.033664505928754807,0.033664505928754807,1.0,3.0,success
2528,-2.880255699157715,2.7224903106689453,-0.00029415133758448064,0.03365505114197731,0.03365505114197731,1.0,3.0,success
2529,-2.879720687866211,2.721555471420288,-0.00029407910187728703,0.03365962207317352,0.033659618347883224,1.0,3.0,success
2530,-2.879183292388916,2.7206218242645264,-0.00029400657513178885,0.03366439789533615,0.03366439789533615,1.0,3.0,success
2531,-2.878643751144409,2.7196896076202393,-0.00029393372824415565,0.033659204840660095,0.0336592011153698,1.0,3.0,success
2532,-2.8781020641326904,2.7187585830688477,-0.0002938605612143874,0.033660639077425,0.033660639077425,1.0,3.0,success
2533,-2.8775582313537598,2.7178289890289307,-0.0002937871031463146,0.03365581855177879,0.03365581855177879,1.0,3.0,success
2534,-2.877012014389038,2.716900587081909,-0.0002937133249361068,0.033661387860774994,0.033661387860774994,1.0,3.0,success
2535,-2.8764638900756836,2.715973377227783,-0.0002936392556875944,0.03365957364439964,0.03365957364439964,1.0,3.0,success
2536,-2.875913381576538,2.715047597885132,-0.00029356483719311655,0.03365911915898323,0.03365911915898323,1.0,3.0,success
2537,-2.8753604888916016,2.714123249053955,-0.00029349015676416457,0.033658891916275024,0.033658891916275024,1.0,3.0,success
2538,-2.8748056888580322,2.713200092315674,-0.00029341515619307756,0.03365758806467056,0.03365758806467056,1.0,3.0,success
2539,-2.874248504638672,2.712278127670288,-0.00029333983547985554,0.03366414085030556,0.03366414085030556,1.0,3.0,success
2540,-2.8737103939056396,2.711357593536377,-0.0002933032810688019,0.03332114964723587,0.03332114964723587,1.0,-3.0,success
2541,-2.8731746673583984,2.710435628890991,-0.0002932491770479828,0.033322256058454514,0.033322256058454514,1.0,-3.0,success
2542,-2.8726415634155273,2.7095119953155518,-0.00029321975307539105,0.03332631289958954,0.03332631289958954,1.0,-3.0,success
2543,-2.872110605239868,2.7085869312286377,-0.00029321160400286317,0.03333160653710365,0.03333160653710365,1.0,-3.0,success
2544,-2.871582269668579,2.707660436630249,-0.000293220451567322,0.033329714089632034,0.033329714089632034,1.0,-3.0,success
2545,-2.87103533744812,2.7067325115203857,-0.0002932040661107749,0.033659886568784714,0.033659886568784714,1.0,3.0,success
2546,-2.87048602104187,2.705806016921997,-0.0002932138741016388,0.03365932032465935,0.03365932032465935,1.0,3.0,success
2547,-2.869955062866211,2.704880952835083,-0.00029324766364879906,0.03333160653710365,0.03333160653710365,1.0,-3.0,success
2548,-2.8694264888763428,2.7039544582366943,-0.0002932510105893016,0.03333340585231781,0.03333340585231781,1.0,-3.0,success
2549,-2.8689000606536865,2.703026533126831,-0.00029326658113859594,0.03333910182118416,0.03333910182118416,1.0,-3.0,success
2550,-2.868375301361084,2.702097177505493,-0.0002932939096353948,0.0333523191511631,0.0333523154258728,1.0,-3.0,success
2551,-2.8678524494171143,2.7011666297912598,-0.0002933306386694312,0.03335552290081978,0.03335552290081978,1.0,-3.0,success
2552,-2.8673126697540283,2.7002346515655518,-0.0002933407376985997,0.033656489104032516,0.03365648537874222,1.0,3.0,success
2553,-2.8667707443237305,2.6993043422698975,-0.0002933696669060737,0.03364507108926773,0.03364506736397743,1.0,3.0,success
2554,-2.866246461868286,2.6983752250671387,-0.0002934150688815862,0.033338505774736404,0.033338505774736404,1.0,-3.0,success
2555,-2.8657240867614746,2.6974446773529053,-0.0002934291260316968,0.03334822505712509,0.03334822505712509,1.0,-3.0,success
2556,-2.8652031421661377,2.6965129375457764,-0.0002934530784841627,0.03335887938737869,0.03335887938737869,1.0,-3.0,success
2557,-2.8646836280822754,2.6955795288085938,-0.0002934870426543057,0.03338264673948288,0.03338264673948288,1.0,-3.0,success
2558,-2.864165782928467,2.6946451663970947,-0.00029352898127399385,0.03338337689638138,0.03338337689638138,1.0,-3.0,success
2559,-2.8636326789855957,2.693709373474121,-0.0002935484517365694,0.03365594893693924,0.03365594521164894,1.0,3.0,success
2560,-2.863097667694092,2.692775011062622,-0.0002935811644420028,0.03364668786525726,0.03364668786525726,1.0,3.0,success
2561,-2.862579822540283,2.6918420791625977,-0.0002936272067017853,0.03334428369998932,0.03334428369998932,1.0,-3.0,success
2562,-2.862063407897949,2.6909077167510986,-0.0002936428354587406,0.033361729234457016,0.03336172550916672,1.0,-3.0,success
2563,-2.86154842376709,2.689972162246704,-0.00029366795206442475,0.03337275609374046,0.03337275609374046,1.0,-3.0,success
2564,-2.861034870147705,2.689034938812256,-0.0002937027020379901,0.03339695185422897,0.03339695185422897,1.0,-3.0,success
2565,-2.860522508621216,2.688096761703491,-0.0002937450772151351,0.03340521827340126,0.03340521827340126,1.0,-3.0,success
2566,-2.8599960803985596,2.687157154083252,-0.00029376818565651774,0.033657122403383255,0.03365711867809296,1.0,3.0,success
2567,-2.8594679832458496,2.6862189769744873,-0.0002938014513347298,0.033643681555986404,0.033643681555986404,1.0,3.0,success
2568,-2.8589563369750977,2.6852822303771973,-0.0002938460966106504,0.03335527330636978,0.03335527330636978,1.0,-3.0,success
2569,-2.8584463596343994,2.6843442916870117,-0.00029386155074462295,0.03336302936077118,0.03336302563548088,1.0,-3.0,success
2570,-2.8579375743865967,2.6834046840667725,-0.00029388643451966345,0.03339110314846039,0.03339109942317009,1.0,-3.0,success
2571,-2.8574297428131104,2.6824638843536377,-0.0002939207770396024,0.03340969607234001,0.03340969607234001,1.0,-3.0,success
2572,-2.8569233417510986,2.6815218925476074,-0.00029396271565929055,0.03342129662632942,0.03342129662632942,1.0,-3.0,success
2573,-2.8564178943634033,2.6805784702301025,-0.0002940105623565614,0.03344659507274628,0.03344659134745598,1.0,-3.0,success
2574,-2.855900287628174,2.6796340942382812,-0.00029404356610029936,0.03365383669734001,0.03365383669734001,1.0,3.0,success
2575,-2.855381488800049,2.6786909103393555,-0.0002940802078228444,0.03363911062479019,0.03363911062479019,1.0,3.0,success
2576,-2.8548784255981445,2.6777491569519043,-0.0002941252605523914,0.033365458250045776,0.033365458250045776,1.0,-3.0,success
2577,-2.854376792907715,2.6768059730529785,-0.00029414225718937814,0.03338388353586197,0.03338388353586197,1.0,-3.0,success
2578,-2.8538761138916016,2.6758615970611572,-0.00029416815959848464,0.033402808010578156,0.033402808010578156,1.0,-3.0,success
2579,-2.853376626968384,2.6749157905578613,-0.00029420311329886317,0.033424895256757736,0.033424895256757736,1.0,-3.0,success
2580,-2.8528778553009033,2.67396879196167,-0.000294245284749195,0.03344741836190224,0.03344741836190224,1.0,-3.0,success
2581,-2.8523669242858887,2.673020601272583,-0.0002942740684375167,0.033658962696790695,0.033658962696790695,1.0,3.0,success
2582,-2.8518548011779785,2.6720738410949707,-0.00029430759605020285,0.03363732621073723,0.03363732248544693,1.0,3.0,success
2583,-2.851358413696289,2.671128273010254,-0.0002943487197626382,0.03337317705154419,0.03337317705154419,1.0,-3.0,success
2584,-2.850862979888916,2.6701815128326416,-0.0002943634463008493,0.03339233994483948,0.03339233621954918,1.0,-3.0,success
2585,-2.8503684997558594,2.669233560562134,-0.00029438742785714567,0.033411554992198944,0.033411554992198944,1.0,-3.0,success
2586,-2.849874973297119,2.6682841777801514,-0.00029442066443152726,0.03343743830919266,0.03343743830919266,1.0,-3.0,success
2587,-2.8493824005126953,2.6673336029052734,-0.0002944612642750144,0.03345677629113197,0.03345677629113197,1.0,-3.0,success
2588,-2.8488781452178955,2.6663818359375,-0.00029449083376675844,0.03365921974182129,0.03365921974182129,1.0,3.0,success
2589,-2.8483729362487793,2.665431261062622,-0.00029452345916070044,0.03364028409123421,0.03364028409123421,1.0,3.0,success
2590,-2.8478829860687256,2.6644821166992188,-0.000294562429189682,0.03337941691279411,0.03337941691279411,1.0,-3.0,success
2591,-2.8473939895629883,2.66353178024292,-0.0002945763408206403,0.03339888155460358,0.03339888155460358,1.0,-3.0,success
2592,-2.8469059467315674,2.6625800132751465,-0.0002945995074696839,0.03342502564191818,0.03342502564191818,1.0,-3.0,success
2593,-2.8464183807373047,2.6616270542144775,-0.0002946319291368127,0.033451393246650696,0.033451393246650696,1.0,-3.0,success
2594,-2.8459317684173584,2.660672903060913,-0.0002946716849692166,0.033471010625362396,0.0334710069000721,1.0,-3.0,success
2595,-2.8454344272613525,2.659717559814453,-0.00029470250592567027,0.03365769609808922,0.03365769609808922,1.0,3.0,success
2596,-2.8449361324310303,2.6587636470794678,-0.0002947346947621554,0.03363184258341789,0.033631838858127594,1.0,3.0,success
2597,-2.8444526195526123,2.657810926437378,-0.0002947719185613096,0.03338724747300148,0.03338724747300148,1.0,-3.0,success
2598,-2.8439700603485107,2.6568567752838135,-0.0002947853063233197,0.03341365605592728,0.03341365605592728,1.0,-3.0,success
2599,-2.8434882164001465,2.6559016704559326,-0.00029480791999958456,0.033430177718400955,0.033430177718400955,1.0,-3.0,success
2600,-2.8430070877075195,2.654945135116577,-0.00029483973048627377,0.03346004709601402,0.03346004709601402,1.0,-3.0,success
2601,-2.842526435852051,2.653987407684326,-0.00029487881693057716,0.03348664566874504,0.03348664566874504,1.0,-3.0,success
2602,-2.8420464992523193,2.6530284881591797,-0.00029492363682948053,0.033509932458400726,0.033509932458400726,1.0,-3.0,success
2603,-2.8415584564208984,2.6520683765411377,-0.0002949640911538154,0.03365727886557579,0.03365727886557579,1.0,3.0,success
2604,-2.841069221496582,2.6511096954345703,-0.0002949990448541939,0.033634353429079056,0.033634353429079056,1.0,3.0,success
2605,-2.840594530105591,2.6501522064208984,-0.00029503655969165266,0.03339683637022972,0.03339683637022972,1.0,-3.0,success
2606,-2.840120553970337,2.649193525314331,-0.0002950513444375247,0.03342030569911003,0.03342030197381973,1.0,-3.0,success
2607,-2.8396472930908203,2.648233413696289,-0.0002950749476440251,0.03345049172639847,0.03345049172639847,1.0,-3.0,success
2608,-2.839174509048462,2.6472723484039307,-0.0002951072819996625,0.033470649272203445,0.033470649272203445,1.0,-3.0,success
2609,-2.8387022018432617,2.6463098526000977,-0.0002951465721707791,0.03350419923663139,0.03350419923663139,1.0,-3.0,success
2610,-2.8382208347320557,2.6453464031219482,-0.0002951810020022094,0.033656541258096695,0.033656541258096695,1.0,3.0,success
2611,-2.837738513946533,2.6443843841552734,-0.00029521287069655955,0.03362990543246269,0.03362990543246269,1.0,3.0,success
2612,-2.8372702598571777,2.643423318862915,-0.0002952469512820244,0.033408403396606445,0.033408403396606445,1.0,-3.0,success
2613,-2.8368027210235596,2.642461061477661,-0.00029525990248657763,0.03343212231993675,0.03343212231993675,1.0,-3.0,success
2614,-2.8363358974456787,2.6414976119995117,-0.00029528187587857246,0.03345588222146034,0.03345588222146034,1.0,-3.0,success
2615,-2.835869550704956,2.640533208847046,-0.00029531275504268706,0.03347621485590935,0.03347621485590935,1.0,-3.0,success
2616,-2.835392713546753,2.6395673751831055,-0.0002953375515062362,0.03366030380129814,0.03366030007600784,1.0,3.0,success
2617,-2.8349149227142334,2.6386029720306396,-0.00029536450165323913,0.03363344445824623,0.03363344073295593,1.0,3.0,success
2618,-2.8344509601593018,2.6376397609710693,-0.00029539427487179637,0.03341027721762657,0.03341027721762657,1.0,-3.0,success
2619,-2.8339879512786865,2.6366753578186035,-0.0002954043447971344,0.03343093395233154,0.03343093395233154,1.0,-3.0,success
2620,-2.833510637283325,2.635709762573242,-0.0002954037918243557,0.03366021811962128,0.03366021811962128,1.0,3.0,success
2621,-2.8330490589141846,2.6347453594207764,-0.00029544098651967943,0.03341161459684372,0.03341161087155342,1.0,-3.0,success
2622,-2.8325881958007812,2.633779764175415,-0.00029545516008511186,0.03343558311462402,0.03343558311462402,1.0,-3.0,success
2623,-2.8321282863616943,2.632812976837158,-0.0002954778610728681,0.03345639258623123,0.03345639258623123,1.0,-3.0,success
2624,-2.8316686153411865,2.631844997406006,-0.00029550906037911773,0.03348684310913086,0.03348684310913086,1.0,-3.0,success
2625,-2.831209897994995,2.630875825881958,-0.0002955470699816942,0.03350774198770523,0.03350773826241493,1.0,-3.0,success
2626,-2.830751419067383,2.6299054622650146,-0.00029559043468907475,0.03353822976350784,0.03353822976350784,1.0,-3.0,success
2627,-2.8302860260009766,2.628934144973755,-0.00029563275165855885,0.0336579754948616,0.0336579754948616,1.0,3.0,success
2628,-2.829819917678833,2.6279640197753906,-0.00029566625016741455,0.03363405913114548,0.03363405913114548,1.0,3.0,success
2629,-2.829367160797119,2.626995086669922,-0.00029569948674179614,0.033421728760004044,0.033421725034713745,1.0,-3.0,success
2630,-2.8289151191711426,2.6260249614715576,-0.0002957137767225504,0.03344603255391121,0.03344603255391121,1.0,-3.0,success
2631,-2.8284637928009033,2.625053644180298,-0.00029573653591796756,0.03347037732601166,0.03347037732601166,1.0,-3.0,success
2632,-2.8280129432678223,2.6240811347961426,-0.00029576761880889535,0.033497896045446396,0.033497896045446396,1.0,-3.0,success
2633,-2.8275625705718994,2.623107671737671,-0.00029580527916550636,0.033518675714731216,0.033518675714731216,1.0,-3.0,success
2634,-2.827104330062866,2.6221330165863037,-0.00029584072763100266,0.03365636616945267,0.03365636616945267,1.0,3.0,success
2635,-2.8266448974609375,2.621159553527832,-0.0002958708500955254,0.03363854065537453,0.03363854065537453,1.0,3.0,success
2636,-2.8261849880218506,2.620187520980835,-0.0002958838304039091,0.03360448777675629,0.03360448777675629,1.0,3.0,success
2637,-2.8257246017456055,2.6192164421081543,-0.00029588135657832026,0.033583931624889374,0.033583931624889374,1.0,3.0,success
2638,-2.8252735137939453,2.6182467937469482,-0.00029587571043521166,0.03341994434595108,0.03341994434595108,1.0,-3.0,success
2639,-2.8248074054718018,2.6172757148742676,-0.0002958457334898412,0.033660922199487686,0.033660922199487686,1.0,3.0,success
2640,-2.8243398666381836,2.6163060665130615,-0.00029583522700704634,0.03364001587033272,0.03364001587033272,1.0,3.0,success
2641,-2.823871374130249,2.615337610244751,-0.00029581584385596216,0.033619433641433716,0.033619433641433716,1.0,3.0,success
2642,-2.823401689529419,2.614370107650757,-0.0002957872347906232,0.03360885754227638,0.03360885754227638,1.0,3.0,success
2643,-2.8229310512542725,2.6134040355682373,-0.0002957510878331959,0.03358169272542,0.03358169272542,1.0,3.0,success
2644,-2.8224592208862305,2.612438917160034,-0.0002957087999675423,0.03357124701142311,0.03357124328613281,1.0,3.0,success
2645,-2.8219964504241943,2.6114749908447266,-0.00029567230376414955,0.03341427817940712,0.03341427817940712,1.0,-3.0,success
2646,-2.821535587310791,2.6105098724365234,-0.00029564040596596897,0.033422138541936874,0.033422138541936874,1.0,-3.0,success
2647,-2.8210763931274414,2.6095433235168457,-0.00029562695999629796,0.03344007208943367,0.03344007208943367,1.0,-3.0,success
2648,-2.8206186294555664,2.6085755825042725,-0.0002956294047180563,0.03345458209514618,0.03345458209514618,1.0,-3.0,success
2649,-2.820148229598999,2.607606887817383,-0.00029562602867372334,0.033652134239673615,0.033652134239673615,1.0,3.0,success
2650,-2.819676160812378,2.6066391468048096,-0.0002956327807623893,0.033648163080215454,0.033648159354925156,1.0,3.0,success
2651,-2.819218397140503,2.605672597885132,-0.0002956488751806319,0.03342091292142868,0.03342091292142868,1.0,-3.0,success
2652,-2.8187625408172607,2.6047048568725586,-0.0002956485259346664,0.03342914208769798,0.033429138362407684,1.0,-3.0,success
2653,-2.818307638168335,2.60373592376709,-0.0002956595562864095,0.0334501676261425,0.0334501676261425,1.0,-3.0,success
2654,-2.817854166030884,2.6027657985687256,-0.00029568132595159113,0.0334649384021759,0.0334649384021759,1.0,-3.0,success
2655,-2.8173887729644775,2.601794481277466,-0.00029569483012892306,0.0336579754948616,0.0336579754948616,1.0,3.0,success
2656,-2.8169217109680176,2.6008245944976807,-0.0002957141259685159,0.033640261739492416,0.033640261739492416,1.0,3.0,success
2657,-2.8164684772491455,2.599855899810791,-0.0002957388642244041,0.033421289175748825,0.033421289175748825,1.0,-3.0,success
2658,-2.816016912460327,2.5988857746124268,-0.0002957462565973401,0.033439744263887405,0.033439744263887405,1.0,-3.0,success
2659,-2.8155665397644043,2.597914457321167,-0.00029576345696114004,0.03345783054828644,0.03345783054828644,1.0,-3.0,success
2660,-2.815117359161377,2.596942186355591,-0.0002957900578621775,0.03346922993659973,0.03346922993659973,1.0,-3.0,success
2661,-2.814669370651245,2.595968723297119,-0.0002958241675514728,0.033487461507320404,0.033487461507320404,1.0,-3.0,success
2662,-2.814210891723633,2.594994068145752,-0.00029585123411379755,0.03365953639149666,0.03365953639149666,1.0,3.0,success
2663,-2.813750982284546,2.5940206050872803,-0.0002958778932224959,0.0336449034512043,0.0336449034512043,1.0,3.0,success
2664,-2.8133046627044678,2.593048572540283,-0.00029590725898742676,0.03342505916953087,0.03342505916953087,1.0,-3.0,success
2665,-2.8128597736358643,2.5920751094818115,-0.0002959193952847272,0.033447083085775375,0.033447083085775375,1.0,-3.0,success
2666,-2.8124160766601562,2.5911004543304443,-0.00029594029183499515,0.03346552327275276,0.03346551954746246,1.0,-3.0,success
2667,-2.8119735717773438,2.5901248455047607,-0.00029596968670375645,0.033477239310741425,0.033477239310741425,1.0,-3.0,success
2668,-2.8115196228027344,2.5891480445861816,-0.0002959911071229726,0.033660322427749634,0.033660322427749634,1.0,3.0,success
2669,-2.8110642433166504,2.588172674179077,-0.00029601482674479485,0.03363867476582527,0.03363867104053497,1.0,3.0,success
2670,-2.810622215270996,2.587198257446289,-0.00029604166047647595,0.03343715891242027,0.03343715891242027,1.0,-3.0,success
2671,-2.8101818561553955,2.5862226486206055,-0.0002960523997899145,0.03344959765672684,0.03344959765672684,1.0,-3.0,success
2672,-2.8097429275512695,2.5852460861206055,-0.0002960721030831337,0.033458411693573,0.033458411693573,1.0,-3.0,success
2673,-2.809305191040039,2.584268093109131,-0.0002961004211101681,0.03348395600914955,0.03348395600914955,1.0,-3.0,success
2674,-2.8088557720184326,2.583289384841919,-0.00029612061916850507,0.033655062317848206,0.03365505859255791,1.0,3.0,success
2675,-2.8084049224853516,2.5823116302490234,-0.0002961432037409395,0.03364667668938637,0.03364667668938637,1.0,3.0,success
2676,-2.8079674243927,2.5813350677490234,-0.00029616907704621553,0.033440109342336655,0.033440109342336655,1.0,-3.0,success
2677,-2.8075315952301025,2.580357313156128,-0.00029617961263284087,0.0334528423845768,0.0334528423845768,1.0,-3.0,success
2678,-2.8070971965789795,2.579378604888916,-0.0002961990248877555,0.033461906015872955,0.033461906015872955,1.0,-3.0,success
2679,-2.806664228439331,2.5783984661102295,-0.00029622699366882443,0.03348468244075775,0.03348468244075775,1.0,-3.0,success
2680,-2.8062326908111572,2.5774176120758057,-0.00029626177274622023,0.03348710387945175,0.03348710387945175,1.0,-3.0,success
2681,-2.805790424346924,2.5764353275299072,-0.0002962886355817318,0.0336642786860466,0.0336642786860466,1.0,3.0,success
2682,-2.8053464889526367,2.5754544734954834,-0.00029631456709466875,0.03364499285817146,0.03364499285817146,1.0,3.0,success
2683,-2.8049159049987793,2.574474811553955,-0.0002963425940833986,0.033441003412008286,0.033441003412008286,1.0,-3.0,success
2684,-2.8044869899749756,2.573493719100952,-0.0002963556908071041,0.033461008220911026,0.033461008220911026,1.0,-3.0,success
2685,-2.8040595054626465,2.572511911392212,-0.0002963770239148289,0.03346361964941025,0.03346361964941025,1.0,-3.0,success
2686,-2.803633451461792,2.571528673171997,-0.00029640633147209883,0.03348680958151817,0.03348680958151817,1.0,-3.0,success
2687,-2.8031959533691406,2.570544481277466,-0.00029642690788023174,0.03365783765912056,0.03365783393383026,1.0,3.0,success
2688,-2.8027563095092773,2.56956148147583,-0.00029644928872585297,0.033651117235422134,0.033651117235422134,1.0,3.0,success
2689,-2.8023300170898438,2.56857967376709,-0.0002964744344353676,0.03344876691699028,0.03344876691699028,1.0,-3.0,success
2690,-2.801905632019043,2.567596673965454,-0.00029648575582541525,0.033459268510341644,0.033459268510341644,1.0,-3.0,success
2691,-2.801482915878296,2.566612482070923,-0.0002965055755339563,0.033472854644060135,0.033472854644060135,1.0,-3.0,success
2692,-2.8010618686676025,2.565627336502075,-0.0002965335443150252,0.033479709178209305,0.033479709178209305,1.0,-3.0,success
2693,-2.800628900527954,2.564641237258911,-0.00029655269463546574,0.03365514799952507,0.03365514799952507,1.0,3.0,success
2694,-2.8001937866210938,2.5636560916900635,-0.0002965737949125469,0.03365490213036537,0.03365489840507507,1.0,3.0,success
2695,-2.799772024154663,2.5626721382141113,-0.0002965978637803346,0.03345425799489021,0.03345425799489021,1.0,-3.0,success
2696,-2.7993521690368652,2.5616869926452637,-0.0002966088068205863,0.03346508741378784,0.03346508741378784,1.0,-3.0,success
2697,-2.798933982849121,2.5607008934020996,-0.00029662821907550097,0.03347210958600044,0.03347210958600044,1.0,-3.0,success
2698,-2.7985177040100098,2.55971360206604,-0.0002966557221952826,0.03348320722579956,0.03348320722579956,1.0,-3.0,success
2699,-2.7980895042419434,2.558725357055664,-0.00029667431954294443,0.03365703672170639,0.03365703672170639,1.0,3.0,success
2700,-2.797659158706665,2.5577383041381836,-0.00029669483774341643,0.03364960104227066,0.03364960104227066,1.0,3.0,success
2701,-2.797226905822754,2.5567524433135986,-0.00029670100775547326,0.033639345318078995,0.033639345318078995,1.0,3.0,success
2702,-2.796793222427368,2.55576753616333,-0.00029669393552467227,0.033630043268203735,0.033630043268203735,1.0,3.0,success
2703,-2.7963576316833496,2.554783821105957,-0.00029667606577277184,0.033620040863752365,0.033620040863752365,1.0,3.0,success
2704,-2.7959201335906982,2.5538012981414795,-0.0002966494357679039,0.033610183745622635,0.033610183745622635,1.0,3.0,success
2705,-2.7954931259155273,2.5528197288513184,-0.0002966286556329578,0.033450838178396225,0.033450838178396225,1.0,-3.0,success
2706,-2.7950685024261475,2.5518369674682617,-0.0002966092433780432,0.03345538303256035,0.03345538303256035,1.0,-3.0,success
2707,-2.7946462631225586,2.5508532524108887,-0.00029660496511496603,0.033453285694122314,0.033453281968832016,1.0,-3.0,success
2708,-2.7942264080047607,2.549868106842041,-0.00029661375447176397,0.03346508741378784,0.03346508741378784,1.0,-3.0,success
2709,-2.793792963027954,2.548882007598877,-0.0002966140164062381,0.033661138266325,0.033661138266325,1.0,3.0,success
2710,-2.7933571338653564,2.5478971004486084,-0.00029662175802513957,0.03365711867809296,0.03365711867809296,1.0,3.0,success
2711,-2.7929351329803467,2.5469131469726562,-0.00029663718305528164,0.0334571935236454,0.0334571935236454,1.0,-3.0,success
2712,-2.792515516281128,2.5459282398223877,-0.00029664082103408873,0.03345531225204468,0.03345531225204468,1.0,-3.0,success
2713,-2.792098045349121,2.5449421405792236,-0.0002966543543152511,0.03346338868141174,0.03346338868141174,1.0,-3.0,success
2714,-2.791682720184326,2.543954849243164,-0.0002966770844068378,0.03347163647413254,0.03347163647413254,1.0,-3.0,success
2715,-2.7912542819976807,2.542966604232788,-0.0002966894244309515,0.03365999832749367,0.03365999832749367,1.0,3.0,success
2716,-2.790823459625244,2.5419795513153076,-0.0002967062755487859,0.0336555577814579,0.0336555540561676,1.0,3.0,success
2717,-2.7904062271118164,2.5409936904907227,-0.00029672778327949345,0.033453620970249176,0.033453620970249176,1.0,-3.0,success
2718,-2.7899909019470215,2.540006637573242,-0.00029673700919374824,0.03346477076411247,0.03346477076411247,1.0,-3.0,success
2719,-2.7895779609680176,2.539018392562866,-0.0002967548498418182,0.03347031772136688,0.03347031772136688,1.0,-3.0,success
2720,-2.7891666889190674,2.538029193878174,-0.0002967809559777379,0.03347776085138321,0.03347775712609291,1.0,-3.0,success
2721,-2.788743019104004,2.537038803100586,-0.0002967973705381155,0.033662647008895874,0.033662647008895874,1.0,3.0,success
2722,-2.7883169651031494,2.5360496044158936,-0.0002968164626508951,0.033657800406217575,0.033657800406217575,1.0,3.0,success
2723,-2.7879042625427246,2.5350615978240967,-0.0002968388143926859,0.03346056863665581,0.03346056863665581,1.0,-3.0,success
2724,-2.7874934673309326,2.5340723991394043,-0.0002968492917716503,0.03347204253077507,0.03347204253077507,1.0,-3.0,success
2725,-2.7870848178863525,2.5330822467803955,-0.0002968680637422949,0.03347392380237579,0.03347392380237579,1.0,-3.0,success
2726,-2.786663293838501,2.5320911407470703,-0.0002968785120174289,0.03365689888596535,0.03365689888596535,1.0,3.0,success
2727,-2.7862396240234375,2.5311009883880615,-0.00029689312214031816,0.033655796200037,0.033655796200037,1.0,3.0,success
2728,-2.7858142852783203,2.5301120281219482,-0.0002968947810586542,0.03364212065935135,0.03364212065935135,1.0,3.0,success
2729,-2.785386800765991,2.5291240215301514,-0.0002968843327835202,0.03364131599664688,0.03364131599664688,1.0,3.0,success
2730,-2.7849576473236084,2.528137445449829,-0.0002968639601022005,0.03362106531858444,0.03362106531858444,1.0,3.0,success
2731,-2.7845263481140137,2.5271518230438232,-0.00029683555476367474,0.03362056240439415,0.03362056240439415,1.0,3.0,success
2732,-2.7841057777404785,2.526167154312134,-0.0002968141925521195,0.03346015140414238,0.03346015140414238,1.0,-3.0,success
2733,-2.7836880683898926,2.525181293487549,-0.00029679370345547795,0.03345943242311478,0.03345943242311478,1.0,-3.0,success
2734,-2.7832725048065186,2.5241942405700684,-0.0002967883483506739,0.03346766531467438,0.03346766158938408,1.0,-3.0,success
2735,-2.7828593254089355,2.5232062339782715,-0.0002967960317619145,0.033466313034296036,0.033466313034296036,1.0,-3.0,success
2736,-2.7824480533599854,2.522217035293579,-0.00029681401792913675,0.03347776085138321,0.03347775712609291,1.0,-3.0,success
2737,-2.7820241451263428,2.5212268829345703,-0.00029682330205105245,0.03365872800350189,0.03365872800350189,1.0,3.0,success
2738,-2.7815980911254883,2.520237684249878,-0.0002968369226437062,0.033657800406217575,0.033657800406217575,1.0,3.0,success
2739,-2.7811851501464844,2.519249677658081,-0.00029685540357604623,0.03346344083547592,0.03346344083547592,1.0,-3.0,success
2740,-2.7807743549346924,2.5182604789733887,-0.00029686250491067767,0.03347204253077507,0.03347204253077507,1.0,-3.0,success
2741,-2.780365467071533,2.51727032661438,-0.0002968785120174289,0.03347676992416382,0.03347676992416382,1.0,-3.0,success
2742,-2.7799441814422607,2.5162792205810547,-0.0002968867192976177,0.03365397825837135,0.03365397825837135,1.0,3.0,success
2743,-2.7795205116271973,2.515289068222046,-0.0002968996705021709,0.033655796200037,0.033655796200037,1.0,3.0,success
2744,-2.7791097164154053,2.5143001079559326,-0.0002969166962429881,0.03346516191959381,0.03346516191959381,1.0,-3.0,success
2745,-2.778701066970825,2.513309955596924,-0.00029692298267036676,0.03347392380237579,0.03347392380237579,1.0,-3.0,success
2746,-2.778294324874878,2.5123188495635986,-0.000296938291285187,0.03347880393266678,0.03347880393266678,1.0,-3.0,success
2747,-2.7778890132904053,2.511326551437378,-0.00029696215642616153,0.03349633887410164,0.03349633887410164,1.0,-3.0,success
2748,-2.777472496032715,2.510333299636841,-0.0002969790657516569,0.033657800406217575,0.03365779668092728,1.0,3.0,success
2749,-2.7770538330078125,2.509341239929199,-0.000296997168334201,0.03364946320652962,0.03364946320652962,1.0,3.0,success
2750,-2.7766475677490234,2.508350133895874,-0.00029701710445806384,0.033473145216703415,0.033473145216703415,1.0,-3.0,success
2751,-2.7762434482574463,2.5073578357696533,-0.0002970262139569968,0.03348227217793465,0.03348227217793465,1.0,-3.0,success
2752,-2.7758407592773438,2.506364583969116,-0.0002970437635667622,0.033493053168058395,0.033493053168058395,1.0,-3.0,success
2753,-2.775439739227295,2.5053703784942627,-0.00029706922941841185,0.03350112959742546,0.03350112959742546,1.0,-3.0,success
2754,-2.7750277519226074,2.5043752193450928,-0.00029708907823078334,0.03365837037563324,0.03365837037563324,1.0,3.0,success
2755,-2.774614095687866,2.5033810138702393,-0.000297108490485698,0.03365083783864975,0.03365083783864975,1.0,3.0,success
2756,-2.77421236038208,2.5023880004882812,-0.0002971283392980695,0.033474959433078766,0.033474959433078766,1.0,-3.0,success
2757,-2.7738125324249268,2.5013937950134277,-0.0002971379435621202,0.03348721191287041,0.03348721191287041,1.0,-3.0,success
2758,-2.773414373397827,2.500398635864258,-0.00029715572600252926,0.0334954559803009,0.0334954559803009,1.0,-3.0,success
2759,-2.773017406463623,2.4994025230407715,-0.00029718130826950073,0.03350931778550148,0.03350931406021118,1.0,-3.0,success
2760,-2.7726101875305176,2.4984052181243896,-0.000297202670481056,0.03366372361779213,0.03366372361779213,1.0,3.0,success
2761,-2.7722012996673584,2.4974093437194824,-0.0002972223446704447,0.03364211693406105,0.03364211693406105,1.0,3.0,success
2762,-2.7717909812927246,2.4964141845703125,-0.00029722831095568836,0.03363845497369766,0.033638451248407364,1.0,3.0,success
2763,-2.7713913917541504,2.495420217514038,-0.00029723256011493504,0.03347751870751381,0.03347751870751381,1.0,-3.0,success
2764,-2.770993709564209,2.4944252967834473,-0.0002972323272842914,0.033483002334833145,0.033483002334833145,1.0,-3.0,success
2765,-2.770597219467163,2.493429183959961,-0.00029724236810579896,0.033503804355859756,0.033503804355859756,1.0,-3.0,success
2766,-2.7701897621154785,2.492432117462158,-0.00029725005151703954,0.033659644424915314,0.033659644424915314,1.0,3.0,success
2767,-2.7697951793670654,2.491436004638672,-0.0002972757210955024,0.03348181024193764,0.03348180651664734,1.0,-3.0,success
2768,-2.769402027130127,2.490438938140869,-0.0002972896909341216,0.03349309414625168,0.03349309414625168,1.0,-3.0,success
2769,-2.7689971923828125,2.48944091796875,-0.0002972977526951581,0.03365634009242058,0.03365634009242058,1.0,3.0,success
2770,-2.7685904502868652,2.4884438514709473,-0.00029730962705798447,0.0336511954665184,0.0336511954665184,1.0,3.0,success
2771,-2.7681825160980225,2.48744797706604,-0.0002973095397464931,0.03363081067800522,0.03363080695271492,1.0,3.0,success
2772,-2.76778507232666,2.486453056335449,-0.00029730855021625757,0.033480241894721985,0.033480238169431686,1.0,-3.0,success
2773,-2.7673892974853516,2.485457181930542,-0.0002973042137455195,0.033488620072603226,0.033488620072603226,1.0,-3.0,success
2774,-2.7669949531555176,2.4844601154327393,-0.000297310936730355,0.03350677713751793,0.03350677713751793,1.0,-3.0,success
2775,-2.766602039337158,2.48346209526062,-0.0002973275841213763,0.03351809084415436,0.03351809084415436,1.0,-3.0,success
2776,-2.7662103176116943,2.4824628829956055,-0.0002973520604427904,0.03353913873434067,0.03353913873434067,1.0,-3.0,success
2777,-2.765810251235962,2.4814629554748535,-0.000297376187518239,0.03365594521164894,0.03365594521164894,1.0,3.0,success
2778,-2.765408515930176,2.480463981628418,-0.00029739519231952727,0.03364770486950874,0.033647701144218445,1.0,3.0,success
2779,-2.7650058269500732,2.479465961456299,-0.00029740072204731405,0.03363119438290596,0.03363119065761566,1.0,3.0,success
2780,-2.764613151550293,2.478469133377075,-0.0002974028466269374,0.033480700105428696,0.0334806963801384,1.0,-3.0,success
2781,-2.7642219066619873,2.477471351623535,-0.0002974018279928714,0.0334920808672905,0.0334920808672905,1.0,-3.0,success
2782,-2.763831853866577,2.4764721393585205,-0.0002974111121147871,0.03352013975381851,0.03352013975381851,1.0,-3.0,success
2783,-2.7634429931640625,2.4754722118377686,-0.00029742965125478804,0.033527445048093796,0.033527445048093796,1.0,-3.0,success
2784,-2.7630550861358643,2.4744713306427,-0.0002974555245600641,0.03354443982243538,0.03354443609714508,1.0,-3.0,success
2785,-2.762659788131714,2.4734692573547363,-0.0002974826202262193,0.033663246780633926,0.033663246780633926,1.0,3.0,success
2786,-2.762263059616089,2.472468376159668,-0.0002975027309730649,0.03364504128694534,0.03364504128694534,1.0,3.0,success
2787,-2.7618772983551025,2.471468448638916,-0.0002975195529870689,0.03349245712161064,0.03349245712161064,1.0,-3.0,success
2788,-2.761492967605591,2.4704675674438477,-0.0002975283423438668,0.03350421413779259,0.03350421413779259,1.0,-3.0,success
2789,-2.7610974311828613,2.469465732574463,-0.00029753471608273685,0.03365905210375786,0.03365905210375786,1.0,3.0,success
2790,-2.7607004642486572,2.4684650897979736,-0.00029754420393146574,0.03364086151123047,0.03364086151123047,1.0,3.0,success
2791,-2.760314464569092,2.4674651622772217,-0.0002975526440422982,0.03349514305591583,0.03349514305591583,1.0,-3.0,success
2792,-2.759929895401001,2.4664645195007324,-0.0002975547395180911,0.033499930053949356,0.033499930053949356,1.0,-3.0,success
2793,-2.7595465183258057,2.4654624462127686,-0.00029756620642729104,0.03352833166718483,0.03352833166718483,1.0,-3.0,success
2794,-2.7591638565063477,2.4644596576690674,-0.00029758631717413664,0.0335412360727787,0.0335412360727787,1.0,-3.0,success
2795,-2.758782386779785,2.46345591545105,-0.0002976132673211396,0.03355582803487778,0.03355582803487778,1.0,-3.0,success
2796,-2.758394241333008,2.462451219558716,-0.0002976431278511882,0.033658307045698166,0.033658307045698166,1.0,3.0,success
2797,-2.758004665374756,2.4614474773406982,-0.0002976640244014561,0.033646658062934875,0.033646658062934875,1.0,3.0,success
2798,-2.7576146125793457,2.460444927215576,-0.00029767127125523984,0.033617328852415085,0.033617328852415085,1.0,3.0,success
2799,-2.757223606109619,2.4594433307647705,-0.0002976661780849099,0.03360038250684738,0.03360038250684738,1.0,3.0,success
2800,-2.7568397521972656,2.458442449569702,-0.0002976541582029313,0.03349887579679489,0.03349887579679489,1.0,-3.0,success
2801,-2.7564573287963867,2.4574408531188965,-0.00029764638748019934,0.03350377455353737,0.03350377455353737,1.0,-3.0,success
2802,-2.756075859069824,2.4564380645751953,-0.0002976502582896501,0.03352797031402588,0.03352797031402588,1.0,-3.0,success
2803,-2.7556955814361572,2.4554343223571777,-0.0002976643154397607,0.03354261443018913,0.033542610704898834,1.0,-3.0,success
2804,-2.7553160190582275,2.4544296264648438,-0.00029768634703941643,0.03356257453560829,0.03356257453560829,1.0,-3.0,success
2805,-2.7549374103546143,2.4534239768981934,-0.0002977146941702813,0.03357994556427002,0.03357994556427002,1.0,-3.0,success
2806,-2.754554033279419,2.4524173736572266,-0.000297748512821272,0.033660586923360825,0.033660586923360825,1.0,3.0,success
2807,-2.754169464111328,2.4514119625091553,-0.0002977699041366577,0.03363906964659691,0.03363906592130661,1.0,3.0,success
2808,-2.7537953853607178,2.4504072666168213,-0.000297785853035748,0.033502399921417236,0.033502399921417236,1.0,-3.0,success
2809,-2.753422260284424,2.44940185546875,-0.0002977951371576637,0.03351296856999397,0.033512964844703674,1.0,-3.0,success
2810,-2.753049850463867,2.448395252227783,-0.0002978120755869895,0.03354013338685036,0.03354013338685036,1.0,-3.0,success
2811,-2.752668619155884,2.447387933731079,-0.0002978305274154991,0.03365768492221832,0.033657681196928024,1.0,3.0,success
2812,-2.752286434173584,2.4463813304901123,-0.00029784589423798025,0.03364734724164009,0.03364734351634979,1.0,3.0,success
2813,-2.7519032955169678,2.44537615776062,-0.00029784897924400866,0.03361615911126137,0.03361615911126137,1.0,3.0,success
2814,-2.751528739929199,2.4443717002868652,-0.00029784569051116705,0.03350061923265457,0.03350061923265457,1.0,-3.0,success
2815,-2.751155376434326,2.443366050720215,-0.00029784280923195183,0.03352254256606102,0.03352254256606102,1.0,-3.0,success
2816,-2.7507832050323486,2.442359685897827,-0.00029785025981254876,0.03353056311607361,0.03353055939078331,1.0,-3.0,success
2817,-2.7504117488861084,2.441352367401123,-0.00029786687809973955,0.033550772815942764,0.033550772815942764,1.0,-3.0,success
2818,-2.750032901763916,2.4403438568115234,-0.0002978872216772288,0.033666253089904785,0.033666253089904785,1.0,3.0,success
2819,-2.749652862548828,2.4393367767333984,-0.00029790171538479626,0.03363754227757454,0.03363754227757454,1.0,3.0,success
2820,-2.749272108078003,2.4383304119110107,-0.0002979040436912328,0.03362453356385231,0.03362453356385231,1.0,3.0,success
2821,-2.7488996982574463,2.4373250007629395,-0.0002979004930239171,0.03350519388914108,0.03350519388914108,1.0,-3.0,success
2822,-2.7485287189483643,2.4363186359405518,-0.0002978973789140582,0.03351765498518944,0.03351765498518944,1.0,-3.0,success
2823,-2.7481589317321777,2.4353113174438477,-0.0002979045966640115,0.03353276476264,0.0335327610373497,1.0,-3.0,success
2824,-2.7477900981903076,2.434303045272827,-0.0002979209239128977,0.03355049341917038,0.03355048969388008,1.0,-3.0,success
2825,-2.7474136352539062,2.4332938194274902,-0.0002979407727252692,0.033661067485809326,0.033661067485809326,1.0,3.0,success
2826,-2.7470359802246094,2.4322855472564697,-0.0002979548880830407,0.033646196126937866,0.033646196126937866,1.0,3.0,success
2827,-2.7466683387756348,2.4312782287597656,-0.0002979649871122092,0.033509716391563416,0.033509716391563416,1.0,-3.0,success
2828,-2.746302366256714,2.430269956588745,-0.0002979702840093523,0.03351988270878792,0.03351987898349762,1.0,-3.0,success
2829,-2.7459371089935303,2.4292609691619873,-0.00029798393370583653,0.03353327885270119,0.03353327885270119,1.0,-3.0,success
2830,-2.74556303024292,2.428250789642334,-0.00029799947515130043,0.03366304561495781,0.03366304561495781,1.0,3.0,success
2831,-2.745187759399414,2.427241563796997,-0.0002980121353175491,0.033648066222667694,0.033648066222667694,1.0,3.0,success
2832,-2.7448225021362305,2.4262335300445557,-0.00029802098288200796,0.033505260944366455,0.033505260944366455,1.0,-3.0,success
2833,-2.7444586753845215,2.4252243041992188,-0.00029802555218338966,0.033525098115205765,0.033525098115205765,1.0,-3.0,success
2834,-2.744084358215332,2.4242143630981445,-0.0002980304998345673,0.033658646047115326,0.033658646047115326,1.0,3.0,success
2835,-2.743708848953247,2.4232053756713867,-0.00029803672805428505,0.033643681555986404,0.033643677830696106,1.0,3.0,success
2836,-2.7433433532714844,2.422197103500366,-0.00029804077348671854,0.033514801412820816,0.033514801412820816,1.0,-3.0,success
2837,-2.7429795265197754,2.4211881160736084,-0.0002980414719786495,0.03351809084415436,0.03351809084415436,1.0,-3.0,success
2838,-2.742616891860962,2.420177936553955,-0.0002980514254886657,0.033540528267621994,0.033540528267621994,1.0,-3.0,success
2839,-2.742255449295044,2.4191670417785645,-0.0002980697900056839,0.03354901075363159,0.03354901075363159,1.0,-3.0,success
2840,-2.7418863773345947,2.4181551933288574,-0.0002980907156597823,0.03365802392363548,0.03365802392363548,1.0,3.0,success
2841,-2.741515636444092,2.417144298553467,-0.0002981055877171457,0.03364795073866844,0.03364794701337814,1.0,3.0,success
2842,-2.7411551475524902,2.4161343574523926,-0.000298116123303771,0.03351091593503952,0.03351091593503952,1.0,-3.0,success
2843,-2.7407960891723633,2.415123462677002,-0.0002981225261464715,0.03352399915456772,0.03352399915456772,1.0,-3.0,success
2844,-2.740438222885132,2.414111614227295,-0.0002981369325425476,0.03353964537382126,0.03353964164853096,1.0,-3.0,success
2845,-2.7400712966918945,2.4130988121032715,-0.00029815276502631605,0.033663127571344376,0.03366312384605408,1.0,3.0,success
2846,-2.7397029399871826,2.4120869636535645,-0.000298165250569582,0.03365037217736244,0.03365037217736244,1.0,3.0,success
2847,-2.739333391189575,2.411076307296753,-0.0002981663274113089,0.03362814337015152,0.03362814337015152,1.0,3.0,success
2848,-2.7389726638793945,2.4100663661956787,-0.00029816219466738403,0.033513423055410385,0.033513423055410385,1.0,-3.0,success
2849,-2.7386133670806885,2.409055471420288,-0.00029815934249199927,0.03352649509906769,0.03352649137377739,1.0,-3.0,success
2850,-2.738255739212036,2.40804386138916,-0.0002981665311381221,0.033530134707689285,0.033530134707689285,1.0,-3.0,success
2851,-2.7378995418548584,2.4070310592651367,-0.00029818256734870374,0.03355040401220322,0.03355040401220322,1.0,-3.0,success
2852,-2.737534999847412,2.406017303466797,-0.00029820078634656966,0.03366586193442345,0.03366586193442345,1.0,3.0,success
2853,-2.737169027328491,2.4050047397613525,-0.0002982135920319706,0.03364597633481026,0.03364597633481026,1.0,3.0,success
2854,-2.7368128299713135,2.4039931297302246,-0.00029822278884239495,0.03351525962352753,0.03351525962352753,1.0,-3.0,success
2855,-2.7364587783813477,2.402980327606201,-0.0002982285514008254,0.03352821618318558,0.03352821618318558,1.0,-3.0,success
2856,-2.7361059188842773,2.4019668102264404,-0.00029824237572029233,0.03353704884648323,0.03353704884648323,1.0,-3.0,success
2857,-2.735743761062622,2.4009523391723633,-0.0002982570440508425,0.033661771565675735,0.033661771565675735,1.0,3.0,success
2858,-2.735379934310913,2.3999388217926025,-0.000298268481856212,0.03365129232406616,0.03365129232406616,1.0,3.0,success
2859,-2.7350146770477295,2.398926258087158,-0.0002982688311021775,0.03363838419318199,0.03363838419318199,1.0,3.0,success
2860,-2.7346584796905518,2.3979146480560303,-0.0002982648729812354,0.03351525962352753,0.03351525962352753,1.0,-3.0,success
2861,-2.734304189682007,2.396902084350586,-0.0002982622245326638,0.033523641526699066,0.033523641526699066,1.0,-3.0,success
2862,-2.7339515686035156,2.395888566970825,-0.0002982694422826171,0.03353460133075714,0.03353459760546684,1.0,-3.0,success
2863,-2.733600616455078,2.394874095916748,-0.0002982853911817074,0.033545657992362976,0.033545657992362976,1.0,-3.0,success
2864,-2.733241081237793,2.3938586711883545,-0.0002983024751301855,0.03366239741444588,0.03366239741444588,1.0,3.0,success
2865,-2.732879400253296,2.3928444385528564,-0.00029831461142748594,0.0336497500538826,0.0336497463285923,1.0,3.0,success
2866,-2.732516288757324,2.3918309211730957,-0.00029831554275006056,0.03364374488592148,0.03364374488592148,1.0,3.0,success
2867,-2.7321624755859375,2.3908183574676514,-0.00029831257415935397,0.033518724143505096,0.033518724143505096,1.0,-3.0,success
2868,-2.7318105697631836,2.3898050785064697,-0.00029831071151420474,0.03352022171020508,0.03352022171020508,1.0,-3.0,success
2869,-2.7314605712890625,2.3887906074523926,-0.0002983184822369367,0.033535927534103394,0.033535927534103394,1.0,-3.0,success
2870,-2.7311007976531982,2.387775421142578,-0.0002983272715937346,0.03365786373615265,0.03365786001086235,1.0,3.0,success
2871,-2.730738878250122,2.386760950088501,-0.0002983341400977224,0.03365926444530487,0.03365926444530487,1.0,3.0,success
2872,-2.7303874492645264,2.3857476711273193,-0.00029833943699486554,0.033515337854623795,0.033515337854623795,1.0,-3.0,success
2873,-2.7300379276275635,2.384733200073242,-0.00029834252200089395,0.0335310697555542,0.0335310697555542,1.0,-3.0,success
2874,-2.7296905517578125,2.3837180137634277,-0.0002983540762215853,0.03353043645620346,0.03353043273091316,1.0,-3.0,success
2875,-2.7293334007263184,2.382701873779297,-0.00029836560133844614,0.03365869075059891,0.03365869075059891,1.0,3.0,success
2876,-2.728973865509033,2.3816866874694824,-0.0002983746526297182,0.033655375242233276,0.033655375242233276,1.0,3.0,success
2877,-2.7286126613616943,2.3806722164154053,-0.00029837319743819535,0.03365176543593407,0.03365176543593407,1.0,3.0,success
2878,-2.7282495498657227,2.3796589374542236,-0.0002983619924634695,0.03363673388957977,0.03363673388957977,1.0,3.0,success
2879,-2.7278952598571777,2.3786466121673584,-0.0002983490121550858,0.03351660817861557,0.03351660817861557,1.0,-3.0,success
2880,-2.727543592453003,2.3776330947875977,-0.0002983401354867965,0.03352481871843338,0.03352481871843338,1.0,-3.0,success
2881,-2.72719407081604,2.3766188621520996,-0.0002983423473779112,0.033524028956890106,0.033524028956890106,1.0,-3.0,success
2882,-2.7268340587615967,2.375603675842285,-0.00029834549059160054,0.03366035223007202,0.03366035223007202,1.0,3.0,success
2883,-2.7264719009399414,2.374589204788208,-0.00029834816814400256,0.033661771565675735,0.033661771565675735,1.0,3.0,success
2884,-2.726107597351074,2.3735759258270264,-0.00029834159067831933,0.03364931792020798,0.03364931792020798,1.0,3.0,success
2885,-2.725741147994995,2.372563600540161,-0.00029832625295966864,0.03364403918385506,0.03364403918385506,1.0,3.0,success
2886,-2.725372552871704,2.3715522289276123,-0.00029830369749106467,0.03363891690969467,0.03363891690969467,1.0,3.0,success
2887,-2.725001811981201,2.370541572570801,-0.00029827532125636935,0.03364095464348793,0.03364095091819763,1.0,3.0,success
2888,-2.7246289253234863,2.3695318698883057,-0.00029824217199347913,0.033636145293712616,0.033636145293712616,1.0,3.0,success
2889,-2.7242534160614014,2.368523359298706,-0.0002982051228173077,0.03362971544265747,0.03362971544265747,1.0,3.0,success
2890,-2.7238755226135254,2.3675155639648438,-0.00029816493042744696,0.03363485634326935,0.03363485634326935,1.0,3.0,success
2891,-2.7235069274902344,2.366508722305298,-0.00029813055880367756,0.03350595012307167,0.03350595012307167,1.0,-3.0,success
2892,-2.7231268882751465,2.3655006885528564,-0.0002980920544359833,0.033665429800748825,0.033665429800748825,1.0,3.0,success
2893,-2.7227587699890137,2.3644938468933105,-0.00029807581449858844,0.033500831574201584,0.033500831574201584,1.0,-3.0,success
2894,-2.722378969192505,2.363485813140869,-0.000298048194963485,0.03366280347108841,0.03366279974579811,1.0,3.0,success
2895,-2.721996784210205,2.362478733062744,-0.0002980281424243003,0.03366127610206604,0.03366127610206604,1.0,3.0,success
2896,-2.721611976623535,2.3614726066589355,-0.00029800215270370245,0.03366260603070259,0.03366260603070259,1.0,3.0,success
2897,-2.721224784851074,2.3604674339294434,-0.00029797080787830055,0.033661480993032455,0.033661480993032455,1.0,3.0,success
2898,-2.720834970474243,2.3594634532928467,-0.00029793509747833014,0.033656299114227295,0.033656299114227295,1.0,3.0,success
2899,-2.720442771911621,2.3584601879119873,-0.00029789580730721354,0.03366251662373543,0.03366251289844513,1.0,3.0,success
2900,-2.720048189163208,2.3574578762054443,-0.0002978536067530513,0.03366198390722275,0.03366198390722275,1.0,3.0,success
2901,-2.719650983810425,2.3564565181732178,-0.00029780896147713065,0.033664386719465256,0.033664386719465256,1.0,3.0,success
2902,-2.7192516326904297,2.3554563522338867,-0.0002977623080369085,0.03365457057952881,0.03365456685423851,1.0,3.0,success
2903,-2.7188496589660645,2.354456901550293,-0.00029771399567835033,0.03366430848836899,0.03366430848836899,1.0,3.0,success
2904,-2.718445301055908,2.3534586429595947,-0.00029766428633593023,0.03365764766931534,0.03365764766931534,1.0,3.0,success
2905,-2.71803879737854,2.352461099624634,-0.00029761335463263094,0.033662181347608566,0.033662181347608566,1.0,3.0,success
2906,-2.7176296710968018,2.3514647483825684,-0.00029756143339909613,0.03365873172879219,0.03365873172879219,1.0,3.0,success
2907,-2.7172181606292725,2.3504691123962402,-0.0002975085808429867,0.03366644307971001,0.03366644307971001,1.0,3.0,success
2908,-2.716804265975952,2.3494746685028076,-0.00029745500069111586,0.03366057574748993,0.03366057574748993,1.0,3.0,success
2909,-2.71638822555542,2.3484811782836914,-0.0002974006929434836,0.03365891054272652,0.03365891054272652,1.0,3.0,success
2910,-2.7159695625305176,2.3474886417388916,-0.0002973458031192422,0.03366318717598915,0.03366318717598915,1.0,3.0,success
2911,-2.7155487537384033,2.3464972972869873,-0.00029729033121839166,0.033655013889074326,0.033655013889074326,1.0,3.0,success
2912,-2.715125322341919,2.3455066680908203,-0.00029723436455242336,0.033666566014289856,0.033666566014289856,1.0,3.0,success
2913,-2.7146997451782227,2.344517230987549,-0.0002971779031213373,0.03365875408053398,0.03365875408053398,1.0,3.0,success
2914,-2.7142717838287354,2.3435287475585938,-0.0002971210051327944,0.03366091102361679,0.03366091102361679,1.0,3.0,success
2915,-2.713841438293457,2.342541217803955,-0.00029706369969062507,0.03366326168179512,0.03366325795650482,1.0,3.0,success
2916,-2.7134087085723877,2.341554880142212,-0.00029700598679482937,0.03365897387266159,0.03365897387266159,1.0,3.0,success
2917,-2.7129738330841064,2.340569496154785,-0.00029694786644540727,0.0336587019264698,0.0336587019264698,1.0,3.0,success
2918,-2.712536334991455,2.339585065841675,-0.0002968893968500197,0.03366464376449585,0.03366464003920555,1.0,3.0,success
2919,-2.712096691131592,2.33860182762146,-0.0002968305489048362,0.033657919615507126,0.033657919615507126,1.0,3.0,success
2920,-2.7116546630859375,2.3376195430755615,-0.0002967713517136872,0.03366122022271156,0.03366122022271156,1.0,3.0,success
2921,-2.711210250854492,2.3366384506225586,-0.0002967118052765727,0.033657923340797424,0.033657923340797424,1.0,3.0,success
2922,-2.710763692855835,2.335658073425293,-0.00029665190959349275,0.033665306866168976,0.03366530314087868,1.0,3.0,success
2923,-2.7103145122528076,2.334679126739502,-0.00029659169376827776,0.03365872800350189,0.03365872800350189,1.0,3.0,success
2924,-2.7098631858825684,2.3337011337280273,-0.0002965311286970973,0.0336596854031086,0.0336596854031086,1.0,3.0,success
2925,-2.709409475326538,2.332724094390869,-0.00029647021437995136,0.03366393968462944,0.03366393595933914,1.0,3.0,success
2926,-2.708953619003296,2.3317482471466064,-0.0002964089799206704,0.033658478409051895,0.033658478409051895,1.0,3.0,success
2927,-2.7084951400756836,2.3307735919952393,-0.0002963474253192544,0.03365953639149666,0.03365953639149666,1.0,3.0,success
2928,-2.7080345153808594,2.3297998905181885,-0.0002962855505757034,0.033661190420389175,0.033661190420389175,1.0,3.0,success
2929,-2.707590341567993,2.328826904296875,-0.00029232873930595815,0.03342447429895401,0.033424247056245804,1.0,3.0,success
2930,-2.7071433067321777,2.327854871749878,-0.0002928281610365957,0.03343439847230911,0.033434394747018814,1.0,3.0,success
2931,-2.7066941261291504,2.3268840312957764,-0.00029342068592086434,0.03342865779995918,0.033428654074668884,1.0,3.0,success
2932,-2.706242322921753,2.3259143829345703,-0.00029389263363555074,0.033429380506277084,0.033429376780986786,1.0,3.0,success
2933,-2.7057883739471436,2.3249459266662598,-0.0002942577702924609,0.033424023538827896,0.0334240198135376,1.0,3.0,success
2934,-2.705332040786743,2.3239786624908447,-0.00029453675961121917,0.033422015607357025,0.033422015607357025,1.0,3.0,success
2935,-2.7048733234405518,2.323012590408325,-0.00029474671464413404,0.03342021629214287,0.03342021629214287,1.0,3.0,success
2936,-2.7044119834899902,2.322047710418701,-0.00029490137239918113,0.033421840518713,0.033421840518713,1.0,3.0,success
2937,-2.7039482593536377,2.3210840225219727,-0.0002950117632281035,0.03342047333717346,0.03342047333717346,1.0,3.0,success
2938,-2.703482151031494,2.3201212882995605,-0.0002950866473838687,0.03342602029442787,0.03342602029442787,1.0,3.0,success
2939,-2.7030131816864014,2.319159984588623,-0.0002951331262011081,0.033424895256757736,0.03342489153146744,1.0,3.0,success
2940,-2.7025415897369385,2.318199872970581,-0.0002951567876152694,0.03342746943235397,0.03342746943235397,1.0,3.0,success
2941,-2.7020673751831055,2.3172407150268555,-0.0002951621718239039,0.03343696519732475,0.03343696519732475,1.0,3.0,success
2942,-2.7015933990478516,2.3162829875946045,-0.0002951473870780319,0.03339359164237976,0.03339359164237976,1.0,-3.0,success
2943,-2.7011218070983887,2.3153235912323,-0.00029515253845602274,0.033407408744096756,0.033407408744096756,1.0,-3.0,success
2944,-2.700652599334717,2.3143630027770996,-0.00029517061193473637,0.03340807929635048,0.03340807557106018,1.0,-3.0,success
2945,-2.700186252593994,2.313401222229004,-0.0002951986971311271,0.0334024503827095,0.0334024503827095,1.0,-3.0,success
2946,-2.6997039318084717,2.3124382495880127,-0.0002952071954496205,0.03365654870867729,0.03365654870867729,1.0,3.0,success
2947,-2.699218988418579,2.311476230621338,-0.0002952280919998884,0.033666715025901794,0.033666711300611496,1.0,3.0,success
2948,-2.6987500190734863,2.3105156421661377,-0.00029526083380915225,0.03340480849146843,0.03340480849146843,1.0,-3.0,success
2949,-2.6982834339141846,2.309553861618042,-0.00029527212609536946,0.03340570256114006,0.03340569883584976,1.0,-3.0,success
2950,-2.697801351547241,2.308590888977051,-0.0002952661016024649,0.03365321084856987,0.03365321084856987,1.0,3.0,success
2951,-2.6973166465759277,2.307629108428955,-0.0002952756476588547,0.033656708896160126,0.033656708896160126,1.0,3.0,success
2952,-2.696847677230835,2.306668281555176,-0.0002952983195427805,0.033411506563425064,0.033411502838134766,1.0,-3.0,success
2953,-2.696381092071533,2.30570650100708,-0.0002953016373794526,0.03340570256114006,0.03340569883584976,1.0,-3.0,success
2954,-2.695915937423706,2.3047432899475098,-0.000295315810944885,0.03342646360397339,0.03342645987868309,1.0,-3.0,success
2955,-2.695452928543091,2.303779125213623,-0.00029534034547396004,0.033424220979213715,0.033424220979213715,1.0,-3.0,success
2956,-2.6949753761291504,2.3028135299682617,-0.00029535050271078944,0.03366352245211601,0.03366352245211601,1.0,3.0,success
2957,-2.6944961547851562,2.301849365234375,-0.00029537055524997413,0.03364663943648338,0.03364663943648338,1.0,3.0,success
2958,-2.6940152645111084,2.300886392593384,-0.0002953755029011518,0.03363655135035515,0.03363655135035515,1.0,3.0,success
2959,-2.6935486793518066,2.299924612045288,-0.0002953880757559091,0.03340570256114006,0.03340569883584976,1.0,-3.0,success
2960,-2.6930837631225586,2.298961639404297,-0.00029538600938394666,0.0334165133535862,0.0334165133535862,1.0,-3.0,success
2961,-2.6926205158233643,2.29799747467041,-0.0002953959919977933,0.03342744708061218,0.03342744708061218,1.0,-3.0,success
2962,-2.6921586990356445,2.297031879425049,-0.00029541715048253536,0.03344843536615372,0.03344843164086342,1.0,-3.0,success
2963,-2.691683530807495,2.296065330505371,-0.0002954269584733993,0.03365730494260788,0.03365730121731758,1.0,3.0,success
2964,-2.691206693649292,2.295099973678589,-0.00029544535209424794,0.03364694118499756,0.03364694118499756,1.0,3.0,success
2965,-2.6907286643981934,2.294135808944702,-0.0002954489318653941,0.03363007307052612,0.03363007307052612,1.0,3.0,success
2966,-2.6902639865875244,2.29317307472229,-0.0002954590308945626,0.033406563103199005,0.033406563103199005,1.0,-3.0,success
2967,-2.6898012161254883,2.2922089099884033,-0.00029545562574639916,0.03342099487781525,0.03342099115252495,1.0,-3.0,success
2968,-2.6893396377563477,2.291243553161621,-0.0002954645315185189,0.03343850001692772,0.03343849629163742,1.0,-3.0,success
2969,-2.6888797283172607,2.2902767658233643,-0.0002954847877845168,0.03345639258623123,0.03345639258623123,1.0,-3.0,success
2970,-2.6884069442749023,2.289309024810791,-0.0002954953524749726,0.033657968044281006,0.033657968044281006,1.0,3.0,success
2971,-2.6879324913024902,2.2883427143096924,-0.00029551348416134715,0.03364076092839241,0.03364076092839241,1.0,3.0,success
2972,-2.687472343444824,2.28737735748291,-0.0002955388044938445,0.03341924026608467,0.03341923654079437,1.0,-3.0,success
2973,-2.687014102935791,2.2864108085632324,-0.0002955456147901714,0.033427294343709946,0.033427294343709946,1.0,-3.0,success
2974,-2.686556816101074,2.285443067550659,-0.0002955624368041754,0.03344821557402611,0.03344821184873581,1.0,-3.0,success
2975,-2.6860861778259277,2.2844743728637695,-0.0002955695381388068,0.03365539014339447,0.03365538641810417,1.0,3.0,success
2976,-2.6856141090393066,2.2835066318511963,-0.00029558606911450624,0.033648163080215454,0.033648159354925156,1.0,3.0,success
2977,-2.6851563453674316,2.2825403213500977,-0.00029560935217887163,0.03341417759656906,0.03341417387127876,1.0,-3.0,success
2978,-2.6847000122070312,2.2815725803375244,-0.0002956148819066584,0.03343549370765686,0.03343548998236656,1.0,-3.0,success
2979,-2.6842293739318848,2.2806038856506348,-0.0002956094976980239,0.03365539014339447,0.03365538641810417,1.0,3.0,success
2980,-2.6837570667266846,2.2796363830566406,-0.00029561802512034774,0.03364473208785057,0.03364473208785057,1.0,3.0,success
2981,-2.683283805847168,2.278670072555542,-0.0002956138632725924,0.033624354749917984,0.033624354749917984,1.0,3.0,success
2982,-2.682823419570923,2.277704954147339,-0.00029561566771008074,0.033415719866752625,0.033415716141462326,1.0,-3.0,success
2983,-2.6823647022247314,2.2767386436462402,-0.00029560658731497824,0.03342694789171219,0.03342694789171219,1.0,-3.0,success
2984,-2.6819071769714355,2.275771141052246,-0.00029561089468188584,0.033444661647081375,0.033444661647081375,1.0,-3.0,success
2985,-2.681450843811035,2.2748022079467773,-0.0002956273965537548,0.03346919268369675,0.03346919268369675,1.0,-3.0,success
2986,-2.680995464324951,2.273832321166992,-0.0002956535608973354,0.03348347917199135,0.03348347917199135,1.0,-3.0,success
2987,-2.6805295944213867,2.2728610038757324,-0.0002956740208901465,0.03366441652178764,0.03366441652178764,1.0,3.0,success
2988,-2.6800625324249268,2.2718913555145264,-0.0002956961398012936,0.03363354876637459,0.03363354876637459,1.0,3.0,success
2989,-2.6795945167541504,2.2709226608276367,-0.00029570277547463775,0.033619657158851624,0.033619657158851624,1.0,3.0,success
2990,-2.679138660430908,2.2699551582336426,-0.00029571150662377477,0.03342239931225777,0.03342239931225777,1.0,-3.0,success
2991,-2.6786842346191406,2.268986463546753,-0.0002957089454866946,0.0334370955824852,0.0334370918571949,1.0,-3.0,success
2992,-2.6782307624816895,2.2680165767669678,-0.000295718404231593,0.03345818817615509,0.03345818817615509,1.0,-3.0,success
2993,-2.677764892578125,2.267045736312866,-0.0002957217220682651,0.03365098312497139,0.03365098312497139,1.0,3.0,success
2994,-2.677297353744507,2.266075849533081,-0.00029573417850770056,0.033646728843450546,0.033646728843450546,1.0,3.0,success
2995,-2.6768290996551514,2.2651073932647705,-0.00029573318897746503,0.033616188913583755,0.033616188913583755,1.0,3.0,success
2996,-2.676373243331909,2.2641398906707764,-0.0002957358374260366,0.03342239931225777,0.03342239931225777,1.0,-3.0,success
2997,-2.6759188175201416,2.2631711959838867,-0.0002957283577416092,0.0334370955824852,0.0334370918571949,1.0,-3.0,success
2998,-2.6754653453826904,2.2622015476226807,-0.00029573385836556554,0.03345143795013428,0.03345143795013428,1.0,-3.0,success
2999,-2.6750128269195557,2.26123046875,-0.0002957511751446873,0.033479344099760056,0.03347934037446976,1.0,-3.0,success
3000,-2.674549102783203,2.260258197784424,-0.00029576377710327506,0.03366236761212349,0.03366236761212349,1.0,3.0,success
3001,-2.674084186553955,2.2592873573303223,-0.0002957808901555836,0.03363809734582901,0.03363809734582901,1.0,3.0,success
3002,-2.6736185550689697,2.258317708969116,-0.00029578362591564655,0.03361417353153229,0.03361417353153229,1.0,3.0,success
3003,-2.6731648445129395,2.2573490142822266,-0.0002957885153591633,0.033427607268095016,0.033427607268095016,1.0,-3.0,success
3004,-2.672712564468384,2.2563793659210205,-0.0002957832475658506,0.033435676246881485,0.033435676246881485,1.0,-3.0,success
3005,-2.6722612380981445,2.25540828704834,-0.0002957905235234648,0.033463623374700546,0.033463623374700546,1.0,-3.0,success
3006,-2.6718106269836426,2.2544362545013428,-0.000295809208182618,0.03348124399781227,0.03348124027252197,1.0,-3.0,success
3007,-2.671349287033081,2.25346302986145,-0.00029582364368252456,0.033657290041446686,0.03365728631615639,1.0,3.0,success
3008,-2.670886754989624,2.252490997314453,-0.0002958417171612382,0.03363962098956108,0.03363962098956108,1.0,3.0,success
3009,-2.6704235076904297,2.2515201568603516,-0.00029584523872472346,0.033615607768297195,0.0336156040430069,1.0,3.0,success
3010,-2.6699721813201904,2.2505505084991455,-0.0002958501281682402,0.03342308849096298,0.03342308849096298,1.0,-3.0,success
3011,-2.6695220470428467,2.249579668045044,-0.00029584532603621483,0.03344117850065231,0.03344117850065231,1.0,-3.0,success
3012,-2.6690728664398193,2.2486073970794678,-0.0002958528930321336,0.03346922993659973,0.03346922993659973,1.0,-3.0,success
3013,-2.6686244010925293,2.247634172439575,-0.0002958717814181,0.033486928790807724,0.033486928790807724,1.0,-3.0,success
3014,-2.668165445327759,2.246659755706787,-0.00029588688630610704,0.03365914151072502,0.03365914151072502,1.0,3.0,success
3015,-2.6677050590515137,2.2456867694854736,-0.00029590510530397296,0.03363779932260513,0.03363779932260513,1.0,3.0,success
3016,-2.6672441959381104,2.2447149753570557,-0.0002959087723866105,0.0336105115711689,0.0336105115711689,1.0,3.0,success
3017,-2.666795015335083,2.243744134902954,-0.00029591337079182267,0.033428654074668884,0.033428654074668884,1.0,-3.0,success
3018,-2.666347026824951,2.242772102355957,-0.00029590868507511914,0.03344685956835747,0.03344685956835747,1.0,-3.0,success
3019,-2.6658999919891357,2.2417988777160645,-0.00029591633938252926,0.03346824273467064,0.03346824273467064,1.0,-3.0,success
3020,-2.665440797805786,2.2408246994018555,-0.00029591962811537087,0.03365557640790939,0.03365557640790939,1.0,3.0,success
3021,-2.664996385574341,2.239851474761963,-0.00029595280648209155,0.03343411535024643,0.03343411535024643,1.0,-3.0,success
3022,-2.664553165435791,2.238877296447754,-0.00029596613603644073,0.03344578668475151,0.03344578295946121,1.0,-3.0,success
3023,-2.6640963554382324,2.2379016876220703,-0.0002959695120807737,0.03366435691714287,0.03366435691714287,1.0,3.0,success
3024,-2.6636383533477783,2.2369275093078613,-0.00029598359833471477,0.033639710396528244,0.033639706671237946,1.0,3.0,success
3025,-2.663193941116333,2.235954523086548,-0.00029600190464407206,0.033427342772483826,0.03342733904719353,1.0,-3.0,success
3026,-2.662750482559204,2.234980344772339,-0.00029600519337691367,0.03344887122511864,0.03344887122511864,1.0,-3.0,success
3027,-2.6622934341430664,2.2340049743652344,-0.00029600082780234516,0.03366076946258545,0.03366076946258545,1.0,3.0,success
3028,-2.661835193634033,2.2330307960510254,-0.00029600851121358573,0.033642880618572235,0.033642880618572235,1.0,3.0,success
3029,-2.661390542984009,2.232057809829712,-0.00029602195718325675,0.03343043848872185,0.03343043848872185,1.0,-3.0,success
3030,-2.66094708442688,2.231083631515503,-0.0002960213168989867,0.03344887122511864,0.03344887122511864,1.0,-3.0,success
3031,-2.6604902744293213,2.2301082611083984,-0.0002960135752800852,0.033657610416412354,0.033657606691122055,1.0,3.0,success
3032,-2.660031795501709,2.2291343212127686,-0.00029601852293126285,0.03363931179046631,0.03363931179046631,1.0,3.0,success
3033,-2.6595871448516846,2.228161334991455,-0.00029603010625578463,0.03343043848872185,0.03343043848872185,1.0,-3.0,success
3034,-2.6591436862945557,2.227187156677246,-0.0002960279816761613,0.03344887122511864,0.03344887122511864,1.0,-3.0,success
3035,-2.6587014198303223,2.2262117862701416,-0.00029603741131722927,0.033467378467321396,0.033467378467321396,1.0,-3.0,success
3036,-2.6582603454589844,2.2252352237701416,-0.0002960575802717358,0.033485956490039825,0.033485956490039825,1.0,-3.0,success
3037,-2.6578080654144287,2.224257469177246,-0.0002960731217171997,0.03366542235016823,0.03366541862487793,1.0,3.0,success
3038,-2.6573548316955566,2.223281145095825,-0.00029609151533804834,0.0336373895406723,0.0336373895406723,1.0,3.0,success
3039,-2.656900405883789,2.2223060131073,-0.00029609547345899045,0.03361932560801506,0.03361932560801506,1.0,3.0,success
3040,-2.656445264816284,2.22133207321167,-0.000296086014714092,0.033595018088817596,0.033595018088817596,1.0,3.0,success
3041,-2.6560003757476807,2.2203590869903564,-0.00029607731266878545,0.03343353420495987,0.03343353420495987,1.0,-3.0,success
3042,-2.6555569171905518,2.2193851470947266,-0.00029606555472128093,0.033442091196775436,0.033442091196775436,1.0,-3.0,success
3043,-2.6551146507263184,2.218409776687622,-0.0002960675919894129,0.033467378467321396,0.033467378467321396,1.0,-3.0,success
3044,-2.6546738147735596,2.217433214187622,-0.0002960819401778281,0.03348289430141449,0.03348289057612419,1.0,-3.0,success
3045,-2.654221773147583,2.2164556980133057,-0.000296091748168692,0.03365552797913551,0.03365552797913551,1.0,3.0,success
3046,-2.6537680625915527,2.2154793739318848,-0.00029610597994178534,0.03364366665482521,0.03364366665482521,1.0,3.0,success
3047,-2.653313159942627,2.2145042419433594,-0.0002961066202260554,0.03362562134861946,0.03362562134861946,1.0,3.0,success
3048,-2.6528573036193848,2.2135303020477295,-0.0002960945130325854,0.03360448777675629,0.03360448405146599,1.0,3.0,success
3049,-2.6524124145507812,2.212557315826416,-0.00029608525801450014,0.03343353420495987,0.03343353420495987,1.0,-3.0,success
3050,-2.6519691944122314,2.211583375930786,-0.00029607219039462507,0.03343899920582771,0.03343899920582771,1.0,-3.0,success
3051,-2.651529312133789,2.2106082439422607,-0.00029216569964773953,0.03343011066317558,0.033429887145757675,1.0,-3.0,success
3052,-2.6510915756225586,2.2096314430236816,-0.0002927454188466072,0.033449962735176086,0.03344995528459549,1.0,-3.0,success
3053,-2.650655508041382,2.208653688430786,-0.0002934265066869557,0.03345588594675064,0.033455878496170044,1.0,-3.0,success
3054,-2.650205612182617,2.207674980163574,-0.0002939754049293697,0.033661287277936935,0.03366127982735634,1.0,3.0,success
3055,-2.649754047393799,2.2066972255706787,-0.0002944250882137567,0.033656045794487,0.0336560420691967,1.0,3.0,success
3056,-2.649301290512085,2.205720901489258,-0.00029477427597157657,0.03363111987709999,0.03363111987709999,1.0,3.0,success
3057,-2.6488609313964844,2.2047457695007324,-0.0002950575726572424,0.033436018973588943,0.033436018973588943,1.0,-3.0,success
3058,-2.6484222412109375,2.2037692070007324,-0.0002952755894511938,0.03345535695552826,0.03345535695552826,1.0,-3.0,success
3059,-2.6479849815368652,2.202791690826416,-0.0002954611845780164,0.03346426784992218,0.03346426784992218,1.0,-3.0,success
3060,-2.6475489139556885,2.201812982559204,-0.00029562218696810305,0.03348309546709061,0.03348309546709061,1.0,-3.0,success
3061,-2.647101402282715,2.200833320617676,-0.0002957484684884548,0.033657342195510864,0.033657338470220566,1.0,3.0,success
3062,-2.6466522216796875,2.199854850769043,-0.00029585580341517925,0.033645182847976685,0.033645182847976685,1.0,3.0,success
3063,-2.6462016105651855,2.1988773345947266,-0.000295930978609249,0.03363678976893425,0.03363678976893425,1.0,3.0,success
3064,-2.645763635635376,2.1979012489318848,-0.00029599497793242335,0.03343261405825615,0.03343261033296585,1.0,-3.0,success
3065,-2.64532732963562,2.1969237327575684,-0.0002960381971206516,0.033452108502388,0.033452108502388,1.0,-3.0,success
3066,-2.644892454147339,2.1959452629089355,-0.00029608391923829913,0.03346114605665207,0.03346114605665207,1.0,-3.0,success
3067,-2.6444449424743652,2.1949656009674072,-0.0002961152349598706,0.033657342195510864,0.033657338470220566,1.0,3.0,success
3068,-2.6439952850341797,2.1939871311187744,-0.0002961487334687263,0.033651404082775116,0.033651404082775116,1.0,3.0,success
3069,-2.6435444355010986,2.193009853363037,-0.0002961649443022907,0.033633146435022354,0.033633146435022354,1.0,3.0,success
3070,-2.64310622215271,2.192033529281616,-0.0002961827558465302,0.033442456275224686,0.033442456275224686,1.0,-3.0,success
3071,-2.642669916152954,2.191056251525879,-0.0002961886639241129,0.03344530612230301,0.03344530612230301,1.0,-3.0,success
3072,-2.642235517501831,2.190077781677246,-0.0002962045546155423,0.03345509618520737,0.03345509618520737,1.0,-3.0,success
3073,-2.6417877674102783,2.1890981197357178,-0.00029621104476973414,0.03366043418645859,0.03366043418645859,1.0,3.0,success
3074,-2.6413381099700928,2.188119649887085,-0.0002962250146083534,0.033651404082775116,0.033651404082775116,1.0,3.0,success
3075,-2.640902280807495,2.1871421337127686,-0.000296245445497334,0.033446040004491806,0.033446040004491806,1.0,-3.0,success
3076,-2.6404685974121094,2.1861636638641357,-0.00029625161550939083,0.03344603255391121,0.03344603255391121,1.0,-3.0,success
3077,-2.6400365829467773,2.1851840019226074,-0.0002962674479931593,0.03345901519060135,0.03345901519060135,1.0,-3.0,success
3078,-2.6395912170410156,2.1842033863067627,-0.00029627373442053795,0.033656664192676544,0.033656664192676544,1.0,3.0,success
3079,-2.639143943786621,2.1832237243652344,-0.00029628744232468307,0.03365424647927284,0.03365424647927284,1.0,3.0,success
3080,-2.638695001602173,2.1822454929351807,-0.0002962879079859704,0.033635303378105164,0.033635303378105164,1.0,3.0,success
3081,-2.638258934020996,2.1812682151794434,-0.00029629384516738355,0.033442266285419464,0.033442266285419464,1.0,-3.0,success
3082,-2.6378085613250732,2.1802897453308105,-0.0002962688740808517,0.03366074338555336,0.03366074338555336,1.0,3.0,success
3083,-2.6373558044433594,2.1793124675750732,-0.0002962583675980568,0.03365815803408623,0.03365815803408623,1.0,3.0,success
3084,-2.636901378631592,2.1783366203308105,-0.0002962392463814467,0.033639583736658096,0.033639583736658096,1.0,3.0,success
3085,-2.6364448070526123,2.1773617267608643,-0.0002962113358080387,0.03364095464348793,0.03364095464348793,1.0,3.0,success
3086,-2.635986089706421,2.1763877868652344,-0.000296176178380847,0.0336424857378006,0.0336424857378006,1.0,3.0,success
3087,-2.6355252265930176,2.175415277481079,-0.000296135141979903,0.03363070636987686,0.03363070636987686,1.0,3.0,success
3088,-2.6350622177124023,2.1744437217712402,-0.000296089390758425,0.03363257274031639,0.03363257274031639,1.0,3.0,success
3089,-2.634596824645996,2.173473358154297,-0.0002960397396236658,0.0336311012506485,0.0336311012506485,1.0,3.0,success
3090,-2.634129047393799,2.172504186630249,-0.00029598697437904775,0.03362983465194702,0.03362983465194702,1.0,3.0,success
3091,-2.6336586475372314,2.1715359687805176,-0.00029593161889351904,0.03363873064517975,0.03363873064517975,1.0,3.0,success
3092,-2.633185863494873,2.1705691814422607,-0.00029587416793219745,0.03363119065761566,0.03363119065761566,1.0,3.0,success
3093,-2.6327102184295654,2.1696033477783203,-0.00029581497074104846,0.033643826842308044,0.033643826842308044,1.0,3.0,success
3094,-2.6322319507598877,2.1686387062072754,-0.00029575437656603754,0.033646732568740845,0.033646732568740845,1.0,3.0,success
3095,-2.63175106048584,2.167675018310547,-0.00029569256003014743,0.03365655243396759,0.03365654870867729,1.0,3.0,success
3096,-2.6312673091888428,2.166712760925293,-0.00029562972486019135,0.03365661948919296,0.033656615763902664,1.0,3.0,success
3097,-2.6307811737060547,2.1657514572143555,-0.0002955670061055571,0.0336635559797287,0.0336635522544384,1.0,3.0,success
3098,-2.6302928924560547,2.1647913455963135,-0.0002955035597551614,0.033660657703876495,0.0336606539785862,1.0,3.0,success
3099,-2.6298022270202637,2.163832664489746,-0.0002954393276013434,0.033654697239398956,0.033654697239398956,1.0,3.0,success
3100,-2.6293094158172607,2.162874937057495,-0.0002953744260594249,0.033658795058727264,0.033658795058727264,1.0,3.0,success
3101,-2.628814220428467,2.1619184017181396,-0.00029530891333706677,0.03365986794233322,0.03365986794233322,1.0,3.0,success
3102,-2.628316640853882,2.1609630584716797,-0.00029524284764193,0.033661138266325,0.033661138266325,1.0,3.0,success
3103,-2.627816915512085,2.160008668899536,-0.00029517628718167543,0.03366576507687569,0.03366576507687569,1.0,3.0,success
3104,-2.627315044403076,2.159055709838867,-0.0002951092319563031,0.03365736082196236,0.03365736082196236,1.0,3.0,success
3105,-2.6268107891082764,2.1581039428710938,-0.0002950417692773044,0.03365921974182129,0.03365921974182129,1.0,3.0,success
3106,-2.6263041496276855,2.157153367996216,-0.00029497387004084885,0.03366128355264664,0.03366128355264664,1.0,3.0,success
3107,-2.625795364379883,2.1562039852142334,-0.00029490559245459735,0.03366003558039665,0.03366003558039665,1.0,3.0,success
3108,-2.625284433364868,2.1552557945251465,-0.0002948369365185499,0.033658962696790695,0.033658962696790695,1.0,3.0,success
3109,-2.6247711181640625,2.154309034347534,-0.000294767931336537,0.033655062317848206,0.033655062317848206,1.0,3.0,success
3110,-2.624255418777466,2.1533632278442383,-0.0002946985769085586,0.03366447240114212,0.03366447240114212,1.0,3.0,success
3111,-2.6237378120422363,2.152418613433838,-0.0002946288441307843,0.033660370856523514,0.033660367131233215,1.0,3.0,success
3112,-2.623217821121216,2.151475429534912,-0.0002945587912108749,0.03365708142518997,0.03365707769989967,1.0,3.0,success
3113,-2.6226954460144043,2.150533437728882,-0.00029448841814883053,0.03366053104400635,0.03366053104400635,1.0,3.0,success
3114,-2.622170925140381,2.149592638015747,-0.00029441769584082067,0.033660560846328735,0.033660560846328735,1.0,3.0,success
3115,-2.6216442584991455,2.148653030395508,-0.00029434668249450624,0.03366076573729515,0.03366076573729515,1.0,3.0,success
3116,-2.621115207672119,2.147714853286743,-0.00029427531990222633,0.033658310770988464,0.033658310770988464,1.0,3.0,success
3117,-2.620584011077881,2.146777868270874,-0.0002942036371678114,0.03365888446569443,0.03365888446569443,1.0,3.0,success
3118,-2.6200506687164307,2.1458420753479004,-0.0002941316633950919,0.03365963697433472,0.03365963697433472,1.0,3.0,success
3119,-2.6195149421691895,2.1449077129364014,-0.0002940593403764069,0.033657800406217575,0.033657800406217575,1.0,3.0,success
3120,-2.6189770698547363,2.1439743041992188,-0.00029398672631941736,0.033665381371974945,0.03366537764668465,1.0,3.0,success
3121,-2.6184370517730713,2.14304256439209,-0.0002939137921202928,0.033653777092695236,0.033653777092695236,1.0,3.0,success
3122,-2.6178946495056152,2.1421117782592773,-0.00029384056688286364,0.03366544842720032,0.03366544470191002,1.0,3.0,success
3123,-2.6173501014709473,2.1411824226379395,-0.0002937670215032995,0.033660680055618286,0.033660680055618286,1.0,3.0,success
3124,-2.6168034076690674,2.140254497528076,-0.0002936931559816003,0.033656105399131775,0.033656105399131775,1.0,3.0,success
3125,-2.6162545680999756,2.1393277645111084,-0.0002936189994215965,0.03365813568234444,0.03365813568234444,1.0,3.0,success
3126,-2.6157033443450928,2.138402223587036,-0.00029354452271945775,0.033664148300886154,0.033664148300886154,1.0,3.0,success
3127,-2.615150213241577,2.1374781131744385,-0.0002934697549790144,0.033656321465969086,0.033656321465969086,1.0,3.0,success
3128,-2.6145946979522705,2.1365554332733154,-0.000293394667096436,0.03365634009242058,0.03365634009242058,1.0,3.0,success
3129,-2.614037036895752,2.135633945465088,-0.0002933192590717226,0.03365910053253174,0.03365910053253174,1.0,3.0,success
3130,-2.6134769916534424,2.134713888168335,-0.0002932435891125351,0.033659543842077255,0.033659543842077255,1.0,3.0,success
3131,-2.6129150390625,2.1337950229644775,-0.00029316756990738213,0.03365878760814667,0.03365878388285637,1.0,3.0,success
3132,-2.6123507022857666,2.1328775882720947,-0.00029309128876775503,0.03365963697433472,0.03365963324904442,1.0,3.0,success
3133,-2.6117842197418213,2.1319613456726074,-0.00029301465838216245,0.033663127571344376,0.03366312384605408,1.0,3.0,success
3134,-2.611215591430664,2.1310465335845947,-0.00029293776606209576,0.03366046026349068,0.03366046026349068,1.0,3.0,success
3135,-2.610644817352295,2.1301331520080566,-0.00029286055359989405,0.0336579903960228,0.0336579903960228,1.0,3.0,success
3136,-2.610071897506714,2.129221200942993,-0.00029278305009938776,0.03365571051836014,0.03365571051836014,1.0,3.0,success
3137,-2.609496831893921,2.128310441970825,-0.00029270522645674646,0.0336599238216877,0.0336599238216877,1.0,3.0,success
3138,-2.608919620513916,2.127401113510132,-0.0002926271117758006,0.033658020198345184,0.033658020198345184,1.0,3.0,success
3139,-2.608340263366699,2.126493215560913,-0.00029254870605655015,0.03365631029009819,0.03365631029009819,1.0,3.0,success
3140,-2.6077585220336914,2.12558650970459,-0.0002924699801951647,0.033665090799331665,0.033665090799331665,1.0,3.0,success
3141,-2.607174873352051,2.1246814727783203,-0.00029239096329547465,0.03365347161889076,0.03365347161889076,1.0,3.0,success
3142,-2.606588840484619,2.1237776279449463,-0.00029231165535748005,0.033662647008895874,0.033662647008895874,1.0,3.0,success
3143,-2.6060009002685547,2.122875213623047,-0.0002922320272773504,0.03365764766931534,0.03365764394402504,1.0,3.0,success
3144,-2.6054344177246094,2.121973752975464,-0.0002882591215893626,0.033271338790655136,0.03327110409736633,1.0,3.0,success
3145,-2.604865312576294,2.1210732460021973,-0.0002887410228140652,0.0332895927131176,0.0332895889878273,1.0,3.0,success
3146,-2.6042943000793457,2.1201746463775635,-0.00028931559063494205,0.03327115252614021,0.033271148800849915,1.0,3.0,success
3147,-2.6037206649780273,2.119277238845825,-0.00028976963949389756,0.033283781260252,0.0332837775349617,1.0,3.0,success
3148,-2.603145122528076,2.1183815002441406,-0.0002901169646065682,0.03327203169465065,0.03327202796936035,1.0,3.0,success
3149,-2.602567434310913,2.1174874305725098,-0.00029037834610790014,0.033264510333538055,0.033264510333538055,1.0,3.0,success
3150,-2.601987600326538,2.1165945529937744,-0.00029057078063488007,0.033269695937633514,0.033269695937633514,1.0,3.0,success
3151,-2.601405620574951,2.1157033443450928,-0.0002907079178839922,0.03326258808374405,0.03326258435845375,1.0,3.0,success
3152,-2.6008214950561523,2.1148135662078857,-0.00029080078820697963,0.033261917531490326,0.033261917531490326,1.0,3.0,success
3153,-2.6002349853515625,2.1139254570007324,-0.00029085821006447077,0.03325933218002319,0.033259328454732895,1.0,3.0,success
3154,-2.5996460914611816,2.1130385398864746,-0.0002908871974796057,0.033269405364990234,0.033269405364990234,1.0,3.0,success
3155,-2.599055051803589,2.1121532917022705,-0.00029089339659549296,0.033263154327869415,0.033263154327869415,1.0,3.0,success
3156,-2.598461389541626,2.111269474029541,-0.00029088134760968387,0.03327161818742752,0.03327161446213722,1.0,3.0,success
3157,-2.597865581512451,2.110387086868286,-0.00029085465939715505,0.033271994441747665,0.033271994441747665,1.0,3.0,success
3158,-2.5972673892974854,2.109506130218506,-0.0002908162132371217,0.0332767516374588,0.0332767516374588,1.0,3.0,success
3159,-2.5966665744781494,2.1086268424987793,-0.0002907683083321899,0.03327978402376175,0.03327978402376175,1.0,3.0,success
3160,-2.5960636138916016,2.1077487468719482,-0.00029071277822367847,0.03328694775700569,0.03328694775700569,1.0,3.0,success
3161,-2.5954580307006836,2.106872320175171,-0.0002906511363107711,0.03329048678278923,0.03329048678278923,1.0,3.0,success
3162,-2.5948503017425537,2.1059975624084473,-0.00029058451764285564,0.033285804092884064,0.033285804092884064,1.0,3.0,success
3163,-2.5942399501800537,2.105123996734619,-0.0002905139117501676,0.03330208733677864,0.03330208733677864,1.0,3.0,success
3164,-2.5936272144317627,2.1042520999908447,-0.00029044001712463796,0.03330213576555252,0.03330213204026222,1.0,3.0,success
3165,-2.5930120944976807,2.103381633758545,-0.00029036347405053675,0.03330851346254349,0.03330850973725319,1.0,3.0,success
3166,-2.5923948287963867,2.102512836456299,-0.0002902847481891513,0.03330472484230995,0.03330472484230995,1.0,3.0,success
3167,-2.5917749404907227,2.1016454696655273,-0.00029020424699410796,0.033315882086753845,0.033315882086753845,1.0,3.0,success
3168,-2.5911526679992676,2.1007795333862305,-0.0002901222323998809,0.03332294151186943,0.03332294151186943,1.0,3.0,success
3169,-2.5905282497406006,2.0999152660369873,-0.00029003896634094417,0.033319827169179916,0.033319827169179916,1.0,3.0,success
3170,-2.5899014472961426,2.0990524291992188,-0.00028995468164794147,0.033327341079711914,0.033327341079711914,1.0,3.0,success
3171,-2.5892722606658936,2.098191022872925,-0.00028986946563236415,0.03333507478237152,0.03333507478237152,1.0,3.0,success
3172,-2.5886409282684326,2.0973312854766846,-0.00028978349291719496,0.033332616090774536,0.033332616090774536,1.0,3.0,success
3173,-2.5880072116851807,2.096473217010498,-0.00028969685081392527,0.03333480283617973,0.03333480283617973,1.0,3.0,success
3174,-2.587371349334717,2.095616579055786,-0.00028960962663404644,0.03333877772092819,0.03333877772092819,1.0,3.0,success
3175,-2.586733102798462,2.094761371612549,-0.0002895218785852194,0.03334740176796913,0.03334740176796913,1.0,3.0,success
3176,-2.586092710494995,2.0939078330993652,-0.00028943363577127457,0.033345818519592285,0.033345818519592285,1.0,3.0,success
3177,-2.5854499340057373,2.0930559635162354,-0.0002893449563998729,0.033348940312862396,0.0333489365875721,1.0,3.0,success
3178,-2.5848052501678467,2.09220552444458,-0.00028925586957484484,0.03334923833608627,0.03334923833608627,1.0,3.0,success
3179,-2.584158182144165,2.0913567543029785,-0.00028916640440002084,0.0333528108894825,0.0333528108894825,1.0,3.0,success
3180,-2.5835092067718506,2.0905094146728516,-0.00028907658997923136,0.03335347771644592,0.03335347771644592,1.0,3.0,success
3181,-2.582857847213745,2.0896637439727783,-0.0002889864263124764,0.03335750102996826,0.03335750102996826,1.0,3.0,success
3182,-2.582204580307007,2.088819742202759,-0.00028889591339975595,0.033352646976709366,0.033352646976709366,1.0,3.0,success
3183,-2.5815489292144775,2.087977170944214,-0.00028880510944873095,0.03336301073431969,0.03336301073431969,1.0,3.0,success
3184,-2.5808913707733154,2.0871362686157227,-0.0002887139853555709,0.03335854783654213,0.03335854783654213,1.0,3.0,success
3185,-2.5802319049835205,2.086297035217285,-0.0002886225702241063,0.033354271203279495,0.033354271203279495,1.0,3.0,success
3186,-2.5795702934265137,2.0854594707489014,-0.0002885308349505067,0.033354803919792175,0.033354803919792175,1.0,3.0,success
3187,-2.578906536102295,2.084623336791992,-0.00028843883774243295,0.03336138650774956,0.03336138278245926,1.0,3.0,success
3188,-2.5782408714294434,2.0837888717651367,-0.0002883465203922242,0.03335769101977348,0.03335769101977348,1.0,3.0,success
3189,-2.577573299407959,2.082956075668335,-0.00028825391200371087,0.03335418552160263,0.03335418552160263,1.0,3.0,success
3190,-2.576903820037842,2.082124948501587,-0.00028816104168072343,0.0333508625626564,0.0333508625626564,1.0,3.0,success
3191,-2.5762321949005127,2.0812952518463135,-0.0002880678803194314,0.03335821256041527,0.03335821256041527,1.0,3.0,success
3192,-2.575558662414551,2.080467462539673,-0.00028797442791983485,0.03334949165582657,0.03334948793053627,1.0,3.0,success
3193,-2.574883460998535,2.079641103744507,-0.00028788071358576417,0.03334780037403107,0.03334780037403107,1.0,3.0,success
3194,-2.5742061138153076,2.0788164138793945,-0.0002877867082133889,0.03334994986653328,0.03334994986653328,1.0,3.0,success
3195,-2.5735270977020264,2.077993631362915,-0.00028769244090653956,0.03333708643913269,0.03333708271384239,1.0,3.0,success
3196,-2.572845935821533,2.07717227935791,-0.00028759788256138563,0.033345386385917664,0.033345386385917664,1.0,3.0,success
3197,-2.5721631050109863,2.076352596282959,-0.00028750303317792714,0.03333861008286476,0.03333861008286476,1.0,3.0,success
3198,-2.5714786052703857,2.0755345821380615,-0.00028740792185999453,0.03333200514316559,0.03333200514316559,1.0,3.0,success
3199,-2.5707919597625732,2.0747182369232178,-0.0002873125486075878,0.03333514556288719,0.03333514556288719,1.0,3.0,success
3200,-2.570103883743286,2.0739035606384277,-0.00028721688431687653,0.03332407772541046,0.03332407772541046,1.0,3.0,success
3201,-2.569413661956787,2.0730905532836914,-0.00028712095809169114,0.0333276093006134,0.033327605575323105,1.0,3.0,success
3202,-2.5687220096588135,2.072279214859009,-0.00028702476993203163,0.033316850662231445,0.033316850662231445,1.0,3.0,success
3203,-2.568028450012207,2.07146954536438,-0.00028692829073406756,0.03331592306494713,0.03331591933965683,1.0,3.0,success
3204,-2.567333221435547,2.0706615447998047,-0.0002868315496016294,0.03331032395362854,0.03331032022833824,1.0,3.0,success
3205,-2.566636085510254,2.0698554515838623,-0.0002867345174308866,0.0333041250705719,0.0333041213452816,1.0,3.0,success
3206,-2.5659375190734863,2.0690507888793945,-0.00028663722332566977,0.03329961374402046,0.033299610018730164,1.0,3.0,success
3207,-2.565237045288086,2.0682480335235596,-0.0002865396672859788,0.03329378738999367,0.03329378366470337,1.0,3.0,success
3208,-2.564535140991211,2.0674469470977783,-0.00028644182020798326,0.03328394889831543,0.03328394889831543,1.0,3.0,success
3209,-2.563831329345703,2.066647529602051,-0.0002863437111955136,0.03328409790992737,0.03328409418463707,1.0,3.0,success
3210,-2.5631260871887207,2.065849781036377,-0.00028624534024856985,0.033274561166763306,0.033274561166763306,1.0,3.0,success
3211,-2.5624189376831055,2.065053939819336,-0.000286146707367152,0.0332694910466671,0.0332694910466671,1.0,3.0,success
3212,-2.5617103576660156,2.0642595291137695,-0.00028604778344742954,0.03326582536101341,0.03326582536101341,1.0,3.0,success
3213,-2.561000108718872,2.063467025756836,-0.000285948597593233,0.03325615078210831,0.03325615078210831,1.0,3.0,success
3214,-2.560288429260254,2.062676429748535,-0.00028584914980456233,0.03324168175458908,0.03324168175458908,1.0,3.0,success
3215,-2.559575080871582,2.061887264251709,-0.00028574944008141756,0.033243417739868164,0.033243417739868164,1.0,3.0,success
3216,-2.5588600635528564,2.0611000061035156,-0.0002856494393199682,0.03323426842689514,0.03323426842689514,1.0,3.0,success
3217,-2.5581436157226562,2.060314655303955,-0.00028554920572787523,0.033220283687114716,0.033220283687114716,1.0,3.0,success
3218,-2.5574254989624023,2.059530735015869,-0.0002854486810974777,0.03322247415781021,0.03322247415781021,1.0,3.0,success
3219,-2.5567057132720947,2.058748722076416,-0.000285347894532606,0.03321385011076927,0.03321384638547897,1.0,3.0,success
3220,-2.5559847354888916,2.0579683780670166,-0.0002852468460332602,0.033200763165950775,0.03320075944066048,1.0,3.0,success
3221,-2.5552620887756348,2.05718994140625,-0.0002851455064956099,0.0331924706697464,0.0331924706697464,1.0,3.0,success
3222,-2.554537773132324,2.056413173675537,-0.0002850439341273159,0.033189814537763596,0.033189814537763596,1.0,3.0,success
3223,-2.553812026977539,2.055638313293457,-0.0002849420707207173,0.033176787197589874,0.033176787197589874,1.0,3.0,success
3224,-2.5530848503112793,2.0548651218414307,-0.0002848399744834751,0.03316935524344444,0.033169351518154144,1.0,3.0,success
3225,-2.552356243133545,2.054093837738037,-0.0002847375872079283,0.03315664082765579,0.03315664082765579,1.0,3.0,success
3226,-2.551625967025757,2.0533242225646973,-0.0002846349379979074,0.033154625445604324,0.033154625445604324,1.0,3.0,success
3227,-2.550894260406494,2.0525565147399902,-0.00028453205595724285,0.03314223885536194,0.03314223513007164,1.0,3.0,success
3228,-2.550161361694336,2.051790475845337,-0.0002844288828782737,0.03313025087118149,0.03313024714589119,1.0,3.0,success
3229,-2.549426555633545,2.0510263442993164,-0.0002843254478648305,0.033128492534160614,0.033128492534160614,1.0,3.0,success
3230,-2.5486905574798584,2.0502638816833496,-0.00028422175091691315,0.03311678022146225,0.03311677649617195,1.0,3.0,success
3231,-2.5479531288146973,2.0495033264160156,-0.00028411782113835216,0.033105023205280304,0.033105023205280304,1.0,3.0,success
3232,-2.5472140312194824,2.0487446784973145,-0.0002840136003214866,0.03309863060712814,0.03309863060712814,1.0,3.0,success
3233,-2.546473741531372,2.047987699508667,-0.0002839091175701469,0.03308732807636261,0.03308732807636261,1.0,3.0,success
3234,-2.545731782913208,2.0472326278686523,-0.0002838044019881636,0.03308127447962761,0.03308127447962761,1.0,3.0,success
3235,-2.5449886322021484,2.0464792251586914,-0.0002836993953678757,0.033070243895053864,0.033070243895053864,1.0,3.0,success
3236,-2.544243812561035,2.0457277297973633,-0.00028359415591694415,0.03306452929973602,0.03306452929973602,1.0,3.0,success
3237,-2.5434978008270264,2.044978141784668,-0.0002834886545315385,0.033048491925001144,0.033048488199710846,1.0,3.0,success
3238,-2.542750120162964,2.0442304611206055,-0.00028338286210782826,0.03304312750697136,0.03304312750697136,1.0,3.0,success
3239,-2.5420010089874268,2.0434844493865967,-0.00028327686595730484,0.033037930727005005,0.033037927001714706,1.0,3.0,success
3240,-2.541250705718994,2.0427403450012207,-0.00028317057876847684,0.03302234038710594,0.03302234038710594,1.0,3.0,success
3241,-2.540498733520508,2.0419981479644775,-0.00028306402964517474,0.03301749378442764,0.033017490059137344,1.0,3.0,success
3242,-2.539745330810547,2.041257858276367,-0.000282957247691229,0.03300752118229866,0.03300751745700836,1.0,3.0,success
3243,-2.5389907360076904,2.0405192375183105,-0.0002828502038028091,0.032997600734233856,0.032997600734233856,1.0,3.0,success
3244,-2.5382344722747803,2.039782762527466,-0.00028274289797991514,0.03298807516694069,0.03298807516694069,1.0,3.0,success
3245,-2.5374767780303955,2.039047956466675,-0.00028263533022254705,0.03298378363251686,0.03298378363251686,1.0,3.0,success
3246,-2.536717653274536,2.0383150577545166,-0.0002825275296345353,0.03297446295619011,0.03297446295619011,1.0,3.0,success
3247,-2.5359573364257812,2.037584066390991,-0.00028241935069672763,0.032959938049316406,0.032959938049316406,1.0,3.0,success
3248,-2.5351951122283936,2.0368549823760986,-0.00028231029864400625,0.03296170011162758,0.03296170011162758,1.0,3.0,success
3249,-2.534431219100952,2.0361275672912598,-0.0002822011010721326,0.03296342119574547,0.03296342119574547,1.0,3.0,success
3250,-2.533665657043457,2.035402297973633,-0.000282091845292598,0.03295505791902542,0.03295505791902542,1.0,3.0,success
3251,-2.532898426055908,2.0346789360046387,-0.0002819824148900807,0.032952021807432175,0.032952021807432175,1.0,3.0,success
3252,-2.5321297645568848,2.0339572429656982,-0.00028187286807224154,0.03294884040951729,0.03294884040951729,1.0,3.0,success
3253,-2.5313591957092285,2.0332376956939697,-0.0002817631175275892,0.032946519553661346,0.032946519553661346,1.0,3.0,success
3254,-2.5305871963500977,2.032519817352295,-0.0002816532214637846,0.03294367343187332,0.03294366970658302,1.0,3.0,success
3255,-2.529813289642334,2.031804084777832,-0.0002815430925693363,0.032941777259111404,0.032941777259111404,1.0,3.0,success
3256,-2.5290379524230957,2.031090259552002,-0.0002814327890519053,0.03293421119451523,0.03293421119451523,1.0,3.0,success
3257,-2.5282609462738037,2.0303781032562256,-0.0002813222527038306,0.03293733671307564,0.03293733671307564,1.0,3.0,success
3258,-2.527482271194458,2.029668092727661,-0.0002812115417327732,0.032930586487054825,0.032930586487054825,1.0,3.0,success
3259,-2.5267021656036377,2.0289599895477295,-0.00028110056882724166,0.03292354196310043,0.03292354196310043,1.0,3.0,success
3260,-2.5259201526641846,2.0282537937164307,-0.00028098939219489694,0.03292772173881531,0.03292772173881531,1.0,3.0,success
3261,-2.525136709213257,2.0275495052337646,-0.00028087798273190856,0.03292103484272957,0.03292103484272957,1.0,3.0,success
3262,-2.5243515968322754,2.0268471240997314,-0.000280766369542107,0.032920073717832565,0.03292006999254227,1.0,3.0,success
3263,-2.5235650539398193,2.026146650314331,-0.0002806544944178313,0.032913729548454285,0.032913725823163986,1.0,3.0,success
3264,-2.5227768421173096,2.0254483222961426,-0.0002805424155667424,0.03290819004178047,0.03290819004178047,1.0,3.0,success
3265,-2.521986961364746,2.024751663208008,-0.0002804301038850099,0.032912727445364,0.0329127237200737,1.0,3.0,success
3266,-2.521195411682129,2.024057149887085,-0.0002803175593726337,0.03290759399533272,0.03290759399533272,1.0,3.0,success
3267,-2.520402431488037,2.023364782333374,-0.00028020478202961385,0.03289707005023956,0.03289707005023956,1.0,3.0,success
3268,-2.5196077823638916,2.022674083709717,-0.00028009177185595036,0.03290213271975517,0.03290213271975517,1.0,3.0,success
3269,-2.5188114643096924,2.0219852924346924,-0.00027997855795547366,0.032902494072914124,0.032902490347623825,1.0,3.0,success
3270,-2.5180137157440186,2.02129864692688,-0.0002798650530166924,0.032892532646656036,0.032892532646656036,1.0,3.0,success
3271,-2.51721453666687,2.0206139087677,-0.00027975125703960657,0.03288761526346207,0.03288761526346207,1.0,3.0,success
3272,-2.516413450241089,2.0199313163757324,-0.0002796372282318771,0.03288936987519264,0.032889366149902344,1.0,3.0,success
3273,-2.515610933303833,2.0192506313323975,-0.00027952290838584304,0.03288482502102852,0.03288482129573822,1.0,3.0,success
3274,-2.5148067474365234,2.0185718536376953,-0.00027940835570916533,0.03288613632321358,0.03288613632321358,1.0,3.0,success
3275,-2.51400089263916,2.017894983291626,-0.0002792935410980135,0.032887645065784454,0.032887641340494156,1.0,3.0,success
3276,-2.513193368911743,2.0172202587127686,-0.00027917849365621805,0.03288456052541733,0.03288455680012703,1.0,3.0,success
3277,-2.5123841762542725,2.016547441482544,-0.00027906321338377893,0.03288646042346954,0.03288646042346954,1.0,3.0,success
3278,-2.511573314666748,2.0158767700195312,-0.0002789476711768657,0.03288380056619644,0.03288380056619644,1.0,3.0,success
3279,-2.51076078414917,2.0152080059051514,-0.00027883192524313927,0.03288609907031059,0.032886095345020294,1.0,3.0,success
3280,-2.509946584701538,2.0145411491394043,-0.0002787159173749387,0.03288858011364937,0.03288858011364937,1.0,3.0,success
3281,-2.5091307163238525,2.013876438140869,-0.00027859967667609453,0.032886553555727005,0.032886553555727005,1.0,3.0,success
3282,-2.5083131790161133,2.013213872909546,-0.0002784832031466067,0.032884739339351654,0.032884739339351654,1.0,3.0,success
3283,-2.507493734359741,2.0125529766082764,-0.00027836652589030564,0.032898303121328354,0.032898299396038055,1.0,3.0,success
3284,-2.5066726207733154,2.011894464492798,-0.0002782495866995305,0.03289224952459335,0.03289224952459335,1.0,3.0,success
3285,-2.505849838256836,2.011237621307373,-0.00027813244378194213,0.032900385558605194,0.032900385558605194,1.0,3.0,success
3286,-2.5050253868103027,2.0105831623077393,-0.0002780150680337101,0.032894790172576904,0.032894790172576904,1.0,3.0,success
3287,-2.5041990280151367,2.0099306106567383,-0.0002778974885586649,0.03290452063083649,0.03290452063083649,1.0,3.0,success
3288,-2.503370761871338,2.00927996635437,-0.0002777796471491456,0.03291446715593338,0.03291446343064308,1.0,3.0,success
3289,-2.5025408267974854,2.008631467819214,-0.0002776616020128131,0.032914165407419205,0.032914165407419205,1.0,3.0,success
3290,-2.501708984375,2.0079851150512695,-0.0002775433531496674,0.03291996568441391,0.03291996568441391,1.0,3.0,success
3291,-2.500875473022461,2.007340669631958,-0.000277424871455878,0.032924674451351166,0.032924674451351166,1.0,3.0,success
3292,-2.50003981590271,2.0066983699798584,-0.000277306156931445,0.03293684497475624,0.03293684124946594,1.0,3.0,success
3293,-2.4992024898529053,2.0060579776763916,-0.0002771872386801988,0.03294196352362633,0.03294196352362633,1.0,3.0,success
3294,-2.498363494873047,2.0054197311401367,-0.0002770680875983089,0.0329427607357502,0.0329427607357502,1.0,3.0,success
3295,-2.4975223541259766,2.0047836303710938,-0.00027694873278960586,0.03295566514134407,0.03295566514134407,1.0,3.0,success
3296,-2.4966793060302734,2.0041494369506836,-0.00027682914515025914,0.03296736255288124,0.03296736255288124,1.0,3.0,success
3297,-2.4958345890045166,2.0035173892974854,-0.0002767093537840992,0.03296883776783943,0.03296883776783943,1.0,3.0,success
3298,-2.494987726211548,2.002887487411499,-0.0002765893586911261,0.032982490956783295,0.032982490956783295,1.0,3.0,success
3299,-2.4941389560699463,2.0022597312927246,-0.0002764691598713398,0.03299041464924812,0.03299041464924812,1.0,3.0,success
3300,-2.493288278579712,2.001633882522583,-0.00027634872822090983,0.03300299867987633,0.03300299867987633,1.0,3.0,success
3301,-2.4924356937408447,2.0010101795196533,-0.0002762280637398362,0.03301139548420906,0.03301139548420906,1.0,3.0,success
3302,-2.4915812015533447,2.0003886222839355,-0.00027610722463577986,0.033020034432411194,0.033020030707120895,1.0,3.0,success
3303,-2.490724563598633,1.9997690916061401,-0.0002759861818049103,0.03303712606430054,0.03303712606430054,1.0,3.0,success
3304,-2.489866018295288,1.9991517066955566,-0.0002758649061433971,0.03304625302553177,0.03304625302553177,1.0,3.0,success
3305,-2.4890055656433105,1.9985363483428955,-0.0002757434267550707,0.03305777907371521,0.03305777907371521,1.0,3.0,success
3306,-2.488142967224121,1.9979231357574463,-0.0002756217436399311,0.03307344764471054,0.03307344764471054,1.0,3.0,success
3307,-2.487278461456299,1.997312068939209,-0.0002754998567979783,0.03308330103754997,0.033083297312259674,1.0,3.0,success
3308,-2.4864118099212646,1.996703028678894,-0.0002753777662292123,0.03310162574052811,0.03310162574052811,1.0,3.0,success
3309,-2.4855430126190186,1.996096134185791,-0.0002752554719336331,0.03311806544661522,0.03311806544661522,1.0,3.0,success
3310,-2.4846723079681396,1.9954913854599,-0.00027513294480741024,0.03312864899635315,0.03312864899635315,1.0,3.0,success
3311,-2.483799457550049,1.9948887825012207,-0.00027501024305820465,0.03314560279250145,0.03314560279250145,1.0,3.0,success
3312,-2.482924699783325,1.9942883253097534,-0.00027488733758218586,0.03315667435526848,0.03315667435526848,1.0,3.0,success
3313,-2.4820475578308105,1.9936898946762085,-0.0002747642283793539,0.03318239748477936,0.03318239748477936,1.0,3.0,success
3314,-2.481168508529663,1.9930936098098755,-0.00027464094455353916,0.033193960785865784,0.033193960785865784,1.0,3.0,success
3315,-2.4802873134613037,1.9924994707107544,-0.0002745174278970808,0.03321194276213646,0.03321194276213646,1.0,3.0,success
3316,-2.4794039726257324,1.9919075965881348,-0.00027439373661763966,0.033228110522031784,0.033228110522031784,1.0,3.0,success
3317,-2.478518486022949,1.9913177490234375,-0.0002742698125075549,0.03324868902564049,0.03324868902564049,1.0,3.0,success
3318,-2.477630853652954,1.9907300472259521,-0.0002741457137744874,0.03326744958758354,0.03326744958758354,1.0,3.0,success
3319,-2.476741075515747,1.9901444911956787,-0.0002740214404184371,0.03328647091984749,0.03328647091984749,1.0,3.0,success
3320,-2.475849151611328,1.9895610809326172,-0.0002738969342317432,0.03330575302243233,0.03330575302243233,1.0,3.0,success
3321,-2.4749550819396973,1.9889798164367676,-0.00027377225342206657,0.03332529217004776,0.03332529217004776,1.0,3.0,success
3322,-2.4740586280822754,1.9884006977081299,-0.0002736473979894072,0.0333513468503952,0.0333513468503952,1.0,3.0,success
3323,-2.4731602668762207,1.9878238439559937,-0.0002735223388299346,0.033363133668899536,0.033363133668899536,1.0,3.0,success
3324,-2.472259521484375,1.9872491359710693,-0.0002733970759436488,0.03338973596692085,0.03338973596692085,1.0,3.0,success
3325,-2.4713566303253174,1.9866764545440674,-0.0002732716384343803,0.03341231867671013,0.03341231867671013,1.0,3.0,success
3326,-2.470451593399048,1.986106038093567,-0.0002731459971982986,0.033431172370910645,0.033431172370910645,1.0,3.0,success
3327,-2.4695441722869873,1.9855378866195679,-0.00027302015223540366,0.03345661237835884,0.03345660865306854,1.0,3.0,success
3328,-2.468634605407715,1.9849717617034912,-0.00027289416175335646,0.0334799587726593,0.0334799587726593,1.0,3.0,success
3329,-2.4677228927612305,1.984407901763916,-0.00027276796754449606,0.033499620854854584,0.033499617129564285,1.0,3.0,success
3330,-2.466809034347534,1.9838461875915527,-0.00027264156960882246,0.03352150693535805,0.03352150321006775,1.0,3.0,success
3331,-2.4658925533294678,1.983286738395691,-0.00027251499705016613,0.03355441987514496,0.03355441987514496,1.0,3.0,success
3332,-2.4649741649627686,1.982729434967041,-0.00027238824986852705,0.03357047215104103,0.03357047215104103,1.0,3.0,success
3333,-2.464069366455078,1.9821839332580566,-0.00027233734726905823,0.03301621973514557,0.03301621600985527,1.0,-3.0,success
3334,-2.4631659984588623,1.9816362857818604,-0.0002722472418099642,0.03301265463232994,0.03301265463232994,1.0,-3.0,success
3335,-2.462263822555542,1.9810863733291626,-0.0002721951750572771,0.033017586916685104,0.033017586916685104,1.0,-3.0,success
3336,-2.461345672607422,1.9805244207382202,-0.0002720921766012907,0.03363971784710884,0.03363971784710884,1.0,3.0,success
3337,-2.460425615310669,1.9799647331237793,-0.00027206630329601467,0.033653732389211655,0.033653732389211655,1.0,3.0,success
3338,-2.4595041275024414,1.9794074296951294,-0.00027202468481846154,0.033653318881988525,0.033653318881988525,1.0,3.0,success
3339,-2.458599328994751,1.9788621664047241,-0.00027205137303099036,0.03301237151026726,0.03301237151026726,1.0,-3.0,success
3340,-2.457695722579956,1.9783148765563965,-0.0002720120537560433,0.0330132320523262,0.0330132320523262,1.0,-3.0,success
3341,-2.4567935466766357,1.9777653217315674,-0.00027200000477023423,0.033011775463819504,0.033011771738529205,1.0,-3.0,success
3342,-2.4558751583099365,1.9772037267684937,-0.0002719287294894457,0.033640243113040924,0.033640243113040924,1.0,3.0,success
3343,-2.4549548625946045,1.976644515991211,-0.00027192788547836244,0.03365235775709152,0.03365235775709152,1.0,3.0,success
3344,-2.454033374786377,1.9760878086090088,-0.000271906319539994,0.033643681555986404,0.033643681555986404,1.0,3.0,success
3345,-2.4531102180480957,1.975533366203308,-0.00027186397346667945,0.03365183249115944,0.03365183249115944,1.0,3.0,success
3346,-2.4522035121917725,1.9749908447265625,-0.00027188981766812503,0.03301936388015747,0.03301936015486717,1.0,-3.0,success
3347,-2.451298475265503,1.9744462966918945,-0.0002718498872127384,0.03300722315907478,0.03300722315907478,1.0,-3.0,success
3348,-2.45039439201355,1.973899483680725,-0.00027183740166947246,0.033018264919519424,0.033018264919519424,1.0,-3.0,success
3349,-2.449474334716797,1.9733407497406006,-0.00027176589355804026,0.033638257533311844,0.033638253808021545,1.0,3.0,success
3350,-2.4485526084899902,1.972784399986267,-0.00027176510775461793,0.03364428132772446,0.03364428132772446,1.0,3.0,success
3351,-2.447629451751709,1.9722304344177246,-0.0002717432798817754,0.033644165843725204,0.033644165843725204,1.0,3.0,success
3352,-2.4467225074768066,1.9716885089874268,-0.0002717853058129549,0.03301619738340378,0.03301619738340378,1.0,-3.0,success
3353,-2.445816993713379,1.971144437789917,-0.0002717589377425611,0.03301231563091278,0.03301231563091278,1.0,-3.0,success
3354,-2.4449126720428467,1.9705983400344849,-0.0002717573079280555,0.033013083040714264,0.033013083040714264,1.0,-3.0,success
3355,-2.4439921379089355,1.970040202140808,-0.0002716944145504385,0.033641330897808075,0.033641330897808075,1.0,3.0,success
3356,-2.44307017326355,1.9694844484329224,-0.0002717008756007999,0.033641040325164795,0.033641040325164795,1.0,3.0,success
3357,-2.4421467781066895,1.9689310789108276,-0.0002716848102863878,0.03364097326993942,0.03364097326993942,1.0,3.0,success
3358,-2.4412221908569336,1.968380093574524,-0.0002716465387493372,0.0336347334086895,0.0336347296833992,1.0,3.0,success
3359,-2.4403135776519775,1.9678410291671753,-0.00027167395455762744,0.03301526978611946,0.03301526978611946,1.0,-3.0,success
3360,-2.439406156539917,1.9672998189926147,-0.00027163675986230373,0.033017534762620926,0.033017534762620926,1.0,-3.0,success
3361,-2.438500165939331,1.9667564630508423,-0.0002716265735216439,0.033013589680194855,0.033013585954904556,1.0,-3.0,success
3362,-2.437577962875366,1.9662011861801147,-0.0002715569280553609,0.033639732748270035,0.033639732748270035,1.0,3.0,success
3363,-2.4366543292999268,1.9656482934951782,-0.00027155797579325736,0.033639710396528244,0.033639706671237946,1.0,3.0,success
3364,-2.4357292652130127,1.9650977849960327,-0.00027153754490427673,0.03363991156220436,0.03363991156220436,1.0,3.0,success
3365,-2.4348204135894775,1.9645593166351318,-0.00027157951262779534,0.03301217779517174,0.03301217779517174,1.0,-3.0,success
3366,-2.433912754058838,1.9640185832977295,-0.0002715538430493325,0.03301630914211273,0.033016305416822433,1.0,-3.0,success
3367,-2.433006525039673,1.9634758234024048,-0.00027155288262292743,0.03301040455698967,0.03301040455698967,1.0,-3.0,success
3368,-2.43208384513855,1.962921142578125,-0.00027149057132191956,0.03364289924502373,0.03364289924502373,1.0,3.0,success
3369,-2.4311599731445312,1.9623688459396362,-0.0002714978181757033,0.03363654389977455,0.03363654017448425,1.0,3.0,success
3370,-2.430234670639038,1.961819052696228,-0.00027148236404173076,0.033634889870882034,0.033634889870882034,1.0,3.0,success
3371,-2.429325580596924,1.9612810611724854,-0.00027152703842148185,0.033011000603437424,0.033010996878147125,1.0,-3.0,success
3372,-2.428417682647705,1.9607410430908203,-0.00027150442474521697,0.03301127627491951,0.03301127254962921,1.0,-3.0,success
3373,-2.4274933338165283,1.9601891040802002,-0.0002714215370360762,0.03364359959959984,0.03364359959959984,1.0,3.0,success
3374,-2.426567554473877,1.959639549255371,-0.00027141222381033003,0.033643897622823715,0.033643897622823715,1.0,3.0,success
3375,-2.425640821456909,1.9590924978256226,-0.00027138335281051695,0.03362969309091568,0.03362969309091568,1.0,3.0,success
3376,-2.424729824066162,1.95855712890625,-0.0002714174333959818,0.033020708709955215,0.033020708709955215,1.0,-3.0,success
3377,-2.4238204956054688,1.958019733428955,-0.00027138611767441034,0.03300793096423149,0.03300793096423149,1.0,-3.0,success
3378,-2.422912120819092,1.9574801921844482,-0.00027138067525811493,0.033016473054885864,0.033016469329595566,1.0,-3.0,success
3379,-2.421987771987915,1.9569288492202759,-0.00027131487149745226,0.03363405913114548,0.03363405540585518,1.0,3.0,success
3380,-2.4210617542266846,1.956379771232605,-0.00027131973183713853,0.03364270180463791,0.03364270180463791,1.0,3.0,success
3381,-2.4201347827911377,1.9558331966400146,-0.0002713023277465254,0.03362853825092316,0.03362853825092316,1.0,3.0,success
3382,-2.4192237854003906,1.9552985429763794,-0.0002713441790547222,0.03300939127802849,0.03300939127802849,1.0,-3.0,success
3383,-2.418313980102539,1.9547617435455322,-0.000271320081083104,0.033011291176080704,0.033011291176080704,1.0,-3.0,success
3384,-2.417405366897583,1.9542227983474731,-0.0002713204303290695,0.033013373613357544,0.033013369888067245,1.0,-3.0,success
3385,-2.4164979457855225,1.9536817073822021,-0.00027134380070492625,0.03301562741398811,0.03301562741398811,1.0,-3.0,success
3386,-2.4155919551849365,1.9531385898590088,-0.0002713856811169535,0.03300975635647774,0.03300975635647774,1.0,-3.0,success
3387,-2.414687156677246,1.952593445777893,-0.00027144234627485275,0.03301044926047325,0.03301044926047325,1.0,-3.0,success
3388,-2.413783550262451,1.9520463943481445,-0.0002715107111725956,0.033009372651576996,0.033009372651576996,1.0,-3.0,success
3389,-2.4128811359405518,1.951497197151184,-0.000271588476607576,0.03301232308149338,0.03301232308149338,1.0,-3.0,success
3390,-2.411979913711548,1.9509460926055908,-0.0002716736344154924,0.03301156312227249,0.03301156312227249,1.0,-3.0,success
3391,-2.411062717437744,1.950382947921753,-0.0002716796880122274,0.03363378345966339,0.03363378345966339,1.0,3.0,success
3392,-2.410144805908203,1.9498223066329956,-0.00027174485148862004,0.03361198678612709,0.03361198678612709,1.0,3.0,success
3393,-2.409226417541504,1.9492641687393188,-0.00027177599258720875,0.03358400985598564,0.03358400985598564,1.0,3.0,success
3394,-2.4083220958709717,1.9487181901931763,-0.00027184770442545414,0.03301115706562996,0.03301115706562996,1.0,-3.0,success
3395,-2.407418966293335,1.9481701850891113,-0.00027185367071069777,0.03301208093762398,0.03301208093762398,1.0,-3.0,success
3396,-2.4065170288085938,1.9476200342178345,-0.0002718781470321119,0.03301510587334633,0.03301510214805603,1.0,-3.0,success
3397,-2.4055991172790527,1.9470579624176025,-0.00027183600468561053,0.03363531082868576,0.03363531082868576,1.0,3.0,success
3398,-2.4046804904937744,1.946498155593872,-0.0002718624018598348,0.03361748903989792,0.03361748903989792,1.0,3.0,success
3399,-2.403761386871338,1.9459408521652222,-0.0002718624018598348,0.03358958289027214,0.03358958289027214,1.0,3.0,success
3400,-2.4028563499450684,1.9453957080841064,-0.0002719105686992407,0.03301683068275452,0.03301683068275452,1.0,-3.0,success
3401,-2.4019527435302734,1.9448484182357788,-0.00027189645334146917,0.0330132320523262,0.0330132320523262,1.0,-3.0,success
3402,-2.4010329246520996,1.9442890882492065,-0.00027182052144780755,0.03364155814051628,0.03364155814051628,1.0,3.0,success
3403,-2.4001123905181885,1.9437322616577148,-0.00027181929908692837,0.03362010419368744,0.03362010419368744,1.0,3.0,success
3404,-2.39919114112854,1.9431777000427246,-0.00027179712196812034,0.033602673560380936,0.033602673560380936,1.0,3.0,success
3405,-2.398284673690796,1.942635178565979,-0.0002718291652854532,0.03301296755671501,0.03301296755671501,1.0,-3.0,success
3406,-2.3973793983459473,1.9420905113220215,-0.0002718008472584188,0.03301553055644035,0.03301553055644035,1.0,-3.0,success
3407,-2.3964755535125732,1.9415438175201416,-0.0002717979368753731,0.03300996497273445,0.03300996497273445,1.0,-3.0,success
3408,-2.3955554962158203,1.9409849643707275,-0.0002717340539675206,0.03364018723368645,0.03364018723368645,1.0,3.0,success
3409,-2.39463472366333,1.940428614616394,-0.0002717427851166576,0.03361877053976059,0.03361877053976059,1.0,3.0,success
3410,-2.3937132358551025,1.9398746490478516,-0.0002717286697588861,0.033599454909563065,0.033599454909563065,1.0,3.0,success
3411,-2.3928062915802,1.9393327236175537,-0.00027176656294614077,0.03301619738340378,0.03301619738340378,1.0,-3.0,success
3412,-2.3919007778167725,1.9387887716293335,-0.00027174336719326675,0.03301039710640907,0.03301039710640907,1.0,-3.0,success
3413,-2.3910140991210938,1.9382323026657104,-0.0002678110031411052,0.03271372243762016,0.03271349146962166,1.0,-3.0,success
3414,-2.3900933265686035,1.937673807144165,-0.00026827974943444133,0.03365350142121315,0.03365349769592285,1.0,3.0,success
3415,-2.389172315597534,1.9371176958084106,-0.0002689643588382751,0.033621303737163544,0.03362129628658295,1.0,3.0,success
3416,-2.3882505893707275,1.9365639686584473,-0.00026950021856464446,0.03360200673341751,0.03360200300812721,1.0,3.0,success
3417,-2.3873281478881836,1.936012625694275,-0.0002699039177969098,0.03358288109302521,0.03358288109302521,1.0,3.0,success
3418,-2.3864197731018066,1.9354732036590576,-0.0002702735655475408,0.03301456943154335,0.03301456943154335,1.0,-3.0,success
3419,-2.385512590408325,1.934931755065918,-0.0002705183287616819,0.03301495313644409,0.03301495313644409,1.0,-3.0,success
3420,-2.3846065998077393,1.9343880414962769,-0.0002707339881453663,0.03301933780312538,0.03301933780312538,1.0,-3.0,success
3421,-2.3836843967437744,1.9338326454162598,-0.00027084487373940647,0.03364165499806404,0.03364165499806404,1.0,3.0,success
3422,-2.3827614784240723,1.9332795143127441,-0.0002709936525207013,0.03362436220049858,0.03362436220049858,1.0,3.0,success
3423,-2.381838083267212,1.932728886604309,-0.0002710915287025273,0.033597011119127274,0.033597011119127274,1.0,3.0,success
3424,-2.3809292316436768,1.9321900606155396,-0.00027121868333779275,0.03301788121461868,0.03301788121461868,1.0,-3.0,success
3425,-2.380021810531616,1.9316492080688477,-0.00027126690838485956,0.03301181271672249,0.03301181271672249,1.0,-3.0,success
3426,-2.379115581512451,1.9311063289642334,-0.0002713252615649253,0.03301231563091278,0.03301231563091278,1.0,-3.0,success
3427,-2.3781931400299072,1.9305514097213745,-0.0002713103895075619,0.03364035487174988,0.03364035114645958,1.0,3.0,success
3428,-2.377270221710205,1.9299989938735962,-0.0002713591675274074,0.03361287713050842,0.03361287713050842,1.0,3.0,success
3429,-2.3763468265533447,1.9294489622116089,-0.00027137703727930784,0.03358747437596321,0.03358747437596321,1.0,3.0,success
3430,-2.3754374980926514,1.9289108514785767,-0.00027143792249262333,0.033019308000802994,0.033019308000802994,1.0,-3.0,success
3431,-2.3745298385620117,1.9283705949783325,-0.0002714347210712731,0.03300868347287178,0.03300867974758148,1.0,-3.0,success
3432,-2.3736231327056885,1.927828311920166,-0.0002714520087465644,0.03301553800702095,0.03301553800702095,1.0,-3.0,success
3433,-2.3727004528045654,1.9272741079330444,-0.0002714043657761067,0.0336352214217186,0.0336352214217186,1.0,3.0,success
3434,-2.371777057647705,1.9267222881317139,-0.00027142727049067616,0.03361610323190689,0.03361610323190689,1.0,3.0,success
3435,-2.3708536624908447,1.9261728525161743,-0.0002714244183152914,0.033577945083379745,0.033577945083379745,1.0,3.0,success
3436,-2.369929790496826,1.9256258010864258,-0.0002713966532610357,0.033552732318639755,0.033552732318639755,1.0,3.0,success
3437,-2.369018793106079,1.9250906705856323,-0.000271415279712528,0.033016934990882874,0.033016934990882874,1.0,-3.0,success
3438,-2.3681092262268066,1.9245532751083374,-0.0002713831781875342,0.03301434591412544,0.033014342188835144,1.0,-3.0,success
3439,-2.367201089859009,1.9240138530731201,-0.00027137764845974743,0.033008161932229996,0.033008161932229996,1.0,-3.0,success
3440,-2.366276502609253,1.9234625101089478,-0.0002713118738029152,0.033640455454587936,0.033640455454587936,1.0,3.0,success
3441,-2.365351438522339,1.9229135513305664,-0.00027132019749842584,0.03361516818404198,0.03361516818404198,1.0,3.0,success
3442,-2.3644261360168457,1.9223670959472656,-0.000271305616479367,0.03358172997832298,0.03358172997832298,1.0,3.0,success
3443,-2.3635003566741943,1.9218229055404663,-0.00027126839268021286,0.03355863690376282,0.03355863690376282,1.0,3.0,success
3444,-2.362574338912964,1.921281099319458,-0.00027121277526021004,0.03352737054228783,0.03352737054228783,1.0,3.0,success
3445,-2.361647605895996,1.9207415580749512,-0.00027114225667901337,0.033511001616716385,0.033511001616716385,1.0,3.0,success
3446,-2.3607325553894043,1.9202136993408203,-0.0002711200213525444,0.03301207348704338,0.03301207348704338,1.0,-3.0,success
3447,-2.359818696975708,1.9196836948394775,-0.00027106190100312233,0.03301339969038963,0.03301339969038963,1.0,-3.0,success
3448,-2.3588883876800537,1.9191418886184692,-0.0002709518012125045,0.033643193542957306,0.033643193542957306,1.0,3.0,success
3449,-2.357957363128662,1.9186025857925415,-0.0002709236287046224,0.03362323343753815,0.03362322971224785,1.0,3.0,success
3450,-2.3570258617401123,1.9180654287338257,-0.00027087959460914135,0.033602580428123474,0.033602580428123474,1.0,3.0,success
3451,-2.3560938835144043,1.9175307750701904,-0.00027081865118816495,0.033576492220163345,0.033576492220163345,1.0,3.0,success
3452,-2.3551759719848633,1.9170076847076416,-0.0002708154497668147,0.03301551938056946,0.03301551938056946,1.0,-3.0,success
3453,-2.354259490966797,1.9164823293685913,-0.0002707621897570789,0.03301182761788368,0.03301182761788368,1.0,-3.0,success
3454,-2.3533263206481934,1.9159454107284546,-0.0002706554951146245,0.03364405035972595,0.03364405035972595,1.0,3.0,success
3455,-2.3523926734924316,1.9154108762741089,-0.0002706298546399921,0.03361988812685013,0.03361988812685013,1.0,3.0,success
3456,-2.3514583110809326,1.9148786067962646,-0.00027058779960498214,0.03360419720411301,0.03360419347882271,1.0,3.0,success
3457,-2.3505232334136963,1.914348840713501,-0.0002705283695831895,0.03358498960733414,0.03358498960733414,1.0,3.0,success
3458,-2.3495876789093018,1.9138212203979492,-0.0002704547659959644,0.033564966171979904,0.033564962446689606,1.0,3.0,success
3459,-2.348665952682495,1.9133051633834839,-0.0002704389626160264,0.033011212944984436,0.033011212944984436,1.0,-3.0,success
3460,-2.347745418548584,1.912786841392517,-0.00027037813561037183,0.03301338106393814,0.03301338106393814,1.0,-3.0,success
3461,-2.3468263149261475,1.9122663736343384,-0.00027034987579099834,0.0330074280500412,0.0330074280500412,1.0,-3.0,success
3462,-2.3458902835845947,1.9117343425750732,-0.00027026626048609614,0.03364584222435951,0.03364584222435951,1.0,3.0,success
3463,-2.344953775405884,1.9112048149108887,-0.00027025907183997333,0.03362022340297699,0.03362022340297699,1.0,3.0,success
3464,-2.3440167903900146,1.9106775522232056,-0.00027023180155083537,0.03359842300415039,0.03359842300415039,1.0,3.0,success
3465,-2.343094825744629,1.9101618528366089,-0.0002702586352825165,0.033012259751558304,0.033012259751558304,1.0,-3.0,success
3466,-2.3421740531921387,1.9096440076828003,-0.0002702267956919968,0.033012568950653076,0.033012568950653076,1.0,-3.0,success
3467,-2.341254472732544,1.9091240167617798,-0.0002702214405871928,0.03301306068897247,0.03301306068897247,1.0,-3.0,success
3468,-2.340318441390991,1.9085925817489624,-0.0002701559860724956,0.03363664075732231,0.03363663703203201,1.0,3.0,success
3469,-2.3393819332122803,1.908063530921936,-0.00027016372769139707,0.03361289203166962,0.03361288830637932,1.0,3.0,success
3470,-2.338444709777832,1.9075368642807007,-0.00027014833176508546,0.03359578922390938,0.03359578922390938,1.0,3.0,success
3471,-2.337522506713867,1.9070217609405518,-0.0002701832272578031,0.03300967067480087,0.03300967067480087,1.0,-3.0,success
3472,-2.3366012573242188,1.906504511833191,-0.0002701589255593717,0.03301643580198288,0.03301643580198288,1.0,-3.0,success
3473,-2.3356635570526123,1.9059758186340332,-0.00027007522294297814,0.03363984450697899,0.03363984450697899,1.0,3.0,success
3474,-2.3347253799438477,1.9054495096206665,-0.0002700680051930249,0.03361630439758301,0.03361630439758301,1.0,3.0,success
3475,-2.3337864875793457,1.9049257040023804,-0.0002700404729694128,0.03359761834144592,0.03359761834144592,1.0,3.0,success
3476,-2.332862615585327,1.9044132232666016,-0.0002700665791053325,0.03301538527011871,0.03301538527011871,1.0,-3.0,success
3477,-2.331940174102783,1.9038987159729004,-0.00027003453578799963,0.033007100224494934,0.033007100224494934,1.0,-3.0,success
3478,-2.3310186862945557,1.9033819437026978,-0.0002700290933717042,0.03301564231514931,0.03301563858985901,1.0,-3.0,success
3479,-2.33008074760437,1.9028537273406982,-0.000269963638857007,0.03363901749253273,0.03363901749253273,1.0,3.0,success
3480,-2.3291423320770264,1.9023280143737793,-0.0002699709148146212,0.033613696694374084,0.033613696694374084,1.0,3.0,success
3481,-2.3282032012939453,1.9018046855926514,-0.0002699549950193614,0.033596865832805634,0.033596865832805634,1.0,3.0,success
3482,-2.3272790908813477,1.9012928009033203,-0.0002699907636269927,0.03301287069916725,0.03301286697387695,1.0,-3.0,success
3483,-2.3263561725616455,1.900778889656067,-0.00026996637461706996,0.033011049032211304,0.033011049032211304,1.0,-3.0,success
3484,-2.3254165649414062,1.9002535343170166,-0.00026988264289684594,0.033640749752521515,0.033640746027231216,1.0,3.0,success
3485,-2.3244762420654297,1.8997305631637573,-0.0002698747266549617,0.03362398222088814,0.03362398222088814,1.0,3.0,success
3486,-2.323551893234253,1.899219036102295,-0.00026992528000846505,0.033013977110385895,0.033013977110385895,1.0,-3.0,success
3487,-2.3226287364959717,1.8987053632736206,-0.0002699091855902225,0.03301393613219261,0.03301393613219261,1.0,-3.0,success
3488,-2.3216891288757324,1.898180365562439,-0.00026983185671269894,0.03363529592752457,0.03363529220223427,1.0,3.0,success
3489,-2.3207485675811768,1.897657871246338,-0.0002698288590181619,0.03362325206398964,0.03362325206398964,1.0,3.0,success
3490,-2.319807291030884,1.8971377611160278,-0.00026980461552739143,0.033606696873903275,0.033606696873903275,1.0,3.0,success
3491,-2.3188815116882324,1.896628975868225,-0.0002698355820029974,0.03301174193620682,0.03301174193620682,1.0,-3.0,success
3492,-2.3179569244384766,1.8961180448532104,-0.00026980609982274473,0.033011481165885925,0.033011481165885925,1.0,-3.0,success
3493,-2.317033529281616,1.8956049680709839,-0.0002698026946745813,0.03301139548420906,0.03301139548420906,1.0,-3.0,success
3494,-2.3160934448242188,1.89508056640625,-0.00026973889907822013,0.033639226108789444,0.033639226108789444,1.0,3.0,success
3495,-2.315152645111084,1.8945585489273071,-0.0002697465242817998,0.033622533082962036,0.033622533082962036,1.0,3.0,success
3496,-2.314210891723633,1.8940389156341553,-0.00026973080821335316,0.03361253812909126,0.03361253812909126,1.0,3.0,success
3497,-2.3132846355438232,1.8935308456420898,-0.0002697693998925388,0.03301404416561127,0.03301404416561127,1.0,-3.0,success
3498,-2.3123598098754883,1.893020510673523,-0.00026974562206305563,0.03300900012254715,0.03300899639725685,1.0,-3.0,success
3499,-2.311436176300049,1.8925080299377441,-0.00026974675711244345,0.033008869737386703,0.033008869737386703,1.0,-3.0,success
3500,-2.310495615005493,1.891984224319458,-0.0002696865703910589,0.033643171191215515,0.033643171191215515,1.0,3.0,success
3501,-2.3095543384552,1.8914629220962524,-0.0002696967567317188,0.03362473100423813,0.03362473100423813,1.0,3.0,success
3502,-2.30861234664917,1.890944004058838,-0.0002696830779314041,0.033608272671699524,0.033608272671699524,1.0,3.0,success
3503,-2.3076858520507812,1.8904364109039307,-0.0002697241143323481,0.033013418316841125,0.03301341459155083,1.0,-3.0,success
3504,-2.306760549545288,1.889926791191101,-0.0002697018499020487,0.03301125764846802,0.03301125764846802,1.0,-3.0,success
3505,-2.3058364391326904,1.88941490650177,-0.00026970417820848525,0.03301287069916725,0.03301286697387695,1.0,-3.0,success
3506,-2.3049135208129883,1.8889009952545166,-0.0002697294985409826,0.033011049032211304,0.033011049032211304,1.0,-3.0,success
3507,-2.3039917945861816,1.8883849382400513,-0.0002697733580134809,0.033011212944984436,0.033011212944984436,1.0,-3.0,success
3508,-2.3030712604522705,1.8878668546676636,-0.00026983197312802076,0.03300972655415535,0.03300972655415535,1.0,-3.0,success
3509,-2.302151918411255,1.887346625328064,-0.0002699023170862347,0.03301024064421654,0.03301024064421654,1.0,-3.0,success
3510,-2.3012337684631348,1.8868244886398315,-0.0002699820324778557,0.03300724923610687,0.03300724923610687,1.0,-3.0,success
3511,-2.300316572189331,1.8863002061843872,-0.0002700691984500736,0.03301457315683365,0.03301457315683365,1.0,-3.0,success
3512,-2.299400806427002,1.88577401638031,-0.00027016227249987423,0.033005423843860626,0.033005423843860626,1.0,-3.0,success
3513,-2.2984859943389893,1.8852458000183105,-0.00027026006137020886,0.03301120549440384,0.03301120549440384,1.0,-3.0,success
3514,-2.297572374343872,1.8847156763076782,-0.00027036151732318103,0.03300882503390312,0.03300882503390312,1.0,-3.0,success
3515,-2.2966597080230713,1.8841835260391235,-0.0002704659418668598,0.03301490843296051,0.03301490843296051,1.0,-3.0,success
3516,-2.295748472213745,1.883649468421936,-0.0002705726947169751,0.033006392419338226,0.033006392419338226,1.0,-3.0,success
3517,-2.2948381900787354,1.8831133842468262,-0.0002706812520045787,0.03301277384161949,0.03301277384161949,1.0,-3.0,success
3518,-2.2939293384552,1.882575273513794,-0.0002707912353798747,0.03300648555159569,0.03300648555159569,1.0,-3.0,success
3519,-2.2930214405059814,1.882035255432129,-0.0002709023538045585,0.03301127627491951,0.03301127254962921,1.0,-3.0,success
3520,-2.292114734649658,1.881493330001831,-0.0002710142871364951,0.03300980478525162,0.03300980478525162,1.0,-3.0,success
3521,-2.2912092208862305,1.8809494972229004,-0.0002711268898565322,0.033008478581905365,0.033008478581905365,1.0,-3.0,success
3522,-2.2903048992156982,1.8804036378860474,-0.00027124001644551754,0.033009231090545654,0.033009231090545654,1.0,-3.0,success
3523,-2.2894015312194824,1.8798558712005615,-0.0002713534631766379,0.03301458805799484,0.03301458805799484,1.0,-3.0,success
3524,-2.288499593734741,1.8793061971664429,-0.0002714672009460628,0.03300734609365463,0.03300734609365463,1.0,-3.0,success
3525,-2.2875986099243164,1.8787544965744019,-0.00027158108423464,0.0330149307847023,0.0330149307847023,1.0,-3.0,success
3526,-2.286699056625366,1.878200888633728,-0.0002716951130423695,0.033008016645908356,0.03300801292061806,1.0,-3.0,success
3527,-2.2858004570007324,1.877645492553711,-0.0002718091709539294,0.03301198035478592,0.03301198035478592,1.0,-3.0,success
3528,-2.2849032878875732,1.877087950706482,-0.0002719232579693198,0.03300930932164192,0.03300930932164192,1.0,-3.0,success
3529,-2.2840070724487305,1.8765286207199097,-0.00027203731588087976,0.03301355242729187,0.03301354870200157,1.0,-3.0,success
3530,-2.2831122875213623,1.8759673833847046,-0.00027215134468860924,0.03300727158784866,0.033007267862558365,1.0,-3.0,success
3531,-2.2822186946868896,1.8754042387008667,-0.0002722653152886778,0.033007457852363586,0.033007457852363586,1.0,-3.0,success
3532,-2.2813260555267334,1.8748390674591064,-0.000272379198577255,0.033016081899404526,0.033016081899404526,1.0,-3.0,success
3533,-2.2804348468780518,1.874272108078003,-0.0002724929654505104,0.03300827741622925,0.03300827741622925,1.0,-3.0,success
3534,-2.2795448303222656,1.8737032413482666,-0.0002726066450122744,0.033008918166160583,0.033008914440870285,1.0,-3.0,success
3535,-2.278656005859375,1.873132348060608,-0.0002727201790548861,0.03301171585917473,0.03301171585917473,1.0,-3.0,success
3536,-2.27776837348938,1.872559666633606,-0.00027283362578600645,0.03301063925027847,0.03301063925027847,1.0,-3.0,success
3537,-2.2768819332122803,1.8719849586486816,-0.0002729469269979745,0.03301374986767769,0.03301374986767769,1.0,-3.0,success
3538,-2.275996685028076,1.871408462524414,-0.0002730600826907903,0.033012960106134415,0.033012956380844116,1.0,-3.0,success
3539,-2.2751128673553467,1.8708300590515137,-0.0002731730928644538,0.03300810977816582,0.03300810605287552,1.0,-3.0,success
3540,-2.2742302417755127,1.8702497482299805,-0.000273285957518965,0.03300965204834938,0.03300965204834938,1.0,-3.0,success
3541,-2.273348808288574,1.8696675300598145,-0.00027339867665432394,0.03301134705543518,0.03301134705543518,1.0,-3.0,success
3542,-2.2724685668945312,1.8690834045410156,-0.00027351127937436104,0.03301318734884262,0.03301318734884262,1.0,-3.0,success
3543,-2.271589517593384,1.8684974908828735,-0.0002736237074714154,0.03301311284303665,0.03301311284303665,1.0,-3.0,success
3544,-2.270711898803711,1.867909550666809,-0.000273735960945487,0.03301113098859787,0.03301112726330757,1.0,-3.0,success
3545,-2.2698354721069336,1.8673198223114014,-0.0002738480980042368,0.03301135078072548,0.03301135078072548,1.0,-3.0,success
3546,-2.2689602375030518,1.8667281866073608,-0.00027396006044000387,0.03301379457116127,0.03301379457116127,1.0,-3.0,success
3547,-2.2680864334106445,1.866134762763977,-0.00027407187735661864,0.03300812467932701,0.03300812467932701,1.0,-3.0,success
3548,-2.267213821411133,1.865539312362671,-0.0002741835196502507,0.03301297128200531,0.03301297128200531,1.0,-3.0,success
3549,-2.2663424015045166,1.8649420738220215,-0.0002742950164247304,0.03301376476883888,0.03301376476883888,1.0,-3.0,success
3550,-2.265472412109375,1.8643430471420288,-0.0002744063385762274,0.03300856053829193,0.03300855681300163,1.0,-3.0,success
3551,-2.264603614807129,1.8637419939041138,-0.00027451751520857215,0.03301386907696724,0.03301386907696724,1.0,-3.0,success
3552,-2.2637360095977783,1.8631391525268555,-0.0002746285463217646,0.03301509469747543,0.033015090972185135,1.0,-3.0,success
3553,-2.2628698348999023,1.862534523010254,-0.0002747394028119743,0.03301034867763519,0.033010344952344894,1.0,-3.0,success
3554,-2.262004852294922,1.8619279861450195,-0.00027485008467920125,0.03301399201154709,0.03301399201154709,1.0,-3.0,success
3555,-2.261141300201416,1.8613195419311523,-0.0002749606210272759,0.03301169350743294,0.03301169350743294,1.0,-3.0,success
3556,-2.2602789402008057,1.860709309577942,-0.00027507098275236785,0.03301349654793739,0.033013492822647095,1.0,-3.0,success
3557,-2.25941801071167,1.8600971698760986,-0.00027518116985447705,0.03301151469349861,0.03301151469349861,1.0,-3.0,success
3558,-2.2585582733154297,1.859483242034912,-0.00027529121143743396,0.03301360458135605,0.03301360458135605,1.0,-3.0,success
3559,-2.257699966430664,1.8588675260543823,-0.0002754011075012386,0.03300977498292923,0.03300977498292923,1.0,-3.0,success
3560,-2.256842851638794,1.8582499027252197,-0.00027551079983823,0.03301432356238365,0.03301432356238365,1.0,-3.0,success
3561,-2.2559871673583984,1.8576303720474243,-0.00027562034665606916,0.033012986183166504,0.033012986183166504,1.0,-3.0,success
3562,-2.2551326751708984,1.8570091724395752,-0.00027572971885092556,0.03301345929503441,0.03301345929503441,1.0,-3.0,success
3563,-2.254279613494873,1.8563859462738037,-0.0002758389455266297,0.033014629036188126,0.033014629036188126,1.0,-3.0,success
3564,-2.2534279823303223,1.8557610511779785,-0.00027594799757935107,0.0330093689262867,0.0330093689262867,1.0,-3.0,success
3565,-2.252577543258667,1.8551342487335205,-0.0002760568750090897,0.03301467001438141,0.03301467001438141,1.0,-3.0,success
3566,-2.2517285346984863,1.8545056581497192,-0.0002761655778158456,0.033011917024850845,0.033011917024850845,1.0,-3.0,success
3567,-2.250880718231201,1.8538752794265747,-0.00027627410599961877,0.03301529586315155,0.03301529586315155,1.0,-3.0,success
3568,-2.2500343322753906,1.8532429933547974,-0.00027638248866423965,0.03301507234573364,0.03301507234573364,1.0,-3.0,success
3569,-2.2491893768310547,1.8526089191436768,-0.0002764906967058778,0.03301277384161949,0.03301277384161949,1.0,-3.0,success
3570,-2.2483458518981934,1.8519731760025024,-0.0002765987010207027,0.0330083966255188,0.0330083966255188,1.0,-3.0,success
3571,-2.2475035190582275,1.8513354063034058,-0.0002767065598163754,0.03301684185862541,0.03301684185862541,1.0,-3.0,success
3572,-2.2466626167297363,1.8506959676742554,-0.00027681427309289575,0.0330127589404583,0.0330127589404583,1.0,-3.0,success
3573,-2.2458231449127197,1.850050926208496,-0.0002769118291325867,0.03308357298374176,0.03308357298374176,1.0,-3.0,success
3574,-2.2449870109558105,1.8493956327438354,-0.00027700403006747365,0.03319758549332619,0.03319758176803589,1.0,-3.0,success
3575,-2.2441511154174805,1.8487383127212524,-0.00027711340226233006,0.03323082998394966,0.03323082998394966,1.0,-3.0,success
3576,-2.2433154582977295,1.8480788469314575,-0.0002772247535176575,0.033266469836235046,0.033266469836235046,1.0,-3.0,success
3577,-2.2424800395965576,1.8474174737930298,-0.00027733721071854234,0.0332975871860981,0.0332975871860981,1.0,-3.0,success
3578,-2.241644859313965,1.8467540740966797,-0.0002774504537228495,0.03333109989762306,0.03333109989762306,1.0,-3.0,success
3579,-2.240809679031372,1.8460885286331177,-0.0002775643370114267,0.033372849225997925,0.033372845500707626,1.0,-3.0,success
3580,-2.2399744987487793,1.8454210758209229,-0.0002776786277536303,0.033410023897886276,0.033410023897886276,1.0,-3.0,success
3581,-2.2391395568847656,1.8447517156600952,-0.0002777932386379689,0.0334414541721344,0.0334414541721344,1.0,-3.0,success
3582,-2.238304615020752,1.8440802097320557,-0.0002779080532491207,0.033483438193798065,0.033483438193798065,1.0,-3.0,success
3583,-2.2374696731567383,1.8434066772460938,-0.0002780230133794248,0.03352316468954086,0.033523160964250565,1.0,-3.0,success
3584,-2.2366347312927246,1.842731237411499,-0.00027813800261355937,0.0335606224834919,0.0335606187582016,1.0,-3.0,success
3585,-2.235799789428711,1.842053771018982,-0.0002782529918476939,0.03360048681497574,0.03360048681497574,1.0,-3.0,success
3586,-2.234964370727539,1.8413747549057007,-0.0002783752861432731,0.03364258259534836,0.03364258259534836,1.0,3.0,success
3587,-2.234128952026367,1.8406978845596313,-0.0002784547978080809,0.0336003303527832,0.0336003303527832,1.0,3.0,success
3588,-2.233293294906616,1.840023398399353,-0.00027849694015458226,0.03355927765369415,0.03355927765369415,1.0,3.0,success
3589,-2.232457399368286,1.8393511772155762,-0.0002785072138067335,0.033520668745040894,0.033520668745040894,1.0,3.0,success
3590,-2.231621503829956,1.8386811017990112,-0.0002784917887765914,0.033478688448667526,0.033478688448667526,1.0,3.0,success
3591,-2.2307851314544678,1.8380131721496582,-0.0002784556709229946,0.03344843164086342,0.03344843164086342,1.0,3.0,success
3592,-2.2299482822418213,1.837347388267517,-0.000278402934782207,0.033418286591768265,0.033418286591768265,1.0,3.0,success
3593,-2.2291200160980225,1.8366929292678833,-0.0002783870731946081,0.03298823907971382,0.03298823535442352,1.0,-3.0,success
3594,-2.2282960414886475,1.836026906967163,-0.00027832426712848246,0.03310907259583473,0.03310907259583473,1.0,-3.0,success
3595,-2.2274515628814697,1.8353588581085205,-0.0002782411756925285,0.033649057149887085,0.033649057149887085,1.0,3.0,success
3596,-2.2266063690185547,1.8346929550170898,-0.0002782242663670331,0.033625051379203796,0.033625051379203796,1.0,3.0,success
3597,-2.2257602214813232,1.8340293169021606,-0.00027819129172712564,0.03360474109649658,0.033604737371206284,1.0,3.0,success
3598,-2.2249131202697754,1.8333677053451538,-0.0002781414950732142,0.03358917310833931,0.03358917310833931,1.0,3.0,success
3599,-2.224078416824341,1.8327199220657349,-0.0002781491493806243,0.033018000423908234,0.033018000423908234,1.0,-3.0,success
3600,-2.2232489585876465,1.832058072090149,-0.0002780824725050479,0.033161040395498276,0.03316103667020798,1.0,-3.0,success
3601,-2.2224206924438477,1.831394076347351,-0.0002780666691251099,0.033173833042383194,0.033173829317092896,1.0,-3.0,success
3602,-2.2215747833251953,1.8307280540466309,-0.00027801975375041366,0.033644914627075195,0.033644914627075195,1.0,3.0,success
3603,-2.2207279205322266,1.8300641775131226,-0.00027802170370705426,0.03362692520022392,0.03362692520022392,1.0,3.0,success
3604,-2.2198803424835205,1.8294025659561157,-0.00027800360112451017,0.03360091894865036,0.03360091894865036,1.0,3.0,success
3605,-2.219032049179077,1.8287431001663208,-0.00027796579524874687,0.03357734531164169,0.03357734531164169,1.0,3.0,success
3606,-2.2181954383850098,1.8280974626541138,-0.0002779818023554981,0.033024098724126816,0.03302409499883652,1.0,-3.0,success
3607,-2.2173643112182617,1.8274378776550293,-0.0002779224596451968,0.033157773315906525,0.033157773315906525,1.0,-3.0,success
3608,-2.216515064239502,1.8267762660980225,-0.00027785246493294835,0.03364204615354538,0.03364204242825508,1.0,3.0,success
3609,-2.2156646251678467,1.8261168003082275,-0.0002778386988211423,0.033630311489105225,0.033630307763814926,1.0,3.0,success
3610,-2.214813709259033,1.8254594802856445,-0.00027780793607234955,0.033601049333810806,0.033601049333810806,1.0,3.0,success
3611,-2.213975667953491,1.8248159885406494,-0.00027783316909335554,0.03301862254738808,0.03301862254738808,1.0,-3.0,success
3612,-2.2131426334381104,1.8241585493087769,-0.0002777778427116573,0.03316289931535721,0.03316289931535721,1.0,-3.0,success
3613,-2.2122914791107178,1.823499083518982,-0.0002777109621092677,0.03364797309041023,0.03364797309041023,1.0,3.0,success
3614,-2.211439609527588,1.8228418827056885,-0.0002776998153422028,0.033622365444898605,0.033622365444898605,1.0,3.0,success
3615,-2.2105870246887207,1.822186827659607,-0.0002776711480692029,0.03359917178750038,0.03359917178750038,1.0,3.0,success
3616,-2.2097339630126953,1.8215339183807373,-0.00027762469835579395,0.03357018902897835,0.03357018902897835,1.0,3.0,success
3617,-2.208892583847046,1.820894718170166,-0.0002776326728053391,0.03302011266350746,0.03302011266350746,1.0,-3.0,success
3618,-2.208054780960083,1.8202458620071411,-0.00027757458155974746,0.03311508893966675,0.03311508893966675,1.0,-3.0,success
3619,-2.2072196006774902,1.8195905685424805,-0.00027755164774134755,0.03317413106560707,0.03317413106560707,1.0,-3.0,success
3620,-2.206366777420044,1.8189332485198975,-0.0002775060129351914,0.03364823758602142,0.03364823758602142,1.0,3.0,success
3621,-2.2055134773254395,1.818278193473816,-0.0002775094471871853,0.03361689671874046,0.033616892993450165,1.0,3.0,success
3622,-2.2046594619750977,1.8176254034042358,-0.00027749239234253764,0.03359159827232361,0.03359159827232361,1.0,3.0,success
3623,-2.2038049697875977,1.8169747591018677,-0.00027745519764721394,0.03356277570128441,0.03356277197599411,1.0,3.0,success
3624,-2.2029619216918945,1.8163377046585083,-0.00027746878913603723,0.03302118554711342,0.03302118554711342,1.0,-3.0,success
3625,-2.202120304107666,1.8156987428665161,-0.000277430604910478,0.03302153944969177,0.03302153944969177,1.0,-3.0,success
3626,-2.2012815475463867,1.8150521516799927,-0.0002774070017039776,0.03309539705514908,0.03309539705514908,1.0,-3.0,success
3627,-2.2004270553588867,1.8143974542617798,-0.0002773488231468946,0.033639658242464066,0.033639658242464066,1.0,3.0,success
3628,-2.1995716094970703,1.8137449026107788,-0.0002773541200440377,0.033622607588768005,0.033622607588768005,1.0,3.0,success
3629,-2.198715925216675,1.8130946159362793,-0.00027733886963687837,0.03358566015958786,0.03358565643429756,1.0,3.0,success
3630,-2.1978726387023926,1.8124580383300781,-0.00027737347409129143,0.03301815316081047,0.03301815316081047,1.0,-3.0,success
3631,-2.197014570236206,1.8118078708648682,-0.0002772652078419924,0.033642757683992386,0.033642757683992386,1.0,3.0,success
3632,-2.196155548095703,1.8111598491668701,-0.0002772372681647539,0.03362609073519707,0.03362608700990677,1.0,3.0,success
3633,-2.195296287536621,1.8105140924453735,-0.0002771953586488962,0.03358946740627289,0.03358946740627289,1.0,3.0,success
3634,-2.1944496631622314,1.8098818063735962,-0.00027720961952582,0.03302104026079178,0.03302103653550148,1.0,-3.0,success
3635,-2.1936047077178955,1.8092474937438965,-0.00027716782642528415,0.03301725164055824,0.03301725164055824,1.0,-3.0,success
3636,-2.192761182785034,1.808611273765564,-0.0002771527215372771,0.033017367124557495,0.033017367124557495,1.0,-3.0,success
3637,-2.1919190883636475,1.807973027229309,-0.00027716209297068417,0.03301990404725075,0.03301990032196045,1.0,-3.0,success
3638,-2.1910781860351562,1.8073318004608154,-0.000277186103630811,0.03304661065340042,0.03304661065340042,1.0,-3.0,success
3639,-2.190222978591919,1.8066779375076294,-0.0002771524013951421,0.03364155441522598,0.03364155441522598,1.0,3.0,success
3640,-2.1893672943115234,1.8060264587402344,-0.00027718377532437444,0.03360820934176445,0.03360820934176445,1.0,3.0,success
3641,-2.188511371612549,1.8053771257400513,-0.0002771895960904658,0.03357356786727905,0.03357356786727905,1.0,3.0,success
3642,-2.18766713142395,1.804741621017456,-0.00027723898529075086,0.03302176669239998,0.03302176669239998,1.0,-3.0,success
3643,-2.1868245601654053,1.8041040897369385,-0.0002772277221083641,0.033018287271261215,0.033018287271261215,1.0,-3.0,success
3644,-2.185983419418335,1.8034645318984985,-0.0002772365987766534,0.03302094340324402,0.03302094340324402,1.0,-3.0,success
3645,-2.185145139694214,1.8028165102005005,-0.00027725149993784726,0.03311091661453247,0.03311091661453247,1.0,-3.0,success
3646,-2.1846961975097656,1.802538275718689,0.0002128764463122934,0.022517113015055656,0.01650531031191349,1.0,3.0,success
