step,x,y,z,speed_3d,speed_xy,command_v,command_w,outcome
0,-1.211168885231018,-4.5523905754089355,-0.009555590339004993,0.0,0.0,0.0,0.0,success
1,-1.211164951324463,-4.552403926849365,-0.004826279357075691,0.14779159426689148,0.0004349664959590882,1.0,-3.0,success
2,-1.2114076614379883,-4.551398754119873,-0.003873984795063734,0.043929822742938995,0.03231437876820564,1.0,-3.0,success
3,-1.2116488218307495,-4.5503926277160645,-0.00313382176682353,0.039753757417201996,0.03233202546834946,1.0,-3.0,success
4,-1.2118873596191406,-4.5493855476379395,-0.0025419399607926607,0.03725747764110565,0.03234202042222023,1.0,-3.0,success
5,-1.2121233940124512,-4.548377990722656,-0.0020685677882283926,0.03556140512228012,0.03233858942985535,1.0,-3.0,success
6,-1.2123571634292603,-4.547369480133057,-0.0016899786423891783,0.03444696217775345,0.0323515459895134,1.0,-3.0,success
7,-1.2125887870788574,-4.546360492706299,-0.0013871928676962852,0.033706340938806534,0.032350994646549225,1.0,-3.0,success
8,-1.2128185033798218,-4.545351028442383,-0.001145031419582665,0.03322552144527435,0.03235224261879921,1.0,-3.0,success
9,-1.2130464315414429,-4.544341087341309,-0.0009513547411188483,0.03291565179824829,0.03235442563891411,1.0,-3.0,success
10,-1.2132726907730103,-4.543330669403076,-0.0007964540855027735,0.03271759673953056,0.03235752508044243,1.0,-3.0,success
11,-1.2134974002838135,-4.5423197746276855,-0.0006725648418068886,0.0325922816991806,0.03236152231693268,1.0,-3.0,success
12,-1.213720679283142,-4.5413079261779785,-0.000573477300349623,0.03252866864204407,0.032380953431129456,1.0,-3.0,success
13,-1.213942527770996,-4.5402960777282715,-0.0004942250670865178,0.03246594965457916,0.03237134963274002,1.0,-3.0,success
14,-1.2141631841659546,-4.539283275604248,-0.00043083634227514267,0.0324530228972435,0.032392509281635284,1.0,-3.0,success
15,-1.214381456375122,-4.538269996643066,-0.00038013566518202424,0.032430026680231094,0.032391298562288284,1.0,-3.0,success
16,-1.214597225189209,-4.537256240844727,-0.0003395816311240196,0.0324142724275589,0.03238948807120323,1.0,-3.0,success
17,-1.2148104906082153,-4.536242485046387,-0.00030714229797013104,0.03238916024565697,0.03237329423427582,1.0,-3.0,success
18,-1.2150211334228516,-4.5352277755737305,-0.00028119279886595905,0.032395850867033005,0.032385699450969696,1.0,-3.0,success
19,-1.2152293920516968,-4.534212589263916,-0.00026043361867778003,0.032391730695962906,0.03238523378968239,1.0,-3.0,success
20,-1.2154351472854614,-4.533196926116943,-0.0002438254887238145,0.03238837048411369,0.03238420933485031,1.0,-3.0,success
21,-1.215638279914856,-4.5321807861328125,-0.00023053729091770947,0.032385312020778656,0.032382648438215256,1.0,-3.0,success
22,-1.21583890914917,-4.531164646148682,-0.00021990427921991795,0.032369110733270645,0.03236740455031395,1.0,-3.0,success
23,-1.2160371541976929,-4.530147552490234,-0.000211394828511402,0.03238339722156525,0.0323823057115078,1.0,-3.0,success
24,-1.2162327766418457,-4.529129981994629,-0.00020458377548493445,0.0323820598423481,0.03238135948777199,1.0,-3.0,success
25,-1.2164257764816284,-4.528111934661865,-0.00019913111464120448,0.032381076365709305,0.03238062933087349,1.0,-3.0,success
26,-1.2166163921356201,-4.527093887329102,-0.00019476488523650914,0.032367121428251266,0.032366834580898285,1.0,-3.0,success
27,-1.2168045043945312,-4.5260748863220215,-0.00019126762344967574,0.032382018864154816,0.03238183259963989,1.0,-3.0,success
28,-1.2169899940490723,-4.525055885314941,-0.00018846537568606436,0.03236717730760574,0.032367054373025894,1.0,-3.0,success
29,-1.2171730995178223,-4.524036407470703,-0.00018621904018800706,0.03236853703856468,0.03236846253275871,1.0,-3.0,success
30,-1.2173535823822021,-4.523016452789307,-0.00018441738211549819,0.032368797808885574,0.032368749380111694,1.0,-3.0,success
31,-1.2175315618515015,-4.521996021270752,-0.0001829714310588315,0.03236991912126541,0.032369885593652725,1.0,-3.0,success
32,-1.2177070379257202,-4.520975112915039,-0.00018180999904870987,0.032371241599321365,0.03237122669816017,1.0,-3.0,success
33,-1.2178798913955688,-4.519953727722168,-0.0001808762172004208,0.03237214684486389,0.0323721319437027,1.0,-3.0,success
34,-1.2180503606796265,-4.518932342529297,-0.00018012455257121474,0.03235979005694389,0.032359782606363297,1.0,-3.0,success
35,-1.218218207359314,-4.517910480499268,-0.00017951861082110554,0.03236110508441925,0.032361097633838654,1.0,-3.0,success
36,-1.218383550643921,-4.51688814163208,-0.00017902927356772125,0.03236322104930878,0.03236321732401848,1.0,-3.0,success
37,-1.2185463905334473,-4.515865325927734,-0.00017863328685052693,0.03236553817987442,0.03236553445458412,1.0,-3.0,success
38,-1.2187066078186035,-4.5148420333862305,-0.00017831199511419982,0.03236747905611992,0.03236747533082962,1.0,-3.0,success
39,-1.2188644409179688,-4.513818740844727,-0.00017805054085329175,0.032356034964323044,0.032356031239032745,1.0,-3.0,success
40,-1.2190196514129639,-4.5127949714660645,-0.00017783699149731547,0.03235837444663048,0.03235837072134018,1.0,-3.0,success
41,-1.2191723585128784,-4.511770725250244,-0.00017766183009371161,0.0323614776134491,0.0323614776134491,1.0,-3.0,success
42,-1.2193224430084229,-4.510746002197266,-0.000177517460542731,0.032364241778850555,0.032364241778850555,1.0,-3.0,success
43,-1.2194701433181763,-4.509721279144287,-0.00017739775648806244,0.03235352784395218,0.03235352784395218,1.0,-3.0,success
44,-1.2196152210235596,-4.50869607925415,-0.00017729787214193493,0.032356686890125275,0.032356686890125275,1.0,-3.0,success
45,-1.2197577953338623,-4.5076704025268555,-0.00017721389303915203,0.03236057981848717,0.03236057981848717,1.0,-3.0,success
46,-1.219897747039795,-4.5066447257995605,-0.00017714271962177008,0.032349396497011185,0.032349396497011185,1.0,-3.0,success
47,-1.220035195350647,-4.505618572235107,-0.00017708184896036983,0.032353684306144714,0.032353684306144714,1.0,-3.0,success
48,-1.2201701402664185,-4.504591941833496,-0.00017702928744256496,0.032358165830373764,0.032358165830373764,1.0,-3.0,success
49,-1.2203025817871094,-4.503564834594727,-0.0001769834489095956,0.032362841069698334,0.032362841069698334,1.0,-3.0,success
50,-1.2204324007034302,-4.502537727355957,-0.0001769430673448369,0.03235245868563652,0.03235245868563652,1.0,-3.0,success
51,-1.2205597162246704,-4.5015106201171875,-0.00017690709501039237,0.03234274312853813,0.03234274312853813,1.0,-3.0,success
52,-1.22068452835083,-4.50048303604126,-0.0001768747461028397,0.03234800696372986,0.03234800696372986,1.0,-3.0,success
53,-1.2208067178726196,-4.499454975128174,-0.00017684533668216318,0.03235302492976189,0.03235302492976189,1.0,-3.0,success
54,-1.2209264039993286,-4.49842643737793,-0.00017681838653516024,0.03235868364572525,0.03235868364572525,1.0,-3.0,success
55,-1.221043586730957,-4.497398376464844,-0.00017679344455245882,0.03233493119478226,0.03233493119478226,1.0,-3.0,success
56,-1.2211581468582153,-4.496369361877441,-0.0001767701905919239,0.03235537186264992,0.03235537186264992,1.0,-3.0,success
57,-1.221270203590393,-4.495340347290039,-0.00017674834816716611,0.03234681114554405,0.03234681114554405,1.0,-3.0,success
58,-1.2213797569274902,-4.4943108558654785,-0.00017672772810328752,0.032353248447179794,0.032353248447179794,1.0,-3.0,success
59,-1.2214866876602173,-4.493281364440918,-0.0001767081266734749,0.03234468400478363,0.03234468400478363,1.0,-3.0,success
60,-1.2215911149978638,-4.492251873016357,-0.00017668944201432168,0.03233669325709343,0.03233669325709343,1.0,-3.0,success
61,-1.2216930389404297,-4.491221904754639,-0.0001766715431585908,0.03234371915459633,0.03234371915459633,1.0,-3.0,success
62,-1.2217923402786255,-4.490191459655762,-0.00017665434279479086,0.032350584864616394,0.032350584864616394,1.0,-3.0,success
63,-1.2218891382217407,-4.489161014556885,-0.00017663776816334575,0.032343171536922455,0.032343171536922455,1.0,-3.0,success
64,-1.2219833135604858,-4.48813009262085,-0.000176621790160425,0.03235045075416565,0.03235044702887535,1.0,-3.0,success
65,-1.22207510471344,-4.4870991706848145,-0.00017660633602645248,0.03234376013278961,0.03234376013278961,1.0,-3.0,success
66,-1.2221641540527344,-4.486068248748779,-0.00017659137665759772,0.0323362722992897,0.0323362722992897,1.0,-3.0,success
67,-1.2222506999969482,-4.485036849975586,-0.0001765768975019455,0.03234448283910751,0.03234448283910751,1.0,-3.0,success
68,-1.2223347425460815,-4.484005451202393,-0.00017656285490375012,0.032338034361600876,0.032338034361600876,1.0,-3.0,success
69,-1.2224162817001343,-4.482973575592041,-0.00017654923431109637,0.03234662860631943,0.03234662860631943,1.0,-3.0,success
70,-1.222495198249817,-4.4819416999816895,-0.00017653603572398424,0.03234027698636055,0.03234027698636055,1.0,-3.0,success
71,-1.222571611404419,-4.480909824371338,-0.0001765232445904985,0.032334405928850174,0.032334405928850174,1.0,-3.0,success
72,-1.2226454019546509,-4.479877471923828,-0.00017651084635872394,0.032343316823244095,0.032343316823244095,1.0,-3.0,success
73,-1.2227166891098022,-4.478845119476318,-0.0001764988264767453,0.03233783692121506,0.03233783692121506,1.0,-3.0,success
74,-1.2227853536605835,-4.477812767028809,-0.00017648718494456261,0.032332293689250946,0.032332293689250946,1.0,-3.0,success
75,-1.2228515148162842,-4.476779937744141,-0.00017647592176217586,0.03234206512570381,0.03234206512570381,1.0,-3.0,success
76,-1.2229151725769043,-4.475747108459473,-0.00017646503692958504,0.032337162643671036,0.03233715891838074,1.0,-3.0,success
77,-1.2229762077331543,-4.4747138023376465,-0.0001764545013429597,0.032347097992897034,0.032347097992897034,1.0,-3.0,success
78,-1.2230346202850342,-4.4736809730529785,-0.0001764443441061303,0.03232749179005623,0.03232748806476593,1.0,-3.0,success
79,-1.223090648651123,-4.472647666931152,-0.0001764345506671816,0.03233825042843819,0.03233824670314789,1.0,-3.0,success
80,-1.2231439352035522,-4.471614360809326,-0.00017642512102611363,0.03233372047543526,0.03233372047543526,1.0,-3.0,success
81,-1.2231948375701904,-4.470580577850342,-0.00017641605518292636,0.03234485164284706,0.03234485164284706,1.0,-3.0,success
82,-1.2232431173324585,-4.469546794891357,-0.00017640733858570457,0.03234092891216278,0.03234092891216278,1.0,-3.0,success
83,-1.2232887744903564,-4.468513488769531,-0.00017639898578636348,0.032322321087121964,0.032322321087121964,1.0,-3.0,success
84,-1.2233319282531738,-4.467479228973389,-0.0001763909967849031,0.03234873712062836,0.03234873712062836,1.0,-3.0,success
85,-1.2233725786209106,-4.466445446014404,-0.00017638335702940822,0.03233068436384201,0.03233068436384201,1.0,-3.0,success
86,-1.2234106063842773,-4.46541166305542,-0.00017637608107179403,0.0323275662958622,0.0323275662958622,1.0,-3.0,success
87,-1.2234461307525635,-4.464377403259277,-0.00017636916891206056,0.0323396772146225,0.0323396772146225,1.0,-3.0,success
88,-1.2234790325164795,-4.463343143463135,-0.00017636260599829257,0.03233696520328522,0.03233696520328522,1.0,-3.0,success
89,-1.223509430885315,-4.462308883666992,-0.00017635640688240528,0.032334573566913605,0.032334573566913605,1.0,-3.0,success
90,-1.2235372066497803,-4.46127462387085,-0.00017635055701248348,0.032332271337509155,0.032332271337509155,1.0,-3.0,success
91,-1.223562479019165,-4.460239887237549,-0.00017634507094044238,0.032345160841941833,0.032345160841941833,1.0,-3.0,success
92,-1.2235851287841797,-4.459205627441406,-0.00017633993411436677,0.03232836723327637,0.03232836723327637,1.0,-3.0,success
93,-1.2236052751541138,-4.458171367645264,-0.00017633516108617187,0.032326746731996536,0.032326746731996536,1.0,-3.0,success
94,-1.2236230373382568,-4.457136631011963,-0.00017633073730394244,0.03234028071165085,0.03234028071165085,1.0,-3.0,success
95,-1.2236381769180298,-4.456101894378662,-0.0001763266627676785,0.03233897686004639,0.03233897686004639,1.0,-3.0,success
96,-1.2236508131027222,-4.455067157745361,-0.00017632295202929527,0.03233793005347252,0.03233793005347252,1.0,-3.0,success
97,-1.223660945892334,-4.454032897949219,-0.00017631960508879274,0.03232216835021973,0.03232216835021973,1.0,-3.0,success
98,-1.2236685752868652,-4.452998161315918,-0.0001763166073942557,0.03233639895915985,0.03233639895915985,1.0,-3.0,success
99,-1.223673701286316,-4.451963424682617,-0.00017631397349759936,0.03233591467142105,0.03233591467142105,1.0,-3.0,success
100,-1.223676323890686,-4.450928688049316,-0.00017631170339882374,0.03233562409877777,0.03233562037348747,1.0,-3.0,success
101,-1.2236764430999756,-4.449893951416016,-0.0001763097825460136,0.032335519790649414,0.032335519790649414,1.0,-3.0,success
102,-1.2236740589141846,-4.448859214782715,-0.00017630822549108416,0.03233560547232628,0.03233560547232628,1.0,-3.0,success
103,-1.2236690521240234,-4.447824478149414,-0.00017630703223403543,0.03233589604496956,0.03233589604496956,1.0,-3.0,success
104,-1.2236616611480713,-4.446789741516113,-0.0001763061882229522,0.032336343079805374,0.032336343079805374,1.0,-3.0,success
105,-1.2236517667770386,-4.445755481719971,-0.00017630570800974965,0.03232209384441376,0.03232209384441376,1.0,-3.0,success
106,-1.2236393690109253,-4.44472074508667,-0.00017630559159442782,0.032337840646505356,0.032337840646505356,1.0,-3.0,success
107,-1.223624348640442,-4.443686008453369,-0.00017630582442507148,0.03233892843127251,0.03233892470598221,1.0,-3.0,success
108,-1.2236069440841675,-4.442651748657227,-0.00017630642105359584,0.03232519328594208,0.03232519328594208,1.0,-3.0,success
109,-1.2235870361328125,-4.441617012023926,-0.0001763073814800009,0.032341502606868744,0.032341502606868744,1.0,-3.0,success
110,-1.2235645055770874,-4.440582752227783,-0.00017630869115237147,0.0323282852768898,0.0323282852768898,1.0,-3.0,success
111,-1.2235395908355713,-4.439548015594482,-0.00017631037917453796,0.032344888895750046,0.032344888895750046,1.0,-3.0,success
112,-1.223512053489685,-4.43851375579834,-0.0001763124018907547,0.03233207017183304,0.03233207017183304,1.0,-3.0,success
113,-1.2234821319580078,-4.437479496002197,-0.00017631480295676738,0.032334137707948685,0.032334137707948685,1.0,-3.0,success
114,-1.2234498262405396,-4.436445236206055,-0.00017631755326874554,0.03233638033270836,0.03233638033270836,1.0,-3.0,success
115,-1.2234150171279907,-4.43541145324707,-0.0001763206673786044,0.03232402727007866,0.03232402727007866,1.0,-3.0,success
116,-1.2233777046203613,-4.434377193450928,-0.00017632413073442876,0.032341644167900085,0.032341644167900085,1.0,-3.0,success
117,-1.223338007926941,-4.433343410491943,-0.0001763279433362186,0.03232952207326889,0.03232952207326889,1.0,-3.0,success
118,-1.22329580783844,-4.432309627532959,-0.00017633211973588914,0.03233262151479721,0.03233261778950691,1.0,-3.0,success
119,-1.2232511043548584,-4.431275844573975,-0.0001763366599334404,0.032335907220840454,0.032335907220840454,1.0,-3.0,success
120,-1.2232040166854858,-4.43024206161499,-0.00017634154937695712,0.03233921155333519,0.03233921155333519,1.0,-3.0,success
121,-1.2231545448303223,-4.429208278656006,-0.00017634678806643933,0.032342683523893356,0.032342683523893356,1.0,-3.0,success
122,-1.2231025695800781,-4.42817497253418,-0.00017635239055380225,0.03233163803815842,0.03233163803815842,1.0,-3.0,success
123,-1.2230480909347534,-4.4271416664123535,-0.00017635835683904588,0.032335665076971054,0.032335665076971054,1.0,-3.0,success
124,-1.2229912281036377,-4.4261088371276855,-0.000176364672370255,0.03232479467988014,0.03232479467988014,1.0,-3.0,success
125,-1.2229318618774414,-4.425075531005859,-0.00017637133714742959,0.032344065606594086,0.032344065606594086,1.0,-3.0,success
126,-1.2228699922561646,-4.424042701721191,-0.0001763783657224849,0.032333772629499435,0.032333772629499435,1.0,-3.0,success
127,-1.2228057384490967,-4.423009872436523,-0.0001763857580954209,0.03233831375837326,0.03233831375837326,1.0,-3.0,success
128,-1.2227389812469482,-4.421977519989014,-0.0001763934997143224,0.032328393310308456,0.032328393310308456,1.0,-3.0,success
129,-1.2226698398590088,-4.420945167541504,-0.00017640159057918936,0.032333288341760635,0.032333288341760635,1.0,-3.0,success
130,-1.2225981950759888,-4.419912815093994,-0.00017641004524193704,0.03233860805630684,0.03233860805630684,1.0,-3.0,success
131,-1.2225241661071777,-4.418880462646484,-0.0001764188491506502,0.03234385326504707,0.03234385326504707,1.0,-3.0,success
132,-1.2224476337432861,-4.417848587036133,-0.00017642801685724407,0.03233468160033226,0.03233468160033226,1.0,-3.0,success
133,-1.2223687171936035,-4.4168171882629395,-0.00017643753380980343,0.032325420528650284,0.032325420528650284,1.0,-3.0,success
134,-1.2222872972488403,-4.415785789489746,-0.0001764474145602435,0.03233148530125618,0.03233148530125618,1.0,-3.0,success
135,-1.2222033739089966,-4.414754390716553,-0.00017645764455664903,0.0323377326130867,0.0323377326130867,1.0,-3.0,success
136,-1.2221170663833618,-4.413722991943359,-0.00017646823835093528,0.03234386071562767,0.03234386071562767,1.0,-3.0,success
137,-1.222028374671936,-4.412692070007324,-0.000176479181391187,0.0323353111743927,0.0323353111743927,1.0,-3.0,success
138,-1.2219370603561401,-4.411661624908447,-0.00017649048822931945,0.032327599823474884,0.032327596098184586,1.0,-3.0,success
139,-1.2218434810638428,-4.41063117980957,-0.00017650214431341738,0.032333921641111374,0.032333921641111374,1.0,-3.0,success
140,-1.2217472791671753,-4.409600734710693,-0.00017651414964348078,0.03234143555164337,0.03234143555164337,1.0,-3.0,success
141,-1.2216488122940063,-4.408570766448975,-0.0001765265187714249,0.03233325853943825,0.03233325853943825,1.0,-3.0,success
142,-1.2215478420257568,-4.407540798187256,-0.0001765392516972497,0.032340798527002335,0.032340798527002335,1.0,-3.0,success
143,-1.2214443683624268,-4.406511306762695,-0.00017655231931712478,0.032333698123693466,0.032333698123693466,1.0,-3.0,success
144,-1.2213385105133057,-4.405481815338135,-0.0001765657652867958,0.032341234385967255,0.032341234385967255,1.0,-3.0,success
145,-1.221231460571289,-4.404452800750732,-0.0001765896158758551,0.03233024850487709,0.03233024477958679,1.0,3.0,success
146,-1.221124291419983,-4.403423309326172,-0.0001765936758602038,0.032345451414585114,0.032345451414585114,1.0,3.0,success
147,-1.2210184335708618,-4.402393817901611,-0.00017658497381489724,0.032341234385967255,0.032341234385967255,1.0,-3.0,success
148,-1.2209128141403198,-4.401364326477051,-0.00017659230798017234,0.03234047442674637,0.03234047442674637,1.0,-3.0,success
149,-1.220806360244751,-4.400335311889648,-0.0001766113273333758,0.032328322529792786,0.032328322529792786,1.0,3.0,success
150,-1.220699429512024,-4.39930534362793,-0.00017661134188529104,0.03235950320959091,0.03235950320959091,1.0,3.0,success
151,-1.220595359802246,-4.398275852203369,-0.00017660955199971795,0.032335564494132996,0.032335564494132996,1.0,3.0,success
152,-1.2204926013946533,-4.39724588394165,-0.00017659467994235456,0.032346297055482864,0.032346297055482864,1.0,-3.0,success
153,-1.2203903198242188,-4.396215915679932,-0.0001765969063853845,0.03234482556581497,0.03234482184052467,1.0,-3.0,success
154,-1.220285415649414,-4.395186901092529,-0.00017660087905824184,0.03232337534427643,0.03232337534427643,1.0,-3.0,success
155,-1.2201792001724243,-4.394157409667969,-0.00017661816673353314,0.03234237805008888,0.03234237805008888,1.0,3.0,success
156,-1.2200723886489868,-4.393127918243408,-0.00017661688616499305,0.03234429657459259,0.03234429657459259,1.0,3.0,success
157,-1.2199684381484985,-4.3920979499816895,-0.00017661406309343874,0.03235001862049103,0.03235001862049103,1.0,3.0,success
158,-1.2198657989501953,-4.391067981719971,-0.0001765981432981789,0.032345931977033615,0.032345931977033615,1.0,-3.0,success
159,-1.2197636365890503,-4.39003849029541,-0.0001765996275935322,0.03232962638139725,0.03232962638139725,1.0,-3.0,success
160,-1.2196600437164307,-4.38900899887085,-0.00017661428137216717,0.03233407065272331,0.03233407065272331,1.0,3.0,success
161,-1.2195559740066528,-4.387979030609131,-0.00017661102174315602,0.032350391149520874,0.032350391149520874,1.0,3.0,success
162,-1.2194533348083496,-4.386949062347412,-0.0001765956258168444,0.032345931977033615,0.032345931977033615,1.0,-3.0,success
163,-1.2193511724472046,-4.385919570922852,-0.00017659764853306115,0.03232962638139725,0.03232962638139725,1.0,-3.0,success
164,-1.2192462682724,-4.384890079498291,-0.00017660146113485098,0.03233819827437401,0.03233819827437401,1.0,-3.0,success
165,-1.2191400527954102,-4.383861064910889,-0.00017661873425822705,0.0323275588452816,0.0323275588452816,1.0,3.0,success
166,-1.2190332412719727,-4.38283109664917,-0.00017661735182628036,0.03235911950469017,0.03235911950469017,1.0,3.0,success
167,-1.2189291715621948,-4.381801605224609,-0.00017661444144323468,0.032335564494132996,0.032335564494132996,1.0,3.0,success
168,-1.2188279628753662,-4.380771636962891,-0.00017660939192865044,0.032341524958610535,0.032341524958610535,1.0,3.0,success
169,-1.2187280654907227,-4.379741191864014,-0.0001765914639690891,0.032352376729249954,0.032352376729249954,1.0,-3.0,success
170,-1.2186285257339478,-4.378711223602295,-0.00017659120203461498,0.03233646601438522,0.03233646601438522,1.0,-3.0,success
171,-1.2185262441635132,-4.377681732177734,-0.0001765932101989165,0.032329995185136795,0.0323299914598465,1.0,-3.0,success
172,-1.218422532081604,-4.376652240753174,-0.00017660915909800678,0.03233444690704346,0.03233444690704346,1.0,3.0,success
173,-1.2183183431625366,-4.375622272491455,-0.0001766068598954007,0.03235076740384102,0.03235076367855072,1.0,3.0,success
174,-1.2182157039642334,-4.374592304229736,-0.00017659226432442665,0.032345931977033615,0.032345931977033615,1.0,-3.0,success
175,-1.2181134223937988,-4.373562812805176,-0.00017659500008448958,0.032329995185136795,0.0323299914598465,1.0,-3.0,success
176,-1.2180097103118896,-4.372533321380615,-0.00017661061428952962,0.03233444690704346,0.03233444690704346,1.0,3.0,success
177,-1.2179056406021118,-4.3715033531188965,-0.0001766080386005342,0.032350391149520874,0.032350391149520874,1.0,3.0,success
178,-1.2178043127059937,-4.370473384857178,-0.00017660415323916823,0.03234189376235008,0.032341890037059784,1.0,3.0,success
179,-1.2177042961120605,-4.369442939758301,-0.00017658727301750332,0.032352738082408905,0.032352738082408905,1.0,-3.0,success
180,-1.217604637145996,-4.36841344833374,-0.00017658789874985814,0.032321996986866,0.032321996986866,1.0,-3.0,success
181,-1.217502236366272,-4.3673834800720215,-0.00017659061995800585,0.03234519064426422,0.03234519064426422,1.0,-3.0,success
182,-1.2173972129821777,-4.366353988647461,-0.00017659588775131851,0.03233857825398445,0.03233857825398445,1.0,-3.0,success
183,-1.2172908782958984,-4.365324974060059,-0.00017661428137216717,0.032327938824892044,0.032327938824892044,1.0,3.0,success
184,-1.2171839475631714,-4.364295482635498,-0.00017661371384747326,0.03234468400478363,0.03234468400478363,1.0,3.0,success
185,-1.217079997062683,-4.363265514373779,-0.0001766114728525281,0.03235001862049103,0.03235001862049103,1.0,3.0,success
186,-1.2169773578643799,-4.3622355461120605,-0.0001765960332704708,0.032345931977033615,0.032345931977033615,1.0,-3.0,success
187,-1.2168750762939453,-4.3612060546875,-0.00017659795412328094,0.032329995185136795,0.0323299914598465,1.0,-3.0,success
188,-1.2167714834213257,-4.3601765632629395,-0.0001766129571478814,0.03233407065272331,0.03233407065272331,1.0,3.0,success
189,-1.2166674137115479,-4.359146595001221,-0.00017660994490142912,0.032350391149520874,0.032350391149520874,1.0,3.0,success
190,-1.2165660858154297,-4.358116626739502,-0.00017660569574218243,0.03234189376235008,0.032341890037059784,1.0,3.0,success
191,-1.2164661884307861,-4.357086181640625,-0.00017658850993029773,0.032352376729249954,0.032352376729249954,1.0,-3.0,success
192,-1.2163665294647217,-4.3560566902160645,-0.00017658887372817844,0.032321996986866,0.032321996986866,1.0,-3.0,success
193,-1.216264247894287,-4.355026721954346,-0.00017659137665759772,0.03234482556581497,0.03234482184052467,1.0,-3.0,success
194,-1.216160535812378,-4.353997230529785,-0.0001766076748026535,0.03233444690704346,0.03233444690704346,1.0,3.0,success
195,-1.2160563468933105,-4.352967262268066,-0.00017660565208643675,0.03235076740384102,0.03235076367855072,1.0,3.0,success
196,-1.2159548997879028,-4.351937294006348,-0.00017660220328252763,0.03234225511550903,0.03234225511550903,1.0,3.0,success
197,-1.2158550024032593,-4.350907325744629,-0.00017658571596257389,0.03233754634857178,0.03233754634857178,1.0,-3.0,success
198,-1.2157552242279053,-4.34987735748291,-0.00017658667638897896,0.03233718499541283,0.03233718499541283,1.0,-3.0,success
199,-1.2156528234481812,-4.34884786605835,-0.00017658964497968554,0.03233036398887634,0.03233036398887634,1.0,-3.0,success
200,-1.215549111366272,-4.347818374633789,-0.0001766062923707068,0.03233444690704346,0.03233444690704346,1.0,3.0,success
201,-1.2154449224472046,-4.34678840637207,-0.00017660451703704894,0.03235076740384102,0.03235076367855072,1.0,3.0,success
202,-1.2153434753417969,-4.345758438110352,-0.000176601271959953,0.03234225511550903,0.03234225511550903,1.0,3.0,success
203,-1.2152435779571533,-4.344727993011475,-0.00017658497381489724,0.032352376729249954,0.032352376729249954,1.0,-3.0,success
204,-1.2151437997817993,-4.343698024749756,-0.00017658609431236982,0.03233718499541283,0.03233718499541283,1.0,-3.0,success
205,-1.2150413990020752,-4.342668533325195,-0.00017658919387031347,0.03233036398887634,0.03233036398887634,1.0,-3.0,success
206,-1.214937686920166,-4.341639041900635,-0.00017660591402091086,0.03233444690704346,0.03233444690704346,1.0,3.0,success
207,-1.2148334980010986,-4.340609073638916,-0.00017660421144682914,0.03235076740384102,0.03235076367855072,1.0,3.0,success
208,-1.214732050895691,-4.339579105377197,-0.00017660102457739413,0.03234225511550903,0.03234225511550903,1.0,3.0,success
209,-1.2146334648132324,-4.33854866027832,-0.0001765958295436576,0.03234844654798508,0.03234844654798508,1.0,3.0,success
210,-1.2145360708236694,-4.337518692016602,-0.00017657781427260488,0.03233008831739426,0.03233008831739426,1.0,-3.0,success
211,-1.214439034461975,-4.336488246917725,-0.0001765773631632328,0.032343871891498566,0.032343871891498566,1.0,-3.0,success
212,-1.2143391370773315,-4.335458278656006,-0.00017657922580838203,0.03233754634857178,0.03233754634857178,1.0,-3.0,success
213,-1.2142366170883179,-4.334428787231445,-0.00017658376600593328,0.03233072906732559,0.03233072906732559,1.0,-3.0,success
214,-1.2141327857971191,-4.333399295806885,-0.00017660156299825758,0.032334815710783005,0.032334815710783005,1.0,3.0,success
215,-1.2140284776687622,-4.332369327545166,-0.00017660066077951342,0.03235114365816116,0.03235114365816116,1.0,3.0,success
216,-1.2139270305633545,-4.331339359283447,-0.0001765981432981789,0.03234225511550903,0.03234225511550903,1.0,3.0,success
217,-1.2138268947601318,-4.3303093910217285,-0.0001765824854373932,0.03233826532959938,0.03233826532959938,1.0,-3.0,success
218,-1.2137272357940674,-4.32927942276001,-0.000176584129803814,0.032336827367544174,0.032336827367544174,1.0,-3.0,success
219,-1.2136247158050537,-4.328249454498291,-0.00017658765136729926,0.03234555944800377,0.03234555944800377,1.0,-3.0,success
220,-1.2135210037231445,-4.3272199630737305,-0.000176604648004286,0.03233444690704346,0.03233444690704346,1.0,3.0,success
221,-1.2134168148040771,-4.32619047164917,-0.00017660317826084793,0.03233594447374344,0.03233594074845314,1.0,3.0,success
222,-1.2133140563964844,-4.325160503387451,-0.00017658933938946575,0.032346297055482864,0.032346297055482864,1.0,-3.0,success
223,-1.2132116556167603,-4.324131011962891,-0.0001765927008818835,0.03233036398887634,0.03233036398887634,1.0,-3.0,success
224,-1.2131080627441406,-4.323101043701172,-0.0001766087079886347,0.03234889730811119,0.03234889730811119,1.0,3.0,success
225,-1.2130038738250732,-4.322071552276611,-0.00017660648154560477,0.03233594447374344,0.03233594074845314,1.0,3.0,success
226,-1.212902545928955,-4.321041584014893,-0.00017660287267062813,0.03234189376235008,0.032341890037059784,1.0,3.0,success
227,-1.212802529335022,-4.320011138916016,-0.00017658625438343734,0.032352738082408905,0.032352738082408905,1.0,-3.0,success
228,-1.2127028703689575,-4.318981170654297,-0.00017658709839452058,0.032336827367544174,0.032336827367544174,1.0,-3.0,success
229,-1.2126004695892334,-4.317951679229736,-0.0001765899796737358,0.03233036398887634,0.03233036398887634,1.0,-3.0,success
230,-1.2124954462051392,-4.316922187805176,-0.00017659537843428552,0.03233857825398445,0.03233857825398445,1.0,-3.0,success
231,-1.2123891115188599,-4.315893173217773,-0.00017661384481471032,0.032327938824892044,0.032327938824892044,1.0,3.0,success
232,-1.2122821807861328,-4.314863681793213,-0.00017661333549767733,0.03234468400478363,0.03234468400478363,1.0,3.0,success
233,-1.212178111076355,-4.313833713531494,-0.00017661115271039307,0.032350391149520874,0.032350391149520874,1.0,3.0,success
234,-1.2120755910873413,-4.312803745269775,-0.00017659575678408146,0.03234555944800377,0.03234555944800377,1.0,-3.0,success
235,-1.2119733095169067,-4.311774253845215,-0.00017659773584455252,0.032329995185136795,0.0323299914598465,1.0,-3.0,success
236,-1.211868405342102,-4.310744762420654,-0.0001766015193425119,0.03233819827437401,0.03233819827437401,1.0,-3.0,success
237,-1.2117621898651123,-4.309715270996094,-0.0001766187633620575,0.03234237805008888,0.03234237805008888,1.0,3.0,success
238,-1.2116554975509644,-4.308685779571533,-0.00017661733727436513,0.03234391286969185,0.03234391286969185,1.0,3.0,success
239,-1.2115514278411865,-4.3076558113098145,-0.000176614397787489,0.032350391149520874,0.032350391149520874,1.0,3.0,success
240,-1.2114489078521729,-4.306625843048096,-0.00017659833247307688,0.03234555944800377,0.03234555944800377,1.0,-3.0,success
241,-1.2113467454910278,-4.305596351623535,-0.0001765997731126845,0.03232962638139725,0.03232962638139725,1.0,-3.0,success
242,-1.2112418413162231,-4.304566860198975,-0.000176603120053187,0.03233819827437401,0.03233819827437401,1.0,-3.0,success
243,-1.211135745048523,-4.303537845611572,-0.00017662005848251283,0.03232717514038086,0.03232717141509056,1.0,3.0,success
244,-1.2110289335250854,-4.302508354187012,-0.00017661838501226157,0.03234429657459259,0.03234429657459259,1.0,3.0,success
245,-1.2109249830245972,-4.301478385925293,-0.00017661524179857224,0.03235001862049103,0.03235001862049103,1.0,3.0,success
246,-1.2108224630355835,-4.300448417663574,-0.00017659900186117738,0.03234555944800377,0.03234555944800377,1.0,-3.0,success
247,-1.2107203006744385,-4.299418926239014,-0.0001766002969816327,0.03232962638139725,0.03232962638139725,1.0,-3.0,success
248,-1.2106168270111084,-4.298388957977295,-0.00017661481979303062,0.032348524779081345,0.032348524779081345,1.0,3.0,success
249,-1.2105127573013306,-4.297359466552734,-0.0001766114291967824,0.032335564494132996,0.032335564494132996,1.0,3.0,success
250,-1.2104101181030273,-4.296329498291016,-0.00017659588775131851,0.032345931977033615,0.032345931977033615,1.0,-3.0,success
251,-1.2103079557418823,-4.295299530029297,-0.00017659785225987434,0.032344453036785126,0.032344453036785126,1.0,-3.0,success
252,-1.2102030515670776,-4.2942705154418945,-0.00017660160665400326,0.03232337534427643,0.03232337534427643,1.0,-3.0,success
253,-1.210096836090088,-4.293241024017334,-0.00017661885067354888,0.03234237805008888,0.03234237805008888,1.0,3.0,success
254,-1.2099900245666504,-4.292211532592773,-0.00017661739548202604,0.03234429657459259,0.03234429657459259,1.0,3.0,success
255,-1.209886074066162,-4.291181564331055,-0.00017661444144323468,0.03235001862049103,0.03235001862049103,1.0,3.0,success
256,-1.2097834348678589,-4.290151596069336,-0.0001765983470249921,0.032345931977033615,0.032345931977033615,1.0,-3.0,success
257,-1.2096812725067139,-4.289122104644775,-0.00017659978766459972,0.03232962638139725,0.03232962638139725,1.0,-3.0,success
258,-1.2095764875411987,-4.288092613220215,-0.000176603120053187,0.032337822020053864,0.032337822020053864,1.0,-3.0,success
259,-1.209468960762024,-4.2870635986328125,-0.0001766089553711936,0.032331790775060654,0.032331790775060654,1.0,-3.0,success
260,-1.209360122680664,-4.28603458404541,-0.0001766277855494991,0.032336074858903885,0.032336074858903885,1.0,3.0,success
261,-1.2092506885528564,-4.28500509262085,-0.00017662742175161839,0.032352857291698456,0.032352857291698456,1.0,3.0,success
262,-1.209144115447998,-4.283975601196289,-0.00017662536993157119,0.03234352916479111,0.03234352916479111,1.0,3.0,success
263,-1.2090389728546143,-4.2829461097717285,-0.00017661004676483572,0.032338954508304596,0.032338954508304596,1.0,-3.0,success
264,-1.2089343070983887,-4.281916618347168,-0.00017661222955211997,0.03233744576573372,0.03233744204044342,1.0,-3.0,success
265,-1.2088268995285034,-4.280887603759766,-0.00017661615856923163,0.032331403344869614,0.032331403344869614,1.0,-3.0,success
266,-1.2087182998657227,-4.279858589172363,-0.00017663354810792953,0.03233529254794121,0.03233529254794121,1.0,3.0,success
267,-1.2086089849472046,-4.278829097747803,-0.00017663212202023715,0.03235246241092682,0.03235246241092682,1.0,3.0,success
268,-1.2085024118423462,-4.277799606323242,-0.00017662918253336102,0.03234352916479111,0.03234352916479111,1.0,3.0,success
269,-1.208398699760437,-4.276769638061523,-0.0001766240457072854,0.03234926983714104,0.03234926983714104,1.0,3.0,success
270,-1.208296298980713,-4.275739669799805,-0.00017660601588431746,0.03234519064426422,0.03234519064426422,1.0,-3.0,success
271,-1.2081942558288574,-4.274710178375244,-0.00017660579760558903,0.0323292575776577,0.0323292575776577,1.0,-3.0,success
272,-1.2080894708633423,-4.273680686950684,-0.00017660786397755146,0.032337822020053864,0.032337822020053864,1.0,-3.0,success
273,-1.207982063293457,-4.272651195526123,-0.00017661268066149205,0.032346226274967194,0.032346226274967194,1.0,-3.0,success
274,-1.2078733444213867,-4.271622657775879,-0.00017663079779595137,0.032320864498615265,0.032320864498615265,1.0,3.0,success
275,-1.2077640295028687,-4.270593166351318,-0.00017662988102529198,0.03235246241092682,0.03235246241092682,1.0,3.0,success
276,-1.2076574563980103,-4.269563674926758,-0.00017662734899204224,0.03234352916479111,0.03234352916479111,1.0,3.0,success
277,-1.2075523138046265,-4.268533706665039,-0.00017661160381976515,0.032353781163692474,0.032353777438402176,1.0,-3.0,success
278,-1.2074476480484009,-4.2675042152404785,-0.00017661345191299915,0.03233744576573372,0.03233744204044342,1.0,-3.0,success
279,-1.2073416709899902,-4.266475200653076,-0.00017662836762610823,0.032326795160770416,0.032326795160770416,1.0,3.0,success
280,-1.2072350978851318,-4.265445709228516,-0.00017662513710092753,0.03234352916479111,0.03234352916479111,1.0,3.0,success
281,-1.207131266593933,-4.264415740966797,-0.0001766207133186981,0.03234964609146118,0.03234964609146118,1.0,3.0,success
282,-1.2070287466049194,-4.263385772705078,-0.0001766033237800002,0.03234555944800377,0.03234555944800377,1.0,-3.0,success
283,-1.206926703453064,-4.262356281280518,-0.00017660368757788092,0.0323292575776577,0.0323292575776577,1.0,-3.0,success
284,-1.2068219184875488,-4.261326789855957,-0.0001766061905073002,0.032337822020053864,0.032337822020053864,1.0,-3.0,success
285,-1.2067158222198486,-4.2602972984313965,-0.00017662254686001688,0.03234199807047844,0.03234199807047844,1.0,3.0,success
286,-1.2066091299057007,-4.259267807006836,-0.00017662039317656308,0.03234391286969185,0.03234391286969185,1.0,3.0,success
287,-1.2065051794052124,-4.258237838745117,-0.0001766168570611626,0.03235001862049103,0.03235001862049103,1.0,3.0,success
288,-1.2064026594161987,-4.257207870483398,-0.00017660025332588702,0.03234555944800377,0.03234555944800377,1.0,-3.0,success
289,-1.2063006162643433,-4.256178379058838,-0.000176601271959953,0.0323292575776577,0.0323292575776577,1.0,-3.0,success
290,-1.2061957120895386,-4.255148887634277,-0.0001766042987583205,0.03233819827437401,0.03233819827437401,1.0,-3.0,success
291,-1.2060896158218384,-4.254119873046875,-0.00017662100435700268,0.03232717514038086,0.03232717141509056,1.0,3.0,success
292,-1.2059828042984009,-4.2530903816223145,-0.00017661914171185344,0.03234429657459259,0.03234429657459259,1.0,3.0,success
293,-1.2058789730072021,-4.252060413360596,-0.00017661585297901183,0.03234964609146118,0.03234964609146118,1.0,3.0,success
294,-1.205776333808899,-4.251030445098877,-0.00017659945297054946,0.032345931977033615,0.032345931977033615,1.0,-3.0,success
295,-1.2056742906570435,-4.250000953674316,-0.00017660063167568296,0.0323292575776577,0.0323292575776577,1.0,-3.0,success
296,-1.2055693864822388,-4.248971462249756,-0.00017660378944128752,0.03233819827437401,0.03233819827437401,1.0,-3.0,success
297,-1.2054632902145386,-4.247941970825195,-0.00017662059690337628,0.03234199807047844,0.03234199807047844,1.0,3.0,success
298,-1.205356478691101,-4.246912479400635,-0.0001766188070178032,0.03234429657459259,0.03234429657459259,1.0,3.0,success
299,-1.2052512168884277,-4.245882987976074,-0.00017660472076386213,0.03233933448791504,0.03233933448791504,1.0,-3.0,success
300,-1.2051464319229126,-4.244853496551514,-0.00017660802404861897,0.032337822020053864,0.032337822020053864,1.0,-3.0,success
301,-1.205040454864502,-4.243824005126953,-0.00017662401660345495,0.0323416143655777,0.0323416143655777,1.0,3.0,success
302,-1.204933762550354,-4.242794513702393,-0.0001766215864336118,0.03234391286969185,0.03234391286969185,1.0,3.0,success
303,-1.2048298120498657,-4.241764545440674,-0.0001766178320394829,0.03235001862049103,0.03235001862049103,1.0,3.0,success
304,-1.204727292060852,-4.240734577178955,-0.00017660103912930936,0.03234555944800377,0.03234555944800377,1.0,-3.0,success
305,-1.2046252489089966,-4.2397050857543945,-0.0001766018831403926,0.0323292575776577,0.0323292575776577,1.0,-3.0,success
306,-1.2045204639434814,-4.238675594329834,-0.00017660476441960782,0.032337822020053864,0.032337822020053864,1.0,-3.0,success
307,-1.2044142484664917,-4.237646579742432,-0.0001766213827067986,0.0323275588452816,0.0323275588452816,1.0,3.0,success
308,-1.2043075561523438,-4.236616611480713,-0.00017661944730207324,0.03235873207449913,0.03235873207449913,1.0,3.0,success
309,-1.2042036056518555,-4.235587120056152,-0.00017661610036157072,0.03233519196510315,0.03233519196510315,1.0,3.0,success
310,-1.2041010856628418,-4.234557151794434,-0.00017659965669736266,0.03234555944800377,0.03234555944800377,1.0,-3.0,success
311,-1.2039990425109863,-4.233527183532715,-0.00017660079174675047,0.03234408423304558,0.03234408423304558,1.0,-3.0,success
312,-1.2038955688476562,-4.232497692108154,-0.00017661522724665701,0.032333698123693466,0.032333698123693466,1.0,3.0,success
313,-1.2037914991378784,-4.231468200683594,-0.00017661174933891743,0.032335564494132996,0.032335564494132996,1.0,3.0,success
314,-1.2036902904510498,-4.230437755584717,-0.00017660712182987481,0.03235635533928871,0.03235635533928871,1.0,3.0,success
315,-1.2035917043685913,-4.229407787322998,-0.00017660073353908956,0.0323336161673069,0.0323336161673069,1.0,3.0,success
316,-1.2034945487976074,-4.228377342224121,-0.0001765816705301404,0.03234422206878662,0.03234422206878662,1.0,-3.0,success
317,-1.203397512435913,-4.227346897125244,-0.00017658037540968508,0.032343871891498566,0.032343871891498566,1.0,-3.0,success
318,-1.203297734260559,-4.226316928863525,-0.00017658158321864903,0.03233718499541283,0.03233718499541283,1.0,-3.0,success
319,-1.2031965255737305,-4.225287437438965,-0.0001765969063853845,0.03232669457793236,0.03232669457793236,1.0,3.0,success
320,-1.2030950784683228,-4.224257469177246,-0.00017659421428106725,0.03234225511550903,0.03234225511550903,1.0,3.0,success
321,-1.2029962539672852,-4.223227024078369,-0.00017659022705629468,0.03234915807843208,0.03234915807843208,1.0,3.0,success
322,-1.2028988599777222,-4.222196578979492,-0.00017657328862696886,0.03234492242336273,0.03234492242336273,1.0,-3.0,success
323,-1.2028017044067383,-4.221166610717773,-0.00017657378339208663,0.03232938423752785,0.03232938423752785,1.0,-3.0,success
324,-1.2027031183242798,-4.220136642456055,-0.00017658779688645154,0.0323336161673069,0.0323336161673069,1.0,3.0,success
325,-1.2026042938232422,-4.219106197357178,-0.00017658424621913582,0.03234915807843208,0.03234915807843208,1.0,3.0,success
326,-1.2025080919265747,-4.218075752258301,-0.00017657953139860183,0.03234143555164337,0.03234143555164337,1.0,3.0,success
327,-1.2024133205413818,-4.217044830322266,-0.0001765620254445821,0.03235214948654175,0.03235214948654175,1.0,-3.0,success
328,-1.2023186683654785,-4.216014862060547,-0.00017656190902926028,0.03232213482260704,0.03232213109731674,1.0,-3.0,success
329,-1.2022225856781006,-4.21498441696167,-0.00017657548596616834,0.03234109282493591,0.03234109282493591,1.0,3.0,success
330,-1.2021262645721436,-4.213953971862793,-0.00017657173157203943,0.03234178200364113,0.03234178200364113,1.0,3.0,success
331,-1.2020326852798462,-4.212923049926758,-0.00017656685668043792,0.03234875947237015,0.03234875947237015,1.0,3.0,success
332,-1.2019418478012085,-4.211892127990723,-0.0001765604829415679,0.0323411263525486,0.0323411263525486,1.0,3.0,success
333,-1.2018523216247559,-4.2108612060546875,-0.0001765415508998558,0.03233755752444267,0.03233755752444267,1.0,-3.0,success
334,-1.2017626762390137,-4.209830284118652,-0.00017653997929301113,0.03233787789940834,0.03233787789940834,1.0,-3.0,success
335,-1.2016702890396118,-4.208799839019775,-0.00017654096882324666,0.03233057260513306,0.03233057260513306,1.0,-3.0,success
336,-1.2015764713287354,-4.207769393920898,-0.00017655598639976233,0.032334599643945694,0.032334599643945694,1.0,3.0,success
337,-1.2014826536178589,-4.206738471984863,-0.00017655342526268214,0.03234943747520447,0.03234943747520447,1.0,3.0,success
338,-1.2013914585113525,-4.205707550048828,-0.00017654953990131617,0.03234210982918739,0.03234210982918739,1.0,3.0,success
339,-1.2013031244277954,-4.204676151275635,-0.00017654402472544461,0.032349202781915665,0.032349202781915665,1.0,3.0,success
340,-1.2012161016464233,-4.2036452293396,-0.00017652592214290053,0.03233088180422783,0.03233088180422783,1.0,-3.0,success
341,-1.2011288404464722,-4.202613830566406,-0.00017652490350883454,0.03234636038541794,0.03234636038541794,1.0,-3.0,success
342,-1.2010388374328613,-4.201583385467529,-0.00017652632959652692,0.03232400491833687,0.03232400491833687,1.0,-3.0,success
343,-1.2009475231170654,-4.200552463531494,-0.00017654156545177102,0.032342441380023956,0.03234243765473366,1.0,3.0,success
344,-1.20085608959198,-4.199521541595459,-0.00017653933900874108,0.03234276920557022,0.03234276920557022,1.0,3.0,success
345,-1.2007675170898438,-4.198490619659424,-0.000176535701029934,0.03233499452471733,0.03233499452471733,1.0,3.0,success
346,-1.2006816864013672,-4.1974592208862305,-0.00017653046234045178,0.03234262019395828,0.03234262019395828,1.0,3.0,success
347,-1.2005972862243652,-4.196427822113037,-0.0001765126799000427,0.032338947057724,0.032338947057724,1.0,-3.0,success
348,-1.200512409210205,-4.195396423339844,-0.00017651177768129855,0.032340165227651596,0.032340165227651596,1.0,-3.0,success
349,-1.2004262208938599,-4.194365501403809,-0.00017652481619734317,0.03232870250940323,0.03232870250940323,1.0,3.0,success
350,-1.2003401517868042,-4.193334102630615,-0.00017652117821853608,0.032343242317438126,0.03234323859214783,1.0,3.0,success
351,-1.2002568244934082,-4.192302227020264,-0.00017651639063842595,0.03235108032822609,0.03235108032822609,1.0,3.0,success
352,-1.2001762390136719,-4.19127082824707,-0.00017651035159360617,0.032329440116882324,0.032329440116882324,1.0,3.0,success
353,-1.2000969648361206,-4.190238952636719,-0.00017649191431701183,0.0323411300778389,0.0323411300778389,1.0,-3.0,success
354,-1.2000170946121216,-4.189207077026367,-0.0001764902553986758,0.032342564314603806,0.03234256058931351,1.0,-3.0,success
355,-1.199935793876648,-4.188175678253174,-0.00017650278459768742,0.0323311872780323,0.0323311872780323,1.0,3.0,success
356,-1.199854850769043,-4.187143802642822,-0.00017649895744398236,0.03234516829252243,0.03234516829252243,1.0,3.0,success
357,-1.1997767686843872,-4.186111927032471,-0.00017649403889663517,0.03233829885721207,0.03233829885721207,1.0,3.0,success
358,-1.199699878692627,-4.185080051422119,-0.00017647667846176773,0.03233551234006882,0.03233551234006882,1.0,-3.0,success
359,-1.199622392654419,-4.184048175811768,-0.00017647581989876926,0.03233690187335014,0.032336898148059845,1.0,-3.0,success
360,-1.1995435953140259,-4.183016300201416,-0.00017648888751864433,0.03233999386429787,0.03233999386429787,1.0,3.0,success
361,-1.1994651556015015,-4.1819844245910645,-0.00017648561333771795,0.03233914449810982,0.03233914449810982,1.0,3.0,success
362,-1.1993894577026367,-4.180952548980713,-0.00017648114589974284,0.03233276307582855,0.03233276307582855,1.0,3.0,success
363,-1.199315071105957,-4.179920196533203,-0.0001764642511261627,0.03234465420246124,0.03234465420246124,1.0,-3.0,success
364,-1.1992400884628296,-4.178888320922852,-0.00017646365449763834,0.032331135123968124,0.032331135123968124,1.0,-3.0,success
365,-1.199162244796753,-4.1778564453125,-0.0001764653279678896,0.032337736338377,0.032337736338377,1.0,-3.0,success
366,-1.1990832090377808,-4.176824569702148,-0.0001764804619597271,0.03234056010842323,0.03234056010842323,1.0,3.0,success
367,-1.1990045309066772,-4.175792694091797,-0.00017647873028181493,0.032339710742235184,0.032339710742235184,1.0,3.0,success
368,-1.198928713798523,-4.174760818481445,-0.0001764755288604647,0.03233303874731064,0.03233303874731064,1.0,3.0,success
369,-1.1988556385040283,-4.1737284660339355,-0.00017647100321482867,0.03234173730015755,0.03234173730015755,1.0,3.0,success
370,-1.1987838745117188,-4.172696113586426,-0.00017645412299316376,0.03233886882662773,0.03233886510133743,1.0,-3.0,success
371,-1.1987112760543823,-4.171663761138916,-0.00017645335174165666,0.03234068304300308,0.03234068304300308,1.0,-3.0,success
372,-1.1986360549926758,-4.1706318855285645,-0.00017645487969275564,0.0323316752910614,0.0323316752910614,1.0,-3.0,success
373,-1.1985594034194946,-4.169600009918213,-0.00017646982450969517,0.032334957271814346,0.032334957271814346,1.0,3.0,success
374,-1.1984832286834717,-4.168568134307861,-0.00017646810738369823,0.032333854585886,0.032333854585886,1.0,3.0,success
375,-1.1984100341796875,-4.167535781860352,-0.0001764649205142632,0.03234199807047844,0.03234199807047844,1.0,3.0,success
376,-1.1983394622802734,-4.166503429412842,-0.00017646046762820333,0.03233630582690239,0.03233630582690239,1.0,3.0,success
377,-1.198270320892334,-4.165470600128174,-0.00017644370382186025,0.0323481522500515,0.0323481522500515,1.0,-3.0,success
378,-1.1982002258300781,-4.164438247680664,-0.00017644291801843792,0.03233529254794121,0.03233529254794121,1.0,-3.0,success
379,-1.1981273889541626,-4.1634063720703125,-0.00017644441686570644,0.0323263444006443,0.0323263444006443,1.0,-3.0,success
380,-1.1980531215667725,-4.162374019622803,-0.0001764592743711546,0.032344382256269455,0.032344382256269455,1.0,3.0,success
381,-1.1979796886444092,-4.161342144012451,-0.00017645760090090334,0.03232765942811966,0.03232765942811966,1.0,3.0,success
382,-1.197908878326416,-4.160309314727783,-0.00017645447223912925,0.03235168009996414,0.03235167637467384,1.0,3.0,success
383,-1.197839617729187,-4.159276962280273,-0.00017643894534558058,0.032333534210920334,0.032333534210920334,1.0,-3.0,success
384,-1.1977694034576416,-4.158244609832764,-0.0001764392072800547,0.032335542142391205,0.032335542142391205,1.0,-3.0,success
385,-1.1976977586746216,-4.157212257385254,-0.00017645298794377595,0.03233860805630684,0.03233860805630684,1.0,3.0,success
386,-1.1976269483566284,-4.156179904937744,-0.00017645064508542418,0.03233681246638298,0.03233681246638298,1.0,3.0,success
387,-1.197558879852295,-4.155147552490234,-0.00017644699255470186,0.032331060618162155,0.032331060618162155,1.0,3.0,success
388,-1.1974921226501465,-4.154114723205566,-0.00017643102910369635,0.032343264669179916,0.032343264669179916,1.0,-3.0,success
389,-1.1974244117736816,-4.153082370758057,-0.0001764307962730527,0.03233033046126366,0.03233033046126366,1.0,-3.0,success
390,-1.1973539590835571,-4.152050018310547,-0.00017643271712586284,0.032336048781871796,0.032336048781871796,1.0,-3.0,success
391,-1.1972821950912476,-4.151017665863037,-0.00017644779291003942,0.03233886882662773,0.03233886510133743,1.0,3.0,success
392,-1.1972111463546753,-4.149985313415527,-0.00017644638137426227,0.03233732283115387,0.03233732283115387,1.0,3.0,success
393,-1.1971429586410522,-4.148952960968018,-0.00017644350009504706,0.03233131021261215,0.03233131021261215,1.0,3.0,success
394,-1.1970776319503784,-4.14792013168335,-0.00017643942555878311,0.032340411096811295,0.032340411096811295,1.0,3.0,success
395,-1.1970134973526,-4.146887302398682,-0.00017642312741372734,0.032338082790374756,0.03233807906508446,1.0,-3.0,success
396,-1.1969482898712158,-4.145854473114014,-0.00017642250168137252,0.03234017640352249,0.03234017640352249,1.0,-3.0,success
397,-1.1968803405761719,-4.144822120666504,-0.0001764240732882172,0.032330818474292755,0.032330818474292755,1.0,-3.0,success
398,-1.1968110799789429,-4.143789768218994,-0.00017643884348217398,0.032333534210920334,0.032333534210920334,1.0,3.0,success
399,-1.1967426538467407,-4.142756938934326,-0.000176437315531075,0.03234666958451271,0.03234666958451271,1.0,3.0,success
400,-1.1966769695281982,-4.141724109649658,-0.00017643436149228364,0.032341118901968,0.032341118901968,1.0,3.0,success
401,-1.19661283493042,-4.14069128036499,-0.00017641909653320909,0.032338082790374756,0.03233807906508446,1.0,-3.0,success
402,-1.196547508239746,-4.1396589279174805,-0.0001764193584676832,0.032325539737939835,0.032325539737939835,1.0,-3.0,success
403,-1.1964807510375977,-4.1386260986328125,-0.00017643309547565877,0.032343264669179916,0.032343264669179916,1.0,3.0,success
404,-1.1964150667190552,-4.137593746185303,-0.00017643094179220498,0.032326243817806244,0.032326243817806244,1.0,3.0,success
405,-1.1963506937026978,-4.136560916900635,-0.00017641637532506138,0.03233854100108147,0.03233854100108147,1.0,-3.0,success
406,-1.1962852478027344,-4.135528087615967,-0.00017641723388805985,0.0323406457901001,0.0323406457901001,1.0,-3.0,success
407,-1.196218490600586,-4.134495735168457,-0.00017643137834966183,0.032328393310308456,0.032328393310308456,1.0,3.0,success
408,-1.196152687072754,-4.133462905883789,-0.00017642953025642782,0.032341353595256805,0.032341353595256805,1.0,3.0,success
409,-1.196089744567871,-4.132430076599121,-0.00017642632883507758,0.0323357954621315,0.0323357954621315,1.0,3.0,success
410,-1.1960294246673584,-4.131396770477295,-0.00017642210877966136,0.032345786690711975,0.03234578296542168,1.0,3.0,success
411,-1.1959705352783203,-4.130363941192627,-0.00017640579608269036,0.03232833743095398,0.03232833370566368,1.0,-3.0,success
412,-1.1959103345870972,-4.129330635070801,-0.00017640492296777666,0.032345570623874664,0.032345570623874664,1.0,-3.0,success
413,-1.1958472728729248,-4.128297805786133,-0.00017640626174397767,0.03233601897954941,0.03233601897954941,1.0,-3.0,success
414,-1.1957828998565674,-4.127265453338623,-0.0001764207408996299,0.03232366964221001,0.03232366964221001,1.0,3.0,success
415,-1.195719599723816,-4.126232624053955,-0.00017641919839661568,0.03233647346496582,0.03233647346496582,1.0,3.0,success
416,-1.1956591606140137,-4.125199317932129,-0.00017641625890973955,0.032346002757549286,0.032346002757549286,1.0,3.0,success
417,-1.1956000328063965,-4.124166488647461,-0.00017640113946981728,0.032328758388757706,0.032328758388757706,1.0,-3.0,success
418,-1.1955395936965942,-4.123133182525635,-0.0001764012995408848,0.032346002757549286,0.032346002757549286,1.0,-3.0,success
419,-1.1954765319824219,-4.122100353240967,-0.00017640343867242336,0.03233601897954941,0.03233601897954941,1.0,-3.0,success
420,-1.195412039756775,-4.121068000793457,-0.00017641845624893904,0.03232390061020851,0.03232390061020851,1.0,3.0,success
421,-1.1953487396240234,-4.120035171508789,-0.00017641732119955122,0.03233647346496582,0.03233647346496582,1.0,3.0,success
422,-1.1952881813049316,-4.119001865386963,-0.00017641471640672535,0.032346222549676895,0.032346222549676895,1.0,3.0,success
423,-1.1952303647994995,-4.117968559265137,-0.00017641107842791826,0.03234132006764412,0.03234132006764412,1.0,3.0,success
424,-1.195173978805542,-4.116935729980469,-0.00017639536235947162,0.03232397511601448,0.03232397511601448,1.0,-3.0,success
425,-1.1951160430908203,-4.115902423858643,-0.0001763948966981843,0.03234153240919113,0.03234152868390083,1.0,-3.0,success
426,-1.1950554847717285,-4.114869594573975,-0.00017639649740885943,0.03233134374022484,0.03233134374022484,1.0,-3.0,success
427,-1.194993495941162,-4.113836765289307,-0.00017641109297983348,0.032333992421627045,0.032333992421627045,1.0,3.0,success
428,-1.1949328184127808,-4.1128034591674805,-0.00017640973965171725,0.032346438616514206,0.032346438616514206,1.0,3.0,success
429,-1.194874882698059,-4.1117706298828125,-0.00017640698933973908,0.032326653599739075,0.032326653599739075,1.0,3.0,success
430,-1.1948182582855225,-4.110737323760986,-0.00017639210273046046,0.03233925998210907,0.03233925998210907,1.0,-3.0,success
431,-1.1947603225708008,-4.10970401763916,-0.00017639236466493458,0.03234153240919113,0.03234152868390083,1.0,-3.0,success
432,-1.1946996450424194,-4.108671188354492,-0.0001763945329003036,0.03233156353235245,0.03233156353235245,1.0,-3.0,success
433,-1.194637656211853,-4.107638359069824,-0.00017640949226915836,0.032333992421627045,0.032333992421627045,1.0,3.0,success
434,-1.1945768594741821,-4.106605529785156,-0.00017640841542743146,0.032331787049770355,0.03233178332448006,1.0,3.0,success
435,-1.194518804550171,-4.10557222366333,-0.00017640589794609696,0.032341741025447845,0.032341741025447845,1.0,3.0,success
436,-1.1944622993469238,-4.104538917541504,-0.00017639125871937722,0.03233905881643295,0.03233905881643295,1.0,-3.0,success
437,-1.1944042444229126,-4.103506088256836,-0.0001763917098287493,0.03232685849070549,0.03232685849070549,1.0,-3.0,success
438,-1.1943435668945312,-4.10247278213501,-0.0001763940235832706,0.032346438616514206,0.032346438616514206,1.0,-3.0,success
439,-1.1942814588546753,-4.101439952850342,-0.00017640907026361674,0.03233421593904495,0.03233421593904495,1.0,3.0,success
440,-1.1942206621170044,-4.100407123565674,-0.00017640806618146598,0.032331787049770355,0.03233178332448006,1.0,3.0,success
441,-1.1941627264022827,-4.099373817443848,-0.0001764056069077924,0.03234153240919113,0.03234152868390083,1.0,3.0,success
442,-1.194106101989746,-4.0983405113220215,-0.0001763910404406488,0.03233925998210907,0.03233925998210907,1.0,-3.0,success
443,-1.1940481662750244,-4.0973076820373535,-0.00017639153520576656,0.032326653599739075,0.032326653599739075,1.0,-3.0,success
444,-1.1939873695373535,-4.0962748527526855,-0.00017639389261603355,0.032331787049770355,0.03233178332448006,1.0,-3.0,success
445,-1.193925380706787,-4.095242023468018,-0.00017640895384829491,0.032333992421627045,0.032333992421627045,1.0,3.0,success
446,-1.1938645839691162,-4.094208717346191,-0.0001764079788699746,0.032346662133932114,0.032346658408641815,1.0,3.0,success
447,-1.19380521774292,-4.093175888061523,-0.00017639459110796452,0.03232918679714203,0.03232918679714203,1.0,-3.0,success
448,-1.1937445402145386,-4.092142581939697,-0.0001763962209224701,0.032346438616514206,0.032346438616514206,1.0,-3.0,success
449,-1.193681240081787,-4.0911102294921875,-0.00017639949510339648,0.03232160210609436,0.03232160210609436,1.0,-3.0,success
450,-1.1936166286468506,-4.0900774002075195,-0.0001764152111718431,0.032339006662368774,0.032339006662368774,1.0,3.0,success
451,-1.1935532093048096,-4.089044570922852,-0.00017641462909523398,0.032336704432964325,0.032336704432964325,1.0,3.0,success
452,-1.1934926509857178,-4.088011264801025,-0.00017641251906752586,0.032346222549676895,0.032346222549676895,1.0,3.0,success
453,-1.193434715270996,-4.086978435516357,-0.0001764092594385147,0.032326653599739075,0.032326653599739075,1.0,3.0,success
454,-1.1933796405792236,-4.085945129394531,-0.0001764051557984203,0.03233664855360985,0.03233664482831955,1.0,3.0,success
455,-1.1933258771896362,-4.084911346435547,-0.00017638907593209296,0.032349374145269394,0.032349374145269394,1.0,-3.0,success
456,-1.1932705640792847,-4.083878517150879,-0.00017638814460951835,0.03232216835021973,0.03232216835021973,1.0,-3.0,success
457,-1.1932125091552734,-4.082845211029053,-0.00017638938152231276,0.032341741025447845,0.032341741025447845,1.0,-3.0,success
458,-1.1931517124176025,-4.081812381744385,-0.00017639223369769752,0.032331787049770355,0.03233178332448006,1.0,-3.0,success
459,-1.1930896043777466,-4.080779552459717,-0.00017640764417592436,0.03233421593904495,0.03233421593904495,1.0,3.0,success
460,-1.1930286884307861,-4.079746246337891,-0.00017640688747633249,0.032346874475479126,0.032346874475479126,1.0,3.0,success
461,-1.192970633506775,-4.078713417053223,-0.0001764046319294721,0.03232685849070549,0.03232685849070549,1.0,3.0,success
462,-1.1929140090942383,-4.0776801109313965,-0.00017639025463722646,0.03233925998210907,0.03233925998210907,1.0,-3.0,success
463,-1.1928560733795166,-4.07664680480957,-0.00017639092402532697,0.03234153240919113,0.03234152868390083,1.0,-3.0,success
464,-1.1927952766418457,-4.075613975524902,-0.00017639342695474625,0.032331787049770355,0.03233178332448006,1.0,-3.0,success
465,-1.1927332878112793,-4.074581146240234,-0.00017640857549849898,0.032333992421627045,0.032333992421627045,1.0,3.0,success
466,-1.1926723718643188,-4.073548316955566,-0.0001764076587278396,0.032332003116607666,0.032332003116607666,1.0,3.0,success
467,-1.1926144361495972,-4.07251501083374,-0.00017640527221374214,0.03234153240919113,0.03234152868390083,1.0,3.0,success
468,-1.1925591230392456,-4.071481704711914,-0.0001764018670655787,0.03233704715967178,0.03233704715967178,1.0,3.0,success
469,-1.1925052404403687,-4.070448398590088,-0.00017638645658735186,0.03233468905091286,0.03233468905091286,1.0,-3.0,success
470,-1.192449927330017,-4.069415092468262,-0.0001763861218933016,0.03233704715967178,0.03233704715967178,1.0,-3.0,success
471,-1.1923917531967163,-4.0683817863464355,-0.0001763878099154681,0.03234194964170456,0.03234194964170456,1.0,-3.0,success
472,-1.1923322677612305,-4.067348957061768,-0.00017640236183069646,0.03232939913868904,0.03232939913868904,1.0,3.0,success
473,-1.1922739744186401,-4.066315650939941,-0.0001764010958140716,0.03234215825796127,0.03234215825796127,1.0,3.0,success
474,-1.1922186613082886,-4.065282344818115,-0.0001763984328135848,0.03233704715967178,0.03233704715967178,1.0,3.0,success
475,-1.192164659500122,-4.064249038696289,-0.0001763837062753737,0.03233488276600838,0.03233488276600838,1.0,-3.0,success
476,-1.1921091079711914,-4.063216209411621,-0.00017638399731367826,0.03232256695628166,0.032322563230991364,1.0,-3.0,success
477,-1.1920509338378906,-4.062182903289795,-0.00017638615099713206,0.03234194964170456,0.03234194964170456,1.0,-3.0,success
478,-1.1919913291931152,-4.061150074005127,-0.00017640102305449545,0.03232961520552635,0.03232961520552635,1.0,3.0,success
479,-1.1919331550598145,-4.060116767883301,-0.00017639998986851424,0.03234194964170456,0.03234194964170456,1.0,3.0,success
480,-1.1918777227401733,-4.059083461761475,-0.00017639753059484065,0.0323372446000576,0.0323372446000576,1.0,3.0,success
481,-1.1918236017227173,-4.058050155639648,-0.00017638300778344274,0.0323350764811039,0.0323350727558136,1.0,-3.0,success
482,-1.1917681694030762,-4.057016849517822,-0.0001763834443408996,0.0323372446000576,0.0323372446000576,1.0,-3.0,success
483,-1.191711187362671,-4.055983543395996,-0.00017639716679695994,0.032339878380298615,0.032339878380298615,1.0,3.0,success
484,-1.1916556358337402,-4.054950714111328,-0.00017639542056713253,0.03232256695628166,0.032322563230991364,1.0,3.0,success
485,-1.1916029453277588,-4.053916931152344,-0.00017639240832068026,0.032347649335861206,0.032347649335861206,1.0,3.0,success
486,-1.1915515661239624,-4.052883625030518,-0.00017637739074416459,0.0323307104408741,0.0323307104408741,1.0,-3.0,success
487,-1.1914985179901123,-4.051850318908691,-0.00017637731798458844,0.032333340495824814,0.032333340495824814,1.0,-3.0,success
488,-1.191442847251892,-4.050817012786865,-0.00017637916607782245,0.032337646931409836,0.032337646931409836,1.0,-3.0,success
489,-1.1913857460021973,-4.049783706665039,-0.00017639377620071173,0.03234007954597473,0.03234007954597473,1.0,3.0,success
490,-1.191330075263977,-4.048750400543213,-0.00017639262659940869,0.032337646931409836,0.032337646931409836,1.0,3.0,success
491,-1.191277265548706,-4.047717094421387,-0.00017639009456615895,0.03233295679092407,0.03233295679092407,1.0,3.0,success
492,-1.1912257671356201,-4.0466837882995605,-0.0001763755572028458,0.032330892980098724,0.032330892980098724,1.0,-3.0,success
493,-1.19117271900177,-4.045650482177734,-0.00017637589189689606,0.032333340495824814,0.032333340495824814,1.0,-3.0,success
494,-1.1911169290542603,-4.044617176055908,-0.0001763780601322651,0.03233784809708595,0.03233784809708595,1.0,-3.0,success
495,-1.1910585165023804,-4.043583869934082,-0.00017638156714383513,0.03234236687421799,0.03234236687421799,1.0,-3.0,success
496,-1.1909987926483154,-4.042551040649414,-0.00017639732686802745,0.032329827547073364,0.032329827547073364,1.0,3.0,success
497,-1.1909403800964355,-4.041517734527588,-0.00017639691941440105,0.03234236687421799,0.03234236687421799,1.0,3.0,success
498,-1.1908848285675049,-4.040484428405762,-0.0001763949985615909,0.03233744576573372,0.03233744204044342,1.0,3.0,success
499,-1.1908320188522339,-4.0394511222839355,-0.00017639205907471478,0.03233295679092407,0.03233295679092407,1.0,3.0,success
500,-1.190780758857727,-4.038417816162109,-0.00017637715791352093,0.03233052417635918,0.03233052417635918,1.0,-3.0,success
501,-1.190727710723877,-4.037384510040283,-0.00017637712880969048,0.032333340495824814,0.032333340495824814,1.0,-3.0,success
502,-1.1906719207763672,-4.036351203918457,-0.00017637900600675493,0.03233784809708595,0.03233784809708595,1.0,-3.0,success
503,-1.1906135082244873,-4.035317897796631,-0.00017638229473959655,0.03234236687421799,0.03234236687421799,1.0,-3.0,success
504,-1.1905537843704224,-4.034285068511963,-0.00017639790894463658,0.032329827547073364,0.032329827547073364,1.0,3.0,success
505,-1.190495491027832,-4.033251762390137,-0.00017639741417951882,0.03234215825796127,0.03234215825796127,1.0,3.0,success
506,-1.1904399394989014,-4.0322184562683105,-0.0001763954060152173,0.03233744576573372,0.03233744204044342,1.0,3.0,success
507,-1.1903859376907349,-4.031185150146484,-0.0001763813488651067,0.03233488276600838,0.03233488276600838,1.0,-3.0,success
508,-1.1903302669525146,-4.030152320861816,-0.00017638214922044426,0.03232276812195778,0.03232276812195778,1.0,-3.0,success
509,-1.1902719736099243,-4.02911901473999,-0.00017638472490943968,0.03234215825796127,0.03234215825796127,1.0,-3.0,success
510,-1.190212368965149,-4.028086185455322,-0.00017639982979744673,0.03232961520552635,0.03232961520552635,1.0,3.0,success
511,-1.1901540756225586,-4.027052879333496,-0.0001763990003382787,0.03234215825796127,0.03234215825796127,1.0,3.0,success
512,-1.1900986433029175,-4.02601957321167,-0.00017639673023950309,0.0323372446000576,0.0323372446000576,1.0,3.0,success
513,-1.190044641494751,-4.024986267089844,-0.00017638239660300314,0.03233488276600838,0.03233488276600838,1.0,-3.0,success
514,-1.1899890899658203,-4.023952960968018,-0.00017638296412769705,0.03233744576573372,0.03233744204044342,1.0,-3.0,success
515,-1.18993079662323,-4.02292013168335,-0.0001763853506417945,0.032327283173799515,0.032327283173799515,1.0,-3.0,success
516,-1.1898698806762695,-4.021886825561523,-0.0001763890904840082,0.032346874475479126,0.032346874475479126,1.0,-3.0,success
517,-1.189807653427124,-4.0208539962768555,-0.00017640506848692894,0.03233444318175316,0.03233444318175316,1.0,3.0,success
518,-1.1897467374801636,-4.0198211669921875,-0.00017640476289670914,0.032332003116607666,0.032332003116607666,1.0,3.0,success
519,-1.1896872520446777,-4.018787860870361,-0.00017639205907471478,0.0323442779481411,0.0323442779481411,1.0,-3.0,success
520,-1.1896265745162964,-4.017755031585693,-0.00017639424186199903,0.03233156353235245,0.03233156353235245,1.0,-3.0,success
521,-1.1895631551742554,-4.016722202301025,-0.00017639795260038227,0.032336704432964325,0.032336704432964325,1.0,-3.0,success
522,-1.1894971132278442,-4.015689849853516,-0.00017640285659581423,0.03232695907354355,0.03232695907354355,1.0,-3.0,success
523,-1.1894285678863525,-4.014657497406006,-0.00017640877922531217,0.03233204782009125,0.03233204782009125,1.0,-3.0,success
524,-1.1893588304519653,-4.013625144958496,-0.00017642635793890804,0.03233453631401062,0.03233453631401062,1.0,3.0,success
525,-1.18928861618042,-4.012592315673828,-0.00017641662270762026,0.032350413501262665,0.032350413501262665,1.0,-3.0,success
526,-1.1892178058624268,-4.011559963226318,-0.00017642178863752633,0.03233681246638298,0.03233681246638298,1.0,-3.0,success
527,-1.189144253730774,-4.010528087615967,-0.0001764279295457527,0.03232792764902115,0.03232792764902115,1.0,-3.0,success
528,-1.1890696287155151,-4.009496212005615,-0.00017644577019382268,0.03233032673597336,0.03233032673597336,1.0,3.0,success
529,-1.1889957189559937,-4.0084638595581055,-0.00017644648323766887,0.03234358876943588,0.03234358876943588,1.0,3.0,success
530,-1.1889246702194214,-4.007431507110596,-0.00017644534818828106,0.03233732283115387,0.03233732283115387,1.0,3.0,success
531,-1.1888564825057983,-4.006398677825928,-0.0001764426560839638,0.032346177846193314,0.032346177846193314,1.0,3.0,success
532,-1.18878972530365,-4.005366325378418,-0.00017642774037085474,0.032328393310308456,0.032328393310308456,1.0,-3.0,success
533,-1.1887218952178955,-4.00433349609375,-0.00017642822058405727,0.03234544396400452,0.03234544396400452,1.0,-3.0,success
534,-1.188651442527771,-4.00330114364624,-0.0001764306944096461,0.032336048781871796,0.032336048781871796,1.0,-3.0,success
535,-1.1885795593261719,-4.002269268035889,-0.0001764460321282968,0.032324258238077164,0.032324258238077164,1.0,3.0,success
536,-1.1885085105895996,-4.001236915588379,-0.00017644494073465466,0.03233732283115387,0.03233732283115387,1.0,3.0,success
537,-1.1884403228759766,-4.000204086303711,-0.00017644232138991356,0.032346177846193314,0.032346177846193314,1.0,3.0,success
538,-1.1883735656738281,-3.999171495437622,-0.00017642737657297403,0.032335828989744186,0.032335828989744186,1.0,-3.0,success
539,-1.1883057355880737,-3.998138904571533,-0.00017642794409766793,0.03233800828456879,0.03233800828456879,1.0,-3.0,success
540,-1.1882352828979492,-3.9971065521240234,-0.00017643046157900244,0.032336048781871796,0.032336048781871796,1.0,-3.0,success
541,-1.188162088394165,-3.9960744380950928,-0.00017643468163441867,0.03233456611633301,0.03233456611633301,1.0,-3.0,success
542,-1.1880875825881958,-3.995042562484741,-0.00017645134357735515,0.03233005851507187,0.03233005851507187,1.0,3.0,success
543,-1.1880139112472534,-3.9940102100372314,-0.00017645108164288104,0.0323430560529232,0.032343052327632904,1.0,3.0,success
544,-1.1879416704177856,-3.9929778575897217,-0.00017643831961322576,0.032339904457330704,0.032339900732040405,1.0,-3.0,success
545,-1.1878687143325806,-3.991945743560791,-0.00017644099716562778,0.032334037125110626,0.032334037125110626,1.0,-3.0,success
546,-1.1877931356430054,-3.9909138679504395,-0.00017644520266912878,0.032332491129636765,0.032332491129636765,1.0,-3.0,success
547,-1.1877148151397705,-3.989881992340088,-0.00017645087791606784,0.032338861376047134,0.032338861376047134,1.0,-3.0,success
548,-1.187633991241455,-3.9888503551483154,-0.00017645776097197086,0.03233744949102402,0.03233744576573372,1.0,-3.0,success
549,-1.187550663948059,-3.987819194793701,-0.00017646564811002463,0.03232879936695099,0.03232879936695099,1.0,-3.0,success
550,-1.187464714050293,-3.986787796020508,-0.00017647442291490734,0.032342929393053055,0.032342929393053055,1.0,-3.0,success
551,-1.1873775720596313,-3.9857568740844727,-0.00017649453366175294,0.0323311947286129,0.0323311947286129,1.0,3.0,success
552,-1.1872907876968384,-3.9847254753112793,-0.0001764964108588174,0.032345108687877655,0.032345108687877655,1.0,3.0,success
553,-1.1872069835662842,-3.983694076538086,-0.00017649617802817374,0.032337430864572525,0.032337430864572525,1.0,3.0,success
554,-1.1871246099472046,-3.9826624393463135,-0.00017648316861595958,0.03234126791357994,0.03234126791357994,1.0,-3.0,success
555,-1.1870418787002563,-3.98163104057312,-0.00017648596258368343,0.03233473375439644,0.03233473375439644,1.0,-3.0,success
556,-1.186957836151123,-3.9805996417999268,-0.00017650143126957119,0.032338034361600876,0.032338034361600876,1.0,3.0,success
557,-1.1868740320205688,-3.9795682430267334,-0.0001764999469742179,0.032337430864572525,0.032337430864572525,1.0,3.0,success
558,-1.1867930889129639,-3.978536367416382,-0.00017649694927968085,0.03234516829252243,0.03234516829252243,1.0,3.0,success
559,-1.1867135763168335,-3.9775047302246094,-0.00017648139328230172,0.03233427554368973,0.03233427554368973,1.0,-3.0,success
560,-1.186633586883545,-3.976473093032837,-0.00017648197535891086,0.032335422933101654,0.032335422933101654,1.0,-3.0,success
561,-1.1865507364273071,-3.9754416942596436,-0.00017648462380748242,0.032335031777620316,0.032335031777620316,1.0,-3.0,success
562,-1.1864666938781738,-3.97441029548645,-0.00017650045629125088,0.032338034361600876,0.032338034361600876,1.0,3.0,success
563,-1.1863828897476196,-3.973378896713257,-0.00017649914661888033,0.032337430864572525,0.032337430864572525,1.0,3.0,success
564,-1.1863019466400146,-3.9723470211029053,-0.00017649627989158034,0.03234516829252243,0.03234516829252243,1.0,3.0,success
565,-1.1862237453460693,-3.9713151454925537,-0.00017649188521318138,0.03233858197927475,0.03233858197927475,1.0,3.0,success
566,-1.1861469745635986,-3.970283031463623,-0.00017647504864726216,0.032342664897441864,0.032342664897441864,1.0,-3.0,success
567,-1.1860694885253906,-3.9692513942718506,-0.00017647449567448348,0.03232946991920471,0.03232946991920471,1.0,-3.0,success
568,-1.185989260673523,-3.968219757080078,-0.00017647624190431088,0.03233599662780762,0.03233599662780762,1.0,-3.0,success
569,-1.1859077215194702,-3.9671881198883057,-0.0001764914341038093,0.03233920410275459,0.03233920410275459,1.0,3.0,success
570,-1.185825228691101,-3.966156482696533,-0.000176478861249052,0.03234156593680382,0.03234156593680382,1.0,-3.0,success
571,-1.1857436895370483,-3.96512508392334,-0.00017649387882556766,0.03233177587389946,0.03233177587389946,1.0,3.0,success
572,-1.1856611967086792,-3.9640934467315674,-0.00017648085486143827,0.03234156593680382,0.03234156593680382,1.0,-3.0,success
573,-1.185578465461731,-3.963062047958374,-0.00017648414359427989,0.03233473375439644,0.03233473375439644,1.0,-3.0,success
574,-1.185492992401123,-3.9620308876037598,-0.00017648893117439002,0.03233427181839943,0.03233427181839943,1.0,-3.0,success
575,-1.185404896736145,-3.9609997272491455,-0.00017649531946517527,0.03234114125370979,0.03234114125370979,1.0,-3.0,success
576,-1.1853142976760864,-3.9599690437316895,-0.00017650306108407676,0.032333049923181534,0.032333049923181534,1.0,-3.0,success
577,-1.1852210760116577,-3.9589385986328125,-0.00017651192320045084,0.03233291208744049,0.03233291208744049,1.0,-3.0,success
578,-1.1851253509521484,-3.9579081535339355,-0.00017652174574322999,0.03234005346894264,0.03234005346894264,1.0,-3.0,success
579,-1.1850284337997437,-3.9568779468536377,-0.00017654296243563294,0.03233610466122627,0.03233610466122627,1.0,3.0,success
580,-1.1849315166473389,-3.9558475017547607,-0.00017654518887866288,0.03234352171421051,0.03234352171421051,1.0,3.0,success
581,-1.1848374605178833,-3.9548168182373047,-0.00017654523253440857,0.03234269097447395,0.03234269097447395,1.0,3.0,success
582,-1.1847448348999023,-3.9537861347198486,-0.00017653219401836395,0.03233866021037102,0.03233866021037102,1.0,-3.0,success
583,-1.184652328491211,-3.9527554512023926,-0.00017653548275120556,0.032338324934244156,0.032338324934244156,1.0,-3.0,success
584,-1.1845571994781494,-3.9517252445220947,-0.0001765402703313157,0.032330919057130814,0.032330915331840515,1.0,-3.0,success
585,-1.1844606399536133,-3.9506947994232178,-0.00017655787814874202,0.03234247863292694,0.03234247863292694,1.0,3.0,success
586,-1.1843640804290771,-3.949664354324341,-0.00017655738338362426,0.03234247863292694,0.03234247863292694,1.0,3.0,success
587,-1.1842702627182007,-3.9486336708068848,-0.00017655517149250954,0.03234201669692993,0.03234201669692993,1.0,3.0,success
588,-1.1841791868209839,-3.9476027488708496,-0.00017655098054092377,0.03234178200364113,0.03234178200364113,1.0,3.0,success
589,-1.1840895414352417,-3.9465715885162354,-0.00017653410031925887,0.032345302402973175,0.032345302402973175,1.0,-3.0,success
590,-1.18399977684021,-3.9455409049987793,-0.00017653408576734364,0.03233077749609947,0.03233077749609947,1.0,-3.0,success
591,-1.183907389640808,-3.9445102214813232,-0.00017653628310654312,0.03233799338340759,0.03233799338340759,1.0,-3.0,success
592,-1.1838135719299316,-3.9434797763824463,-0.00017655208648648113,0.032334599643945694,0.032334599643945694,1.0,3.0,success
593,-1.1837196350097656,-3.9424490928649902,-0.00017655023839324713,0.03234235569834709,0.03234235569834709,1.0,3.0,success
594,-1.1836284399032593,-3.941418170928955,-0.00017654692055657506,0.03234210982918739,0.03234210982918739,1.0,3.0,success
595,-1.1835401058197021,-3.940387010574341,-0.00017654188559390604,0.03234177827835083,0.03234177827835083,1.0,3.0,success
596,-1.18345308303833,-3.9393556118011475,-0.00017652423412073404,0.0323457345366478,0.0323457308113575,1.0,-3.0,success
597,-1.183365821838379,-3.9383246898651123,-0.00017652353562880307,0.03233151137828827,0.03233151137828827,1.0,-3.0,success
598,-1.183275818824768,-3.937293767929077,-0.00017652520909905434,0.03233885020017624,0.03233885020017624,1.0,-3.0,success
599,-1.1831845045089722,-3.936263084411621,-0.00017654060502536595,0.03233502060174942,0.03233501687645912,1.0,3.0,success
600,-1.1830931901931763,-3.935232162475586,-0.0001765385241014883,0.032342441380023956,0.03234243765473366,1.0,3.0,success
601,-1.18300461769104,-3.9342010021209717,-0.00017653501708991826,0.03234241530299187,0.03234241530299187,1.0,3.0,success
602,-1.1829187870025635,-3.9331696033477783,-0.00017652988026384264,0.03234262019395828,0.03234262019395828,1.0,3.0,success
603,-1.1828343868255615,-3.932138204574585,-0.00017651219968684018,0.032338947057724,0.032338947057724,1.0,-3.0,success
604,-1.182749629020691,-3.9311070442199707,-0.00017651137022767216,0.03233243152499199,0.03233243152499199,1.0,-3.0,success
605,-1.182662010192871,-3.9300758838653564,-0.0001765129272826016,0.032339878380298615,0.032339878380298615,1.0,-3.0,success
606,-1.1825717687606812,-3.9290452003479004,-0.00017651687085162848,0.032332077622413635,0.032332077622413635,1.0,-3.0,success
607,-1.182478904724121,-3.9280145168304443,-0.00017652276437729597,0.03233932703733444,0.03233932703733444,1.0,-3.0,success
608,-1.1823835372924805,-3.9269843101501465,-0.0001765302731655538,0.03233160451054573,0.03233160451054573,1.0,-3.0,success
609,-1.1822854280471802,-3.9259541034698486,-0.00017653910617809743,0.032339613884687424,0.032339613884687424,1.0,-3.0,success
610,-1.1821849346160889,-3.924924373626709,-0.00017654905968811363,0.032331932336091995,0.032331932336091995,1.0,-3.0,success
611,-1.1820818185806274,-3.9238946437835693,-0.00017655995907261968,0.032339997589588165,0.032339997589588165,1.0,-3.0,success
612,-1.1819775104522705,-3.922865152359009,-0.0001765821798471734,0.032336313277482986,0.032336313277482986,1.0,3.0,success
613,-1.1818729639053345,-3.921835422515869,-0.0001765847991919145,0.032344479113817215,0.032344479113817215,1.0,3.0,success
614,-1.1817712783813477,-3.9208054542541504,-0.0001765851629897952,0.03234298527240753,0.03234298527240753,1.0,3.0,success
615,-1.1816710233688354,-3.9197752475738525,-0.0001765722263371572,0.03234604001045227,0.03234604001045227,1.0,-3.0,success
616,-1.181571125984192,-3.918745279312134,-0.00017657599528320134,0.03233754634857178,0.03233754634857178,1.0,-3.0,success
617,-1.1814686059951782,-3.9177157878875732,-0.0001765811612131074,0.03233072906732559,0.03233072906732559,1.0,-3.0,success
618,-1.1813647747039795,-3.9166862964630127,-0.00017659924924373627,0.032334815710783005,0.032334815710783005,1.0,3.0,success
619,-1.1812604665756226,-3.915656566619873,-0.00017659872537478805,0.032343730330467224,0.032343730330467224,1.0,3.0,success
620,-1.1811590194702148,-3.914626359939575,-0.0001765964989317581,0.03234966844320297,0.03234966844320297,1.0,3.0,success
621,-1.1810604333877563,-3.9135961532592773,-0.00017659210425335914,0.03234102949500084,0.03234102949500084,1.0,3.0,success
622,-1.180963158607483,-3.9125657081604004,-0.00017657486023381352,0.03234456852078438,0.03234456852078438,1.0,-3.0,success
623,-1.180866003036499,-3.9115355014801025,-0.0001765749475453049,0.032336801290512085,0.032336801290512085,1.0,-3.0,success
624,-1.180766224861145,-3.910505533218384,-0.0001765772612998262,0.03233718499541283,0.03233718499541283,1.0,-3.0,success
625,-1.1806650161743164,-3.909475803375244,-0.0001765933120623231,0.032334111630916595,0.032334111630916595,1.0,3.0,success
626,-1.1805634498596191,-3.9084458351135254,-0.0001765912602422759,0.03234262019395828,0.03234262019395828,1.0,3.0,success
627,-1.180464744567871,-3.9074153900146484,-0.00017658778233453631,0.03234880417585373,0.03234880417585373,1.0,3.0,success
628,-1.1803686618804932,-3.9063849449157715,-0.00017658241267781705,0.03234109282493591,0.03234109282493591,1.0,3.0,success
629,-1.1802740097045898,-3.9053542613983154,-0.00017656431009527296,0.03234438970685005,0.03234438598155975,1.0,-3.0,success
630,-1.180179476737976,-3.9043238162994385,-0.00017656364070717245,0.032336629927158356,0.032336629927158356,1.0,-3.0,success
631,-1.180082082748413,-3.9032938480377197,-0.0001765653578331694,0.03233008831739426,0.03233008831739426,1.0,-3.0,success
632,-1.179983377456665,-3.902263641357422,-0.0001765809574862942,0.03234138712286949,0.03234138712286949,1.0,3.0,success
633,-1.179884433746338,-3.901233434677124,-0.00017657862917985767,0.0323420986533165,0.0323420949280262,1.0,3.0,success
634,-1.1797882318496704,-3.900202989578247,-0.00017657493299338967,0.03234143555164337,0.03234143555164337,1.0,3.0,success
635,-1.1796934604644775,-3.899172306060791,-0.0001765583292581141,0.03234472870826721,0.03234472870826721,1.0,-3.0,success
636,-1.1795986890792847,-3.898141860961914,-0.00017655895499046892,0.032337311655282974,0.032337311655282974,1.0,-3.0,success
637,-1.1795012950897217,-3.8971118927001953,-0.0001765616616467014,0.03233008831739426,0.03233008831739426,1.0,-3.0,success
638,-1.1794012784957886,-3.8960819244384766,-0.000176566798472777,0.03233790397644043,0.03233790397644043,1.0,-3.0,success
639,-1.1792985200881958,-3.895052194595337,-0.00017657391435932368,0.032338883727788925,0.032338883727788925,1.0,-3.0,success
640,-1.1791932582855225,-3.8940229415893555,-0.00017658266006037593,0.0323319211602211,0.0323319211602211,1.0,-3.0,success
641,-1.179085373878479,-3.892993688583374,-0.00017659277364145964,0.032340362668037415,0.032340362668037415,1.0,-3.0,success
642,-1.178974986076355,-3.891964912414551,-0.00017660402227193117,0.032333798706531525,0.032333794981241226,1.0,-3.0,success
643,-1.178863525390625,-3.8909361362457275,-0.00017662675236351788,0.03233738988637924,0.03233738988637924,1.0,3.0,success
644,-1.1787512302398682,-3.889907121658325,-0.00017662934260442853,0.03234761953353882,0.03234761580824852,1.0,3.0,success
645,-1.17864191532135,-3.8888778686523438,-0.00017662970640230924,0.03234505280852318,0.03234505280852318,1.0,3.0,success
646,-1.1785340309143066,-3.887848377227783,-0.00017661656602285802,0.032347775995731354,0.032347775995731354,1.0,-3.0,success
647,-1.1784268617630005,-3.886819362640381,-0.00017662059690337628,0.032330628484487534,0.032330628484487534,1.0,-3.0,success
648,-1.1783183813095093,-3.8857903480529785,-0.00017663699691183865,0.03233490511775017,0.03233490139245987,1.0,3.0,success
649,-1.1782091856002808,-3.884760856628418,-0.00017663485778030008,0.03235207125544548,0.03235207125544548,1.0,3.0,success
650,-1.178102731704712,-3.8837313652038574,-0.00017663135076873004,0.03234314173460007,0.03234314173460007,1.0,3.0,success
651,-1.1779977083206177,-3.8827016353607178,-0.00017661477613728493,0.03234598785638809,0.03234598785638809,1.0,-3.0,success
652,-1.1778931617736816,-3.8816721439361572,-0.00017661586753092706,0.032337069511413574,0.032337069511413574,1.0,-3.0,success
653,-1.1777873039245605,-3.880642890930176,-0.00017663021571934223,0.032333824783563614,0.032333824783563614,1.0,3.0,success
654,-1.1776808500289917,-3.8796133995056152,-0.00017662657774053514,0.03234314173460007,0.03234314173460007,1.0,3.0,success
655,-1.177577018737793,-3.8785834312438965,-0.0001766218338161707,0.03234964609146118,0.03234964609146118,1.0,3.0,success
656,-1.1774747371673584,-3.8775534629821777,-0.00017660415323916823,0.03234482556581497,0.03234482184052467,1.0,-3.0,success
657,-1.177372694015503,-3.876523733139038,-0.00017660426965449005,0.03233667090535164,0.03233667090535164,1.0,-3.0,success
658,-1.1772680282592773,-3.8754942417144775,-0.00017660658340901136,0.03233744576573372,0.03233744204044342,1.0,-3.0,success
659,-1.1771619319915771,-3.874464988708496,-0.00017662279424257576,0.0323345884680748,0.0323345847427845,1.0,3.0,success
660,-1.1770553588867188,-3.8734354972839355,-0.00017662053869571537,0.03234352916479111,0.03234352916479111,1.0,3.0,success
661,-1.1769500970840454,-3.872405767440796,-0.00017660601588431746,0.03234674409031868,0.03234674409031868,1.0,-3.0,success
662,-1.1768454313278198,-3.8713765144348145,-0.00017660898447502404,0.03233003243803978,0.03233003243803978,1.0,-3.0,success
663,-1.1767381429672241,-3.870347261428833,-0.0001766135246725753,0.032338425517082214,0.032338425517082214,1.0,-3.0,success
664,-1.1766281127929688,-3.8693182468414307,-0.00017662036407273263,0.03234001621603966,0.03234001621603966,1.0,-3.0,success
665,-1.1765155792236328,-3.8682897090911865,-0.0001766291243257001,0.0323336124420166,0.0323336124420166,1.0,-3.0,success
666,-1.1764004230499268,-3.8672614097595215,-0.00017663945618551224,0.03233522176742554,0.03233522176742554,1.0,-3.0,success
667,-1.1762827634811401,-3.8662333488464355,-0.00017665109771769494,0.03233661875128746,0.03233661875128746,1.0,-3.0,success
668,-1.176163911819458,-3.8652055263519287,-0.0001766743662301451,0.03233347833156586,0.03233347833156586,1.0,3.0,success
669,-1.1760441064834595,-3.8641772270202637,-0.0001766769273672253,0.03235171362757683,0.03235171362757683,1.0,3.0,success
670,-1.1759271621704102,-3.8631486892700195,-0.00017667732026893646,0.03234889358282089,0.03234889358282089,1.0,3.0,success
671,-1.1758116483688354,-3.8621199131011963,-0.0001766640052665025,0.03235127776861191,0.03235127776861191,1.0,-3.0,success
672,-1.1756970882415771,-3.8610916137695312,-0.00017666834173724055,0.03233315795660019,0.03233315795660019,1.0,-3.0,success
673,-1.1755813360214233,-3.860063314437866,-0.0001766849309206009,0.03233730047941208,0.03233730047941208,1.0,3.0,success
674,-1.1754645109176636,-3.859034776687622,-0.00017668250075075775,0.032348472625017166,0.032348472625017166,1.0,3.0,success
675,-1.1753504276275635,-3.858006000518799,-0.00017667880456428975,0.032346319407224655,0.032346319407224655,1.0,3.0,success
676,-1.175237774848938,-3.8569769859313965,-0.00017666186613496393,0.03234883025288582,0.03234883025288582,1.0,-3.0,success
677,-1.1751259565353394,-3.8559484481811523,-0.00017666311759967357,0.0323311872780323,0.0323311872780323,1.0,-3.0,success
678,-1.1750128269195557,-3.854919910430908,-0.0001766775530995801,0.03233564272522926,0.03233564272522926,1.0,3.0,success
679,-1.174898624420166,-3.853891134262085,-0.00017667352221906185,0.032346729189157486,0.032346729189157486,1.0,3.0,success
680,-1.1747872829437256,-3.8528618812561035,-0.00017666850180830806,0.03235180675983429,0.03235180303454399,1.0,3.0,success
681,-1.1746772527694702,-3.851832628250122,-0.00017665042832959443,0.032347422093153,0.032347422093153,1.0,-3.0,success
682,-1.1745679378509521,-3.850803852081299,-0.00017665064660832286,0.032330237329006195,0.032330237329006195,1.0,-3.0,success
683,-1.1744558811187744,-3.8497750759124756,-0.00017665301857050508,0.03233940154314041,0.03233940154314041,1.0,-3.0,success
684,-1.1743425130844116,-3.8487465381622314,-0.0001766694476827979,0.032336462289094925,0.032336462289094925,1.0,3.0,success
685,-1.1742281913757324,-3.847717761993408,-0.00017666694475337863,0.032347142696380615,0.032347142696380615,1.0,3.0,success
686,-1.1741167306900024,-3.846688747406006,-0.00017666316125541925,0.03234479948878288,0.03234479948878288,1.0,3.0,success
687,-1.1740080118179321,-3.8456592559814453,-0.00017665720952209085,0.03235050290822983,0.03235050290822983,1.0,3.0,success
688,-1.1739006042480469,-3.8446297645568848,-0.0001766383065842092,0.032346226274967194,0.032346226274967194,1.0,-3.0,success
689,-1.1737937927246094,-3.8436007499694824,-0.00017663770995568484,0.03232947736978531,0.03232947736978531,1.0,-3.0,success
690,-1.1736856698989868,-3.842571496963501,-0.0001766508794389665,0.032341137528419495,0.032341137528419495,1.0,3.0,success
691,-1.1735765933990479,-3.8415422439575195,-0.00017664612096268684,0.0323442667722702,0.0323442667722702,1.0,3.0,success
692,-1.173470377922058,-3.840512752532959,-0.000176640460267663,0.03234237805008888,0.03234237805008888,1.0,3.0,success
693,-1.173365592956543,-3.8394830226898193,-0.0001766218920238316,0.032345231622457504,0.032345231622457504,1.0,-3.0,success
694,-1.1732611656188965,-3.838453531265259,-0.00017662147001828998,0.03233669325709343,0.03233669325709343,1.0,-3.0,success
695,-1.1731539964675903,-3.8374242782592773,-0.00017662334721535444,0.032338038086891174,0.032338038086891174,1.0,-3.0,success
696,-1.173044204711914,-3.836395263671875,-0.0001766280911397189,0.032339222729206085,0.032339222729206085,1.0,-3.0,success
697,-1.1729317903518677,-3.835366725921631,-0.00017663520702626556,0.03233320638537407,0.03233320638537407,1.0,-3.0,success
698,-1.1728167533874512,-3.834338426589966,-0.00017664424376562238,0.03233480826020241,0.03233480826020241,1.0,-3.0,success
699,-1.172699213027954,-3.83331036567688,-0.00017665486666373909,0.032336197793483734,0.032336197793483734,1.0,-3.0,success
700,-1.1725791692733765,-3.832282543182373,-0.0001766668283380568,0.03233777731657028,0.03233777731657028,1.0,-3.0,success
701,-1.1724578142166138,-3.8312549591064453,-0.00017669040244072676,0.03233515843749046,0.03233515843749046,1.0,3.0,success
702,-1.1723355054855347,-3.8302268981933594,-0.00017669305088929832,0.032353464514017105,0.032353464514017105,1.0,3.0,success
703,-1.1722159385681152,-3.8291985988616943,-0.00017669354565441608,0.03235085308551788,0.03235085308551788,1.0,3.0,success
704,-1.17209792137146,-3.8281702995300293,-0.00017668023065198213,0.03234529867768288,0.03234529495239258,1.0,-3.0,success
705,-1.1719809770584106,-3.8271422386169434,-0.0001766847271937877,0.032334089279174805,0.032334089279174805,1.0,-3.0,success
706,-1.1718627214431763,-3.8261141777038574,-0.00017670143279246986,0.03233874589204788,0.03233874589204788,1.0,3.0,success
707,-1.171743392944336,-3.8250858783721924,-0.00017669892986305058,0.03234999254345894,0.03234999254345894,1.0,3.0,success
708,-1.1716268062591553,-3.8240573406219482,-0.0001766951900208369,0.03234763443470001,0.03234763443470001,1.0,3.0,success
709,-1.1715116500854492,-3.823028802871704,-0.0001766781642800197,0.03234263136982918,0.03234262764453888,1.0,-3.0,success
710,-1.17139732837677,-3.82200026512146,-0.00017667948850430548,0.03233973681926727,0.03233973681926727,1.0,-3.0,success
711,-1.1712816953659058,-3.820971965789795,-0.00017669395310804248,0.03233688697218895,0.03233688697218895,1.0,3.0,success
712,-1.1711649894714355,-3.819943428039551,-0.00017668982036411762,0.03234805539250374,0.03234805539250374,1.0,3.0,success
713,-1.1710511445999146,-3.8189146518707275,-0.0001766847271937877,0.032345499843358994,0.032345499843358994,1.0,3.0,success
714,-1.1709386110305786,-3.817885637283325,-0.00017666650819592178,0.032348424196243286,0.032348424196243286,1.0,-3.0,success
715,-1.17082679271698,-3.816856861114502,-0.0001766667701303959,0.032338596880435944,0.032338596880435944,1.0,-3.0,success
716,-1.1707136631011963,-3.815828323364258,-0.0001766805216902867,0.03233564272522926,0.03233564272522926,1.0,3.0,success
717,-1.1705995798110962,-3.8147995471954346,-0.00017667592328507453,0.032346319407224655,0.032346319407224655,1.0,3.0,success
718,-1.1704882383346558,-3.8137705326080322,-0.00017667045176494867,0.03234439715743065,0.03234439343214035,1.0,3.0,success
719,-1.17037832736969,-3.812741279602051,-0.00017665192717686296,0.032347023487091064,0.032347023487091064,1.0,-3.0,success
720,-1.1702690124511719,-3.8117122650146484,-0.00017665181076154113,0.032337646931409836,0.032337646931409836,1.0,-3.0,success
721,-1.1701583862304688,-3.810683488845825,-0.0001766653440427035,0.0323345921933651,0.0323345921933651,1.0,3.0,success
722,-1.1700468063354492,-3.809654474258423,-0.00017666070198174566,0.03234519809484482,0.03234519809484482,1.0,3.0,success
723,-1.1699379682540894,-3.8086249828338623,-0.00017665515770204365,0.032350894063711166,0.032350894063711166,1.0,3.0,success
724,-1.169830560684204,-3.8075954914093018,-0.0001766366185620427,0.032346226274967194,0.032346226274967194,1.0,-3.0,success
725,-1.1697237491607666,-3.8065664768218994,-0.00017663637117948383,0.03232947736978531,0.03232947736978531,1.0,-3.0,success
726,-1.1696141958236694,-3.805537462234497,-0.00017663837934378535,0.03233843296766281,0.03233843296766281,1.0,-3.0,success
727,-1.1695019006729126,-3.804508686065674,-0.0001766432833392173,0.03234020993113518,0.03234020620584488,1.0,-3.0,success
728,-1.1693871021270752,-3.803480386734009,-0.00017665060295257717,0.03233398124575615,0.03233398124575615,1.0,-3.0,success
729,-1.1692695617675781,-3.802452325820923,-0.00017665987252257764,0.032336197793483734,0.032336197793483734,1.0,-3.0,success
730,-1.16914963722229,-3.801424503326416,-0.00017667075735516846,0.03233734890818596,0.03233734518289566,1.0,-3.0,success
731,-1.1690270900726318,-3.8003971576690674,-0.0001766829809639603,0.032332148402929306,0.032332148402929306,1.0,-3.0,success
732,-1.1689033508300781,-3.7993698120117188,-0.0001767068461049348,0.032336585223674774,0.032336585223674774,1.0,3.0,success
733,-1.1687787771224976,-3.798342227935791,-0.00017670980014372617,0.03234710916876793,0.03234710916876793,1.0,3.0,success
734,-1.168656826019287,-3.797314167022705,-0.00017671013483777642,0.03235214203596115,0.03235214203596115,1.0,3.0,success
735,-1.1685376167297363,-3.79628586769104,-0.00017670747183728963,0.032349564135074615,0.032349564135074615,1.0,3.0,success
736,-1.1684198379516602,-3.795257329940796,-0.00017669131921138614,0.03235184773802757,0.03235184773802757,1.0,-3.0,success
737,-1.1683028936386108,-3.79422926902771,-0.00017669337103143334,0.032334089279174805,0.032334089279174805,1.0,-3.0,success
738,-1.168183445930481,-3.793201446533203,-0.000176697300048545,0.03233562409877777,0.03233562037348747,1.0,-3.0,success
739,-1.168062686920166,-3.7921738624572754,-0.00017671492241788656,0.03233297914266586,0.03233297914266586,1.0,3.0,success
740,-1.1679409742355347,-3.7911458015441895,-0.000176713103428483,0.03235126659274101,0.03235126659274101,1.0,3.0,success
741,-1.1678217649459839,-3.7901175022125244,-0.0001767097128322348,0.032349564135074615,0.032349564135074615,1.0,3.0,success
742,-1.1677054166793823,-3.7890889644622803,-0.00017670399392955005,0.03234679624438286,0.03234679624438286,1.0,3.0,success
743,-1.1675903797149658,-3.788060188293457,-0.0001766851346474141,0.03234962001442909,0.03234962001442909,1.0,-3.0,success
744,-1.1674761772155762,-3.787031650543213,-0.00017668496002443135,0.03233932703733444,0.03233932703733444,1.0,-3.0,success
745,-1.1673606634140015,-3.786003589630127,-0.0001766983768902719,0.03232906386256218,0.03232906386256218,1.0,3.0,success
746,-1.1672440767288208,-3.7849748134613037,-0.0001766934001352638,0.032355036586523056,0.032355036586523056,1.0,3.0,success
747,-1.1671302318572998,-3.7839460372924805,-0.00017668762302491814,0.032345499843358994,0.032345499843358994,1.0,3.0,success
748,-1.1670191287994385,-3.782917022705078,-0.00017667998326942325,0.03234359622001648,0.03234359622001648,1.0,3.0,success
749,-1.1669092178344727,-3.7818877696990967,-0.00017665950872469693,0.032347023487091064,0.032347023487091064,1.0,-3.0,success
750,-1.1668001413345337,-3.7808587551116943,-0.00017665776249486953,0.03233686089515686,0.03233686089515686,1.0,-3.0,success
751,-1.1666882038116455,-3.779829978942871,-0.00017665859195403755,0.03233899548649788,0.03233899548649788,1.0,-3.0,success
752,-1.1665749549865723,-3.778801441192627,-0.00017667397332843393,0.032336052507162094,0.032336048781871796,1.0,3.0,success
753,-1.1664607524871826,-3.7777726650238037,-0.00017667061183601618,0.032346729189157486,0.032346729189157486,1.0,3.0,success
754,-1.1663479804992676,-3.7767438888549805,-0.00017665514315012842,0.03234183043241501,0.03234182670712471,1.0,-3.0,success
755,-1.1662360429763794,-3.7757151126861572,-0.0001766577915987,0.03233899548649788,0.03233899548649788,1.0,-3.0,success
756,-1.1661213636398315,-3.774686813354492,-0.00017666206986177713,0.03233356773853302,0.03233356773853302,1.0,-3.0,success
757,-1.1660041809082031,-3.773658514022827,-0.00017666889471001923,0.0323423333466053,0.0323423333466053,1.0,-3.0,success
758,-1.165884256362915,-3.7726309299468994,-0.0001766778586897999,0.032329946756362915,0.03232994303107262,1.0,-3.0,success
759,-1.1657618284225464,-3.7716033458709717,-0.00017668856889940798,0.03233910724520683,0.03233910724520683,1.0,-3.0,success
760,-1.1656368970870972,-3.770576000213623,-0.00017670074885245413,0.03234105929732323,0.03234105929732323,1.0,-3.0,success
761,-1.1655107736587524,-3.7695491313934326,-0.00017672465764917433,0.03233078867197037,0.03233078494668007,1.0,3.0,success
762,-1.16538405418396,-3.768521785736084,-0.0001767276698956266,0.03234785050153732,0.03234785050153732,1.0,3.0,success
763,-1.1652594804763794,-3.767493963241577,-0.00017672772810328752,0.032354503870010376,0.032354503870010376,1.0,3.0,success
764,-1.165137767791748,-3.766465902328491,-0.0001767249486874789,0.03235126659274101,0.03235126659274101,1.0,3.0,success
765,-1.1650187969207764,-3.765437602996826,-0.0001767195062711835,0.03234871104359627,0.03234870731830597,1.0,3.0,success
766,-1.1649012565612793,-3.764409303665161,-0.00017670087981969118,0.032343603670597076,0.03234359994530678,1.0,-3.0,success
767,-1.164784550666809,-3.763381004333496,-0.00017670090892352164,0.032340649515390396,0.032340649515390396,1.0,-3.0,success
768,-1.1646652221679688,-3.7623531818389893,-0.00017670320812612772,0.03233519196510315,0.03233519196510315,1.0,-3.0,success
769,-1.1645444631576538,-3.7613255977630615,-0.00017671969544608146,0.03233297914266586,0.03233297914266586,1.0,3.0,success
770,-1.164422869682312,-3.7602975368499756,-0.00017671698878984898,0.03235083073377609,0.03235083073377609,1.0,3.0,success
771,-1.1643037796020508,-3.7592692375183105,-0.0001767128414940089,0.03234913572669029,0.03234913572669029,1.0,3.0,success
772,-1.1641874313354492,-3.7582406997680664,-0.00017670651141088456,0.03234679624438286,0.03234679624438286,1.0,3.0,success
773,-1.1640738248825073,-3.757211685180664,-0.00017669830413069576,0.032352086156606674,0.032352086156606674,1.0,3.0,success
774,-1.1639615297317505,-3.7561826705932617,-0.000176677291165106,0.03234761953353882,0.03234761580824852,1.0,-3.0,success
775,-1.163849949836731,-3.7551541328430176,-0.0001766752393450588,0.032330386340618134,0.032330386340618134,1.0,-3.0,success
776,-1.1637369394302368,-3.7541255950927734,-0.0001766873465385288,0.03233523666858673,0.03233523666858673,1.0,3.0,success
777,-1.1636229753494263,-3.753096580505371,-0.0001766814530128613,0.03235331550240517,0.03235331550240517,1.0,3.0,success
778,-1.1635117530822754,-3.7520675659179688,-0.00017667490465100855,0.032343994826078415,0.032343994826078415,1.0,3.0,success
779,-1.1634018421173096,-3.7510383129119873,-0.00017665541963651776,0.032347023487091064,0.032347023487091064,1.0,-3.0,success
780,-1.163292646408081,-3.750009298324585,-0.00017665454652160406,0.0323372520506382,0.0323372520506382,1.0,-3.0,success
781,-1.163182020187378,-3.7489805221557617,-0.00017666755593381822,0.0323345921933651,0.0323345921933651,1.0,3.0,success
782,-1.1630704402923584,-3.7479515075683594,-0.00017666247731540352,0.03234519809484482,0.03234519809484482,1.0,3.0,success
783,-1.162961721420288,-3.746922016143799,-0.00017665658378973603,0.03235050290822983,0.03235050290822983,1.0,3.0,success
784,-1.1628557443618774,-3.7458925247192383,-0.00017664898768998682,0.0323416143655777,0.0323416143655777,1.0,3.0,success
785,-1.1627509593963623,-3.7448627948760986,-0.00017662862956058234,0.032345231622457504,0.032345231622457504,1.0,-3.0,success
786,-1.162646770477295,-3.743833303451538,-0.00017662673781160265,0.03233594447374344,0.03233594074845314,1.0,-3.0,success
787,-1.1625397205352783,-3.7428040504455566,-0.00017662746540736407,0.03233765438199043,0.03233765438199043,1.0,-3.0,success
788,-1.1624313592910767,-3.7417750358581543,-0.00017664265760686249,0.03233451023697853,0.03233451023697853,1.0,3.0,success
789,-1.1623222827911377,-3.740745782852173,-0.0001766394270816818,0.0323442667722702,0.0323442667722702,1.0,3.0,success
790,-1.1622159481048584,-3.739716053009033,-0.0001766350178513676,0.032350171357393265,0.032350171357393265,1.0,3.0,success
791,-1.1621123552322388,-3.7386863231658936,-0.00017662868776824325,0.03234148398041725,0.03234148398041725,1.0,3.0,success
792,-1.1620115041732788,-3.7376561164855957,-0.00017662082973401994,0.03234785050153732,0.032347846776247025,1.0,3.0,success
793,-1.161911964416504,-3.736625909805298,-0.00017660035518929362,0.03234388306736946,0.03234388306736946,1.0,-3.0,success
794,-1.161812663078308,-3.735595941543579,-0.00017659807053860277,0.03233575075864792,0.03233575075864792,1.0,-3.0,success
795,-1.1617119312286377,-3.7345662117004395,-0.00017661010497249663,0.0323326550424099,0.0323326550424099,1.0,3.0,success
796,-1.1616106033325195,-3.7335360050201416,-0.00017660486628301442,0.03234930709004402,0.03234930336475372,1.0,3.0,success
797,-1.1615121364593506,-3.7325057983398438,-0.00017659878358244896,0.032340675592422485,0.03234067186713219,1.0,3.0,success
798,-1.1614149808883667,-3.731475353240967,-0.00017657995340414345,0.03234422206878662,0.03234422206878662,1.0,-3.0,success
799,-1.161318063735962,-3.730445146560669,-0.00017657893477007747,0.03233610466122627,0.03233610466122627,1.0,-3.0,success
800,-1.161219596862793,-3.72941517829895,-0.00017659190052654594,0.03233325853943825,0.03233325853943825,1.0,3.0,success
801,-1.161120891571045,-3.7283847332000732,-0.00017658749129623175,0.03234880417585373,0.03234880417585373,1.0,3.0,success
802,-1.1610249280929565,-3.7273542881011963,-0.00017658209253568202,0.032340746372938156,0.032340746372938156,1.0,3.0,success
803,-1.1609315872192383,-3.7263236045837402,-0.00017657522403169423,0.03234066814184189,0.03234066814184189,1.0,3.0,success
804,-1.1608396768569946,-3.725292682647705,-0.00017655578267294914,0.032344087958335876,0.032344087958335876,1.0,-3.0,success
805,-1.1607476472854614,-3.724261999130249,-0.00017655394913163036,0.0323369987308979,0.0323369987308979,1.0,-3.0,success
806,-1.1606541872024536,-3.723231554031372,-0.00017656636191532016,0.03233358636498451,0.03233358636498451,1.0,3.0,success
807,-1.1605606079101562,-3.722200870513916,-0.00017656179261393845,0.03234134241938591,0.03234134241938591,1.0,3.0,success
808,-1.160469651222229,-3.721169948577881,-0.00017655624833423644,0.032341454178094864,0.032341454178094864,1.0,3.0,success
809,-1.160381555557251,-3.7201385498046875,-0.00017654939438216388,0.032348569482564926,0.032348569482564926,1.0,3.0,success
810,-1.160294771194458,-3.7191073894500732,-0.0001765300694387406,0.03233768418431282,0.03233768418431282,1.0,-3.0,success
811,-1.1602076292037964,-3.718076229095459,-0.00017652807582635432,0.03233862295746803,0.03233862295746803,1.0,-3.0,success
812,-1.160117745399475,-3.717045545578003,-0.00017652874521445483,0.03233110532164574,0.03233110159635544,1.0,-3.0,success
813,-1.1600251197814941,-3.716014862060547,-0.00017653204849921167,0.03233866021037102,0.03233866021037102,1.0,-3.0,success
814,-1.1599299907684326,-3.71498441696167,-0.00017653753457125276,0.03233833611011505,0.03233833611011505,1.0,-3.0,success
815,-1.1598321199417114,-3.713954448699951,-0.00017654476687312126,0.03233149275183678,0.03233149275183678,1.0,-3.0,success
816,-1.1597317457199097,-3.7129244804382324,-0.00017655346891842782,0.03233898803591728,0.032338984310626984,1.0,-3.0,success
817,-1.1596287488937378,-3.7118947505950928,-0.00017656337877269834,0.03233962506055832,0.03233962506055832,1.0,-3.0,success
818,-1.15952467918396,-3.7108654975891113,-0.000176584959262982,0.032328151166439056,0.032328151166439056,1.0,3.0,success
819,-1.159420132637024,-3.7098355293273926,-0.0001765870110830292,0.032351892441511154,0.032351892441511154,1.0,3.0,success
820,-1.159318447113037,-3.708805561065674,-0.0001765869092196226,0.03234298527240753,0.03234298527240753,1.0,3.0,success
821,-1.159219741821289,-3.707775354385376,-0.00017658424621913582,0.03234138712286949,0.03234138712286949,1.0,3.0,success
822,-1.159122347831726,-3.706744909286499,-0.0001765685883583501,0.03234492242336273,0.03234492242336273,1.0,-3.0,success
823,-1.1590250730514526,-3.705714702606201,-0.00017656998534221202,0.03233715146780014,0.03233715146780014,1.0,-3.0,success
824,-1.1589266061782837,-3.7046847343444824,-0.00017658455180935562,0.03233325853943825,0.03233325853943825,1.0,3.0,success
825,-1.1588276624679565,-3.7036545276641846,-0.00017658152501098812,0.0323420986533165,0.0323420949280262,1.0,3.0,success
826,-1.1587315797805786,-3.7026238441467285,-0.00017657724674791098,0.03234850987792015,0.03234850987792015,1.0,3.0,success
827,-1.1586382389068604,-3.7015931606292725,-0.00017657129501458257,0.03234066814184189,0.03234066814184189,1.0,3.0,success
828,-1.1585462093353271,-3.7005622386932373,-0.00017655275587458163,0.03234441950917244,0.03234441950917244,1.0,-3.0,success
829,-1.158454179763794,-3.6995315551757812,-0.0001765515626175329,0.0323369987308979,0.0323369987308979,1.0,-3.0,success
830,-1.1583607196807861,-3.6985011100769043,-0.00017656436830293387,0.03233358636498451,0.03233358636498451,1.0,3.0,success
831,-1.1582671403884888,-3.6974704265594482,-0.00017656016279943287,0.03234134241938591,0.03234134241938591,1.0,3.0,success
832,-1.1581761837005615,-3.696439504623413,-0.00017655492410995066,0.032341454178094864,0.032341454178094864,1.0,3.0,success
833,-1.1580880880355835,-3.695408344268799,-0.00017654831754043698,0.03234114125370979,0.03234114125370979,1.0,3.0,success
834,-1.158001184463501,-3.6943769454956055,-0.0001765292399795726,0.03234541788697243,0.03234541788697243,1.0,-3.0,success
835,-1.1579140424728394,-3.6933460235595703,-0.00017652742099016905,0.0323311947286129,0.0323311947286129,1.0,-3.0,success
836,-1.1578255891799927,-3.692315101623535,-0.00017653981922194362,0.03233467414975166,0.03233467414975166,1.0,3.0,success
837,-1.1577370166778564,-3.691283941268921,-0.00017653552640695125,0.03234241530299187,0.03234241530299187,1.0,3.0,success
838,-1.1576513051986694,-3.6902525424957275,-0.0001765302149578929,0.03234231472015381,0.03234231472015381,1.0,3.0,success
839,-1.1575682163238525,-3.689220905303955,-0.00017652366659604013,0.032343052327632904,0.032343052327632904,1.0,3.0,success
840,-1.1574865579605103,-3.6881892681121826,-0.00017650473455432802,0.03233949467539787,0.03233949467539787,1.0,-3.0,success
841,-1.1574043035507202,-3.68715763092041,-0.0001765028282534331,0.032340969890356064,0.032340969890356064,1.0,-3.0,success
842,-1.1573207378387451,-3.686126470565796,-0.00017651516827754676,0.03232939913868904,0.03232939913868904,1.0,3.0,success
843,-1.1572372913360596,-3.6850948333740234,-0.00017651106463745236,0.03234395384788513,0.03234395384788513,1.0,3.0,success
844,-1.1571567058563232,-3.684063196182251,-0.0001765058987075463,0.03233686834573746,0.03233686834573746,1.0,3.0,success
845,-1.157078742980957,-3.6830310821533203,-0.00017649962683208287,0.032345447689294815,0.032345447689294815,1.0,3.0,success
846,-1.1570022106170654,-3.6819992065429688,-0.00017648102948442101,0.03233468160033226,0.03233468160033226,1.0,-3.0,success
847,-1.156924843788147,-3.680967330932617,-0.00017647915228735656,0.03233661875128746,0.03233661875128746,1.0,-3.0,success
848,-1.1568448543548584,-3.6799356937408447,-0.00017647985077928752,0.032335422933101654,0.032335422933101654,1.0,-3.0,success
849,-1.1567634344100952,-3.6789040565490723,-0.00017649437359068543,0.032338909804821014,0.032338909804821014,1.0,3.0,success
850,-1.156680941581726,-3.6778724193573,-0.0001764810731401667,0.03234156593680382,0.03234156593680382,1.0,-3.0,success
851,-1.1565996408462524,-3.6768410205841064,-0.00017649566871114075,0.0323311872780323,0.0323311872780323,1.0,3.0,success
852,-1.1565172672271729,-3.675809383392334,-0.00017648217908572406,0.03234126791357994,0.03234126791357994,1.0,-3.0,success
853,-1.1564345359802246,-3.6747779846191406,-0.00017648513312451541,0.03233473375439644,0.03233473375439644,1.0,-3.0,success
854,-1.1563491821289062,-3.6737468242645264,-0.00017648967332206666,0.03233396261930466,0.03233396261930466,1.0,-3.0,success
855,-1.1562612056732178,-3.672715663909912,-0.00017649585788603872,0.032340824604034424,0.032340824604034424,1.0,-3.0,success
856,-1.1561706066131592,-3.671684980392456,-0.0001765034394338727,0.032333049923181534,0.032333049923181534,1.0,-3.0,success
857,-1.156078815460205,-3.670654296875,-0.00017652295355219394,0.03233633562922478,0.03233633562922478,1.0,3.0,success
858,-1.1559871435165405,-3.669623374938965,-0.00017652404494583607,0.03234342858195305,0.03234342858195305,1.0,3.0,success
859,-1.1558983325958252,-3.6685922145843506,-0.0001765231427270919,0.032343052327632904,0.032343052327632904,1.0,3.0,success
860,-1.1558122634887695,-3.6675608158111572,-0.0001765201595844701,0.032343242317438126,0.03234323859214783,1.0,3.0,success
861,-1.155729055404663,-3.666529417037964,-0.00017651551752351224,0.032335929572582245,0.032335925847291946,1.0,3.0,success
862,-1.1556471586227417,-3.6654977798461914,-0.0001764984190231189,0.03234008327126503,0.03234008327126503,1.0,-3.0,success
863,-1.1555649042129517,-3.664466142654419,-0.000176497851498425,0.032340969890356064,0.032340969890356064,1.0,-3.0,success
864,-1.155481219291687,-3.6634349822998047,-0.00017651105008553714,0.032329704612493515,0.03232970088720322,1.0,3.0,success
865,-1.155397653579712,-3.6624033451080322,-0.00017650771769694984,0.03234425187110901,0.03234425187110901,1.0,3.0,success
866,-1.1553170680999756,-3.6613717079162598,-0.00017650319205131382,0.03233686834573746,0.03233686834573746,1.0,3.0,success
867,-1.1552389860153198,-3.660339593887329,-0.00017649742949288338,0.0323457270860672,0.0323457270860672,1.0,3.0,success
868,-1.1551623344421387,-3.6593077182769775,-0.00017647934146225452,0.032334957271814346,0.032334957271814346,1.0,-3.0,success
869,-1.1550850868225098,-3.658275842666626,-0.00017647782806307077,0.032336343079805374,0.032336343079805374,1.0,-3.0,success
870,-1.1550062894821167,-3.6572442054748535,-0.00017649040091782808,0.032332565635442734,0.032332565635442734,1.0,3.0,success
871,-1.1549280881881714,-3.656212091445923,-0.000176486762939021,0.03234601020812988,0.03234601020812988,1.0,3.0,success
872,-1.1548525094985962,-3.655179977416992,-0.00017648200446274132,0.0323399193584919,0.0323399193584919,1.0,3.0,success
873,-1.1547796726226807,-3.6541478633880615,-0.00017647618369664997,0.032333776354789734,0.032333776354789734,1.0,3.0,success
874,-1.1547081470489502,-3.6531152725219727,-0.00017645812476985157,0.03234577924013138,0.03234577924013138,1.0,-3.0,success
875,-1.1546357870101929,-3.652083158493042,-0.00017645642219576985,0.032332733273506165,0.032332733273506165,1.0,-3.0,success
876,-1.154561996459961,-3.6510510444641113,-0.00017646887863520533,0.03233588486909866,0.03233588486909866,1.0,3.0,success
877,-1.1544888019561768,-3.6500189304351807,-0.00017646535707172006,0.03233456611633301,0.03233456611633301,1.0,3.0,success
878,-1.1544183492660522,-3.648986339569092,-0.00017646071501076221,0.03234348073601723,0.03234348073601723,1.0,3.0,success
879,-1.1543506383895874,-3.647953748703003,-0.00017645514162722975,0.03233776241540909,0.03233776241540909,1.0,3.0,success
880,-1.1542866230010986,-3.6469218730926514,-0.00017207999189849943,0.032308392226696014,0.03230810537934303,1.0,3.0,success
881,-1.1542222499847412,-3.6458895206451416,-0.00017270959506276995,0.032323677092790604,0.03232366964221001,1.0,-3.0,success
882,-1.1541568040847778,-3.644857168197632,-0.00017344193474855274,0.032325781881809235,0.03232577443122864,1.0,-3.0,success
883,-1.1540900468826294,-3.643824815750122,-0.00017405209655407816,0.032328397035598755,0.032328393310308456,1.0,3.0,success
884,-1.154024362564087,-3.642792224884033,-0.00017452727479394525,0.03233368322253227,0.032333679497241974,1.0,3.0,success
885,-1.1539613008499146,-3.6417593955993652,-0.00017490546451881528,0.03233601897954941,0.03233601897954941,1.0,3.0,success
886,-1.1539011001586914,-3.6407265663146973,-0.00017520616529509425,0.032330695539712906,0.032330695539712906,1.0,3.0,success
887,-1.1538423299789429,-3.63969349861145,-0.0001754336553858593,0.0323355607688427,0.0323355607688427,1.0,-3.0,success
888,-1.1537820100784302,-3.6386606693267822,-0.00017562769062351435,0.03233091160655022,0.03233090788125992,1.0,-3.0,success
889,-1.153720498085022,-3.6376278400421143,-0.00017579642008058727,0.03233310207724571,0.03233310207724571,1.0,3.0,success
890,-1.1536599397659302,-3.636594772338867,-0.00017591840878594667,0.03233878314495087,0.03233878314495087,1.0,3.0,success
891,-1.1536022424697876,-3.63556170463562,-0.00017601423314772546,0.03233367204666138,0.03233367204666138,1.0,3.0,success
892,-1.1535472869873047,-3.634528398513794,-0.00017608932103030384,0.03233645111322403,0.03233645111322403,1.0,3.0,success
893,-1.153494954109192,-3.6334948539733887,-0.00017614787793718278,0.03233963996171951,0.03233963996171951,1.0,3.0,success
894,-1.1534440517425537,-3.6324615478515625,-0.00017618172569200397,0.032329969108104706,0.032329969108104706,1.0,-3.0,success
895,-1.1533913612365723,-3.6314280033111572,-0.00017622066661715508,0.03234020993113518,0.03234020620584488,1.0,-3.0,success
896,-1.1533358097076416,-3.63039493560791,-0.00017625374312046915,0.03233000636100769,0.03233000263571739,1.0,-3.0,success
897,-1.1532776355743408,-3.629361867904663,-0.00017628201749175787,0.03233451023697853,0.03233451023697853,1.0,-3.0,success
898,-1.1532167196273804,-3.628328800201416,-0.0001763064501574263,0.032339438796043396,0.032339438796043396,1.0,-3.0,success
899,-1.1531533002853394,-3.627295970916748,-0.000176327841472812,0.032336704432964325,0.032336704432964325,1.0,-3.0,success
900,-1.1530871391296387,-3.626263380050659,-0.0001763468753779307,0.03233462944626808,0.03233462944626808,1.0,-3.0,success
901,-1.153019905090332,-3.6252310276031494,-0.000176374931470491,0.03232935816049576,0.03232935816049576,1.0,3.0,success
902,-1.1529537439346313,-3.6241981983184814,-0.00017638399731367826,0.03234206512570381,0.03234206512570381,1.0,3.0,success
903,-1.1528904438018799,-3.6231653690338135,-0.00017638959980104119,0.03233647346496582,0.03233647346496582,1.0,3.0,success
904,-1.1528300046920776,-3.6221323013305664,-0.00017639249563217163,0.032338567078113556,0.032338567078113556,1.0,3.0,success
905,-1.1527708768844604,-3.6210992336273193,-0.00017638220742810518,0.032336197793483734,0.032336197793483734,1.0,-3.0,success
906,-1.1527105569839478,-3.6200664043426514,-0.00017638613644521683,0.03233091160655022,0.03233090788125992,1.0,-3.0,success
907,-1.1526488065719604,-3.6190333366394043,-0.00017640266742091626,0.03234098479151726,0.03234098106622696,1.0,3.0,success
908,-1.1525882482528687,-3.6180005073547363,-0.00017640303121879697,0.03233134374022484,0.03233134374022484,1.0,3.0,success
909,-1.1525304317474365,-3.61696720123291,-0.00017640163423493505,0.03234132006764412,0.03234132006764412,1.0,3.0,success
910,-1.152475357055664,-3.615933895111084,-0.0001763990003382787,0.03233664855360985,0.03233664482831955,1.0,3.0,success
911,-1.1524230241775513,-3.6149003505706787,-0.00017639543511904776,0.03233963996171951,0.03233963996171951,1.0,3.0,success
912,-1.1523720026016235,-3.6138668060302734,-0.0001763797044986859,0.03233759477734566,0.03233759477734566,1.0,-3.0,success
913,-1.152319312095642,-3.6128334999084473,-0.00017637896235100925,0.03233276680111885,0.03233276680111885,1.0,-3.0,success
914,-1.1522650718688965,-3.611800193786621,-0.00017639202997088432,0.03233527019619942,0.03233527019619942,1.0,3.0,success
915,-1.152212381362915,-3.610766887664795,-0.00017638987628743052,0.03233276680111885,0.03233276680111885,1.0,3.0,success
916,-1.1521624326705933,-3.6097333431243896,-0.00017638654389884323,0.03233595937490463,0.03233595937490463,1.0,3.0,success
917,-1.1521151065826416,-3.6086995601654053,-0.00017638255667407066,0.03233955055475235,0.03233955055475235,1.0,3.0,success
918,-1.1520705223083496,-3.607665777206421,-0.00017637810378801078,0.03233574703335762,0.03233574330806732,1.0,3.0,success
919,-1.1520272493362427,-3.6066319942474365,-0.00017636171833146363,0.03233400359749794,0.03233400359749794,1.0,-3.0,success
920,-1.1519819498062134,-3.605598211288452,-0.00017636023403611034,0.03233671560883522,0.03233671560883522,1.0,-3.0,success
921,-1.1519352197647095,-3.604564666748047,-0.00017637270502746105,0.03233126178383827,0.03233126178383827,1.0,3.0,success
922,-1.1518902778625488,-3.6035308837890625,-0.0001763703185133636,0.03233622759580612,0.03233622759580612,1.0,3.0,success
923,-1.1518479585647583,-3.602497100830078,-0.00017636691336520016,0.03233277052640915,0.03233277052640915,1.0,3.0,success
924,-1.1518070697784424,-3.6014630794525146,-0.00017635160475037992,0.03233841806650162,0.03233841806650162,1.0,-3.0,success
925,-1.1517653465270996,-3.6004292964935303,-0.0001763628824846819,0.03233201801776886,0.03233201429247856,1.0,3.0,success
926,-1.1517242193222046,-3.599395275115967,-0.00017634878167882562,0.032338716089725494,0.032338716089725494,1.0,-3.0,success
927,-1.1516810655593872,-3.5983614921569824,-0.00017634885443840176,0.0323338508605957,0.032333847135305405,1.0,-3.0,success
928,-1.1516351699829102,-3.597327709197998,-0.00017635062977205962,0.03233753889799118,0.03233753889799118,1.0,-3.0,success
929,-1.151586651802063,-3.5962941646575928,-0.0001763535401551053,0.03233383223414421,0.03233383223414421,1.0,-3.0,success
930,-1.1515355110168457,-3.5952606201171875,-0.00017635738186072558,0.03233777731657028,0.03233777731657028,1.0,-3.0,success
931,-1.1514830589294434,-3.5942273139953613,-0.00017637311248108745,0.032332390546798706,0.032332390546798706,1.0,3.0,success
932,-1.1514322757720947,-3.593193769454956,-0.00017637290875427425,0.03233722969889641,0.03233722969889641,1.0,3.0,success
933,-1.1513844728469849,-3.592160224914551,-0.00017637126438785344,0.03233279287815094,0.03233279287815094,1.0,3.0,success
934,-1.1513392925262451,-3.5911264419555664,-0.0001763687760103494,0.032336555421352386,0.032336555421352386,1.0,3.0,success
935,-1.1512956619262695,-3.590092658996582,-0.00017635448602959514,0.032334476709365845,0.032334472984075546,1.0,-3.0,success
936,-1.1512500047683716,-3.5890588760375977,-0.0001763546752044931,0.03233720734715462,0.03233720734715462,1.0,-3.0,success
937,-1.1512030363082886,-3.5880253314971924,-0.00017636809207033366,0.03233160078525543,0.032331597059965134,1.0,3.0,success
938,-1.1511578559875488,-3.586991548538208,-0.000176366520463489,0.032336555421352386,0.032336555421352386,1.0,3.0,success
939,-1.1511154174804688,-3.5859575271606445,-0.00017636378470342606,0.03234036639332771,0.03234036639332771,1.0,3.0,success
940,-1.1510757207870483,-3.58492374420166,-0.00017636049597058445,0.03232952207326889,0.03232952207326889,1.0,3.0,success
941,-1.1510387659072876,-3.5838894844055176,-0.00017635684343986213,0.03234124556183815,0.03234124183654785,1.0,3.0,success
942,-1.151004433631897,-3.582855463027954,-0.00017635291442275047,0.03233097121119499,0.03233097121119499,1.0,3.0,success
943,-1.1509714126586914,-3.5818212032318115,-0.00017633724201004952,0.03233708441257477,0.03233708441257477,1.0,-3.0,success
944,-1.1509360074996948,-3.580787181854248,-0.00017633593233767897,0.032332103699445724,0.032332103699445724,1.0,-3.0,success
945,-1.150899052619934,-3.5797531604766846,-0.00017634837422519922,0.032333798706531525,0.032333794981241226,1.0,3.0,success
946,-1.1508642435073853,-3.578718900680542,-0.00017634635150898248,0.03233891725540161,0.03233891725540161,1.0,3.0,success
947,-1.1508322954177856,-3.5776846408843994,-0.00017634341202210635,0.0323360338807106,0.0323360338807106,1.0,3.0,success
948,-1.1508029699325562,-3.576650381088257,-0.0001763402106007561,0.0323336087167263,0.032333604991436005,1.0,3.0,success
949,-1.1507749557495117,-3.5756161212921143,-0.00017632529488764703,0.032332468777894974,0.032332468777894974,1.0,-3.0,success
950,-1.1507456302642822,-3.5745818614959717,-0.0001763365580700338,0.0323336087167263,0.032333604991436005,1.0,3.0,success
951,-1.1507173776626587,-3.573547601699829,-0.00017632287926971912,0.03233267366886139,0.03233267366886139,1.0,-3.0,success
952,-1.1506866216659546,-3.5725133419036865,-0.0001763227628543973,0.032334908843040466,0.03233490511775017,1.0,-3.0,success
953,-1.1506530046463013,-3.571479082107544,-0.000176324145286344,0.03233768790960312,0.03233768790960312,1.0,-3.0,success
954,-1.1506167650222778,-3.5704450607299805,-0.00017632638628128916,0.03233300521969795,0.03233300521969795,1.0,-3.0,success
955,-1.1505779027938843,-3.569411039352417,-0.00017632935487199575,0.03233598172664642,0.032335978001356125,1.0,-3.0,success
956,-1.1505364179611206,-3.5683770179748535,-0.0001763329200912267,0.03233915939927101,0.03233915939927101,1.0,-3.0,success
957,-1.1504923105239868,-3.567343235015869,-0.0001763370237313211,0.032335106283426285,0.032335106283426285,1.0,-3.0,success
958,-1.150445818901062,-3.566309690475464,-0.00017634162213653326,0.03233092650771141,0.03233092278242111,1.0,-3.0,success
959,-1.1503980159759521,-3.5652759075164795,-0.00017635748372413218,0.03234023600816727,0.03234023600816727,1.0,3.0,success
960,-1.15035080909729,-3.564242362976074,-0.00017634719552006572,0.03233193978667259,0.03233193978667259,1.0,-3.0,success
961,-1.1503019332885742,-3.563208818435669,-0.00017635070253163576,0.032334357500076294,0.032334357500076294,1.0,-3.0,success
962,-1.150251865386963,-3.5621752738952637,-0.00017636606935411692,0.03233614191412926,0.03233614191412926,1.0,3.0,success
963,-1.1502037048339844,-3.5611417293548584,-0.00017636588017921895,0.032333310693502426,0.032333310693502426,1.0,3.0,success
964,-1.1501582860946655,-3.560107946395874,-0.00017636429402045906,0.03233687952160835,0.03233687952160835,1.0,3.0,success
965,-1.150115728378296,-3.5590739250183105,-0.00017636192205827683,0.03234051913022995,0.03234051913022995,1.0,3.0,success
966,-1.150075912475586,-3.558039903640747,-0.00017635896801948547,0.03233711048960686,0.03233711048960686,1.0,3.0,success
967,-1.1500388383865356,-3.5570058822631836,-0.00017635557742323726,0.03233392909169197,0.03233392909169197,1.0,3.0,success
968,-1.15000319480896,-3.55597186088562,-0.00017634053074289113,0.03233235701918602,0.03233235701918602,1.0,-3.0,success
969,-1.1499651670455933,-3.5549378395080566,-0.00017633970128372312,0.032335009425878525,0.032335009425878525,1.0,-3.0,success
970,-1.149925708770752,-3.553903818130493,-0.00017635239055380225,0.032336682081222534,0.032336682081222534,1.0,3.0,success
971,-1.149888277053833,-3.5528697967529297,-0.00017635055701248348,0.032334331423044205,0.032334327697753906,1.0,3.0,success
972,-1.1498535871505737,-3.551835536956787,-0.00017634771938901395,0.032338790595531464,0.032338790595531464,1.0,3.0,success
973,-1.1498217582702637,-3.5508015155792236,-0.00017634454707149416,0.032328471541404724,0.032328471541404724,1.0,3.0,success
974,-1.1497924327850342,-3.549767017364502,-0.00017634117102716118,0.03234105557203293,0.03234105184674263,1.0,3.0,success
975,-1.1497658491134644,-3.5487327575683594,-0.00017633767856750637,0.03233129158616066,0.03233129158616066,1.0,3.0,success
976,-1.1497418880462646,-3.5476982593536377,-0.00017633417155593634,0.03233673796057701,0.03233673796057701,1.0,3.0,success
977,-1.149720549583435,-3.546663761138916,-0.00017633069364819676,0.03233494237065315,0.03233494237065315,1.0,3.0,success
978,-1.1497005224227905,-3.5456292629241943,-0.00017631550144869834,0.03233412653207779,0.03233412653207779,1.0,-3.0,success
979,-1.1496773958206177,-3.5445947647094727,-0.00017631423543207347,0.032336145639419556,0.032336145639419556,1.0,-3.0,success
980,-1.1496515274047852,-3.54356050491333,-0.0001763146137818694,0.032330721616744995,0.032330721616744995,1.0,-3.0,success
981,-1.149622917175293,-3.5425262451171875,-0.00017631590890232474,0.03233298286795616,0.03233298286795616,1.0,-3.0,success
982,-1.1495915651321411,-3.541491985321045,-0.00017631793161854148,0.03233546391129494,0.03233546391129494,1.0,-3.0,success
983,-1.1495577096939087,-3.5404577255249023,-0.0001763205655151978,0.03233793005347252,0.03233793005347252,1.0,-3.0,success
984,-1.1495224237442017,-3.539423704147339,-0.0001763349719112739,0.03233197331428528,0.03233197331428528,1.0,3.0,success
985,-1.1494896411895752,-3.5383894443511963,-0.0001763342588674277,0.032336849719285965,0.032336849719285965,1.0,3.0,success
986,-1.149459719657898,-3.5373551845550537,-0.0001763325126376003,0.032334137707948685,0.032334137707948685,1.0,3.0,success
987,-1.1494325399398804,-3.536320686340332,-0.00017633043171372265,0.032339222729206085,0.032339222729206085,1.0,3.0,success
988,-1.1494081020355225,-3.5352864265441895,-0.00017632811795920134,0.03232963755726814,0.03232963755726814,1.0,3.0,success
989,-1.1493864059448242,-3.5342519283294678,-0.00017632567323744297,0.032335177063941956,0.032335177063941956,1.0,3.0,success
990,-1.149367332458496,-3.533217430114746,-0.00017632314120419323,0.03233356028795242,0.03233356028795242,1.0,3.0,success
991,-1.149349570274353,-3.5321829319000244,-0.00017630905495025218,0.032332830131053925,0.032332830131053925,1.0,-3.0,success
992,-1.1493288278579712,-3.5311484336853027,-0.00017630857473704964,0.03233456611633301,0.03233456611633301,1.0,-3.0,success
993,-1.1493066549301147,-3.530113935470581,-0.00017632130766287446,0.032335493713617325,0.032335489988327026,1.0,3.0,success
994,-1.149287223815918,-3.5290794372558594,-0.00017631996888667345,0.03233376890420914,0.03233376890420914,1.0,3.0,success
995,-1.1492704153060913,-3.5280447006225586,-0.00017631791706662625,0.03233978524804115,0.03233978524804115,1.0,3.0,success
996,-1.1492562294006348,-3.527010202407837,-0.00017631585069466382,0.03233110532164574,0.03233110532164574,1.0,3.0,success
997,-1.149244785308838,-3.525975465774536,-0.0001763138425303623,0.0323374979197979,0.0323374979197979,1.0,3.0,success
998,-1.1492358446121216,-3.5249409675598145,-0.00017631196533329785,0.03232927620410919,0.03232927620410919,1.0,3.0,success
999,-1.1492280960083008,-3.5239062309265137,-0.00017629849025979638,0.03233642503619194,0.03233642503619194,1.0,-3.0,success
1000,-1.1492176055908203,-3.522871494293213,-0.0001762983447406441,0.03233718127012253,0.03233718127012253,1.0,-3.0,success
1001,-1.149204134941101,-3.521836996078491,-0.0001762992178555578,0.03233080729842186,0.03233080729842186,1.0,-3.0,success
1002,-1.1491879224777222,-3.5208024978637695,-0.0001763005566317588,0.03233203664422035,0.03233203664422035,1.0,-3.0,success
1003,-1.1491689682006836,-3.5197677612304688,-0.00017630223010201007,0.032340943813323975,0.032340943813323975,1.0,-3.0,success
1004,-1.1491472721099854,-3.518733263015747,-0.00017630422371439636,0.032335177063941956,0.032335177063941956,1.0,-3.0,success
1005,-1.149122953414917,-3.5176990032196045,-0.00017630652291700244,0.03232955187559128,0.03232955187559128,1.0,-3.0,success
1006,-1.149096131324768,-3.516664505004883,-0.0001763091131579131,0.032338932156562805,0.032338932156562805,1.0,-3.0,success
1007,-1.149066686630249,-3.5156302452087402,-0.00017631197988521308,0.03233371302485466,0.03233371302485466,1.0,-3.0,success
1008,-1.1490347385406494,-3.5145959854125977,-0.00017631515220273286,0.0323360338807106,0.0323360338807106,1.0,-3.0,success
1009,-1.1490002870559692,-3.513561725616455,-0.00017631860100664198,0.03233854100108147,0.03233854100108147,1.0,-3.0,success
1010,-1.1489633321762085,-3.5125277042388916,-0.00017632236995268613,0.032333798706531525,0.032333794981241226,1.0,-3.0,success
1011,-1.1489238739013672,-3.511493682861328,-0.00017632642993703485,0.032336682081222534,0.032336682081222534,1.0,-3.0,success
1012,-1.1488819122314453,-3.5104598999023438,-0.00017633081006351858,0.03233231604099274,0.03233231604099274,1.0,-3.0,success
1013,-1.1488374471664429,-3.5094261169433594,-0.00017633551033213735,0.03233558312058449,0.03233558312058449,1.0,-3.0,success
1014,-1.1487905979156494,-3.508392572402954,-0.00017634054529480636,0.0323314294219017,0.0323314294219017,1.0,-3.0,success
1015,-1.1487412452697754,-3.507359027862549,-0.0001763459003996104,0.032335065305233,0.032335065305233,1.0,-3.0,success
1016,-1.1486893892288208,-3.5063254833221436,-0.0001763515901984647,0.03233889117836952,0.03233889117836952,1.0,-3.0,success
1017,-1.1486351490020752,-3.5052921772003174,-0.00017635761469136924,0.03233527019619942,0.03233527019619942,1.0,-3.0,success
1018,-1.148578405380249,-3.5042591094970703,-0.00017636398843023926,0.03233202546834946,0.03233202546834946,1.0,-3.0,success
1019,-1.1485191583633423,-3.5032260417938232,-0.00017637069686315954,0.032336410135030746,0.032336410135030746,1.0,-3.0,success
1020,-1.1484575271606445,-3.5021932125091553,-0.0001763777545420453,0.03233332559466362,0.03233332559466362,1.0,-3.0,success
1021,-1.1483933925628662,-3.5011603832244873,-0.00017638516146689653,0.032338082790374756,0.03233807906508446,1.0,-3.0,success
1022,-1.1483268737792969,-3.5001277923583984,-0.00017639291763771325,0.032335348427295685,0.032335348427295685,1.0,-3.0,success
1023,-1.148257851600647,-3.4990954399108887,-0.00017640102305449545,0.03233303874731064,0.03233303874731064,1.0,-3.0,success
1024,-1.1481863260269165,-3.498063087463379,-0.00017640947771724313,0.032338351011276245,0.032338351011276245,1.0,-3.0,success
1025,-1.148112416267395,-3.4970309734344482,-0.00017641829617787153,0.03233615309000015,0.03233615309000015,1.0,-3.0,success
1026,-1.148036003112793,-3.4959990978240967,-0.00017642744933255017,0.032334405928850174,0.032334405928850174,1.0,-3.0,success
1027,-1.1479572057724,-3.494967460632324,-0.00017643696628510952,0.032332565635442734,0.032332565635442734,1.0,-3.0,success
1028,-1.1478759050369263,-3.4939358234405518,-0.00017644683248363435,0.032338619232177734,0.032338615506887436,1.0,-3.0,success
1029,-1.1477922201156616,-3.4929044246673584,-0.0001764570624800399,0.03233712911605835,0.03233712911605835,1.0,-3.0,success
1030,-1.1477060317993164,-3.491873264312744,-0.00017646764172241092,0.03233612701296806,0.03233612701296806,1.0,-3.0,success
1031,-1.1476174592971802,-3.490842342376709,-0.00017647857021074742,0.03233499452471733,0.03233499452471733,1.0,-3.0,success
1032,-1.1475263833999634,-3.489811658859253,-0.00017648986249696463,0.03233436122536659,0.03233436122536659,1.0,-3.0,success
1033,-1.147432804107666,-3.488781213760376,-0.00017650150402914733,0.032333921641111374,0.032333921641111374,1.0,-3.0,success
1034,-1.1473368406295776,-3.487751007080078,-0.0001765134948072955,0.03233332559466362,0.03233332559466362,1.0,-3.0,success
1035,-1.1472383737564087,-3.4867208003997803,-0.00017652584938332438,0.032340675592422485,0.03234067186713219,1.0,-3.0,success
1036,-1.1471375226974487,-3.4856910705566406,-0.00017653855320531875,0.032333020120859146,0.032333020120859146,1.0,-3.0,success
1037,-1.1470342874526978,-3.48466157913208,-0.00017655162082519382,0.032332953065633774,0.032332953065633774,1.0,-3.0,success
1038,-1.1469297409057617,-3.483632802963257,-0.00017218338325619698,0.03231512010097504,0.03231482952833176,1.0,-3.0,success
1039,-1.146822452545166,-3.4826040267944336,-0.00017284703790210187,0.03232361003756523,0.032323602586984634,1.0,-3.0,success
1040,-1.1467125415802002,-3.4815754890441895,-0.00017359727644361556,0.032324809581041336,0.03232480213046074,1.0,-3.0,success
1041,-1.1466001272201538,-3.4805469512939453,-0.00017421162920072675,0.03233321011066437,0.03233320638537407,1.0,-3.0,success
1042,-1.1464850902557373,-3.4795188903808594,-0.00017470667080488056,0.03232740983366966,0.032327406108379364,1.0,-3.0,success
1043,-1.1463674306869507,-3.4784910678863525,-0.0001751058443915099,0.032329220324754715,0.032329216599464417,1.0,-3.0,success
1044,-1.1462472677230835,-3.4774632453918457,-0.00017542840214446187,0.032338209450244904,0.032338209450244904,1.0,-3.0,success
1045,-1.1461247205734253,-3.476435899734497,-0.00017568976909387857,0.032332152128219604,0.032332148402929306,1.0,-3.0,success
1046,-1.145999550819397,-3.4754087924957275,-0.00017590228526387364,0.03233456611633301,0.03233456611633301,1.0,-3.0,success
1047,-1.1458719968795776,-3.474381923675537,-0.00017607583140488714,0.032336268573999405,0.032336268573999405,1.0,-3.0,success
1048,-1.1457419395446777,-3.473355531692505,-0.0001762182655511424,0.03233122080564499,0.03233122080564499,1.0,-3.0,success
1049,-1.1456094980239868,-3.4723293781280518,-0.0001763359032338485,0.03233328461647034,0.03233328461647034,1.0,-3.0,success
1050,-1.1454744338989258,-3.4713034629821777,-0.0001764337794156745,0.032336488366127014,0.032336488366127014,1.0,-3.0,success
1051,-1.1453371047973633,-3.470277786254883,-0.00017651593952905387,0.03233841806650162,0.03233841806650162,1.0,-3.0,success
1052,-1.1451971530914307,-3.469252586364746,-0.00017658559954725206,0.03233463317155838,0.03233463317155838,1.0,-3.0,success
1053,-1.1450549364089966,-3.4682276248931885,-0.00017664532060734928,0.03233690187335014,0.03233690187335014,1.0,-3.0,success
1054,-1.1449100971221924,-3.467203140258789,-0.0001766971981851384,0.03233351558446884,0.03233351558446884,1.0,-3.0,success
1055,-1.1447629928588867,-3.4661788940429688,-0.0001767428475432098,0.03233612701296806,0.032336123287677765,1.0,-3.0,success
1056,-1.144614577293396,-3.465155601501465,-0.00017239157750736922,0.03231276571750641,0.03231247887015343,1.0,-3.0,success
1057,-1.1444634199142456,-3.464132308959961,-0.00017308049427811056,0.0323248952627182,0.0323248915374279,1.0,-3.0,success
1058,-1.144309639930725,-3.463109254837036,-0.00017385213868692517,0.03232961148023605,0.03232960030436516,1.0,-3.0,success
1059,-1.144153356552124,-3.4620866775512695,-0.00017448488506488502,0.0323265977203846,0.032326590269804,1.0,-3.0,success
1060,-1.1439944505691528,-3.461064338684082,-0.00017499590467195958,0.032331716269254684,0.032331712543964386,1.0,-3.0,success
1061,-1.143833041191101,-3.4600422382354736,-0.0001754091354086995,0.032336462289094925,0.032336462289094925,1.0,-3.0,success
1062,-1.1436690092086792,-3.4590206146240234,-0.00017574419325683266,0.03233463317155838,0.03233463317155838,1.0,-3.0,success
1063,-1.1435027122497559,-3.4579994678497314,-0.00017601685249246657,0.03233122080564499,0.03233122080564499,1.0,-3.0,success
1064,-1.1433337926864624,-3.4569785594940186,-0.0001762396568665281,0.03233714774250984,0.03233714401721954,1.0,-3.0,success
1065,-1.1431623697280884,-3.455958127975464,-0.00017642270540818572,0.032335314899683,0.0323353111743927,1.0,-3.0,success
1066,-1.1429885625839233,-3.4549381732940674,-0.00017657400167081505,0.032333049923181534,0.032333049923181534,1.0,-3.0,success
1067,-1.1428123712539673,-3.45391845703125,-0.00017670000670477748,0.03233831003308296,0.032338306307792664,1.0,-3.0,success
1068,-1.1426336765289307,-3.452899217605591,-0.00017680585733614862,0.032337043434381485,0.032337043434381485,1.0,-3.0,success
1069,-1.142452597618103,-3.45188045501709,-0.00017689565720502287,0.0323353186249733,0.0323353186249733,1.0,-3.0,success
1070,-1.1422690153121948,-3.450862169265747,-0.00017697268049232662,0.03233443945646286,0.03233443945646286,1.0,-3.0,success
1071,-1.1420830488204956,-3.4498441219329834,-0.00017703959019854665,0.032340411096811295,0.032340411096811295,1.0,-3.0,success
1072,-1.1418946981430054,-3.448826551437378,-0.0001770984526956454,0.03233923017978668,0.03233923017978668,1.0,-3.0,success
1073,-1.1417038440704346,-3.4478096961975098,-0.00017715097055770457,0.03233158960938454,0.03233158960938454,1.0,-3.0,success
1074,-1.1415106058120728,-3.4467930793762207,-0.00017719848256092519,0.03233809769153595,0.03233809769153595,1.0,-3.0,success
1075,-1.14131498336792,-3.44577693939209,-0.00017724206554703414,0.03233746066689491,0.03233746066689491,1.0,-3.0,success
1076,-1.1411168575286865,-3.444761276245117,-0.0001772825635271147,0.03233771398663521,0.03233771398663521,1.0,-3.0,success
1077,-1.1409164667129517,-3.4437460899353027,-0.00017732067499309778,0.03233672305941582,0.03233672305941582,1.0,-3.0,success
1078,-1.1407135725021362,-3.4427313804626465,-0.0001773569529177621,0.03233735263347626,0.03233735263347626,1.0,-3.0,success
1079,-1.1405082941055298,-3.4417171478271484,-0.00017739181930664927,0.03233743831515312,0.03233743831515312,1.0,-3.0,success
1080,-1.1403005123138428,-3.4407033920288086,-0.00017742563795764,0.032338451594114304,0.032338451594114304,1.0,-3.0,success
1081,-1.1400904655456543,-3.439690113067627,-0.00017745869990903884,0.03233814612030983,0.03233814612030983,1.0,-3.0,success
1082,-1.1398779153823853,-3.4386775493621826,-0.00017749119433574378,0.03233224153518677,0.03233224153518677,1.0,-3.0,success
1083,-1.1396629810333252,-3.4376652240753174,-0.00017752333951648325,0.032340340316295624,0.032340340316295624,1.0,-3.0,success
1084,-1.1394456624984741,-3.4366536140441895,-0.00017755526641849428,0.032334040850400925,0.032334040850400925,1.0,-3.0,success
1085,-1.139225959777832,-3.4356422424316406,-0.0001775870769051835,0.032342493534088135,0.032342493534088135,1.0,-3.0,success
1086,-1.1390037536621094,-3.434631586074829,-0.00017761887283995748,0.032337360084056854,0.032337360084056854,1.0,-3.0,success
1087,-1.1387792825698853,-3.433621406555176,-0.00017765071243047714,0.032338082790374756,0.032338082790374756,1.0,-3.0,success
1088,-1.1385523080825806,-3.4326119422912598,-0.00017768268298823386,0.032333340495824814,0.032333340495824814,1.0,-3.0,success
1089,-1.1383230686187744,-3.431602716445923,-0.0001777148136170581,0.03234167397022247,0.03234167397022247,1.0,-3.0,success
1090,-1.1380913257598877,-3.4305942058563232,-0.0001777471334207803,0.032337307929992676,0.032337307929992676,1.0,-3.0,success
1091,-1.13785719871521,-3.429586172103882,-0.00017777970060706139,0.032339561730623245,0.032339561730623245,1.0,-3.0,success
1092,-1.1376206874847412,-3.4285788536071777,-0.00017781250062398612,0.03233473747968674,0.03233473747968674,1.0,-3.0,success
1093,-1.1373817920684814,-3.427572011947632,-0.0001778455771273002,0.03233734890818596,0.03233734890818596,1.0,-3.0,success
1094,-1.1371405124664307,-3.426565647125244,-0.00017787894466891885,0.03234013915061951,0.03234013915061951,1.0,-3.0,success
1095,-1.1368968486785889,-3.4255599975585938,-0.0001779126178007573,0.03233586624264717,0.03233586624264717,1.0,-3.0,success
1096,-1.136650800704956,-3.4245548248291016,-0.0001779465819709003,0.03233902156352997,0.03233902156352997,1.0,-3.0,success
1097,-1.1364022493362427,-3.4235503673553467,-0.00017798088083509356,0.03233600780367851,0.03233600780367851,1.0,-3.0,success
1098,-1.1361514329910278,-3.42254638671875,-0.00017801548528950661,0.03233863040804863,0.03233863040804863,1.0,-3.0,success
1099,-1.135898232460022,-3.4215431213378906,-0.00017805042443796992,0.03233509510755539,0.03233509510755539,1.0,-3.0,success
1100,-1.135642647743225,-3.4205403327941895,-0.00017808569828048348,0.03233896568417549,0.03233896568417549,1.0,-3.0,success
1101,-1.1353846788406372,-3.4195380210876465,-0.00017812129226513207,0.03234301880002022,0.03234301880002022,1.0,-3.0,success
1102,-1.1351243257522583,-3.41853666305542,-0.00017815723549574614,0.032332826405763626,0.032332826405763626,1.0,-3.0,success
1103,-1.1348615884780884,-3.4175357818603516,-0.00017819351342041045,0.0323372408747673,0.0323372408747673,1.0,-3.0,success
1104,-1.1345964670181274,-3.4165353775024414,-0.00017823012603912503,0.03234183415770531,0.03234183415770531,1.0,-3.0,success
1105,-1.1343289613723755,-3.4155356884002686,-0.00017826707335188985,0.03233940899372101,0.03233940899372101,1.0,-3.0,success
1106,-1.1340590715408325,-3.414536714553833,-0.00017830436991062015,0.03233717009425163,0.03233717009425163,1.0,-3.0,success
1107,-1.133786916732788,-3.4135382175445557,-0.00017834201571531594,0.03234132379293442,0.03234132379293442,1.0,-3.0,success
1108,-1.133512258529663,-3.4125406742095947,-0.00017837999621406198,0.03233325108885765,0.03233325108885765,1.0,-3.0,success
1109,-1.1332353353500366,-3.411543607711792,-0.00017841831140685827,0.03233775496482849,0.03233775496482849,1.0,-3.0,success
1110,-1.1329559087753296,-3.4105470180511475,-0.00017845697584562004,0.032344430685043335,0.032344430685043335,1.0,-3.0,success
1111,-1.1326755285263062,-3.409550905227661,-0.00017850528820417821,0.03233814612030983,0.03233814612030983,1.0,3.0,success
1112,-1.1323950290679932,-3.4085540771484375,-0.0001785227213986218,0.03236066922545433,0.03236066922545433,1.0,3.0,success
1113,-1.132114052772522,-3.4075565338134766,-0.00017852787277661264,0.03238622471690178,0.03238622471690178,1.0,3.0,success
1114,-1.1318323612213135,-3.406558036804199,-0.00017852423479780555,0.03242097049951553,0.03242097049951553,1.0,3.0,success
1115,-1.1315525770187378,-3.4055588245391846,-0.00017851691518444568,0.03242636099457741,0.03242636099457741,1.0,3.0,success
1116,-1.1312755346298218,-3.4045591354370117,-0.0001785044587450102,0.032417722046375275,0.032417722046375275,1.0,3.0,success
1117,-1.1310011148452759,-3.4035584926605225,-0.00017848692368716002,0.032424673438072205,0.032424669712781906,1.0,3.0,success
1118,-1.1307293176651,-3.402557373046875,-0.0001784653140930459,0.032417476177215576,0.032417476177215576,1.0,3.0,success
1119,-1.1304600238800049,-3.4015557765960693,-0.00017844047397375107,0.03241145238280296,0.03241145238280296,1.0,3.0,success
1120,-1.1301932334899902,-3.4005532264709473,-0.00017841311637312174,0.03242002800107002,0.03242002800107002,1.0,3.0,success
1121,-1.1299290657043457,-3.399550199508667,-0.0001783838088158518,0.032413456588983536,0.032413456588983536,1.0,3.0,success
1122,-1.1296674013137817,-3.3985466957092285,-0.00017835298785939813,0.03240804001688957,0.03240804001688957,1.0,3.0,success
1123,-1.129408359527588,-3.3975424766540527,-0.00017832103185355663,0.03240910544991493,0.03240910544991493,1.0,3.0,success
1124,-1.129151701927185,-3.3965375423431396,-0.00017828821728471667,0.03241222724318504,0.03241222724318504,1.0,3.0,success
1125,-1.1288975477218628,-3.3955321311950684,-0.0001782547915354371,0.032407406717538834,0.032407406717538834,1.0,3.0,success
1126,-1.1286460161209106,-3.394526243209839,-0.0001782209292287007,0.03240187466144562,0.03240187466144562,1.0,3.0,success
1127,-1.1283968687057495,-3.393519639968872,-0.00017818680498749018,0.03240557760000229,0.03240557760000229,1.0,3.0,success
1128,-1.128150224685669,-3.392512321472168,-0.00017815253522712737,0.03240858018398285,0.03240858018398285,1.0,3.0,success
1129,-1.1279062032699585,-3.3915047645568848,-0.00017811820725910366,0.032396428287029266,0.032396428287029266,1.0,3.0,success
1130,-1.127664566040039,-3.3904964923858643,-0.00017808389384299517,0.0324007086455822,0.0324007086455822,1.0,3.0,success
1131,-1.1274254322052002,-3.3894877433776855,-0.00017804968229029328,0.0323970653116703,0.032397061586380005,1.0,3.0,success
1132,-1.1271889209747314,-3.3884782791137695,-0.00017801561625674367,0.032400019466876984,0.032400019466876984,1.0,3.0,success
1133,-1.1269547939300537,-3.3874683380126953,-0.0001779817248461768,0.032397620379924774,0.032397620379924774,1.0,3.0,success
1134,-1.1267231702804565,-3.386457920074463,-0.00017794805171433836,0.032394565641880035,0.032394565641880035,1.0,3.0,success
1135,-1.12649405002594,-3.3854470252990723,-0.00017791461141314358,0.032391712069511414,0.032391712069511414,1.0,3.0,success
1136,-1.1262675523757935,-3.3844356536865234,-0.00017788144759833813,0.03238823264837265,0.03238823264837265,1.0,3.0,success
1137,-1.126043438911438,-3.3834235668182373,-0.00017784856026992202,0.03239385411143303,0.03239385411143303,1.0,3.0,success
1138,-1.125821828842163,-3.382411241531372,-0.00017781594942789525,0.03238430991768837,0.03238430991768837,1.0,3.0,success
1139,-1.1256027221679688,-3.3813982009887695,-0.0001777836587280035,0.03238951787352562,0.03238951787352562,1.0,3.0,success
1140,-1.125386118888855,-3.380384683609009,-0.00017775168817024678,0.032387640327215195,0.032387640327215195,1.0,3.0,success
1141,-1.1251721382141113,-3.37937068939209,-0.00017772002320270985,0.032385192811489105,0.032385192811489105,1.0,3.0,success
1142,-1.1249605417251587,-3.3783562183380127,-0.00017768869292922318,0.0323844775557518,0.0323844775557518,1.0,3.0,success
1143,-1.1247515678405762,-3.3773412704467773,-0.00017765768279787153,0.03238243609666824,0.03238243609666824,1.0,3.0,success
1144,-1.1245449781417847,-3.376325845718384,-0.00017762702191248536,0.03238209709525108,0.03238209709525108,1.0,3.0,success
1145,-1.1243410110473633,-3.375309944152832,-0.00017759669572114944,0.03238046541810036,0.03238046541810036,1.0,3.0,success
1146,-1.124139428138733,-3.374293565750122,-0.00017756670422386378,0.03238049894571304,0.03238049894571304,1.0,3.0,success
1147,-1.1239404678344727,-3.373276710510254,-0.00017753704742062837,0.03237927705049515,0.03237927705049515,1.0,3.0,success
1148,-1.123744010925293,-3.3722593784332275,-0.00017750775441527367,0.03237897902727127,0.03237897902727127,1.0,3.0,success
1149,-1.1235500574111938,-3.371241807937622,-0.00017747879610396922,0.032371554523706436,0.032371554523706436,1.0,3.0,success
1150,-1.1233586072921753,-3.3702235221862793,-0.00017745017248671502,0.032378967851400375,0.03237896412611008,1.0,3.0,success
1151,-1.1231696605682373,-3.3692049980163574,-0.00017742191266734153,0.03237192705273628,0.03237192705273628,1.0,3.0,success
1152,-1.1229832172393799,-3.3681859970092773,-0.00017739400209393352,0.032372407615184784,0.032372407615184784,1.0,3.0,success
1153,-1.1227993965148926,-3.367166519165039,-0.00017736642621457577,0.03237242251634598,0.03237242251634598,1.0,3.0,success
1154,-1.1226179599761963,-3.3661465644836426,-0.00017733921413309872,0.032373953610658646,0.032373953610658646,1.0,3.0,success
1155,-1.1224391460418701,-3.365126371383667,-0.00017731233674567193,0.0323670394718647,0.0323670394718647,1.0,3.0,success
1156,-1.1222628355026245,-3.364105701446533,-0.00017728582315612584,0.03236830607056618,0.03236830607056618,1.0,3.0,success
1157,-1.1220890283584595,-3.363084554672241,-0.00017725965881254524,0.03236977383494377,0.03236977383494377,1.0,3.0,success
1158,-1.121917724609375,-3.36206316947937,-0.00017723384371493012,0.03236408904194832,0.03236408904194832,1.0,3.0,success
1159,-1.1217490434646606,-3.361041307449341,-0.00017720836331136525,0.032365333288908005,0.032365333288908005,1.0,3.0,success
1160,-1.1215828657150269,-3.3600189685821533,-0.00017718326125759631,0.032367393374443054,0.032367389649152756,1.0,3.0,success
1161,-1.1214191913604736,-3.3589963912963867,-0.00017715849389787763,0.03236228972673416,0.03236228972673416,1.0,3.0,success
1162,-1.121258020401001,-3.357973337173462,-0.00017713407578412443,0.03236473724246025,0.03236473724246025,1.0,3.0,success
1163,-1.1210993528366089,-3.356950044631958,-0.00017711002146825194,0.0323600210249424,0.0323600210249424,1.0,3.0,success
1164,-1.120943307876587,-3.355926275253296,-0.00017708631639834493,0.03236229345202446,0.03236229345202446,1.0,3.0,success
1165,-1.1207897663116455,-3.3549022674560547,-0.0001770629605744034,0.03235796466469765,0.03235796466469765,1.0,3.0,success
1166,-1.1206387281417847,-3.3538777828216553,-0.00017703995399642736,0.03236119821667671,0.03236119821667671,1.0,3.0,success
1167,-1.1204901933670044,-3.3528530597686768,-0.0001770172966644168,0.03235725685954094,0.03235725685954094,1.0,3.0,success
1168,-1.1203442811965942,-3.351828098297119,-0.00017699500313028693,0.03235297650098801,0.03235297650098801,1.0,3.0,success
1169,-1.1202008724212646,-3.3508026599884033,-0.00017697305884212255,0.03235679864883423,0.03235679864883423,1.0,3.0,success
1170,-1.1200599670410156,-3.3497767448425293,-0.00017695146379992366,0.03236082196235657,0.03236082196235657,1.0,3.0,success
1171,-1.1199216842651367,-3.3487508296966553,-0.00017693021800369024,0.03234977275133133,0.03234977275133133,1.0,3.0,success
1172,-1.1197857856750488,-3.347724437713623,-0.00017690933600533754,0.032354675233364105,0.032354675233364105,1.0,3.0,success
1173,-1.119652509689331,-3.3466975688934326,-0.0001768888032529503,0.0323587991297245,0.032358795404434204,1.0,3.0,success
1174,-1.1195218563079834,-3.345670700073242,-0.00017686861974652857,0.03234834969043732,0.03234834969043732,1.0,3.0,success
1175,-1.1193935871124268,-3.3446433544158936,-0.00017684880003798753,0.03235381841659546,0.03235381841659546,1.0,3.0,success
1176,-1.1192679405212402,-3.343615770339966,-0.00017682932957541198,0.032351162284612656,0.032351162284612656,1.0,3.0,success
1177,-1.1191449165344238,-3.342587947845459,-0.0001768102083588019,0.032348714768886566,0.032348714768886566,1.0,3.0,success
1178,-1.1190242767333984,-3.341559648513794,-0.00017679145094007254,0.032354746013879776,0.032354746013879776,1.0,3.0,success
1179,-1.1189062595367432,-3.340531349182129,-0.00017677302821539342,0.03234529867768288,0.03234529495239258,1.0,3.0,success
1180,-1.118790864944458,-3.3395025730133057,-0.00017675498384051025,0.03235086426138878,0.03235086426138878,1.0,3.0,success
1181,-1.1186778545379639,-3.3384737968444824,-0.00017673727415967733,0.03234264254570007,0.03234264254570007,1.0,3.0,success
1182,-1.1185674667358398,-3.337444543838501,-0.0001767199282767251,0.03234861046075821,0.03234861046075821,1.0,3.0,success
1183,-1.118459701538086,-3.3364150524139404,-0.00017670293163973838,0.032347384840250015,0.032347384840250015,1.0,3.0,success
1184,-1.1183544397354126,-3.335385322570801,-0.00017668629880063236,0.03234674409031868,0.03234674409031868,1.0,3.0,success
1185,-1.1182516813278198,-3.334355354309082,-0.00017667001520749182,0.032346297055482864,0.032346297055482864,1.0,3.0,success
1186,-1.1181514263153076,-3.333325147628784,-0.00017665408086031675,0.03234604001045227,0.03234604001045227,1.0,3.0,success
1187,-1.1180537939071655,-3.3322947025299072,-0.0001766385103110224,0.03234562277793884,0.03234562277793884,1.0,3.0,success
1188,-1.117958664894104,-3.3312642574310303,-0.00017662328900769353,0.03233833611011505,0.03233833611011505,1.0,3.0,success
1189,-1.1178661584854126,-3.330233335494995,-0.00017660843150224537,0.03234574943780899,0.03234574943780899,1.0,3.0,success
1190,-1.1177761554718018,-3.32920241355896,-0.00017659392324276268,0.03233885020017624,0.03233885020017624,1.0,3.0,success
1191,-1.1176886558532715,-3.3281710147857666,-0.00017657976422924548,0.03234698995947838,0.03234698995947838,1.0,3.0,success
1192,-1.1176037788391113,-3.3271396160125732,-0.000176565969013609,0.032340165227651596,0.032340165227651596,1.0,3.0,success
1193,-1.1175214052200317,-3.326107978820801,-0.00017655252304393798,0.03234126791357994,0.03234126791357994,1.0,3.0,success
1194,-1.1174416542053223,-3.325076103210449,-0.00017653944087214768,0.032342277467250824,0.032342277467250824,1.0,3.0,success
1195,-1.1173644065856934,-3.3240442276000977,-0.00017652670794632286,0.032336343079805374,0.032336343079805374,1.0,3.0,success
1196,-1.117289662361145,-3.323011875152588,-0.00017651433881837875,0.03234545886516571,0.03234545886516571,1.0,3.0,success
1197,-1.1172175407409668,-3.321979522705078,-0.00017650231893640012,0.03233964368700981,0.03233964368700981,1.0,3.0,success
1198,-1.1171479225158691,-3.3209471702575684,-0.00017649064830038697,0.03233428671956062,0.03233428671956062,1.0,3.0,success
1199,-1.1170809268951416,-3.3199143409729004,-0.00017647934146225452,0.03234374523162842,0.03234374523162842,1.0,3.0,success
1200,-1.1170164346694946,-3.3188817501068115,-0.00017646838387008756,0.03233134001493454,0.03233134001493454,1.0,3.0,success
1201,-1.1169545650482178,-3.3178486824035645,-0.0001764577900758013,0.032341208308935165,0.032341208308935165,1.0,3.0,success
1202,-1.1168951988220215,-3.3168156147003174,-0.00017644754552748054,0.03233662247657776,0.03233662247657776,1.0,3.0,success
1203,-1.1168383359909058,-3.315782308578491,-0.00017643766477704048,0.0323396697640419,0.0323396697640419,1.0,3.0,success
1204,-1.1167840957641602,-3.314749002456665,-0.0001764281332725659,0.03233527019619942,0.03233527019619942,1.0,3.0,success
1205,-1.1167323589324951,-3.3137154579162598,-0.00017641896556597203,0.0323387049138546,0.0323387049138546,1.0,3.0,success
1206,-1.1166832447052002,-3.3126819133758545,-0.00017641014710534364,0.03233471140265465,0.03233471140265465,1.0,3.0,success
1207,-1.1166366338729858,-3.31164813041687,-0.00017640167789068073,0.03233853727579117,0.03233853727579117,1.0,3.0,success
1208,-1.1165926456451416,-3.3106143474578857,-0.00017639358702581376,0.03233494609594345,0.03233494609594345,1.0,3.0,success
1209,-1.116551160812378,-3.3095805644989014,-0.00017638583085499704,0.032331716269254684,0.032331716269254684,1.0,3.0,success
1210,-1.1165121793746948,-3.308546543121338,-0.00017637843848206103,0.032336119562387466,0.032336119562387466,1.0,3.0,success
1211,-1.1164753437042236,-3.3075132369995117,-0.00017200151341967285,0.03231161832809448,0.032311324030160904,1.0,3.0,success
1212,-1.1164405345916748,-3.3064794540405273,-0.00017264288908336312,0.03232403099536896,0.03232402727007866,1.0,3.0,success
1213,-1.1164084672927856,-3.305445432662964,-0.0001733707613311708,0.03232870623469353,0.03232870250940323,1.0,3.0,success
1214,-1.1163792610168457,-3.3044114112854004,-0.0001739631115924567,0.03232606127858162,0.03232605382800102,1.0,3.0,success
1215,-1.1163525581359863,-3.303377151489258,-0.00017443645629100502,0.03233139216899872,0.03233138844370842,1.0,3.0,success
1216,-1.1163285970687866,-3.3023428916931152,-0.00017481418035458773,0.032329291105270386,0.032329291105270386,1.0,3.0,success
1217,-1.116307258605957,-3.3013086318969727,-0.00017511547775939107,0.03232749551534653,0.03232749551534653,1.0,3.0,success
1218,-1.1162885427474976,-3.300274133682251,-0.00017535575898364186,0.032333359122276306,0.032333359122276306,1.0,3.0,success
1219,-1.1162723302841187,-3.2992396354675293,-0.00017554730584379286,0.03233203664422035,0.03233203664422035,1.0,3.0,success
1220,-1.1162587404251099,-3.2982051372528076,-0.00017569998453836888,0.03233085945248604,0.03233085572719574,1.0,3.0,success
1221,-1.116247534751892,-3.297170400619507,-0.00017582163854967803,0.03233741223812103,0.03233741223812103,1.0,3.0,success
1222,-1.1162389516830444,-3.296135902404785,-0.00017591856885701418,0.03232917934656143,0.03232917934656143,1.0,3.0,success
1223,-1.1162328720092773,-3.2951011657714844,-0.00017599579587113112,0.032336074858903885,0.032336074858903885,1.0,3.0,success
1224,-1.1162294149398804,-3.2940664291381836,-0.00017605736502446234,0.03233569860458374,0.03233569860458374,1.0,3.0,success
1225,-1.1162283420562744,-3.293031692504883,-0.00017610644863452762,0.03233553469181061,0.03233553469181061,1.0,3.0,success
1226,-1.1162298917770386,-3.291997194290161,-0.00017614565149415284,0.032328102737665176,0.032328102737665176,1.0,3.0,success
1227,-1.1162339448928833,-3.2909624576568604,-0.0001761770254233852,0.03233576565980911,0.03233576565980911,1.0,3.0,success
1228,-1.1162405014038086,-3.2899277210235596,-0.00017620218568481505,0.03233616426587105,0.03233616426587105,1.0,3.0,success
1229,-1.116249442100525,-3.288893222808838,-0.00017622248560655862,0.03232927620410919,0.03232927620410919,1.0,3.0,success
1230,-1.1162610054016113,-3.287858486175537,-0.0001762389438226819,0.03233753889799118,0.03233753889799118,1.0,3.0,success
1231,-1.1162750720977783,-3.2868239879608154,-0.00017625241889618337,0.03233105316758156,0.03233105316758156,1.0,3.0,success
1232,-1.1162916421890259,-3.2857892513275146,-0.0001762635656632483,0.0323396660387516,0.0323396660387516,1.0,3.0,success
1233,-1.1163108348846436,-3.284754753112793,-0.00017627293709665537,0.032333631068468094,0.032333631068468094,1.0,3.0,success
1234,-1.1163324117660522,-3.2837202548980713,-0.0001762809552019462,0.03233509510755539,0.03233509510755539,1.0,3.0,success
1235,-1.1163564920425415,-3.2826859951019287,-0.00017628796922508627,0.03232937678694725,0.03232937306165695,1.0,3.0,success
1236,-1.1163830757141113,-3.281651496887207,-0.0001762942411005497,0.032338738441467285,0.032338738441467285,1.0,3.0,success
1237,-1.1164122819900513,-3.2806172370910645,-0.0001762999891070649,0.032333504408597946,0.032333504408597946,1.0,3.0,success
1238,-1.1164439916610718,-3.279582977294922,-0.00017630540241952986,0.032335806638002396,0.0323358029127121,1.0,3.0,success
1239,-1.1164783239364624,-3.2785489559173584,-0.00017631059745326638,0.03233097121119499,0.03233097121119499,1.0,3.0,success
1240,-1.1165151596069336,-3.277514696121216,-0.00017631571972742677,0.032341111451387405,0.032341111451387405,1.0,3.0,success
1241,-1.116554617881775,-3.2764809131622314,-0.00017632082744967192,0.03232923895120621,0.03232923895120621,1.0,3.0,success
1242,-1.1165965795516968,-3.275446891784668,-0.00017632602248340845,0.032339759171009064,0.032339759171009064,1.0,3.0,success
1243,-1.1166411638259888,-3.2744131088256836,-0.0001763313339324668,0.03233574703335762,0.03233574330806732,1.0,3.0,success
1244,-1.1166882514953613,-3.2733795642852783,-0.0001763368200045079,0.03233176842331886,0.03233176842331886,1.0,3.0,success
1245,-1.1167378425598145,-3.272346019744873,-0.00017634252435527742,0.032335422933101654,0.032335422933101654,1.0,3.0,success
1246,-1.1167900562286377,-3.2713124752044678,-0.0001763484615366906,0.03233945369720459,0.03233945369720459,1.0,3.0,success
1247,-1.116844892501831,-3.2702791690826416,-0.0001763546752044931,0.03233625367283821,0.03233625367283821,1.0,3.0,success
1248,-1.1169021129608154,-3.2692458629608154,-0.00017636115080676973,0.032340288162231445,0.032340288162231445,1.0,3.0,success
1249,-1.1169620752334595,-3.2682127952575684,-0.00017636793199926615,0.032337699085474014,0.032337699085474014,1.0,3.0,success
1250,-1.1170244216918945,-3.2671799659729004,-0.0001763750333338976,0.03233466297388077,0.03233466297388077,1.0,3.0,success
1251,-1.1170895099639893,-3.2661471366882324,-0.00017638244025874883,0.03233994171023369,0.03233994171023369,1.0,3.0,success
1252,-1.117156982421875,-3.2651145458221436,-0.00017639018187765032,0.03233727812767029,0.03233727440237999,1.0,3.0,success
1253,-1.1172270774841309,-3.2640819549560547,-0.00017639824363868684,0.03234272450208664,0.03234272450208664,1.0,3.0,success
1254,-1.1172996759414673,-3.263049840927124,-0.0001764066400937736,0.03233325108885765,0.03233325108885765,1.0,3.0,success
1255,-1.1173748970031738,-3.2620177268981934,-0.00017641538579482585,0.032339103519916534,0.032339103519916534,1.0,3.0,success
1256,-1.117452621459961,-3.2609856128692627,-0.00017642448074184358,0.03234488517045975,0.03234488517045975,1.0,3.0,success
1257,-1.1175329685211182,-3.2599539756774902,-0.00017643391038291156,0.032336290925741196,0.0323362872004509,1.0,3.0,success
1258,-1.117615818977356,-3.2589223384857178,-0.00017644370382186025,0.03234245628118515,0.03234245628118515,1.0,3.0,success
1259,-1.1177012920379639,-3.2578909397125244,-0.0001764538319548592,0.032341696321964264,0.032341696321964264,1.0,3.0,success
1260,-1.1177891492843628,-3.25685977935791,-0.00017646430933382362,0.032340507954359055,0.032340507954359055,1.0,3.0,success
1261,-1.1178797483444214,-3.255828619003296,-0.00017647515051066875,0.0323478989303112,0.0323478989303112,1.0,3.0,success
1262,-1.117972731590271,-3.25479793548584,-0.00017648634093347937,0.032339662313461304,0.032339662313461304,1.0,3.0,success
1263,-1.1180683374404907,-3.253767251968384,-0.00017649788060225546,0.03234713152050972,0.03234712779521942,1.0,3.0,success
1264,-1.1181665658950806,-3.252737045288086,-0.00017650976951699704,0.03233996778726578,0.03233996778726578,1.0,3.0,success
1265,-1.1182671785354614,-3.251706838607788,-0.00017652202222961932,0.03234712406992912,0.03234712406992912,1.0,3.0,success
1266,-1.1183704137802124,-3.2506771087646484,-0.0001765346241882071,0.03234036639332771,0.03234036639332771,1.0,3.0,success
1267,-1.1184762716293335,-3.249647378921509,-0.00017654758994467556,0.032348643988370895,0.032348643988370895,1.0,3.0,success
1268,-1.1185846328735352,-3.2486178874969482,-0.0001765608903951943,0.03234932944178581,0.03234932944178581,1.0,3.0,success
1269,-1.1186954975128174,-3.247588872909546,-0.00017657456919550896,0.03234279900789261,0.03234279900789261,1.0,3.0,success
1270,-1.1188089847564697,-3.2465598583221436,-0.00017658858268987387,0.03235167637467384,0.03235167637467384,1.0,3.0,success
1271,-1.118924856185913,-3.2455313205718994,-0.0001766029599821195,0.03234512358903885,0.03234512358903885,1.0,3.0,success
1272,-1.1190434694290161,-3.2445030212402344,-0.0001766176865203306,0.0323474258184433,0.0323474258184433,1.0,3.0,success
1273,-1.1191644668579102,-3.2434749603271484,-0.00017663277685642242,0.032348647713661194,0.032348647713661194,1.0,3.0,success
1274,-1.1192880868911743,-3.2424471378326416,-0.00017664821643847972,0.03235093131661415,0.03235093131661415,1.0,3.0,success
1275,-1.119414210319519,-3.241419553756714,-0.0001766640052665025,0.03235297277569771,0.03235297277569771,1.0,3.0,success
1276,-1.1195429563522339,-3.2403924465179443,-0.000176680157892406,0.03234827145934105,0.03234827145934105,1.0,3.0,success
1277,-1.1196742057800293,-3.239365339279175,-0.00017669665976427495,0.03235809504985809,0.03235809504985809,1.0,3.0,success
1278,-1.1198079586029053,-3.2383387088775635,-0.00017671352543402463,0.03235333040356636,0.03235333040356636,1.0,3.0,success
1279,-1.1199442148208618,-3.2373125553131104,-0.0001767307403497398,0.03234875574707985,0.03234875574707985,1.0,3.0,success
1280,-1.1200830936431885,-3.2362864017486572,-0.00017674830451142043,0.03235964849591255,0.03235964849591255,1.0,3.0,success
1281,-1.1202244758605957,-3.2352607250213623,-0.00017676621791906655,0.032355472445487976,0.03235546872019768,1.0,3.0,success
1282,-1.1203683614730835,-3.2342355251312256,-0.00017678449512459338,0.03235149011015892,0.03235149011015892,1.0,3.0,success
1283,-1.1205148696899414,-3.233210325241089,-0.0001768031215760857,0.032362982630729675,0.032362982630729675,1.0,3.0,success
1284,-1.1206637620925903,-3.2321858406066895,-0.0001768221118254587,0.03235148638486862,0.03235148638486862,1.0,3.0,success
1285,-1.1208152770996094,-3.23116135597229,-0.0001768414513207972,0.032363373786211014,0.032363373786211014,1.0,3.0,success
1286,-1.1209694147109985,-3.230137348175049,-0.00017686114006210119,0.032360732555389404,0.032360732555389404,1.0,3.0,success
1287,-1.1211259365081787,-3.229113817214966,-0.00017688117804937065,0.03235717490315437,0.03235717490315437,1.0,3.0,success
1288,-1.121285080909729,-3.228090524673462,-0.00017690157983452082,0.032362304627895355,0.032362304627895355,1.0,3.0,success
1289,-1.1214467287063599,-3.227067470550537,-0.00017692233086563647,0.03236705809831619,0.03236705809831619,1.0,3.0,success
1290,-1.1216108798980713,-3.2260451316833496,-0.0001769434311427176,0.032357290387153625,0.032357290387153625,1.0,3.0,success
1291,-1.1217775344848633,-3.225022792816162,-0.0001769648806657642,0.032369788736104965,0.032369788736104965,1.0,3.0,success
1292,-1.1219468116760254,-3.224001169204712,-0.00017698669398669153,0.032361019402742386,0.032361019402742386,1.0,3.0,success
1293,-1.122118592262268,-3.222979784011841,-0.00017700885655358434,0.0323665551841259,0.0323665551841259,1.0,3.0,success
1294,-1.1222928762435913,-3.221958637237549,-0.00017703136836644262,0.03237227723002434,0.03237227723002434,1.0,3.0,success
1295,-1.1224696636199951,-3.220938205718994,-0.0001770542439771816,0.03236350789666176,0.03236350789666176,1.0,3.0,success
1296,-1.1226489543914795,-3.2199180126190186,-0.00017707745428197086,0.03236961364746094,0.03236961364746094,1.0,3.0,success
1297,-1.122830867767334,-3.218898296356201,-0.0001771010283846408,0.032369229942560196,0.032369229942560196,1.0,3.0,success
1298,-1.1230151653289795,-3.217878818511963,-0.00017712495173327625,0.032375071197748184,0.032375067472457886,1.0,3.0,success
1299,-1.1232020854949951,-3.216860055923462,-0.00017714922432787716,0.0323677621781826,0.0323677621781826,1.0,3.0,success
1300,-1.1233915090560913,-3.21584153175354,-0.0001771738607203588,0.03237464651465416,0.03237464651465416,1.0,3.0,success
1301,-1.123583436012268,-3.2148234844207764,-0.00017719883180689067,0.03237440064549446,0.03237440064549446,1.0,3.0,success
1302,-1.1237778663635254,-3.213805913925171,-0.00017722416669130325,0.032374344766139984,0.032374344766139984,1.0,3.0,success
1303,-1.1239748001098633,-3.2127885818481445,-0.00017724985082168132,0.032381802797317505,0.032381802797317505,1.0,3.0,success
1304,-1.1241742372512817,-3.2117719650268555,-0.00017727588419802487,0.032374829053878784,0.032374829053878784,1.0,3.0,success
1305,-1.1243761777877808,-3.2107555866241455,-0.0001773022668203339,0.032382674515247345,0.032382674515247345,1.0,3.0,success
1306,-1.12458074092865,-3.209739923477173,-0.0001773289986886084,0.03237683326005936,0.03237683326005936,1.0,3.0,success
1307,-1.12478768825531,-3.2087244987487793,-0.00017735609435476363,0.032384324818849564,0.032384324818849564,1.0,3.0,success
1308,-1.1249972581863403,-3.207709789276123,-0.0001773835247149691,0.0323789045214653,0.032378900796175,1.0,3.0,success
1309,-1.1252092123031616,-3.206695318222046,-0.00017741131887305528,0.03238676115870476,0.03238675743341446,1.0,3.0,success
1310,-1.125423789024353,-3.205681562423706,-0.0001774394477251917,0.032381754368543625,0.032381754368543625,1.0,3.0,success
1311,-1.125640869140625,-3.2046680450439453,-0.00017746794037520885,0.03239075839519501,0.03239075839519501,1.0,3.0,success
1312,-1.125860333442688,-3.203655242919922,-0.00017749676771927625,0.03238459676504135,0.03238459676504135,1.0,3.0,success
1313,-1.126082420349121,-3.2026429176330566,-0.00017752595886122435,0.03238750249147415,0.03238750249147415,1.0,3.0,success
1314,-1.1263068914413452,-3.2016310691833496,-0.00017755549924913794,0.03238900005817413,0.03238900005817413,1.0,3.0,success
1315,-1.1265339851379395,-3.200619697570801,-0.000177585388883017,0.032392311841249466,0.032392311841249466,1.0,3.0,success
1316,-1.1267634630203247,-3.19960880279541,-0.00017761561321094632,0.032394181936979294,0.032394181936979294,1.0,3.0,success
1317,-1.12699556350708,-3.1985983848571777,-0.00017764620133675635,0.03239789977669716,0.03239789977669716,1.0,3.0,success
1318,-1.1272300481796265,-3.1975886821746826,-0.00017767713870853186,0.03239288926124573,0.03239288926124573,1.0,3.0,success
1319,-1.127467155456543,-3.1965794563293457,-0.00017770841077435762,0.03239701688289642,0.03239701688289642,1.0,3.0,success
1320,-1.1277066469192505,-3.195570707321167,-0.00017774004663806409,0.03239963948726654,0.03239963948726654,1.0,3.0,success
1321,-1.1279486417770386,-3.1945626735687256,-0.00017777203174773604,0.032396066933870316,0.032396066933870316,1.0,3.0,success
1322,-1.1281931400299072,-3.1935551166534424,-0.00017780435155145824,0.032399941235780716,0.032399941235780716,1.0,3.0,success
1323,-1.1284401416778564,-3.1925480365753174,-0.00017783702060114592,0.03240400180220604,0.03240400180220604,1.0,3.0,success
1324,-1.1286896467208862,-3.1915416717529297,-0.00017787005344871432,0.032401032745838165,0.032401032745838165,1.0,3.0,success
1325,-1.1289416551589966,-3.1905357837677,-0.00017790342099033296,0.03240549564361572,0.032405491918325424,1.0,3.0,success
1326,-1.1291857957839966,-3.18953013420105,-0.00017793383449316025,0.03233938291668892,0.03233938291668892,1.0,-3.0,success
1327,-1.1294270753860474,-3.188523769378662,-0.00017795359599404037,0.03234013915061951,0.03234013915061951,1.0,-3.0,success
1328,-1.1296656131744385,-3.187516927719116,-0.00017796290921978652,0.032334767282009125,0.032334767282009125,1.0,-3.0,success
1329,-1.12990140914917,-3.186509370803833,-0.00017796375323086977,0.03233689069747925,0.03233689069747925,1.0,-3.0,success
1330,-1.1301345825195312,-3.1855010986328125,-0.00017795778694562614,0.03234008699655533,0.03234008699655533,1.0,-3.0,success
1331,-1.1303651332855225,-3.1844921112060547,-0.00017794642189983279,0.032343510538339615,0.032343510538339615,1.0,-3.0,success
1332,-1.130593180656433,-3.1834828853607178,-0.00017793070583138615,0.03233344107866287,0.03233344107866287,1.0,-3.0,success
1333,-1.1308189630508423,-3.1824729442596436,-0.0001779114390956238,0.03233972564339638,0.03233972564339638,1.0,-3.0,success
1334,-1.13104248046875,-3.181462287902832,-0.0001778893783921376,0.03234618157148361,0.03234618157148361,1.0,-3.0,success
1335,-1.131264090538025,-3.1804513931274414,-0.00017786516400519758,0.0323406420648098,0.0323406420648098,1.0,-3.0,success
1336,-1.131483793258667,-3.1794397830963135,-0.00017783929069992155,0.03234977275133133,0.03234977275133133,1.0,-3.0,success
1337,-1.1317018270492554,-3.1784276962280273,-0.00017781215137802064,0.03235331177711487,0.03235331177711487,1.0,-3.0,success
1338,-1.1319183111190796,-3.177414894104004,-0.00017778410983737558,0.03236500546336174,0.03236500546336174,1.0,-3.0,success
1339,-1.1321332454681396,-3.1764018535614014,-0.00017775539890863,0.0323622040450573,0.0323622040450573,1.0,-3.0,success
1340,-1.132346749305725,-3.1753883361816406,-0.00017772623687051237,0.032367534935474396,0.032367534935474396,1.0,-3.0,success
1341,-1.1325589418411255,-3.1743741035461426,-0.00017769678379409015,0.03238099440932274,0.03238099440932274,1.0,-3.0,success
1342,-1.1327698230743408,-3.1733593940734863,-0.00017766727251000702,0.03238721564412117,0.03238721564412117,1.0,-3.0,success
1343,-1.1329782009124756,-3.172344446182251,-0.00017763885261956602,0.03237868472933769,0.03237868472933769,1.0,-3.0,success
1344,-1.1331840753555298,-3.1713287830352783,-0.00017761033086571842,0.032384950667619705,0.032384950667619705,1.0,-3.0,success
1345,-1.1333874464035034,-3.1703128814697266,-0.00017758173635229468,0.03237680718302727,0.03237680345773697,1.0,-3.0,success
1346,-1.1335883140563965,-3.1692962646484375,-0.00017755315639078617,0.03238346800208092,0.03238346800208092,1.0,-3.0,success
1347,-1.1337865591049194,-3.1682794094085693,-0.0001775246491888538,0.032374992966651917,0.032374992966651917,1.0,-3.0,success
1348,-1.1339824199676514,-3.167262077331543,-0.0001774962875060737,0.03237544745206833,0.03237544745206833,1.0,-3.0,success
1349,-1.1341756582260132,-3.1662442684173584,-0.00017746810044627637,0.03237469494342804,0.03237469494342804,1.0,-3.0,success
1350,-1.1343663930892944,-3.1652259826660156,-0.00017744011711329222,0.03237484022974968,0.03237484022974968,1.0,-3.0,success
1351,-1.1345546245574951,-3.1642072200775146,-0.00017741238116286695,0.03237518295645714,0.03237518295645714,1.0,-3.0,success
1352,-1.1347403526306152,-3.1631879806518555,-0.0001773849071469158,0.032375723123550415,0.03237571939826012,1.0,-3.0,success
1353,-1.1349235773086548,-3.162168502807617,-0.00017735770961735398,0.03236912190914154,0.03236912190914154,1.0,-3.0,success
1354,-1.1351041793823242,-3.1611485481262207,-0.00017733080312609673,0.03236939758062363,0.03236939758062363,1.0,-3.0,success
1355,-1.135282278060913,-3.160128116607666,-0.0001773042167769745,0.03237053006887436,0.03237052634358406,1.0,-3.0,success
1356,-1.135457992553711,-3.1591074466705322,-0.00017727793601807207,0.03236514329910278,0.03236514329910278,1.0,-3.0,success
1357,-1.1356310844421387,-3.158086061477661,-0.00017725197540130466,0.03237337991595268,0.03237337991595268,1.0,-3.0,success
1358,-1.1358015537261963,-3.15706467628479,-0.00017722633492667228,0.032359782606363297,0.032359782606363297,1.0,-3.0,success
1359,-1.135969638824463,-3.1560425758361816,-0.00017720104369800538,0.03236965835094452,0.03236965835094452,1.0,-3.0,success
1360,-1.1361351013183594,-3.155020236968994,-0.00017717608716338873,0.03236381337046623,0.03236381337046623,1.0,-3.0,success
1361,-1.1362980604171753,-3.1539974212646484,-0.00017715146532282233,0.03236612305045128,0.03236612305045128,1.0,-3.0,success
1362,-1.1364585161209106,-3.1529743671417236,-0.0001771271781763062,0.03236126899719238,0.032361265271902084,1.0,-3.0,success
1363,-1.1366164684295654,-3.1519510746002197,-0.00017710324027575552,0.03235660120844841,0.03235660120844841,1.0,-3.0,success
1364,-1.13677179813385,-3.1509270668029785,-0.00017707965162117034,0.032366298139095306,0.032366298139095306,1.0,-3.0,success
1365,-1.1369260549545288,-3.1499032974243164,-0.00017706704966258258,0.032353922724723816,0.03235391899943352,1.0,3.0,success
1366,-1.137081503868103,-3.1488795280456543,-0.00017705056234262884,0.032359492033720016,0.032359492033720016,1.0,3.0,success
1367,-1.1372379064559937,-3.1478564739227295,-0.00017704190395306796,0.032341886311769485,0.032341886311769485,1.0,3.0,success
1368,-1.1373952627182007,-3.146833658218384,-0.00017703953199088573,0.03233903646469116,0.03233903646469116,1.0,3.0,success
1369,-1.1375553607940674,-3.1458113193511963,-0.00017704123456496745,0.032337453216314316,0.032337453216314316,1.0,3.0,success
1370,-1.1377182006835938,-3.144789457321167,-0.00017704734636936337,0.03233610838651657,0.03233610466122627,1.0,3.0,success
1371,-1.1378834247589111,-3.143767833709717,-0.0001770570524968207,0.03234056010842323,0.032340556383132935,1.0,3.0,success
1372,-1.1380513906478882,-3.142746686935425,-0.00017706969811115414,0.03233964368700981,0.03233964368700981,1.0,3.0,success
1373,-1.1382217407226562,-3.141726016998291,-0.00017708473023958504,0.03233712166547775,0.03233712166547775,1.0,3.0,success
1374,-1.1383945941925049,-3.1407058238983154,-0.00017710172687657177,0.03233540058135986,0.03233540058135986,1.0,3.0,success
1375,-1.138568639755249,-3.139685869216919,-0.0001771079987520352,0.03233430162072182,0.03233430162072182,1.0,-3.0,success
1376,-1.138740062713623,-3.1386654376983643,-0.0001771190291037783,0.032335314899683,0.0323353111743927,1.0,-3.0,success
1377,-1.1389158964157104,-3.1376445293426514,-0.00017713183478917927,0.03237311542034149,0.03237311542034149,1.0,3.0,success
1378,-1.139094352722168,-3.136624336242676,-0.00017713937268126756,0.0323651097714901,0.0323651097714901,1.0,3.0,success
1379,-1.1392749547958374,-3.1356043815612793,-0.00017715049034450203,0.03236939758062363,0.03236939758062363,1.0,3.0,success
1380,-1.1394579410552979,-3.134584903717041,-0.00017716448928695172,0.032367806881666183,0.032367806881666183,1.0,3.0,success
1381,-1.1396430730819702,-3.133565902709961,-0.00017718083108775318,0.03236505389213562,0.03236505389213562,1.0,3.0,success
1382,-1.1398242712020874,-3.13254714012146,-0.00017719077004585415,0.032335974276065826,0.032335974276065826,1.0,-3.0,success
1383,-1.1400028467178345,-3.131527900695801,-0.00017720082541927695,0.03233639895915985,0.03233639895915985,1.0,-3.0,success
1384,-1.140178918838501,-3.1305081844329834,-0.00017720399773679674,0.032337673008441925,0.032337673008441925,1.0,-3.0,success
1385,-1.1403594017028809,-3.129488229751587,-0.00017720968753565103,0.032368749380111694,0.032368749380111694,1.0,3.0,success
1386,-1.1405426263809204,-3.1284687519073486,-0.00017721150652505457,0.03236912190914154,0.03236912190914154,1.0,3.0,success
1387,-1.1407279968261719,-3.1274495124816895,-0.00017721830226946622,0.032373715192079544,0.032373715192079544,1.0,3.0,success
1388,-1.1409156322479248,-3.1264309883117676,-0.00017722902703098953,0.03236448019742966,0.03236447647213936,1.0,3.0,success
1389,-1.1411054134368896,-3.125412702560425,-0.00017724292411003262,0.03236937150359154,0.03236937150359154,1.0,3.0,success
1390,-1.1412913799285889,-3.1243948936462402,-0.0001772511750459671,0.03233307972550392,0.03233307972550392,1.0,-3.0,success
1391,-1.1414746046066284,-3.1233763694763184,-0.00017725970246829093,0.03233978897333145,0.03233978897333145,1.0,-3.0,success
1392,-1.141662836074829,-3.1223578453063965,-0.00017726891383063048,0.032367855310440063,0.032367855310440063,1.0,3.0,success
1393,-1.1418538093566895,-3.1213395595550537,-0.00017727458907756954,0.03237621486186981,0.032376211136579514,1.0,3.0,success
1394,-1.14203941822052,-3.12032151222229,-0.000177277805050835,0.032338403165340424,0.032338403165340424,1.0,-3.0,success
1395,-1.1422224044799805,-3.119302988052368,-0.00017728125385474414,0.032338473945856094,0.032338473945856094,1.0,-3.0,success
1396,-1.1424105167388916,-3.1182844638824463,-0.00017728608509059995,0.03236718475818634,0.03236718103289604,1.0,3.0,success
1397,-1.1426012516021729,-3.1172661781311035,-0.00017728819511830807,0.03237484022974968,0.03237484022974968,1.0,3.0,success
1398,-1.1427942514419556,-3.116248369216919,-0.0001772954419720918,0.03237330541014671,0.03237330541014671,1.0,3.0,success
1399,-1.1429823637008667,-3.1152307987213135,-0.00017729966202750802,0.03233787417411804,0.032337870448827744,1.0,-3.0,success
1400,-1.1431678533554077,-3.11421275138855,-0.00017730404215399176,0.032337736338377,0.032337736338377,1.0,-3.0,success
1401,-1.1433509588241577,-3.113194227218628,-0.00017730238323565573,0.032339129596948624,0.032339129596948624,1.0,-3.0,success
1402,-1.1435388326644897,-3.112175464630127,-0.00017730322724673897,0.032373152673244476,0.032373152673244476,1.0,3.0,success
1403,-1.143729329109192,-3.111157178878784,-0.00017730183026287705,0.032373473048210144,0.032373469322919846,1.0,3.0,success
1404,-1.143922209739685,-3.1101393699645996,-0.00017730631225276738,0.0323726162314415,0.0323726125061512,1.0,3.0,success
1405,-1.1441172361373901,-3.1091220378875732,-0.00017731537809595466,0.03237053006887436,0.03237053006887436,1.0,3.0,success
1406,-1.1443145275115967,-3.108105182647705,-0.00017732814012560993,0.032369304448366165,0.032369304448366165,1.0,3.0,success
1407,-1.1445144414901733,-3.107088804244995,-0.0001773438707459718,0.032370392233133316,0.032370392233133316,1.0,3.0,success
1408,-1.1447100639343262,-3.1060729026794434,-0.0001773544354364276,0.032330144196748734,0.032330144196748734,1.0,-3.0,success
1409,-1.1449029445648193,-3.1050562858581543,-0.00017736412701196969,0.03233601152896881,0.03233601152896881,1.0,-3.0,success
1410,-1.1451013088226318,-3.104039192199707,-0.0001773733674781397,0.0323830209672451,0.0323830209672451,1.0,3.0,success
1411,-1.1453022956848145,-3.103022813796997,-0.0001773799303919077,0.03237688168883324,0.03237687796354294,1.0,3.0,success
1412,-1.1455059051513672,-3.1020069122314453,-0.00017739066970534623,0.032378267496824265,0.032378267496824265,1.0,3.0,success
1413,-1.14571213722229,-3.1009914875030518,-0.0001774049742380157,0.0323798693716526,0.0323798693716526,1.0,3.0,success
1414,-1.1459211111068726,-3.0999765396118164,-0.00017742217460181564,0.03238243609666824,0.03238243609666824,1.0,3.0,success
1415,-1.1461328268051147,-3.0989620685577393,-0.00017744189244695008,0.03238523751497269,0.03238523751497269,1.0,3.0,success
1416,-1.146346926689148,-3.0979480743408203,-0.00017746366211213171,0.03238596394658089,0.03238596394658089,1.0,3.0,success
1417,-1.1465637683868408,-3.0969345569610596,-0.00017748707614373416,0.03238920122385025,0.03238920122385025,1.0,3.0,success
1418,-1.1467829942703247,-3.095921754837036,-0.00017751188715919852,0.0323830246925354,0.0323830246925354,1.0,3.0,success
1419,-1.1470048427581787,-3.094909429550171,-0.00017753789143171161,0.03238590434193611,0.03238590434193611,1.0,3.0,success
1420,-1.1472293138504028,-3.0938973426818848,-0.00017756488523446023,0.03239627182483673,0.03239627182483673,1.0,3.0,success
1421,-1.147456169128418,-3.092885971069336,-0.00017759275215212256,0.03239067643880844,0.03239067643880844,1.0,3.0,success
1422,-1.1476856470108032,-3.0918750762939453,-0.00017762137576937675,0.032394181936979294,0.032394181936979294,1.0,3.0,success
1423,-1.1479175090789795,-3.090864896774292,-0.00017765068332664669,0.032388970255851746,0.032388970255851746,1.0,3.0,success
1424,-1.1481519937515259,-3.0898549556732178,-0.0001776806020643562,0.03240014612674713,0.03240014612674713,1.0,3.0,success
1425,-1.1483889818191528,-3.088845729827881,-0.0001777110737748444,0.032396167516708374,0.032396167516708374,1.0,3.0,success
1426,-1.1486283540725708,-3.087836980819702,-0.0001777420548023656,0.032398782670497894,0.032398782670497894,1.0,3.0,success
1427,-1.1488703489303589,-3.0868289470672607,-0.00017777351604308933,0.032396066933870316,0.032396066933870316,1.0,3.0,success
1428,-1.1491148471832275,-3.0858213901519775,-0.00017780542839318514,0.032399941235780716,0.032399941235780716,1.0,3.0,success
1429,-1.1493617296218872,-3.0848143100738525,-0.0001778377773007378,0.032403118908405304,0.032403118908405304,1.0,3.0,success
1430,-1.1496009826660156,-3.0838074684143066,-0.00017786688113119453,0.03233993053436279,0.03233993053436279,1.0,-3.0,success
1431,-1.1498374938964844,-3.0828001499176025,-0.00017788606055546552,0.03233473747968674,0.03233473747968674,1.0,-3.0,success
1432,-1.1500811576843262,-3.0817923545837402,-0.00017789889534469694,0.03240104019641876,0.03240104019641876,1.0,3.0,success
1433,-1.150327444076538,-3.0807852745056152,-0.00017791229765862226,0.03239868953824043,0.03239868953824043,1.0,3.0,success
1434,-1.1505762338638306,-3.0797786712646484,-0.00017792974540498108,0.032402895390987396,0.032402895390987396,1.0,3.0,success
1435,-1.1508277654647827,-3.07877254486084,-0.00017795072926674038,0.03240910544991493,0.03240910544991493,1.0,3.0,success
1436,-1.1510818004608154,-3.0777671337127686,-0.00017797462351154536,0.03240649402141571,0.03240649402141571,1.0,3.0,success
1437,-1.1513384580612183,-3.0767624378204346,-0.00017800087516661733,0.03240501135587692,0.03240501135587692,1.0,3.0,success
1438,-1.1515976190567017,-3.075758218765259,-0.0001780290767783299,0.03241003677248955,0.03241003677248955,1.0,3.0,success
1439,-1.1518592834472656,-3.0747547149658203,-0.00017805889365263283,0.03240804001688957,0.03240804001688957,1.0,3.0,success
1440,-1.1521234512329102,-3.07375168800354,-0.00017809007840696722,0.032413456588983536,0.032413456588983536,1.0,3.0,success
1441,-1.1523901224136353,-3.072749376296997,-0.00017812241276260465,0.03241187334060669,0.03241187334060669,1.0,3.0,success
1442,-1.152659296989441,-3.0717475414276123,-0.00017815572209656239,0.03241768479347229,0.03241768106818199,1.0,3.0,success
1443,-1.1529310941696167,-3.070746421813965,-0.00017818990454543382,0.032417476177215576,0.032417476177215576,1.0,3.0,success
1444,-1.1532052755355835,-3.0697460174560547,-0.00017822481459006667,0.032415516674518585,0.032415516674518585,1.0,3.0,success
1445,-1.1534819602966309,-3.0687460899353027,-0.00017826039402280003,0.03242192417383194,0.03242192417383194,1.0,3.0,success
1446,-1.1537610292434692,-3.067746877670288,-0.00017829658463597298,0.03242034092545509,0.03242034092545509,1.0,3.0,success
1447,-1.1540427207946777,-3.0667481422424316,-0.00017833331367000937,0.03242814168334007,0.03242814168334007,1.0,3.0,success
1448,-1.1543267965316772,-3.0657503604888916,-0.00017837055202107877,0.032419782131910324,0.032419782131910324,1.0,3.0,success
1449,-1.1546133756637573,-3.0647530555725098,-0.00017840825603343546,0.03242696821689606,0.03242696821689606,1.0,3.0,success
1450,-1.154902458190918,-3.0637564659118652,-0.00017844641115516424,0.03242719545960426,0.03242719545960426,1.0,3.0,success
1451,-1.1551939249038696,-3.062760353088379,-0.00017848498828243464,0.032433729618787766,0.032433729618787766,1.0,3.0,success
1452,-1.1554878950119019,-3.061765193939209,-0.00017852397286333144,0.03242720291018486,0.03242720291018486,1.0,3.0,success
1453,-1.1557843685150146,-3.0607705116271973,-0.0001785633503459394,0.03243517130613327,0.03243517130613327,1.0,3.0,success
1454,-1.1560832262039185,-3.059776544570923,-0.00017860312073025852,0.03243512660264969,0.03243512660264969,1.0,3.0,success
1455,-1.1563845872879028,-3.0587832927703857,-0.0001786432694643736,0.032436348497867584,0.032436348497867584,1.0,3.0,success
1456,-1.1566884517669678,-3.057790756225586,-0.00017868378199636936,0.032437775284051895,0.032437775284051895,1.0,3.0,success
1457,-1.1569947004318237,-3.0567989349365234,-0.00017872464377433062,0.03243830427527428,0.03243830427527428,1.0,3.0,success
1458,-1.1573033332824707,-3.0558078289031982,-0.0001787658839020878,0.03243902325630188,0.03243902325630188,1.0,3.0,success
1459,-1.1576144695281982,-3.0548174381256104,-0.00017880747327581048,0.032441046088933945,0.032441046088933945,1.0,3.0,success
1460,-1.1579281091690063,-3.0538275241851807,-0.00017884941189549863,0.03245037421584129,0.03245037421584129,1.0,3.0,success
1461,-1.1582441329956055,-3.0528385639190674,-0.00017889169976115227,0.03244456276297569,0.03244456276297569,1.0,3.0,success
1462,-1.1585626602172852,-3.0518503189086914,-0.00017893433687277138,0.03244718536734581,0.03244718536734581,1.0,3.0,success
1463,-1.1588835716247559,-3.0508627891540527,-0.00017897732323035598,0.03244886174798012,0.03244886174798012,1.0,3.0,success
1464,-1.1592069864273071,-3.0498759746551514,-0.00017902065883390605,0.03245188668370247,0.03245188668370247,1.0,3.0,success
1465,-1.1595327854156494,-3.0488898754119873,-0.00017906432913150638,0.03245394304394722,0.03245394304394722,1.0,3.0,success
1466,-1.1598609685897827,-3.0479044914245605,-0.0001791083486750722,0.032456185668706894,0.032456185668706894,1.0,3.0,success
1467,-1.1601916551589966,-3.046919822692871,-0.00017915271746460348,0.0324598029255867,0.0324597992002964,1.0,3.0,success
1468,-1.160524845123291,-3.045936107635498,-0.00017919742094818503,0.03245656192302704,0.03245656192302704,1.0,3.0,success
1469,-1.1608604192733765,-3.0449531078338623,-0.00017924245912581682,0.03245938941836357,0.03245938941836357,1.0,3.0,success
1470,-1.161198377609253,-3.043970823287964,-0.0001792878465494141,0.03246239572763443,0.03246239572763443,1.0,3.0,success
1471,-1.1615387201309204,-3.0429892539978027,-0.00017933356866706163,0.03246559575200081,0.03246559575200081,1.0,3.0,success
1472,-1.1618815660476685,-3.042008399963379,-0.00017937964003067464,0.032470207661390305,0.032470207661390305,1.0,3.0,success
1473,-1.1622267961502075,-3.0410284996032715,-0.00017942603153642267,0.03246675431728363,0.03246675431728363,1.0,3.0,success
1474,-1.1625745296478271,-3.0400493144989014,-0.00017947277228813618,0.03247177228331566,0.03247177228331566,1.0,3.0,success
1475,-1.1629245281219482,-3.0390710830688477,-0.00017951986228581518,0.03246746584773064,0.03246746584773064,1.0,3.0,success
1476,-1.16327702999115,-3.038093328475952,-0.0001795672724256292,0.03247988596558571,0.03247988596558571,1.0,3.0,success
1477,-1.1636320352554321,-3.037116765975952,-0.0001796150318114087,0.032471489161252975,0.03247148543596268,1.0,3.0,success
1478,-1.1639893054962158,-3.0361406803131104,-0.00017966312589123845,0.03248174488544464,0.03248174488544464,1.0,3.0,success
1479,-1.16434907913208,-3.035165548324585,-0.00017971155466511846,0.03248075395822525,0.03248075395822525,1.0,3.0,success
1480,-1.1647112369537354,-3.034191370010376,-0.00017976033268496394,0.032478682696819305,0.03247867897152901,1.0,3.0,success
1481,-1.1650757789611816,-3.0332179069519043,-0.00017980943084694445,0.0324837863445282,0.0324837863445282,1.0,3.0,success
1482,-1.165442705154419,-3.03224515914917,-0.00017985887825489044,0.032489076256752014,0.032489072531461716,1.0,3.0,success
1483,-1.1658121347427368,-3.031273365020752,-0.00017990864580497146,0.03248890861868858,0.03248890861868858,1.0,3.0,success
1484,-1.1661838293075562,-3.0303025245666504,-0.00017995876260101795,0.03248629346489906,0.03248629346489906,1.0,3.0,success
1485,-1.166558027267456,-3.029332399368286,-0.0001800092140911147,0.03249349445104599,0.03249349445104599,1.0,3.0,success
1486,-1.166934609413147,-3.028362989425659,-0.0001800600002752617,0.03249954432249069,0.03249954432249069,1.0,3.0,success
1487,-1.167313575744629,-3.0273947715759277,-0.00018011112115345895,0.03249190375208855,0.03249190375208855,1.0,3.0,success
1488,-1.1676948070526123,-3.0264272689819336,-0.00018016256217379123,0.032496970146894455,0.032496970146894455,1.0,3.0,success
1489,-1.1680785417556763,-3.0254604816436768,-0.000180214352440089,0.03250495716929436,0.03250495716929436,1.0,3.0,success
1490,-1.1684646606445312,-3.0244948863983154,-0.000180266477400437,0.03249792382121086,0.03249792382121086,1.0,3.0,success
1491,-1.1688531637191772,-3.0235300064086914,-0.00018031892250292003,0.03250492736697197,0.03250492736697197,1.0,3.0,success
1492,-1.1692440509796143,-3.0225658416748047,-0.00018037171685136855,0.0325121134519577,0.0325121134519577,1.0,3.0,success
1493,-1.1696373224258423,-3.0216028690338135,-0.00018042483134195209,0.032505687326192856,0.032505687326192856,1.0,3.0,success
1494,-1.1700329780578613,-3.0206406116485596,-0.0001804782950785011,0.03251325711607933,0.03251325711607933,1.0,3.0,success
1495,-1.1704310178756714,-3.019679307937622,-0.00018053207895718515,0.03251412510871887,0.03251412510871887,1.0,3.0,success
1496,-1.1708314418792725,-3.018718957901001,-0.00018058619752991945,0.03251519426703453,0.03251519426703453,1.0,3.0,success
1497,-1.1712342500686646,-3.0177595615386963,-0.00018064063624478877,0.03251645714044571,0.03251645714044571,1.0,3.0,success
1498,-1.171639323234558,-3.016801118850708,-0.00018069542420562357,0.0325164720416069,0.0325164720416069,1.0,3.0,success
1499,-1.1720468997955322,-3.015843391418457,-0.0001807505323085934,0.03252644091844559,0.03252644091844559,1.0,3.0,success
1500,-1.1724567413330078,-3.0148866176605225,-0.00018080597510561347,0.03252682089805603,0.03252682089805603,1.0,3.0,success
1501,-1.1728689670562744,-3.0139310359954834,-0.0001808617525966838,0.03252202272415161,0.03252201899886131,1.0,3.0,success
1502,-1.173283576965332,-3.0129761695861816,-0.00018091785022988915,0.03253110498189926,0.03253110498189926,1.0,3.0,success
1503,-1.1737004518508911,-3.0120222568511963,-0.00018097428255714476,0.032532043755054474,0.032532043755054474,1.0,3.0,success
1504,-1.1741198301315308,-3.0110695362091064,-0.00018103104957845062,0.032529354095458984,0.032529354095458984,1.0,3.0,success
1505,-1.1745414733886719,-3.010117530822754,-0.0001810881367418915,0.032537493854761124,0.032537493854761124,1.0,3.0,success
1506,-1.174965500831604,-3.0091664791107178,-0.00018114555859938264,0.032540518790483475,0.032540518790483475,1.0,3.0,success
1507,-1.1753917932510376,-3.008216619491577,-0.0001812033005990088,0.03253541514277458,0.03253541514277458,1.0,3.0,success
1508,-1.1758204698562622,-3.007267475128174,-0.0001812613772926852,0.03254561871290207,0.03254561871290207,1.0,3.0,success
1509,-1.1762515306472778,-3.006319522857666,-0.00018131977412849665,0.03254244104027748,0.03254244104027748,1.0,3.0,success
1510,-1.1766849756240845,-3.0053725242614746,-0.00018137850565835834,0.03254625201225281,0.03254625201225281,1.0,3.0,success
1511,-1.1771206855773926,-3.0044264793395996,-0.00018143757188227028,0.032548703253269196,0.032548703253269196,1.0,3.0,success
1512,-1.1775587797164917,-3.003481388092041,-0.00018149695824831724,0.032552897930145264,0.032552897930145264,1.0,3.0,success
1513,-1.1779991388320923,-3.002537250518799,-0.00018155666475649923,0.0325557179749012,0.0325557179749012,1.0,3.0,success
1514,-1.1784418821334839,-3.001594305038452,-0.00018161670595873147,0.03255355730652809,0.03255355730652809,1.0,3.0,success
1515,-1.178886890411377,-3.0006520748138428,-0.00018167706730309874,0.03256348893046379,0.03256348893046379,1.0,3.0,success
1516,-1.179334282875061,-2.999711036682129,-0.00018173774878960103,0.03256173059344292,0.03256173059344292,1.0,3.0,success
1517,-1.1797659397125244,-2.9987714290618896,-0.00017745162767823786,0.03231329098343849,0.032313015311956406,1.0,3.0,success
1518,-1.1802003383636475,-2.9978325366973877,-0.00017815676983445883,0.03232859447598457,0.032328587025403976,1.0,3.0,success
1519,-1.1806377172470093,-2.996894359588623,-0.00017894791380967945,0.032347556203603745,0.03234754502773285,1.0,3.0,success
1520,-1.181078314781189,-2.995957374572754,-0.00017960356490220875,0.032356467097997665,0.03235645964741707,1.0,3.0,success
1521,-1.1815223693847656,-2.9950215816497803,-0.00018014090892393142,0.032368920743465424,0.032368917018175125,1.0,3.0,success
1522,-1.1819696426391602,-2.994086742401123,-0.00018058322893921286,0.03238528221845627,0.03238527849316597,1.0,3.0,success
1523,-1.1824204921722412,-2.9931528568267822,-0.00018094958795700222,0.03240682929754257,0.03240682929754257,1.0,3.0,success
1524,-1.1828749179840088,-2.992220163345337,-0.00018125530914403498,0.032422080636024475,0.032422080636024475,1.0,3.0,success
1525,-1.1833328008651733,-2.991288661956787,-0.0001815125870052725,0.03243611007928848,0.03243611007928848,1.0,3.0,success
1526,-1.183794379234314,-2.9903581142425537,-0.00018173124408349395,0.03246051445603371,0.03246051445603371,1.0,3.0,success
1527,-1.1842596530914307,-2.9894285202026367,-0.00018191906565334648,0.032485343515872955,0.032485343515872955,1.0,3.0,success
1528,-1.1847285032272339,-2.9885001182556152,-0.00018208232359029353,0.03250226005911827,0.03250226005911827,1.0,3.0,success
1529,-1.1852011680603027,-2.9875729084014893,-0.00018222602375317365,0.032522980123758316,0.032522980123758316,1.0,3.0,success
1530,-1.1856776475906372,-2.9866466522216797,-0.00018235415336675942,0.032550789415836334,0.032550789415836334,1.0,3.0,success
1531,-1.1861578226089478,-2.9857213497161865,-0.0001824699284043163,0.03257732465863228,0.03257732093334198,1.0,3.0,success
1532,-1.1866419315338135,-2.984797477722168,-0.00018257588089909405,0.032594528049230576,0.032594528049230576,1.0,3.0,success
1533,-1.1871284246444702,-2.983874559402466,-0.00018267694395035505,0.032602809369564056,0.032602809369564056,1.0,3.0,success
1534,-1.1876171827316284,-2.98295259475708,-0.00018277177878189832,0.03260953724384308,0.03260953724384308,1.0,3.0,success
1535,-1.188108205795288,-2.982032060623169,-0.00018286127306055278,0.03260330110788345,0.032603297382593155,1.0,3.0,success
1536,-1.1886014938354492,-2.981112480163574,-0.00018294653273187578,0.03261040896177292,0.03261040896177292,1.0,3.0,success
1537,-1.1890970468521118,-2.980194091796875,-0.0001830284745665267,0.03261113539338112,0.03261113539338112,1.0,3.0,success
1538,-1.1895949840545654,-2.979276657104492,-0.000183107826160267,0.0326203852891922,0.0326203852891922,1.0,3.0,success
1539,-1.190095067024231,-2.978360652923584,-0.00018318516958970577,0.03261318430304527,0.03261318430304527,1.0,3.0,success
1540,-1.190597414970398,-2.977445602416992,-0.00018326097051613033,0.032621029764413834,0.032621029764413834,1.0,3.0,success
1541,-1.191102147102356,-2.976531744003296,-0.0001833355927374214,0.03262433782219887,0.03262433782219887,1.0,3.0,success
1542,-1.1916090250015259,-2.975619077682495,-0.00018340935639571398,0.03262423723936081,0.03262423723936081,1.0,3.0,success
1543,-1.1921181678771973,-2.9747073650360107,-0.0001834824652178213,0.03263263404369354,0.03263263404369354,1.0,3.0,success
1544,-1.1926295757293701,-2.973797082901001,-0.000183555152034387,0.03262822702527046,0.032628223299980164,1.0,3.0,success
1545,-1.1931432485580444,-2.9728877544403076,-0.0001836275332607329,0.03263700008392334,0.03263700008392334,1.0,3.0,success
1546,-1.1936591863632202,-2.971979856491089,-0.00018369973986409605,0.03263299539685249,0.03263299539685249,1.0,3.0,success
1547,-1.194177269935608,-2.9710729122161865,-0.00018377187370788306,0.03264030069112778,0.03264029696583748,1.0,3.0,success
1548,-1.194697618484497,-2.9701671600341797,-0.00018384400755167007,0.0326431579887867,0.0326431579887867,1.0,3.0,success
1549,-1.1952202320098877,-2.9692628383636475,-0.000183916199603118,0.0326397642493248,0.0326397605240345,1.0,3.0,success
1550,-1.1957451105117798,-2.9683594703674316,-0.00018398852262180299,0.032649461179971695,0.032649461179971695,1.0,3.0,success
1551,-1.1962721347808838,-2.9674572944641113,-0.00018406099115964025,0.03265102952718735,0.03265102952718735,1.0,3.0,success
1552,-1.1968015432357788,-2.9665563106536865,-0.00018413363432046026,0.03265655040740967,0.03265654668211937,1.0,3.0,success
1553,-1.1973329782485962,-2.9656567573547363,-0.0001842064957600087,0.0326501801609993,0.0326501801609993,1.0,3.0,success
1554,-1.1978667974472046,-2.9647583961486816,-0.00018427959003020078,0.03265611082315445,0.03265611082315445,1.0,3.0,success
1555,-1.1983816623687744,-2.963860511779785,-0.00018438482948113233,0.03234461322426796,0.03234461322426796,1.0,-3.0,success
1556,-1.1988939046859741,-2.962961196899414,-0.00018442352302372456,0.032342758029699326,0.032342758029699326,1.0,-3.0,success
1557,-1.1994246244430542,-2.9620609283447266,-0.00018440689018461853,0.03265807405114174,0.03265807405114174,1.0,3.0,success
1558,-1.1999577283859253,-2.9611620903015137,-0.00018443790031597018,0.03265751525759697,0.03265751525759697,1.0,3.0,success
1559,-1.2004932165145874,-2.9602646827697754,-0.0001844789512688294,0.032657187432050705,0.032657187432050705,1.0,3.0,success
1560,-1.2010308504104614,-2.9593684673309326,-0.00018452689982950687,0.03265964612364769,0.03265964612364769,1.0,3.0,success
1561,-1.201570987701416,-2.9584734439849854,-0.00018458033446222544,0.03266805782914162,0.03266805782914162,1.0,3.0,success
1562,-1.2021132707595825,-2.9575798511505127,-0.00018463819287717342,0.03266453370451927,0.03266453370451927,1.0,3.0,success
1563,-1.2026578187942505,-2.9566872119903564,-0.00018469964561518282,0.032675862312316895,0.032675862312316895,1.0,3.0,success
1564,-1.20320463180542,-2.955796003341675,-0.0001847640232881531,0.03267467021942139,0.03267467021942139,1.0,3.0,success
1565,-1.2037537097930908,-2.9549062252044678,-0.00018483078747522086,0.03267369046807289,0.03267369046807289,1.0,3.0,success
1566,-1.2043049335479736,-2.9540176391601562,-0.00018489951617084444,0.032677292823791504,0.032677292823791504,1.0,3.0,success
1567,-1.2048585414886475,-2.9531302452087402,-0.0001849698746809736,0.032685015350580215,0.032685015350580215,1.0,3.0,success
1568,-1.2054141759872437,-2.9522440433502197,-0.00018504158651921898,0.03268701210618019,0.03268701210618019,1.0,3.0,success
1569,-1.2059720754623413,-2.951359272003174,-0.00018511446251068264,0.03268684446811676,0.03268684074282646,1.0,3.0,success
1570,-1.2065322399139404,-2.9504756927490234,-0.00018518828437663615,0.032693181186914444,0.032693181186914444,1.0,3.0,success
1571,-1.207094430923462,-2.9495935440063477,-0.00018526296480558813,0.03268942981958389,0.03268942981958389,1.0,3.0,success
1572,-1.2076588869094849,-2.9487125873565674,-0.0001853383582783863,0.03269615024328232,0.03269614651799202,1.0,3.0,success
1573,-1.2082256078720093,-2.9478330612182617,-0.00018541440658736974,0.03269680216908455,0.03269680216908455,1.0,3.0,success
1574,-1.208794355392456,-2.9469544887542725,-0.0001854910224210471,0.0327061265707016,0.0327061265707016,1.0,3.0,success
1575,-1.2093653678894043,-2.946077585220337,-0.00018556814757175744,0.032700926065444946,0.03270092234015465,1.0,3.0,success
1576,-1.2099385261535645,-2.945201873779297,-0.00018564575293567032,0.03270638734102249,0.03270638734102249,1.0,3.0,success
1577,-1.2104912996292114,-2.944326639175415,-0.00018576273578219116,0.032349321991205215,0.032349321991205215,1.0,-3.0,success
1578,-1.2110415697097778,-2.9434499740600586,-0.00018580310279503465,0.03234546631574631,0.03234546631574631,1.0,-3.0,success
1579,-1.2115893363952637,-2.9425718784332275,-0.00018581819313112646,0.03234186768531799,0.03234186768531799,1.0,-3.0,success
1580,-1.212157130241394,-2.94169282913208,-0.0001857757306424901,0.032702457159757614,0.032702457159757614,1.0,3.0,success
1581,-1.2127271890640259,-2.9408154487609863,-0.00018579332390800118,0.0326971709728241,0.0326971672475338,1.0,3.0,success
1582,-1.2132996320724487,-2.939939260482788,-0.00018582501797936857,0.03270662948489189,0.03270662948489189,1.0,3.0,success
1583,-1.2138744592666626,-2.9390645027160645,-0.00018586657824926078,0.03271007165312767,0.03271007165312767,1.0,3.0,success
1584,-1.2144514322280884,-2.9381909370422363,-0.0001859159820014611,0.032715849578380585,0.032715849578380585,1.0,3.0,success
1585,-1.2150306701660156,-2.937319040298462,-0.00018597167218104005,0.032711461186409,0.032711461186409,1.0,3.0,success
1586,-1.2156121730804443,-2.936448335647583,-0.0001860324409790337,0.0327196940779686,0.0327196940779686,1.0,3.0,success
1587,-1.2161959409713745,-2.9355790615081787,-0.00018609731341712177,0.03272193297743797,0.03272193297743797,1.0,3.0,success
1588,-1.216781735420227,-2.934711217880249,-0.00018616551824379712,0.03272022306919098,0.03272021934390068,1.0,3.0,success
1589,-1.2173467874526978,-2.9338438510894775,-0.00018627804820425808,0.032349541783332825,0.032349541783332825,1.0,-3.0,success
1590,-1.2179323434829712,-2.9329757690429688,-0.00018627091776579618,0.03272223100066185,0.03272222727537155,1.0,3.0,success
1591,-1.2185200452804565,-2.9321091175079346,-0.00018631872080732137,0.03272276744246483,0.03272276744246483,1.0,3.0,success
1592,-1.2191100120544434,-2.931243658065796,-0.00018637503671925515,0.03273175656795502,0.03273175656795502,1.0,3.0,success
1593,-1.2197022438049316,-2.930379629135132,-0.0001864366786321625,0.032734792679548264,0.032734792679548264,1.0,3.0,success
1594,-1.2202966213226318,-2.9295170307159424,-0.00018650255515240133,0.03273593261837959,0.032735928893089294,1.0,3.0,success
1595,-1.220869779586792,-2.9286553859710693,-0.00018661515787243843,0.03233947604894638,0.03233947604894638,1.0,-3.0,success
1596,-1.2214405536651611,-2.9277918338775635,-0.0001866476086433977,0.03234797716140747,0.03234797716140747,1.0,-3.0,success
1597,-1.2220321893692017,-2.9269275665283203,-0.00018661246576812118,0.03273041173815727,0.03273041173815727,1.0,3.0,success
1598,-1.222625970840454,-2.9260647296905518,-0.00018664076924324036,0.03273150324821472,0.03273150324821472,1.0,3.0,success
1599,-1.2232221364974976,-2.925203323364258,-0.00018668184929993004,0.03273703157901764,0.03273702785372734,1.0,3.0,success
1600,-1.2238205671310425,-2.9243431091308594,-0.0001867315440904349,0.03274677321314812,0.03274677321314812,1.0,3.0,success
1601,-1.2244211435317993,-2.9234845638275146,-0.00018678807828109711,0.03274236246943474,0.03274236246943474,1.0,3.0,success
1602,-1.225023865699768,-2.9226274490356445,-0.00018685012764763087,0.03274426981806755,0.03274426609277725,1.0,3.0,success
1603,-1.2256288528442383,-2.921771764755249,-0.00018691660079639405,0.032748524099588394,0.032748524099588394,1.0,3.0,success
1604,-1.2262359857559204,-2.920917272567749,-0.0001869866973720491,0.032756906002759933,0.032756906002759933,1.0,3.0,success
1605,-1.2268452644348145,-2.9200644493103027,-0.0001870597043307498,0.032753340899944305,0.03275333717465401,1.0,3.0,success
1606,-1.2274566888809204,-2.919212818145752,-0.0001871351123554632,0.03276209160685539,0.03276209160685539,1.0,3.0,success
1607,-1.2280702590942383,-2.918362855911255,-0.00018721248488873243,0.03275894746184349,0.03275894746184349,1.0,3.0,success
1608,-1.2286858558654785,-2.9175140857696533,-0.000187291472684592,0.032765891402959824,0.032765891402959824,1.0,3.0,success
1609,-1.2293035984039307,-2.9166667461395264,-0.00018737182836048305,0.03276917338371277,0.03276916965842247,1.0,3.0,success
1610,-1.2299234867095947,-2.915821075439453,-0.00018745330453384668,0.032766640186309814,0.032766640186309814,1.0,3.0,success
1611,-1.2305454015731812,-2.9149765968322754,-0.0001875357556855306,0.03277411684393883,0.03277411684393883,1.0,3.0,success
1612,-1.2311694622039795,-2.9141335487365723,-0.00018761905084829777,0.03277798369526863,0.03277798369526863,1.0,3.0,success
1613,-1.2317955493927002,-2.9132919311523438,-0.0001877030445029959,0.03277982398867607,0.03277982398867607,1.0,3.0,success
1614,-1.2324237823486328,-2.91245174407959,-0.0001877876784419641,0.032784078270196915,0.032784078270196915,1.0,3.0,success
1615,-1.2330540418624878,-2.9116132259368896,-0.00018787286535371095,0.03278033807873726,0.03278033435344696,1.0,3.0,success
1616,-1.2336864471435547,-2.910775899887085,-0.00018795857613440603,0.03279093652963638,0.03279093652963638,1.0,3.0,success
1617,-1.234320878982544,-2.909940004348755,-0.0001880447380244732,0.032793521881103516,0.032793521881103516,1.0,3.0,success
1618,-1.2349573373794556,-2.9091057777404785,-0.00018813132192008197,0.03279036656022072,0.03279036656022072,1.0,3.0,success
1619,-1.2355958223342896,-2.9082727432250977,-0.00018821829871740192,0.03279924392700195,0.03279924392700195,1.0,3.0,success
1620,-1.2362364530563354,-2.9074413776397705,-0.00018830566841643304,0.032798752188682556,0.032798752188682556,1.0,3.0,success
1621,-1.2368791103363037,-2.906611442565918,-0.0001883933728095144,0.03280209004878998,0.03280209004878998,1.0,3.0,success
1622,-1.2375237941741943,-2.90578293800354,-0.00018848144100047648,0.032805610448122025,0.032805606722831726,1.0,3.0,success
1623,-1.2381705045700073,-2.9049558639526367,-0.00018856982933357358,0.0328093096613884,0.0328093096613884,1.0,3.0,success
1624,-1.2388193607330322,-2.904130220413208,-0.0001886585378088057,0.03281549736857414,0.03281549736857414,1.0,3.0,success
1625,-1.23947012424469,-2.903306007385254,-0.00018874755187425762,0.03281726315617561,0.03281726315617561,1.0,3.0,success
1626,-1.2401230335235596,-2.9024834632873535,-0.00018883687152992934,0.03281799331307411,0.03281799331307411,1.0,3.0,success
1627,-1.240777850151062,-2.9016623497009277,-0.00018892651132773608,0.03282012417912483,0.03282012417912483,1.0,3.0,success
1628,-1.2414346933364868,-2.9008426666259766,-0.00018901642761193216,0.03282475098967552,0.03282474726438522,1.0,3.0,success
1629,-1.2420936822891235,-2.900024652481079,-0.00018910664948634803,0.03282609209418297,0.03282608836889267,1.0,3.0,success
1630,-1.242754578590393,-2.8992080688476562,-0.00018919716239906847,0.03282875567674637,0.03282875567674637,1.0,3.0,success
1631,-1.243417501449585,-2.898392915725708,-0.00018928796635009348,0.03283394128084183,0.03283394128084183,1.0,3.0,success
1632,-1.2440824508666992,-2.8975794315338135,-0.00018937904678750783,0.032833538949489594,0.032833535224199295,1.0,3.0,success
1633,-1.2447494268417358,-2.8967673778533936,-0.00018947041826322675,0.0328390970826149,0.0328390970826149,1.0,3.0,success
1634,-1.2454184293746948,-2.8959567546844482,-0.000189562066225335,0.03284483775496483,0.03284483775496483,1.0,3.0,success
1635,-1.2460893392562866,-2.8951478004455566,-0.00018965400522574782,0.03284264728426933,0.03284264728426933,1.0,3.0,success
1636,-1.2467622756958008,-2.8943402767181396,-0.00018974622071254998,0.03284876048564911,0.03284876048564911,1.0,3.0,success
1637,-1.2474372386932373,-2.8935341835021973,-0.00018983871268574148,0.03285505250096321,0.03285505250096321,1.0,3.0,success
1638,-1.2481142282485962,-2.8927297592163086,-0.00018993149569723755,0.03285582363605499,0.03285582363605499,1.0,3.0,success
1639,-1.248793125152588,-2.8919270038604736,-0.00019002454064320773,0.03285439684987068,0.03285439312458038,1.0,3.0,success
1640,-1.2494739294052124,-2.8911256790161133,-0.00019011787662748247,0.03285883367061615,0.03285883367061615,1.0,3.0,success
1641,-1.2501568794250488,-2.8903257846832275,-0.00019021148909814656,0.03286827728152275,0.03286827728152275,1.0,3.0,success
1642,-1.250841736793518,-2.8895277976989746,-0.00019030536350328475,0.03286175802350044,0.03286175802350044,1.0,3.0,success
1643,-1.2515285015106201,-2.888731002807617,-0.00019039952894672751,0.032872382551431656,0.032872382551431656,1.0,3.0,success
1644,-1.2522172927856445,-2.8879358768463135,-0.0001904939563246444,0.032874323427677155,0.032874323427677155,1.0,3.0,success
1645,-1.2529079914093018,-2.8871424198150635,-0.0001905886601889506,0.032874029129743576,0.03287402540445328,1.0,3.0,success
1646,-1.2536005973815918,-2.886350631713867,-0.00019068364053964615,0.03287392109632492,0.03287392109632492,1.0,3.0,success
1647,-1.2542952299118042,-2.8855602741241455,-0.00019077889737673104,0.03288206085562706,0.03288206085562706,1.0,3.0,success
1648,-1.254991888999939,-2.8847713470458984,-0.00019087441614829004,0.032890379428863525,0.032890379428863525,1.0,3.0,success
1649,-1.255690336227417,-2.883984327316284,-0.00019097021140623838,0.03288279101252556,0.03288279101252556,1.0,3.0,success
1650,-1.2563908100128174,-2.8831987380981445,-0.00019106628315057606,0.03289148211479187,0.03289147838950157,1.0,3.0,success
1651,-1.2570931911468506,-2.8824148178100586,-0.00019116261682938784,0.03289231285452843,0.03289231285452843,1.0,3.0,success
1652,-1.2577974796295166,-2.8816323280334473,-0.00019125922699458897,0.032898880541324615,0.032898880541324615,1.0,3.0,success
1653,-1.258503794670105,-2.8808515071868896,-0.0001913560990942642,0.03290258347988129,0.03290258347988129,1.0,3.0,success
1654,-1.2592118978500366,-2.8800723552703857,-0.00019145324768032879,0.03290148079395294,0.03290148079395294,1.0,3.0,success
1655,-1.2599220275878906,-2.8792948722839355,-0.00019155065820086747,0.03290558233857155,0.03290558233857155,1.0,3.0,success
1656,-1.2606340646743774,-2.878519058227539,-0.0001916483452077955,0.03290736302733421,0.03290736302733421,1.0,3.0,success
1657,-1.261348009109497,-2.877744674682617,-0.00019174629414919764,0.03291481360793114,0.03291481360793114,1.0,3.0,success
1658,-1.26206374168396,-2.876971960067749,-0.00019184450502507389,0.03291444107890129,0.03291443735361099,1.0,3.0,success
1659,-1.2627815008163452,-2.8762009143829346,-0.00019194297783542424,0.03291931375861168,0.03291931375861168,1.0,3.0,success
1660,-1.2635011672973633,-2.875431537628174,-0.00019204172713216394,0.03292184695601463,0.03292184695601463,1.0,3.0,success
1661,-1.2642226219177246,-2.874663829803467,-0.00019214073836337775,0.03292201831936836,0.03292201831936836,1.0,3.0,success
1662,-1.2649461030960083,-2.8738977909088135,-0.00019224001152906567,0.032927487045526505,0.032927487045526505,1.0,3.0,success
1663,-1.2656713724136353,-2.8731331825256348,-0.0001923395466292277,0.03293343260884285,0.03293342888355255,1.0,3.0,success
1664,-1.266398549079895,-2.872370481491089,-0.00019243934366386384,0.032931312918663025,0.032931309193372726,1.0,3.0,success
1665,-1.2671276330947876,-2.8716094493865967,-0.0001925394026329741,0.03293479233980179,0.03293479233980179,1.0,3.0,success
1666,-1.2678585052490234,-2.870849847793579,-0.00019263972353655845,0.032941244542598724,0.032941244542598724,1.0,3.0,success
1667,-1.268591284751892,-2.8700921535491943,-0.00019274032092653215,0.03293972834944725,0.03293972834944725,1.0,3.0,success
1668,-1.2693259716033936,-2.869335889816284,-0.0001928411511471495,0.032949116080999374,0.032949116080999374,1.0,3.0,success
1669,-1.2700625658035278,-2.868581533432007,-0.0001929422578541562,0.032948002219200134,0.032948002219200134,1.0,3.0,success
1670,-1.2708009481430054,-2.867828607559204,-0.000193043626495637,0.03295513615012169,0.03295513242483139,1.0,3.0,success
1671,-1.2715411186218262,-2.867077589035034,-0.00019314524251967669,0.032951802015304565,0.032951802015304565,1.0,3.0,success
1672,-1.2722831964492798,-2.866328239440918,-0.00019324712047819048,0.03295658901333809,0.03295658901333809,1.0,3.0,success
1673,-1.2730271816253662,-2.8655805587768555,-0.0001933492603711784,0.03296156972646713,0.03296156972646713,1.0,3.0,success
1674,-1.273772954940796,-2.8648345470428467,-0.0001934516621986404,0.03296410292387009,0.03296410292387009,1.0,3.0,success
1675,-1.2745205163955688,-2.8640902042388916,-0.0001935543114086613,0.03296681120991707,0.03296681120991707,1.0,3.0,success
1676,-1.2752699851989746,-2.8633475303649902,-0.0001936572080012411,0.03297234699130058,0.03297234699130058,1.0,3.0,success
1677,-1.2760212421417236,-2.8626065254211426,-0.0001937603810802102,0.032975416630506516,0.032975416630506516,1.0,3.0,success
1678,-1.2767744064331055,-2.8618674278259277,-0.00019386378698982298,0.03297610580921173,0.03297610580921173,1.0,3.0,success
1679,-1.277529239654541,-2.8611299991607666,-0.00019396745483390987,0.03297688439488411,0.03297688066959381,1.0,3.0,success
1680,-1.2782859802246094,-2.860394239425659,-0.00019407138461247087,0.032983165234327316,0.032983165234327316,1.0,3.0,success
1681,-1.279044508934021,-2.8596601486206055,-0.00019417556177359074,0.03298696503043175,0.03298696503043175,1.0,3.0,success
1682,-1.2798048257827759,-2.8589279651641846,-0.0001942799863172695,0.03298576548695564,0.03298576548695564,1.0,3.0,success
1683,-1.2805670499801636,-2.8581974506378174,-0.00019438465824350715,0.032992616295814514,0.032992616295814514,1.0,3.0,success
1684,-1.281330943107605,-2.857468605041504,-0.0001944895921042189,0.03299426659941673,0.03299426659941673,1.0,3.0,success
1685,-1.2820967435836792,-2.856741428375244,-0.00019459477334748954,0.033001482486724854,0.033001482486724854,1.0,3.0,success
1686,-1.2828642129898071,-2.856016159057617,-0.00019470020197331905,0.032998353242874146,0.032998353242874146,1.0,3.0,success
1687,-1.2836335897445679,-2.855292558670044,-0.00019480587798170745,0.03300594538450241,0.03300594538450241,1.0,3.0,success
1688,-1.2844046354293823,-2.8545708656311035,-0.00019491180137265474,0.033003199845552444,0.033003196120262146,1.0,3.0,success
1689,-1.28517746925354,-2.8538506031036377,-0.0001950179721461609,0.03301352635025978,0.03301352635025978,1.0,3.0,success
1690,-1.285952091217041,-2.853132486343384,-0.00019512439030222595,0.03300879895687103,0.03300879895687103,1.0,3.0,success
1691,-1.2867285013198853,-2.8524158000946045,-0.00019523105584084988,0.03301946073770523,0.03301946073770523,1.0,3.0,success
1692,-1.2875066995620728,-2.851701021194458,-0.0001953379687620327,0.033020198345184326,0.033020198345184326,1.0,3.0,success
1693,-1.288286566734314,-2.8509881496429443,-0.00019544512906577438,0.03301838040351868,0.03301837667822838,1.0,3.0,success
1694,-1.289068341255188,-2.8502769470214844,-0.00019555252220015973,0.0330272801220417,0.0330272801220417,1.0,3.0,success
1695,-1.2898516654968262,-2.849567413330078,-0.0001956601772690192,0.03302808478474617,0.03302808478474617,1.0,3.0,success
1696,-1.2906368970870972,-2.8488597869873047,-0.0001957680651685223,0.03303235024213791,0.03303235024213791,1.0,3.0,success
1697,-1.2914237976074219,-2.848154067993164,-0.00019587618589866906,0.03303128853440285,0.03303128853440285,1.0,3.0,success
1698,-1.2922124862670898,-2.847450017929077,-0.00019598456856328994,0.03303815796971321,0.03303815424442291,1.0,3.0,success
1699,-1.2930028438568115,-2.846747636795044,-0.00019609316950663924,0.033042412251234055,0.033042408525943756,1.0,3.0,success
1700,-1.293794870376587,-2.8460471630096436,-0.00019620203238446265,0.03304189816117287,0.03304189816117287,1.0,3.0,success
1701,-1.2945888042449951,-2.845348596572876,-0.00019631112809292972,0.03304716572165489,0.03304716572165489,1.0,3.0,success
1702,-1.2953842878341675,-2.844651699066162,-0.00019642045663204044,0.03304915130138397,0.033049147576093674,1.0,3.0,success
1703,-1.296181559562683,-2.843956708908081,-0.00019653003255371004,0.033052004873752594,0.033052004873752594,1.0,3.0,success
1704,-1.2969805002212524,-2.8432633876800537,-0.0001966398413060233,0.03305713087320328,0.03305713087320328,1.0,3.0,success
1705,-1.297781229019165,-2.842571973800659,-0.0001967498828889802,0.03306036815047264,0.03306036815047264,1.0,3.0,success
1706,-1.2985835075378418,-2.8418824672698975,-0.000196860171854496,0.03305815905332565,0.033058155328035355,1.0,3.0,success
1707,-1.2993875741958618,-2.8411948680877686,-0.00019697069365065545,0.033061787486076355,0.033061787486076355,1.0,3.0,success
1708,-1.3001933097839355,-2.8405089378356934,-0.00019708144827745855,0.03306761011481285,0.03306761011481285,1.0,3.0,success
1709,-1.3010008335113525,-2.839824676513672,-0.0001971924357349053,0.033076439052820206,0.03307643532752991,1.0,3.0,success
1710,-1.3018099069595337,-2.8391425609588623,-0.0001973036560229957,0.03307013958692551,0.03307013958692551,1.0,3.0,success
1711,-1.302620768547058,-2.8384621143341064,-0.00019741510914172977,0.03307933360338211,0.03307933360338211,1.0,3.0,success
1712,-1.3034331798553467,-2.8377835750579834,-0.0001975267950911075,0.03307820484042168,0.03307820484042168,1.0,3.0,success
1713,-1.304247260093689,-2.837106943130493,-0.00019763872842304409,0.033080119639635086,0.033080119639635086,1.0,3.0,success
1714,-1.3050631284713745,-2.8364322185516357,-0.0001977508800337091,0.03308509290218353,0.03308509290218353,1.0,3.0,success
1715,-1.3058805465698242,-2.835759162902832,-0.00019786326447501779,0.033089254051446915,0.033089250326156616,1.0,3.0,success
1716,-1.3066996335983276,-2.835088014602661,-0.0001979758671950549,0.033091723918914795,0.033091720193624496,1.0,3.0,success
1717,-1.3075203895568848,-2.834418773651123,-0.00019808871729765087,0.0330943800508976,0.0330943800508976,1.0,3.0,success
1718,-1.3083428144454956,-2.8337514400482178,-0.00019820178567897528,0.03309722617268562,0.03309722617268562,1.0,3.0,success
1719,-1.3091669082641602,-2.8330860137939453,-0.00019831508689094335,0.03310026600956917,0.03310026600956917,1.0,3.0,success
1720,-1.3099925518035889,-2.8324224948883057,-0.00019842860638163984,0.033100590109825134,0.033100590109825134,1.0,3.0,success
1721,-1.3108198642730713,-2.8317606449127197,-0.0001985423732548952,0.033108651638031006,0.033108651638031006,1.0,3.0,success
1722,-1.3116487264633179,-2.8311007022857666,-0.00019865634385496378,0.03310932219028473,0.03310932219028473,1.0,3.0,success
1723,-1.3124793767929077,-2.8304429054260254,-0.000198770547285676,0.03311138600111008,0.03311138600111008,1.0,3.0,success
1724,-1.3133114576339722,-2.829786777496338,-0.00019888498354703188,0.03311412036418915,0.03311412036418915,1.0,3.0,success
1725,-1.3141452074050903,-2.829132556915283,-0.00019899963808711618,0.033118266612291336,0.033118266612291336,1.0,3.0,success
1726,-1.3149806261062622,-2.8284802436828613,-0.0001991145109059289,0.03312259539961815,0.03312259539961815,1.0,3.0,success
1727,-1.3158175945281982,-2.8278300762176514,-0.00019922960200347006,0.033119600266218185,0.033119600266218185,1.0,3.0,success
1728,-1.316656231880188,-2.827181577682495,-0.00019934492593165487,0.03312887251377106,0.03312887251377106,1.0,3.0,success
1729,-1.3174962997436523,-2.8265349864959717,-0.0001994604681385681,0.033127859234809875,0.033127859234809875,1.0,3.0,success
1730,-1.31833815574646,-2.825890302658081,-0.00019957622862420976,0.03313588723540306,0.03313588351011276,1.0,3.0,success
1731,-1.3191814422607422,-2.8252477645874023,-0.00019969220738857985,0.0331307090818882,0.0331307090818882,1.0,3.0,success
1732,-1.3200263977050781,-2.8246068954467773,-0.00019980840443167835,0.03314066305756569,0.03314066305756569,1.0,3.0,success
1733,-1.3208729028701782,-2.823967933654785,-0.00019992483430542052,0.033143315464258194,0.033143315464258194,1.0,3.0,success
1734,-1.3217209577560425,-2.823331117630005,-0.00020004146790597588,0.03314167633652687,0.03314167633652687,1.0,3.0,success
1735,-1.322570562362671,-2.8226959705352783,-0.00020015831978525966,0.03314916417002678,0.03314916417002678,1.0,3.0,success
1736,-1.3234217166900635,-2.8220629692077637,-0.00020027538994327188,0.0331479050219059,0.0331479012966156,1.0,3.0,success
1737,-1.3242744207382202,-2.821431875228882,-0.00020039266382809728,0.033151283860206604,0.033151280134916306,1.0,3.0,success
1738,-1.3251286745071411,-2.820802688598633,-0.00020051017054356635,0.03315483778715134,0.03315483778715134,1.0,3.0,success
1739,-1.3259844779968262,-2.8201754093170166,-0.0002006278809858486,0.033158574253320694,0.033158574253320694,1.0,3.0,success
1740,-1.3268418312072754,-2.819550037384033,-0.0002007458097068593,0.03316248580813408,0.03316248580813408,1.0,3.0,success
1741,-1.3277007341384888,-2.8189268112182617,-0.00020086394215468317,0.0331621989607811,0.0331621989607811,1.0,3.0,success
1742,-1.3285588026046753,-2.8183035850524902,-0.00020098606182727963,0.03314109891653061,0.03314109519124031,1.0,3.0,success
1743,-1.3294097185134888,-2.817675828933716,-0.00020111739286221564,0.03304435312747955,0.03304435312747955,1.0,3.0,success
1744,-1.3302569389343262,-2.8170461654663086,-0.00020124000729992986,0.03298701345920563,0.03298701345920563,1.0,3.0,success
1745,-1.3311054706573486,-2.816418170928955,-0.0002013515477301553,0.032988857477903366,0.03298885375261307,1.0,3.0,success
1746,-1.3319554328918457,-2.8157923221588135,-0.0002014620986301452,0.03298499807715416,0.03298499807715416,1.0,3.0,success
1747,-1.3328067064285278,-2.8151679039001465,-0.00020157225662842393,0.032991547137498856,0.032991547137498856,1.0,3.0,success
1748,-1.3336591720581055,-2.8145453929901123,-0.00020168213814031333,0.03298640623688698,0.03298640251159668,1.0,3.0,success
1749,-1.3345131874084473,-2.813924789428711,-0.0002017918595811352,0.03299045190215111,0.03299045190215111,1.0,3.0,success
1750,-1.3353683948516846,-2.8133060932159424,-0.0002019014791585505,0.0329856239259243,0.0329856239259243,1.0,3.0,success
1751,-1.336224913597107,-2.8126890659332275,-0.00020201104052830487,0.03298832103610039,0.03298832103610039,1.0,3.0,success
1752,-1.3370827436447144,-2.8120739459991455,-0.00020212060189805925,0.03298681229352951,0.03298681229352951,1.0,3.0,success
1753,-1.3379418849945068,-2.8114607334136963,-0.0002022302069235593,0.03298545628786087,0.03298545628786087,1.0,3.0,success
1754,-1.338802456855774,-2.810849189758301,-0.00020233985560480505,0.032991617918014526,0.032991617918014526,1.0,3.0,success
1755,-1.3396642208099365,-2.810239553451538,-0.00020244959159754217,0.032987531274557114,0.032987531274557114,1.0,3.0,success
1756,-1.3405272960662842,-2.809631824493408,-0.00020255942945368588,0.03298664093017578,0.03298664093017578,1.0,3.0,success
1757,-1.341391682624817,-2.809025764465332,-0.00020266938372515142,0.03299018368124962,0.03299018368124962,1.0,3.0,success
1758,-1.3422573804855347,-2.8084218502044678,-0.0002027794544119388,0.03298533335328102,0.03298533335328102,1.0,3.0,success
1759,-1.3431243896484375,-2.8078196048736572,-0.0002028896560659632,0.03298917040228844,0.03298917040228844,1.0,3.0,success
1760,-1.3439927101135254,-2.8072192668914795,-0.00020300000323913991,0.03298890218138695,0.03298890218138695,1.0,3.0,success
1761,-1.3448622226715088,-2.8066205978393555,-0.00020311048137955368,0.03298994526267052,0.03298994526267052,1.0,3.0,success
1762,-1.3457330465316772,-2.8060240745544434,-0.00020322111959103495,0.032985761761665344,0.032985761761665344,1.0,3.0,success
1763,-1.3466051816940308,-2.805429220199585,-0.00020333188876975328,0.032990165054798126,0.03299016132950783,1.0,3.0,success
1764,-1.3474786281585693,-2.8048362731933594,-0.00020344283257145435,0.03299051150679588,0.03299051150679588,1.0,3.0,success
1765,-1.3483532667160034,-2.8042452335357666,-0.0002035539218923077,0.03298792988061905,0.03298792615532875,1.0,3.0,success
1766,-1.3492292165756226,-2.8036561012268066,-0.00020366515673231333,0.03298858925700188,0.03298858553171158,1.0,3.0,success
1767,-1.3501063585281372,-2.8030686378479004,-0.00020377655164338648,0.032990455627441406,0.032990455627441406,1.0,3.0,success
1768,-1.350984811782837,-2.802483320236206,-0.00020388812117744237,0.032987285405397415,0.032987285405397415,1.0,3.0,success
1769,-1.3518644571304321,-2.8018996715545654,-0.00020399982167873532,0.03298942744731903,0.03298942744731903,1.0,3.0,success
1770,-1.3527454137802124,-2.8013181686401367,-0.000204111696803011,0.0329865925014019,0.0329865925014019,1.0,3.0,success
1771,-1.3536276817321777,-2.8007383346557617,-0.0002042237319983542,0.032992128282785416,0.032992128282785416,1.0,3.0,success
1772,-1.354511022567749,-2.8001604080200195,-0.00020433591271284968,0.032987482845783234,0.032987479120492935,1.0,3.0,success
1773,-1.3553956747055054,-2.79958438873291,-0.00020444825349841267,0.03298921883106232,0.03298921883106232,1.0,3.0,success
1774,-1.3562816381454468,-2.7990102767944336,-0.00020456075435504317,0.032991115003824234,0.032991115003824234,1.0,3.0,success
1775,-1.3571687936782837,-2.79843807220459,-0.0002046734152827412,0.03299004212021828,0.03299003839492798,1.0,3.0,success
1776,-1.3580571413040161,-2.797867774963379,-0.0002047862217295915,0.03298911452293396,0.03298911452293396,1.0,3.0,success
1777,-1.358946681022644,-2.797299385070801,-0.0002048991882475093,0.03298833966255188,0.03298833593726158,1.0,3.0,success
1778,-1.3598374128341675,-2.7967329025268555,-0.00020501231483649462,0.03298771008849144,0.03298771008849144,1.0,3.0,success
1779,-1.360729455947876,-2.796168327331543,-0.00020512558694463223,0.03299038112163544,0.03299038112163544,1.0,3.0,success
1780,-1.36162269115448,-2.7956056594848633,-0.00020523901912383735,0.03299005702137947,0.03299005702137947,1.0,3.0,success
1781,-1.3625171184539795,-2.7950448989868164,-0.00020535261137410998,0.03298988565802574,0.03298988565802574,1.0,3.0,success
1782,-1.3634127378463745,-2.7944858074188232,-0.0002054663491435349,0.03299380838871002,0.032993804663419724,1.0,3.0,success
1783,-1.364309549331665,-2.793928861618042,-0.00020558024698402733,0.0329899862408638,0.0329899862408638,1.0,3.0,success
1784,-1.365207552909851,-2.7933738231658936,-0.00020569429034367204,0.032990261912345886,0.032990261912345886,1.0,3.0,success
1785,-1.3661067485809326,-2.792820930480957,-0.00020580849377438426,0.03298678621649742,0.03298678621649742,1.0,3.0,success
1786,-1.3670071363449097,-2.792269706726074,-0.00020592284272424877,0.03299126401543617,0.03299126401543617,1.0,3.0,success
1787,-1.3679085969924927,-2.791720390319824,-0.00020603735174518079,0.032988809049129486,0.032988809049129486,1.0,3.0,success
1788,-1.3688113689422607,-2.791172981262207,-0.0002061520062852651,0.03299286589026451,0.03299286589026451,1.0,3.0,success
1789,-1.3697152137756348,-2.7906277179718018,-0.00020626680634450167,0.032986849546432495,0.032986849546432495,1.0,3.0,success
1790,-1.3706203699111938,-2.79008412361145,-0.00020638175192289054,0.032995063811540604,0.032995063811540604,1.0,3.0,success
1791,-1.3715265989303589,-2.7895426750183105,-0.00020649685757234693,0.032989367842674255,0.032989367842674255,1.0,3.0,success
1792,-1.3724339008331299,-2.7890031337738037,-0.0002066121087409556,0.032987646758556366,0.032987646758556366,1.0,3.0,success
1793,-1.373342514038086,-2.7884654998779297,-0.00020672750542871654,0.03299248218536377,0.03299248218536377,1.0,3.0,success
1794,-1.374252200126648,-2.7879297733306885,-0.00020684304763562977,0.03299105539917946,0.03299105539917946,1.0,3.0,success
1795,-1.375162959098816,-2.78739595413208,-0.0002069587353616953,0.03298977389931679,0.03298977017402649,1.0,3.0,success
1796,-1.376075029373169,-2.7868642807006836,-0.00020707458315882832,0.032991308718919754,0.032991308718919754,1.0,3.0,success
1797,-1.3769880533218384,-2.786334276199341,-0.0002071905619231984,0.032990846782922745,0.032990846782922745,1.0,3.0,success
1798,-1.3779023885726929,-2.78580641746521,-0.00020730668620672077,0.03299271687865257,0.03299271687865257,1.0,3.0,success
1799,-1.3788176774978638,-2.785280466079712,-0.00020742297056131065,0.032988790422677994,0.032988790422677994,1.0,3.0,success
1800,-1.3797341585159302,-2.7847564220428467,-0.00020753938588313758,0.03299146890640259,0.03299146890640259,1.0,3.0,success
1801,-1.380651831626892,-2.7842345237731934,-0.0002076559467241168,0.03299061208963394,0.03299061208963394,1.0,3.0,success
1802,-1.38157057762146,-2.783714532852173,-0.0002077726530842483,0.032990362495183945,0.032990362495183945,1.0,3.0,success
1803,-1.3824903964996338,-2.783196449279785,-0.00020788949041161686,0.03299025073647499,0.03299025073647499,1.0,3.0,success
1804,-1.3834114074707031,-2.7826802730560303,-0.00020800648781005293,0.032993532717227936,0.032993532717227936,1.0,3.0,success
1805,-1.3843334913253784,-2.782166004180908,-0.00020812361617572606,0.03299371153116226,0.032993707805871964,1.0,3.0,success
1806,-1.3852566480636597,-2.781653881072998,-0.00020824089006055146,0.03299041464924812,0.03299041464924812,1.0,3.0,success
1807,-1.3861808776855469,-2.7811436653137207,-0.00020835830946452916,0.03299088776111603,0.03299088776111603,1.0,3.0,success
1808,-1.38710618019104,-2.7806355953216553,-0.0002084758598357439,0.03298792243003845,0.03298792243003845,1.0,3.0,success
1809,-1.3880326747894287,-2.7801291942596436,-0.0002085935411741957,0.03299553319811821,0.03299553319811821,1.0,3.0,success
1810,-1.3889601230621338,-2.7796249389648438,-0.00020871138258371502,0.03298960626125336,0.03298960626125336,1.0,3.0,success
1811,-1.3898887634277344,-2.7791225910186768,-0.0002088293549604714,0.03299393877387047,0.03299393877387047,1.0,3.0,success
1812,-1.390818476676941,-2.7786223888397217,-0.00020894745830446482,0.03299160674214363,0.03299160674214363,1.0,3.0,success
1813,-1.3917491436004639,-2.7781240940093994,-0.0002090656926156953,0.03298967704176903,0.03298967704176903,1.0,3.0,success
1814,-1.3926810026168823,-2.77762770652771,-0.0002091840869979933,0.03299446031451225,0.03299446031451225,1.0,3.0,success
1815,-1.3936138153076172,-2.7771334648132324,-0.0002093025977956131,0.032989319413900375,0.032989319413900375,1.0,3.0,success
1816,-1.3945478200912476,-2.7766411304473877,-0.0002094212541123852,0.032994408160448074,0.032994408160448074,1.0,3.0,success
1817,-1.3954827785491943,-2.776150941848755,-0.00020954004139639437,0.032989583909511566,0.032989583909511566,1.0,3.0,success
1818,-1.396418809890747,-2.775662422180176,-0.00020965895964764059,0.03299511596560478,0.03299511596560478,1.0,3.0,success
1819,-1.3973559141159058,-2.7751762866973877,-0.00020977800886612386,0.0329904705286026,0.0329904705286026,1.0,3.0,success
1820,-1.3982939720153809,-2.7746918201446533,-0.0002098972036037594,0.03299296274781227,0.03299296274781227,1.0,3.0,success
1821,-1.399233102798462,-2.774209499359131,-0.00021001652930863202,0.03299206867814064,0.03299206867814064,1.0,3.0,success
1822,-1.400173306465149,-2.7737293243408203,-0.00021013598598074168,0.03299133852124214,0.03299133852124214,1.0,3.0,success
1823,-1.4011144638061523,-2.7732510566711426,-0.0002102555736200884,0.03299083933234215,0.03299083933234215,1.0,3.0,success
1824,-1.4020566940307617,-2.7727746963500977,-0.00021037527767475694,0.03299379721283913,0.03299379721283913,1.0,3.0,success
1825,-1.402999997138977,-2.7723004817962646,-0.00021049512724857777,0.03299354761838913,0.03299354761838913,1.0,3.0,success
1826,-1.4039442539215088,-2.7718281745910645,-0.00021061510778963566,0.03299347311258316,0.03299347311258316,1.0,3.0,success
1827,-1.404889464378357,-2.771358013153076,-0.0002107352192979306,0.03299020975828171,0.03299020975828171,1.0,3.0,success
1828,-1.405835747718811,-2.7708897590637207,-0.00021085544722154737,0.032993756234645844,0.032993752509355545,1.0,3.0,success
1829,-1.406783103942871,-2.770423650741577,-0.00021097582066431642,0.03299415111541748,0.03299415111541748,1.0,3.0,success
1830,-1.407731294631958,-2.7699596881866455,-0.0002110963105224073,0.03298802673816681,0.03298802301287651,1.0,3.0,success
1831,-1.4086805582046509,-2.7694973945617676,-0.00021121693134773523,0.03299527242779732,0.03299527242779732,1.0,3.0,success
1832,-1.4096308946609497,-2.7690374851226807,-0.00021133768314030021,0.0329928956925869,0.0329928956925869,1.0,3.0,success
1833,-1.4105820655822754,-2.7685792446136475,-0.00021145855134818703,0.03299370035529137,0.03299370035529137,1.0,3.0,success
1834,-1.411534309387207,-2.7681233882904053,-0.0002115795505233109,0.032991670072078705,0.032991670072078705,1.0,3.0,success
1835,-1.412487506866455,-2.767669439315796,-0.0002117006661137566,0.032992884516716,0.032992884516716,1.0,3.0,success
1836,-1.4134416580200195,-2.7672173976898193,-0.00021182191267143935,0.03299422934651375,0.03299422934651375,1.0,3.0,success
1837,-1.4143967628479004,-2.7667675018310547,-0.00021194329019635916,0.03299253433942795,0.03299253433942795,1.0,3.0,success
1838,-1.4153529405593872,-2.766319751739502,-0.0002120647841366008,0.03299437463283539,0.03299437463283539,1.0,3.0,success
1839,-1.4163099527359009,-2.765873908996582,-0.00021218640904407948,0.03299277648329735,0.03299277648329735,1.0,3.0,success
1840,-1.417267918586731,-2.765430212020874,-0.00021230815036688,0.03299155831336975,0.03299155458807945,1.0,3.0,success
1841,-1.4182268381118774,-2.764988422393799,-0.00021243000810500234,0.0329936183989048,0.0329936146736145,1.0,3.0,success
1842,-1.4191867113113403,-2.7645487785339355,-0.00021255199681036174,0.032992709428071976,0.032992709428071976,1.0,3.0,success
1843,-1.4201476573944092,-2.764111042022705,-0.00021267408737912774,0.03299843892455101,0.03299843892455101,1.0,3.0,success
1844,-1.4211093187332153,-2.7636756896972656,-0.00021279632346704602,0.03298798203468323,0.03298798203468323,1.0,3.0,success
1845,-1.4220720529556274,-2.76324200630188,-0.0002129186614183709,0.03299707919359207,0.03299707546830177,1.0,3.0,success
1846,-1.423035740852356,-2.762810707092285,-0.0002130411157850176,0.03299374505877495,0.03299374505877495,1.0,3.0,success
1847,-1.4240002632141113,-2.7623813152313232,-0.00021316370111890137,0.03299326077103615,0.03299326077103615,1.0,3.0,success
1848,-1.424965739250183,-2.7619540691375732,-0.00021328640286810696,0.03299329802393913,0.03299329802393913,1.0,3.0,success
1849,-1.4259320497512817,-2.761528730392456,-0.00021340922103263438,0.03299308940768242,0.03299308568239212,1.0,3.0,success
1850,-1.4268993139266968,-2.761105537414551,-0.0002135321410605684,0.03299343213438988,0.03299343213438988,1.0,3.0,success
1851,-1.4278675317764282,-2.7606844902038574,-0.00021365519205573946,0.03299394249916077,0.03299393877387047,1.0,3.0,success
1852,-1.428836703300476,-2.760265588760376,-0.00021377835946623236,0.03299460932612419,0.03299460932612419,1.0,3.0,success
1853,-1.4298065900802612,-2.7598485946655273,-0.00021390164329204708,0.03299153968691826,0.03299153968691826,1.0,3.0,success
1854,-1.4307775497436523,-2.7594337463378906,-0.0002140250289812684,0.03299594298005104,0.03299594298005104,1.0,3.0,success
1855,-1.4317492246627808,-2.7590208053588867,-0.00021414853108581156,0.0329931378364563,0.0329931378364563,1.0,3.0,success
1856,-1.4327219724655151,-2.758610248565674,-0.00021427216415759176,0.03299495577812195,0.03299495577812195,1.0,3.0,success
1857,-1.4336954355239868,-2.7582015991210938,-0.00021439588454086334,0.03299243003129959,0.03299243003129959,1.0,3.0,success
1858,-1.434669852256775,-2.7577948570251465,-0.00021451973589137197,0.03299690783023834,0.03299690783023834,1.0,3.0,success
1859,-1.4356451034545898,-2.7573904991149902,-0.0002146436891052872,0.03299236670136452,0.03299236670136452,1.0,3.0,success
1860,-1.4366211891174316,-2.756988048553467,-0.00021476775873452425,0.03299368917942047,0.03299368917942047,1.0,3.0,success
1861,-1.4375982284545898,-2.7565877437591553,-0.0002148919302271679,0.032995764166116714,0.032995764166116714,1.0,3.0,success
1862,-1.438576102256775,-2.7561895847320557,-0.00021501621813513339,0.032994549721479416,0.032994549721479416,1.0,3.0,success
1863,-1.4395548105239868,-2.755793333053589,-0.0002151406224584207,0.0329962894320488,0.0329962894320488,1.0,3.0,success
1864,-1.4405343532562256,-2.755399465560913,-0.0002152651286451146,0.032992590218782425,0.032992590218782425,1.0,3.0,success
1865,-1.4415147304534912,-2.75500750541687,-0.0002153897366952151,0.03299461305141449,0.03299461305141449,1.0,3.0,success
1866,-1.4424959421157837,-2.754617691040039,-0.00021551446116063744,0.03299401327967644,0.03299401327967644,1.0,3.0,success
1867,-1.443477988243103,-2.75423002243042,-0.00021563928748946637,0.03299356997013092,0.03299356997013092,1.0,3.0,success
1868,-1.4444608688354492,-2.7538442611694336,-0.0002157642156817019,0.032996002584695816,0.032996002584695816,1.0,3.0,success
1869,-1.4454445838928223,-2.753460645675659,-0.00021588926028925925,0.032995857298374176,0.03299585357308388,1.0,3.0,success
1870,-1.4464291334152222,-2.753079414367676,-0.0002160144067602232,0.03299317881464958,0.03299317881464958,1.0,3.0,success
1871,-1.4474143981933594,-2.752700090408325,-0.00021613965509459376,0.03299256041646004,0.03299256041646004,1.0,3.0,success
1872,-1.448400616645813,-2.7523226737976074,-0.00021626500529237092,0.03299902379512787,0.03299902379512787,1.0,3.0,success
1873,-1.449387550354004,-2.7519476413726807,-0.0002163904719054699,0.03299336135387421,0.03299335762858391,1.0,3.0,success
1874,-1.4503753185272217,-2.751574754714966,-0.00021651602583006024,0.032993994653224945,0.032993994653224945,1.0,3.0,success
1875,-1.4513638019561768,-2.751203775405884,-0.0002166416816180572,0.032993920147418976,0.032993920147418976,1.0,3.0,success
1876,-1.4523532390594482,-2.7508349418640137,-0.00021676745382137597,0.03299833834171295,0.03299833834171295,1.0,3.0,success
1877,-1.4533432722091675,-2.7504684925079346,-0.0002168933133361861,0.03298985958099365,0.032989855855703354,1.0,3.0,success
1878,-1.4543342590332031,-2.7501039505004883,-0.00021701928926631808,0.03299718350172043,0.03299718350172043,1.0,3.0,success
1879,-1.455325961112976,-2.749741554260254,-0.00021714535250794142,0.032995086163282394,0.032995086163282394,1.0,3.0,success
1880,-1.4563183784484863,-2.7493810653686523,-0.00021727151761297137,0.03299568220973015,0.03299568220973015,1.0,3.0,success
1881,-1.4573116302490234,-2.749022960662842,-0.0002173977845814079,0.03299485146999359,0.03299485146999359,1.0,3.0,success
1882,-1.4583055973052979,-2.748667001724243,-0.00021752413886133581,0.03299320861697197,0.03299320861697197,1.0,3.0,success
1883,-1.4593003988265991,-2.7483129501342773,-0.00021765059500467032,0.032997727394104004,0.032997727394104004,1.0,3.0,success
1884,-1.4602959156036377,-2.7479612827301025,-0.00021777715301141143,0.032993897795677185,0.03299389407038689,1.0,3.0,success
1885,-1.4612922668457031,-2.7476115226745605,-0.00021790381288155913,0.032998695969581604,0.032998692244291306,1.0,3.0,success
1886,-1.4622892141342163,-2.7472641468048096,-0.0002180305600631982,0.0329916812479496,0.0329916812479496,1.0,3.0,success
1887,-1.4632869958877563,-2.7469186782836914,-0.00021815740910824388,0.032996758818626404,0.032996755093336105,1.0,3.0,success
1888,-1.4642854928970337,-2.746575355529785,-0.00021828434546478093,0.03299601376056671,0.03299601376056671,1.0,3.0,success
1889,-1.4652847051620483,-2.746234178543091,-0.00021841138368472457,0.032995425164699554,0.032995421439409256,1.0,3.0,success
1890,-1.4662846326828003,-2.7458953857421875,-0.00021853850921615958,0.03299259394407272,0.032992590218782425,1.0,3.0,success
1891,-1.467285394668579,-2.745558500289917,-0.0002186657366110012,0.032998226583004,0.032998226583004,1.0,3.0,success
1892,-1.4682867527008057,-2.7452237606048584,-0.00021879305131733418,0.03299456089735031,0.03299456089735031,1.0,3.0,success
1893,-1.469288945198059,-2.7448911666870117,-0.00021892045333515853,0.032998114824295044,0.032998111099004745,1.0,3.0,success
1894,-1.4702917337417603,-2.744560718536377,-0.00021904794266447425,0.032994743436574936,0.032994743436574936,1.0,3.0,success
1895,-1.4712952375411987,-2.744232416152954,-0.00021917553385719657,0.032995063811540604,0.032995060086250305,1.0,3.0,success
1896,-1.4722994565963745,-2.743906259536743,-0.00021930321236141026,0.03299552947282791,0.03299552947282791,1.0,3.0,success
1897,-1.4733043909072876,-2.743582248687744,-0.00021943097817711532,0.032996147871017456,0.032996147871017456,1.0,3.0,success
1898,-1.474310040473938,-2.743260622024536,-0.00021955883130431175,0.03299465402960777,0.032994650304317474,1.0,3.0,success
1899,-1.4753164052963257,-2.742940902709961,-0.00021968677174299955,0.03299785032868385,0.032997846603393555,1.0,3.0,success
1900,-1.4763233661651611,-2.7426233291625977,-0.00021981481404509395,0.03299536928534508,0.03299536928534508,1.0,3.0,success
1901,-1.4773310422897339,-2.7423079013824463,-0.0002199429291067645,0.03299659490585327,0.03299659490585327,1.0,3.0,success
1902,-1.4783393144607544,-2.741994619369507,-0.0002200711314799264,0.03299441188573837,0.03299441188573837,1.0,3.0,success
1903,-1.4793484210968018,-2.7416837215423584,-0.0002201994211645797,0.03299729898571968,0.03299729898571968,1.0,3.0,success
1904,-1.4803580045700073,-2.7413747310638428,-0.00022032779816072434,0.032994046807289124,0.032994046807289124,1.0,3.0,success
1905,-1.4813684225082397,-2.741067886352539,-0.00022045626246836036,0.032999437302351,0.0329994335770607,1.0,3.0,success
1906,-1.48237943649292,-2.7407634258270264,-0.00022058481408748776,0.03299569711089134,0.03299569711089134,1.0,3.0,success
1907,-1.4833910465240479,-2.7404608726501465,-0.0002207134384661913,0.03299640864133835,0.03299640491604805,1.0,3.0,success
1908,-1.484403371810913,-2.7401607036590576,-0.0002208421501563862,0.032996565103530884,0.032996565103530884,1.0,3.0,success
1909,-1.4853971004486084,-2.7398672103881836,-0.00022104766685515642,0.032380107790231705,0.032380107790231705,1.0,-3.0,success
1910,-1.4863890409469604,-2.7395710945129395,-0.00022111514408607036,0.03234986960887909,0.03234986960887909,1.0,-3.0,success
1911,-1.487380027770996,-2.739272356033325,-0.00022113411978352815,0.03234487399458885,0.03234487026929855,1.0,-3.0,success
1912,-1.4883702993392944,-2.7389707565307617,-0.00022112010628916323,0.03234941139817238,0.03234941139817238,1.0,-3.0,success
1913,-1.4893598556518555,-2.7386667728424072,-0.0002210802340414375,0.032349828630685806,0.032349828630685806,1.0,-3.0,success
1914,-1.4903486967086792,-2.7383601665496826,-0.00022101993090473115,0.03235263749957085,0.03235263749957085,1.0,-3.0,success
1915,-1.491336703300476,-2.738050937652588,-0.00022094327141530812,0.03235211968421936,0.03235211968421936,1.0,-3.0,success
1916,-1.4923239946365356,-2.7377395629882812,-0.0002208534860983491,0.032350894063711166,0.032350894063711166,1.0,-3.0,success
1917,-1.493310570716858,-2.7374255657196045,-0.00022075320885051042,0.032354339957237244,0.032354336231946945,1.0,-3.0,success
1918,-1.4942963123321533,-2.7371091842651367,-0.00022064450604375452,0.032352183014154434,0.032352183014154434,1.0,-3.0,success
1919,-1.4952813386917114,-2.736790180206299,-0.0002205290802521631,0.032356057316064835,0.032356057316064835,1.0,-3.0,success
1920,-1.4962655305862427,-2.736469030380249,-0.0002204082702519372,0.032351989299058914,0.032351985573768616,1.0,-3.0,success
1921,-1.4972490072250366,-2.736145496368408,-0.00022028316743671894,0.03235394507646561,0.03235394507646561,1.0,-3.0,success
1922,-1.4982317686080933,-2.7358195781707764,-0.00022015463036950678,0.03235609084367752,0.03235608711838722,1.0,-3.0,success
1923,-1.4992135763168335,-2.7354912757873535,-0.00022002338664606214,0.032351355999708176,0.032351355999708176,1.0,-3.0,success
1924,-1.5001946687698364,-2.7351605892181396,-0.00021988997468724847,0.032353874295949936,0.032353874295949936,1.0,-3.0,success
1925,-1.5011749267578125,-2.7348275184631348,-0.00021975484560243785,0.03235306218266487,0.03235305845737457,1.0,-3.0,success
1926,-1.5021544694900513,-2.734492301940918,-0.00021961837774142623,0.03235354274511337,0.03235354274511337,1.0,-3.0,success
1927,-1.5031331777572632,-2.73415470123291,-0.00021948084759060293,0.03235309198498726,0.03235309198498726,1.0,-3.0,success
1928,-1.5041110515594482,-2.7338144779205322,-0.00021934248798061162,0.032355282455682755,0.032355282455682755,1.0,-3.0,success
1929,-1.5050880908966064,-2.7334723472595215,-0.0002192035026382655,0.03235030174255371,0.03235030174255371,1.0,-3.0,success
1930,-1.5060642957687378,-2.7331275939941406,-0.0002190640225308016,0.03235289454460144,0.03235289454460144,1.0,-3.0,success
1931,-1.5070396661758423,-2.732780694961548,-0.000218924178625457,0.03235071524977684,0.03235071524977684,1.0,-3.0,success
1932,-1.5080139636993408,-2.7324328422546387,-0.0002146320475731045,0.032329414039850235,0.03232913464307785,1.0,-3.0,success
1933,-1.5089882612228394,-2.7320826053619385,-0.00021509939688257873,0.032354265451431274,0.032354261726140976,1.0,-3.0,success
1934,-1.5099616050720215,-2.731729507446289,-0.00021565698261838406,0.03235660493373871,0.03235660120844841,1.0,-3.0,success
1935,-1.5109339952468872,-2.7313740253448486,-0.00021608588576782495,0.032354094088077545,0.03235409036278725,1.0,-3.0,success
1936,-1.5119054317474365,-2.731016159057617,-0.00021640126942656934,0.0323517806828022,0.0323517806828022,1.0,-3.0,success
1937,-1.512876033782959,-2.7306556701660156,-0.00021662533981725574,0.03235575556755066,0.03235575556755066,1.0,-3.0,success
1938,-1.513845682144165,-2.730293035507202,-0.00021677635959349573,0.03235124796628952,0.03235124796628952,1.0,-3.0,success
1939,-1.5148143768310547,-2.7299277782440186,-0.00021686902618966997,0.03235216066241264,0.032352156937122345,1.0,-3.0,success
1940,-1.5157822370529175,-2.729560136795044,-0.0002169150102417916,0.032354142516851425,0.032354142516851425,1.0,-3.0,success
1941,-1.5167491436004639,-2.7291903495788574,-0.0002169237268390134,0.03235017508268356,0.03235017508268356,1.0,-3.0,success
1942,-1.5177152156829834,-2.728817939758301,-0.00021690265566576272,0.032355211675167084,0.032355211675167084,1.0,-3.0,success
1943,-1.5186803340911865,-2.7284433841705322,-0.00021685777755919844,0.03235160559415817,0.032351601868867874,1.0,-3.0,success
1944,-1.5196444988250732,-2.7280664443969727,-0.0002167938946513459,0.03235087916254997,0.032350875437259674,1.0,-3.0,success
1945,-1.520607829093933,-2.727687358856201,-0.00021671486319974065,0.03235108405351639,0.03235108405351639,1.0,-3.0,success
1946,-1.5215702056884766,-2.7273058891296387,-0.00021662371000275016,0.03235073760151863,0.03235073760151863,1.0,-3.0,success
1947,-1.5225316286087036,-2.726922035217285,-0.00021652290888596326,0.032350584864616394,0.032350584864616394,1.0,-3.0,success
1948,-1.5234922170639038,-2.7265357971191406,-0.00021641440980602056,0.03235409036278725,0.03235408663749695,1.0,-3.0,success
1949,-1.524451732635498,-2.726147413253784,-0.0002162997843697667,0.032348085194826126,0.032348085194826126,1.0,-3.0,success
1950,-1.5254104137420654,-2.725756883621216,-0.0002161802985938266,0.032349150627851486,0.032349150627851486,1.0,-3.0,success
1951,-1.5263681411743164,-2.7253637313842773,-0.00021605694200843573,0.03235258907079697,0.03235258907079697,1.0,-3.0,success
1952,-1.527324914932251,-2.724968671798706,-0.0002159305295208469,0.03234772011637688,0.03234772011637688,1.0,-3.0,success
1953,-1.5282807350158691,-2.7245709896087646,-0.00021580168686341494,0.03235156834125519,0.03235156834125519,1.0,-3.0,success
1954,-1.529235601425171,-2.7241711616516113,-0.00021567092335317284,0.03234989568591118,0.03234989568591118,1.0,-3.0,success
1955,-1.5301895141601562,-2.723769187927246,-0.00021553867554757744,0.0323483906686306,0.0323483906686306,1.0,-3.0,success
1956,-1.5311424732208252,-2.72336483001709,-0.00021540524903684855,0.03234995901584625,0.03234995901584625,1.0,-3.0,success
1957,-1.5320944786071777,-2.7229583263397217,-0.0002152709203073755,0.03234879672527313,0.03234879672527313,1.0,-3.0,success
1958,-1.5330455303192139,-2.7225494384765625,-0.00021513587853405625,0.03235074505209923,0.03235074505209923,1.0,-3.0,success
1959,-1.533995509147644,-2.7221381664276123,-0.00021500031289178878,0.03234947845339775,0.03234947845339775,1.0,-3.0,success
1960,-1.5349445343017578,-2.7217249870300293,-0.00021486435434781015,0.03234587609767914,0.03234587609767914,1.0,-3.0,success
1961,-1.5358926057815552,-2.721309185028076,-0.00021472810476552695,0.032351382076740265,0.032351382076740265,1.0,-3.0,success
1962,-1.5368397235870361,-2.7208914756774902,-0.00021459166600834578,0.03234810009598732,0.03234810009598732,1.0,-3.0,success
1963,-1.5377857685089111,-2.720471143722534,-0.00021445508173201233,0.03235061466693878,0.03235061466693878,1.0,-3.0,success
1964,-1.5387308597564697,-2.7200489044189453,-0.00021431842469610274,0.032347649335861206,0.032347649335861206,1.0,-3.0,success
1965,-1.5396748781204224,-2.7196242809295654,-0.00021418172400444746,0.032347533851861954,0.032347533851861954,1.0,-3.0,success
1966,-1.5406179428100586,-2.7191972732543945,-0.0002140450378647074,0.032351020723581314,0.032351016998291016,1.0,-3.0,success
1967,-1.5415599346160889,-2.7187681198120117,-0.00021390838082879782,0.03234822303056717,0.03234821930527687,1.0,-3.0,success
1968,-1.5425009727478027,-2.718336820602417,-0.00021377178200054914,0.032348982989788055,0.032348982989788055,1.0,-3.0,success
1969,-1.5434409379959106,-2.7179033756256104,-0.0002136352559318766,0.03234653174877167,0.03234653174877167,1.0,-3.0,success
1970,-1.5443798303604126,-2.7174675464630127,-0.00021349881717469543,0.032347384840250015,0.032347384840250015,1.0,-3.0,success
1971,-1.5453177690505981,-2.717029333114624,-0.00021336248028092086,0.03235182538628578,0.03235182538628578,1.0,-3.0,success
1972,-1.5462546348571777,-2.7165892124176025,-0.0002132262452505529,0.03234674781560898,0.03234674781560898,1.0,-3.0,success
1973,-1.5471904277801514,-2.71614670753479,-0.00021309014118742198,0.032348185777664185,0.032348185777664185,1.0,-3.0,success
1974,-1.548125147819519,-2.7157018184661865,-0.0002129541535396129,0.032349828630685806,0.032349828630685806,1.0,-3.0,success
1975,-1.5490587949752808,-2.71525502204895,-0.00021281829685904086,0.0323452427983284,0.0323452427983284,1.0,-3.0,success
1976,-1.5499913692474365,-2.714805841445923,-0.0002126825856976211,0.032347265630960464,0.032347265630960464,1.0,-3.0,success
1977,-1.5509229898452759,-2.7143545150756836,-0.0002125470055034384,0.0323495976626873,0.0323495976626873,1.0,-3.0,success
1978,-1.5518534183502197,-2.7139008045196533,-0.000212411570828408,0.03234866261482239,0.03234866261482239,1.0,-3.0,success
1979,-1.5527827739715576,-2.713444948196411,-0.00021227626712061465,0.03234800323843956,0.03234800323843956,1.0,-3.0,success
1980,-1.5537110567092896,-2.712986946105957,-0.0002121411234838888,0.03234751895070076,0.03234751895070076,1.0,-3.0,success
1981,-1.5546382665634155,-2.712526798248291,-0.00021200612536631525,0.03234720602631569,0.03234720602631569,1.0,-3.0,success
1982,-1.5555644035339355,-2.712064504623413,-0.00021187127276789397,0.032347071915864944,0.032347068190574646,1.0,-3.0,success
1983,-1.55648934841156,-2.711599826812744,-0.0002117365802405402,0.03234712406992912,0.032347120344638824,1.0,-3.0,success
1984,-1.5574132204055786,-2.7111330032348633,-0.00021160203323233873,0.03234735131263733,0.03234735131263733,1.0,-3.0,success
1985,-1.5583360195159912,-2.7106640338897705,-0.00021146764629520476,0.03234775736927986,0.03234775736927986,1.0,-3.0,success
1986,-1.5592576265335083,-2.7101926803588867,-0.0002113334194291383,0.03234840929508209,0.03234840929508209,1.0,-3.0,success
1987,-1.5601781606674194,-2.70971941947937,-0.00021119933808222413,0.03234577178955078,0.03234577178955078,1.0,-3.0,success
1988,-1.5610976219177246,-2.7092437744140625,-0.00021106541680637747,0.032350122928619385,0.032350122928619385,1.0,-3.0,success
1989,-1.5620158910751343,-2.708765983581543,-0.00021093167015351355,0.03234793618321419,0.03234793618321419,1.0,-3.0,success
1990,-1.5629329681396484,-2.7082860469818115,-0.00021079806901980191,0.032345931977033615,0.032345931977033615,1.0,-3.0,success
1991,-1.5638489723205566,-2.707803964614868,-0.0002106646279571578,0.03234740346670151,0.03234740346670151,1.0,-3.0,success
1992,-1.5647637844085693,-2.707319736480713,-0.00021053134696558118,0.03234575688838959,0.03234575688838959,1.0,-3.0,success
1993,-1.565677523612976,-2.7068333625793457,-0.00021039822604507208,0.032347582280635834,0.032347582280635834,1.0,-3.0,success
1994,-1.5665899515151978,-2.7063446044921875,-0.00021026527974754572,0.03234653174877167,0.03234652802348137,1.0,-3.0,success
1995,-1.5675013065338135,-2.7058539390563965,-0.00021013249352108687,0.03234519064426422,0.03234519064426422,1.0,-3.0,success
1996,-1.5684114694595337,-2.7053608894348145,-0.00020999986736569554,0.03234781324863434,0.03234781324863434,1.0,-3.0,success
1997,-1.569320559501648,-2.7048656940460205,-0.0002098674012813717,0.032350361347198486,0.032350361347198486,1.0,-3.0,success
1998,-1.5702283382415771,-2.7043683528900146,-0.00020973510982003063,0.03234655037522316,0.03234655037522316,1.0,-3.0,success
1999,-1.5711349248886108,-2.703869104385376,-0.00020960297842975706,0.032342590391635895,0.032342590391635895,1.0,-3.0,success
2000,-1.5720404386520386,-2.7033674716949463,-0.00020947102166246623,0.03234926611185074,0.03234926611185074,1.0,-3.0,success
2001,-1.5729446411132812,-2.7028636932373047,-0.00020933923951815814,0.03234601020812988,0.03234601020812988,1.0,-3.0,success
2002,-1.573847770690918,-2.702357769012451,-0.00020920761744491756,0.032349444925785065,0.032349444925785065,1.0,-3.0,success
2003,-1.5747495889663696,-2.7018496990203857,-0.0002090761554427445,0.032346561551094055,0.032346561551094055,1.0,-3.0,success
2004,-1.5756502151489258,-2.7013394832611084,-0.0002089448826154694,0.03234710916876793,0.03234710916876793,1.0,-3.0,success
2005,-1.5765496492385864,-2.7008273601531982,-0.0002088137698592618,0.03234415128827095,0.03234415128827095,1.0,-3.0,success
2006,-1.577447772026062,-2.700312852859497,-0.00020868283172603697,0.032345518469810486,0.032345518469810486,1.0,-3.0,success
2007,-1.5783448219299316,-2.699796199798584,-0.00020855206821579486,0.032349843531847,0.032349843531847,1.0,-3.0,success
2008,-1.5792405605316162,-2.699277639389038,-0.0002084214793285355,0.032344166189432144,0.032344166189432144,1.0,-3.0,success
2009,-1.5801349878311157,-2.698756694793701,-0.00020829106506425887,0.03234614059329033,0.03234614059329033,1.0,-3.0,success
2010,-1.5810282230377197,-2.6982338428497314,-0.00020816081087104976,0.0323440246284008,0.0323440246284008,1.0,-3.0,success
2011,-1.5819202661514282,-2.6977086067199707,-0.00020803074585273862,0.03234962001442909,0.03234962001442909,1.0,-3.0,success
2012,-1.5828109979629517,-2.697181463241577,-0.00020790085545741022,0.03234463185071945,0.03234462812542915,1.0,-3.0,success
2013,-1.5837005376815796,-2.6966521739959717,-0.00020777115423697978,0.03234681487083435,0.03234681114554405,1.0,-3.0,success
2014,-1.5845887660980225,-2.6961207389831543,-0.00020764161308761686,0.032345980405807495,0.032345980405807495,1.0,-3.0,success
2015,-1.5854758024215698,-2.695587158203125,-0.0002075122611131519,0.03234853222966194,0.03234853222966194,1.0,-3.0,success
2016,-1.5863614082336426,-2.695051670074463,-0.0002073830837616697,0.03234103322029114,0.03234103322029114,1.0,-3.0,success
2017,-1.5872459411621094,-2.6945137977600098,-0.00020725408103317022,0.032350994646549225,0.032350994646549225,1.0,-3.0,success
2018,-1.5881290435791016,-2.693974018096924,-0.00020712526747956872,0.03234385326504707,0.03234385326504707,1.0,-3.0,success
2019,-1.5890109539031982,-2.693432092666626,-0.00020699662854894996,0.03234713152050972,0.03234713152050972,1.0,-3.0,success
2020,-1.5898914337158203,-2.692888021469116,-0.00020686817879322916,0.03234424814581871,0.03234424814581871,1.0,-3.0,success
2021,-1.5907707214355469,-2.6923418045043945,-0.00020673991821240634,0.0323478989303112,0.0323478989303112,1.0,-3.0,success
2022,-1.5916486978530884,-2.69179368019104,-0.00020661183225456625,0.032344624400138855,0.032344624400138855,1.0,-3.0,success
2023,-1.5925253629684448,-2.6912434101104736,-0.0002064839209197089,0.03234546631574631,0.03234546631574631,1.0,-3.0,success
2024,-1.5934007167816162,-2.6906909942626953,-0.00020635621331166476,0.03234650567173958,0.03234650567173958,1.0,-3.0,success
2025,-1.5942747592926025,-2.690136671066284,-0.00020622868032660335,0.03234374523162842,0.03234374150633812,1.0,-3.0,success
2026,-1.5951474905014038,-2.689579963684082,-0.00020610133651643991,0.032349150627851486,0.032349150627851486,1.0,-3.0,success
2027,-1.59601891040802,-2.689021348953247,-0.00020597418188117445,0.03234673663973808,0.03234673663973808,1.0,-3.0,success
2028,-1.5968888998031616,-2.6884608268737793,-0.00020584721642080694,0.032341357320547104,0.032341357320547104,1.0,-3.0,success
2029,-1.5977576971054077,-2.6878981590270996,-0.0002057204401353374,0.0323464460670948,0.0323464460670948,1.0,-3.0,success
2030,-1.5986250638961792,-2.687333345413208,-0.00020559383847285062,0.0323454774916172,0.032345473766326904,1.0,-3.0,success
2031,-1.5994911193847656,-2.6867663860321045,-0.00020546744053717703,0.032347824424505234,0.032347824424505234,1.0,-3.0,success
2032,-1.6003557443618774,-2.686197519302368,-0.0002053412317764014,0.03234315291047096,0.03234315291047096,1.0,-3.0,success
2033,-1.6012190580368042,-2.68562650680542,-0.00020521521219052374,0.03234587237238884,0.03234587237238884,1.0,-3.0,success
2034,-1.602081060409546,-2.685053586959839,-0.00020508939633145928,0.03234465792775154,0.03234465792775154,1.0,-3.0,success
2035,-1.602941632270813,-2.684478521347046,-0.00020496375509537756,0.032344646751880646,0.032344646751880646,1.0,-3.0,success
2036,-1.603800892829895,-2.683901309967041,-0.00020483831758610904,0.03234792873263359,0.03234792500734329,1.0,-3.0,success
2037,-1.6046587228775024,-2.6833221912384033,-0.00020471308380365372,0.032344140112400055,0.032344140112400055,1.0,-3.0,success
2038,-1.6055152416229248,-2.682741165161133,-0.00020458802464418113,0.032343607395887375,0.032343603670597076,1.0,-3.0,success
2039,-1.6063703298568726,-2.6821577548980713,-0.00020446318376343697,0.03234855830669403,0.03234855830669403,1.0,-3.0,success
2040,-1.6072241067886353,-2.681572675704956,-0.00020433851750567555,0.03234416991472244,0.032344166189432144,1.0,-3.0,success
2041,-1.6080763339996338,-2.680985450744629,-0.00020421405497472733,0.032342229038476944,0.032342229038476944,1.0,-3.0,success
2042,-1.6089272499084473,-2.68039608001709,-0.0002040897961705923,0.03234662860631943,0.03234662860631943,1.0,-3.0,success
2043,-1.6097768545150757,-2.679804801940918,-0.00020396574109327048,0.03234696015715599,0.03234696015715599,1.0,-3.0,success
2044,-1.61062490940094,-2.679211378097534,-0.00020384187519084662,0.03234562277793884,0.03234562277793884,1.0,-3.0,success
2045,-1.6114716529846191,-2.6786160469055176,-0.00020371821301523596,0.032346297055482864,0.032346297055482864,1.0,-3.0,success
2046,-1.6123168468475342,-2.678018808364868,-0.00020359474001452327,0.03234105557203293,0.03234105557203293,1.0,-3.0,success
2047,-1.6131607294082642,-2.677419424057007,-0.00020347147074062377,0.03234638273715973,0.03234638273715973,1.0,-3.0,success
2048,-1.6140031814575195,-2.6768181324005127,-0.00020334840519353747,0.03234453499317169,0.03234453499317169,1.0,-3.0,success
2049,-1.6148442029953003,-2.6762146949768066,-0.0002032255579251796,0.03234720602631569,0.03234720230102539,1.0,-3.0,success
2050,-1.6156837940216064,-2.6756093502044678,-0.0002031028998317197,0.0323457196354866,0.0323457196354866,1.0,-3.0,success
2051,-1.6165218353271484,-2.675001859664917,-0.000202980445465073,0.03234575688838959,0.03234575688838959,1.0,-3.0,success
2052,-1.6173585653305054,-2.6743927001953125,-0.00020285819482523948,0.03234325721859932,0.03234325721859932,1.0,-3.0,success
2053,-1.6181937456130981,-2.673781394958496,-0.0002027361624641344,0.032343678176403046,0.03234367445111275,1.0,-3.0,success
2054,-1.6190276145935059,-2.6731679439544678,-0.00020261431927792728,0.03235030919313431,0.03235030919313431,1.0,-3.0,success
2055,-1.6198599338531494,-2.6725528240203857,-0.0002024926943704486,0.03234228491783142,0.03234228119254112,1.0,-3.0,success
2056,-1.6206907033920288,-2.671935558319092,-0.0002023712731897831,0.032343294471502304,0.032343294471502304,1.0,-3.0,success
2057,-1.6215201616287231,-2.671316385269165,-0.00020225007028784603,0.032346032559871674,0.032346032559871674,1.0,-3.0,success
2058,-1.6223480701446533,-2.6706950664520264,-0.00020212907111272216,0.03234744071960449,0.03234744071960449,1.0,-3.0,success
2059,-1.6231744289398193,-2.670071840286255,-0.00020200827566441149,0.032344572246074677,0.032344572246074677,1.0,-3.0,success
2060,-1.6239993572235107,-2.6694467067718506,-0.00020188769849482924,0.03234485909342766,0.03234485909342766,1.0,-3.0,success
2061,-1.6248228549957275,-2.6688196659088135,-0.0002017673250520602,0.03234531357884407,0.03234531357884407,1.0,-3.0,success
2062,-1.6256448030471802,-2.6681907176971436,-0.00020164716988801956,0.03234298154711723,0.03234298154711723,1.0,-3.0,success
2063,-1.6264653205871582,-2.6675596237182617,-0.00020152721845079213,0.032348331063985825,0.032348331063985825,1.0,-3.0,success
2064,-1.627284288406372,-2.666926860809326,-0.00020140748529229313,0.03234181925654411,0.03234181925654411,1.0,-3.0,success
2065,-1.6281017065048218,-2.6662919521331787,-0.00020128795586060733,0.032344598323106766,0.032344598323106766,1.0,-3.0,success
2066,-1.6289176940917969,-2.6656551361083984,-0.00020116865925956517,0.03234594315290451,0.03234594315290451,1.0,-3.0,success
2067,-1.6297321319580078,-2.6650164127349854,-0.00020104956638533622,0.03234453126788139,0.032344527542591095,1.0,-3.0,success
2068,-1.6305450201034546,-2.6643755435943604,-0.0002009306917898357,0.0323479063808918,0.0323479063808918,1.0,-3.0,success
2069,-1.6313564777374268,-2.6637330055236816,-0.0002008120354730636,0.032345160841941833,0.032345160841941833,1.0,-3.0,success
2070,-1.6321663856506348,-2.66308856010437,-0.00020069358288310468,0.03234428912401199,0.03234428912401199,1.0,-3.0,success
2071,-1.632974624633789,-2.6624419689178467,-0.00020057536312378943,0.03234533965587616,0.03234533965587616,1.0,-3.0,success
2072,-1.6337814331054688,-2.6617937088012695,-0.0002004573616432026,0.03234308585524559,0.03234308585524559,1.0,-3.0,success
2073,-1.6345866918563843,-2.6611433029174805,-0.00020033956388942897,0.03234744071960449,0.03234744071960449,1.0,-3.0,success
2074,-1.6353904008865356,-2.6604912281036377,-0.000200221998966299,0.032342612743377686,0.032342612743377686,1.0,-3.0,success
2075,-1.6361925601959229,-2.659837007522583,-0.00020010465232189745,0.03234735503792763,0.03234735503792763,1.0,-3.0,success
2076,-1.636993169784546,-2.6591811180114746,-0.00019998752395622432,0.03234286978840828,0.03234286606311798,1.0,-3.0,success
2077,-1.6377922296524048,-2.6585230827331543,-0.00019987061386927962,0.03234800696372986,0.03234800696372986,1.0,-3.0,success
2078,-1.6385897397994995,-2.6578633785247803,-0.00019975393661297858,0.03234385699033737,0.03234385699033737,1.0,-3.0,success
2079,-1.6393855810165405,-2.6572015285491943,-0.00019963747763540596,0.03234652057290077,0.03234652057290077,1.0,-3.0,success
2080,-1.6401798725128174,-2.6565380096435547,-0.00019952123693656176,0.032342709600925446,0.032342709600925446,1.0,-3.0,success
2081,-1.64097261428833,-2.6558725833892822,-0.00019940522906836122,0.032343849539756775,0.032343849539756775,1.0,-3.0,success
2082,-1.6417638063430786,-2.655205249786377,-0.0001992894394788891,0.03234516829252243,0.03234516829252243,1.0,-3.0,success
2083,-1.642553448677063,-2.654536008834839,-0.00019917388272006065,0.03234666958451271,0.03234666958451271,1.0,-3.0,success
2084,-1.6433414220809937,-2.653864860534668,-0.0001990585442399606,0.03234551474452019,0.03234551474452019,1.0,-3.0,success
2085,-1.6441278457641602,-2.6531918048858643,-0.000198943424038589,0.032347388565540314,0.032347388565540314,1.0,-3.0,success
2086,-1.644912600517273,-2.652517080307007,-0.00019882855121977627,0.03234175965189934,0.03234175965189934,1.0,-3.0,success
2087,-1.6456958055496216,-2.6518404483795166,-0.00019871389667969197,0.03234398737549782,0.03234398737549782,1.0,-3.0,success
2088,-1.6464773416519165,-2.6511619091033936,-0.00019859947497025132,0.03234358876943588,0.03234358876943588,1.0,-3.0,success
2089,-1.6472573280334473,-2.6504814624786377,-0.0001984852715395391,0.03234618529677391,0.03234618529677391,1.0,-3.0,success
2090,-1.6480356454849243,-2.649799108505249,-0.00019837130093947053,0.03234616294503212,0.03234616294503212,1.0,-3.0,success
2091,-1.6488124132156372,-2.6491150856018066,-0.00019825757772196084,0.032344210892915726,0.03234420716762543,1.0,-3.0,success
2092,-1.6495875120162964,-2.6484291553497314,-0.00019814407278317958,0.032344553619623184,0.032344553619623184,1.0,-3.0,success
2093,-1.6503609418869019,-2.6477413177490234,-0.00019803080067504197,0.03234509751200676,0.03234509751200676,1.0,-3.0,success
2094,-1.6511327028274536,-2.6470515727996826,-0.00019791776139754802,0.03234583139419556,0.03234583139419556,1.0,-3.0,success
2095,-1.6519029140472412,-2.646360158920288,-0.00019780495495069772,0.032344553619623184,0.032344553619623184,1.0,-3.0,success
2096,-1.652671456336975,-2.6456668376922607,-0.00019769238133449107,0.03234565630555153,0.03234565630555153,1.0,-3.0,success
2097,-1.6534383296966553,-2.6449718475341797,-0.00019758004054892808,0.03234195336699486,0.03234194964170456,1.0,-3.0,success
2098,-1.6542035341262817,-2.644274950027466,-0.00019746793259400874,0.03234343230724335,0.03234343230724335,1.0,-3.0,success
2099,-1.654967188835144,-2.643576145172119,-0.0001973560720216483,0.03234785050153732,0.03234785050153732,1.0,-3.0,success
2100,-1.655729055404663,-2.6428754329681396,-0.00019724444427993149,0.03234696760773659,0.03234696760773659,1.0,-3.0,success
2101,-1.656489372253418,-2.6421732902526855,-0.00019713304936885834,0.03234165161848068,0.03234165161848068,1.0,-3.0,success
2102,-1.6572479009628296,-2.6414690017700195,-0.00019702188728842884,0.032346211373806,0.032346211373806,1.0,-3.0,success
2103,-1.6580047607421875,-2.6407630443573,-0.00019691097259055823,0.03234356269240379,0.03234356269240379,1.0,-3.0,success
2104,-1.6587600708007812,-2.6400551795959473,-0.00019680029072333127,0.03234889358282089,0.032348889857530594,1.0,-3.0,success
2105,-1.6595135927200317,-2.639345645904541,-0.0001966898562386632,0.032343875616788864,0.032343875616788864,1.0,-3.0,success
2106,-1.6602654457092285,-2.638634443283081,-0.00019657965458463877,0.032341741025447845,0.032341741025447845,1.0,-3.0,success
2107,-1.6610156297683716,-2.6379213333129883,-0.00019646970031317323,0.03234491124749184,0.03234491124749184,1.0,-3.0,success
2108,-1.6617640256881714,-2.6372063159942627,-0.00019635997887235135,0.03234557807445526,0.03234557807445526,1.0,-3.0,success
2109,-1.6625107526779175,-2.6364896297454834,-0.00019625050481408834,0.03234397992491722,0.03234397992491722,1.0,-3.0,success
2110,-1.6632558107376099,-2.6357712745666504,-0.000196141263586469,0.03234254941344261,0.03234254941344261,1.0,-3.0,success
2111,-1.6639991998672485,-2.6350510120391846,-0.00019603228429332376,0.03234647586941719,0.03234647214412689,1.0,-3.0,success
2112,-1.664740800857544,-2.634329080581665,-0.00019592353783082217,0.03234272077679634,0.03234272077679634,1.0,-3.0,success
2113,-1.6654807329177856,-2.6336052417755127,-0.00019581503875087947,0.032347023487091064,0.032347023487091064,1.0,-3.0,success
2114,-1.6662189960479736,-2.6328797340393066,-0.00019570678705349565,0.032346297055482864,0.032346297055482864,1.0,-3.0,success
2115,-1.6669554710388184,-2.632152557373047,-0.00019559876818675548,0.03234308958053589,0.03234308958053589,1.0,-3.0,success
2116,-1.6676901578903198,-2.6314234733581543,-0.00019549101125448942,0.03234530985355377,0.03234530985355377,1.0,-3.0,success
2117,-1.6684231758117676,-2.630692720413208,-0.00019538348715286702,0.032345112413167953,0.032345112413167953,1.0,-3.0,success
2118,-1.669154405593872,-2.629960298538208,-0.00019527622498571873,0.03234244883060455,0.032342445105314255,1.0,-3.0,success
2119,-1.6698839664459229,-2.6292262077331543,-0.0001951691956492141,0.032342590391635895,0.032342590391635895,1.0,-3.0,success
2120,-1.6706117391586304,-2.6284902095794678,-0.00019506242824718356,0.03234558179974556,0.03234558179974556,1.0,-3.0,success
2121,-1.6713378429412842,-2.6277525424957275,-0.00019495590822771192,0.032346080988645554,0.032346080988645554,1.0,-3.0,success
2122,-1.6720620393753052,-2.6270132064819336,-0.00019484963559079915,0.03234153240919113,0.03234153240919113,1.0,-3.0,success
2123,-1.6727845668792725,-2.626271963119507,-0.00019474361033644527,0.03234771639108658,0.03234771639108658,1.0,-3.0,success
2124,-1.6735053062438965,-2.6255292892456055,-0.0001946378470165655,0.03234080225229263,0.03234080225229263,1.0,-3.0,success
2125,-1.6742243766784668,-2.6247847080230713,-0.00019453233107924461,0.03234734758734703,0.03234734758734703,1.0,-3.0,success
2126,-1.6749415397644043,-2.6240384578704834,-0.0001944270625244826,0.032343555241823196,0.032343555241823196,1.0,-3.0,success
2127,-1.675657033920288,-2.623290538787842,-0.00019432204135227948,0.03234510496258736,0.03234510496258736,1.0,-3.0,success
2128,-1.676370620727539,-2.6225409507751465,-0.00019421728211455047,0.03234168514609337,0.03234168514609337,1.0,-3.0,success
2129,-1.6770825386047363,-2.6217894554138184,-0.00019411278481129557,0.03234899416565895,0.03234899416565895,1.0,-3.0,success
2130,-1.6777926683425903,-2.6210365295410156,-0.00019400853489059955,0.03234309330582619,0.03234309330582619,1.0,-3.0,success
2131,-1.6785008907318115,-2.620281934738159,-0.0001939045323524624,0.03234023600816727,0.03234023600816727,1.0,-3.0,success
2132,-1.679207444190979,-2.61952543258667,-0.00019380079174879938,0.03234810382127762,0.03234810009598732,1.0,-3.0,success
2133,-1.6799120903015137,-2.618767499923706,-0.00019369731307961047,0.03234017267823219,0.03234017267823219,1.0,-3.0,success
2134,-1.6806150674819946,-2.6180076599121094,-0.00019359409634489566,0.03234841302037239,0.03234840929508209,1.0,-3.0,success
2135,-1.6813161373138428,-2.617246389389038,-0.00019349112699273974,0.03234082832932472,0.03234082832932472,1.0,-3.0,success
2136,-1.6820154190063477,-2.616483211517334,-0.00019338841957505792,0.032346922904253006,0.032346922904253006,1.0,-3.0,success
2137,-1.6827129125595093,-2.6157186031341553,-0.00019328597409185022,0.03234221041202545,0.03234221041202545,1.0,-3.0,success
2138,-1.683408498764038,-2.6149520874023438,-0.0001931837759912014,0.03234618902206421,0.03234618902206421,1.0,-3.0,success
2139,-1.6841024160385132,-2.6141841411590576,-0.00019308185437694192,0.03234431892633438,0.03234431892633438,1.0,-3.0,success
2140,-1.6847944259643555,-2.6134145259857178,-0.00019298018014524132,0.032343145459890366,0.032343145459890366,1.0,-3.0,success
2141,-1.685484528541565,-2.612643241882324,-0.00019287876784801483,0.032342176884412766,0.032342176884412766,1.0,-3.0,success
2142,-1.6861728429794312,-2.611870288848877,-0.00019277763203717768,0.032343871891498566,0.032343871891498566,1.0,-3.0,success
2143,-1.686859369277954,-2.611095666885376,-0.00019267674360889941,0.03234574943780899,0.03234574943780899,1.0,-3.0,success
2144,-1.6875441074371338,-2.6103196144104004,-0.00019257613166701049,0.03234222158789635,0.03234221786260605,1.0,-3.0,success
2145,-1.6882268190383911,-2.609541654586792,-0.00019247576710768044,0.032345134764909744,0.032345131039619446,1.0,-3.0,success
2146,-1.6889078617095947,-2.608762264251709,-0.00019237567903473973,0.032344404608011246,0.03234440088272095,1.0,-3.0,success
2147,-1.689586877822876,-2.6079812049865723,-0.00019227585289627314,0.03234210982918739,0.03234210982918739,1.0,-3.0,success
2148,-1.6902642250061035,-2.607198476791382,-0.00019217628869228065,0.03234733268618584,0.03234733268618584,1.0,-3.0,success
2149,-1.6909395456314087,-2.606414318084717,-0.0001920770009746775,0.03233978897333145,0.03233978897333145,1.0,-3.0,success
2150,-1.6916130781173706,-2.605628490447998,-0.00019197796063963324,0.03234293684363365,0.03234293311834335,1.0,-3.0,success
2151,-1.6922847032546997,-2.6048409938812256,-0.00019187921134289354,0.03234384208917618,0.03234384208917618,1.0,-3.0,success
2152,-1.6929545402526855,-2.6040518283843994,-0.00019178070942871273,0.03234735131263733,0.03234735131263733,1.0,-3.0,success
2153,-1.6936224699020386,-2.6032612323760986,-0.00019168248400092125,0.032342951744794846,0.032342951744794846,1.0,-3.0,success
2154,-1.6942884922027588,-2.602468967437744,-0.0001915845350595191,0.03234441950917244,0.03234441950917244,1.0,-3.0,success
2155,-1.6949526071548462,-2.601675271987915,-0.00019148684805259109,0.03234036639332771,0.03234036639332771,1.0,-3.0,success
2156,-1.6956148147583008,-2.6008799076080322,-0.00019138942298013717,0.03234221413731575,0.03234221413731575,1.0,-3.0,success
2157,-1.696275234222412,-2.6000828742980957,-0.0001912922743940726,0.032346632331609726,0.03234662860631943,1.0,-3.0,success
2158,-1.6969337463378906,-2.5992844104766846,-0.00019119540229439735,0.03234311193227768,0.03234310820698738,1.0,-3.0,success
2159,-1.6975902318954468,-2.5984842777252197,-0.00019109880668111145,0.03234315291047096,0.03234315291047096,1.0,-3.0,success
2160,-1.6982449293136597,-2.597682476043701,-0.00019100240024272352,0.03234811872243881,0.03234811872243881,1.0,-3.0,success
2161,-1.6988977193832397,-2.596879482269287,-0.00019090622663497925,0.03233935311436653,0.03233935311436653,1.0,-3.0,success
2162,-1.6995487213134766,-2.5960745811462402,-0.00019081025675404817,0.03235045447945595,0.03235045447945595,1.0,-3.0,success
2163,-1.7001979351043701,-2.595268487930298,-0.00019071453425567597,0.03234435245394707,0.03234435245394707,1.0,-3.0,success
2164,-1.7008452415466309,-2.5944604873657227,-0.00019061905913986266,0.03235349431633949,0.03235349431633949,1.0,-3.0,success
2165,-1.701490879058838,-2.593651294708252,-0.00019052383140660822,0.032350022345781326,0.032350022345781326,1.0,-3.0,success
2166,-1.7021347284317017,-2.5928404331207275,-0.0001904288656078279,0.03235602751374245,0.03235602378845215,1.0,-3.0,success
2167,-1.7027767896652222,-2.5920279026031494,-0.0001903341617435217,0.03236221522092819,0.03236221522092819,1.0,-3.0,success
2168,-1.703417181968689,-2.5912139415740967,-0.00019023973436560482,0.03236502408981323,0.03236502408981323,1.0,-3.0,success
2169,-1.7040557861328125,-2.5903985500335693,-0.00019014558347407728,0.03236568346619606,0.03236568346619606,1.0,-3.0,success
2170,-1.7046928405761719,-2.5895814895629883,-0.0001900517090689391,0.0323769636452198,0.0323769636452198,1.0,-3.0,success
2171,-1.705328106880188,-2.5887632369995117,-0.00018995811115019023,0.03237204998731613,0.03237204998731613,1.0,-3.0,success
2172,-1.7059617042541504,-2.5879430770874023,-0.00018986478971783072,0.03238724172115326,0.03238724172115326,1.0,-3.0,success
2173,-1.7065937519073486,-2.5871217250823975,-0.00018977175932377577,0.03238717466592789,0.03238717466592789,1.0,-3.0,success
2174,-1.7072241306304932,-2.586298704147339,-0.00018967901996802539,0.03239678218960762,0.03239678218960762,1.0,-3.0,success
2175,-1.707852840423584,-2.5854742527008057,-0.00018958655709866434,0.03240063041448593,0.03240063041448593,1.0,-3.0,success
2176,-1.7084801197052002,-2.584648370742798,-0.00018949438526760787,0.03240913152694702,0.03240912780165672,1.0,-3.0,success
2177,-1.7091056108474731,-2.5838210582733154,-0.00018940250447485596,0.032411009073257446,0.032411009073257446,1.0,-3.0,success
2178,-1.7097296714782715,-2.5829920768737793,-0.00018931091472040862,0.03242572024464607,0.03242572024464607,1.0,-3.0,success
2179,-1.7103521823883057,-2.5821616649627686,-0.00018921961600426584,0.032432377338409424,0.032432377338409424,1.0,-3.0,success
2180,-1.7109730243682861,-2.5813300609588623,-0.00018912862287834287,0.03243096545338631,0.03243096545338631,1.0,-3.0,success
2181,-1.711592435836792,-2.5804967880249023,-0.00018903790623880923,0.032446082681417465,0.032446082681417465,1.0,-3.0,success
2182,-1.7122102975845337,-2.5796618461608887,-0.00018894749518949538,0.03245912119746208,0.03245912119746208,1.0,-3.0,success
2183,-1.7128266096115112,-2.5788257122039795,-0.0001888573751784861,0.03246032074093819,0.03246032074093819,1.0,-3.0,success
2184,-1.7134413719177246,-2.5779881477355957,-0.00018876756075769663,0.03246763348579407,0.03246763348579407,1.0,-3.0,success
2185,-1.7140547037124634,-2.5771491527557373,-0.00018867803737521172,0.032477281987667084,0.032477278262376785,1.0,-3.0,success
2186,-1.714666485786438,-2.576308488845825,-0.00018858880503103137,0.03249087929725647,0.03249087929725647,1.0,-3.0,success
2187,-1.715276837348938,-2.5754666328430176,-0.00018849987827707082,0.03249474987387657,0.03249474987387657,1.0,-3.0,success
2188,-1.7158856391906738,-2.5746233463287354,-0.00018841124256141484,0.03250258043408394,0.03250258043408394,1.0,-3.0,success
2189,-1.716493010520935,-2.5737786293029785,-0.00018832291243597865,0.03251272067427635,0.03251271694898605,1.0,-3.0,success
2190,-1.7170988321304321,-2.572932243347168,-0.00018823488790076226,0.03252686560153961,0.03252686560153961,1.0,-3.0,success
2191,-1.7177032232284546,-2.572084665298462,-0.00018814715440385044,0.032531190663576126,0.032531190663576126,1.0,-3.0,success
2192,-1.718306064605713,-2.5712356567382812,-0.0001880597264971584,0.03253953531384468,0.03253953531384468,1.0,-3.0,success
2193,-1.7189074754714966,-2.570385217666626,-0.00018797258962877095,0.03255016729235649,0.03255016729235649,1.0,-3.0,success
2194,-1.7195074558258057,-2.569533586502075,-0.00018788575835060328,0.03255482017993927,0.03255482017993927,1.0,-3.0,success
2195,-1.7201060056686401,-2.5686802864074707,-0.0001877992326626554,0.03257177770137787,0.03257177770137787,1.0,-3.0,success
2196,-1.7207030057907104,-2.5678257942199707,-0.00018771301256492734,0.032574523240327835,0.032574523240327835,1.0,-3.0,success
2197,-1.7212984561920166,-2.566969633102417,-0.00018762709805741906,0.0325896181166172,0.0325896181166172,1.0,-3.0,success
2198,-1.7218924760818481,-2.5661122798919678,-0.00018754147458821535,0.032594725489616394,0.032594725489616394,1.0,-3.0,success
2199,-1.722485065460205,-2.565253734588623,-0.00018745617126114666,0.03259993717074394,0.03259993717074394,1.0,-3.0,success
2200,-1.7230761051177979,-2.5643935203552246,-0.00018737115897238255,0.03261542320251465,0.03261542320251465,1.0,-3.0,success
2201,-1.723665714263916,-2.5635321140289307,-0.00018728645227383822,0.0326208621263504,0.0326208621263504,1.0,-3.0,success
2202,-1.72425377368927,-2.562669277191162,-0.0001872020511655137,0.03263046592473984,0.03263046592473984,1.0,-3.0,success
2203,-1.7248404026031494,-2.561805009841919,-0.00018711795564740896,0.03264228627085686,0.03264228627085686,1.0,-3.0,success
2204,-1.7254254817962646,-2.5609395503997803,-0.00018703416571952403,0.032645970582962036,0.032645970582962036,1.0,-3.0,success
2205,-1.7260090112686157,-2.560072660446167,-0.00018695066682994366,0.03265594691038132,0.03265594691038132,1.0,-3.0,success
2206,-1.7265909910202026,-2.559204339981079,-0.0001868674880824983,0.032666053622961044,0.032666053622961044,1.0,-3.0,success
2207,-1.7271714210510254,-2.5583348274230957,-0.00018678461492527276,0.03267009183764458,0.03267009183764458,1.0,-3.0,success
2208,-1.7277504205703735,-2.557464122772217,-0.000186702047358267,0.03267630934715271,0.03267630934715271,1.0,-3.0,success
2209,-1.728327751159668,-2.556591749191284,-0.00018661978538148105,0.03269093856215477,0.03269093856215477,1.0,-3.0,success
2210,-1.7289035320281982,-2.555718421936035,-0.0001865378289949149,0.032689113169908524,0.032689113169908524,1.0,-3.0,success
2211,-1.7294777631759644,-2.5548434257507324,-0.00018645617819856852,0.03270607069134712,0.03270607069134712,1.0,-3.0,success
2212,-1.7300504446029663,-2.553967237472534,-0.00018637483299244195,0.03271070122718811,0.03271070122718811,1.0,-3.0,success
2213,-1.7306209802627563,-2.5530898571014404,-0.0001862950302893296,0.032705288380384445,0.03270528465509415,1.0,-3.0,success
2214,-1.7311893701553345,-2.552211046218872,-0.0001862154749687761,0.032706309109926224,0.032706309109926224,1.0,-3.0,success
2215,-1.7317554950714111,-2.551331043243408,-0.00018613597785588354,0.03269924595952034,0.03269924595952034,1.0,-3.0,success
2216,-1.7323195934295654,-2.550449848175049,-0.0001860565535025671,0.03269639611244202,0.03269639611244202,1.0,-3.0,success
2217,-1.7328813076019287,-2.549567222595215,-0.00018597727466840297,0.03269398957490921,0.03269398957490921,1.0,-3.0,success
2218,-1.7334409952163696,-2.5486831665039062,-0.00018589817045722157,0.03269779682159424,0.03269779682159424,1.0,-3.0,success
2219,-1.733998417854309,-2.547797918319702,-0.00018581925542093813,0.032691508531570435,0.032691504806280136,1.0,-3.0,success
2220,-1.7345536947250366,-2.5469114780426025,-0.0001857405441114679,0.032687392085790634,0.032687392085790634,1.0,-3.0,success
2221,-1.7351068258285522,-2.5460238456726074,-0.00018566208018455654,0.03268345445394516,0.03268345445394516,1.0,-3.0,success
2222,-1.7356576919555664,-2.5451347827911377,-0.00018558386364020407,0.032684069126844406,0.032684069126844406,1.0,-3.0,success
2223,-1.736206293106079,-2.5442447662353516,-0.00018550589447841048,0.0326722078025341,0.0326722078025341,1.0,-3.0,success
2224,-1.7367528676986694,-2.5433530807495117,-0.00018542820180300623,0.03268347680568695,0.03268347680568695,1.0,-3.0,success
2225,-1.7372970581054688,-2.5424604415893555,-0.00018535078561399132,0.0326700434088707,0.0326700434088707,1.0,-3.0,success
2226,-1.7378391027450562,-2.5415663719177246,-0.00018527366046328098,0.03267341107130051,0.03267341107130051,1.0,-3.0,success
2227,-1.7383790016174316,-2.5406713485717773,-0.00018519681179895997,0.032664209604263306,0.032664209604263306,1.0,-3.0,success
2228,-1.7389166355133057,-2.5397748947143555,-0.00018512025417294353,0.03266603499650955,0.03266603499650955,1.0,-3.0,success
2229,-1.7394520044326782,-2.538877248764038,-0.0001850440021371469,0.03266167640686035,0.03266167640686035,1.0,-3.0,success
2230,-1.7399851083755493,-2.537978410720825,-0.00018496804113965482,0.03265751525759697,0.03265751525759697,1.0,-3.0,success
2231,-1.7405160665512085,-2.5370781421661377,-0.00018489238573238254,0.03266185522079468,0.03266185522079468,1.0,-3.0,success
2232,-1.7410448789596558,-2.536176919937134,-0.00018481702136341482,0.03265354409813881,0.03265354409813881,1.0,-3.0,success
2233,-1.741571307182312,-2.5352745056152344,-0.0001847419625846669,0.03264807537198067,0.03264807164669037,1.0,-3.0,success
2234,-1.7420955896377563,-2.5343706607818604,-0.0001846672093961388,0.032652996480464935,0.032652996480464935,1.0,-3.0,success
2235,-1.7426176071166992,-2.53346586227417,-0.00018459276179783046,0.03264335170388222,0.03264335170388222,1.0,-3.0,success
2236,-1.7431373596191406,-2.532559633255005,-0.00018451863434165716,0.03264680877327919,0.03264680504798889,1.0,-3.0,success
2237,-1.7436549663543701,-2.5316524505615234,-0.00018444479792378843,0.03263938054442406,0.03263938054442406,1.0,-3.0,success
2238,-1.7441703081130981,-2.5307440757751465,-0.00018437128164805472,0.03263675794005394,0.03263675794005394,1.0,-3.0,success
2239,-1.7446832656860352,-2.529834270477295,-0.00018429805641062558,0.03263898938894272,0.03263898938894272,1.0,-3.0,success
2240,-1.7451940774917603,-2.528923511505127,-0.0001842251658672467,0.03263210132718086,0.03263210132718086,1.0,-3.0,success
2241,-1.7457026243209839,-2.5280115604400635,-0.00018415256636217237,0.0326300673186779,0.0326300673186779,1.0,-3.0,success
2242,-1.7461905479431152,-2.527099847793579,-0.00017974177899304777,0.032314807176589966,0.03231451287865639,1.0,-3.0,success
2243,-1.7466763257980347,-2.526186466217041,-0.00018031169020105153,0.03232897073030472,0.03232896700501442,1.0,-3.0,success
2244,-1.747159719467163,-2.5252716541290283,-0.00018096863641403615,0.03233357146382332,0.03233356401324272,1.0,-3.0,success
2245,-1.74764084815979,-2.524355411529541,-0.0001814911956898868,0.03234013542532921,0.03234012797474861,1.0,-3.0,success
2246,-1.748119592666626,-2.5234382152557373,-0.0001818956370698288,0.03233197703957558,0.03233197331428528,1.0,-3.0,success
2247,-1.7485966682434082,-2.5225207805633545,-0.00017764636140782386,0.03231475502252579,0.032314483076334,1.0,-3.0,success
2248,-1.749071478843689,-2.521601438522339,-0.00017856720660347492,0.03233485296368599,0.032334838062524796,1.0,-3.0,success
2249,-1.7495440244674683,-2.520681142807007,-0.00017950456822291017,0.03232894092798233,0.032328929752111435,1.0,-3.0,success
2250,-1.7500141859054565,-2.5197594165802,-0.00018025145982392132,0.03233478590846062,0.03233477845788002,1.0,-3.0,success
2251,-1.7504820823669434,-2.518836259841919,-0.0001808355445973575,0.03234255313873291,0.03234254568815231,1.0,-3.0,success
2252,-1.7509475946426392,-2.5179121494293213,-0.00018128899682778865,0.0323355458676815,0.0323355458676815,1.0,-3.0,success
2253,-1.751410961151123,-2.516986846923828,-0.0001816380099626258,0.032338742166757584,0.032338742166757584,1.0,-3.0,success
2254,-1.7518720626831055,-2.5160605907440186,-0.00018190359696745872,0.03233378753066063,0.03233378380537033,1.0,-3.0,success
2255,-1.7523308992385864,-2.5151329040527344,-0.00018210253620054573,0.03234236687421799,0.03234236687421799,1.0,-3.0,success
2256,-1.752787470817566,-2.514204263687134,-0.0001822482590796426,0.032337792217731476,0.032337792217731476,1.0,-3.0,success
2257,-1.7532418966293335,-2.5132744312286377,-0.00018235149036627263,0.03234172984957695,0.03234172984957695,1.0,-3.0,success
2258,-1.75369393825531,-2.512343645095825,-0.00018242080113850534,0.03233588859438896,0.03233588859438896,1.0,-3.0,success
2259,-1.7541438341140747,-2.511411666870117,-0.00018246307445224375,0.032340195029973984,0.032340195029973984,1.0,-3.0,success
2260,-1.7545915842056274,-2.5104784965515137,-0.00018248376727569848,0.03234468773007393,0.03234468773007393,1.0,-3.0,success
2261,-1.7550369501113892,-2.5095443725585938,-0.00018248728883918375,0.032339420169591904,0.032339420169591904,1.0,-3.0,success
2262,-1.755480170249939,-2.5086092948913574,-0.00018247714615426958,0.032337550073862076,0.032337550073862076,1.0,-3.0,success
2263,-1.7559212446212769,-2.5076730251312256,-0.00018245613318867981,0.0323425829410553,0.032342579215765,1.0,-3.0,success
2264,-1.7563599348068237,-2.5067358016967773,-0.00018242649093735963,0.032337889075279236,0.03233788534998894,1.0,-3.0,success
2265,-1.7567964792251587,-2.5057973861694336,-0.00018239002383779734,0.032343294471502304,0.032343290746212006,1.0,-3.0,success
2266,-1.7572307586669922,-2.5048580169677734,-0.00018234815797768533,0.03234054893255234,0.03234054893255234,1.0,-3.0,success
2267,-1.7576627731323242,-2.503917694091797,-0.00018230204295832664,0.032337989658117294,0.032337989658117294,1.0,-3.0,success
2268,-1.7580926418304443,-2.502976179122925,-0.00018225259555038065,0.03234393522143364,0.03234393522143364,1.0,-3.0,success
2269,-1.758520245552063,-2.5020339488983154,-0.00018220054334960878,0.032334957271814346,0.032334957271814346,1.0,-3.0,success
2270,-1.7589455842971802,-2.5010902881622314,-0.00018214646843262017,0.03234652057290077,0.03234652057290077,1.0,-3.0,success
2271,-1.759368658065796,-2.50014591217041,-0.00018209086556453258,0.03233789652585983,0.03233789652585983,1.0,-3.0,success
2272,-1.7597894668579102,-2.4992005825042725,-0.0001820340839913115,0.03233624994754791,0.03233624994754791,1.0,-3.0,success
2273,-1.7602081298828125,-2.4982540607452393,-0.0001819764293031767,0.03234310448169708,0.03234310448169708,1.0,-3.0,success
2274,-1.7606244087219238,-2.4973065853118896,-0.0001819181488826871,0.03234031796455383,0.03234031796455383,1.0,-3.0,success
2275,-1.7610385417938232,-2.4963581562042236,-0.0001818594173528254,0.03234071284532547,0.03234071284532547,1.0,-3.0,success
2276,-1.7614504098892212,-2.495408773422241,-0.00018180040933657438,0.03233979269862175,0.03233979269862175,1.0,-3.0,success
2277,-1.7618600130081177,-2.4944584369659424,-0.00018174124124925584,0.032339055091142654,0.032339055091142654,1.0,-3.0,success
2278,-1.7622673511505127,-2.493506908416748,-0.00018168198585044593,0.03234534710645676,0.03234534710645676,1.0,-3.0,success
2279,-1.7626724243164062,-2.4925546646118164,-0.0001816227158997208,0.03233812749385834,0.03233812376856804,1.0,-3.0,success
2280,-1.763075351715088,-2.4916014671325684,-0.0001815635187085718,0.03233938664197922,0.03233938664197922,1.0,-3.0,success
2281,-1.763476014137268,-2.490647315979004,-0.0001815044233808294,0.032339368015527725,0.032339368015527725,1.0,-3.0,success
2282,-1.7638744115829468,-2.489691972732544,-0.0001814454881241545,0.03234640881419182,0.03234640881419182,1.0,-3.0,success
2283,-1.7642706632614136,-2.4887359142303467,-0.00018138675659429282,0.032341305166482925,0.032341305166482925,1.0,-3.0,success
2284,-1.7646647691726685,-2.487778902053833,-0.00018132822879124433,0.03234324976801872,0.032343246042728424,1.0,-3.0,success
2285,-1.7650567293167114,-2.486820936203003,-0.0001812699338188395,0.032345354557037354,0.032345354557037354,1.0,-3.0,success
2286,-1.7654465436935425,-2.4858620166778564,-0.00018121190078090876,0.032347630709409714,0.032347626984119415,1.0,-3.0,success
2287,-1.765834093093872,-2.4849021434783936,-0.00018115414422936738,0.032348670065402985,0.032348670065402985,1.0,-3.0,success
2288,-1.7662196159362793,-2.4839413166046143,-0.00018109666416421533,0.03235267102718353,0.03235267102718353,1.0,-3.0,success
2289,-1.7666031122207642,-2.4829797744750977,-0.00018103947513736784,0.032349903136491776,0.032349903136491776,1.0,-3.0,success
2290,-1.7669843435287476,-2.4820172786712646,-0.00018098257714882493,0.032351452857255936,0.032351452857255936,1.0,-3.0,success
2291,-1.7673636674880981,-2.4810538291931152,-0.0001809259847505018,0.03235727921128273,0.03235727921128273,1.0,-3.0,success
2292,-1.7677408456802368,-2.4800894260406494,-0.00018086971249431372,0.03236052766442299,0.03236052766442299,1.0,-3.0,success
2293,-1.7681159973144531,-2.479124069213867,-0.00018081374582834542,0.03236529231071472,0.03236529231071472,1.0,-3.0,success
2294,-1.768489122390747,-2.4781579971313477,-0.00018075809930451214,0.03236325830221176,0.03236325457692146,1.0,-3.0,success
2295,-1.7688603401184082,-2.4771909713745117,-0.00018070275837089866,0.03236965090036392,0.03236965090036392,1.0,-3.0,success
2296,-1.769229531288147,-2.4762232303619385,-0.00018064775213133544,0.03236789256334305,0.03236789256334305,1.0,-3.0,success
2297,-1.7695966958999634,-2.4752542972564697,-0.00018059306603390723,0.032380204647779465,0.032380204647779465,1.0,-3.0,success
2298,-1.7699620723724365,-2.4742848873138428,-0.00018053870007861406,0.032374389469623566,0.032374389469623566,1.0,-3.0,success
2299,-1.7703254222869873,-2.4733142852783203,-0.00018048466881737113,0.03238699585199356,0.03238699212670326,1.0,-3.0,success
2300,-1.7706868648529053,-2.4723429679870605,-0.00018043095769826323,0.03238709270954132,0.03238709270954132,1.0,-3.0,success
2301,-1.77104651927948,-2.4713709354400635,-0.00018037758127320558,0.032388608902692795,0.032388608902692795,1.0,-3.0,success
2302,-1.7714042663574219,-2.47039794921875,-0.00018032453954219818,0.032395943999290466,0.032395943999290466,1.0,-3.0,success
2303,-1.77176034450531,-2.46942400932312,-0.0001802718179533258,0.032405972480773926,0.032405972480773926,1.0,-3.0,success
2304,-1.7721145153045654,-2.468449354171753,-0.0001802194310585037,0.03240656107664108,0.03240656107664108,1.0,-3.0,success
2305,-1.7724668979644775,-2.4674739837646484,-0.00018016737885773182,0.032408539205789566,0.03240853548049927,1.0,-3.0,success
2306,-1.7728174924850464,-2.4664976596832275,-0.0001801156613510102,0.03241764381527901,0.03241764381527901,1.0,-3.0,success
2307,-1.7731664180755615,-2.4655206203460693,-0.00018006427853833884,0.03242110088467598,0.03242110088467598,1.0,-3.0,success
2308,-1.773513674736023,-2.4645426273345947,-0.00018001323041971773,0.03243168070912361,0.03243168070912361,1.0,-3.0,success
2309,-1.7738591432571411,-2.463563919067383,-0.00017996251699514687,0.03243409842252731,0.03243409842252731,1.0,-3.0,success
2310,-1.7742030620574951,-2.4625844955444336,-0.00017991213826462626,0.03243910148739815,0.03243910148739815,1.0,-3.0,success
2311,-1.7745453119277954,-2.461604118347168,-0.0001798620942281559,0.03244999423623085,0.03244999423623085,1.0,-3.0,success
2312,-1.7748860120773315,-2.460623025894165,-0.0001798123848857358,0.03245518356561661,0.03245517984032631,1.0,-3.0,success
2313,-1.7752251625061035,-2.459641218185425,-0.0001797630247892812,0.03246045112609863,0.03246045112609863,1.0,-3.0,success
2314,-1.7755621671676636,-2.4586586952209473,-0.00017971472698263824,0.03245976194739342,0.03245976194739342,1.0,-3.0,success
2315,-1.7758967876434326,-2.4576752185821533,-0.00017966724408324808,0.03246387839317322,0.03246387839317322,1.0,-3.0,success
2316,-1.7762290239334106,-2.456691026687622,-0.00017961992125492543,0.03246113285422325,0.03246113285422325,1.0,-3.0,success
2317,-1.776558756828308,-2.4557061195373535,-0.00017957277304958552,0.0324573889374733,0.0324573889374733,1.0,-3.0,success
2318,-1.7768861055374146,-2.4547204971313477,-0.00017952581401914358,0.03245502710342407,0.03245502710342407,1.0,-3.0,success
2319,-1.7772109508514404,-2.4537341594696045,-0.0001794790878193453,0.03245168179273605,0.03245168179273605,1.0,-3.0,success
2320,-1.7775334119796753,-2.452746868133545,-0.0001794326090021059,0.03245677798986435,0.03245677798986435,1.0,-3.0,success
2321,-1.7778533697128296,-2.451759099960327,-0.0001793863921193406,0.03244675323367119,0.03244675323367119,1.0,-3.0,success
2322,-1.7781709432601929,-2.450770378112793,-0.00017934046627487987,0.03245224431157112,0.03245224431157112,1.0,-3.0,success
2323,-1.7784860134124756,-2.4497811794281006,-0.00017929483146872371,0.0324426032602787,0.0324426032602787,1.0,-3.0,success
2324,-1.7787986993789673,-2.448791027069092,-0.00017924950225278735,0.03244848921895027,0.03244848921895027,1.0,-3.0,success
2325,-1.7791088819503784,-2.447800397872925,-0.000179204493178986,0.03243923559784889,0.032439231872558594,1.0,-3.0,success
2326,-1.7794166803359985,-2.4468088150024414,-0.00017915978969540447,0.0324455127120018,0.0324455089867115,1.0,-3.0,success
2327,-1.779721975326538,-2.4458167552948,-0.00017911540635395795,0.03243664652109146,0.03243664652109146,1.0,-3.0,success
2328,-1.780024766921997,-2.444823741912842,-0.00017907135770656168,0.03244222700595856,0.03244222700595856,1.0,-3.0,success
2329,-1.780325174331665,-2.4438302516937256,-0.00017902764375321567,0.03243483975529671,0.03243483975529671,1.0,-3.0,success
2330,-1.7806230783462524,-2.442836046218872,-0.00017898424994200468,0.03243369236588478,0.03243369236588478,1.0,-3.0,success
2331,-1.7809185981750488,-2.4418411254882812,-0.00017894119082484394,0.03243381157517433,0.03243381157517433,1.0,-3.0,success
2332,-1.7812116146087646,-2.440845489501953,-0.00017889846640173346,0.03243306651711464,0.03243306651711464,1.0,-3.0,success
2333,-1.7815021276474,-2.439849376678467,-0.00017885609122458845,0.032425373792648315,0.032425373792648315,1.0,-3.0,success
2334,-1.7816513776779175,-2.4394731521606445,-0.0001726441114442423,0.012649844400584698,0.012648356147110462,1.0,-3.0,success
