x,y
-4.240068295063116,-1.4911990945579907
-4.240081270441913,-1.4912994177891932
-4.2400106461739675,-1.4902417227293447
-4.23993789123807,-1.4891847276149595
-4.239935066006165,-1.4891609747308947
-4.239935012162341,-1.4891587465277085
-4.239859284444599,-1.4881246926772718
-4.239782641301304,-1.4870699362837918
-4.239706679205765,-1.4860155151108194
-4.239632255132736,-1.4849611978179857
-4.239556425770634,-1.4839071802496826
-4.239555800165528,-1.4838854314688277
-4.239485944799434,-1.482852509126602
-4.239486084458923,-1.4828517994787618
-4.239416301052922,-1.4818189313173682
-4.239416167108244,-1.4818183838254242
-4.239343594312304,-1.48078580130093
-4.239270032319057,-1.4797322240243689
-4.2391989587008805,-1.4786784909083532
-4.239129998621201,-1.4776245659426064
-4.23906102116994,-1.4765706778014756
-4.2389923822590205,-1.4755168727894314
-4.23892617093728,-1.4744629162666
-4.2388623728252055,-1.4734088139815498
-4.23886189923974,-1.4733876818651697
-4.238798685180998,-1.4723547622410325
-4.238737293880712,-1.4713005237678043
-4.238737788145569,-1.471279278472624
-4.23868171554114,-1.470245959278927
-4.238681417048672,-1.4702248273423533
-4.238681681810079,-1.4702248230477255
-4.238623445663803,-1.4691916281781612
-4.23856704084231,-1.468137104428558
-4.238566712558136,-1.4681159598294333
-4.238509988380817,-1.4670827094310201
-4.238510196661552,-1.467082364311515
-4.238449197759231,-1.466049275945183
-4.238386862403815,-1.464995113468021
-4.2383869545353114,-1.4649947814064994
-4.238327809583965,-1.4639616760231327
-4.238328103091459,-1.4639613490812937
-4.238328366304169,-1.4639612952017962
-4.238328577112685,-1.4639612554073334
-4.238269881658013,-1.4629280863861407
-4.238209811023072,-1.4618738180512312
-4.238209675224189,-1.4618526562942593
-4.238209761042002,-1.4618525984195532
-4.238153294157001,-1.4608192975028007
-4.238152079620209,-1.4607981990634504
-4.238152302713497,-1.4607982058691342
-4.238092800126025,-1.4597650319458932
-4.238032005856543,-1.4587107806706243
-4.237973347428232,-1.4576563199882056
-4.237914365575009,-1.4566019684862879
-4.237915210513799,-1.4565808437391032
-4.237915319609092,-1.4565808641863873
-4.237860048147513,-1.4555475550943189
-4.23785914879899,-1.4555264360413662
-4.237859609101041,-1.4555264157763705
-4.237806769462827,-1.4544929558090023
-4.237806934692035,-1.4544717565636622
-4.237759196072998,-1.4534380293218725
-4.237712942552311,-1.4523830292190751
-4.237664170816195,-1.4513281310993313
-4.23761360654592,-1.4502733239674581
-4.23761370125724,-1.4502729910390342
-4.237564378158302,-1.4492393331569187
-4.237563299957132,-1.449218217840311
-4.237509840230071,-1.4481847873831866
-4.23745378872985,-1.4471302757218694
-4.237399880367724,-1.446075562007432
-4.237398841389513,-1.4460544459616955
-4.237399164853787,-1.4460544534148094
-4.237345990796216,-1.4450210258349907
-4.237294977863051,-1.4439662504617967
-4.237246403699093,-1.442911347947862
-4.237246954504995,-1.442890132514716
-4.237247034602141,-1.4428901497361764
-4.23720147187109,-1.4418563371037534
-4.237157676250526,-1.4408011565427539
-4.237114157236388,-1.4397460436842024
-4.237073009396614,-1.4386908343216605
-4.237073007473133,-1.4386697037888079
-4.2370732390368095,-1.438669723104457
-4.2370291738115045,-1.4376358864635124
-4.236981885725856,-1.436580937018322
-4.236932808337951,-1.435526064003484
-4.236932034388436,-1.4355049309733459
-4.236932478486389,-1.4355049195979872
-4.2369328593209135,-1.4355049213643982
-4.236933229272211,-1.4355049213755153
-4.23689112875186,-1.4344709767071673
-4.2368514662672405,-1.4334156982460269
-4.236814231357217,-1.4323603225956363
-4.236779387825894,-1.4313048683495109
-4.23674690890378,-1.4302493416221949
-4.236716773171257,-1.4291937478993093
-4.236717964128071,-1.4291725045862675
-4.236691761381601,-1.4281380417399263
-4.236692450339451,-1.4281168334664764
-4.236692323000684,-1.4281168474771893
-4.236692873606927,-1.428116845726885
-4.236666532023536,-1.4270613472604585
-4.236639812722542,-1.4260056804067778
-4.236610611359153,-1.4249500711680103
-4.236579669184094,-1.4238945239848473
-4.236579601281046,-1.4238942075912804
-4.236551314189442,-1.4228598248575204
-4.236524924232581,-1.421804167211867
-4.23649677132235,-1.4207485417674763
-4.236470350765885,-1.4196928720314415
-4.2364707536453725,-1.419671706095857
-4.236444696860215,-1.4186162097404957
-4.236419024690761,-1.4175605336210435
-4.236395110284052,-1.416504809723221
-4.236368724685373,-1.4154491388586345
-4.236339870534597,-1.4143935281581779
-4.236309295738239,-1.413337981954903
-4.236308686198796,-1.4133168356533337
-4.236277563106257,-1.412282514863645
-4.236277800804144,-1.4122613738632381
-4.236247263659342,-1.4112270331916863
-4.2362468013871535,-1.4112058766753568
-4.236216641368745,-1.4101714947574764
-4.236189001470263,-1.409115835238529
-4.23618977091857,-1.4090946221355058
-4.236190104355067,-1.4090945398807457
-4.236167307317419,-1.40806000027654
-4.23616813387353,-1.4080387985905565
-4.23615042527842,-1.4070041442008339
-4.236135002733724,-1.4059481666070373
-4.236119140409921,-1.404892289175131
-4.236100725047847,-1.4038364470277842
-4.2360801468165,-1.40278056890895
-4.2360600882421675,-1.4017461797546915
-4.236059925010559,-1.4017250663743246
-4.2360396773612194,-1.4006694627237304
-4.236039830102682,-1.4006691729226688
-4.236039612920599,-1.4006692369388807
-4.236039731508774,-1.4006692093436834
-4.23603981166124,-1.4006691877835313
-4.236017549322467,-1.3996346800688342
-4.235997233010899,-1.3985789018420718
-4.235997643090511,-1.3985577431311864
-4.235997288357874,-1.3985577727774612
-4.235974698006316,-1.3975232489568574
-4.235974469504584,-1.3975229385393242
-4.235949146842191,-1.396488464243439
-4.2359211598178135,-1.395432828627601
-4.235890768379264,-1.394377246531703
-4.235858355388028,-1.3933216635039447
-4.235826416671509,-1.3922661696213907
-4.2357970425806135,-1.391210592002277
-4.2357966439986905,-1.3911894427161793
-4.235766968921786,-1.3901340484530698
-4.235767474978849,-1.3901129016638423
-4.235767150612246,-1.3901129370938348
-4.235767196945509,-1.3901128888296066
-4.235738186781636,-1.3890785204446485
-4.235711786867463,-1.3880228517782391
-4.235712566126855,-1.388001656439654
-4.235691053789412,-1.3869670792064914
-4.235671832424581,-1.3859111720044854
-4.235652879428202,-1.3848553372378065
-4.235636304492388,-1.3837994598823196
-4.235621402140061,-1.3827435779346353
-4.235603918446371,-1.381687727583446
-4.235603589156986,-1.3816665840987867
-4.235603625359222,-1.3816665263070467
-4.2356039767137075,-1.3816665628162914
-4.235603637381636,-1.3816666025983098
-4.235604011738837,-1.3816666232911559
-4.235584027058941,-1.3806109967108335
-4.2355644178468665,-1.3795551812598457
-4.235564623314311,-1.3795548642943622
-4.235546708366877,-1.378520262447637
-4.235546246879071,-1.3784991201189198
-4.235546182050252,-1.3784990645969233
-4.23552378045436,-1.3774645458839314
-4.235524328535903,-1.3774433713907313
-4.2355063649367,-1.3764087378405139
-4.235506256070402,-1.3764084200314524
-4.2354859375685985,-1.3753528089485427
-4.235465996813529,-1.3742970137259733
-4.2354485284455485,-1.3732411627414125
-4.2354335106337535,-1.3721852687191667
-4.235420206478204,-1.3711293639014746
-4.235404701796245,-1.370073405678551
-4.2353894896623325,-1.3690175316295035
-4.235389441703297,-1.3689964015335594
-4.23538940699776,-1.3689964374447752
-4.235371820509801,-1.3679618073526294
-4.235371845669917,-1.3679406610273195
-4.2353536128981375,-1.366906046308731
-4.235332934307855,-1.3658501626741206
-4.235311878071133,-1.364794368177903
-4.235311674668005,-1.3647940590146521
-4.2352885305215935,-1.3637385188257425
-4.2352887606902,-1.3637173804002956
-4.235288291887102,-1.363717420820523
-4.235287889582458,-1.3637174646059096
-4.23526246868602,-1.3626830033911035
-4.235262585578497,-1.3626618544199893
-4.23523772765587,-1.361627365669697
-4.2352149103132115,-1.360571596973069
-4.235190004144586,-1.3595157975335235
-4.23516547542576,-1.358460085731916
-4.235165559948495,-1.3584597721024394
-4.235165313431507,-1.35845982357601
-4.235140665530607,-1.3574043137511687
-4.235115509832262,-1.3563700287275906
-4.2350876645967075,-1.355314425827262
-4.235058130002439,-1.3542588658046426
-4.235058310447895,-1.3542377213932808
-4.235033050118697,-1.3532032439637265
-4.235033198244443,-1.3531821044696593
-4.23503326067555,-1.353182124394839
-4.23501016887915,-1.3521475838280637
-4.234985158477642,-1.3510918766807878
-4.234962660877783,-1.35003609974347
-4.234962779737754,-1.350035772291249
-4.234963234788124,-1.350035797224232
-4.234944713399128,-1.3490011916037659
-4.234923839142397,-1.3479453196595903
-4.234923320867479,-1.3479241705348084
-4.2349004107630615,-1.3468896367965844
-4.234879477299739,-1.3458338451732788
-4.234856068770306,-1.3447780908056493
-4.234855775221238,-1.3447777784904842
-4.234830300539772,-1.3437222873599564
-4.234804513010146,-1.342666618537868
-4.2348045759168835,-1.342645488860635
-4.234803910549834,-1.3426455269540458
-4.23480368432558,-1.34264548752734
-4.234803488688367,-1.3426454566203692
-4.23477569843248,-1.3416110647012514
-4.234745961984032,-1.3405555036321994
-4.234718007796736,-1.3394998691837012
-4.234687987096564,-1.3384442211041192
-4.234657649961661,-1.3373886661191707
-4.234624900530554,-1.3363331768835096
-4.234590459548626,-1.3352777597316707
-4.234590500540626,-1.3352566210143286
-4.234589972307364,-1.3352566574197564
-4.234557756988222,-1.334222380309263
-4.234523146638435,-1.3331668679896749
-4.234522851917922,-1.3331665690933032
-4.234522289148746,-1.3331666304002285
-4.2344853524392425,-1.3321325187362236
-4.234484383837736,-1.3321113831895435
-4.2344432992514065,-1.331077396745605
-4.234403870136051,-1.3300221250763764
-4.234362729871477,-1.328966917184547
-4.2343628524872035,-1.3289457450883577
-4.234326948164533,-1.3279115611223382
-4.234293529392092,-1.3268560764312958
-4.234293414366249,-1.3268349185005484
-4.234259524448853,-1.325779632334313
-4.234225179298267,-1.3247241942874382
-4.234189031382115,-1.323668808798545
-4.234188644910295,-1.32364766879594
-4.234152728378909,-1.3226134809123231
-4.234118463489333,-1.3215580376490104
-4.234082036047306,-1.3205025782753863
-4.234081485909053,-1.3204814472078854
-4.234042425552798,-1.3194473956594384
-4.234000348037844,-1.3183922299027155
-4.233999961988454,-1.318391925098323
-4.2339558564904,-1.3173370470144194
-4.233911449083066,-1.3162819964125745
-4.2338646342641955,-1.3152270380447848
-4.233815422880441,-1.314172183575573
-4.233764551823013,-1.3131174319598422
-4.233715896727983,-1.3120624837342783
-4.233666977162106,-1.3110076327617677
-4.233616355973197,-1.3099528728679184
-4.233567549450544,-1.3088980107104364
-4.233517036880481,-1.3078432367987647
-4.233468318486992,-1.306788367180251
-4.233417875212733,-1.3057335845732099
-4.233369914006656,-1.304678680276672
-4.233370055971637,-1.304657510772396
-4.233327465777156,-1.3036235832889018
-4.233327123334848,-1.3036024474155496
-4.2332839390393255,-1.3025685618073077
-4.233237562870493,-1.3015135695387596
-4.233238203863722,-1.301492410808416
-4.233237672140287,-1.301492436816057
-4.23318949117536,-1.3004377133465232
-4.233140951821673,-1.2993828230648945
-4.233089977847281,-1.298328040223966
-4.233089504721637,-1.298327745821852
-4.233037415571621,-1.2972942810438233
-4.232987253990166,-1.296239405600862
-4.23298799433411,-1.2962182681146461
-4.23293958705342,-1.2951845666255024
-4.2329393175851004,-1.2951842714251276
-4.232939095403559,-1.2951842449719317
-4.23288800875625,-1.2941506860134275
-4.232835051052135,-1.2930959526214292
-4.232782514043057,-1.2920412865196447
-4.232732139481627,-1.2909864274785918
-4.232731204123719,-1.2909653270098371
-4.232678595299429,-1.289931893077058
-4.232623015316588,-1.2888772943323408
-4.2326217850272565,-1.288856196945014
-4.232621980979737,-1.2888562240071877
-4.2326218257511075,-1.2888561904109062
-4.232567174778642,-1.2878228586637013
-4.232567120482865,-1.2878017001037638
-4.232517572209059,-1.2867680795064773
-4.23247018670851,-1.2857131333859022
-4.232424496482617,-1.2846581176225043
-4.232376272956996,-1.2836032105946835
-4.2323255314083275,-1.2825484188672278
-4.232325242645716,-1.2825481139373
-4.232273371315517,-1.2815146416962133
-4.2322229681404595,-1.2804598546918347
-4.232223672805887,-1.280438708665944
-4.232174524908747,-1.2794050811294735
-4.2321276607186205,-1.278350116337045
-4.232083253417208,-1.277295032916165
-4.23204055226014,-1.276239894951324
-4.231995319726772,-1.2751848583186045
-4.231947570639774,-1.2741299293500286
-4.231898062209441,-1.2730750922128162
-4.231851045172961,-1.2720201373893745
-4.231805810320146,-1.2709651067528978
-4.2317584418664005,-1.2699100911962178
-4.23171071840617,-1.2688551834264943
-4.231661247603123,-1.2678003607803219
-4.231613559936593,-1.2667454467220067
-4.231564137278333,-1.2656906163617496
-4.231516840908726,-1.2646356056526071
-4.231516872865564,-1.2646353104625123
-4.2315172434018695,-1.2646353570593927
-4.231516916801481,-1.2646354252754126
-4.231516956556471,-1.2646353875438452
-4.231469654952161,-1.2635806594152394
-4.231422702688641,-1.262525731367339
-4.231377485066622,-1.2614707195814185
-4.23137830665119,-1.2614495744043306
-4.231378257267793,-1.2614495294176606
-4.231378576850621,-1.2614495659457132
-4.231378879138706,-1.2614495947854611
-4.2313378363224095,-1.260415592227311
-4.231336856526857,-1.260394464911358
-4.2312921940810835,-1.2593606238563808
-4.231292271403268,-1.2593394436773182
-4.231251294091755,-1.258305412265143
-4.231250359772603,-1.2582842663134115
-4.231204960447392,-1.257250439753697
-4.231156778749114,-1.256195442669133
-4.231155605402485,-1.2561743102163359
-4.231105219496425,-1.2551407278736249
-4.2310523326765965,-1.2540860543285726
-4.231052065077582,-1.2540648963846963
-4.231003879678226,-1.2530101668458045
-4.23095537019728,-1.2519552796146445
-4.230905135033543,-1.2509004776879924
-4.23090423280633,-1.2508793484330685
-4.230854617863674,-1.2498457210148788
-4.230854737737233,-1.249824543232961
-4.230854573237505,-1.2498245614305517
-4.2308078187391,-1.2487907998353667
-4.230762486505052,-1.2477357635071196
-4.2307149993581925,-1.2466807355734155
-4.230715844510776,-1.24665956774553
-4.230715532108879,-1.2466596000762358
-4.230669110810787,-1.2456258405934202
-4.230624178454413,-1.244570792938008
-4.23062494011283,-1.2445496168567107
-4.230625252489801,-1.2445496130783322
-4.23058219194783,-1.243515671205961
-4.230536783595945,-1.2424606264170288
-4.230489291434403,-1.2414055986864354
-4.230488150581388,-1.2413844758729098
-4.2304875675571045,-1.241384517444797
-4.230487712674205,-1.241384541832617
-4.230437074973159,-1.240350926763995
-4.2304376385597475,-1.2403297920868255
-4.230436961884897,-1.2403298184605105
-4.230384991722758,-1.2392963069594956
-4.230330586288773,-1.2382416990481977
-4.230278338541124,-1.2371868934789507
-4.2302261381070805,-1.236132105009924
-4.23022698065684,-1.2361109709635458
-4.2301782225836195,-1.23507733123974
-4.230178385665242,-1.235077015191103
-4.230130636330953,-1.2340433048690262
-4.230080595615281,-1.2329884973478709
-4.230028810475443,-1.2319337724829158
-4.229979521091992,-1.2308789230202086
-4.229979619755172,-1.2308577481783927
-4.2299794217084425,-1.2308577779168677
-4.229979566702139,-1.2308577171632062
-4.229931770335258,-1.2298240045270241
-4.229931609505273,-1.2298236990979197
-4.229882815014288,-1.2287900699279763
-4.229835487217494,-1.2277351380679042
-4.229786419739482,-1.2266802758853619
-4.229786523303209,-1.2266799552538667
-4.229786298255247,-1.2266800086129328
-4.229737990087715,-1.225646344972516
-4.229737433697074,-1.225625219102236
-4.229688465136882,-1.2245915870306798
-4.22963659199002,-1.2235367774611434
-4.229637457349912,-1.2235156242631422
-4.229637405817023,-1.2235155695453015
-4.229588964141785,-1.222481927109576
-4.229589160224157,-1.2224816100049236
-4.229589686926946,-1.2224816243364813
-4.229589814881342,-1.2224815769001502
-4.229589592420986,-1.2224816319496914
-4.229542925356355,-1.2214479111241794
-4.229493804031581,-1.2203930589375138
-4.229447144532802,-1.2193380802236085
-4.229447420453526,-1.219316890664049
-4.229404571723141,-1.2182829477299228
-4.229360073476429,-1.2172278800296774
-4.2293602193411335,-1.217227547942577
-4.229360026121479,-1.217227591518807
-4.229360504561234,-1.2172276019866484
-4.229360231775822,-1.2172276392333645
-4.229316335480446,-1.216193767120705
-4.229273931730188,-1.2151386105904514
-4.229229389819452,-1.2140834577034916
-4.229184469628063,-1.2130284125264492
-4.229137089498414,-1.2119734706105434
-4.229136696547093,-1.2119731766763404
-4.229136716866218,-1.2119732297608903
-4.229136442459967,-1.2119732040511138
-4.229090258162939,-1.2109394745932285
-4.229045989655511,-1.209884337709309
-4.229001370134614,-1.208829295785913
-4.229001986907323,-1.2088081596472113
-4.2290018299980465,-1.2088081185646262
-4.228957647425549,-1.2077532535324862
-4.228956806348609,-1.2077321498923679
-4.228957103646655,-1.2077321727674322
-4.228957027306697,-1.2077321349933705
-4.228911870815797,-1.2066983126492408
-4.228864415057037,-1.205643381401354
-4.228814532982183,-1.2045885470153825
-4.22876261118862,-1.2035337471023246
-4.2287111503676575,-1.202479026221413
-4.228662239986199,-1.2014241744941259
-4.228615489308928,-1.2003691432323056
-4.228616391189353,-1.2003480051285398
-4.228571326210616,-1.1993141713032283
-4.228524682191093,-1.1982592183277592
-4.228480506558903,-1.1972041423302697
-4.228438091615072,-1.1961489972118693
-4.228437324703946,-1.1961278644860285
-4.228390365073081,-1.1950941348241522
-4.228340201461273,-1.1940393177773598
-4.22828831245193,-1.1929845904383882
-4.228238939877771,-1.1919297388736458
-4.228192072149497,-1.1908747703178901
-4.22814695610632,-1.1898197327533993
-4.228147833885815,-1.1897985666453066
-4.228103810891758,-1.188764703913651
-4.228061384858712,-1.1877095543733793
-4.228017180983445,-1.186654466450847
-4.227975410358904,-1.1855992786785603
-4.227935727718584,-1.184543940369618
-4.227936678181703,-1.1845227573267392
-4.22789871566232,-1.1834886419895252
-4.227858629373552,-1.1824333290972289
-4.22781888780225,-1.181378088922921
-4.22778161031098,-1.180322752249285
-4.2277822148367585,-1.180301561563595
-4.227782164789143,-1.180301593779955
-4.227782771964047,-1.180301601062623
-4.227749378032993,-1.1792673410356536
-4.227713409212835,-1.178211940671498
-4.2276756908621165,-1.1771566032440524
-4.22767583541749,-1.1771354231483724
-4.227642771616175,-1.1760801138587995
-4.227610083658761,-1.1750246228434544
-4.227579501812023,-1.1739689882046611
-4.227580114524792,-1.173947821409669
-4.227551512198323,-1.1729134269610968
-4.227520981921444,-1.1718578779249678
-4.227492556829617,-1.1708021813710343
-4.22746377616992,-1.1697465855934854
-4.22746314445098,-1.1697254500203118
-4.227429572536417,-1.1686912053009344
-4.227429234841968,-1.1686909061644957
-4.227393173891863,-1.1676357234434298
-4.227357520263307,-1.1665803522554523
-4.227356968808344,-1.1665592226911092
-4.227357024727996,-1.1665591731089984
-4.22732043082333,-1.1655250451530113
-4.227320878883075,-1.1655039114919776
-4.227321014105231,-1.1655039312992854
-4.22732050725701,-1.1655039680335284
-4.22728437951999,-1.1644487692276635
-4.2272478871187795,-1.1633933963966034
-4.227248269390794,-1.1633722519721648
-4.227211602924705,-1.1623380722870893
-4.22717253416022,-1.1612827794092067
-4.227171326411839,-1.1612616331924484
-4.227170552146341,-1.1612616662508772
-4.227124839268127,-1.1602278668609536
-4.227125125717268,-1.1602067430079588
-4.227078588970207,-1.1591729160629718
-4.227030557289872,-1.1581180017465302
-4.226985074136021,-1.1570629622810686
-4.226942123298478,-1.156007816138369
-4.226942440731958,-1.1559866272879318
-4.226904079718544,-1.1549314953859247
-4.226904847815487,-1.1549103220713248
-4.226904615818448,-1.1549103486812218
-4.226866346883737,-1.1538762733537935
-4.226825044721719,-1.1528210661173233
-4.226781291248035,-1.1517659462508127
-4.226781532216209,-1.151744812696379
-4.226737592677458,-1.150710886289456
-4.226737809239412,-1.1506897595480254
-4.226693792084576,-1.1496558263824523
-4.226648243079329,-1.1486008039422873
-4.22660489196659,-1.1475455969281836
-4.226561615523209,-1.146490405972759
-4.22656143565916,-1.1464901136897545
-4.2265614356223615,-1.146490112915372
-4.226561100692404,-1.1464902007222446
-4.226515811943497,-1.145456442543221
-4.226467757542475,-1.1444014832317957
-4.226419375710288,-1.143346610506695
-4.226419857907105,-1.1433255053277858
-4.226371961954876,-1.142270791148846
-4.226324136759219,-1.1412158215399704
-4.226276722171328,-1.1401609204809156
-4.226231803353275,-1.1391058984944853
-4.226189352815222,-1.1380507653108303
-4.226189774944484,-1.1380504512531409
-4.226190473257924,-1.1380504757383352
-4.22619074381846,-1.1380504371149642
-4.226153060148012,-1.1370163558420305
-4.226153672698256,-1.1369951769688957
-4.226119910934321,-1.1359609316067054
-4.22608428800571,-1.1349055330075781
-4.22608450790759,-1.1349052060694391
-4.226051462824142,-1.133870952929476
-4.226051841141277,-1.1338706353796215
-4.2260204187148585,-1.132836343733307
-4.225986317951077,-1.1317809030346067
-4.225986734130763,-1.1317597471727674
-4.2259868740967805,-1.1317597663118515
-4.225954914670045,-1.130725448403862
-4.225920792948628,-1.1296699157383643
-4.225886366115708,-1.1286144689322
-4.225849539862292,-1.127559100205493
-4.225849599432265,-1.1275379783384094
-4.22584876767114,-1.1275380164835442
-4.2258484071782005,-1.1275379761588697
-4.225810692649211,-1.1265038936856542
-4.225810874603088,-1.1264827318143296
-4.2258105170575835,-1.1264827531313255
-4.225774986557587,-1.1254485733653825
-4.225736605414424,-1.1243932509772507
-4.225696510248981,-1.1233380003459628
-4.225658214100257,-1.1222826735892046
-4.225657323370224,-1.1222615208493025
-4.225656761953421,-1.1222615492869272
-4.225611763784787,-1.121206688040554
-4.225610886921238,-1.1211855530462316
-4.225564300248558,-1.1201517869680775
-4.225519234014426,-1.1190967435161265
-4.225518414290915,-1.1190755969677273
-4.225518014930345,-1.1190756225100444
-4.225467022460331,-1.1180420633614636
-4.225418207203738,-1.1169871749198794
-4.225417723262156,-1.1169660223028213
-4.225368552890512,-1.1159323916131698
-4.225367651587473,-1.1159112511529683
-4.225367660068476,-1.1159111723057757
-4.225367995678473,-1.115911180724602
-4.225368310610831,-1.1159111867583378
-4.225367940283228,-1.1159112186786062
-4.225367616530546,-1.115911246262021
-4.225313228059715,-1.1148778703377276
-4.225255536899257,-1.1138234198429624
-4.225254098352012,-1.1138022937390137
-4.225192246374513,-1.1127693080440846
-4.225190582390446,-1.1127481973515967
-4.2251233282943605,-1.1116945014107402
-4.225121737723067,-1.1116733994359576
-4.225121154748926,-1.111673442614147
-4.225049346883227,-1.1106200659548446
-4.225047854841953,-1.1105989738573245
-4.225047731294897,-1.110598920377303
-4.225047964796898,-1.1105989450286609
-4.224975997828997,-1.1095455925725208
-4.224904049915711,-1.1084919798320412
-4.224831761348869,-1.1074384736227167
-4.224757379377251,-1.1063850355775284
-4.224683033110515,-1.105331607227351
-4.2246083811438755,-1.1042782828755051
-4.224609396435372,-1.104257218653765
-4.224533907875614,-1.103225032438392
-4.224456718992381,-1.1021718635634308
-4.224377145950018,-1.1011188569790942
-4.224295561069872,-1.1000659404232076
-4.224214461122313,-1.0990130907283955
-4.224135574596504,-1.0979599798363366
-4.224135374418117,-1.0979597077713479
-4.224134904328828,-1.0979598062538585
-4.22413448269127,-1.097959894165711
-4.224134406454855,-1.0979598677941012
-4.22405120726992,-1.0969073656869437
-4.223967647801152,-1.095854703289813
-4.223968868066009,-1.0958336326586304
-4.2239682913825245,-1.0958337052283464
-4.223967805120566,-1.0958337767997735
-4.223880299999371,-1.0947816011284146
-4.223878658365438,-1.0947605539513239
-4.22387893771096,-1.0947605546650612
-4.223791214048994,-1.0937083953057787
-4.223703146205412,-1.0926560789591158
-4.223612639646601,-1.0916039594308797
-4.223613819450948,-1.09158290060841
-4.223613782028901,-1.0915829325164441
-4.223524515829258,-1.090551752335911
-4.223522383805957,-1.0905307171145562
-4.22343060717799,-1.089499947765837
-4.22343004627388,-1.089499669807034
-4.223335723741068,-1.0884691422986117
-4.223336982688586,-1.088448110607022
-4.223243435669569,-1.0874175331946718
-4.223150512543284,-1.0863656124741539
-4.223055195068389,-1.0853138958289517
-4.222957471539295,-1.0842624013443662
-4.222958629126241,-1.0842413689138108
-4.22286326887731,-1.0832109495794158
-4.222862083176071,-1.0831898516918013
-4.222861608324693,-1.0831898932434638
-4.2228615299892045,-1.0831898332020793
-4.222769336379499,-1.0821591282112595
-4.222677723036034,-1.0811071040324085
-4.222675987553994,-1.081086043770391
-4.222580788771871,-1.0800555930588334
-4.222580483335197,-1.0800552946060764
-4.222481605345404,-1.0790041236420769
-4.222480309329872,-1.0789830543096033
-4.222382226678761,-1.077952618905239
-4.222283585208275,-1.0769012451025817
-4.222282381016695,-1.076880140393653
-4.222188408583087,-1.0758285072721434
-4.222094095745715,-1.0747767304113975
-4.222095650512261,-1.0747556539680698
-4.222003579579015,-1.073724948673239
-4.221912823530019,-1.072672852838882
-4.221824528228007,-1.071620534653956
-4.221738650421266,-1.0705680159170023
-4.221655157189041,-1.0695153054714779
-4.221574022186182,-1.0684624109772847
-4.221494522378187,-1.0674094190849008
-4.2214131384859686,-1.0663565505101915
-4.221333750004031,-1.0653034599510598
-4.221333529730927,-1.0652822805816486
-4.221257855202061,-1.0642502457810585
-4.221183801636722,-1.0631968462640113
-4.221111417842214,-1.0621433392412216
-4.221037178949197,-1.06108994507405
-4.221037055771067,-1.0610687417672287
-4.220965984524656,-1.0600362417796103
-4.220893049930826,-1.0589827607174573
-4.220892851133608,-1.0589824493608877
-4.220819234885117,-1.057950288289861
-4.220819315959745,-1.0579499727345476
-4.220745684932064,-1.0569176661926245
-4.2206702842598895,-1.0558643673384323
-4.220668506731746,-1.0558433020917177
-4.220590126341956,-1.0548114623500218
-4.220513316499956,-1.0537582574005326
-4.220438983002055,-1.0527048615957717
-4.220439357806432,-1.0527045128460357
-4.220367056678615,-1.0516511904387922
-4.220368601118897,-1.0516300409105124
-4.2202999596347155,-1.0505975171015518
-4.220232351119892,-1.0495436986256672
-4.220231173786968,-1.049522601879406
-4.220231276236254,-1.0495225342260754
-4.220158032181535,-1.0484902316559226
-4.220083324870361,-1.047436885705198
-4.220082771494189,-1.047415731218433
-4.220083140950121,-1.0474157216642623
-4.220016520354977,-1.046383064513064
-4.220016350871872,-1.0463618773288308
-4.219954829127036,-1.0453288799697205
-4.219955222105401,-1.0453285271179216
-4.219896327591607,-1.0442953912685276
-4.219895746849481,-1.0442742719043987
-4.2198361741313555,-1.0432411874269436
-4.219773392213246,-1.0421869657101452
-4.2197722798755635,-1.042165861771453
-4.219772348833203,-1.042165796799635
-4.2197727329295525,-1.0421658118650532
-4.219772745235079,-1.0421657637240938
-4.219708519853564,-1.0411328793530112
-4.2197082930658,-1.0411325844756512
-4.219642490924481,-1.0400788392019045
-4.219642326714981,-1.040078557288419
-4.219641872577969,-1.040078639181788
-4.219642148301532,-1.0400786740927284
-4.219577662431117,-1.0390459059917503
-4.2195146951340154,-1.0379917140235468
-4.219451355718272,-1.0369376273627213
-4.219385880665486,-1.0358835918861986
-4.2193857785211115,-1.0358833071273184
-4.21938537855732,-1.0358833914351038
-4.219319006013756,-1.0348507449020563
-4.219253686842293,-1.0337967862398694
-4.219186246717213,-1.0327428704488846
-4.219118448747468,-1.031689065295363
-4.219119382357319,-1.0316679628158993
-4.219119483733478,-1.031667992616215
-4.219055608272657,-1.0306351865290009
-4.2190545252896685,-1.0306140868682354
-4.219054981172606,-1.0306140679433269
-4.2189924085102115,-1.0295601041960958
-4.2189936031707616,-1.029538947787079
-4.218993286283594,-1.0295389803118413
-4.218993007775294,-1.0295390182886643
-4.21892877383592,-1.0285062081312764
-4.218861065810744,-1.0274523609089938
-4.218791644346577,-1.0263986322278726
-4.218790266491651,-1.0263775243569855
-4.218790201806441,-1.0263774587760055
-4.218789799939763,-1.0263775143537177
-4.218790115431466,-1.0263775202028398
-4.218719145774533,-1.0253450253248275
-4.218646376098145,-1.0242915167134938
-4.218571533696774,-1.0232380790235291
-4.218571151756922,-1.0232377939051358
-4.2185708614096615,-1.0232377816567213
-4.218496240723839,-1.0221846398144039
-4.218421647918564,-1.0211312319249866
-4.21834673971607,-1.0200779254225252
-4.218270122490701,-1.0190247448732688
-4.218195290316373,-1.0179714193875875
-4.2181964117579005,-1.0179503350532488
-4.218123399179965,-1.0169181215464917
-4.2181234401273215,-1.016917813340355
-4.218053219781662,-1.0158854043437213
-4.217983980569373,-1.0148316919351512
-4.217912966133561,-1.0137780812522688
-4.2178440228723515,-1.0127242585525662
-4.217842923836546,-1.012703175057734
-4.217843092347089,-1.0127031180977744
-4.217772932724913,-1.0116707147628727
-4.217772698766449,-1.0116495514949413
-4.217707567578063,-1.0106167902673198
-4.217643858857811,-1.0095626356217202
-4.217579725948422,-1.008508596276256
-4.217513062643116,-1.0074547062218444
-4.217511726931281,-1.0074336252708225
-4.217511608141715,-1.0074335782259456
-4.21743911878499,-1.0064012012413865
-4.217437463132658,-1.0063801355805815
-4.217361697137606,-1.0053480861356525
-4.21728295289309,-1.0042950303392204
-4.2172813243266205,-1.0042739441964432
-4.217203841621481,-1.0032420154546233
-4.21712719630552,-1.002188790013251
-4.217048094652755,-1.0011357342603928
-4.217049257819653,-1.0011146270199598
-4.217048988807387,-1.0011145783697037
-4.21704845851936,-1.0011146458646045
-4.216968326634278,-1.0000829376608062
-4.21696794831232,-1.000082646270968
-4.216886072452851,-0.9990510917384076
-4.216884528726317,-0.9990300224567895
-4.216803000342638,-0.9979984024643502
-4.216802455129758,-0.997977241937065
-4.216723043063357,-0.9969453057463181
-4.216721465753764,-0.9969242194317782
-4.216721410553468,-0.9969241454608988
-4.216638963710687,-0.9958926198161728
-4.216638664965596,-0.9958923213307412
-4.216638773516626,-0.9958923480449982
-4.216638563431502,-0.9958923139022681
-4.216555824847555,-0.9948608236126892
-4.216553823440164,-0.994839782152374
-4.216466069358504,-0.9938086778779144
-4.216375055510562,-0.9927566087703951
-4.216285840036877,-0.991704361792182
-4.216194948855511,-0.9906522741741641
-4.216105842367096,-0.9896000256450797
-4.2161072934717145,-0.9895789398977897
-4.2161073896299,-0.9895789522494599
-4.2161071944637705,-0.9895789098767812
-4.2160217757024565,-0.9885476319429057
-4.2160197314605075,-0.9885265904575171
-4.215929298868828,-0.987495713506099
-4.2158348239422905,-0.986443925622999
-4.215834205451407,-0.9864436510843737
-4.215738859072722,-0.9854132230296071
-4.215640199635438,-0.9843618572993652
-4.2156398688431365,-0.9843615662960616
-4.215544584389464,-0.9833311583712917
-4.215445884875104,-0.9822797982195907
-4.215349333869753,-0.9812281428482607
-4.215347379444632,-0.9812071130797295
-4.215347320535545,-0.9812070710830736
-4.215248375943604,-0.9801559281549878
-4.215247230882028,-0.9801348603203176
-4.215247509818912,-0.9801348722318508
-4.215247800668221,-0.9801348864169703
-4.2151558674717435,-0.9790830892912585
-4.215155823215211,-0.979082789295097
-4.2151554727613085,-0.979082865971158
-4.215063173382881,-0.9780521906281094
-4.215062397009194,-0.9780310567611383
-4.21506256466215,-0.9780309824203615
-4.21506306465668,-0.9780309764168849
-4.215062824268606,-0.9780310275838757
-4.214975529436679,-0.9769998977097538
-4.21488916465496,-0.9759473516570567
-4.21488940104625,-0.9759470198810926
-4.214803839934252,-0.9749157746465236
-4.2148037536254845,-0.9749154799994226
-4.214803352545042,-0.9749155569584904
-4.214713700576134,-0.9738846500406465
-4.214625326301815,-0.9728323569501401
-4.214624024041238,-0.9728112781280385
-4.214624700511131,-0.9728112312405098
-4.214536392102145,-0.9717799837295087
-4.2144473208928455,-0.9707277369904862
-4.214359964706145,-0.9696753383395043
-4.214358187706182,-0.9696542744368484
-4.214267258596528,-0.9686234456864071
-4.214268735548207,-0.9686023599956931
-4.214268470428599,-0.9686023084989618
-4.2141781696394,-0.9675714541625795
-4.21408918857431,-0.9665192019195805
-4.214001949707346,-0.9654667990487447
-4.2140019571121465,-0.9654664737225176
-4.214001637309114,-0.9654665363524951
-4.21391180183608,-0.9644356338462968
-4.213823227762031,-0.963383350069406
-4.213736365026364,-0.9623309233957033
-4.213736474827163,-0.9623305927365486
-4.213647424855892,-0.9612785555362889
-4.213646552200717,-0.96125744362587
-4.2135616084534755,-0.9602261369210108
-4.213477357018259,-0.9591735138202598
-4.213478965142503,-0.95915238184671
-4.213396634637234,-0.9581208515636799
-4.21339607063881,-0.958099684926574
-4.213318844819672,-0.9570677455950307
-4.213317774437294,-0.9570466473708036
-4.213239220444375,-0.9559937380054502
-4.213160208768681,-0.9549406949191118
-4.21315873203886,-0.9549196191628234
-4.213075864061495,-0.9538881138844034
-4.2130772254888065,-0.953867011003379
-4.213076992667554,-0.9538669576261231
-4.21299394004317,-0.9528354741402556
-4.212995196570009,-0.9528143879377601
-4.212912822846343,-0.9517828624755414
-4.212912003823318,-0.9517617190328911
-4.2128348335436865,-0.9507297738906373
-4.212759247809883,-0.9496764592430831
-4.212686091469981,-0.9486229643441745
-4.212685277876571,-0.9486018450288718
-4.212612227599037,-0.9475696156207463
-4.212536062157835,-0.946516348433698
-4.212536334279223,-0.9465159961008868
-4.2125369238154775,-0.9465159816231388
-4.2124649656224005,-0.9454626258434492
-4.212465105367241,-0.9454623099702125
-4.212391830939646,-0.9444299922864653
-4.212390335427433,-0.944408930119112
-4.212313768879467,-0.9433769488954398
-4.212314877535065,-0.9433558527182229
-4.212314918127509,-0.943355867004262
-4.212239791558181,-0.9423027229186628
-4.21216435380846,-0.9412494134532922
-4.2120872181931475,-0.9401962358361249
-4.212011868192455,-0.9391429181394733
-4.2120101439210655,-0.9391218427324073
-4.211930300218629,-0.9380690466000993
-4.211928598429059,-0.9380479842959358
-4.21192881904103,-0.9380479942380616
-4.211850292459741,-0.9370161757771238
-4.211850404745998,-0.9370158480997198
-4.211774618541673,-0.9359838171556395
-4.211700039353139,-0.9349303792239697
-4.211699698327925,-0.9349092220195752
-4.211700236973163,-0.9349092091040965
-4.2116315445402295,-0.933876692198095
-4.211564625229243,-0.93282280548179
-4.211500108275054,-0.9317687571226969
-4.211437962339465,-0.9307145669260183
-4.211438449404337,-0.9306933318898989
-4.211439360753401,-0.9306932899623285
-4.21138461401906,-0.9296599270984257
-4.211331964433717,-0.9286052209923548
-4.211332633903214,-0.9285839740248263
-4.211333196131545,-0.9285838763623244
-4.211284823645703,-0.9275291758712892
-4.211285955421839,-0.9275079844373344
-4.211286571005859,-0.9275079788409645
-4.211242713812811,-0.9264530796819517
-4.21124289260444,-0.926452766855519
-4.211198969313976,-0.9253978899996025
-4.211199079229024,-0.9253975990816186
-4.21119883926397,-0.925397671967738
-4.211152662839641,-0.924363941983958
-4.2111516135455025,-0.9243428379984866
-4.211151479351253,-0.9243427912495945
-4.211100974949457,-0.9233092538965828
-4.211101091422941,-0.923308942589978
-4.2111008733820485,-0.9233089948290627
-4.2111006529916075,-0.9233090432686766
-4.211047534087299,-0.9222756252167564
-4.210991146367854,-0.9212211219724202
-4.210932313165393,-0.9201667396463304
-4.210871795560794,-0.919112474951993
-4.210813097165053,-0.918058092551507
-4.2107527206036925,-0.9170038206815012
-4.210752334243305,-0.916982677541978
-4.210752583356379,-0.9169826842472988
-4.210752850138835,-0.9169826970333658
-4.210700759795276,-0.9159491470627424
-4.210646536375201,-0.91489451865258
-4.210647115863384,-0.9148733840254325
-4.210594370230507,-0.9138399289242645
-4.210594296906556,-0.9138396037583292
-4.210593930728703,-0.9138396444008013
-4.210594273111238,-0.9138396530219689
-4.2105938896649295,-0.9138396892610107
-4.210540930287043,-0.9128062435309485
-4.210485068263576,-0.9117516310156661
-4.2104296038368165,-0.9106970869207963
-4.210375917612805,-0.9096424456172144
-4.21032050446217,-0.9085878995721122
-4.2102675578426405,-0.9075332234539013
-4.210216722778297,-0.9064783698257326
-4.2101662071200945,-0.905423589557945
-4.210166529288131,-0.9054024070316604
-4.210119693849369,-0.9043686406657988
-4.2101205665139405,-0.9043474806688907
-4.210074225156825,-0.9032926761870079
-4.210028251249838,-0.9022376847210275
-4.209984020067736,-0.901182614798659
-4.209937655564076,-0.9001275580367422
-4.209936789406739,-0.9001064507810367
-4.209888847345116,-0.8990727699004485
-4.209843062123108,-0.8980177684360122
-4.209799362731457,-0.8969625948560452
-4.209755958942594,-0.8959074961819573
-4.209714595955733,-0.8948522411485693
-4.209714289667533,-0.8948311342010083
-4.209671078470015,-0.8937972423916345
-4.209671540217738,-0.893796922496737
-4.20963083752348,-0.8927629390114363
-4.209592058080336,-0.8917075878972099
-4.209552834045271,-0.8906523425549786
-4.209553708495585,-0.8906311742849523
-4.209515421359071,-0.8895971070479066
-4.209515090285527,-0.8895759860477304
-4.209477016060404,-0.888541875911038
-4.209477445250609,-0.8885415416501643
-4.209440619283628,-0.8875074062846323
-4.209441362834252,-0.8874862362319176
-4.209404177611094,-0.8864520731797503
-4.209365272604534,-0.8853967856685034
-4.209365448737588,-0.8853755960490285
-4.209331732922995,-0.88434134418893
-4.209299826262489,-0.8832858168858567
-4.209265433003031,-0.8822303555493826
-4.209229269114471,-0.8811749636302818
-4.20919487370952,-0.8801195102284932
-4.209195286329559,-0.8800983463473635
-4.209161844425947,-0.8790640958171073
-4.209162197143095,-0.8790429087022286
-4.2091619392692055,-0.8790429218662604
-4.209162385137273,-0.8790429221410369
-4.20916208780327,-0.879042941868559
-4.209130780790506,-0.8780086184057332
-4.2091300772733655,-0.8779874554162704
-4.209093676631367,-0.8769532730862105
-4.209055108164044,-0.8758979616024991
-4.209054996876142,-0.8758976265226998
-4.209054594337097,-0.8758976623305372
-4.209015859773008,-0.874863602880327
-4.209014889869909,-0.874842456100234
-4.208971898661229,-0.8738085319131554
-4.208971964542974,-0.8737873541045993
-4.208934102970575,-0.8727532266889577
-4.208933732233121,-0.8727320685895242
-4.2088953121490364,-0.8716979788917215
-4.208854553418898,-0.8706427441898381
-4.208854801585558,-0.8706215423955285
-4.208817971005137,-0.8695873644482308
-4.208778677511007,-0.8685320721121326
-4.208779074602219,-0.8685109074210777
-4.208778444261383,-0.8685109254590361
-4.208778594050183,-0.8685109359466335
-4.2087398332797195,-0.867455818158863
-4.208740356049461,-0.8674346526685786
-4.20870416143905,-0.8663794460529027
-4.208667642421828,-0.8653240765965331
-4.2086667536803875,-0.8653029377437699
-4.2086256199567185,-0.8642689502617763
-4.208625963433973,-0.8642478182477269
-4.208625590486659,-0.8642477636696115
-4.208585222978643,-0.8632137772212519
-4.208584540478844,-0.8631926407299455
-4.208543685002232,-0.8621586480247311
-4.208500499649055,-0.8611035241693011
-4.208459789808785,-0.8600482901629304
-4.208459337134509,-0.8600271379642872
-4.208459231852739,-0.860027153476385
-4.208459758924157,-0.8600271459992875
-4.208417810350434,-0.8589931726151374
-4.208373495407243,-0.8579380809340871
-4.208326725595545,-0.8568830855395877
-4.208277543278809,-0.8558282022195097
-4.208226327462796,-0.8547733546728096
-4.20817486710994,-0.8537186044511735
-4.208121759978869,-0.8526639584859594
-4.208120572848717,-0.8526428342963874
-4.208120716436965,-0.8526428559011717
-4.208120183555344,-0.8526429062803936
-4.208067952126012,-0.8516094176168781
-4.208017455207357,-0.8505545394977353
-4.208018425267885,-0.8505333773421281
-4.207971249802584,-0.8494996459692934
-4.207925584538981,-0.8484446357412725
-4.207924846392831,-0.848423496042784
-4.207925234716708,-0.8484234886976859
-4.207925570766949,-0.8484234934467785
-4.207925904902241,-0.8484234956323041
-4.207883052670694,-0.8473895848674512
-4.207842201024863,-0.8463342814324408
-4.2078009622490855,-0.8452790813742821
-4.207757225727564,-0.8442239781870571
-4.207711734192471,-0.843168958709667
-4.20771169089373,-0.8431477881527412
-4.207671573232976,-0.842113770487077
-4.207633470975658,-0.8410583762844904
-4.207595340144739,-0.8400029917924596
-4.207596154758541,-0.8399818282830034
-4.207561070914935,-0.8389476447856102
-4.207561394221697,-0.8389473289709712
-4.207527795612106,-0.8379130993944925
-4.207491618296605,-0.8368577299925104
-4.207490771302002,-0.8368365961449296
-4.2074902643857355,-0.8368366311493993
-4.207447203786061,-0.8358027321717537
-4.207401495944026,-0.8347476378627889
-4.207401940847562,-0.8347265014847419
-4.20735957838668,-0.8336925798760099
-4.207359671110584,-0.8336714108678571
-4.2073225159635985,-0.8326372714254232
-4.207322772235182,-0.8326369380695426
-4.207323343012813,-0.8326369438614339
-4.207323164642466,-0.8326369787892097
-4.207288642510554,-0.8316027530891972
-4.207256161839541,-0.8305471661490983
-4.20722327163431,-0.8294916808212217
-4.207187865378952,-0.8284362713266902
-4.207187128119588,-0.828415134483241
-4.207146983554938,-0.8273811075321503
-4.20714731885706,-0.8273599695416064
-4.207147319217757,-0.8273599856178313
-4.207147386537956,-0.8273600057535793
-4.207112448399432,-0.8263258130027628
-4.207080048403761,-0.8252702908980518
-4.207050115573217,-0.8242146860838873
-4.207022605898091,-0.8231590175611415
-4.207023549454821,-0.8231377945120717
-4.20700047033329,-0.8220822181286368
-4.2069776703183726,-0.8210264608346037
-4.206978175587183,-0.8210261352383046
-4.206956943598376,-0.8199915964112277
-4.206933632313145,-0.8189358650821571
-4.206933529852762,-0.8189147263895281
-4.206934128428347,-0.8189147290432118
-4.2069346326061785,-0.8189147430844729
-4.206914866905586,-0.8178801450562803
-4.2069151424752365,-0.8178589666484433
-4.206915355396107,-0.817858968083587
-4.20689800207981,-0.8168032838065304
-4.2068983115169445,-0.8167821041825916
-4.206898575791052,-0.8167821133817884
-4.206885640915916,-0.81574740097797
-4.206885375070897,-0.8157470788852621
-4.206885148577496,-0.8157470301549836
-4.206885305604568,-0.8157470724437642
-4.206872409621946,-0.8146913460150136
-4.206871911856345,-0.8146702005568245
-4.206856600628267,-0.813614499774396
-4.206840928846097,-0.8125586278875718
-4.206823517334533,-0.8115027841708152
-4.2068079028960605,-0.8104469029005273
-4.206790545657852,-0.8093910537519882
-4.206790198146527,-0.8093699004228776
-4.206772508672627,-0.8083142345760688
-4.206754438910304,-0.8072584011208378
-4.206754248083718,-0.8072580985533775
-4.206754422077944,-0.807258149577146
-4.206736145292702,-0.8062235449364068
-4.206736183456406,-0.8062024028996266
-4.206717751865326,-0.805167763059187
-4.206717669236108,-0.8051466138205522
-4.206699913058935,-0.8041119902724982
-4.206699461327405,-0.8040908233774577
-4.206681309360897,-0.8030561854269315
-4.2066604390445015,-0.8020003656216442
-4.206659626938332,-0.801979181066764
-4.20663468770619,-0.800944675470017
-4.206612109199274,-0.7998888232221107
-4.206611700509306,-0.7998676571802468
-4.20658631769283,-0.7988331826230851
-4.2065865142905645,-0.7988120301812337
-4.206586611400623,-0.7988120395109257
-4.206564050343489,-0.7977775039228926
-4.20654388218218,-0.7967216038273125
-4.206523714002759,-0.7956657143589702
-4.206503528505138,-0.7946098413914423
-4.206482981573644,-0.7935540652966837
-4.206483185891599,-0.793532923698995
-4.206462638643102,-0.7924983427300952
-4.206462289236344,-0.7924980454227624
-4.206439873667283,-0.7914635366882659
-4.206439863721127,-0.791463234459763
-4.206439876707535,-0.7914632012425825
-4.206440222333355,-0.7914632512825083
-4.206422091988366,-0.790428825842385
-4.206401972109874,-0.7893730596085624
-4.206401600807044,-0.7893519260412072
-4.206380756937283,-0.7883173731516078
-4.206380536990624,-0.7883170740925055
-4.206380011097582,-0.7883171228664758
-4.206354235572118,-0.7872826770934739
-4.206326480026316,-0.7862270527895134
-4.206301227925671,-0.7851713493227157
-4.206301748295159,-0.7851501709326143
-4.206302198664151,-0.7851501768393517
-4.206283414819613,-0.7841155674329403
-4.206261921089838,-0.7830597706496176
-4.206261206905569,-0.7830385985614151
-4.206234816344159,-0.7820041246709587
-4.20623482208841,-0.7819829753656774
-4.206234419154718,-0.781982909009836
-4.206234113153704,-0.7819828630015012
-4.206234213278566,-0.7819829027697227
-4.206210893574881,-0.7809484022274219
-4.206210582942203,-0.7809272505918281
-4.206186790165998,-0.7798927321404118
-4.206160976378206,-0.7788370372902402
-4.206137630487007,-0.7777812737430264
-4.206116752602222,-0.776725458696327
-4.206097599760004,-0.7756696257232301
-4.20607662129748,-0.7746138208747466
-4.2060576982691575,-0.7735579071526143
-4.206057959785142,-0.7735575986712747
-4.206058172987784,-0.7735575684459348
-4.2060391118450555,-0.7725019635573456
-4.206039618375916,-0.7724808169740162
-4.206022598869692,-0.7714461905937494
-4.206003585530425,-0.7703903822262238
-4.20598703693415,-0.7693345145896515
-4.205987688928358,-0.7693133304519332
-4.205988242269786,-0.7693133442844832
-4.205988418540064,-0.7693132914549743
-4.205988574338838,-0.7693132491782058
-4.2059883641124856,-0.7693132981134005
-4.205988481672796,-0.7693132554015845
-4.205976749512327,-0.7682785670576687
-4.205966981336238,-0.7672226245653546
-4.20595470888605,-0.7661666904519044
-4.205940655609231,-0.7651107842694748
-4.205941067476988,-0.7650896087867842
-4.205941095917834,-0.7650895502166036
-4.205932071356011,-0.7640548326620464
-4.205925738515844,-0.7629988515933221
-4.205921834985433,-0.7619428447837947
-4.205922030017593,-0.761921698801814
-4.205917969377099,-0.7608869038429218
-4.205916143213584,-0.759830823405804
-4.20591421322241,-0.7587747519065087
-4.2059118344497755,-0.757718778081973
-4.205907606063355,-0.756662798749697
-4.205905109707867,-0.7556068156852798
-4.205900107387476,-0.7545508337514202
-4.205892617439516,-0.7534948604169095
-4.205883029946104,-0.7524388335118045
-4.205873848943566,-0.7513829009590389
-4.2058668517924165,-0.7503268640947094
-4.205867190588611,-0.7503057251937921
-4.205866826378317,-0.7503057676233849
-4.205866501398954,-0.7503058125821026
-4.205866839347943,-0.7503058469238829
-4.205860502815057,-0.7492711027534673
-4.205856887205131,-0.7482150993842186
-4.2058557087449975,-0.7471590785421357
-4.205855878807889,-0.7471379246793074
-4.205856346487737,-0.7471378580529272
-4.205854913589642,-0.746103084344776
-4.205855402792775,-0.7450470920864045
-4.205853341887545,-0.7439910850273872
-4.205852922101523,-0.7439699162730851
-4.205846578361691,-0.7429351513878896
-4.205847134585751,-0.7429139661639605
-4.205846948543323,-0.7429139741168802
-4.205847098688694,-0.7429139086310805
-4.205843653593101,-0.7418791421330679
-4.205842175764469,-0.7408231400767801
-4.205838896246994,-0.7397671285125094
-4.20583805217978,-0.7387111119496588
-4.205838939224399,-0.7376551079439212
-4.205837294512111,-0.7365991008999613
-4.20583754949747,-0.7365779279507848
-4.205836619322404,-0.7355431609854635
-4.205836763873783,-0.7355428412360756
-4.205838599897585,-0.7345080752710729
-4.205839307719634,-0.7344868975181733
-4.20584629023654,-0.7334521323677702
-4.205846749284838,-0.7334518138664275
-4.205855586689534,-0.7324170910491087
-4.20585603911386,-0.7323959230659081
-4.205856064591754,-0.7323958573203745
-4.2058653303716635,-0.7313611405350606
-4.2058652135531505,-0.7313399908283573
-4.205873910234324,-0.7303052487547811
-4.205879842174722,-0.7292492502455171
-4.205879577039322,-0.7292489202718793
-4.205879016921393,-0.7292489441069285
-4.205878852294416,-0.7292488945780745
-4.205880135304451,-0.7282141340384174
-4.205879789112474,-0.7282138248539936
-4.205878418793636,-0.7271790563331411
-4.2058783324352484,-0.7271579171576735
-4.205877236029018,-0.7261020983621309
-4.205876551020221,-0.7260809303812445
-4.205876657549323,-0.7260809575191771
-4.205875892386941,-0.7250462006386037
-4.205877887347122,-0.7239901950174675
-4.205878169050078,-0.723989870976316
-4.205878408927562,-0.723989827812649
-4.205882817014643,-0.7229550800758561
-4.205889534497202,-0.721899035265745
-4.2058958394024675,-0.72084307277387
-4.2058999672686275,-0.7197870167416228
-4.205904418809486,-0.7187310511672844
-4.2059113292859225,-0.7176750896054688
-4.205919979344489,-0.7166191459695744
-4.2059267929085875,-0.7155631777844947
-4.205935336955782,-0.7145072250482708
-4.205941372031407,-0.7134512477287334
-4.205940817991201,-0.7134300840330102
-4.205940996408571,-0.7134301143461145
-4.205945054715181,-0.7123953696970177
-4.205951512094231,-0.7113393091803356
-4.205958312065915,-0.7102833325585586
-4.205958981077123,-0.710262160341589
-4.205959215398702,-0.7102621074118934
-4.205970519978328,-0.70920637183733
-4.2059706854576175,-0.7092060798078832
-4.205982302029175,-0.7081713997231487
-4.205996597579794,-0.7071155140854885
-4.205996717125925,-0.7070943828886405
-4.205997473474984,-0.7070944117220783
-4.205997446052567,-0.7070944468674409
-4.206011474120707,-0.7060597551356739
-4.2060277813398255,-0.7050037973511267
-4.206044018068093,-0.7039478473197743
-4.2060443128616525,-0.7039475547913396
-4.206060028337773,-0.7029129315432889
-4.206060361157699,-0.7028917920854285
-4.206060290763082,-0.7028917430555697
-4.2060602506950575,-0.7028917115533752
-4.20606055360369,-0.7028917716470722
-4.206079026401434,-0.7018571897831791
-4.206100226876657,-0.7008014065500837
-4.2061009999302525,-0.7007802411563334
-4.206101309436361,-0.700780188880077
-4.2061265708012625,-0.6997457324823808
-4.206149817082377,-0.6986899929009411
-4.2061755011284845,-0.6976342952837185
-4.20620327987855,-0.6965785802906636
-4.206231354075796,-0.695522960275498
-4.206231429213678,-0.6955018375335328
-4.20625937612747,-0.6944674130131135
-4.206259498733663,-0.6944462874356497
-4.206286731833913,-0.6934118658816352
-4.206287242458603,-0.6933907064347548
-4.206287631353536,-0.6933907216356751
-4.206317099911388,-0.6923353084600228
-4.206317159333723,-0.6923349935366765
-4.206316861663247,-0.6923350223790261
-4.206344078295335,-0.6912795696248615
-4.206343692796981,-0.6912584177581318
-4.206343732771193,-0.6912583679531563
-4.2063684074573935,-0.690202863775677
-4.2063927230070695,-0.6891471649766798
-4.206414578675337,-0.6880913985792746
-4.206434697115877,-0.687035608484511
-4.206456629519562,-0.6859798398756136
-4.206476147280765,-0.6849240188959352
-4.2064757054098045,-0.6849237041503425
-4.206475004102288,-0.684923734207628
-4.206474724309134,-0.6849236950524396
-4.206474818247974,-0.6849237538532038
-4.206492100244326,-0.6838891286124883
-4.206492100527332,-0.683867987001936
-4.2064920946736075,-0.6838680084634496
-4.206511568486917,-0.6828333935781151
-4.206529130221623,-0.681777537181018
-4.206529355731742,-0.6817563666320576
-4.206551237267446,-0.6807217876484711
-4.206550929328408,-0.6807214547980805
-4.206550327934717,-0.6807214627986735
-4.206567766702576,-0.6796657932795664
-4.206584877899357,-0.6786099322988917
-4.206584912836773,-0.6785887861884954
-4.206602869887171,-0.6775541705034526
-4.2066236125705645,-0.6764983718489573
-4.206623842502161,-0.6764980538936256
-4.206623700570482,-0.6764980897395498
-4.206624208908156,-0.6764981312588711
-4.206623969670919,-0.6764981543714831
-4.206644083752222,-0.6754635800456702
-4.206661822043434,-0.6744076429357942
-4.2066620664282555,-0.674386489118406
-4.206681937513415,-0.6733518835859956
-4.206699863445801,-0.6722960387691976
-4.206720297364588,-0.6712402253555156
-4.206720478069105,-0.6712399074997892
-4.206742646073779,-0.6702053828712593
-4.206742918611017,-0.6701842394212771
-4.206742457453559,-0.670184242438606
-4.2067423969494255,-0.6701841850303455
-4.206742671604104,-0.6701842264217222
-4.206742603281694,-0.670184174103712
-4.206765352285724,-0.669149659200156
-4.206790459245417,-0.6680938841236754
-4.206790255177599,-0.6680727355162559
-4.2067907568344385,-0.6680727690865057
-4.206815891323183,-0.6670382978571455
-4.206816592734618,-0.6670171413626824
-4.2068459959024285,-0.6659827589219715
-4.206872801857521,-0.6649270849098264
-4.206897482280458,-0.6638712801311641
-4.206897287246054,-0.6638709638483137
-4.206922434496554,-0.6628365104423037
-4.206949952265741,-0.6617808053713627
-4.206977820494937,-0.6607251904024536
-4.207007421156464,-0.6596696235976109
-4.20700716068888,-0.6596484680430266
-4.20700686554169,-0.6596484885989887
-4.2070072323321535,-0.6596485297343155
-4.207007552595747,-0.6596485651725172
-4.207007195088247,-0.6596485761174818
-4.207007563930703,-0.6596486024812108
-4.207035101753305,-0.6586141785540295
-4.207065365674244,-0.6575585909652775
-4.207098063670595,-0.6565030667233015
-4.207098128933929,-0.6564819251695895
-4.207129839336233,-0.6554476205284506
-4.20712998104683,-0.6554472969945603
-4.207130406329084,-0.655447334005226
-4.207161894141652,-0.6543919901060754
-4.207193032774108,-0.6533364544048585
-4.207221702760361,-0.6522808386659658
-4.207248277224022,-0.6512250973082562
-4.207275257791387,-0.650169464870241
-4.207304411072924,-0.6491138038707598
-4.207304854237863,-0.6490926833207588
-4.207336776820999,-0.6480584035581326
-4.207371541657061,-0.6470029873394247
-4.207408398947487,-0.6459475572144384
-4.207409317708097,-0.6459264317549367
-4.207409229934056,-0.6459264664875373
-4.207445513451064,-0.644892336452896
-4.207479656816216,-0.6438368134041217
-4.207479605045315,-0.6438365068106245
-4.207479220233271,-0.6438365434418695
-4.207478866557058,-0.6438365767135787
-4.207508086630954,-0.642802221076035
-4.207535007985152,-0.641746489495028
-4.207561603428105,-0.6406908271298002
-4.207586495546672,-0.6396351349104248
-4.207586805880049,-0.6396139940516646
-4.207586370898812,-0.6396140025766821
-4.207614179355076,-0.6385795850896341
-4.207644286856682,-0.6375239334321787
-4.207674729157718,-0.636468372877859
-4.207707596885996,-0.6354128811505119
-4.207742170478211,-0.6343574576518507
-4.207774557153223,-0.6333018799267268
-4.207774710330649,-0.6333015879447115
-4.207806449043672,-0.6322673199698192
-4.20780606352715,-0.6322461698161699
-4.207805627942383,-0.6322461851512686
-4.2078300654360685,-0.6312117003190173
-4.207851811924391,-0.6301559164271683
-4.207871839499518,-0.6291001063267863
-4.207872029853553,-0.629078949170143
-4.207871878482235,-0.6290788819106624
-4.207871773708049,-0.6290788361965384
-4.207896180652013,-0.62804436113992
-4.20791829201027,-0.626988523995446
-4.207940087175965,-0.6259327563679395
-4.207959475485934,-0.6248769357419327
-4.207976465074815,-0.6238210694126269
-4.207975809391312,-0.6238207533360353
-4.207990507987058,-0.6227860927394299
-4.207990220233917,-0.6227649722847115
-4.208005659965982,-0.6217303268971895
-4.208023234702435,-0.6206744688903602
-4.20803910551069,-0.6196185870443551
-4.2080571487299485,-0.6185626592306791
-4.208057098587645,-0.6185623556857571
-4.208074800655733,-0.617527761645849
-4.208090513301144,-0.6164719054498907
-4.2081083785922155,-0.6154159875172982
-4.208125915330546,-0.6143601530749554
-4.208141682037631,-0.6133042924302627
-4.208141346263065,-0.613283135813812
-4.208141075324837,-0.6132831619193437
-4.2081546209813965,-0.6122484713900593
-4.208155248884939,-0.6122273131125953
-4.208155448678722,-0.6122272502830346
-4.208173364179796,-0.6111926465885056
-4.208189256184068,-0.6101367679363694
-4.208206907128423,-0.6090809054657321
-4.208222086192061,-0.6080250021559259
-4.20823480476348,-0.6069690645671166
-4.208245103057594,-0.6059130995151368
-4.208244882530102,-0.605891952518241
-4.208244702975782,-0.6058919793061655
-4.208257520660304,-0.6048572636900558
-4.208267736435484,-0.6038012920028021
-4.208267456589461,-0.6037801347060873
-4.208278632308722,-0.6027454222198889
-4.208278808675445,-0.6027242558392016
-4.208294623750031,-0.6016895679232168
-4.20830779147743,-0.6006336229441182
-4.208318547000306,-0.5995776425487225
-4.208318302621438,-0.599556484168767
-4.208329237060959,-0.5985217262089244
-4.208328233949974,-0.5985005113343423
-4.208328060251975,-0.5985005234262999
-4.208336713056359,-0.5974447299048945
-4.208345825276119,-0.5963887692279976
-4.208357469365158,-0.5953328247942692
-4.208371606039779,-0.5942769082768237
-4.208388188407585,-0.5932210258909661
-4.208388707095929,-0.5932207170634977
-4.208406876892567,-0.5921861292307987
-4.208407363395378,-0.5921649791920018
-4.208407417716194,-0.5921649215417434
-4.2084071441894855,-0.5921649572391836
-4.20840754399516,-0.5921649961510969
-4.208426079761942,-0.5911303914820591
-4.20844661676546,-0.5900745871792842
-4.208464659120329,-0.5890187235935676
-4.208480219002732,-0.587962819242084
-4.208479832788604,-0.5879624924634412
-4.2084929802288285,-0.5869277983456542
-4.208504196592442,-0.5858718760812687
-4.208517608548552,-0.584815882413184
-4.208517467064692,-0.5848155802431011
-4.208517021702111,-0.5848156267995873
-4.208528683089997,-0.5837809359126162
-4.2085426979978475,-0.5827249636355168
-4.208556347493715,-0.5816690686963826
-4.208568204544624,-0.5806131498078677
-4.208568693669632,-0.5805919971775031
-4.208585526307209,-0.5795573572235933
-4.208604716475971,-0.5785014585616469
-4.208623510516698,-0.5774456388974265
-4.208623891487545,-0.5774244872906867
-4.208623532897413,-0.5774245049740578
-4.208623214109024,-0.5774245296051589
-4.208622893989353,-0.5774245490436442
-4.208635639845975,-0.5763898427851231
-4.208651071791138,-0.5753339389758999
-4.208651854978153,-0.5753127575915881
-4.208672171590732,-0.5742781481387881
-4.2086951457747315,-0.5732223751766131
-4.208695386585342,-0.5732012286184014
-4.208717405713208,-0.5721666787461506
-4.208717591437508,-0.5721663529265847
-4.20873708523633,-0.5711107189961317
-4.208756909214935,-0.5700549128805706
-4.208757202099604,-0.570054609334083
-4.208757111078931,-0.5700546583505642
-4.208756991372756,-0.5700547010864543
-4.208773884983767,-0.5690200835662306
-4.208773406386501,-0.5689989079459601
-4.208773659591447,-0.5689989236218677
-4.208787522520712,-0.5679642272843686
-4.208799435349507,-0.5669082860585565
-4.208813144151605,-0.5658523500291247
-4.2088251182641345,-0.5647964051543316
-4.208838885299493,-0.5637404786168329
-4.208850202047717,-0.5626845221706208
-4.208859771298846,-0.5616285646049011
-4.208871169407906,-0.5605726149149772
-4.208871265699856,-0.5605514611360396
-4.208883484340184,-0.5595167586649983
-4.208897780511676,-0.5584608480235835
-4.208910317325779,-0.5574049115992507
-4.208924640239579,-0.5563489959666437
-4.208924138930379,-0.5563278081211459
-4.208924360198033,-0.5563278286677089
-4.2089239111816275,-0.5563278419466375
-4.208933297138145,-0.5552931068974865
-4.208939980562733,-0.5542371046968821
-4.208939897520108,-0.5542159383164313
-4.208946686139399,-0.5531811460020482
-4.208951576065999,-0.5521251518186766
-4.208959019841529,-0.5510691600691243
-4.208959428736601,-0.5510479847020162
-4.208959454095993,-0.5510479139897827
-4.2089598220098425,-0.5510479503929879
-4.208959498634078,-0.5510479701963725
-4.208971241989105,-0.5500132652040728
-4.208980976857753,-0.5489573017869368
-4.20898137855755,-0.5489361232325292
-4.208995355441292,-0.5479014169579736
-4.20899515857844,-0.5479010869137637
-4.209007212121865,-0.5468663892303341
-4.209007303473932,-0.5468660732789175
-4.209007390559937,-0.5468660295685109
-4.209021421367321,-0.5458313744412601
-4.209020873531436,-0.5458102060950015
-4.209020737352793,-0.5458101464266082
-4.20902995049461,-0.5447543878236366
-4.209038834244149,-0.5436984384483902
-4.209045982975927,-0.5426424777399809
-4.2090463213321705,-0.542621325147818
-4.209057745845315,-0.5415866090425013
-4.209066847847159,-0.5405305738975188
-4.20906664292717,-0.5405302681822157
-4.209076198023183,-0.5394955687327354
-4.2090759237735575,-0.5394744224155229
-4.209075704975386,-0.5394744453019873
-4.209076130613501,-0.5394744771745948
-4.209085897652481,-0.5384397495572998
-4.20909766390635,-0.5373838082631628
-4.209107283238978,-0.5363277615212266
-4.209116528398854,-0.5352718014716453
-4.209123307524696,-0.5342158181216582
-4.209123296381005,-0.5341946682378967
-4.2091232849427636,-0.5341946974061956
-4.209132458065689,-0.5331599493665299
-4.20913970657017,-0.5321039757848697
-4.209139553849544,-0.5321036485718101
-4.209148645029618,-0.5310689197330859
-4.209155058579088,-0.5300129341240991
-4.209154584236136,-0.5300126136578052
-4.2091545187655415,-0.5300126634628777
-4.209161980848487,-0.5289781275564496
-4.2091721484539235,-0.5279222097465941
-4.2091847517468794,-0.5268662965457195
-4.209199052068639,-0.5258104157099173
-4.2092114923979755,-0.5247544952759898
-4.209225635641736,-0.5236986029995809
-4.209226122702881,-0.5236774423718091
-4.209225853854323,-0.5236774634452142
-4.2092384104700304,-0.5226427715567952
-4.20925364118533,-0.5215868722409841
-4.2092705959735985,-0.5205310011776254
-4.2092850125975305,-0.5194750888090259
-4.209297611449974,-0.518419157266891
-4.209312330148782,-0.5173631784331421
-4.20932738586178,-0.5163072953635082
-4.209328048970629,-0.516286134428525
-4.2093279524680165,-0.5162861638289544
-4.209345276922726,-0.5152304984597713
-4.2093621944264745,-0.5141746450094142
-4.209376615342941,-0.5131187429286563
-4.209389268957347,-0.5120628274102235
-4.209389603321505,-0.512041668452245
-4.209407301227865,-0.5110070434086178
-4.209427730744344,-0.5099512364042038
-4.209428135245067,-0.5099509229942464
-4.209450586316019,-0.5088953608692093
-4.209450485659148,-0.5088742272018719
-4.209451048132475,-0.508874266179636
-4.209451530100474,-0.5088743100935459
-4.209476160353881,-0.5078398280287657
-4.209502771770377,-0.5067841621871573
-4.209527596765191,-0.5057284382334488
-4.209554842093194,-0.5046727736134325
-4.209584515146279,-0.5036171741012482
-4.209616581941122,-0.502561644604174
-4.209651015053323,-0.5015061898668314
-4.209687792457911,-0.5004508145595097
-4.20972619525042,-0.49939552600784837
-4.209762694517872,-0.4983401475171114
-4.209763700775079,-0.49831898883289677
-4.20980479174254,-0.497285001230526
-4.209847978883878,-0.49622989324859973
-4.209888610889938,-0.4951746674604477
-4.209889295960841,-0.495153506008928
-4.2098895901700395,-0.49515353429764924
-4.209932812067652,-0.4941196566421408
-4.209933047021799,-0.49411934096264193
-4.2099329042327716,-0.4941193652684655
-4.209975727635663,-0.49308546524968877
-4.209975634583506,-0.4930851408348195
-4.210015726271935,-0.4920511223604637
-4.210015427599474,-0.49205079838384996
-4.210015164080192,-0.49205074741124005
-4.210054057284079,-0.4910167023824418
-4.210053397539838,-0.4909955589138448
-4.210091223548323,-0.48996146375213984
-4.2100916837856,-0.4899403264100516
-4.2101300235453625,-0.48890624135681215
-4.210130855159198,-0.48888509479224096
-4.210130590846136,-0.4888850859133148
-4.210171868731037,-0.4878300662107564
-4.210172674533752,-0.4878089278443709
-4.21017236156843,-0.48780892474956117
-4.2102138488884515,-0.48675392053685496
-4.210214607354293,-0.48673278794248775
-4.210258567931306,-0.4856989222507621
-4.21030489700751,-0.4846439355820585
-4.210348743720699,-0.4835888291447504
-4.210390821019977,-0.48253366026055083
-4.210390854569972,-0.4825333405040098
-4.210434292166731,-0.48149947160907497
-4.2104341009490165,-0.4814991569016882
-4.210433585400806,-0.4814991743110333
-4.21043346121352,-0.48149912858287786
-4.210472102295256,-0.4804650775356712
-4.2105090667004,-0.4794097416196444
-4.210548528730189,-0.47835447869001313
-4.210548710652691,-0.4783541720432161
-4.210548525208889,-0.47835421019116803
-4.210548331082575,-0.4783542436942798
-4.210548789312781,-0.4783542906420778
-4.210549182806059,-0.4783543311073254
-4.21054922839011,-0.47835427591836305
-4.210548933822546,-0.4783542956530711
-4.210549340108256,-0.478354336280137
-4.210590779137154,-0.47729933360013493
-4.210591531115814,-0.4772782025620277
-4.210635485050418,-0.4762443394501837
-4.210682177031711,-0.475189291765921
-4.210729193282423,-0.47413433835007124
-4.210729584861811,-0.4741340464282052
-4.210730236271288,-0.47413411884929985
-4.210730473544078,-0.4741340935927025
-4.210782442895124,-0.47310057591645255
-4.210783740240665,-0.473079471983156
-4.210839804783576,-0.4720461802591423
-4.210899120378388,-0.47099183761047336
-4.21089868736371,-0.4709707413518175
-4.210956396765734,-0.4699375531551983
-4.210956810754458,-0.4699164087821792
-4.211011100860489,-0.4688829492777625
-4.211066786051894,-0.4678284066309324
-4.2111199730953865,-0.46677372330073935
-4.21117137581416,-0.46571896052279077
-4.211171449083363,-0.4657186378013122
-4.211225921123984,-0.46468522053691397
-4.2112825141930585,-0.46363073873709865
-4.211341530862461,-0.4625763762591364
-4.211402934680607,-0.46152214915986245
-4.211404655469814,-0.4615010498632773
-4.211469216537962,-0.46046825879425796
-4.211531828721343,-0.45941411594810594
-4.211592621836655,-0.4583598569244517
-4.211593861189849,-0.45833873453685636
-4.211593640015182,-0.45833873610644643
-4.211657901073518,-0.45730582671690356
-4.211723343945008,-0.4562518491943104
-4.211724598642935,-0.4562307269782971
-4.211789092162245,-0.4551979043043465
-4.211852488101003,-0.4541437990387591
-4.211917648001924,-0.45308978915173015
-4.211917499018601,-0.45308945071783296
-4.211917679445893,-0.45308949949808747
-4.211981774793688,-0.4520566778971127
-4.211981879580246,-0.45203549854471803
-4.212040967517267,-0.4510023620534158
-4.212098862705814,-0.44994794838517715
-4.212097626921474,-0.44992676393341674
-4.212097864788058,-0.44992678619964366
-4.212098079452274,-0.4499268167387663
-4.212097638804832,-0.44992680014212155
-4.212158614794892,-0.4488936989036276
-4.212158813228742,-0.44889337723147965
-4.212220281506586,-0.44786040674761574
-4.212280175825149,-0.44680602261275304
-4.212340425699942,-0.4457517461803536
-4.212339474818448,-0.4457306099222372
-4.212400380302716,-0.44469750275424175
-4.212463297352739,-0.44364337145069477
-4.212528627936871,-0.4425893752242873
-4.212530348430282,-0.44256828368770484
-4.2125996430326405,-0.4415357686151469
-4.212672035069625,-0.44048216784439065
-4.212744666106763,-0.43942866228052174
-4.21281894101003,-0.4383752907923769
-4.212890658942543,-0.43732173461538887
-4.21289069721168,-0.437321423599351
-4.212961446578324,-0.43628894750364133
-4.2129630248299135,-0.43626786701388065
-4.213037698554282,-0.435214695330649
-4.213112719518013,-0.43416137441407
-4.213190161724189,-0.4331082187290187
-4.213190671004989,-0.4331079474285181
-4.213269517350438,-0.4320761444815416
-4.2133515886986475,-0.43102327644031
-4.2134339131953835,-0.4299705036209158
-4.21351825708816,-0.42891781593108613
-4.213602845475495,-0.42786523127939335
-4.213604941770401,-0.4278442033287424
-4.213693068785677,-0.4268131487160193
-4.2137850438189375,-0.42576116571577977
-4.213879370292463,-0.42470937716877627
-4.213878487548937,-0.4246883814503511
-4.213973790633327,-0.4236576963869061
-4.214070061406769,-0.42260601401740383
-4.214071689089416,-0.4225849977413154
-4.2140721973523485,-0.42258498844953013
-4.214072587083529,-0.4225849873800882
-4.214164973672761,-0.4215543176066391
-4.214261323085568,-0.42050272930690563
-4.214360049351744,-0.4194513463504239
-4.214460781034875,-0.4184000867166665
-4.214561385501529,-0.41734882982350846
-4.21466151392513,-0.41629762632145156
-4.214663552661974,-0.41627660799799504
-4.214762762641983,-0.4152465779684109
-4.214865851567226,-0.4141955566731885
-4.214868103398169,-0.4141745525147662
-4.2148686204168335,-0.41417463516066255
-4.214974167810189,-0.4131452130641422
-4.214975350420479,-0.41312411845031577
-4.215077787741181,-0.41207327453476816
-4.215079682345909,-0.4120522423198949
-4.215184604894966,-0.4110016509552772
-4.215289221765229,-0.40995085395652214
-4.215392108718524,-0.40889988748384626
-4.215496766230574,-0.40784908756592986
-4.215496602429969,-0.4078487597966154
-4.215597978641451,-0.40681894279303416
-4.2156001106983085,-0.4067979415827434
-4.215705819262128,-0.4057685283634923
-4.21581129100971,-0.4047178119776329
-4.215809329935785,-0.40469672580713933
-4.215916374458858,-0.40366710209987144
-4.216023810715972,-0.40261657667319545
-4.2161291212743395,-0.40156574953822666
-4.216234751208967,-0.4005150495730645
-4.216237028412398,-0.4004940496936656
-4.216237519662391,-0.4004941222193605
-4.216237311764389,-0.4004941303316238
-4.21623778991401,-0.400494202179161
-4.216347904864749,-0.39946524624910096
-4.21645716868593,-0.3984148955111727
-4.216456859463642,-0.398414530765404
-4.216562783428718,-0.3973851558731653
-4.216564919892938,-0.39736414651495505
-4.216564572507737,-0.39736411938520855
-4.216564269175564,-0.3973641055588302
-4.216564639315293,-0.3973641596668421
-4.216673493956462,-0.39633506949633385
-4.216786484185075,-0.3952850376593756
-4.216788105777677,-0.39526397945791514
-4.2168963781773385,-0.39423483618798155
-4.21700369294686,-0.3931842913426735
-4.217004660637042,-0.39316314275901265
-4.217109399246274,-0.39213330053369017
-4.21721528415692,-0.3910826104109958
-4.217217616174799,-0.39106159766105375
-4.217325885864295,-0.39003243769817714
-4.217433240278229,-0.38898189132779853
-4.217435026850184,-0.38896083664518866
-4.217540659273461,-0.38793138165169033
-4.21764612130359,-0.3868806542487273
-4.217753750938941,-0.38583005664482106
-4.217861766297707,-0.3847795970633832
-4.217859841709467,-0.3847585275468613
-4.21785998421362,-0.3847584832502557
-4.217965478832261,-0.3837290778381309
-4.217967375952737,-0.3837080591495239
-4.218074714374616,-0.38265770746761596
-4.218075935502606,-0.3826366089647113
-4.218182835644096,-0.38160698472740356
-4.21829014617363,-0.38055645070077293
-4.218291377101685,-0.3805353355021441
-4.218396052394882,-0.37950548428737635
-4.2185011329488455,-0.3784547174253342
-4.218502296245349,-0.3784335947619273
-4.218600855173873,-0.37740346318272955
-4.218698262975781,-0.37635194478425105
-4.218793957495155,-0.3753002789763002
-4.218892167940239,-0.374248843330476
-4.218992880674617,-0.37319764298019464
-4.218993207560128,-0.37319735089626066
-4.218993125481064,-0.37319738609867975
-4.218993349255249,-0.37319736241108853
-4.218993170786643,-0.3731973914567162
-4.219093201944432,-0.37216713027819787
-4.219194406064807,-0.37111598573422344
-4.219192949003472,-0.3710949428419129
-4.219193377577941,-0.37109491915298304
-4.219293955931895,-0.3700439174478426
-4.219295399529737,-0.3700228604599034
-4.219295628823691,-0.3700228311049434
-4.219296126972249,-0.3700229211379797
-4.219295891360837,-0.3700229366170867
-4.219393775318453,-0.36897167600920616
-4.2194919977020655,-0.3679202620363252
-4.219591933663,-0.36686900713051196
-4.219593102766902,-0.36684790718587906
-4.219690190350826,-0.3658173803405257
-4.219788550053873,-0.3647659656931788
-4.219790848552494,-0.36474494890527087
-4.219891678502256,-0.3637150447460896
-4.219992114320786,-0.3626638224705441
-4.219990455310507,-0.36264274465261304
-4.220088525266241,-0.3616125732773759
-4.220185392957934,-0.36056100822844556
-4.220280507684903,-0.3595092862734011
-4.22028230092597,-0.3594882292950383
-4.220382033667168,-0.3584371211205217
-4.22048215911019,-0.35738588030920726
-4.220584395553355,-0.3563347617828863
-4.220586496074474,-0.35631375761755696
-4.220586938694578,-0.3563138320850213
-4.220587358027448,-0.35631390978648153
-4.220587086380147,-0.35631391032829757
-4.220586842125828,-0.3563139084153396
-4.220693379265312,-0.35528424943116194
-4.220801029925687,-0.35423373167151856
-4.220910378341196,-0.35318339350549677
-4.220912631945948,-0.35316237523487093
-4.221020085471176,-0.3521331206248278
-4.221022042848138,-0.35211208246463693
-4.22102155820782,-0.352112029456596
-4.2211266491637955,-0.3510825399821316
-4.221230768747174,-0.35003165664595026
-4.221332835671092,-0.34898050088895255
-4.221334436214209,-0.34895944823773845
-4.2214378347036385,-0.3479298114321892
-4.2214399042225486,-0.3479087916744297
-4.221549874114707,-0.3468587046228033
-4.221549908856887,-0.34685839344533914
-4.221658533891263,-0.3458293023747274
-4.221656670311722,-0.34580826543769105
-4.221768991072003,-0.34477916057640584
-4.221882229432372,-0.34372923868008376
-4.2219971487888115,-0.34267950568590744
-4.222109538546758,-0.34162949441360374
-4.222219414695896,-0.34057921398232566
-4.222327528528357,-0.3395287613594403
-4.222438117226767,-0.3384785631360415
-4.22243620167463,-0.3384575122803128
-4.222548470769115,-0.3374284047780981
-4.222551035685077,-0.33740742547712
-4.222664831513706,-0.3363788510535158
-4.222667607213391,-0.33635788403945377
-4.222787945962403,-0.33530892849566807
-4.2227883031500175,-0.33530864925047493
-4.222788222106065,-0.33530868262528984
-4.222903877444491,-0.33428035685147117
-4.222906076009314,-0.3342593600641381
-4.223022174096867,-0.33323106454785145
-4.223142210103862,-0.33218189913220564
-4.223260500884218,-0.33113252830311846
-4.22325839654872,-0.331111477686707
-4.223258556804255,-0.3311114272351564
-4.22325832566003,-0.3311114347681319
-4.223371670201746,-0.3300828449037618
-4.223484516141047,-0.32903280820571157
-4.22359737518814,-0.32798278180066665
-4.223598664177833,-0.3279617002890203
-4.22370693976463,-0.32693256693128864
-4.2237066685356135,-0.326932231307699
-4.223706413216973,-0.3269321690961133
-4.223814192038432,-0.32588189988737665
-4.223814055658693,-0.32588159968517943
-4.223813581443864,-0.3258816097517167
-4.2238138311153985,-0.3258816930896935
-4.223920387174018,-0.32485239960159157
-4.224030680227822,-0.3238021835338358
-4.224138521200744,-0.3227516960382484
-4.224140319351617,-0.32273066266090483
-4.224246449106079,-0.3217012716027684
-4.224351695507056,-0.32065051387337273
-4.224454554960487,-0.31959950890037
-4.22445392401076,-0.3195991243923514
-4.224553761126611,-0.3185691515118588
-4.224657195132741,-0.31751823016449116
-4.224758951353413,-0.31646714758904365
-4.224862504731578,-0.31541622905419026
-4.224864217720161,-0.31539519334621713
-4.224966984612391,-0.3143654848098324
-4.2249690807982985,-0.3143444708193212
-4.225076218998448,-0.3133151887199317
-4.225183139949436,-0.3122646065439409
-4.225185304142656,-0.31224358105151145
-4.225185343816307,-0.31224351269651685
-4.225185048685608,-0.31224351064328354
-4.225292220354079,-0.31121425646391787
-4.2253991265947155,-0.3101636767348138
-4.225507785814862,-0.3091132620341329
-4.225614014582707,-0.3080625981080966
-4.2256156946761445,-0.3080415487342455
-4.225722345477084,-0.3069911238737763
-4.225828742152868,-0.3059404941459456
-4.225830385585324,-0.3059194520675469
-4.225935960449164,-0.3048900368435715
-4.226045658123163,-0.30383966985861627
-4.226046952696078,-0.30381858553031593
-4.226156223583225,-0.3027891870530537
-4.226265810795798,-0.30173889036198787
-4.2263729313940726,-0.30068832451906424
-4.226373899112221,-0.30066719174778794
-4.2263740522373165,-0.30066722703501686
-4.226476791900059,-0.29963750678584045
-4.22657893406634,-0.29858637056692927
-4.2265798254858735,-0.29856523012106634
-4.226579273942013,-0.2985651908012119
-4.226578765470788,-0.2985651642529946
-4.226578293874401,-0.2985651383359267
-4.226673112844462,-0.2975344161436522
-4.226768988617688,-0.2964826863190128
-4.22686485399358,-0.29543096589990286
-4.226960332126929,-0.2943793021478169
-4.227053342489645,-0.2933274100726189
-4.22705388690302,-0.2933062601614964
-4.22714076631675,-0.2922750860098322
-4.227141139441208,-0.2922539091119226
-4.227224509571099,-0.29120138152995667
-4.2273083023942135,-0.29014872329141334
-4.227308293145575,-0.2901484089105493
-4.227308610261836,-0.2901484823438886
-4.227308909012883,-0.29014855080056123
-4.227398457359085,-0.289117625228484
-4.227396943109729,-0.2890965398002379
-4.227489302730236,-0.28806559186828673
-4.2274914502628445,-0.288044556872095
-4.22749141032146,-0.2880445607135308
-4.227491693258775,-0.28804451849131013
-4.227584111870237,-0.2870138300251323
-4.227680595863604,-0.2859622321846179
-4.2277794729890905,-0.2849108459747671
-4.227880710600795,-0.2838596860048393
-4.227983576281888,-0.2828087112500865
-4.228084572258225,-0.2817575372478852
-4.2280832197273615,-0.28173651344115336
-4.228181742545937,-0.2807063915043494
-4.228183719037503,-0.28068534945887086
-4.228184094952786,-0.2806853929456363
-4.228184461042788,-0.28068544505974213
-4.228184494175747,-0.2806853815820168
-4.228287018986504,-0.2796556416684594
-4.228288749354652,-0.27963459249626893
-4.228391858388826,-0.2786049115038848
-4.228389950691847,-0.27858382767013407
-4.228494530897243,-0.2775331827518946
-4.228495840796323,-0.2775120921119007
-4.228599786203546,-0.27648217668273417
-4.228704900539505,-0.2754314064804988
-4.228812430109474,-0.27438087034437314
-4.228815012548084,-0.2743598841777849
-4.228924748816784,-0.27333088555140295
-4.229034249936427,-0.2722805655841124
-4.229146143639824,-0.27123048765801105
-4.229260440972077,-0.27018066959753434
-4.229263113766496,-0.2701597019079345
-4.229381784977523,-0.26911056605448425
-4.229500750288827,-0.2680612877690369
-4.229503461549079,-0.26804033637189734
-4.229503531215866,-0.2680403732793461
-4.229626802502816,-0.2670124557037109
-4.229750518035377,-0.26596364261857786
-4.229874492978291,-0.26491493975283953
-4.229872704046521,-0.2648939777265179
-4.229996105982379,-0.2638453968391037
-4.229996494385826,-0.2638451373984536
-4.230119713282493,-0.2627965636980967
-4.230121562992347,-0.2627755712652443
-4.2301214292321605,-0.262775596564488
-4.230121255017458,-0.2627756189064573
-4.230239583944816,-0.26174715921238073
-4.230242221947304,-0.2617261992505648
-4.230242480905798,-0.2617261620026532
-4.230361263972595,-0.2606981917973652
-4.230361245612847,-0.2606978732184015
-4.230360845065629,-0.2606978601334871
-4.230474788055887,-0.25966933422247707
-4.230475959231925,-0.2596482159134388
-4.23058911385078,-0.25861920118413234
-4.230591379344234,-0.25859819839453946
-4.2307076155728485,-0.25754878216407723
-4.2308235243587635,-0.25649915761739
-4.230824775106304,-0.25647804793567847
-4.230933982279701,-0.25544898695538004
-4.230933663903533,-0.25544863155611175
-4.230933697137524,-0.25544867369570173
-4.231043262734177,-0.2544196858704526
-4.231041141598754,-0.2543986111348726
-4.231041213008663,-0.25439854899874026
-4.231040908136489,-0.25439854660532707
-4.231041297503199,-0.25439861210051173
-4.231151138331505,-0.25336963217249836
-4.231265123232198,-0.2523197142607856
-4.2313787092679425,-0.2512698399740418
-4.231380082913849,-0.2512487507993437
-4.231380396709039,-0.251248802646854
-4.231490181845383,-0.250219824762526
-4.231490414530028,-0.25021952668687486
-4.231490250233387,-0.25021954056881834
-4.231604020306419,-0.2491905981276626
-4.231718344653311,-0.24814072294233422
-4.231720861695034,-0.24811975068264477
-4.231721400220017,-0.24811982932153478
-4.2318402588275505,-0.24707072958542486
-4.2318404410013,-0.24707044240528622
-4.231959250021892,-0.24602135705055442
-4.2320780643453375,-0.2449720124890744
-4.2321964957969875,-0.24392270900112056
-4.232313174947854,-0.24287320520080352
-4.232432306761139,-0.2418239668360698
-4.232553889072198,-0.24077500132126825
-4.232677180213482,-0.23972624371012474
-4.232678964320617,-0.23970521797642913
-4.232795243700156,-0.23867695308194123
-4.232910743036045,-0.2376272881027142
-4.233024500435128,-0.23657743423233418
-4.233024459853713,-0.236577110840936
-4.233024080798121,-0.2365771095499032
-4.23313555971271,-0.23554832858615427
-4.233246903382131,-0.23449822393521913
-4.233249061976831,-0.23447721896179385
-4.233362734064622,-0.233448641743764
-4.233475650702603,-0.2323986829740018
-4.233586144632175,-0.23134845533476317
-4.233694251920278,-0.2302979802730731
-4.23369567573183,-0.23027691884363533
-4.23369512515656,-0.23027679646280497
-4.233803911437596,-0.2292266122287464
-4.233912811198379,-0.22817617920335215
-4.23402141946467,-0.22712579656683082
-4.234021026058937,-0.22712545964130987
-4.23412638892175,-0.22609604940534145
-4.234235453818336,-0.22504572014370816
-4.234342811759963,-0.2239952073351383
-4.23434081106912,-0.2239741266744921
-4.234449865814074,-0.222944702908304
-4.234448082515232,-0.22292364881008847
-4.234553219132593,-0.22189418953689982
-4.2346576616524185,-0.2208432820731232
-4.234762442945417,-0.21979249557244976
-4.234868981475239,-0.21874188508746445
-4.234973063387683,-0.2176910237464303
-4.235074690036356,-0.2166399184560147
-4.235075368043476,-0.21661875669119468
-4.235075023883052,-0.2166186668538393
-4.235074731594382,-0.2166186012979097
-4.235074825225652,-0.21661866562151194
-4.235174344786834,-0.21556756746359165
-4.235174221757232,-0.21556725826528794
-4.235174432941591,-0.21556733552531554
-4.235174321297021,-0.21556729364208344
-4.235174579113484,-0.21556737460584519
-4.235174149632084,-0.2155673722026996
-4.235278009498798,-0.21453747878911883
-4.235280219552477,-0.21451647143748898
-4.235280374329994,-0.2145164217592614
-4.2353874739594914,-0.21346606348657834
-4.235387612337012,-0.2134657761153096
-4.235493396254233,-0.2124363946359067
-4.235602804177072,-0.2113861005504151
-4.235710445940352,-0.21033560510362814
-4.23581979315598,-0.20928528770891996
-4.235821876543969,-0.20926427569701592
-4.235929400792955,-0.20823504036522966
-4.236036749028957,-0.20718451546512523
-4.236146570200176,-0.20613423198129596
-4.236258859563184,-0.20508420733071214
-4.236259287451438,-0.2050839334219029
-4.23637136945992,-0.20405521985966868
-4.236482542409821,-0.20300509717892656
-4.236591239750886,-0.2019546991244931
-4.236697508036701,-0.20090404956405747
-4.236699021033614,-0.20088299497695244
-4.236803697275992,-0.19985345254092216
-4.236805164525258,-0.19983239393254726
-4.236804677576109,-0.1998322754206212
-4.2369102000994125,-0.19880287042294775
-4.237019858444032,-0.19775250047636111
-4.237129548880725,-0.19670214173716888
-4.237238887563776,-0.1956518354600678
-4.237345787993519,-0.19460126995195456
-4.237450267783375,-0.1935504545514226
-4.237451698618159,-0.1935294098873375
-4.2374515478700365,-0.19352943289240376
-4.237450829458146,-0.19352938310003936
-4.237450896749094,-0.19352942250845157
-4.2375562464852905,-0.1924999631873014
-4.237661429814417,-0.191449211349535
-4.23776840918467,-0.19039862005721464
-4.237873698223107,-0.1893478728335435
-4.237981473842043,-0.1882973761060426
-4.2379816895970714,-0.18829707547355679
-4.238089419714222,-0.18726789855926732
-4.23809065543261,-0.1872467982379314
-4.238193270587153,-0.18621707319002034
-4.238294863611153,-0.18516595882758868
-4.238295592499355,-0.18514477908631605
-4.238394555572533,-0.18411441030569503
-4.238494813947749,-0.18306317229237087
-4.238596855209611,-0.18201209758038747
-4.238596820729619,-0.18201176615974965
-4.238597081423703,-0.18201182937903654
-4.238698056876866,-0.1809819563859549
-4.238802615815438,-0.17993114586549863
-4.238905422577549,-0.17888015205197338
-4.239009959249664,-0.17782933092862488
-4.239112390354587,-0.1767782274918581
-4.239214460537614,-0.17572717974452437
-4.239216143824698,-0.17570614191896541
-4.2392155642501415,-0.17570610675774448
-4.239317758496735,-0.17467605694947685
-4.239420464597655,-0.17362506026547567
-4.239520729089313,-0.1725738141909589
-4.239619250389516,-0.17152241696466744
-4.239617370161832,-0.17150130125240293
-4.2397174330459775,-0.1704710250215608
-4.239719581491856,-0.17045000367209936
-4.239719744598861,-0.1704499478339469
-4.239719548372561,-0.1704499605663367
-4.23981874111879,-0.16941991338722684
-4.239917449863468,-0.1683685310488774
-4.240017899557011,-0.16731730165050512
-4.240116613770021,-0.16626591450926476
-4.240217075774269,-0.16521469256109217
-4.240218093370277,-0.16519356223794526
-4.240315798932346,-0.1641630798511292
-4.24031784106846,-0.1641420467693478
-4.240317609575791,-0.1641420318204435
-4.240317399138937,-0.1641420276323139
-4.240317841057156,-0.1641420796806981
-4.240414671519143,-0.1631117896272321
-4.240415584397279,-0.16309063869125204
-4.240507374819764,-0.1620598699472128
-4.240597907116575,-0.16100772492837379
-4.240686037520991,-0.15995536891875015
-4.240772504593713,-0.15890290577065944
-4.240772223754903,-0.15890255132646158
-4.240771657318718,-0.15890253136892152
-4.240858205086257,-0.15785027566290857
-4.240859727489857,-0.1578292254306099
-4.240948801411351,-0.15677717573090943
-4.241038291205324,-0.15572499056224007
-4.241129907693816,-0.1546729029949955
-4.241131018588462,-0.15465181900270106
-4.241221789341348,-0.15362076306869465
-4.241222121030189,-0.15362048739838147
-4.241312075024896,-0.15258962216147254
-4.241401042387181,-0.15153731163190853
-4.241489995621235,-0.15048500525846745
-4.241490909529815,-0.15046391115994884
-4.241491242117172,-0.15046398158148802
-4.241579023630437,-0.14943291893777394
-4.241670105875856,-0.14838086350865037
-4.241758719947686,-0.1473285805071399
-4.241760154381664,-0.147307507236211
-4.241847418821393,-0.14627635551239118
-4.241934117661897,-0.14522392371376455
-4.242022618373525,-0.14417162013118068
-4.242108714175706,-0.14311911641647326
-4.2421082875728615,-0.14311876065487922
-4.242191566044968,-0.1420873259019416
-4.242278108336124,-0.14103488285838478
-4.242278662107278,-0.14101372190009448
-4.242278804060294,-0.14101375687782552
-4.24227861856273,-0.14101368668717484
-4.242278815234698,-0.1410137419965734
-4.242278341733685,-0.1410137275152484
-4.242364341963973,-0.13998229266011164
-4.242451829206602,-0.1389299098056292
-4.242452206239427,-0.13892961263538262
-4.24245216146648,-0.1389296449853593
-4.242452757149489,-0.13892972094022205
-4.242540403442503,-0.13789863067570796
-4.242626702028919,-0.1368461493419969
-4.242711257871557,-0.13579352861662286
-4.2427982996786895,-0.1347411088103128
-4.242887112478275,-0.13368883996923592
-4.242888746880506,-0.1336677733071186
-4.242977892957234,-0.13261572021197668
-4.242979577469152,-0.13259466564871536
-4.243069462332254,-0.13156374624716372
-4.2431588008987795,-0.13051153497992785
-4.2432506172796955,-0.12945952298768346
-4.243344202567537,-0.12840766989509478
-4.243345187183265,-0.1283865450801686
-4.243434141056734,-0.12733447631466416
-4.243523101485789,-0.1262821596162174
-4.243524019805786,-0.1262610536362365
-4.243524025345728,-0.12626100914628663
-4.2436104756784205,-0.1252087669956861
-4.243612126073503,-0.12518773317355125
-4.24369933874351,-0.1241566064877698
-4.243700017611334,-0.12413546786893331
-4.243785372166269,-0.12310398301420872
-4.243871555950171,-0.12205150126398298
-4.243871442694441,-0.12205116822656645
-4.243955529975844,-0.12099872025381092
-4.244039302128173,-0.1199460629696692
-4.244039038377439,-0.11994573978796089
-4.244038456621054,-0.11994574195516128
-4.244117986937707,-0.11889295036416558
-4.244118190279732,-0.11887182199697369
-4.244193880144675,-0.1178397938258216
-4.24426863602138,-0.11678645932935881
-4.244270026196767,-0.11676537889822411
-4.244347896715315,-0.1157334931072166
-4.244424262687163,-0.11468024576402427
-4.244498205828979,-0.11362681381903744
-4.24449901782848,-0.11360570352204602
-4.244572074721783,-0.11257344281003323
-4.244644301063209,-0.1115199191801574
-4.24464263519227,-0.11149873331619059
-4.2447159987450815,-0.11046636968035609
-4.244714670659799,-0.11044522006893231
-4.244714421080356,-0.1104452047539668
-4.244785746922864,-0.10941270473261391
-4.244786036386179,-0.10941239146214293
-4.244857346253755,-0.10838005576214535
-4.244857850077181,-0.10835889670081092
-4.244924016660314,-0.1073261950846254
-4.244923765636905,-0.10732585128181676
-4.244989684128322,-0.10629305149531106
-4.2450575380473135,-0.10523922969187922
-4.245127514814174,-0.10418546367487072
-4.2451970961134595,-0.103131766324988
-4.245198341729457,-0.10311067559657544
-4.24526690131255,-0.1020781317157583
-4.245334108283672,-0.10102419599739089
-4.24540134913974,-0.09997027019486453
-4.245468980921142,-0.0989164642259726
-4.245538402136653,-0.09786276443863345
-4.2456057268032135,-0.09680884998787911
-4.245606865760186,-0.09678777587852108
-4.245607066629486,-0.09678783370803809
-4.245678601614201,-0.09575552892198895
-4.2457531215649915,-0.09470216827557364
-4.24575444380817,-0.09468107579331479
-4.245829313876424,-0.09362791346706979
-4.245903875691359,-0.09257455295290029
-4.245976700574475,-0.091521073805491
-4.246051303448572,-0.09046771049909097
-4.246052490578941,-0.0904466198909121
-4.246126062656819,-0.08941441226498917
-4.246126312140652,-0.08939323558255077
-4.246197537722385,-0.08836074749004913
-4.2462698710713065,-0.0873072138714173
-4.24627100598794,-0.08728610452883681
-4.246271134891461,-0.08728612538024415
-4.246271303801818,-0.08728615722552185
-4.246347958104641,-0.08625419045949814
-4.246428414243615,-0.0852012379435104
-4.246430250988426,-0.08518015711715146
-4.246430519883549,-0.08518010258465689
-4.24651381636704,-0.08414865541249808
-4.246595996658984,-0.08309577442487687
-4.246677807043986,-0.08204294573668969
-4.246757884920866,-0.08098999216093028
-4.246756356407815,-0.0809688672629702
-4.2467560543590945,-0.0809688639365328
-4.246832054885215,-0.07993686109019682
-4.246906450763638,-0.07888347085921317
-4.246979123975511,-0.07782996727582592
-4.246977606731125,-0.0778088033138993
-4.246977208244431,-0.07780878448811726
-4.24704867178762,-0.07677630640753141
-4.247121560514885,-0.07572273536682697
-4.247194781495693,-0.07466927057098219
-4.247193723206675,-0.07464816346007422
-4.247193691159877,-0.07464818302333165
-4.2472641299331215,-0.07359472024966225
-4.247334160774198,-0.07254104994917085
-4.247401702643532,-0.0714872068316435
-4.247402655705254,-0.07146610209121385
-4.247470125610855,-0.07043350321112979
-4.247540874574612,-0.06937979612082784
-4.247611273981496,-0.06832614832220965
-4.247679209889066,-0.06727233333734661
-4.247678873884322,-0.06727200139221598
-4.247745874360108,-0.06623929877070778
-4.247744693032018,-0.06621816990180518
-4.247745057160122,-0.06621821613923973
-4.2478129556281905,-0.0651856468486979
-4.247883774141552,-0.06413202084773559
-4.247884263214238,-0.06411086272076875
-4.247884267857374,-0.06411079468553497
-4.247884254806215,-0.06411074705946605
-4.2479516320845665,-0.06307804874678555
-4.248020548654562,-0.06202422912789019
-4.248089437834391,-0.060970413981895726
-4.24815863840359,-0.059916706668320274
-4.248160295205516,-0.05989564175117433
-4.248233369338229,-0.058863423417176174
-4.248310118318311,-0.05781021936570004
-4.24831072449939,-0.05780995023339181
-4.248390026083282,-0.05677808580418495
-4.2483906617076785,-0.056777831522077674
-4.2483911706871265,-0.05677783772469269
-4.248391577671344,-0.056777845998766334
-4.248471038017964,-0.0557461376244364
-4.24854928041266,-0.05469298446265159
-4.248627136439686,-0.05363988106414829
-4.248703248282888,-0.05258665073843372
-4.248701824963513,-0.052565540821512366
-4.248777575717299,-0.05151245636205658
-4.248776214701762,-0.05149134197146826
-4.248849450290585,-0.05043807988369069
-4.248923028589911,-0.04938466711011077
-4.248999056608185,-0.04833141586648034
-4.248998082397322,-0.04831033521047136
-4.248998771114837,-0.04831040561096502
-4.249075025633844,-0.04727842253669161
-4.249076382390474,-0.04725733887841265
-4.249152305446514,-0.04622529275792781
-4.249227385266395,-0.045171958548383566
-4.249304600550386,-0.04411869239268592
-4.24930599146803,-0.04409761401016962
-4.249385015027433,-0.04306581937659181
-4.2493867497591715,-0.043044754521351106
-4.249387261832175,-0.04304480407103386
-4.249387737203739,-0.04304486047702213
-4.249475373855399,-0.04201374676301957
-4.249561626643785,-0.040961254110404445
-4.2495629159099195,-0.04094015043239646
-4.249562630427447,-0.040940051912653534
-4.249647692948905,-0.03990873193053736
-4.249731416695134,-0.038856040978824384
-4.24981310284183,-0.03780311567872319
-4.249814227914449,-0.03778203218605188
-4.2498969225869345,-0.036750511459529796
-4.249978284414338,-0.03569764027522907
-4.250057628023303,-0.03464454079813601
-4.250137428529133,-0.03359158137724041
-4.25021944746734,-0.032538702141357304
-4.250301868377591,-0.031485949950221526
-4.250386773389402,-0.030433385805314052
-4.250473437200002,-0.029380966456950493
-4.250557613362187,-0.028328336938044332
-4.250640003704314,-0.02727556917525919
-4.250724863149984,-0.02622299139768347
-4.250812187877453,-0.025170610076389495
-4.2509012392561765,-0.024118383666759814
-4.250987775494527,-0.023065940509718483
-4.251072155740577,-0.022013243662794453
-4.251156880017682,-0.02096067019863205
-4.251158601626642,-0.020939625047524432
-4.251247002444109,-0.019908595065080727
-4.25133939211973,-0.01885664747361456
-4.251338162019581,-0.01883559619149623
-4.251338585210395,-0.018835572208185256
-4.251338567612619,-0.01883561542717891
-4.251426333524896,-0.01780455473503987
-4.251427227227996,-0.0177834261698661
-4.251427551119146,-0.017783461822888563
-4.2515122959940586,-0.016752113678060253
-4.251595678066104,-0.015699389153636757
-4.251677348157934,-0.01464653931154012
-4.251761189755762,-0.013593780999049308
-4.2518447171592015,-0.01254108903797145
-4.251926165506885,-0.011488160548851024
-4.252007999723016,-0.010435360434257503
-4.252092336044199,-0.009382748821302127
-4.2521791441746695,-0.008330331065753635
-4.252268379633754,-0.007278111032572275
-4.25227050755283,-0.007257093130592487
-4.252363250321671,-0.006226416430402261
-4.252362107387774,-0.006205388174075302
-4.252455835873232,-0.00515373239183322
-4.252549815463232,-0.00410192182668722
-4.252646166492274,-0.0030503185862091053
-4.252744883507669,-0.0019989329847419565
-4.252845240885863,-0.0009477272359882105
-4.252847444730129,-0.0009267034913247249
-4.252848042746176,-0.0009267789402146245
-4.252848586335243,-0.000926857564985839
-4.2528490855907375,-0.0009269288036906492
-4.25295507232011,0.00010246829147623343
-4.252957400415038,0.00012347715330941061
-4.253068341180234,0.0011523741147376962
-4.253182905078921,0.002202151794069577
-4.253184522943644,0.0022232212416698413
-4.253292247313567,0.0032524457913548355
-4.253292154842008,0.003252788398307959
-4.25329236948743,0.003252739519321011
-4.253291913406652,0.0032527670436976186
-4.253396982553115,0.004282247318560889
-4.253501798886838,0.005333039688122196
-4.253503775450972,0.005354078287124284
-4.253613199374403,0.00640422526911779
-4.253615297001283,0.006425238170639256
-4.25372722006665,0.007475111601046924
-4.253729386451444,0.0074961115096260945
-4.253841565628811,0.008524851700073988
-4.253843529099544,0.00854587285050698
-4.253955515389506,0.009574653740817125
-4.254066754999364,0.01062479880076967
-4.254175604628806,0.01167520385580895
-4.254282796460304,0.012725749917590658
-4.254284602397743,0.012746789251098126
-4.254395118124355,0.013775702921206296
-4.254509505357135,0.014825499984823149
-4.254621466182628,0.015875570227801304
-4.2547309934236495,0.01692589692013452
-4.254838820506548,0.017976377125883916
-4.254949174116936,0.019026598670582137
-4.254949264410735,0.019026910350026488
-4.255059578950777,0.02005581340073806
-4.255169028430157,0.021106121194999248
-4.2552760454982606,0.022156694769636158
-4.255380667986628,0.02320751168520499
-4.255482924729744,0.024258562672752254
-4.255583532460618,0.02530974330452987
-4.255581293820912,0.025330901490322598
-4.25558102367295,0.02533098605516832
-4.255679573314904,0.02636108332839012
-4.255777046981517,0.02741257785673539
-4.255872835955081,0.02846421695044469
-4.255970463723162,0.029515704758978467
-4.256066413670047,0.0305673311930428
-4.256066323997271,0.03056765629310885
-4.256162558102512,0.03159796367630424
-4.256258361207864,0.032649589873906815
-4.256256474677446,0.03267070688138545
-4.256350108330514,0.033701270894849034
-4.256443218222143,0.034753154990833
-4.256538804489078,0.03580483088615615
-4.256636862451126,0.03685628114720291
-4.256737009142697,0.03790760483256485
-4.256739163637676,0.037928604688959665
-4.256840515149246,0.03895846372227338
-4.256945330628491,0.040009236538680715
-4.256947487309416,0.04003025924545547
-4.257051298328823,0.041059867165465946
-4.257053686548157,0.041080873448594665
-4.2570536008068025,0.04108087071639763
-4.257159450382927,0.04211026566693118
-4.257264278549253,0.04316106973298867
-4.257366647246086,0.044212126644186986
-4.2573681724757675,0.04423319989009497
-4.257469021409519,0.04526313857863201
-4.257469657834654,0.04528431835276686
-4.257565618003487,0.04631471821142074
-4.257660438808812,0.047366483194531205
-4.257753606495297,0.048418374224283314
-4.257848999633144,0.04947015147255919
-4.257944821778544,0.0505217873408835
-4.257942974526674,0.05054290191122414
-4.258038478119863,0.05159439065786865
-4.258134328341011,0.0526460190087359
-4.258231924799827,0.05369749201322883
-4.258233008978003,0.053718607305741115
-4.2582333320390955,0.053718553311623805
-4.258327494719361,0.05474907562753635
-4.258329551579186,0.05477010421801775
-4.258330043505085,0.054770051341029705
-4.258430639542927,0.05579997931954499
-4.258431692742437,0.05582110892746951
-4.258431949589899,0.055821083056855084
-4.258530512226737,0.05685121215599396
-4.25853070441124,0.05685152892977245
-4.258531185056447,0.056851463484432416
-4.258635751504312,0.05790209086982323
-4.258739973085347,0.05895293465540026
-4.258741825211345,0.05897397166022051
-4.258741342742391,0.05897400698515527
-4.258841743828703,0.060003946192483885
-4.258842629196753,0.06002509539482112
-4.25884272994571,0.06002507580787708
-4.258942229609935,0.061076202365351946
-4.2589439841549,0.061097248639994356
-4.2590440590881045,0.06212724287363612
-4.2591438350483655,0.06317852131208804
-4.259245391877141,0.06422964819816815
-4.259247079966884,0.06425070312865144
-4.259247170612219,0.06425067849888833
-4.259351449617855,0.06530133702213478
-4.259352548065983,0.06532244891318466
-4.25935246290906,0.0653225192368457
-4.2594532185848655,0.06635241339773837
-4.2594534059091345,0.06635270737752808
-4.259556821956328,0.06738234834452064
-4.259555130694211,0.06740338511174486
-4.259555444190568,0.06740341470300595
-4.25965893490102,0.06843304867474678
-4.259766682342858,0.06948354183277236
-4.259876102705474,0.07053385685966387
-4.2599836976498855,0.0715843725474116
-4.260093666646896,0.07263464322295705
-4.260206023519097,0.0736846621900349
-4.260206701729866,0.07368490591656013
-4.260319636881434,0.07471356195290264
-4.260436850697399,0.0757630348824832
-4.2604376261934345,0.07576326196115717
-4.260438560829111,0.0757631182959532
-4.260439353019579,0.07576299034141334
-4.26056120253824,0.07679063366507788
-4.260687535384758,0.07783905861490957
-4.2608158840345425,0.0788873158280777
-4.26081878861254,0.0789082322344141
-4.260819520299145,0.07890811881901409
-4.260819850633257,0.07890812623353036
-4.260819782793063,0.07890808876738686
-4.260819682980612,0.07890806480617613
-4.260820218549676,0.078907974783501
-4.260819992094039,0.0789079804739366
-4.260945524904108,0.07993516777526641
-4.26107048484607,0.08098376926813468
-4.261193008638136,0.08203266866862827
-4.261313845129486,0.08308173992588622
-4.2614372001784435,0.08413052040446349
-4.261439675131532,0.0841514873383059
-4.261565930926784,0.08517860739571695
-4.261566251222862,0.0851788927520753
-4.261694334039964,0.08620575358616087
-4.261696066156173,0.08622680998197589
-4.261695712109319,0.08622684325314678
-4.261821245696387,0.08725452153353178
-4.2619474907309085,0.08830296536856236
-4.2620754494608795,0.08935120015887364
-4.26220161780096,0.0903996548203651
-4.262330182952914,0.09144781756104656
-4.262461153147003,0.09249568232806926
-4.262459283357551,0.09251663230220572
-4.262592070359109,0.09354347186321273
-4.2627247412569105,0.09459110238721936
-4.26285557439043,0.09563898705691709
-4.262858540219042,0.09565991552503374
-4.2628585373592935,0.09565989768896477
-4.262858509714657,0.09565987691431865
-4.262859093706954,0.09565979097336978
-4.262989288705545,0.09668641267273469
-4.263119754435247,0.09773433977670323
-4.263251942669256,0.09878205942464527
-4.263382392831277,0.09982998937446372
-4.263514576647881,0.10087770045838368
-4.2636443176994785,0.10192571782101839
-4.26364405701419,0.10192607420660166
-4.263769214249329,0.10295330835912901
-4.263893889227953,0.10400192560775429
-4.264016884060188,0.1050507296186013
-4.2641424144095605,0.10609923930368467
-4.264268361880174,0.10712618654937114
-4.2643991240121935,0.1081740255673665
-4.264402106721324,0.10819491399121911
-4.264535460235664,0.10922111926696403
-4.264533317856767,0.10924205083995912
-4.264671194068926,0.11026826920020141
-4.264674456998456,0.11028915081069635
-4.2648127825591,0.11131472627440496
-4.264955380710803,0.11236105682984224
-4.265095447559598,0.11340774365610698
-4.265232997906806,0.11445476601324096
-4.265368787289202,0.11550200733650318
-4.265371513542716,0.11552295288778819
-4.265509108547904,0.11654862469676205
-4.265508947804558,0.11654897105392922
-4.2655084340089005,0.11654901244606172
-4.26564653168662,0.11757517620768157
-4.265785125794298,0.11862204866291375
-4.265925818965586,0.1196687232628936
-4.265928847975711,0.1196896144021607
-4.2660718692338,0.12073569591792158
-4.26607408362259,0.12075666475859803
-4.2662118299759415,0.12178228461408322
-4.26634960774541,0.12282933254814479
-4.2664877328416635,0.12387624784988972
-4.266627983088983,0.1249229621289972
-4.266767864854492,0.12596963482455842
-4.266905640074329,0.12701666829125347
-4.267043065139293,0.12806366238915312
-4.267045434726868,0.12808460222144746
-4.267180556771619,0.12911058180568
-4.267316130873305,0.13015782107889326
-4.2673133620638355,0.13017887040687415
-4.26745122044398,0.1312050809834459
-4.267588892275067,0.13225207043807397
-4.267724120377762,0.13329939198557267
-4.267856903350598,0.13434702787275035
-4.267987281002701,0.13539496642723078
-4.268115635268275,0.13644321880219876
-4.268116812999011,0.13646433503152322
-4.268116126802172,0.13646439435160343
-4.268115845107816,0.13646447460032918
-4.26811560504001,0.1364645402834312
-4.2682372108464275,0.1374921828516956
-4.268238384800973,0.13751329736541335
-4.268238086514121,0.13751338831415683
-4.268354709741961,0.13854161270218965
-4.268471351481805,0.13959113503734932
-4.2684735185375136,0.13961213078121076
-4.268592431774065,0.14064011722059538
-4.268593699611151,0.14066124164402813
-4.268712128059693,0.14168970979111395
-4.2688314486679175,0.14273896031505373
-4.26882937509236,0.14276001170109553
-4.268829602142038,0.14276005919363563
-4.268946126407921,0.1437882871388957
-4.2690626104918765,0.14483784527887808
-4.269181194416522,0.14588725429637606
-4.269299409053799,0.14693661144017323
-4.269415861759151,0.14798616365681563
-4.269534762472802,0.1490354463733594
-4.26965610989979,0.15008445323243638
-4.269779863078907,0.151133182089133
-4.269778202656073,0.15115414323841891
-4.269899077112272,0.1521818804711617
-4.270019811965323,0.15323095944461101
-4.270142235290555,0.15427984534013606
-4.2702628707265005,0.15532894127480928
-4.270385218783803,0.15637783353136853
-4.270386805058447,0.15639890038401852
-4.270506687079572,0.15742719687450993
-4.270509204653391,0.15744816983135884
-4.2705096959708335,0.15744810565666184
-4.270509487265201,0.15744811222732696
-4.270634619601741,0.15847583639972787
-4.270637384937844,0.15849679498405472
-4.270763589357018,0.15952393522898273
-4.270761552614539,0.15954492390197422
-4.270761954641797,0.1595449579972075
-4.270761913457823,0.15954493762292327
-4.270887595616434,0.16059325196619934
-4.2708902549533025,0.16061420076224897
-4.27089004325087,0.16061421117171
-4.271018268459087,0.1616415797524208
-4.271021115195147,0.1616625192410006
-4.271021028561222,0.16166252380295526
-4.271021612032733,0.16166244406459246
-4.271149839869341,0.1626893116916011
-4.271278304247887,0.16373748760664772
-4.271409202689032,0.16478537182081626
-4.27140956103644,0.1647856608883588
-4.271539864786659,0.16581224481073897
-4.2716703923991854,0.166860145289705
-4.271802633593145,0.16790784008806203
-4.271933122768235,0.16895575305011096
-4.2719307991825035,0.168976769743124
-4.271930960561601,0.1689768121938008
-4.272059287902374,0.1700036597878401
-4.272059639653088,0.1700039290976863
-4.2721905452418705,0.1710304568600356
-4.272188399566913,0.17105141031703391
-4.2723211848049845,0.17209884744499493
-4.272454254118638,0.1731464265834149
-4.272457279646355,0.17316732512234034
-4.272592050043403,0.17419334574052225
-4.272727140712336,0.1752406704458847
-4.272724821255313,0.1752616622102361
-4.272859443652599,0.17630886939977872
-4.272994380127229,0.17735621058457288
-4.2731310183783,0.17840332873492643
-4.273265872120568,0.17945068441650391
-4.273402428742563,0.18049781493091702
-4.2735372128251905,0.1815451779119002
-4.27367371710513,0.18259231595994338
-4.2738084567068135,0.18363968344238607
-4.2739456212270115,0.18468673949164305
-4.27394858973848,0.18470763715170466
-4.273949184787084,0.18470753818604294
-4.274091062052647,0.1857326193587415
-4.274237595841488,0.18677848779982315
-4.274384403344432,0.18782423666366999
-4.274387690692425,0.18784508998860194
-4.274388080705006,0.1878450914359403
-4.274388407970768,0.18784508261282398
-4.274388993509177,0.1878449507471028
-4.274388834068357,0.18784493038191036
-4.274389023571817,0.18784495020926528
-4.274539956927893,0.18888990309403741
-4.274690901023409,0.1899351175873395
-4.274842168522876,0.19098020034803787
-4.2748453739974135,0.19100103338761643
-4.274845243229555,0.19100101412662654
-4.2748454539899265,0.19100102385613377
-4.274995854686759,0.19202484745634235
-4.275144471343084,0.19304876396007908
-4.275298371993132,0.19409345445685294
-4.275453946363458,0.19513790555641322
-4.27560703279376,0.19618273518460733
-4.275758358184611,0.1972278225753281
-4.27591211798522,0.19827256115222028
-4.275915448913573,0.19829339456799558
-4.276071361963433,0.1993164332769623
-4.2762326442551775,0.20036004882601183
-4.276396295517223,0.2014033078126399
-4.276561580335249,0.20244628557943573
-4.276724678370649,0.20348969563116534
-4.276888025175446,0.20453297603952686
-4.277053053861845,0.2055759833629649
-4.277056414291902,0.2055968155508348
-4.277056152777272,0.2055968289209611
-4.2770562545482225,0.20559686229056265
-4.277056642045848,0.20559676019000228
-4.277218586540482,0.20661885529784582
-4.277380795068747,0.20766232966950424
-4.277540589352695,0.20870618954834474
-4.277542443548331,0.2087272665591987
-4.277541706538778,0.2087273704573287
-4.2776919371816735,0.20975126383243137
-4.277842877572461,0.21079642019299488
-4.277996330033326,0.2118412246256281
-4.2781522789514375,0.21288566094129466
-4.278310671300984,0.213929730111932
-4.278471464272716,0.21497343246972647
-4.278634623369898,0.21601676748715537
-4.278638383499545,0.2160375346350241
-4.2786392339825525,0.21603738704163428
-4.278639978219536,0.21603724575183633
-4.278640637210674,0.21603711964716688
-4.278812066299687,0.2170577171983597
-4.278812571564342,0.21705796553416004
-4.278812609387169,0.21705792673683216
-4.278984291219492,0.2180784781321048
-4.279160766462208,0.21911962816630398
-4.279163662609679,0.21914053090106064
-4.279332064009685,0.2201615989816247
-4.279331994383381,0.22016194110691656
-4.279497700352073,0.22118344215749902
-4.279663760296178,0.22222631370580687
-4.279666549038736,0.22224722114073325
-4.279665797273735,0.2222473392024018
-4.279665509111918,0.22224744594881624
-4.279665264050752,0.2222475333778869
-4.279665392343117,0.22224746733425216
-4.279829615580461,0.22326917960117632
-4.279999503186287,0.22431142740417795
-4.28017111085615,0.22535339776865088
-4.280337113638233,0.22637464742439267
-4.280504037855375,0.2274171021968128
-4.280670613561133,0.22845983157798877
-4.280673697997682,0.2284806542074422
-4.280838155530705,0.229502316158787
-4.281007932592843,0.23054463675892636
-4.2811773352719324,0.23158693887980164
-4.281345013731165,0.2326295215246171
-4.281515126014005,0.2336717178164197
-4.281686962731612,0.2347136292416236
-4.281689620510996,0.23473455461175416
-4.281853534392657,0.23575633146612318
-4.2818565883051525,0.23577719037517533
-4.282021020045306,0.23679888899206045
-4.282190422878199,0.23784122191421628
-4.282358108538944,0.2388838370146581
-4.282528226460156,0.2399260588536067
-4.28270007748462,0.24096798841324477
-4.282869464764399,0.24201032444939496
-4.282871848449405,0.24203131289531382
-4.282871379498104,0.242031374333959
-4.2830315563223875,0.24305375474958113
-4.283196541922837,0.24409679644297927
-4.2833594539076,0.24514024787399205
-4.283362589472148,0.24516110125823976
-4.283524683221603,0.24618318975211503
-4.283687747213972,0.24722651837051968
-4.283853276152369,0.2482694733216104
-4.2838560301214095,0.24829039219322024
-4.284017912624221,0.24931249614094309
-4.284179979614099,0.250355997636092
-4.284179733192465,0.25035636662788374
-4.284179147902023,0.2503564276539738
-4.2843346321132785,0.25137951771616784
-4.284337871536336,0.2514003645241312
-4.284337931274148,0.2514004241313072
-4.284497721142916,0.252422845952488
-4.284658412423801,0.25346654576888566
-4.28482154852086,0.2545098805525355
-4.284987126240735,0.2555528325265439
-4.284990064027051,0.25557370531903095
-4.284990109256926,0.2555736776036165
-4.285149672033681,0.2565961303056592
-4.285152097018901,0.2566171135370986
-4.285308954934286,0.2576402856645902
-4.285469201813831,0.25868415025538233
-4.285471804710304,0.2587050934230631
-4.2854723069140865,0.258705004815378
-4.2856321553340235,0.2597486513492709
-4.285791671901468,0.2607925319328735
-4.285948739788069,0.26183679360001305
-4.285951489429976,0.2618577029824014
-4.285951204395415,0.261857805491105
-4.2861087425096445,0.2629017848838989
-4.286266705398244,0.2639458815002047
-4.286426432176224,0.2649897235527992
-4.286429418541877,0.26501059202254673
-4.286587108951021,0.266033340338644
-4.286749988783826,0.2670767784141663
-4.2869131986156646,0.268120083099949
-4.286916744099569,0.2681408819329444
-4.2870810855981825,0.2691625964039998
-4.287246396380888,0.27020557404364726
-4.28724911163632,0.27022649089985346
-4.287410738208163,0.271248640795607
-4.287413851848919,0.27126950589852217
-4.287414054975455,0.2712694642704289
-4.287577585163976,0.2722913313710619
-4.287741441146973,0.27333456790977984
-4.287902903714188,0.27437818659389257
-4.288062005232598,0.2754221649018351
-4.288219465051442,0.2764663593870631
-4.288379473738606,0.2775101703893518
-4.288379459331687,0.27751049819658774
-4.288539267829359,0.2785329358648023
-4.288542702371584,0.27855373842889725
-4.288707507234155,0.2795753972998771
-4.2888779015618645,0.28061757039962804
-4.288881778351099,0.28063832941199646
-4.289053085044526,0.28165891138096516
-4.2892254740966225,0.2827007574270125
-4.28939954457419,0.2837423267652304
-4.289402251870304,0.28376326396655943
-4.28956919959693,0.28478459100150844
-4.289569486292002,0.2847848733564884
-4.289738171972231,0.28580587404880187
-4.289907907742061,0.2868481430562906
-4.2900800615269805,0.287890028939949
-4.290083755883543,0.28791080213776454
-4.2900843356246705,0.2879106917804466
-4.290084550562441,0.28791071443427785
-4.2902606512385715,0.2889304881134065
-4.290441728755926,0.289970843865728
-4.290621039576307,0.2910115220757498
-4.290802730913509,0.29205178824061045
-4.290986810336631,0.2930916352962395
-4.29117324440713,0.2941310631316024
-4.291362006018208,0.295170070884479
-4.291552378135021,0.2962087585447044
-4.291555738613894,0.2962295444200585
-4.291737687782391,0.297248288206972
-4.291740592283987,0.2972691780283762
-4.291918270404564,0.29828870582420164
-4.2919185513281795,0.2982889875128359
-4.292098754465915,0.2993080483539919
-4.292284430705234,0.3003476768922696
-4.292470045418062,0.30138730818795534
-4.292470351973106,0.30138755215058355
-4.2926529460753065,0.3024061476050216
-4.292841421874173,0.3034451711608654
-4.292845674876336,0.3034658314206281
-4.292846412246858,0.3034656706395794
-4.293038346355736,0.30448258113242843
-4.293236320858943,0.3055198667450125
-4.293436302105081,0.3065568452855262
-4.29363580686479,0.3075938121452583
-4.293832794222133,0.3086312689568249
-4.2940273027182485,0.3096692000961107
-4.294219382858939,0.3107075883168543
-4.294222737735067,0.3107283955714773
-4.294415250067842,0.31176651116165927
-4.294418797569624,0.31178727880714224
-4.294418211790278,0.31178736896483794
-4.294611180715246,0.31282539315985414
-4.294804552039795,0.31386352398306244
-4.295000371872896,0.3149012072636833
-4.295004585135522,0.3149218708193816
-4.295201638921554,0.31593780507438324
-4.295404937068691,0.3169740589031411
-4.29561025978734,0.31800999224403664
-4.295815121237235,0.319045914951596
-4.296017478336803,0.32008233825666205
-4.296020639487659,0.3201031851543765
-4.296214479086753,0.3211197372949265
-4.2964099288951205,0.32215748451883985
-4.296607506367577,0.3231949216556094
-4.296607537781995,0.32319522537548007
-4.296805089715117,0.32423236473164846
-4.297002332682077,0.3252697495654824
-4.297197164490693,0.32630760569349443
-4.297200613008521,0.3263283745618733
-4.297200273805987,0.32632848361062083
-4.297200017124139,0.3263285602513313
-4.297199811793043,0.32632862133656065
-4.297391349317537,0.3273455682847796
-4.297584515668256,0.32838372001752036
-4.297587527291703,0.32840459133900035
-4.297777378073362,0.3294219038465347
-4.29778143813587,0.3294425901210064
-4.297979392288544,0.33047969040950614
-4.2981773828834235,0.33151703592797055
-4.298375346817975,0.33255437544784927
-4.298572926495457,0.33359169893881824
-4.298768768228355,0.33462935390266485
-4.298967035117365,0.3356665574995118
-4.299167724533048,0.3367033027241866
-4.29937010381813,0.33773971102026784
-4.299374253085881,0.3377603764011492
-4.299572825700029,0.33877601451845235
-4.299575946721939,0.3387968755951838
-4.299575855775977,0.33879695748569594
-4.299769409464396,0.33981354893636484
-4.299964611910916,0.3408513422654908
-4.3001622707378235,0.3418886862060969
-4.300162504736916,0.3418889658803743
-4.300162666058215,0.34188897423852505
-4.3003592426835855,0.3429049910844482
-4.300362833482829,0.3429257368587422
-4.300363460806234,0.3429255985544563
-4.30036398466582,0.3429254710282143
-4.300363797998035,0.342925483344815
-4.300565730267189,0.3439618129615911
-4.300768007024642,0.3449982614694909
-4.300771570321463,0.3450190235503038
-4.300771507889451,0.34501901685138725
-4.300771390802688,0.3450190146864043
-4.300771904736159,0.3450189009865251
-4.300772342083829,0.34501880276056107
-4.300772437676356,0.3450188508503484
-4.300772176051994,0.34501887675703435
-4.300968476620085,0.34603497555643264
-4.301170198616699,0.34707153911440997
-4.301170294178671,0.3470718558063747
-4.301366671451485,0.3480879077655022
-4.3015689692739185,0.3491244261266637
-4.301572432606657,0.3491452049405138
-4.301572946379127,0.34914508291689517
-4.301774828337796,0.35018141021920646
-4.3019770910866555,0.3512178503136012
-4.302181044407966,0.35225396106537316
-4.302383247137874,0.3532904197194708
-4.30258783469398,0.3543264140335713
-4.30258828785018,0.3543266406344833
-4.302794819503441,0.35536203472112804
-4.303001335553289,0.3563976951281077
-4.303208129772548,0.35743321710347814
-4.303417295025362,0.35846827339382104
-4.30342187241691,0.3584888259353653
-4.303422591552075,0.35848864558957405
-4.303634824116334,0.3595015303337644
-4.30385275957121,0.3605347839530424
-4.304068910988698,0.3615684352073023
-4.304286712117439,0.3626017304571149
-4.304502055865032,0.36363554527067987
-4.304506171894303,0.3636562199846392
-4.304718274349423,0.3646691068181539
-4.304722749115633,0.36468971792291693
-4.304939146494505,0.36570173537934847
-4.305157316178493,0.36673504387796413
-4.305375132323824,0.3677683432979394
-4.305590566266167,0.3688021450320865
-4.305803631569473,0.36983643957334483
-4.306015041300257,0.37087104901243945
-4.306228274825179,0.37190530432296315
-4.306232082402848,0.371926014074009
-4.306442277108834,0.3729393033027226
-4.306442293925233,0.3729396238618495
-4.30665449448618,0.3739524909656571
-4.306868369716733,0.37498668087652537
-4.307082605409635,0.3760207052163922
-4.307298602980841,0.37705437187859736
-4.3075122073694105,0.3780885415437025
-4.307723414377048,0.3791232080924971
-4.307932610014687,0.3801583535136068
-4.307932261096024,0.38015872500696773
-4.307932245620885,0.3801586576482917
-4.307931972420595,0.38015874101796493
-4.3081401560012536,0.3811724099498525
-4.30835489440913,0.3822063256705879
-4.308358713455363,0.38222703534172714
-4.3083592903987125,0.3822268954279557
-4.3083591120580635,0.3822269009785834
-4.308569075796165,0.3832402273611261
-4.308780974046568,0.3842747559840499
-4.3089945796975035,0.3853089443426261
-4.309206134766155,0.38634362622740487
-4.30920951502985,0.38636444394664965
-4.30941445251806,0.38737880876940367
-4.3096212473276285,0.38841435443812483
-4.309830491160205,0.3894494232289499
-4.3098348112134035,0.3894700459920303
-4.310045095668293,0.39048335053115735
-4.310261861596539,0.3915168752432735
-4.310480293689455,0.39255004267579197
-4.310696239937079,0.39358373633409643
-4.3107004625008285,0.3936043942131538
-4.310700403251321,0.39360447270982835
-4.310700681279895,0.3936043749283442
-4.310700948406859,0.3936042857388279
-4.310700562536318,0.3936043460013996
-4.310915553932058,0.39461665764306175
-4.311136754200031,0.3956493209266782
-4.311140602403464,0.3956700376318318
-4.3113557503908,0.3966823301246252
-4.311577411286354,0.3977148145944244
-4.311800732382953,0.39874693565013875
-4.312021572734262,0.3997795944111803
-4.3120258889570735,0.3998002299098994
-4.312026126867783,0.3998001616611119
-4.31202638011179,0.3998000824320481
-4.312248230965665,0.4008108953394948
-4.312476153795494,0.4018420181180545
-4.312701661686543,0.40287368363704196
-4.312701487717696,0.4028740576877433
-4.312701597488126,0.4028739946098222
-4.312922746321628,0.40388496788465866
-4.31314583566269,0.40491721605576614
-4.313149995269613,0.40493786170941837
-4.313149397753164,0.404937975850127
-4.313149233850479,0.40493806368745927
-4.313148740777559,0.404938135813668
-4.313148300942869,0.4049382021229106
-4.313148230660346,0.40493827166168034
-4.313363023385413,0.4059505954796977
-4.313579895763026,0.4069840779741174
-4.313798505740315,0.40801721423494025
-4.314015438610191,0.4090506946255522
-4.31401981793121,0.4090713093562289
-4.314236831318564,0.41008317895706053
-4.314240268932441,0.41010400518279605
-4.314452326799411,0.4111169302291474
-4.31466641819863,0.41215100562552465
-4.314882643068129,0.41318472827103
-4.315099232270094,0.41421827534974426
-4.315317552659295,0.41525145910624306
-4.3153175466323255,0.41525178010857844
-4.315317142052349,0.4152518201350015
-4.315527704033791,0.41626503507405116
-4.315744080414563,0.41729862128986067
-4.315958733735843,0.41833257872610335
-4.316175090001295,0.4193661804479356
-4.316389028807582,0.4204002889403551
-4.3166005509688725,0.4214348974063354
-4.3168103795923445,0.42246983291829393
-4.317022685667067,0.4235042683363778
-4.317237454916974,0.4245381996633061
-4.317453950601179,0.4255717651133626
-4.317458271272179,0.42559238935599775
-4.317671469757904,0.42660506005905086
-4.3178909745820855,0.4276380761972117
-4.318110086392741,0.4286710858850524
-4.318327436409012,0.4297044701697399
-4.3185464943369105,0.4307374945490285
-4.318763818181211,0.43177088536072317
-4.318983541159301,0.43280377295524963
-4.319205342366045,0.43383629299028437
-4.3192093022956675,0.4338569631142957
-4.319425010625033,0.4348691280451443
-4.31964651478284,0.43590161928701315
-4.319651026977169,0.43592221075719345
-4.319869101234544,0.4369338434729916
-4.320093888795026,0.43796564960468265
-4.320098121133506,0.43798627727027356
-4.3203179408101615,0.4389975311440913
-4.320539834818409,0.44002996657762683
-4.3207640958243685,0.44106190105334797
-4.320768940339918,0.4410824248204891
-4.3209975548817585,0.4421132051764396
-4.3212258105551635,0.4431442343032003
-4.321230351431934,0.44316481740161995
-4.321229997826914,0.4431648779649639
-4.321451834741434,0.44417569246433924
-4.32145609322752,0.4441963307982207
-4.321678451521424,0.4452070346230229
-4.321907346863815,0.4462380226388252
-4.321911236982005,0.4462587351104809
-4.322137635388222,0.44728999803765856
-4.322142203101652,0.44731056147989223
-4.322141881359543,0.4473106118999034
-4.322141597698043,0.4473106472771316
-4.3223623008675505,0.44832171862524667
-4.322589028757074,0.4493530999495123
-4.322589105426223,0.44935341987281063
-4.322589105946975,0.44935346785868946
-4.322809251006384,0.45036463755145906
-4.322809085436244,0.4503649853396181
-4.322808546378473,0.4503650633778867
-4.323024737981191,0.4513770832735215
-4.323246899072648,0.4524094460964946
-4.323467362362164,0.4534421811690876
-4.32368990325623,0.4544745480185737
-4.32369363763917,0.4544952688190126
-4.323910062503771,0.45550726296835065
-4.324132414251415,0.4565395795014193
-4.324136855946151,0.45656017965504797
-4.324136866954874,0.45656024000605694
-4.324136545055446,0.4565602718880289
-4.324353375759154,0.45757216729916034
-4.324576861262384,0.4586042552540782
-4.324802728094158,0.4596358372905478
-4.324807811921781,0.4596563235253777
-4.324808559819329,0.4596561488745866
-4.3250370065277135,0.4606655074933149
-4.3250375873459825,0.4606657088010422
-4.325268536671321,0.4616745054125745
-4.32526916792409,0.46167468419961893
-4.325501728913896,0.4626830683855857
-4.325506575563759,0.4627035754032705
-4.325506672814092,0.46270361730023524
-4.325506416673597,0.46270363852473817
-4.325737241765615,0.46371244312938537
-4.325974266101991,0.46474149963150657
-4.326209564070186,0.465770965405442
-4.326446533977645,0.46680004302492883
-4.326446588040227,0.4668003591549001
-4.326676742192829,0.4678093071099352
-4.326680401964188,0.467830073767611
-4.326680535408015,0.4678300204697418
-4.3269125244227205,0.46886003333821386
-4.327144257125473,0.469890294721899
-4.327373976565817,0.47092108387967263
-4.3276040689180935,0.47195169009620536
-4.32760869040856,0.4719722299466959
-4.327608690282427,0.47197227937305336
-4.3278433145165165,0.4730016698225337
-4.328078327479718,0.47403116024105474
-4.328083230116267,0.47405163166640996
-4.3280837064800535,0.4740514901801606
-4.328084150027988,0.47405135041011165
-4.328083906987348,0.47405137801236796
-4.328321554364022,0.4750586318095961
-4.328566150294433,0.4760859296018779
-4.328571472465735,0.47610633088853743
-4.3288162304695925,0.4771118886765622
-4.329067424097515,0.4781375824004653
-4.329071909280026,0.4781581694214345
-4.329313544178337,0.4791644595740697
-4.32931761192956,0.4791851551924697
-4.329554213324801,0.48019265033579883
-4.329792659029247,0.48122140643823397
-4.330029100167681,0.48225069826373895
-4.330033456999109,0.48227129919186845
-4.3302683882637965,0.4832791507121187
-4.330268444518412,0.48327946501563807
-4.330268114154112,0.48327951006627273
-4.3305076429110505,0.4843077887792892
-4.3307468460836915,0.48533633252969155
-4.330983655420757,0.48636544125315195
-4.331218776005121,0.48739492287387953
-4.331223400182546,0.4874154648063833
-4.331463053475646,0.48844372169538874
-4.331467788234377,0.4884642306105413
-4.331705832702497,0.48947135115401436
-4.3319507052749415,0.49049864443221536
-4.331954986498587,0.4905192493049948
-4.332193282869398,0.49152633260324363
-4.3324386211048225,0.4925534409088523
-4.332686311362425,0.4935799977340385
-4.332935625487956,0.49460614129017755
-4.333183137246276,0.49563273518253753
-4.333432639962344,0.49665891828140085
-4.333437959333273,0.4966793054368256
-4.333438528071631,0.49667913621786197
-4.333688129182058,0.49768346347506376
-4.3339449985919005,0.49870775224479225
-4.333950638519242,0.49872806705513856
-4.334206569636191,0.49973109546354294
-4.334465050825826,0.5007550603034351
-4.334723123855565,0.5017790402715578
-4.3347230688256415,0.5017793767247924
-4.334979035567064,0.5028036720372026
-4.335234726362839,0.5038282256383412
-4.335488735285836,0.5048531968554187
-4.335744485073624,0.5058777493957946
-4.3359978767097775,0.506902894456779
-4.336001785401648,0.5069236213628
-4.336001157095022,0.5069237532474212
-4.336001234064054,0.5069236942162831
-4.336001321518214,0.5069236394921003
-4.336248339323424,0.5079285973161647
-4.336248505543488,0.5079288903573379
-4.336497417364637,0.5089333850247214
-4.336748433069632,0.5099591262685075
-4.336997070152234,0.5109854598133806
-4.337243718737952,0.5120123376574389
-4.337247473657501,0.5120330910108314
-4.337247180052492,0.5120332130983292
-4.337246927524716,0.512033306914029
-4.337491346973717,0.5130604107390639
-4.337495294164611,0.5130810936916924
-4.337737371941973,0.514108765904352
-4.337979148642252,0.515136693696289
-4.337982897734751,0.5151574412315243
-4.338215518690334,0.5161658306015394
-4.33845026718431,0.5171954789260501
-4.338684719885053,0.5182251197550919
-4.338688890476068,0.5182457363110927
-4.3386887831245815,0.5182457225453161
-4.338921255117818,0.519254153971012
-4.339155588611646,0.5202838409656373
-4.339388287946194,0.5213138823153944
-4.339623486507814,0.5223433605439469
-4.339860475713468,0.5233724357957316
-4.340095092569117,0.5244020565703613
-4.340327330605206,0.5254322181970822
-4.340557902480405,0.5264627308750567
-4.340790278690165,0.5274928560913762
-4.341020321045902,0.5285235069764647
-4.341024373935501,0.5285441591750331
-4.3412510207656885,0.5295539021160977
-4.341484350860333,0.5305838841157353
-4.341718045524661,0.531613694346923
-4.341718260898231,0.5316139629903317
-4.341949280535978,0.53262268902126
-4.34195382508709,0.5326432340975394
-4.34218533880324,0.5336518739274092
-4.342423193248765,0.5346807384077421
-4.3424278387420685,0.5347012885405691
-4.342428060735756,0.5347012203769956
-4.342664411222334,0.5357087367177417
-4.34290718728531,0.5367364629837346
-4.343148252414889,0.5377645988457973
-4.343391009398545,0.5387923337019731
-4.343632049276328,0.5398204675182083
-4.343636289874538,0.5398411024963915
-4.343636756684528,0.5398409804867418
-4.343875461465893,0.5408479634022705
-4.343875836010487,0.5408482085133645
-4.343876413398879,0.5408480453501007
-4.344118964295759,0.5418540953990031
-4.344363479756173,0.5428814081756587
-4.34436808001534,0.5429019702266803
-4.344608820900434,0.5439084587505209
-4.344613814175767,0.5439289366017114
-4.344858841063624,0.5449344222360807
-4.345105917118958,0.5459611359437367
-4.34535061721303,0.5469884277953988
-4.345350186917531,0.5469888693445403
-4.345588825710914,0.5479958359544556
-4.34559362314386,0.5480163385465008
-4.345841560194938,0.5490426393333774
-4.346089919673153,0.550069011678353
-4.346339992624274,0.5510949746263248
-4.346588352918907,0.5521213524362533
-4.346593494585678,0.5521417830597822
-4.346593614470352,0.5521418131395767
-4.3465933799312495,0.5521418278281031
-4.346839728651644,0.5531469618815366
-4.34709260296735,0.5541722356561293
-4.34734305784285,0.5551981186956135
-4.3473470684995235,0.5552188157652561
-4.347588146992305,0.5562252475725766
-4.347831493437984,0.5572529133955946
-4.348075217212733,0.5582803949585495
-4.348079319497897,0.5583010600962489
-4.348318674170479,0.5593079066940775
-4.348565099316478,0.5603347569129948
-4.348813576548991,0.5613611957603005
-4.349061626323887,0.5623876371290033
-4.349066604582223,0.5624080978113216
-4.349314883656755,0.5634343034665273
-4.3493191282650105,0.5634549215555748
-4.349560900838117,0.5644611759160596
-4.349565313154333,0.564481746687026
-4.3498072796297835,0.5654879793733301
-4.350056320078826,0.566514207867983
-4.350307697667838,0.5675398768739707
-4.35056137814519,0.568564977077351
-4.350567127683337,0.5685852708099624
-4.350568016416941,0.5685850402713307
-4.350827948001104,0.5696083629771157
-4.3510874994486946,0.5706319596002166
-4.3510876767857924,0.5706322405999245
-4.351088056707772,0.5706320992495715
-4.351343206609649,0.5716350270991588
-4.351348663538111,0.5716553664845514
-4.351607926318531,0.5726574729954836
-4.351869503644187,0.573680573807483
-4.352129373785112,0.5747041086758482
-4.352391656259583,0.5757270299177702
-4.352396417193584,0.575747541488884
-4.352653068906345,0.5767500977115612
-4.352911942829058,0.5777738879238897
-4.353168426842913,0.5787982912419759
-4.353422559378856,0.5798232797796148
-4.353674722196605,0.5808488195362957
-4.353926979705316,0.5818743182110613
-4.353930893124208,0.5818950313978349
-4.3539309289987065,0.5818949751586554
-4.354178803193129,0.5828997097417259
-4.35418393292644,0.5829201267695117
-4.354436103222318,0.5839238257994331
-4.354690481420404,0.5849487427147867
-4.3549424898152225,0.585974256529746
-4.354946243809014,0.5859950451443192
-4.355189691969808,0.5870008945820413
-4.355189652789477,0.5870012374465048
-4.355189244525475,0.5870013087878119
-4.355437473320201,0.5880275252609576
-4.35568608696071,0.5890538320595481
-4.355936778264896,0.5900797198660913
-4.355941175712805,0.5901003000958714
-4.35618519117987,0.5911060167530457
-4.356190516346181,0.5911263953752517
-4.356438612337181,0.5921310973490016
-4.356689470308443,0.5931568716154805
-4.356942007131371,0.5941822420201823
-4.356946253502892,0.5942028948800806
-4.3569465489361665,0.5942028084499157
-4.356946806432809,0.5942027222239051
-4.357194134825524,0.5952076287363354
-4.357193964249394,0.5952080081965755
-4.357438749637313,0.5962135323191782
-4.357685612937202,0.597240285708832
-4.357930832586431,0.5982674200663526
-4.3579355143258764,0.5982879476067711
-4.3579349867770745,0.5982880684884008
-4.358178525452936,0.5992939035107532
-4.3584285555892475,0.6003198889011736
-4.358676199385882,0.601346464888642
-4.358680832323264,0.601367011688382
-4.3589288381383335,0.6023933000496007
-4.359177299108478,0.603419648105547
-4.359427503711642,0.6044455828767951
-4.359427426728112,0.6044459259200956
-4.359427299461762,0.6044459934482523
-4.359671259028232,0.6054516724972357
-4.359922157762484,0.6064774962093711
-4.3601726818137925,0.6075033270230442
-4.360421480282758,0.6085295805851156
-4.360671983923162,0.609555425204914
-4.360920098229209,0.610581857508343
-4.361166501296743,0.6116086929579666
-4.3614153363677755,0.6126349484941443
-4.361415584358532,0.6126352048035157
-4.361662216556361,0.6136402591374432
-4.3616676240264445,0.6136606125702782
-4.361919118971446,0.6146644794805735
-4.362177962207911,0.615688270935298
-4.362183737679931,0.6157085590166584
-4.362442346916328,0.616710637050215
-4.362708067911826,0.6177327464957887
-4.362708645287023,0.6177329194707157
-4.362968349399041,0.6187344637417085
-4.36322569095042,0.6197367690067392
-4.3634860697257025,0.620760120634773
-4.363748522601216,0.6217830438906515
-4.363748613250914,0.6217833111801081
-4.363748944682606,0.6217831563187954
-4.36401350505384,0.6228052502106657
-4.3642777776522905,0.6238276133617792
-4.364540366645821,0.624850416460551
-4.36480503410137,0.6258727708170562
-4.364805145990571,0.6258730340762209
-4.365064458938785,0.6268748565188618
-4.365326113019653,0.6278978990593729
-4.3655860885801046,0.6289213721501652
-4.365591191937374,0.6289417751598934
-4.365855670248976,0.6299639194604107
-4.365855685828106,0.6299642198036182
-4.365855949466512,0.6299640922140672
-4.365856203259485,0.6299639732258113
-4.366120561923271,0.6309645233716994
-4.366391821508411,0.631985082600651
-4.366396465320517,0.6320056346224037
-4.366658736939979,0.6330067747742107
-4.366927811421331,0.6340279235731198
-4.367194494365121,0.6350497130696019
-4.367458782792562,0.6360721256079896
-4.3677207164320375,0.6370951441780472
-4.367725390626904,0.6371156165856084
-4.367982574337861,0.6381180753127501
-4.367986448429988,0.6381388339110943
-4.368238897747946,0.6391424926208775
-4.368242666369051,0.6391632914000249
-4.368490311687336,0.6401681429185997
-4.368489767368405,0.6401686181540368
-4.3687357154817565,0.6411738416499686
-4.368740592286486,0.6411943215037023
-4.3689909073614235,0.6421984957737495
-4.369243428729062,0.6432238807866387
-4.369247219480489,0.643244668887367
-4.369491162355937,0.6442504077110245
-4.369742397244243,0.6452760984929914
-4.369995375443395,0.6463013692782809
-4.370245958273534,0.6473272285835838
-4.370249903086454,0.6473479617780875
-4.370491854234683,0.6483541803600036
-4.370741020703024,0.6493803737689732
-4.37074551388553,0.6494009556698431
-4.370990110703071,0.6504065686646182
-4.371241138411087,0.6514323057640521
-4.371489723448499,0.6524586506179367
-4.371735870976741,0.6534855835235415
-4.371980308251022,0.6545129094713641
-4.372226861100709,0.6555398120957496
-4.372473437159294,0.6565666915864625
-4.372720016743443,0.6575935560868135
-4.372724917207785,0.6576140044503386
-4.372973861358963,0.6586400271293297
-4.37297391584548,0.6586403048534987
-4.373217918139266,0.6596459661181802
-4.373221884965534,0.6596666512286049
-4.3732213764016405,0.6596667419787907
-4.373463143565249,0.6606944898083881
-4.373704619208974,0.6617224984217591
-4.373944418891598,0.6627508957267988
-4.3739483915262305,0.662771578003112
-4.373948704762936,0.6627714781885772
-4.374190331457061,0.6637992664072603
-4.37443237181234,0.6648271434608707
-4.374432628889671,0.6648274000257514
-4.374432454837426,0.6648273911693056
-4.374669451051835,0.665834730669817
-4.374908623107,0.6668633612995336
-4.375147800159806,0.6678919843110493
-4.3753873247501565,0.6689204324658209
-4.375628941633026,0.669948477164833
-4.37563387440525,0.6699689232672623
-4.375873725238077,0.6709756072434845
-4.375878933197736,0.670996008991511
-4.375878833791407,0.6709960040782664
-4.375879069218492,0.6709959983926591
-4.3758792432357305,0.6709959970365171
-4.376120992221523,0.672002211809734
-4.376364683729047,0.6730297034844507
-4.376606681265651,0.6740575960002861
-4.376850421564801,0.6750850877669269
-4.376854291968683,0.675105826070981
-4.377089590847509,0.676113610131446
-4.3770944860758725,0.6761340984712584
-4.377334004134497,0.6771408933311965
-4.377333907786633,0.677141250004871
-4.377570842295954,0.6781486417533378
-4.377570568879932,0.6781490294989052
-4.377805730761997,0.6791568119655197
-4.37804801378297,0.6801846364636902
-4.378292024559727,0.6812120625845448
-4.378533621934206,0.6822400631334037
-4.378538187586527,0.6822606199038246
-4.378776040989844,0.6832677867120747
-4.379021076754542,0.6842949702090051
-4.379268517921511,0.6853215896187949
-4.3792690247601325,0.6853217987354083
-4.379514211667952,0.6863272288875469
-4.379766199536007,0.6873527960356527
-4.37976669388659,0.6873529850807805
-4.380018444381661,0.688378315459713
-4.380270188642979,0.6894039146649169
-4.380521514667781,0.6904295285176785
-4.3805264707034715,0.690449971356499
-4.3807780673545205,0.691475348727787
-4.3807781040229905,0.6914756322095497
-4.380778082555232,0.6914756517832108
-4.381024689292361,0.6924806758140936
-4.381273374415739,0.6935069515933183
-4.381520386208306,0.6945336317592624
-4.3815244602912395,0.6945542952821202
-4.381524056033199,0.6945543670178299
-4.381524319167157,0.6945542677152803
-4.381524249792382,0.6945543374104337
-4.381766055546812,0.695560554133686
-4.381769950226998,0.6955812865618585
-4.382006835635394,0.6965887005449227
-4.382245605927091,0.6976173729220747
-4.382482040520259,0.6986465948797221
-4.382716853320989,0.6996761566884008
-4.382716594388278,0.6996765471784245
-4.3829488821541895,0.7006850024518021
-4.382953156546551,0.7007056004605144
-4.382952450005356,0.7007057554036967
-4.382952513312633,0.7007057098991162
-4.382951931186797,0.7007058313455353
-4.3831829309120325,0.7017146059132219
-4.383420204566891,0.7027436229044842
-4.383424800035391,0.7027641902205723
-4.383424991369511,0.7027641391132751
-4.383425207052687,0.7027640726550843
-4.383425442707552,0.7027640035560295
-4.383425694405025,0.7027639324392219
-4.3836672504538265,0.70377026624478
-4.383911508336508,0.7047976484482301
-4.384158188805402,0.7058244616218761
-4.384406957392197,0.70685084063803
-4.384656027108884,0.7078770524378629
-4.3846612393152125,0.7078974375227836
-4.384910460610849,0.7089019018341737
-4.384915941415155,0.7089222397454604
-4.385169153311733,0.7099259914180419
-4.385424514719744,0.7109506641136802
-4.3854244411347825,0.7109510226243811
-4.385672629675312,0.7119557100785103
-4.385923306418903,0.7129816037467831
-4.385928046004712,0.7130021101497698
-4.385927466954752,0.7130022329809301
-4.3861742659796334,0.7140072499109265
-4.386178623078931,0.7140278467763068
-4.386178736723865,0.7140278896847934
-4.386178462428772,0.7140279250569453
-4.386422561290794,0.715033592922215
-4.386422453338536,0.7150339483332405
-4.3864219544857415,0.7150340423603966
-4.386662094370065,0.7160406700536617
-4.386666305610067,0.7160612928055153
-4.38666610775963,0.7160613328112797
-4.386908371879746,0.7170889855212572
-4.387150993660481,0.7181167402583203
-4.387155339621147,0.7181373391093036
-4.387392672092094,0.7191446257087338
-4.387396685260464,0.7191653319909159
-4.3876336870314425,0.7201942190719853
-4.387633712259458,0.720194535176405
-4.387865977995627,0.7212029904209235
-4.388100014216641,0.7222327283292014
-4.388331681941054,0.7232630168670386
-4.388561700613035,0.7242936511335862
-4.388793888043795,0.7253238876322875
-4.388797581661557,0.725344643110266
-4.38902281403557,0.7263546935060148
-4.389027016324654,0.7263753106367902
-4.389252816826384,0.727385246802173
-4.389484880304757,0.7284154415244222
-4.389714571280214,0.7294461804211314
-4.389942565131303,0.7304772780724583
-4.390172328657199,0.7315079935966212
-4.390399733496692,0.7325392333360781
-4.3903993670196835,0.7325396393391235
-4.390399317242163,0.7325395970816108
-4.3906231871884485,0.7335499362523411
-4.390623247238505,0.7335502420531294
-4.390849843061581,0.734559993086034
-4.391082991471754,0.7355900055637441
-4.391315746131292,0.7366200212539872
-4.3913195485074645,0.7366407431296746
-4.3913195301664,0.7366407985760435
-4.391543913650565,0.7376510270326262
-4.391548713185037,0.7376715379653441
-4.391549183592447,0.7376714134677457
-4.391549314617536,0.7376714389382268
-4.39178082038481,0.7386800785649157
-4.392019266995489,0.739708809967733
-4.392259369786833,0.7407371541475679
-4.392264321160055,0.7407576456108291
-4.392264754377285,0.7407575298327972
-4.392507234497898,0.7417851255576944
-4.392750102922397,0.7428128161904657
-4.3929953486198325,0.7438399508358162
-4.392999964501868,0.7438604757306384
-4.39324469542701,0.7448875394578222
-4.393249130950966,0.7449081100044309
-4.393487365913027,0.7459152393878398
-4.393491912971595,0.7459357865847894
-4.393730235014189,0.746942907270049
-4.393975467287991,0.7479700571726736
-4.394222319946167,0.7489968070374491
-4.394227520920894,0.7490172476870814
-4.3944703592995165,0.7500232453915199
-4.394719680301624,0.7510493961714199
-4.3947198925847095,0.751049684252207
-4.394962844788083,0.752055629592075
-4.395212990217056,0.7530815772099712
-4.395464798708021,0.7541071161651051
-4.395469975694815,0.7541275503353991
-4.395721984364217,0.7551528560776479
-4.395974046595021,0.7561784038947343
-4.396225724349443,0.7572039562643131
-4.396475681070381,0.7582299293061382
-4.396727352524183,0.7592554906995365
-4.396727352519021,0.7592554907292478
-4.3967273524906245,0.7592554906466719
-4.396972846141869,0.7602607750795469
-4.396977307856705,0.760281303754022
-4.397222234286803,0.7612867518914473
-4.397469132114617,0.7623134747549936
-4.3977143342400575,0.7633406065638024
-4.397961264434099,0.7643673341974062
-4.398206522613063,0.765394454580923
-4.398454194890585,0.7664210000669135
-4.398704275582816,0.7674469654077894
-4.398708975029246,0.7674674796365366
-4.398709005143414,0.7674674462342334
-4.398951394557502,0.7684735145403081
-4.399195686306509,0.7695008802886687
-4.3994375655462745,0.7705288292621253
-4.39944197659438,0.7705494225247113
-4.399441940507307,0.7705494113862057
-4.399681605850477,0.7715561761326097
-4.399923273995813,0.7725841763891766
-4.400162613577556,0.7736127303222814
-4.400165953424309,0.7736336155191904
-4.400400977851018,0.7746629551465443
-4.400635786229288,0.775692526727206
-4.400868285971244,0.7767226286429575
-4.4010984769005805,0.7777532500257067
-4.401326730182112,0.7787843670374268
-4.401330685743487,0.7788050191769016
-4.401330491277737,0.778805017720335
-4.401330097188701,0.7788051531133515
-4.401559474374218,0.7798142601972852
-4.401559520173005,0.7798145642666917
-4.401791602430653,0.7808230700640928
-4.402030350491388,0.781851795827041
-4.402030612510976,0.7818520410650398
-4.402269230961443,0.7828805043735686
-4.4022694187545675,0.782880747161528
-4.402503988077569,0.7838886486635959
-4.40250828551717,0.7839092109032777
-4.402742277679314,0.7849172564289066
-4.402977987765593,0.7859466058927868
-4.4032112834831345,0.786976521664163
-4.403214725901184,0.7869973431481694
-4.403439073027675,0.788007626018247
-4.403665699863095,0.7890390126783818
-4.4036692834653595,0.7890598079266595
-4.403668827009262,0.7890599002949069
-4.403669050777451,0.7890598281531083
-4.403891670662711,0.7900704772106684
-4.403891886424569,0.7900707659041177
-4.404116385549067,0.791080983346056
-4.404116336417181,0.7910813198810053
-4.404338980592109,0.7920919517043082
-4.404567731082769,0.7931228738596047
-4.404794437623564,0.7941543357845904
-4.405021471330322,0.7951856285597825
-4.405250231703729,0.7962165432720206
-4.405253956527723,0.7962372947710292
-4.405254225468251,0.7962372082409565
-4.405476879828977,0.7972478318986514
-4.4057056725085575,0.7982787510343405
-4.405710164263094,0.7982993436678552
-4.405935458110303,0.7993094014694345
-4.406167643811569,0.8003395732188708
-4.406401891243733,0.8013693591330648
-4.406636406374695,0.8023989919748585
-4.4066415271642825,0.8024194420134503
-4.406641543488315,0.8024194086440583
-4.406874237049324,0.8034278061025086
-4.406879475438255,0.8034482429358598
-4.407116943083146,0.8044555316143581
-4.407360752519746,0.8054830045553979
-4.40760208781169,0.8065110753820096
-4.407840959543653,0.807539722763308
-4.408077418640348,0.8085689278339199
-4.408080888378878,0.8085897405645623
-4.408309047751852,0.8095991564355174
-4.408544164292149,0.8106286553378537
-4.408549078215249,0.8106491625477817
-4.408548882838189,0.8106491967081676
-4.408782297522159,0.8116574254476734
-4.409021982105758,0.8126858748963749
-4.409026013894248,0.812706566274843
-4.4092564800637915,0.8137154796362088
-4.409260948434487,0.8137360103752724
-4.409260429507891,0.8137361344641361
-4.409260645656681,0.813736072458172
-4.409490857200828,0.814745040222097
-4.409723194267009,0.8157752649679486
-4.4099559055250355,0.8168053099664717
-4.410190373908854,0.8178349624142237
-4.410423156414956,0.8188649887528258
-4.410423260191607,0.8188652914591878
-4.410423309898761,0.8188653192255825
-4.4106534405291065,0.8198742457855592
-4.410657893280216,0.8198948114887682
-4.410888561968998,0.8209036420298588
-4.4108926179492745,0.8209243094362934
-4.411123661900851,0.821933105062566
-4.411128698825371,0.8219535806062095
-4.411129250964909,0.8219534514559559
-4.411129755175139,0.8219533216501415
-4.411369089226317,0.8229601580479732
-4.411373824222832,0.8229806946927417
-4.411612918536708,0.8239877649000075
-4.411612700166324,0.8239881608807399
-4.411849263995677,0.824995656585003
-4.412087736018803,0.8260243963416172
-4.412323876505464,0.8270536840741585
-4.412557710606799,0.8280834963726313
-4.412789941805162,0.8291136368922432
-4.413024018567897,0.830143384041345
-4.413028153988019,0.8301640205638173
-4.413027725624269,0.8301641825414545
-4.413257729400718,0.8311731639386887
-4.413490213704673,0.8322032401694244
-4.413494696097024,0.8322238182540956
-4.4137317579962945,0.8332526836004138
-4.413735647872702,0.8332734073342064
-4.413735900067615,0.8332733257726153
-4.413968062530048,0.8342818218314605
-4.413972478491234,0.8343024124540874
-4.414204481108806,0.8353109798773565
-4.4142041381289046,0.8353113939557514
-4.414433662241623,0.8363205055750371
-4.41466532275495,0.8373508642462463
-4.414897395005776,0.8383810338313176
-4.414901209106238,0.8384017750561051
-4.415128386108782,0.8394113971415612
-4.415357209625964,0.8404423152742755
-4.4155840250214125,0.8414737560416036
-4.415811239886178,0.8425050042293416
-4.415814988577434,0.8425257572031888
-4.41603739844516,0.8435364318983795
-4.4160408834225615,0.8435572558799999
-4.41604034344099,0.8435573639645775
-4.416256462140291,0.8445694350478005
-4.41647890149182,0.8456018319229007
-4.4164834169114675,0.8456224096087686
-4.4167082169161676,0.8466540200311966
-4.416712757207702,0.846674585833405
-4.416935452931457,0.8476852172860554
-4.416939760022324,0.847705834326753
-4.416939586478253,0.8477059401574643
-4.417162128758108,0.8487165964386906
-4.417166297815976,0.8487372400230785
-4.417165661777763,0.8487373775861382
-4.417385990822405,0.8497485342349032
-4.417607837757891,0.8507809924997989
-4.417827697333933,0.8518139484133374
-4.418047646317785,0.8528468661101504
-4.418051683011775,0.8528675148536418
-4.418051389302365,0.8528676247056822
-4.418269519498477,0.8538792219477281
-4.418273518843255,0.8538998799497334
-4.418491510814603,0.8549115490360383
-4.418491083171106,0.8549119625124665
-4.418707386666856,0.8559239498192541
-4.418711728804095,0.855944557818294
-4.418711963745388,0.8559444891826454
-4.418712214788389,0.855944409629629
-4.4189380309056725,0.85695434941174
-4.419170378578335,0.8579845630923445
-4.4194027038617705,0.8590147715058086
-4.419635324702001,0.8600448211502018
-4.419870318252935,0.8610743380625119
-4.420107668959695,0.8621033188669739
-4.420346653448771,0.8631319045022825
-4.42035093265462,0.8631525128268361
-4.420351486515588,0.8631523651801633
-4.420584043634243,0.8641607850519274
-4.420823493996307,0.8651892898842694
-4.420824069247577,0.8651894886644349
-4.421061479923815,0.8661967983671299
-4.42106683194091,0.8662171813609241
-4.421066934784351,0.8662171322350161
-4.421306897044657,0.8672238395183322
-4.421553504718692,0.8682507301661258
-4.421558114995782,0.8682712615925003
-4.421558149002501,0.868271229399464
-4.421795812088568,0.8692784648574935
-4.422040473273028,0.8703057483910431
-4.422045207134939,0.8703262560124809
-4.422289291393452,0.8713534848694836
-4.4222945463135614,0.871373901407888
-4.422536705974527,0.8723800591699055
-4.422542145572938,0.8724004413125468
-4.422542528242569,0.8724004198273141
-4.422788726090219,0.8734055752240503
-4.423037619109547,0.8744318274576871
-4.423042818476015,0.8744522564438607
-4.4232960770044825,0.8754772585174203
-4.423549014076635,0.8765025150304981
-4.423800226326503,0.8775281987255998
-4.423800417057777,0.8775284748022139
-4.424049374111273,0.8785329591760433
-4.42430490204097,0.8795575597474213
-4.4245580079076845,0.8805827799894357
-4.424557913953766,0.8805831246334517
-4.424803898568388,0.8815883346775261
-4.425052656659599,0.882614595106823
-4.425303168589061,0.8836404542413477
-4.425552011678875,0.8846667097433631
-4.425552066759795,0.884667017314714
-4.425798742436637,0.8856720583377763
-4.426052361041398,0.8866972160956935
-4.426057623950519,0.8867175958541856
-4.4260580703667385,0.886717450530291
-4.4263109810570835,0.8877209435255041
-4.426566787917984,0.8887454867692439
-4.42657129894499,0.8887660619982343
-4.426822484335433,0.8897700503818292
-4.426822850737016,0.8897702892783244
-4.427076494135097,0.8907736284013941
-4.427081374117732,0.8907940916361046
-4.427082074805931,0.8907939090755121
-4.4273370528993965,0.8917968875087389
-4.427342216402358,0.8918173102653214
-4.427342505077981,0.8918172336504695
-4.427342140405806,0.891817318540603
-4.427597735585581,0.8928201804717015
-4.427603201640121,0.8928405428919142
-4.427603391195067,0.8928405784927376
-4.427868313917743,0.8938626192302503
-4.428133270957231,0.8948849156401972
-4.428398530622309,0.8959070449085018
-4.428665829178246,0.8969287227867018
-4.428933084127229,0.8979503986471662
-4.428933342779782,0.8979506192714498
-4.429195921765591,0.898951608735293
-4.429466022599033,0.8999724501461024
-4.429738460041741,0.9009926912800161
-4.429744471360229,0.9010128669708681
-4.430016411405557,0.9020114066989734
-4.430022571180528,0.9020315574916267
-4.430298455213284,0.9030292263216771
-4.430304245684546,0.9030494866195112
-4.430580521871987,0.9040468291747954
-4.430864667203051,0.9050639014543792
-4.4311508207419354,0.9060804896450281
-4.431437210876497,0.9070969191293788
-4.431725572849263,0.9081128637938465
-4.432014161834615,0.9091286545189482
-4.432019777602428,0.909148887911094
-4.4323020402896764,0.9101445298261944
-4.432587374752318,0.9111613246186923
-4.432872982304078,0.9121779572942246
-4.4331602612559,0.9131941179929062
-4.433445491736985,0.9142109392385936
-4.4337306966544725,0.9152277532805794
-4.434015539247201,0.91624457928051
-4.4340202983223165,0.9162650802399053
-4.434295895051077,0.917262601753657
-4.434296056656763,0.9172628684561852
-4.43429580439458,0.9172628889708199
-4.434571049254027,0.9182604756774999
-4.434570961338605,0.9182608184758508
-4.434570819527735,0.9182608956991458
-4.434844241714162,0.9192589775959394
-4.435125527297649,0.9202768116032297
-4.435130765502745,0.9202971805466839
-4.435131376140822,0.9202969947012108
-4.435409423047831,0.921293846333363
-4.435694640612372,0.9223106009982609
-4.435978127326967,0.9233278562771953
-4.4362632488257,0.9243446463996733
-4.436263378184539,0.9243449438320125
-4.436546348996355,0.9253621169977354
-4.43655204006464,0.9253823665585068
-4.436552342385399,0.9253822466882284
-4.436834895868038,0.9263778040710785
-4.437125468143211,0.9273930434665267
-4.437418384671003,0.9284076226326815
-4.437712917453028,0.9294217161093059
-4.437718299482161,0.9294420554887348
-4.438002430407275,0.9304371881034472
-4.4380081251282695,0.9304574560856345
-4.438007697373802,0.9304575748482632
-4.438290256136471,0.9314531682465307
-4.438580774888648,0.9324684398006697
-4.438872959907592,0.9334832323833382
-4.43916273119813,0.9344987180354729
-4.439162680702581,0.9344990716518694
-4.43916256655889,0.9344991503622254
-4.4394444881581006,0.9354948860587765
-4.4394499154457465,0.9355151070441807
-4.439732409799979,0.9365106845119733
-4.440022318857878,0.9375261164188821
-4.440309885189085,0.9385422277122176
-4.440314508175945,0.9385627993672135
-4.440314248154944,0.9385629391829534
-4.44059178613852,0.9395599203374445
-4.440872461220079,0.9405780159102836
-4.440876973810651,0.9405985982719285
-4.441155314589651,0.9416170605106595
-4.441434079219493,0.9426355796754463
-4.441434184037951,0.9426358666625366
-4.441714986079869,0.9436536271874594
-4.441995487488771,0.9446716603003141
-4.442274297477654,0.9456901631246478
-4.442274419874424,0.9456904369147822
-4.442550399341003,0.9466878306100632
-4.442550737581862,0.9466880386596136
-4.442829255694604,0.9476847346209416
-4.4428297346764,0.9476849052898144
-4.442830077522345,0.9476848361266424
-4.443115939591684,0.9487011768031873
-4.443121139874003,0.9487215326008442
-4.443121651040795,0.9487213493891575
-4.443121779010529,0.9487213492592971
-4.443122203712054,0.9487211784212133
-4.443404049532578,0.9497169955043995
-4.44368910002768,0.9507338690326362
-4.443974162203099,0.9517507326144095
-4.443979039248226,0.9517712010882624
-4.444261683914824,0.9527884630135033
-4.444544717621127,0.9538057964593842
-4.4448294516659175,0.9548226677071657
-4.445112165606699,0.9558401847252398
-4.44511775822867,0.9558604463240471
-4.4451179870494215,0.9558603379155842
-4.445117586749065,0.9558604107139643
-4.445117580933983,0.9558604586216202
-4.445396972577414,0.9568569030914511
-4.445401676266743,0.9568774437593144
-4.445676188406434,0.9578752729749228
-4.445953754627873,0.9588942264571206
-4.44595827235183,0.9589148252486188
-4.446228815030513,0.9599137507757934
-4.446506407324282,0.960932615231559
-4.446511767144583,0.960952966248049
-4.446784904916866,0.9619511675660308
-4.446790631610492,0.9619714347712257
-4.4470680022863185,0.9629684854924931
-4.447348470797565,0.9639866540904937
-4.447348424585795,0.9639869965015245
-4.447348631719993,0.9639868928784805
-4.44734883999868,0.9639867923230703
-4.447627942161239,0.9649833413917993
-4.447633345004972,0.965003679358109
-4.447913065458403,0.9660000585958336
-4.447918850294581,0.9660203074000248
-4.448203562335067,0.9670152883675025
-4.4482039094048265,0.9670155325490389
-4.448496255970474,0.968030066740042
-4.448788263149646,0.9690448815210003
-4.448794032684402,0.9690651182838094
-4.449081212402009,0.9700593606760155
-4.449375858007636,0.9710734221293734
-4.44966848907678,0.9720881551617406
-4.44996074952713,0.9731029018376223
-4.449966337868687,0.9731231383598965
-4.449965781905031,0.9731232792458026
-4.450251240958582,0.974118015029275
-4.450251416856096,0.9741182947219977
-4.4505394662210715,0.9751122912274488
-4.450539841768679,0.975112505577417
-4.450540402881778,0.9751123051521279
-4.450833021689676,0.9761049599520163
-4.4511331522700095,0.9771174041312394
-4.451431563046121,0.9781303750827155
-4.45143787079063,0.9781504772091996
-4.451735238906515,0.9791417430420517
-4.452040897541311,0.9801525530591279
-4.452046870630357,0.9801727099071891
-4.452346705696581,0.981163286281617
-4.452352689261822,0.9811834309672128
-4.452651717853998,0.982174190393216
-4.452954509073898,0.9831858705091737
-4.45325891924442,0.9841970636173071
-4.453265063054219,0.9842172130845331
-4.453563616686196,0.9852082640044267
-4.4538653767338925,0.9862202516666898
-4.45386510315962,0.9862206793088848
-4.454159592372567,0.9872127737962016
-4.454164845213572,0.9872331392390563
-4.454458921613805,0.9882253822387125
-4.454756754426246,0.9892385161577204
-4.4550569719257895,0.9902509587628383
-4.45535925331374,0.9912628627674586
-4.455365485969185,0.9912829563666555
-4.4556646816770025,0.9922736741448912
-4.455972195922698,0.9932839109045971
-4.455972774324532,0.9932840693650682
-4.456276766829524,0.9942733424077795
-4.456589039136174,0.9952821146557025
-4.456595930297971,0.995302020413648
-4.456906802415038,0.9962891618842312
-4.457225438995801,0.997295932145556
-4.457232138082541,0.9973159138373819
-4.457232679478828,0.9973157327579283
-4.457547119409236,0.9983018071802373
-4.457865759139034,0.9993085976316045
-4.458186422730357,1.0003148337782908
-4.4585067074630995,1.0013210896121654
-4.458825296075606,1.0023278814082694
-4.45883179505938,1.002347887719074
-4.458831543390711,1.0023479459147515
-4.459146708912919,1.0033337175508503
-4.4591470857998985,1.003333933330092
-4.459470390713249,1.004339022091984
-4.459476349789745,1.0043591771613478
-4.459790782858243,1.00534514538722
-4.46010905842213,1.0063521173990653
-4.460114639141931,1.0063724074055722
-4.460114259822558,1.0063725012578943
-4.460422448895886,1.0073604542259422
-4.460428171490598,1.0073806790540079
-4.460428666949034,1.0073805182895124
-4.4604284349670715,1.0073805727003857
-4.460736009974112,1.0083687062144309
-4.461047630597357,1.0093776951551399
-4.461360922095485,1.0103861773201464
-4.461360890205303,1.0103865325043149
-4.461666643452993,1.011375231998489
-4.4619809013742575,1.0123833873820636
-4.462297508142108,1.0133908218344643
-4.462615738142231,1.0143977292076207
-4.462931550846111,1.0154054025518207
-4.463245310503441,1.0164137971666303
-4.463559374525559,1.0174219966579534
-4.463875801424912,1.0184294642496239
-4.464193896915582,1.0194364010962917
-4.46420032373698,1.0194564315249415
-4.464200368833117,1.0194564724141995
-4.464512323168387,1.0204432202087383
-4.464512227407259,1.0204435704900707
-4.464512072105439,1.020443656405296
-4.4648222786415594,1.0214309424768806
-4.46482878573403,1.021450939961319
-4.465143129107685,1.0224370849049045
-4.465461693774452,1.0234438837859374
-4.465782610796405,1.0244499499713244
-4.465788641947981,1.0244700965916582
-4.466109109097332,1.0254761096771676
-4.4661093866097135,1.0254763437653036
-4.4664241452685856,1.02646223001342
-4.466746786648047,1.027467713293199
-4.466753321806514,1.0274877097002433
-4.466753665423366,1.0274875768032876
-4.46707292688394,1.028472001004228
-4.467079752591934,1.0284919170320908
-4.467079974658689,1.0284919186086396
-4.467403290673485,1.0294750167867597
-4.4677309923759925,1.030478884326213
-4.46806102802541,1.031482000796475
-4.468393395577532,1.0324843482178399
-4.468727378565381,1.033486142503812
-4.468734216479568,1.0335060428252965
-4.468734001920321,1.033506096327157
-4.468733803611543,1.0335061369910987
-4.468734226185423,1.0335059792423293
-4.468734295962745,1.0335060232621025
-4.469060390107738,1.034488223174261
-4.469067378857017,1.0345080804486921
-4.469067900688476,1.0345079011651401
-4.4690683779312,1.0345077254460036
-4.469402608302736,1.0354874201836004
-4.4697408041948306,1.0364878239428363
-4.470076671328142,1.0374890220733408
-4.470082245766644,1.0375093665824398
-4.470413804656128,1.0385117886732724
-4.47074580903759,1.0395142330190417
-4.471079901667097,1.0405160753178617
