x,y
-2.7380326551113465,-4.5023501483020425
-2.73793162966247,-4.501146850072993
-2.737930906559374,-4.500112884203512
-2.7379303755626836,-4.499055757497355
-2.7379275333883237,-4.4979987549887595
-2.7379283664968064,-4.497976824601618
-2.737925785986694,-4.496941420498792
-2.737922223502669,-4.4958848141669145
-2.7379221304314125,-4.495884006745438
-2.7379214896185537,-4.495883655710174
-2.7379175054598197,-4.494827521912787
-2.737918031870164,-4.49480616855025
-2.7379165324491135,-4.493750140506842
-2.7379155175562384,-4.492693982981303
-2.737916080854467,-4.491637862024665
-2.7379141739024875,-4.490581761975103
-2.7379139316897683,-4.490581368364574
-2.737909999800596,-4.48952551356427
-2.737906494731518,-4.488469495536663
-2.7379054821680158,-4.487413468012898
-2.7379069306242934,-4.486357441915313
-2.737910070242229,-4.485301437887203
-2.737910674349627,-4.484245426388343
-2.7379109692142607,-4.484224259341078
-2.7379115173825626,-4.483189467979695
-2.737909401810792,-4.482133454016989
-2.7379052170916007,-4.4810773702812225
-2.7379044630482245,-4.4810561916431855
-2.7378983299229387,-4.480021429136992
-2.737897940636874,-4.48000025817827
-2.7378917305720867,-4.4789444497395685
-2.7378858514371935,-4.477888469994264
-2.7378824359795106,-4.476832470632405
-2.7378807594907943,-4.475776477106351
-2.737877253038582,-4.4747204799001485
-2.737877172574914,-4.474699325154369
-2.7378728346682433,-4.473664570485823
-2.7378657218060254,-4.4726085892405685
-2.737856830063313,-4.4715526201250775
-2.737857188299923,-4.471531441198106
-2.7378525726012013,-4.470496661606038
-2.7378452714539527,-4.469440673097734
-2.7378444991989097,-4.469419484498885
-2.7378323071567574,-4.468384756910371
-2.7378321779120727,-4.4683636032351215
-2.7378320741172892,-4.468363616279235
-2.737822873227902,-4.467328887104738
-2.737816103292334,-4.466272813387857
-2.7378097115994606,-4.46521682431067
-2.7378095378351985,-4.465195659825473
-2.737802370215173,-4.4641609143990655
-2.7377931449359507,-4.463104949763827
-2.737785684620794,-4.4620489618746975
-2.737776449775886,-4.46099299221344
-2.7377693346946352,-4.459936931323901
-2.7377625604064137,-4.458880960849136
-2.737762850798853,-4.458880653010854
-2.737763426785024,-4.4588806985895
-2.7377605161090783,-4.457845953727594
-2.7377604450250317,-4.457845648369298
-2.7377555436725904,-4.456810909418425
-2.7377526531173912,-4.4557549274170185
-2.737752970812325,-4.4557337610057095
-2.7377508173541005,-4.454698993869733
-2.7377513981088804,-4.453642988451402
-2.737754073539355,-4.452586905449698
-2.7377570398377475,-4.451530911739143
-2.73776240814099,-4.450474923766791
-2.7377694711458136,-4.449418962909249
-2.7377746599726884,-4.4483629750781315
-2.7377754384609303,-4.448341790062344
-2.737785472745296,-4.447307060811683
-2.7377981646223293,-4.446251129670481
-2.737813237297421,-4.445195218454138
-2.7378299701584785,-4.444139358056956
-2.737829988284025,-4.444118212882683
-2.737841511726973,-4.44308349403814
-2.7378509513509686,-4.442027531350774
-2.7378515124346507,-4.442006339922475
-2.7378658922387986,-4.4409716521214975
-2.7378822660536355,-4.439915774215161
-2.7378961197019644,-4.43885984732611
-2.7379074726920503,-4.437803889639894
-2.7379163733240857,-4.436747908285455
-2.7379235529082604,-4.435691934859572
-2.737933280083319,-4.4346359777316415
-2.7379448382317935,-4.433580035811745
-2.7379443316034218,-4.433558851795432
-2.7379516759034153,-4.432524089497357
-2.7379521708738452,-4.4325029205688775
-2.737963973466711,-4.431468196063634
-2.737964212435655,-4.431447027250089
-2.7379765396014744,-4.430412310485956
-2.7379916183699926,-4.429356398311969
-2.737991578810224,-4.4293352260608225
-2.7380066061895922,-4.428300516255553
-2.738024263714378,-4.427244639024088
-2.738043612533823,-4.4261888034996515
-2.7380610935020817,-4.4251329253758955
-2.738080967388688,-4.42407709139734
-2.7381025409188537,-4.423021310512945
-2.7381027915488976,-4.423020992884797
-2.7381026452180612,-4.423021032989612
-2.7381200467091613,-4.421986407644054
-2.7381207668853578,-4.421965240802281
-2.7381210399937763,-4.421965180588338
-2.7381427541020877,-4.420930641266746
-2.7381624336845394,-4.419874826666252
-2.738183852872224,-4.41881903560907
-2.7382028019378404,-4.417763194381388
-2.73821928450613,-4.416707309694267
-2.738233342060134,-4.415651388620415
-2.738233135852494,-4.41563023882525
-2.7382481115431783,-4.414595582034452
-2.7382479653922185,-4.414595260723817
-2.7382481904582576,-4.414595301250221
-2.73824775035689,-4.414595321125308
-2.73826491214582,-4.413560691187401
-2.738280081753474,-4.412504798046937
-2.738297047902537,-4.411448915104384
-2.7383122758909177,-4.410393016280887
-2.7383119261421554,-4.4103718375118195
-2.738326435488753,-4.409337160033901
-2.738338571159052,-4.408281144230715
-2.7383510799351773,-4.407225222477287
-2.7383515154690596,-4.4072040642860015
-2.7383690438354953,-4.40616942594174
-2.7383885878324374,-4.405113608174811
-2.738406327192878,-4.404057745616975
-2.738426507971953,-4.403001925634913
-2.738448420771804,-4.401946151909524
-2.738448918819279,-4.401924987778028
-2.7384486485351958,-4.401924999370386
-2.738448407627843,-4.401925018776208
-2.738465694478964,-4.400890385935654
-2.738480960407172,-4.399834486529945
-2.738498005170953,-4.398778601718955
-2.738512593110489,-4.397722680372153
-2.7385247326918782,-4.396666728344019
-2.738535157316606,-4.395610780301123
-2.7385345841215356,-4.395589591724631
-2.7385443978517716,-4.394554857322079
-2.738544419998749,-4.3945337050568805
-2.7385444333485083,-4.394533719067182
-2.7385441790372784,-4.3945336509148465
-2.7385569606081255,-4.393498964731737
-2.7385724857412335,-4.392443071151395
-2.7385724015362567,-4.392421903744249
-2.7385871215957605,-4.3913872308527395
-2.7385867156023305,-4.391366046115612
-2.7385969068447173,-4.390331292768886
-2.7386097905004516,-4.389275350171628
-2.7386244134056423,-4.388219432786199
-2.7386372126321508,-4.387163489493858
-2.7386524378399466,-4.386107579494094
-2.7386697397495467,-4.385051634120939
-2.7386866198295636,-4.383995781616619
-2.7386870778455883,-4.3839746206416095
-2.7386867866391786,-4.383974640783816
-2.7387020756705893,-4.382939981681329
-2.7387196928162276,-4.381884047629052
-2.7387372736927786,-4.380828121264923
-2.738755156231957,-4.379772288788814
-2.7387754660536765,-4.378716493111681
-2.738775604460162,-4.378695370114744
-2.738795780669182,-4.377660772446024
-2.738796346587904,-4.377660474830867
-2.7387971439632297,-4.377660525598141
-2.7387974981903325,-4.3776604912766945
-2.7387981330741047,-4.377660547650285
-2.738798006850104,-4.3776605845321654
-2.7388219451186573,-4.376626092354662
-2.738821874669088,-4.376625773624984
-2.7388438059614124,-4.375591238556473
-2.7388677364481997,-4.374535513176556
-2.738867307370516,-4.374514335336544
-2.7388870135573606,-4.3734797296831225
-2.738909415520307,-4.372423956799296
-2.738934263143568,-4.371368227225169
-2.7389608072407823,-4.370312556301376
-2.738985517172322,-4.369256831624913
-2.739011915732604,-4.368201158622277
-2.7390124018101263,-4.36817999540095
-2.7390386335653982,-4.367145519878495
-2.7390380925112185,-4.367124342160804
-2.739059957455371,-4.366089778486072
-2.7390838294384015,-4.365034034077356
-2.7390833531943777,-4.365012840478002
-2.739103014483812,-4.363978224865065
-2.739102791664188,-4.3639570513784545
-2.7391026120552815,-4.363957049457675
-2.7391202257018747,-4.362922393360366
-2.73914050544671,-4.361866561020081
-2.7391624889395914,-4.36081076991523
-2.739162680559438,-4.360810440737473
-2.7391624817908653,-4.360810468347801
-2.7391799587610413,-4.359754802079416
-2.7391804224387153,-4.359733650628976
-2.739200712883187,-4.358699069365975
-2.7392229995363726,-4.357643306562612
-2.739242794567123,-4.3565874790891845
-2.739260101016726,-4.355531605479743
-2.7392600966759724,-4.3555104474992845
-2.739277470194256,-4.3544757824400255
-2.739292229755858,-4.353419867267211
-2.7393046039365934,-4.352363911402612
-2.739314620166225,-4.351307932254045
-2.7393229928760747,-4.350251973645386
-2.7393339732345297,-4.349196033040955
-2.7393475229918116,-4.348140117437393
-2.7393635801099947,-4.347084233497513
-2.739381404531817,-4.346028384516371
-2.739396716362807,-4.3449724915756365
-2.7393969170415478,-4.344951338484578
-2.739397073779963,-4.344951365870834
-2.7394154083569306,-4.343916760516023
-2.73943614500792,-4.342860879314437
-2.739457221839381,-4.341805087777018
-2.739480031057762,-4.340749337307026
-2.7395003416252304,-4.339693530395667
-2.73951885290017,-4.338637696323152
-2.739539847428098,-4.337581904283547
-2.7395633127694823,-4.33652616056586
-2.7395892065014626,-4.335470470962215
-2.7395894018167066,-4.3354493417767435
-2.739614374468799,-4.334414870475645
-2.7396365414032107,-4.333359100658624
-2.7396568984060203,-4.332303287780144
-2.7396797143491285,-4.331247523400831
-2.739704989179936,-4.33019181355224
-2.739732682873232,-4.329136163491275
-2.739762763123053,-4.328080578232648
-2.7397945057371196,-4.327025064842866
-2.739824368176218,-4.325969479068772
-2.739855897298628,-4.3249139559886745
-2.7398848911151803,-4.323858354265509
-2.7399120610450476,-4.3228027050739515
-2.7399122020492275,-4.322802394807976
-2.7399410425797677,-4.321768022830406
-2.739940917719268,-4.321767717043592
-2.7399670334769892,-4.320733268965611
-2.739990842094254,-4.3196774732454
-2.7399901926392043,-4.3196563089051425
-2.7399903263237353,-4.319656351047668
-2.740013608017123,-4.3186218300452985
-2.7400342644664724,-4.317566024550933
-2.740052513407368,-4.316510161926097
-2.740068387302703,-4.3154542608054465
-2.7400826062581,-4.31439836725692
-2.740081849729246,-4.314377167171326
-2.740096300805673,-4.3133424749639975
-2.7401131504758096,-4.312286527685723
-2.740129670898208,-4.311230658497101
-2.7401444209881505,-4.310174768509074
-2.7401613142723784,-4.309118829503447
-2.7401785619858465,-4.308062988336449
-2.7401788097606405,-4.308062693149897
-2.7401786920578,-4.3080627508000955
-2.7401961143584055,-4.3070281285348875
-2.740216192012908,-4.305972326015141
-2.7402379690428957,-4.304916558995755
-2.740257204553032,-4.303860735669886
-2.740256791102735,-4.303839566387579
-2.7402570836765365,-4.303839593156838
-2.74025735125827,-4.303839626550329
-2.740256964163177,-4.303839638877087
-2.740256618769454,-4.303839649097764
-2.740271601431494,-4.302804968188244
-2.7402892741536586,-4.3017490945704076
-2.7403086752957146,-4.300693254242022
-2.740308801086829,-4.3006929264260245
-2.740325598941759,-4.299658289876917
-2.740340387593622,-4.298602398787902
-2.7403408226598063,-4.298581228436909
-2.7403408664625015,-4.298581165582078
-2.7403598902604167,-4.297546572349499
-2.7403765620249687,-4.2964906284656035
-2.740392900846965,-4.295434757343413
-2.740407510349483,-4.29437887143151
-2.7404239384450872,-4.293322999940195
-2.740438630279021,-4.292267111065076
-2.7404389900005204,-4.29224595765176
-2.740438977215744,-4.292245902313544
-2.740457958515132,-4.2912113176342945
-2.740474241897622,-4.290155444256297
-2.740488789832155,-4.289099548934548
-2.7404890345865334,-4.289078391591077
-2.7405079039442617,-4.288043769790946
-2.7405248156963133,-4.286987907144662
-2.7405244023764133,-4.286966724083885
-2.7405413882254352,-4.285932059451332
-2.7405603642780467,-4.284876221413369
-2.740560347417011,-4.284875891744654
-2.740576786216158,-4.283841250873175
-2.740576907099869,-4.283820101863912
-2.7405939049666084,-4.282785463087328
-2.7405943363762084,-4.282764296167156
-2.740616627152611,-4.281729734873649
-2.740640919628613,-4.280674002350658
-2.7406413293532417,-4.280652828683763
-2.7406655322185407,-4.279618296240551
-2.7406874352510995,-4.2785624307905605
-2.7407097178905238,-4.277506664381952
-2.7407093920321617,-4.277485497309659
-2.740709141294015,-4.277485508817675
-2.740709535992985,-4.277485539584107
-2.7407098859740344,-4.277485566760559
-2.7407336171595826,-4.276451044106378
-2.7407337952127286,-4.2764298793809346
-2.7407581063049484,-4.275395368224494
-2.7407577654390884,-4.275374191902357
-2.7407582138128173,-4.275374196190824
-2.7407579174557952,-4.275374194598781
-2.74078251598111,-4.274339677136162
-2.740809058931232,-4.273283989228607
-2.7408087170356223,-4.273262793956721
-2.740830224278894,-4.272228213401481
-2.7408497221858927,-4.271172377082691
-2.740870996510787,-4.270116563514779
-2.740871189294137,-4.2700953947263205
-2.7408932590454005,-4.269060835990126
-2.740917377060242,-4.268005096306322
-2.7409393903441397,-4.266949229410289
-2.740961761376754,-4.2658934681421865
-2.740962263499834,-4.265872312339163
-2.74096268510131,-4.265872342803592
-2.7409922311152384,-4.264837979967764
-2.740993027610234,-4.264816822420149
-2.741027626901956,-4.26378258711084
-2.741064363716772,-4.262727219298467
-2.74109929027235,-4.261671773540738
-2.741100216010302,-4.261650609248992
-2.7411001267348074,-4.2616506185573355
-2.7411379188043976,-4.260616481868973
-2.7411390176678734,-4.260595326937248
-2.741181271795249,-4.259561365386077
-2.741180986834764,-4.259540229889798
-2.7412240912409116,-4.258506256282892
-2.7412687172253705,-4.257451187074334
-2.741269736437994,-4.25743002649261
-2.741269566079694,-4.257430021627216
-2.741312150963485,-4.256375050987782
-2.7413543353924434,-4.255319887018018
-2.7413542367373425,-4.255319560577151
-2.7413949108011244,-4.254285564821723
-2.7413957510628326,-4.254264434071579
-2.7413961944004703,-4.2542644681308275
-2.741443612029895,-4.253230762769448
-2.741443030442312,-4.253209627404416
-2.741442984913777,-4.253209632325945
-2.741487606054087,-4.252175802140709
-2.7414875216445647,-4.25215461667687
-2.741526948212212,-4.251120550443078
-2.7415265536508935,-4.251099343396898
-2.741560883770807,-4.250065090710255
-2.741560253539137,-4.250043870102157
-2.741590570285143,-4.249009489233522
-2.7416235118709213,-4.247953980218043
-2.741658232426503,-4.246898524317187
-2.7416908322871016,-4.245842929385885
-2.7416913364962827,-4.245821785328108
-2.7417265712655996,-4.244787591134285
-2.7417274242380394,-4.244766447386087
-2.7417677844893813,-4.243732422091215
-2.7418111678111194,-4.242677296015669
-2.741856958283422,-4.241622262181489
-2.7418583653445747,-4.2416011201308335
-2.7419076279653374,-4.240567486705143
-2.741955362809449,-4.2395125529034585
-2.7420054923729364,-4.238457720367018
-2.7420580302795146,-4.237403006215966
-2.7421129459614617,-4.236348414636411
-2.742169513015978,-4.2352939366359275
-2.7422242014722538,-4.2342393416697135
-2.7422805491673152,-4.233184850516171
-2.742335059672587,-4.232130252183628
-2.7423912668375974,-4.2310757525967375
-2.7423922984556537,-4.231054621411942
-2.742447734100381,-4.2300212830196156
-2.7425018637509573,-4.2289666727539865
-2.742557761922982,-4.227912140886393
-2.7426119159010858,-4.226857524727505
-2.7426681964395327,-4.225802941873493
-2.7426682774484155,-4.22580264176496
-2.7426679971935526,-4.2258026814647485
-2.7427220049994148,-4.224748271407316
-2.7427756406880204,-4.223693658348575
-2.7428268139501206,-4.222638908898478
-2.7428265559517997,-4.22261773017574
-2.742826602605012,-4.222617768400049
-2.7428266639127488,-4.222617810865607
-2.742877771508851,-4.221584290372369
-2.7429321501065145,-4.220529683645565
-2.7429889941683863,-4.21947519465337
-2.743047913009256,-4.218420752628544
-2.7431071068826967,-4.217366413949582
-2.743108584621072,-4.217345315825971
-2.7431086431901526,-4.217345351940668
-2.743171026400614,-4.2163123385913535
-2.7432350027023875,-4.215258197110121
-2.7432985365643656,-4.214204120377609
-2.7433602392173024,-4.213149925382578
-2.7434240078823335,-4.212095778474888
-2.7434873775028827,-4.211041703032583
-2.743487763348116,-4.21102057140755
-2.7435475478324416,-4.209987424638554
-2.743609322057135,-4.208933236897846
-2.743609727969524,-4.208932944455996
-2.7436746315847174,-4.207900089603634
-2.7437407382854104,-4.206846180617718
-2.7438050211457896,-4.205792135013088
-2.7438709934443577,-4.204738202223651
-2.7439344613182377,-4.2036841101520155
-2.7439954345687396,-4.202629866495927
-2.7440546583317205,-4.201575535681558
-2.744116385258409,-4.200521343436496
-2.744180605856139,-4.199467295869455
-2.7441797766777847,-4.199446185438777
-2.7442423955317046,-4.198413287976385
-2.744303030255008,-4.19735902590294
-2.744361885827206,-4.196304660885204
-2.7444232197412433,-4.195250434777853
-2.7444863282540957,-4.194196317883179
-2.744546955847862,-4.193142051947912
-2.7446058037936347,-4.192087693782449
-2.744606904416066,-4.192066580089762
-2.7446691793465208,-4.191033639436105
-2.7446693624001153,-4.1910124656205126
-2.7446695350000283,-4.191012489107725
-2.74466969691874,-4.191012520158842
-2.7447325324697176,-4.1899585664046075
-2.7447950642815053,-4.188904410623215
-2.7448551613431196,-4.187850106105534
-2.7449128392492135,-4.186795665253671
-2.744968130440324,-4.185741096077843
-2.745021762955596,-4.184686469907762
-2.7450779683857274,-4.183631971451874
-2.7451363828207747,-4.182577510006189
-2.7451951709465616,-4.181523163895694
-2.7452557248643745,-4.180468914853598
-2.745256024950022,-4.180447758779645
-2.745310920040492,-4.179414425640241
-2.7453108925287375,-4.179393243270923
-2.7453103522613076,-4.179393226883742
-2.7453588785342493,-4.178338524443838
-2.7453596202616035,-4.178317405453323
-2.7454097256941976,-4.177283808908801
-2.745410300878809,-4.177262681321574
-2.745410010014673,-4.177262597605573
-2.7454094521768604,-4.177262595870752
-2.7454591171000664,-4.176228948087057
-2.745511012352601,-4.175174214700443
-2.7455646524416935,-4.17411956487862
-2.7455648562731523,-4.174098396681051
-2.7456147264206168,-4.173064732276039
-2.745614056254963,-4.173043585856422
-2.7456641177283854,-4.172009914084274
-2.7457159696130287,-4.17095509520211
-2.7457673995858416,-4.169900345882431
-2.7458170136264552,-4.168845505575008
-2.7458163338944623,-4.168824368974713
-2.7458168953819024,-4.168824409451756
-2.7458681038218025,-4.167790877856418
-2.745869420790028,-4.167769753543686
-2.7459248522497237,-4.166736420568046
-2.7459782273179125,-4.165681751779524
-2.746029120177386,-4.164626949726161
-2.7460782841170865,-4.163572085082696
-2.7461292571279823,-4.162517297076807
-2.7461785212225185,-4.161462441776136
-2.7462302789581354,-4.160407703396372
-2.7462838229158475,-4.159353056177802
-2.7463348937152343,-4.158298283008433
-2.7463347643117166,-4.158277096871003
-2.746382088663709,-4.157243334064793
-2.7464309796635975,-4.1561884606889965
-2.746478128275095,-4.15513350386385
-2.7464790919722257,-4.155112370595437
-2.746529879129944,-4.154078804807281
-2.7465792660639994,-4.153023955211272
-2.7466307771838494,-4.151969120763093
-2.746682639753779,-4.15091439776618
-2.7467369471038205,-4.149859793644973
-2.7467382846545045,-4.149838685842385
-2.7467968460303096,-4.1488055270786
-2.7468579716170085,-4.147751305480626
-2.746917266102314,-4.146696957974382
-2.7469786088530475,-4.1456426572410585
-2.7470398922905463,-4.144588369747223
-2.7471014581228785,-4.143534186999324
-2.7471029371993887,-4.143513100467835
-2.7471035759465217,-4.143513172757946
-2.74717054999547,-4.142480544213806
-2.7472363831689264,-4.141426602298951
-2.7472376979303434,-4.1414054946522185
-2.7472374969518993,-4.141405497756453
-2.7472379823578796,-4.14140555017086
-2.7473082961043978,-4.140352073244221
-2.747378979082637,-4.1392984390088
-2.7474513857553835,-4.138244921185079
-2.747451734849712,-4.1382450224949725
-2.7475227924456496,-4.137212693096548
-2.7475239133691636,-4.137191619363243
-2.747523340767242,-4.137191600601595
-2.747523550796328,-4.137191649804337
-2.747594491564107,-4.136159270168726
-2.7476645323315094,-4.135105594407707
-2.7477363437831217,-4.134052018088199
-2.7478064573111234,-4.132998339722836
-2.7478077477898144,-4.132977243318733
-2.747881882714641,-4.131945080668798
-2.7479590097372077,-4.130891893655767
-2.7479604444645327,-4.130870798274127
-2.748037188155705,-4.129838829372325
-2.748117044212263,-4.128785841326957
-2.7481185184276176,-4.128764744455596
-2.7481181315943033,-4.128764718089406
-2.7481177968100567,-4.128764706027812
-2.748117802291846,-4.12876463904029
-2.7481177919363047,-4.128764584419724
-2.748194863730861,-4.127732515490571
-2.7482736795362284,-4.126679457573848
-2.7483542078477403,-4.125626527963529
-2.7484322265152055,-4.124573404982248
-2.748432128046835,-4.124573079253022
-2.7485093462847323,-4.123541029892818
-2.748508092381566,-4.1235199266588305
-2.748508577412125,-4.1235199784825305
-2.748508316163638,-4.123519983674609
-2.748584390367992,-4.122466909639812
-2.748660447999813,-4.121413577455139
-2.7487361295810437,-4.120360303280211
-2.748810058387372,-4.11930690682411
-2.7488857451883173,-4.118253628009756
-2.7489589885065744,-4.117200170734536
-2.7490304873850846,-4.116146605112145
-2.749104486542869,-4.115093206059242
-2.749106078021437,-4.115072134456745
-2.749183171688043,-4.114040198715852
-2.749259405111404,-4.112986956096201
-2.749338091815122,-4.1119338803378565
-2.7494188926793224,-4.110880892867703
-2.7494992926114246,-4.109827970778705
-2.749577188968823,-4.108774853055487
-2.7496533076934973,-4.107721611284117
-2.749731207192185,-4.106668491352493
-2.7498066719321597,-4.105615189281426
-2.74987969817254,-4.104561711414732
-2.7498805351543107,-4.104540609339114
-2.7499540555693893,-4.103487357041214
-2.7500273447958774,-4.102433907649151
-2.750098249276573,-4.101380285805335
-2.7501674724348297,-4.100326574884293
-2.7502392506733466,-4.099273027234128
-2.7503135636439744,-4.098219649000538
-2.750389658154855,-4.097166398721645
-2.7504632782370466,-4.0961129672579855
-2.7505344274856713,-4.095059361791371
-2.750603842573187,-4.0940056560900455
-2.7506050545155243,-4.093984565315421
-2.75067850599381,-4.092952365413867
-2.7507550305827313,-4.091899141437111
-2.750756383973359,-4.091878049703062
-2.750831795421485,-4.09084596965627
-2.7508329371701494,-4.0908248678591805
-2.7509089493896566,-4.089792848211558
-2.7509888080338674,-4.088739855772563
-2.751070429942425,-4.087686995321631
-2.751071964116801,-4.087665905194313
-2.7510716007836375,-4.08766588286751
-2.751071284826057,-4.0876658739925515
-2.7511501592723993,-4.086633901368675
-2.751230359328592,-4.085580856931281
-2.75123123196514,-4.085559740439301
-2.751310307165277,-4.084527769961724
-2.7513902662364482,-4.083474798783494
-2.7514680797979967,-4.082421579240555
-2.7515454994261836,-4.081368423887074
-2.751545360115625,-4.081368103085935
-2.75162066231582,-4.080315000874939
-2.751695652911627,-4.079261692180755
-2.7517682139030852,-4.078208199217741
-2.7517681949406527,-4.078187024524787
-2.7518351061267783,-4.077154375249912
-2.751834968167407,-4.077133179652948
-2.7518968698675947,-4.076100209900198
-2.7518966146285098,-4.076078993381561
-2.751896487737728,-4.076079005807858
-2.7519556169911894,-4.075045874225458
-2.7519550960302768,-4.07504551596106
-2.752013895729928,-4.074012320229692
-2.7520748115052545,-4.072958077739057
-2.7520737859553015,-4.07293692374781
-2.7521332323019325,-4.071903832170816
-2.7521913994635696,-4.070849427759137
-2.7522520267137764,-4.069795150386054
-2.7523144075124915,-4.068740983793939
-2.752315552774452,-4.068719869697524
-2.752377055480352,-4.0676868768326715
-2.7523779682941996,-4.0676657546425385
-2.752377763812454,-4.067665668944075
-2.7524414114289235,-4.066632746637478
-2.752440321131828,-4.0666116100834016
-2.7525019574619547,-4.065578636785754
-2.7525623743783343,-4.064524355991451
-2.7526252521371566,-4.0634702081226965
-2.7526266373692394,-4.063449098786161
-2.7526268615110414,-4.0634490432225165
-2.7526267161353166,-4.063449068696945
-2.7526930209673655,-4.062416278960655
-2.7526921271722324,-4.062395163269756
-2.7527573908687035,-4.061341350599532
-2.7528229441887637,-4.060287381445211
-2.752890556875949,-4.059233467590848
-2.7529577453769702,-4.058179623985042
-2.7530224134235817,-4.057125614386369
-2.7530849437310345,-4.056071398505058
-2.7531478385282098,-4.055017299214173
-2.7531479367974834,-4.055017008695945
-2.7532141245115564,-4.053984250860251
-2.753215670540234,-4.053963183229899
-2.7532858487787415,-4.052909710994836
-2.75335636392664,-4.051856084488923
-2.7533580433781317,-4.051835013399306
-2.753358658206142,-4.051835081691065
-2.7533592158400477,-4.051835153063352
-2.7534379898649854,-4.050803342291792
-2.753436910931855,-4.050782259381156
-2.753517880394884,-4.049750421470388
-2.753599730430938,-4.0486975920971675
-2.753679054667336,-4.047644556409609
-2.7536790149795456,-4.047644224222156
-2.7537576050449717,-4.046612256917862
-2.753759301092116,-4.046591185224656
-2.753840839621373,-4.045559580999774
-2.7538396227020905,-4.045538495972317
-2.7538402817696435,-4.045538547485755
-2.7539233280718,-4.044507066225954
-2.754005631674239,-4.043454262185967
-2.7540896584978083,-4.042401588330781
-2.754171931074824,-4.041348780794761
-2.7542566463020153,-4.04029616738088
-2.7542554406818844,-4.040275076465543
-2.754255413190479,-4.040275090671605
-2.75433580742989,-4.039243418413285
-2.7544146407718917,-4.03819034883463
-2.754491715679155,-4.0371371505433125
-2.754571273690932,-4.036084136269129
-2.7546526052432796,-4.035031262754577
-2.7546533474894344,-4.0350101161148215
-2.754653665966871,-4.035010154342299
-2.7547319168354463,-4.033978301848742
-2.7548132412385473,-4.032925428546503
-2.754892804277749,-4.031872411676279
-2.7549748031055343,-4.030819582082689
-2.754976665905257,-4.030798516501195
-2.7550615034271546,-4.02976717524743
-2.755062342286253,-4.02974604394079
-2.7551450510617754,-4.028714340054804
-2.7552293573801494,-4.027661691625173
-2.7552282060119033,-4.027640597051071
-2.755310473165359,-4.0266090525233125
-2.7553120544675713,-4.0265879682758765
-2.7553947420590803,-4.0255564405760484
-2.755481319129324,-4.02450397151835
-2.755570322565885,-4.023451696654535
-2.755569270659,-4.023430632460066
-2.7556592843972094,-4.022399484914611
-2.7557500080211406,-4.0213473850392285
-2.7557519950187612,-4.021326317520952
-2.7557525125389914,-4.021326364789929
-2.755843833696677,-4.020295568289275
-2.75593459716305,-4.019243460882195
-2.7560278056012555,-4.018191557201182
-2.756123119527595,-4.0171397730150495
-2.7561234115661764,-4.0171394858381095
-2.756123950569508,-4.017139579512526
-2.756124426581121,-4.017139665147205
-2.756222172943581,-4.016109469643722
-2.756319416879778,-4.015057959616972
-2.756321248934141,-4.015036916044014
-2.756321647379935,-4.0150369669895465
-2.756423733441462,-4.014007174594833
-2.7564254362088434,-4.013986122434043
-2.7565281190121556,-4.012956388624403
-2.7565262720033563,-4.0129353027241805
-2.756632263863423,-4.011905570292071
-2.7566305835490432,-4.011884503566761
-2.7566312074413104,-4.011884555683983
-2.756736428092588,-4.010855064967361
-2.7567388722977775,-4.010834057530679
-2.75673884314871,-4.010834052594855
-2.7568459722652623,-4.009804784356234
-2.7568480458447286,-4.009783746324378
-2.7569548364936596,-4.008754404713933
-2.7570607321582883,-4.007703694252793
-2.757164918395951,-4.006652824738999
-2.7572716141919886,-4.005602207627332
-2.757380806774493,-4.0045518475238735
-2.757381146058948,-4.0045515541046655
-2.757381733153936,-4.0045516482037185
-2.757492947115237,-4.003522825701243
-2.757494985109864,-4.003501815729361
-2.75749522780568,-4.003501854398311
-2.7576092649464883,-4.002473321059671
-2.7577277762656514,-4.0014239746205105
-2.7577259681902633,-4.001402949100089
-2.75784177093872,-4.000374608791781
-2.7579573930497236,-3.999324941424783
-2.7580754321305814,-3.998275533568191
-2.758077998896785,-3.9982545622235017
-2.7581990048209795,-3.9972267927116807
-2.7581995289675976,-3.9972265255605675
-2.758322189659426,-3.9961990007935198
-2.758444516487847,-3.9951500293704028
-2.7585664443334976,-3.994101096700772
-2.7586866186605317,-3.993051964674367
-2.7586867174970005,-3.9930516639348386
-2.7586864474939814,-3.9930516809023735
-2.758808731686461,-3.9920236670863587
-2.7589311065507522,-3.9909747923232954
-2.7590510080730457,-3.989925615149234
-2.7590531175625204,-3.989904610720969
-2.7591710132351346,-3.9888764974032562
-2.7592882787247133,-3.9878270148833415
-2.7592900273464522,-3.9878059726906576
-2.759289587745976,-3.9878058554236278
-2.75940594208524,-3.986777611079082
-2.759408257623788,-3.98675662589966
-2.7594078779109763,-3.9867565890152608
-2.7595311048207107,-3.9857286568633583
-2.7595290613807113,-3.985707618805124
-2.759652525509167,-3.9846796797083126
-2.7597767050938473,-3.983630980246723
-2.7599025622618587,-3.982582490606776
-2.7600266002828784,-3.981533776604786
-2.7600294338780946,-3.9815128215543636
-2.760029735395913,-3.9815127885902326
-2.76003031645714,-3.9815128898477488
-2.760159155653201,-3.980486108950487
-2.7602928057117886,-3.979438587602887
-2.760428130562915,-3.978391288046323
-2.7604302302422568,-3.978370282527633
-2.7605632849402313,-3.9773434779724153
-2.7606969103512604,-3.9762959502151336
-2.7608329246645384,-3.9752487202416726
-2.760836164003666,-3.9752278280586717
-2.7609746078247617,-3.974202260589364
-2.761117960730347,-3.973156015778943
-2.7612636455985897,-3.9721100844679667
-2.7612644935369373,-3.9721098734779754
-2.761409992109127,-3.971085287376183
-2.761413601245036,-3.9710644652610783
-2.7615638221780707,-3.9700405572877093
-2.7615645870428813,-3.9700403454869577
-2.761565185042446,-3.970040385265508
-2.7617177191067386,-3.969016848160841
-2.761721395512493,-3.9689960474588335
-2.7617215313203225,-3.9689960960372477
-2.7617216144915266,-3.9689961400722935
-2.7617222932259766,-3.9689962557129004
-2.76187640767373,-3.9679729471744762
-2.762031291087128,-3.966928352191831
-2.7620315101539576,-3.9669280488045575
-2.7621861481110046,-3.9659048150575957
-2.762346095175573,-3.9648609921777225
-2.7625084276603444,-3.9638175252921295
-2.762672405186327,-3.9627743366907566
-2.762833850640518,-3.9617307476028363
-2.7629934800036122,-3.9606868772781096
-2.7629968307081803,-3.9606660352171392
-2.7631576850936783,-3.9596437496945214
-2.7633194463233157,-3.958600210439537
-2.763482935074701,-3.95755692933825
-2.7636446842351328,-3.956513382106999
-2.763644848041588,-3.956513083039144
-2.763806262699902,-3.955490900117936
-2.763809100591548,-3.955470019890484
-2.7639698484056234,-3.9544477403254654
-2.7641307345946764,-3.9534040597910622
-2.764289170509234,-3.952359991657395
-2.764445894603087,-3.9513156839813757
-2.7644488964541427,-3.951294798760206
-2.7644491034818857,-3.951294849326358
-2.764610271172787,-3.9502726294961885
-2.7646129779829636,-3.950251702281535
-2.7647744704250625,-3.949229483739563
-2.764940654857079,-3.9481866281158324
-2.7651050684615224,-3.9471434801171643
-2.7651053795960823,-3.947143195316635
-2.765105927250003,-3.9471433127549216
-2.7652719764525004,-3.946121870353246
-2.7654435941228295,-3.9450798988924296
-2.76561758923516,-3.944038310105995
-2.765793927129573,-3.942997116213033
-2.7659722514990057,-3.941956196644935
-2.7661507793338735,-3.9409153980606453
-2.7663316122946076,-3.939874994292318
-2.766514753447176,-3.938834991600985
-2.7665190274547804,-3.938814330751546
-2.766702691098721,-3.9377954824283927
-2.7668869388621933,-3.9367556866145765
-2.76688983410354,-3.936734797853514
-2.767065867697964,-3.935715004355781
-2.7670691385845276,-3.935694166869774
-2.767069245883527,-3.935694197963183
-2.7672472458644983,-3.9346747360033474
-2.7674258956880147,-3.933633929864242
-2.7676021692187627,-3.93259270981694
-2.7676042866733757,-3.9325716420477863
-2.7676034705820745,-3.9325715047857477
-2.7677706478465858,-3.9315502448702406
-2.767943548992594,-3.9305084826207786
-2.767946389899506,-3.9304875591361474
-2.7679468718609406,-3.9304876417562675
-2.76811891989675,-3.9294671689887255
-2.7681227104318316,-3.929446402344437
-2.7681232808677634,-3.929446495880941
-2.7683024815040795,-3.928427245852436
-2.7683064939809285,-3.928406513130332
-2.768306466568036,-3.928406507670261
-2.7683070907193477,-3.9284066202257466
-2.7683076162335927,-3.9284067178635587
-2.768307424684668,-3.928406688821277
-2.7684914631096507,-3.9273882861439597
-2.7686813675457502,-3.926349468863939
-2.768685618195291,-3.9263287762176087
-2.7686856633505728,-3.9263287885706295
-2.7688738486288096,-3.92531118282913
-2.7690627544944615,-3.924272190394873
-2.7690662919721984,-3.924251383901644
-2.7692525363694105,-3.923233414000403
-2.7694441951105473,-3.922194930056416
-2.7696341420206183,-3.921156129921025
-2.769637268996953,-3.9211352668096526
-2.769823869599087,-3.920117332302693
-2.7700164377728957,-3.9190790179228063
-2.770211388778768,-3.9180411391359597
-2.7704086851875105,-3.9170037062209153
-2.7706083006822184,-3.915966719547882
-2.770809519200946,-3.914930071500482
-2.771008190254204,-3.9138929262248747
-2.7710122199329135,-3.913872210732023
-2.771207906162323,-3.912856020711641
-2.771409133015352,-3.9118193677829334
-2.7716082654861918,-3.910782221744414
-2.7718041093341284,-3.9097662549254246
-2.7720023994647023,-3.9087506374510315
-2.7720026777854847,-3.908750409909513
-2.7722068251013696,-3.907714560884579
-2.7724113372011288,-3.9066785939465793
-2.772617886097802,-3.9056429433406614
-2.772824727375283,-3.9046074328164817
-2.773033212492038,-3.9035722541645854
-2.773033418963234,-3.9035720014494935
-2.773033181044558,-3.903572017941241
-2.773233183462585,-3.902556704554112
-2.7734342133878114,-3.901520026939452
-2.773633539738386,-3.9004830202150385
-2.7738353292913973,-3.899446483439242
-2.7740388756219554,-3.898410287583258
-2.7742406925015843,-3.8973737547367615
-2.7744442260612354,-3.896337555431361
-2.7746453403537217,-3.8953008791898514
-2.7748440354433095,-3.8942637328068255
-2.7748467426691157,-3.894242781372217
-2.7748460671943667,-3.89424266961772
-2.775035130290019,-3.893225230230467
-2.775230334703526,-3.892187423764723
-2.775427983932007,-3.8911500670796597
-2.775628027900794,-3.89011316938393
-2.775830102427375,-3.889076597520774
-2.776031723074773,-3.8880400402066493
-2.77603583758664,-3.8880193640973464
-2.7762344049572603,-3.8870037393289265
-2.7762387759940697,-3.8869830996762964
-2.776442326375007,-3.885968441101225
-2.7764469306544655,-3.8859478367677913
-2.7764469376683585,-3.8859478504772373
-2.7764475801769994,-3.8859479912655264
-2.776447454357528,-3.8859479810602595
-2.7766536529264942,-3.8849338410968826
-2.776865520926865,-3.883899296274245
-2.7770749299271933,-3.882864239422517
-2.7770748647137733,-3.8828638873159806
-2.777278773817737,-3.881849323668065
-2.777282223995854,-3.8818285558146783
-2.7774897518192803,-3.88079332599018
-2.7776976201147363,-3.879757988988391
-2.7776979599670977,-3.8797577377624393
-2.7779077951570166,-3.8787230053835176
-2.777908041736633,-3.878722760519409
-2.778117788219514,-3.877688027333204
-2.7783271906690405,-3.8766530384276696
-2.778331219394453,-3.8766323806839025
-2.778536765419773,-3.875618136699416
-2.778743898664982,-3.874582586489255
-2.778950713472393,-3.873547047629012
-2.7791551691094982,-3.8725110333114414
-2.779158663724542,-3.8724902745944587
-2.7793602750429747,-3.871475264165936
-2.7795676930889432,-3.870439834351315
-2.779773442367021,-3.869404072338893
-2.779980953578941,-3.8683686530797057
-2.7801860834331675,-3.8673327570078873
-2.780388824783027,-3.866296388848663
-2.7803922950445923,-3.866275615234886
-2.7805922320441785,-3.865260257253307
-2.780797927330444,-3.864224475872625
-2.780797702131532,-3.8642241009873732
-2.7809981192411413,-3.8632088389232164
-2.7810022560037324,-3.8631881793476395
-2.7812077203340486,-3.8621739053191235
-2.781211314439242,-3.8621531638030606
-2.7812118897793017,-3.862153282995617
-2.7814196662128805,-3.861139477429932
-2.7816332208621266,-3.860105284823328
-2.7818443191262476,-3.85907057556775
-2.7818483636634013,-3.8590498778657603
-2.7820563111604932,-3.858036113895995
-2.782270812221192,-3.85700211265593
-2.7824877206414182,-3.855968603468375
-2.7827069919100484,-3.8549355947642816
-2.7829282686365193,-3.8539029479035016
-2.7831497669530774,-3.8528704381688286
-2.783372881934495,-3.8518382945336023
-2.783593494401134,-3.8508056046875465
-2.7835971321921313,-3.8507848509151295
-2.783809628616023,-3.8497720230335295
-2.7840283144927787,-3.848738835512118
-2.7842466111632627,-3.8477056546926454
-2.7844631497507177,-3.846672101923175
-2.7844676456931268,-3.8466515050543286
-2.784684228589102,-3.8456395453924057
-2.784902227300265,-3.844606288623276
-2.7851185080627343,-3.843572672654745
-2.78511850958196,-3.8435723461133793
-2.7853368867240555,-3.84253937821765
-2.7853412136913045,-3.8425187758036694
-2.7853411808143336,-3.842518723097372
-2.785558412660441,-3.841506936547329
-2.785562296269335,-3.8414862540150856
-2.7857797998225897,-3.8404744687448873
-2.7860031706965893,-3.8394423680231484
-2.7860033470035592,-3.8394420765919857
-2.786003740030787,-3.8394421985974154
-2.7862234084115585,-3.8384309286687084
-2.7864498306370296,-3.8373994841803145
-2.7866786258976077,-3.8363685503805716
-2.786909755164115,-3.8353381371899733
-2.7871431912756126,-3.8343082445790646
-2.787378912350034,-3.833278873091338
-2.7873843100309577,-3.8332584885557806
-2.7876194327143615,-3.832250181104619
-2.787623744739583,-3.832229578472837
-2.787854602276737,-3.831220724164766
-2.7878596866436767,-3.8312002537154672
-2.7880944843265003,-3.830192219327421
-2.7883310424611594,-3.829163038263169
-2.78856517156857,-3.828133291261051
-2.788797270029542,-3.8271030169936844
-2.7890294209021453,-3.8260727738600684
-2.789033060464629,-3.8260520146268773
-2.7892628349853865,-3.825021516064302
-2.7892665129317775,-3.825000768725382
-2.789490178894841,-3.8239903485790974
-2.7897199377777517,-3.822959657101695
-2.7899472969681094,-3.8219284170557164
-2.790172937795897,-3.8208968101972114
-2.7904010185628403,-3.81986573548275
-2.79063084444258,-3.8188350492813847
-2.790634629184543,-3.8188143017881027
-2.7908562037423463,-3.817803408135154
-2.791083821877845,-3.8167722309106273
-2.791088293198673,-3.816751636610807
-2.7910885449781397,-3.816751707043989
-2.7913140926086335,-3.8157416999346303
-2.791318402301094,-3.8157210709418172
-2.791317833422182,-3.8157209390017237
-2.791541137331759,-3.8147104281409923
-2.791766014869026,-3.8136786205202062
-2.7917699763978225,-3.8136579170614366
-2.791990823021325,-3.812646839162569
-2.7919903343269614,-3.812646393852608
-2.792209515075757,-3.811635012652941
-2.7924348318315366,-3.8106033201803604
-2.792657800638788,-3.809571105788461
-2.7928790945157256,-3.808538552104199
-2.7928825578507053,-3.8085177455461476
-2.792882776797539,-3.8085178104219026
-2.7931022940056227,-3.8075064886119407
-2.793328596779169,-3.806475008455693
-2.7933334596487165,-3.806454485151518
-2.7933333866828187,-3.806454479815294
-2.793558123459518,-3.805444269107664
-2.7937888844368914,-3.8044137805723586
-2.794017886726195,-3.80338288446369
-2.79424924036856,-3.8023525155211217
-2.7944829538949407,-3.801322680775214
-2.794718303444381,-3.800293240552308
-2.794951847184916,-3.799263376380146
-2.79495689488455,-3.7992429009113846
-2.795190799805723,-3.7982347835361017
-2.7954313178966546,-3.797206452595821
-2.7956720788395133,-3.7961782613260096
-2.795676706574131,-3.796157746784342
-2.795912995098277,-3.795150155781224
-2.7961561132415724,-3.7941225125914673
-2.796401534892162,-3.79309540606804
-2.796649233346433,-3.7920688473916733
-2.796892959574299,-3.7910633224614263
-2.7971387446923535,-3.7900363563222688
-2.797138415939515,-3.790035977675108
-2.7973773277487464,-3.7890290806631364
-2.7976185819174764,-3.78800095500236
-2.797859550832202,-3.786972833821799
-2.798098900461878,-3.7859443499493675
-2.7981034926573227,-3.7859238241596187
-2.798343309004066,-3.784917128119982
-2.7983475364743877,-3.7848965069843556
-2.7983479710045076,-3.7848966262946058
-2.798590204810093,-3.783890489728733
-2.798839630240665,-3.782864354817113
-2.799091415064779,-3.781838785314422
-2.7990920600180598,-3.7818386098305754
-2.7990928470569765,-3.7818388339340814
-2.7990932151933565,-3.781838877827676
-2.7993437506308183,-3.780834808212123
-2.7995915449933975,-3.779830227854954
-2.799591163732862,-3.7798302092000475
-2.7998353087523635,-3.778824574312568
-2.800085907921988,-3.7777987674318925
-2.8000909015588813,-3.777778322710351
-2.8003375816470206,-3.776773281079495
-2.8003420106186523,-3.776752726638767
-2.8005889537213284,-3.775747712703971
-2.8005944059653336,-3.7757273472266593
-2.800846180580744,-3.774723532130351
-2.8008510036539254,-3.7747030618728656
-2.8008510871297627,-3.7747030883262536
-2.8008517542180016,-3.774703257237827
-2.8008516455747787,-3.774703241245807
-2.80110121626926,-3.7736988725864813
-2.8013580614526283,-3.7726745525883763
-2.8013637695640887,-3.772654228004399
-2.8016204270211924,-3.7716516386980796
-2.801884176866277,-3.770629007242778
-2.8021474596985456,-3.7696063537347264
-2.802152872404314,-3.769585982699236
-2.802152643050923,-3.7695859400951726
-2.8021524331266248,-3.7695859100089324
-2.802406391434709,-3.768582655298015
-2.8026631819617274,-3.767558342175589
-2.8029223675583537,-3.7665346209465564
-2.803183944696201,-3.7655115086532214
-2.8034475503581615,-3.7644888479704224
-2.80345244059759,-3.7644683881322556
-2.803708230570097,-3.763465625078377
-2.8037083093275896,-3.7634653217842065
-2.8039622007892797,-3.762462068287915
-2.8039676206979522,-3.762441717117484
-2.8042256440710616,-3.7614394602568626
-2.8044859676468907,-3.760416040362217
-2.804490146875468,-3.7603953574054017
-2.8044899451312513,-3.7603952365395537
-2.8047458204281743,-3.7593709050748623
-2.8050014313835514,-3.7583463153299195
-2.8052553766762784,-3.7573213168964457
-2.8052604273658766,-3.757300881107908
-2.805514451875326,-3.7562976607400254
-2.8057759514155154,-3.7552745477176335
-2.8057815768260435,-3.7552542351013063
-2.8057815338414986,-3.755254242580591
-2.806040698572178,-3.754252306202395
-2.80630728995498,-3.7532304913199175
-2.806575507609448,-3.752209111403884
-2.806841256514157,-3.7511870831368057
-2.8068465344056546,-3.751166683762615
-2.807107945642303,-3.750165357525378
-2.8071127177827653,-3.7501448737278626
-2.807374417045091,-3.749143584073197
-2.8076436147667234,-3.748122449231899
-2.8076442045831707,-3.7481222604768485
-2.807644940455189,-3.7481224800347626
-2.807645571465153,-3.748122674580741
-2.8079208177435233,-3.747103367163378
-2.8079265098762787,-3.7470830999811304
-2.8081985362375614,-3.7460843132399333
-2.8081985357409183,-3.7460839840710887
-2.8081981185936744,-3.7460839030785342
-2.8081977392082265,-3.746083831338747
-2.8084629309133953,-3.745083503911332
-2.8087312845870622,-3.7440621683362307
-2.8087359290306746,-3.7440416107878915
-2.8087362706325343,-3.744041709725309
-2.8087365648641516,-3.7440418066276493
-2.808736862682737,-3.7440419021340685
-2.8090067407535018,-3.7430427888347646
-2.8092843012596465,-3.742023893662799
-2.8092895470119426,-3.742003504671743
-2.80956107514685,-3.7410048615590044
-2.809835810382648,-3.7399852055186478
-2.8098414674664967,-3.7399649258529695
-2.809841303888609,-3.7399648849843428
-2.810112652973386,-3.738966199104405
-2.8101180604630467,-3.738945842772061
-2.8101182659919766,-3.7389458984794097
-2.8101178381512137,-3.738945784346985
-2.8101181272991376,-3.738945871220915
-2.8103913701230563,-3.737947621312209
-2.8103966548679975,-3.737927234718815
-2.810396736878773,-3.7379272546001148
-2.8106728193229396,-3.736929846085482
-2.8106778488896786,-3.7369093859307982
-2.8109542891688957,-3.7359120215075974
-2.8112377577284215,-3.7348947532775023
-2.811519516371314,-3.733877002593416
-2.811802925992761,-3.732859719125287
-2.811808569663869,-3.732839422143719
-2.812086583322528,-3.7318424759524844
-2.8123673726930987,-3.730824467532099
-2.8126464962411832,-3.7298060117713403
-2.8129280523512548,-3.7287882243611135
-2.8129338108174418,-3.7287679708231054
-2.813214842004443,-3.7277719430912875
-2.8135038396665255,-3.7267562418365654
-2.8137948527329337,-3.725741035605679
-2.814085424454699,-3.7247258073002154
-2.8143742326898353,-3.723710068777648
-2.8146653661868477,-3.722694990854004
-2.8149585192965203,-3.721680418932022
-2.8149646968001583,-3.7216603076753634
-2.815254131685524,-3.720666394228643
-2.815547194591966,-3.719651884904242
-2.8155525699167097,-3.7196315496557473
-2.815840214656095,-3.7186373770892485
-2.816135470214781,-3.717623409052432
-2.8164309891264043,-3.716609600956778
-2.8164366519456263,-3.716589360439193
-2.816731629298586,-3.7155755881187695
-2.817026221560415,-3.7145615276456643
-2.817026336013009,-3.7145612411632554
-2.8173129214190364,-3.713566838102327
-2.8173185307403505,-3.713546575231063
-2.817610751166174,-3.7125320074208794
-2.817903417940387,-3.7115173913088824
-2.818198480100772,-3.7105034568246724
-2.8184955945588817,-3.7094900431279614
-2.8187929829603275,-3.708476799873491
-2.8190926857943484,-3.707464231541053
-2.819394691297871,-3.7064523417731547
-2.8194006729521446,-3.7064323390167364
-2.8194015265511805,-3.7064326139417343
-2.819698897481528,-3.705440924491643
-2.8199993660055815,-3.704428570192795
-2.8202981117975927,-3.70341570052647
-2.8203041345110638,-3.7033955501202116
-2.8203045057741125,-3.7033956768904583
-2.8203048635215775,-3.703395808469328
-2.8203052115009752,-3.703395934121667
-2.820609465116304,-3.7024067213893073
-2.8206158753626833,-3.702386686949267
-2.820930396782641,-3.7013787821682764
-2.820936832521818,-3.701358752627317
-2.8212473322230616,-3.700371103500213
-2.821561273035825,-3.6993628319827696
-2.8218728670626385,-3.6983538212910063
-2.8221821496964763,-3.6973441007203407
-2.822181670044666,-3.697343616191289
-2.8221812085626388,-3.697343431242885
-2.82248250826449,-3.6963533749068276
-2.8227878289539827,-3.695342502809846
-2.822787685696346,-3.6953421331822445
-2.8227878195158205,-3.695342227250619
-2.8227879687728485,-3.6953423211453926
-2.8230943231604284,-3.694353804085859
-2.8234084814116787,-3.693345615033233
-2.8234139623642847,-3.6933252753090406
-2.823414228680491,-3.6933253719170014
-2.823413815892965,-3.6933252609315863
-2.8237181808679335,-3.6923360959393774
-2.8237246411299064,-3.692316051462552
-2.8240337939390305,-3.691328375480771
-2.824351490218569,-3.6903212699955437
-2.8246714865486724,-3.689314884885399
-2.824677818854656,-3.689294837313306
-2.8249917046476587,-3.6883085954308648
-2.8253132885381587,-3.6873027473573456
-2.8253200279310073,-3.6872827789325475
-2.82532055429163,-3.6872829500015794
-2.825320743333223,-3.687282941058804
-2.8253209086032056,-3.6872829385587815
-2.8256381837922313,-3.6862978784754836
-2.8259597280032627,-3.685292028039104
-2.82628361967006,-3.684286915644891
-2.826609855117682,-3.6832825591318166
-2.826937714238198,-3.6822787447418337
-2.8269444003497237,-3.6822587977283456
-2.8269445165744047,-3.6822587719750883
-2.827265984917812,-3.681275071053677
-2.8272716731100607,-3.681254807859187
-2.827588279393707,-3.6802695043689893
-2.8275936946589137,-3.6802491334945318
-2.8279054803540595,-3.679262285751032
-2.8279106854623115,-3.679241836371008
-2.828218522301357,-3.6782537273089133
-2.828224050873454,-3.6782333984703666
-2.8282240470211506,-3.6782333126006748
-2.8285321316823477,-3.6772453142248827
-2.828848728797309,-3.6762378770475417
-2.8288554717677963,-3.6762179263760753
-2.8291763189261516,-3.6752120260312866
-2.8294975187753812,-3.6742060565082597
-2.8298210136480364,-3.6732008154368
-2.8298280007858017,-3.67318096407477
-2.829828435371745,-3.6731810423619655
-2.829829093183696,-3.6731812945711066
-2.830152966877923,-3.6721983512859424
-2.8304855744162176,-3.671196090441145
-2.830819768218262,-3.670194365293501
-2.8311515371119675,-3.6691918290465946
-2.831158177352455,-3.669171855348361
-2.831484244328681,-3.668189658693679
-2.8314845518447016,-3.6681894231647374
-2.8318124192878864,-3.6672078277973448
-2.8318190323370014,-3.6671878890152096
-2.8321473622052546,-3.6662064462019988
-2.832484678434936,-3.665205757279098
-2.832491111559381,-3.665185740036295
-2.832821211357544,-3.6642048808805856
-2.832827234764694,-3.664184709100321
-2.8328269308562226,-3.6641846081234126
-2.8331499733525236,-3.6632014045308017
-2.8334774090372776,-3.6621974353555524
-2.833484028166643,-3.662177451018247
-2.833809909197443,-3.6611951627381925
-2.833816861242259,-3.6611752844316725
-2.83414683838427,-3.6601941665991298
-2.8341527986391997,-3.6601739627057266
-2.834478711966321,-3.6591916544250376
-2.8348134359745494,-3.6581900800924787
-2.8348198278483827,-3.6581700314959313
-2.8351473798567306,-3.6571883153259774
-2.8354786730575463,-3.6561856043780634
-2.835808278772761,-3.655182339482716
-2.835808403786339,-3.6551820308720333
-2.8358087421117872,-3.6551821764106727
-2.8361365287326987,-3.654200543395681
-2.836473225250466,-3.6531996491275933
-2.83681223098112,-3.652199522136384
-2.837153505025258,-3.651200167503291
-2.8374963438765195,-3.6502013732546903
-2.837502804802701,-3.6501813726231704
-2.837502752130575,-3.6501813755076356
-2.8375032810969265,-3.6501815740970156
-2.8378354156945,-3.649201384925327
-2.8378418768527904,-3.649181398609931
-2.837841866751396,-3.649181399986888
-2.8381720444366714,-3.6482005191541043
-2.8385103701304444,-3.647200167420371
-2.8385172866301835,-3.6471802764896566
-2.8388490307984107,-3.646199874709175
-2.8391853703494605,-3.6451988528226402
-2.839523373165415,-3.644198380958557
-2.8395293025175405,-3.6441781652197696
-2.8398629020366957,-3.643176420276579
-2.84019658250011,-3.6421744433696532
-2.840529918211352,-3.6411724424717735
-2.8405356116945653,-3.641152171996918
-2.8408587439536737,-3.640168997623539
-2.84119004395687,-3.6391663161136734
-2.841519378367398,-3.6381628977578626
-2.841848365095848,-3.637159458854083
-2.8421753918530843,-3.636155300888491
-2.8425021046722274,-3.6351511301201898
-2.842827191819117,-3.634146443754929
-2.843154682584283,-3.633142528202166
-2.8431613947956103,-3.63312260794864
-2.843161771594835,-3.63312276402811
-2.8431615001191832,-3.633122709371011
-2.843486710589811,-3.6321402418222983
-2.84348664340092,-3.6321398829834854
-2.8438100414536787,-3.631156810149636
-2.843810237205414,-3.631156545941799
-2.8441362101577568,-3.6301743188628266
-2.844142442226599,-3.630154266403205
-2.844467843052026,-3.629171856774889
-2.844796950003342,-3.6281684411181674
-2.845123703786493,-3.6271642436811358
-2.8451298469115613,-3.627144232465853
-2.84545042767175,-3.6261601983649423
-2.8457747786849232,-3.625155222753773
-2.846097531867892,-3.6241497512028826
-2.8464227267968725,-3.623145063148653
-2.8467496730026602,-3.622140937060048
-2.8470749706284195,-3.6211362857412035
-2.847402629442206,-3.6201323993315815
-2.847409451579097,-3.6201125015816134
-2.847409307009785,-3.620112475329934
-2.8474091649800615,-3.620112456329036
-2.8477302339350845,-3.6191286268537977
-2.8480556258751686,-3.618123998734086
-2.848062299348446,-3.618104030222825
-2.848385399509971,-3.617120657071726
-2.848712908897568,-3.616116716209853
-2.8490427663412587,-3.615113533348824
-2.8493749670101463,-3.614111124651781
-2.8493820230894107,-3.6140913034080038
-2.849382663380239,-3.614091526016212
-2.8493825967602255,-3.614091529169679
-2.8493828597617687,-3.6140915493703427
-2.849713196815443,-3.6131107458224614
-2.8497203417989674,-3.613090951005813
-2.8500546160254028,-3.6121112303494023
-2.8500614699303526,-3.612091331132353
-2.8500611320950995,-3.6120912151626325
-2.8503930518541094,-3.611110964186416
-2.8503996180018376,-3.6110910880696663
-2.8507320480580582,-3.610111007403571
-2.850738211227821,-3.61009089698352
-2.8510702026576045,-3.6091106579711365
-2.8510761031764247,-3.6090904228299614
-2.851075664272599,-3.6090902644294647
-2.8514007060188584,-3.608107711427342
-2.8514070286631226,-3.608087823449651
-2.8514070632109516,-3.608087833017991
-2.8517348115690027,-3.6071061858783984
-2.851741636907998,-3.6070862624222664
-2.8517413494417436,-3.607086154205208
-2.8520712060988886,-3.6061052061516006
-2.852077761012098,-3.6060853506916106
-2.8520772590761703,-3.6060851660832127
-2.8524048466428233,-3.605103450415734
-2.852736953857173,-3.6041010119205
-2.8527436092326126,-3.6040810344228547
-2.8530733421092425,-3.603099881634649
-2.853407338359861,-3.6020979884926385
-2.8537416783991354,-3.601096308248388
-2.8540777222833222,-3.600095193197674
-2.854412118302696,-3.5990935342615793
-2.8544189198107226,-3.599073630823788
-2.8547515905307983,-3.598093632092587
-2.8550932925304338,-3.597094434773187
-2.8550999004032653,-3.5970744773418284
-2.8554351166085876,-3.596095280651648
-2.8557788869364127,-3.5950967097285838
-2.8561228832627963,-3.5940983010257246
-2.8561303209635227,-3.594078607444624
-2.8564714664243507,-3.593101231244419
-2.85681665776096,-3.592103242277904
-2.857159478501097,-3.5911044217955497
-2.8571592849104817,-3.591104015219415
-2.857493979857752,-3.5901247468115187
-2.85783713476759,-3.5891260648281933
-2.858178338094645,-3.588126623142202
-2.858185047886972,-3.5881067105496345
-2.858184581651949,-3.588106578135022
-2.858519920075107,-3.587127511632295
-2.8585261511470854,-3.5871074655463127
-2.858526318578249,-3.587107452391983
-2.8588610866090387,-3.5861282019832945
-2.85919982649722,-3.5851280005154393
-2.8592062870867814,-3.58510813590311
-2.8592060190093123,-3.585107976304014
-2.85920611129355,-3.585108050031915
-2.8592055876276032,-3.585107894909319
-2.8592051424816582,-3.585107763250352
-2.859205068071787,-3.5851076751877518
-2.859536205097345,-3.5841271811329642
-2.859875671038201,-3.5831272291681397
-2.8602134879699226,-3.582126709878987
-2.8605536264497586,-3.5811269759058053
-2.8605540446717566,-3.5811267812758674
-2.8608899685665996,-3.5801479015028836
-2.8612342281124974,-3.5791496092171644
-2.861241279546829,-3.579129818919676
-2.86157956038934,-3.5781517525479782
-2.861586053864751,-3.5781317926368406
-2.861586018959974,-3.5781317930936423
-2.8619216103027867,-3.5771528095571408
-2.8619276857699365,-3.5771326477213794
-2.86225837242316,-3.576151968484655
-2.862593615448832,-3.575150580282652
-2.862931222382616,-3.5741499758641195
-2.862937520387248,-3.574129893694244
-2.8632679622330603,-3.5731491508981312
-2.8632679795820137,-3.573148810074479
-2.8632675687516453,-3.573148696229221
-2.863593340258219,-3.572166407305692
-2.863922900189548,-3.5711631326038633
-2.8642508303180008,-3.5701593338964566
-2.8645811637460206,-3.5691563207101957
-2.8649135780680752,-3.5681539148183954
-2.8652462970030745,-3.5671517082610182
-2.8655813356233906,-3.5661502694502456
-2.865918006092926,-3.565149388184745
-2.866252947825605,-3.564147916399949
-2.8665901721180127,-3.5631472073226087
-2.8665973440316477,-3.563127445495433
-2.866932720351861,-3.5621483461753423
-2.8669394207172023,-3.5621285088178407
-2.8672740931054848,-3.5611492072648465
-2.8676133027049926,-3.5601491583423908
-2.8679547961113743,-3.5591498761994425
-2.8679620454058266,-3.5591301260973687
-2.867962409913776,-3.559130179992346
-2.8683010993626006,-3.5581522712975944
-2.8686438012437843,-3.557153423227255
-2.8689841543055756,-3.5561537574449043
-2.8689898931599296,-3.556133478718881
-2.8693199708507793,-3.555152590970858
-2.8696583353398966,-3.554152257707387
-2.8699950689236498,-3.5531513740748943
-2.870334154953301,-3.5521512833012374
-2.870674919057173,-3.5511517676948094
-2.871013330050103,-3.550151449797122
-2.8713493906461833,-3.549150337309311
-2.8713550181737704,-3.5491300282098384
-2.8713544042897174,-3.549129836987472
-2.8716774677126007,-3.5481466344272192
-2.871682899121352,-3.548126259130646
-2.8720076729895707,-3.547121616625698
-2.872332213077437,-3.5461167135463336
-2.8726548231773874,-3.545111113288557
-2.8729778092430958,-3.544105741158761
-2.8733025409298256,-3.543100915689918
-2.8733080546859036,-3.543080587542365
-2.873622031369625,-3.542094460127966
-2.8739398955240163,-3.5410873565185943
-2.8739452068978055,-3.5410669755527633
-2.8742551928267557,-3.5400795757078396
-2.874261589067702,-3.5400595469349074
-2.8742619024216287,-3.5400596635897905
-2.874578147507176,-3.539074258476044
-2.874898677919023,-3.538068071994827
-2.8748987991642445,-3.5380677642858784
-2.875221305932371,-3.5370624190422033
-2.875544201582987,-3.53605701235805
-2.875869437027874,-3.5350523482270435
-2.8761969903110245,-3.534048432233302
-2.8765265162216034,-3.53304508805354
-2.8768555886985734,-3.5320416978946
-2.8771829079896696,-3.531037721002256
-2.8771832990687605,-3.531037532661769
-2.8775067311861617,-3.5300544514643866
-2.8778381664197443,-3.529051841016507
-2.878167208930525,-3.5280484210164884
-2.8784942140349554,-3.5270442538256668
-2.878821526502642,-3.526040284915456
-2.879151196795783,-3.5250370786193472
-2.8794825331961316,-3.5240344234854746
-2.8798114923089857,-3.523030977108223
-2.8798172007897223,-3.5230107217967506
-2.880135221444798,-3.522025887311652
-2.8804568655775493,-3.521020056979112
-2.880776212432555,-3.5200134816001163
-2.880782000014548,-3.5199933594945985
-2.8807811677847415,-3.519993100651126
-2.8810933406740458,-3.519006408790449
-2.8814141968820697,-3.518000325821818
-2.8817374412163366,-3.516994994459555
-2.8820623438547393,-3.5159902076753013
-2.882384861794667,-3.5149846502193736
-2.8827056687102472,-3.513978553763802
-2.88271221252281,-3.513958551149342
-2.8830308498247543,-3.51297381260805
-2.883037174482615,-3.512953857252667
-2.8830373161255953,-3.5129539161889767
-2.8833578745563995,-3.5119698517899427
-2.88336338808004,-3.511949504590684
-2.8833631647293907,-3.5119493500383854
-2.883678971071576,-3.510963797875701
-2.8839990798057817,-3.50995748426588
-2.8840054020260317,-3.5099374208408345
-2.8843241892283626,-3.5089528166423034
-2.8846510650895154,-3.50794866682765
-2.8849762739763247,-3.506943970408962
-2.8853038146151673,-3.50594003199372
-2.8856330125496807,-3.5049366454518935
-2.885959829842608,-3.503932478055918
-2.8862842729175173,-3.502927538729679
-2.886606733327302,-3.5019218902295233
-2.8869295489156293,-3.5009164613401134
-2.886935305939907,-3.500896234054384
-2.8872513453595894,-3.499910776352154
-2.8875716081098637,-3.4989045214818386
-2.887894241758847,-3.497899008448511
-2.8878945524781807,-3.4978987746003005
-2.888212632368467,-3.4969139894786085
-2.888218325398736,-3.4968937284609196
-2.888531503145041,-3.495907345446533
-2.8885376068913815,-3.4958872252478086
-2.8888513357858243,-3.494901008074796
-2.8891730891304075,-3.4938952035990436
-2.8891786551769796,-3.493874872808145
-2.889178218378966,-3.493874736818393
-2.8894871249488436,-3.492887008071319
-2.889799460785145,-3.4918782277334657
-2.890110163183198,-3.490868956774853
-2.8901100759836256,-3.4908685840514972
-2.890416593548881,-3.4898801244462994
-2.89042250760165,-3.489860053983213
-2.8907288669314855,-3.488871456178728
-2.891039351902407,-3.4878621326805335
-2.89135225648749,-3.486853542460001
-2.891666888594996,-3.4858454877159932
-2.8919791772805636,-3.4848367031773
-2.8922897876525813,-3.4838274160523848
-2.8926021220639844,-3.4828186516236688
-2.892912138937478,-3.4818091705569905
-2.8932198301211254,-3.480798976487558
-2.893225442746569,-3.480778793048038
-2.8932246619731354,-3.480778564161188
-2.8935307611025105,-3.479768094550355
-2.8938366274883465,-3.4787573583109714
-2.894140197287873,-3.477745921454047
-2.8944414754229477,-3.4767337974181145
-2.894741152424511,-3.4757212273000593
-2.894740906978046,-3.475720827175436
-2.894740663242958,-3.4757207188914183
-2.895036538930732,-3.474729043933759
-2.895336249963237,-3.4737164972264227
-2.8953362174505792,-3.4737161664737592
-2.895632701317251,-3.472724664370425
-2.895936820946037,-3.4717134222952146
-2.896238581513695,-3.4707014549355772
-2.8965383298663956,-3.4696888141328714
-2.8965433343281286,-3.4696683808634092
-2.89683479014704,-3.4686753766634264
-2.896834513508333,-3.468674977947957
-2.8971241702812964,-3.467681469255007
-2.8971293022215434,-3.467661080841001
-2.8974193165725497,-3.466667625850258
-2.8974196214696497,-3.466667385826435
-2.8977113789923554,-3.465674491159489
-2.8980068336749008,-3.464660671960519
-2.898303960391323,-3.463647328464005
-2.8985987216552482,-3.4626332907565947
-2.8988911167075533,-3.4616185656374525
-2.8991815336267837,-3.4606032032488887
-2.8991869957000187,-3.460582906893503
-2.8991869891636095,-3.4605829451588606
-2.899476924984138,-3.459589518153764
-2.8994829374730173,-3.4595693488674555
-2.899483276908491,-3.459569461546278
-2.8997803245458984,-3.458578110969343
-2.9000857018119364,-3.457567210956147
-2.900392721497356,-3.456556812227173
-2.900697326029583,-3.4555456807543847
-2.900702593453461,-3.4555252825513882
-2.900702203090416,-3.455525175130391
-2.9009942022191146,-3.454532320528448
-2.900999134477571,-3.4545118158382158
-2.9009985955820556,-3.4545116554645965
-2.900998438476789,-3.4545115384742218
-2.9012834880747373,-3.45351667214769
-2.901288942044918,-3.4534965634776347
-2.901288950738129,-3.453496577763924
-2.9015760171677507,-3.4525022690699165
-2.9015814635820028,-3.4524819485025082
-2.9015807764153974,-3.4524817373822625
-2.901580199629033,-3.4524815727969216
-2.9018630936296455,-3.4514860697005414
-2.9018677079175363,-3.4514654693773474
-2.9021457602878096,-3.450468589173816
-2.902427282935857,-3.4494507924111106
-2.902710563455724,-3.448433461322956
-2.9027151510893754,-3.4484128459263585
-2.902988491851768,-3.447414685095274
-2.9032645194101727,-3.4463953709846016
-2.903538242907647,-3.445375427542946
-2.9038103621136493,-3.4443550888593446
-2.9040849738518033,-3.443335414641344
-2.9043617396256627,-3.442316238184032
-2.9043672447242637,-3.442295941467199
-2.904640793764007,-3.4412978378788868
-2.9049177075183836,-3.4402788014363996
-2.9049225658823343,-3.4402582966293935
-2.905193598351581,-3.4392595306663023
-2.905198164500698,-3.439238935521035
-2.90546426143161,-3.4382388283431204
-2.9057328662317636,-3.437217537200094
-2.905999825936061,-3.436195829408926
-2.906004267058348,-3.4361751990227973
-2.9062656373753337,-3.4351738547061172
-2.906270587200913,-3.4351534001394115
-2.9065325273592206,-3.434152196041064
-2.906801471248855,-3.433130997178478
-2.9070680647745424,-3.432109172362073
-2.907332296586006,-3.431086736117488
-2.907594876818079,-3.4300639000313073
-2.9078592445591727,-3.4290415097742564
-2.908121295607377,-3.4280185232247917
-2.9083816889919176,-3.426995136473191
-2.908643873644566,-3.4259721910434338
-2.9089037393313433,-3.4249486526130637
-2.9091619435447194,-3.4239247154663697
-2.9091661421218142,-3.423904059910614
-2.909166325156112,-3.4239041313275127
-2.9091658492840646,-3.4239040335584296
-2.9094186938605016,-3.4229005223014517
-2.9094235207779864,-3.422880035370609
-2.909422913964993,-3.422879877834026
-2.90967861432918,-3.4218554806934685
-2.90993403384388,-3.4208308246706514
-2.91018779148454,-3.4198057653998593
-2.910192038452419,-3.419785126472897
-2.9104411972783772,-3.418780654250831
-2.910697649621197,-3.4177562579100997
-2.9106980932244446,-3.4177560329720604
-2.9109513164885805,-3.4167526345278176
-2.9112066890072,-3.4157279812404715
-2.911459650052495,-3.414702714589599
-2.911464306909782,-3.414682184389613
-2.9117126026482905,-3.4136775041908636
-2.911716422564153,-3.413656738671483
-2.9119599303814687,-3.412650886217414
-2.9119635950520517,-3.412630070474476
-2.912203034492655,-3.4116232476894504
-2.9124496688478163,-3.410596438921171
-2.9126984237970097,-3.409570054608002
-2.912703502522949,-3.4095496146730864
-2.912954580670526,-3.4085240830902253
-2.913205358734135,-3.407498302854947
-2.913453736209628,-3.406471927588589
-2.9136997323172484,-3.405444974436821
-2.913704137700381,-3.405424395574411
-2.9137033863309147,-3.40542422845927
-2.913942949007933,-3.4044174401882628
-2.9141850911192066,-3.403389582142369
-2.9144290144370526,-3.402362119644325
-2.9144327532120533,-3.4023413401474745
-2.914668254625771,-3.401333597319517
-2.9146722616718077,-3.401312911511141
-2.9146719675743844,-3.401312846941375
-2.9149056115196506,-3.400304663511796
-2.915145552963201,-3.3992762687380793
-2.9153837726365186,-3.3982474651862695
-2.9153887586978873,-3.398226976392083
-2.9156265281875,-3.3972197672779902
-2.915866165854479,-3.3961912988736955
-2.9158698671677845,-3.396170513196196
-2.915869317312987,-3.3961703873114053
-2.9160977269598822,-3.3951610125858314
-2.9163277790451367,-3.3941303491559185
-2.916555485352252,-3.3930991562388506
-2.916559373264883,-3.3930784530320692
-2.9167837933459113,-3.392068204387006
-2.916788218165101,-3.392047603077421
-2.9170217186150684,-3.391017909392167
-2.917254958848194,-3.38998797971463
-2.9174858238730472,-3.3889575083542707
-2.9177143262729226,-3.387926509457944
-2.917940496116276,-3.3868949959910855
-2.9181643574929654,-3.3858629789929915
-2.9183859295479064,-3.3848304681582015
-2.9186059052602005,-3.3837976517336137
-2.9188284330657495,-3.3827653743735606
-2.9188327569248664,-3.382744772397355
-2.9188329426935393,-3.3827448388901598
-2.9188331541280994,-3.382744916979132
-2.919060894729467,-3.381735413514146
-2.919295255942978,-3.3807056578107346
-2.9195292356126323,-3.379675903854173
-2.9197607879031175,-3.3786455966966873
-2.9197651008323913,-3.3786249839749707
-2.9197645101771115,-3.3786248640135863
-2.9199897817191514,-3.3776147938832395
-2.9202166274150825,-3.3765834289327037
-2.920441814732633,-3.3755517136689845
-2.920668799303396,-3.3745203771477685
-2.9208941335074736,-3.373488696678802
-2.920897775515263,-3.373467924200699
-2.9211191093157023,-3.3724569673317473
-2.9213464834365412,-3.371425730630216
-2.921350177315088,-3.3714049537969015
-2.921569336914181,-3.370393527534411
-2.9217945137185324,-3.369361804081438
-2.922017966564934,-3.3683296985655438
-2.922243810692723,-3.3672981138455422
-2.922471358463336,-3.36626691408211
-2.922696456752353,-3.3652351737115986
-2.9229191134923265,-3.3642029011786443
-2.922923184839403,-3.3641822312253855
-2.922922549908245,-3.3641821041896747
-2.9231391543976675,-3.3631701340759173
-2.9231431184358776,-3.363149550184843
-2.923360246086681,-3.362137711269743
-2.9233638136045257,-3.3621169376902373
-2.923584947218576,-3.3610845158603273
-2.9238064500326573,-3.3600520015510495
-2.923806706075589,-3.3600517278150956
-2.9238065358040837,-3.3600517317255783
-2.9238063539894372,-3.3600517297417034
-2.924021079534073,-3.359039394708234
-2.9242374649264815,-3.3580057187457695
-2.924453494612929,-3.3569720486509227
-2.9246678369765355,-3.355938038477971
-2.924672095015272,-3.3559174067871638
-2.9246723631432694,-3.355917487587559
-2.9248890429353427,-3.354905555425436
-2.9251078758745703,-3.353872476615436
-2.9253284468427063,-3.3528397503789504
-2.925546634762676,-3.3518065172138205
-2.9257624340181825,-3.3507727820830984
-2.9259758787188477,-3.349738558173822
-2.925978691128754,-3.349717601506656
-2.925978516808932,-3.3497175970027837
-2.925978399308287,-3.3497176082829236
-2.926187800027544,-3.3487041290293598
-2.9261915408780097,-3.348683392023072
-2.926191130115167,-3.348683229072259
-2.9261904696944385,-3.3486831103650183
-2.92639860846053,-3.34766939009351
-2.926402088613983,-3.3476485953528075
-2.926401809072137,-3.347648538772183
-2.9264015182464225,-3.3476484900034493
-2.926604851112965,-3.34663378811245
-2.926607946741147,-3.346612889496437
-2.9268069960230214,-3.345597314803072
-2.9268103171528503,-3.3455764834069055
-2.9270096370952325,-3.344560946182378
-2.927013183373935,-3.344540161209754
-2.927212683401842,-3.343524649465
-2.927418400182316,-3.342488846459969
-2.92742232120889,-3.3424681319004375
-2.9274231358994367,-3.342468282810887
-2.9274231436805906,-3.342468298555966
-2.927624895559967,-3.341453245057465
-2.9276254185215507,-3.3414530074346795
-2.9276254631313927,-3.341453041238413
-2.927827418160176,-3.3404380499191317
-2.9280349307204157,-3.3394026327513924
-2.928240668162252,-3.338366843602309
-2.928241069027262,-3.338366590158602
-2.9282416771554947,-3.3383667426258525
-2.9284480790925658,-3.3373526749676206
-2.928660906490943,-3.3363183343479874
-2.92887608573986,-3.3352844685473517
-2.929093583473127,-3.334251088747959
-2.9290943852839204,-3.3342509316314173
-2.929094651645385,-3.334251041514996
-2.9293081972170762,-3.333238416248834
-2.9295281066535193,-3.3322055591987074
-2.929532466203827,-3.332184975118329
-2.929747392936566,-3.331172678149115
-2.929964250819392,-3.330139172038431
-2.9299682119003596,-3.3301184877296013
-2.9301802393274325,-3.329105566505947
-2.930183791857355,-3.3290847746659153
-2.930390702078433,-3.3280707819109367
-2.9305991535483193,-3.3270354642516646
-2.930599020453686,-3.3270351113595713
-2.9305991832340603,-3.32703518979631
-2.9308065133689922,-3.3260213136726358
-2.9310196039620857,-3.324987037774375
-2.931230286404782,-3.3239522533982453
-2.931234167972321,-3.3239315412354427
-2.9312342216536424,-3.323931574099355
-2.9314440672148048,-3.322918218246127
-2.931659800867255,-3.3218844758825687
-2.931873138556479,-3.320850224387208
-2.93187704132121,-3.320829510166995
-2.9320872600345345,-3.319816221778151
-2.9320915861899093,-3.3197955828647894
-2.93230614903973,-3.3187831715132807
-2.9325228061336883,-3.3177496221223857
-2.9327418903738747,-3.316716573898361
-2.9329627034268695,-3.315683900464496
-2.9331814390947555,-3.3146507108551297
-2.933399796948699,-3.313617534771241
-2.9336157511606005,-3.3125838486660943
-2.9338300018492998,-3.311549823309658
-2.9340463981610547,-3.310516157763991
-2.9342631578577905,-3.309482664969941
-2.9344823437878236,-3.3084496757286175
-2.934487019579336,-3.3084291400593693
-2.934487287706979,-3.3084291479875105
-2.9347108427427457,-3.3073972964591087
-2.9349344092654337,-3.30636517953542
-2.9351582691119718,-3.305333210909728
-2.9353838149415297,-3.304301607918246
-2.9356069167539975,-3.303269462332828
-2.93582758129186,-3.3022367840765066
-2.936045852661555,-3.3012035907183352
-2.9360454160283567,-3.30120318929277
-2.936258149722953,-3.300190466712402
-2.9364768881590373,-3.2991573853941
-2.9364801534228846,-3.2991365459081416
-2.9366902305715574,-3.298123214451868
-2.9369015618982885,-3.297088567892973
-2.937111231242677,-3.296053595960911
-2.9371143998123017,-3.2960327298288368
-2.9371142465246116,-3.2960326349571463
-2.937113763331938,-3.296032571826573
-2.9371139920025002,-3.296032653178733
-2.9373192845451728,-3.295018356306056
-2.9375258055304965,-3.293982730167253
-2.937729953878048,-3.2929466226306516
-2.9379324543447525,-3.291910219612131
-2.938137138087601,-3.2908741593193813
-2.9381402464019626,-3.2908532864333986
-2.938342550090869,-3.2898170379808946
-2.938545248105912,-3.2887806947335534
-2.938749694981147,-3.2877446831940036
-2.9389517311355684,-3.286708192186099
-2.9391517070272926,-3.285671227826441
-2.9393520551782215,-3.2846344344650378
-2.939554548193352,-3.2835979693734494
-2.9395585849235113,-3.2835773154312906
-2.939558239748978,-3.283577289016531
-2.9397609550189188,-3.2825411373893454
-2.9399640345246523,-3.2815048704110845
-2.9401695281729494,-3.280469066325734
-2.940173295416758,-3.2804483506857394
-2.9403751021464553,-3.2794333157843734
-2.940379693182389,-3.279412731507521
-2.940586262066456,-3.278398668826582
-2.940798897585242,-3.2773642126209785
-2.9408035838278503,-3.277343640404475
-2.9408035881126064,-3.277343669126318
-2.9408042270361014,-3.2773438236969223
-2.9408040994105336,-3.2773438230008716
-2.941013166030897,-3.276330275172277
-2.9412286613240597,-3.2752964754678913
-2.9412335058748065,-3.2752759198620014
-2.9412335759127517,-3.275275946839475
-2.9412336060455666,-3.2752759725953022
-2.941445379077942,-3.2742629784806545
-2.9416629329119783,-3.2732296172120874
-2.9416666084962224,-3.273208852733777
-2.9418753255728425,-3.272195226306965
-2.9420852018397925,-3.2711602676900298
-2.942292671269302,-3.270124814745144
-2.942498464046522,-3.269089051779993
-2.9427067431986162,-3.268053784151215
-2.9429168024361894,-3.267018874200603
-2.94312514689944,-3.265983624660595
-2.9431286479060024,-3.265962832227521
-2.9433332857168018,-3.2649483642650448
-2.9435435635190252,-3.2639135089407927
-2.9437513982249035,-3.262878146516146
-2.943956791543952,-3.26184229568745
-2.9441604723574963,-3.260806123664486
-2.944163651615234,-3.2607852733947653
-2.944367021436189,-3.2597492216028026
-2.9443710166419668,-3.2597285383030403
-2.94437096427133,-3.2597284700905576
-2.944572707931946,-3.2587134823403114
-2.9447759232379167,-3.257677147453463
-2.9447757637620584,-3.2576768087942027
-2.9449757237989758,-3.2566614807806022
-2.9449790994878353,-3.256640699860527
-2.94497887392808,-3.2566406825142518
-2.945176935731844,-3.2556249445505343
-2.945181273565509,-3.2556043086266246
-2.945384279681945,-3.2545895268452947
-2.9455933226516016,-3.253554334588193
-2.945802297402838,-3.2525191387095322
-2.9460115331390533,-3.251484085419592
-2.946015388357759,-3.2514634023106845
-2.9460154337408824,-3.2514634459644323
-2.9462177545869057,-3.250448579208717
-2.9464211083099747,-3.2494123395895596
-2.9466220263552225,-3.248375611084937
-2.946621691970504,-3.2483752200206104
-2.9466216805289465,-3.248375265468005
-2.9468188293152444,-3.2473593545104324
-2.947017764163949,-3.246322272413362
-2.9470208490941023,-3.246301391591768
-2.947215550385217,-3.2452850056508016
-2.9474115593003605,-3.244247269887799
-2.9476072514738743,-3.243209554273027
-2.9476099602094825,-3.243188592650684
-2.9477982118250985,-3.2421709900495492
-2.947991888729025,-3.241132898660224
-2.948183183818404,-3.240094352654239
-2.9483727762494008,-3.2390555119740965
-2.9485641582202318,-3.23801698813707
-2.948753856706529,-3.2369781679995633
-2.9487576183717272,-3.236957426929558
-2.9489480144912137,-3.235940225770414
-2.948950861864704,-3.235919293836021
-2.949136291184322,-3.234901169736544
-2.949323186649491,-3.233861836441607
-2.9495125601871104,-3.2328229391611765
-2.9495164297040146,-3.2328022103252043
-2.949706479915746,-3.231784938647383
-2.949898078387865,-3.2307464574658478
-2.9500914069969633,-3.2297082861602298
-2.950282322431819,-3.228669667998964
-2.95047151141115,-3.227630749031571
-2.950475218658124,-3.227609993015571
-2.9506689709194647,-3.226572098140269
-2.9506720602505507,-3.2265512316297404
-2.950671730804073,-3.226551190596652
-2.950857903667682,-3.2255332042629203
-2.9508611230705655,-3.2255123699886865
-2.9510467000471796,-3.2244942878510687
-2.9510495972734962,-3.2244733637090666
-2.9512308932776823,-3.2234544712761606
-2.9514173851185688,-3.222415051168288
-2.951601448179321,-3.221375187862712
-2.9517837758293766,-3.2203350330857883
-2.9519682281905193,-3.2192951748942646
-2.952153030930918,-3.2182554765789466
-2.9523399291819588,-3.217216073019783
-2.952527132119664,-3.216176816257349
-2.9527167217796237,-3.215137985190173
-2.9527202362039566,-3.2151172336289435
-2.9529064553569087,-3.2140992249062013
-2.9529107571429067,-3.21407857179812
-2.9531017112567532,-3.2130614553035235
-2.953298706465807,-3.21202397735732
-2.9532994579812577,-3.2120237887223566
-2.9534943332299726,-3.2110074652257508
-2.953690736667265,-3.209969892470254
-2.9538887915617504,-3.208932632236975
-2.9540850704181487,-3.207895027969971
-2.954088513174811,-3.207874247494156
-2.954088438704183,-3.2078742551344335
-2.954278975894375,-3.206857062512032
-2.9544748120178626,-3.2058193771122196
-2.9546681809637274,-3.2047812151242336
-2.9548590882319865,-3.2037425963481083
-2.9550475804945875,-3.2027035361989755
-2.9552336953266183,-3.2016640475509703
-2.9554174627430507,-3.2006241415378143
-2.9554203814465576,-3.2006032718470525
-2.955601838824687,-3.1995844529417816
-2.9557893606168837,-3.198545236474415
-2.955793161226165,-3.198524489043874
-2.955981450213997,-3.1975068884350826
-2.955984266231665,-3.197485956444972
-2.955984450912596,-3.197485997953685
-2.9561706661990836,-3.1964680288693668
-2.956173811143993,-3.1964471680105224
-2.9561736147565383,-3.1964471297812076
-2.9563579359023326,-3.195428788707044
-2.956547885493582,-3.194389912791376
-2.9565511266718727,-3.194369076252559
-2.956551358541844,-3.1943690503375453
-2.9567349381063,-3.1933506293017846
-2.9567377713081715,-3.1933297111332615
-2.9567380325565487,-3.193329769780019
-2.956738263893486,-3.193329831972315
-2.9569219571622405,-3.1923114004001003
-2.956922192037946,-3.1923111089812357
-2.9569226807630113,-3.1923112196689476
-2.957110319271986,-3.1912935149132937
-2.957299468021912,-3.1902545865250396
-2.9573025526262513,-3.190233720904814
-2.9573023283256386,-3.1902336869590875
-2.9574859998734304,-3.1892152243443936
-2.9576755390005878,-3.1881763523406668
-2.9578667582353324,-3.1871377936302396
-2.9578669814788086,-3.187137499499194
-2.958052226545528,-3.186119366302301
-2.958238894208041,-3.1850800014810328
-2.958241971473228,-3.1850591349144715
-2.9584254272219974,-3.1840406278201816
-2.9584287158238016,-3.184019802370912
-2.9586114621511705,-3.183001208150344
-2.958615094373971,-3.1829804296174
-2.9587975083051417,-3.1819617450253057
-2.958980642854549,-3.180921718959711
-2.9589838303631755,-3.180900863069985
-2.959163752340499,-3.1798817245995674
-2.9591633008259692,-3.1798813093570533
-2.9593407564584058,-3.1788617661222784
-2.9593437548361643,-3.1788409024769746
-2.9595219080696755,-3.177821501890274
-2.959705378989614,-3.1767815430316824
-2.9598864824832725,-3.1757411592800513
-2.9598860767317627,-3.1757407562522157
-2.960062390414331,-3.1747210505682393
-2.960062362862153,-3.17472072970304
-2.9602414329391107,-3.173701495416917
-2.960426421423131,-3.1726618301660787
-2.9604268476493343,-3.1726615861941423
-2.960610880054267,-3.1716432263960512
-2.9608008464441076,-3.1706044576965935
-2.9608052343471343,-3.1705838075876582
-2.9609956601411476,-3.169566622870231
-2.961187562181895,-3.1685282014678484
-2.9611879439957827,-3.168527943792323
-2.961378777013644,-3.1675108237170053
-2.961574921320081,-3.1664732137872216
-2.9617692828261704,-3.165435247266479
-2.961773473947081,-3.1654145667432445
-2.961773389042366,-3.165414572827152
-2.9619668101558365,-3.1643979339960673
-2.962166321760127,-3.1633609363587096
-2.9623678610862,-3.1623242536784955
-2.9625696391320093,-3.161287706258099
-2.9627730457259616,-3.160251493696994
-2.962776567288428,-3.1602307255613833
-2.962776450061326,-3.160230727947946
-2.9629689970699262,-3.159213948427998
-2.9631630922339065,-3.1581759350674887
-2.9633596033147485,-3.157138363643014
-2.963557833707801,-3.1561011273685615
-2.96375430100934,-3.1550635541479863
-2.9639531532248835,-3.1540264343491313
-2.9641540693967627,-3.152989640813736
-2.964154460007192,-3.152989408478309
-2.964154390903566,-3.152989455641178
-2.9643489341772535,-3.151973080693319
-2.9645443570506886,-3.150935328391202
-2.9645479487736544,-3.1509145615158207
-2.9647405976698398,-3.1498978032805276
-2.9649388128407477,-3.148860567785938
-2.9651353225967814,-3.1478230038420056
-2.9653335647618264,-3.146785766951985
-2.965333489154009,-3.146785427063422
-2.9655265003739553,-3.1457687457592187
-2.9657257340444763,-3.144731717814442
-2.9659266884311757,-3.143695015855708
-2.9661258766985776,-3.142657968469379
-2.9663267552308734,-3.1416212507990657
-2.966525878919667,-3.1405841931999126
-2.966727396454001,-3.139547595093271
-2.9669313110997866,-3.1385114630727187
-2.9671368975353203,-3.137475676394014
-2.967339988767185,-3.136439391000141
-2.967541283691951,-3.135402755212624
-2.9675414974812004,-3.135402477944513
-2.9675419499540725,-3.135402614054965
-2.9675423554724842,-3.1354027381229876
-2.9675427432004975,-3.135402851643209
-2.9677493393650254,-3.1343888028021323
-2.9677530505874934,-3.134368076214718
-2.9679598892751664,-3.1333540282670755
-2.968172965713505,-3.1323197261788103
-2.968387688700532,-3.131285774224481
-2.968600271849161,-3.1302512996909937
-2.9688131171342294,-3.1292169725582686
-2.969027641201454,-3.12818299915965
-2.9692397072785233,-3.1271485123967255
-2.9694496761565214,-3.126113521317939
-2.969659982706541,-3.125078696278599
-2.969664271195564,-3.125058073094429
-2.9696646555073665,-3.1250581857824904
-2.9696643732994543,-3.1250581624720364
-2.9698749124247947,-3.12404494697653
-2.9700874084199613,-3.1230105457717974
-2.9700916810972386,-3.122989903907043
-2.9703043378561413,-3.1219770987687276
-2.9705183455574766,-3.1209429925200105
-2.9707299598785157,-3.1199083832509786
-2.9707329091056867,-3.119887443944294
-2.9707328337690426,-3.1198874499332288
-2.970938123221067,-3.1188731287203697
-2.971145387506905,-3.1178376645430532
-2.9711493165757052,-3.1178169555042756
-2.9711494670797216,-3.117816995923011
-2.971359309335996,-3.1168036078591848
-2.971362483980366,-3.1167827173141793
-2.9713619068823363,-3.116782591593011
-2.971361377660422,-3.1167824886274436
-2.9713608902277926,-3.116782394868337
-2.971360781202062,-3.116782299074268
-2.9715593226861063,-3.1157666607115795
-2.9715622412423923,-3.1157457313394175
-2.971756627011126,-3.114729264386677
-2.9717598018884273,-3.1147084055555436
-2.9717601845765502,-3.114708476701028
-2.9719561859485895,-3.1136923332264392
-2.9719591733031003,-3.1136714107053436
-2.971958680710832,-3.1136713068833375
-2.9721483644142483,-3.1126539538532407
-2.972343449201952,-3.111616103769061
-2.9723464196135283,-3.111595182559762
-2.9723460153065195,-3.1115951028776445
-2.972530665908019,-3.1105768358885895
-2.972715994067672,-3.109537194115077
-2.972899638100645,-3.1084972666029316
-2.973085771964851,-3.107457781522029
-2.9730888206871553,-3.1074368944424604
-2.973270927087654,-3.1064181855826694
-2.9732736746287083,-3.1063972315654746
-2.9732738832509593,-3.1063972740452703
-2.973453890093461,-3.1053781807128957
-2.9736391345906052,-3.104338534577893
-2.973822657876533,-3.1032985794906125
-2.9738257210437054,-3.1032776945829466
-2.9738258659139416,-3.1032776458147078
-2.973826282756322,-3.1032777489701355
-2.9738266610988138,-3.103277841488973
-2.97401038853892,-3.1022594182454064
-2.974013852275728,-3.102238623111798
-2.9741973689754846,-3.101220129035386
-2.9742006832198253,-3.101199301619932
-2.974384064564711,-3.100180773347932
-2.9745689481531414,-3.099141070927619
-2.974568826218146,-3.0991407063307275
-2.9745690222690118,-3.0991407714223866
-2.9745692231554446,-3.099140837172161
-2.9747569293740077,-3.098123132002843
-2.974759617679697,-3.098102179778375
-2.9747590592186994,-3.09810207468694
-2.9747585448572527,-3.098101989640661
-2.9749370292342103,-3.097082633466112
-2.975116133040307,-3.096041901293828
-2.9751184179317436,-3.096020850099121
-2.975293094902136,-3.0949795621517895
-2.9754675109717272,-3.093938051276139
-2.9756395695998803,-3.092896142782694
-2.975641558722607,-3.092875069810685
-2.975805959233166,-3.091853340302603
-2.975971389422046,-3.0908103868106385
-2.9761386536797567,-3.0897676954090736
-2.9763035721662803,-3.08872463082244
-2.9763062438345975,-3.0887037240383264
-2.9764691442409643,-3.0876817771892955
-2.976637053529938,-3.0866391985255612
-2.976802588897681,-3.0855962291629226
-2.976965735290377,-3.0845528840257224
-2.977127213314882,-3.083509306353048
-2.9772908914676077,-3.0824659836749144
-2.977454282906209,-3.0814227055075087
-2.9774539624458414,-3.0814223462958634
-2.977453971001171,-3.0814224092874123
-2.9776143729770284,-3.080400084911521
-2.977775072237857,-3.079356383547589
-2.977777665857493,-3.0793354652126776
-2.9777771944065314,-3.07933533234494
-2.9779360829654498,-3.0783127845165086
-2.9781002113238078,-3.0772695439743494
-2.978264007585874,-3.0762263315016742
-2.9782669823487185,-3.0762054685910325
-2.978427936952378,-3.0751832004002457
-2.978429966531472,-3.0751621650820518
-2.978429669611503,-3.075162054889654
-2.9784297357335308,-3.07516210780946
-2.978429833889863,-3.0751621579702446
-2.978590310202073,-3.0741398189317417
-2.978751780230542,-3.073096234435833
-2.9789150220098044,-3.0720529054173578
-2.978917957820165,-3.0720320151099787
-2.9790791631589584,-3.0710097967047476
-2.979081734792702,-3.070988845974537
-2.979243329240911,-3.0699666486395443
-2.979410363291431,-3.0689239204704593
-2.97957909175429,-3.0678814704107364
-2.9795818083277332,-3.0678605325124804
-2.9797426221194003,-3.0668382459933703
-2.9799036084500017,-3.0657945698469296
-2.9799056780793687,-3.065773516646643
-2.9799054260613707,-3.065773404565945
-2.9800596027223873,-3.0647501214813855
-2.9800627972519873,-3.0647292639428656
-2.9802213111720115,-3.063706611637595
-2.9803800154085094,-3.0626625864597266
-2.980536302906994,-3.0616181865219705
-2.980690210333692,-3.060573434923956
-2.980841766056265,-3.05952834147809
-2.980991685405211,-3.0584830444789324
-2.9811434718647956,-3.0574379940623246
-2.9811451094466443,-3.0574168914355915
-2.981289675290602,-3.0563921786709614
-2.9814341013590853,-3.055346085261206
-2.981436256094339,-3.0553251052489636
-2.981436010219933,-3.055325094772012
-2.981581185915176,-3.054300496762511
-2.9817313611141514,-3.053255137959796
-2.9818819185038015,-3.0522099232042144
-2.9820349271441944,-3.051165060980126
-2.9820375550620715,-3.0511441312968746
-2.9821871120128756,-3.0501201668162223
-2.9821900751611867,-3.0500992785442977
-2.9821900486336563,-3.0500992044471995
-2.9823392803333153,-3.049075187451536
-2.9824884946988983,-3.0480297736334783
-2.982635300083283,-3.046984006295902
-2.982777690329266,-3.0459591764985054
-2.9829206731965874,-3.044912944316751
-2.983065385863502,-3.04386692439588
-2.983207685143413,-3.0428205647083924
-2.983348278486616,-3.0417739846681457
-2.9834913613618563,-3.040727734133234
-2.983491541356482,-3.0407274516575904
-2.9834913280695172,-3.040727474070581
-2.9834917806775487,-3.040727579997621
-2.9836340246442914,-3.0397025817723695
-2.983776819656093,-3.03865628603042
-2.983921352287557,-3.0376102140635695
-2.9839232768021176,-3.0375891661115846
-2.9840658946773364,-3.0365635569734075
-2.9842086219956094,-3.0355171630676865
-2.9842107970128384,-3.035496166011759
-2.9842112422843488,-3.0354962457857266
-2.9843516404860253,-3.0344709711496916
-2.984349154970616,-3.034450005327233
-2.9844944194703,-3.0334247210818077
-2.9844920620381004,-3.0334037701029133
-2.9846319592195028,-3.03237842978822
-2.984772242288554,-3.031331768743195
-2.9847697844934054,-3.0313107701843047
-2.9849122099796705,-3.030285114897867
-2.98491536781978,-3.0302642212525384
-2.9849153338508936,-3.030264219719327
-2.9850579380062263,-3.029218063245198
-2.9852008516591404,-3.028171766084761
-2.985345450493008,-3.0271257071670097
-2.9853455993661417,-3.027125403084289
-2.985485974050831,-3.0261001416524804
-2.985631095881724,-3.025054090346641
-2.9857765187430627,-3.024008161106832
-2.9857797868670746,-3.0239873053324633
-2.9859266740737285,-3.0229629467271426
-2.9860734397073254,-3.021917199239901
-2.9860753640733404,-3.021896156763435
-2.986220272972257,-3.0208708470093137
-2.9863655439397383,-3.0198248800262046
-2.9865129196784586,-3.0187791244339954
-2.986659889351113,-3.0177334106313847
-2.9868050698034874,-3.0166874431775743
-2.98680812814238,-3.0166665581892467
-2.9869548495625606,-3.0156421655587353
-2.9871014825588604,-3.0145963923836754
-2.9871040431359797,-3.0145754425997455
-2.9872481594530678,-3.013550655063532
-2.987392921533175,-3.012504625644361
-2.9873956464180824,-3.012483690066868
-2.9873951830025893,-3.0124836285156973
-2.9873954507364546,-3.0124836856604205
-2.987541936133178,-3.0114592494608203
-2.9876890906359397,-3.0104135407828663
-2.9878380079075972,-3.0093680667827147
-2.9878399517439873,-3.009347004183206
-2.9879870885576736,-3.008321976662564
-2.98799006270051,-3.0083010722971046
-2.9881366950769426,-3.007276648751831
-2.9882839638771537,-3.0062309532132447
-2.9884336787050514,-3.0051855950980024
-2.98843685658409,-3.0051647201890717
-2.988588023635763,-3.0041409605241918
-2.988739184495992,-3.0030958186565395
-2.988888596719362,-3.002050427389772
-2.989039775909965,-3.0010052865322145
-2.9891885445329196,-2.999959799710586
-2.989334897237913,-2.998913971777324
-2.9894788688392193,-2.997867813504987
-2.9896211768057803,-2.9968214551770536
-2.9897660302335765,-2.9957754405939214
-2.9897688857841964,-2.995754538671433
-2.989769172573247,-2.9957546011152028
-2.9899187210514606,-2.994730615838162
-2.9900706931336427,-2.993707172429358
-2.990074029200693,-2.9936863679556245
-2.9900738523266885,-2.9936863799770417
-2.9902279021918456,-2.992663094259305
-2.990382327258028,-2.9916183746988847
-2.990385292700794,-2.991597500989042
-2.990384850541338,-2.991597457538657
-2.9905365247931726,-2.9905737963719936
-2.9906881775334226,-2.9895287328242026
-2.990687781624306,-2.989528350478114
-2.9908345126183713,-2.9885039587294067
-2.9909819104512643,-2.9874583141825886
-2.9911314890800837,-2.9864128813393083
-2.991133506202678,-2.986391860088262
-2.991280679013036,-2.9853463600935983
-2.9914282349966443,-2.984300742323196
-2.9915775470904284,-2.983255363020488
-2.991579619765081,-2.983234344567996
-2.9915798808992933,-2.9832344100165633
-2.9915794487262084,-2.9832343777804446
-2.991723071322792,-2.982209419968258
-2.991870202606212,-2.9811637133787583
-2.99201488707938,-2.9801176522677406
-2.9921578256458874,-2.9790713631204073
-2.992303230503097,-2.9780254119483116
-2.992450396258133,-2.9769797107079086
-2.9924524936517374,-2.9769586887126684
-2.9925922506392015,-2.9759333269047485
-2.992731760257692,-2.97488656970254
-2.992733272994221,-2.974865455794934
-2.9928656746457887,-2.9738391010894194
-2.9929984135609535,-2.972791477377458
-2.992995630395222,-2.9727703860136248
-2.9929951612183734,-2.9727703302000283
-2.993122887695735,-2.9717434105733114
-2.9931225970650392,-2.9717430427028866
-2.9932477002778057,-2.9707157967986624
-2.9932489578065966,-2.9706946601588524
-2.9933738826992085,-2.9696669039524872
-2.9934988731294965,-2.968618310999757
-2.993621815645144,-2.967569397006024
-2.993744430758227,-2.9665205345264165
-2.9938653457785263,-2.9654714888847264
-2.9939880606317786,-2.9644226396048663
-2.9941083759144984,-2.9633735089400695
-2.9942262824546755,-2.962324102035981
-2.994342504912904,-2.9612745303476427
-2.9943422737899925,-2.9612741894067978
-2.994458461380224,-2.960245924198447
-2.9945739294175606,-2.959196261213946
-2.994687704738117,-2.9581464216485878
-2.994804011426199,-2.957096852470291
-2.9948018079959677,-2.9570757805643217
-2.994801545848538,-2.9570757731550357
-2.994913082025786,-2.956046995652866
-2.994915058786034,-2.9560259842994268
-2.9950263243520716,-2.9549971325556257
-2.99513752974341,-2.9539469970751346
-2.9951352737837516,-2.9539258815559792
-2.995134896952613,-2.9539258437540705
-2.9951345293217346,-2.9539258171941554
-2.995238923586468,-2.952896270110406
-2.9953422861548638,-2.9518453127927575
-2.9953430101823826,-2.9518241256570836
-2.9954400190129693,-2.9507938316656617
-2.99543953196356,-2.9507934536812406
-2.9955358150235707,-2.9497420369023675
-2.9955365248734513,-2.9497208855605206
-2.9956286959909817,-2.9486901782526966
-2.9957203457369403,-2.9476381720664877
-2.995814512454049,-2.946586372551426
-2.9958164039408604,-2.9465653378067946
-2.9958167962275133,-2.9465653895443498
-2.9959167095315573,-2.9455353916513594
-2.996020819582438,-2.9444845200149485
-2.9960193473818912,-2.9444634707500112
-2.9961248214733023,-2.9434336855468035
-2.9961273394593464,-2.943412689299382
-2.99623384512743,-2.9423833452428516
-2.996234001453126,-2.9423830271123674
-2.996234415996991,-2.9423830920382676
-2.996341173354603,-2.9413537884321883
-2.9964515572242547,-2.9403035661190913
-2.99645370848079,-2.940282538506006
-2.9965630244864956,-2.9392534954038076
-2.9966761084550693,-2.9382035557130513
-2.996787431379501,-2.9371534191987902
-2.9969011777712606,-2.9361035431011886
-2.997017013241317,-2.9350538267591935
-2.9970173592652274,-2.935053555394274
-2.997131636305836,-2.934025069824181
-2.997249648331732,-2.932975708931632
-2.9973658572987,-2.9319261244168855
-2.9974837584258394,-2.9308767333780774
-2.997599173604039,-2.929827059797789
-2.997601211327965,-2.9298060449609555
-2.9977169620348882,-2.928756593609123
-2.997832433223703,-2.9277069329619847
-2.9978335469210493,-2.927685820599597
-2.9978336388455786,-2.927685861871166
-2.997944628320789,-2.9266569970152982
-2.997945652423996,-2.926635856045741
-2.9980558618197635,-2.9256065495328722
-2.998057985422257,-2.925585530536537
-2.9981713872379445,-2.924535802752993
-2.9982844766262002,-2.9234858676062068
-2.9983951241596376,-2.922435665007547
-2.998503348086787,-2.921385208280874
-2.9986095347323705,-2.920334479388474
-2.9987154552123116,-2.919283806819081
-2.998716061267765,-2.919262638889243
-2.99881945127851,-2.9182326966152057
-2.9989241172590373,-2.9171819044676828
-2.999030582008474,-2.9161312786087623
-2.9991349508244642,-2.9150803677024575
-2.9991368790559667,-2.9150593575095387
-2.9992416486571742,-2.914029850103769
-2.999346180611703,-2.9129790484499454
-2.99934820947531,-2.912958026110291
-2.999348496931777,-2.9129580751212236
-2.9994577193118475,-2.911929024373023
-2.9995660949804788,-2.910878582496197
-2.9996720498662763,-2.909827882860753
-2.9997763211254362,-2.90877704072906
-2.999882791756193,-2.9077263351227254
-2.9999889703590736,-2.9066756883298175
-3.0000934360688154,-2.9056248819187322
-3.0002003998833877,-2.9045743202066627
-3.0003091551419834,-2.9035239395358903
-3.0004154555033224,-2.9024733022145512
-3.0004164540863383,-2.902452167657171
-3.0005162335331965,-2.9014221641663847
-3.000615645289845,-2.90037086260375
-3.000716868501239,-2.8993197100995567
-3.000716593867023,-2.8993193620777746
-3.000814631872158,-2.89828921435624
-3.0008166245925536,-2.8982681998992392
-3.0009190470105467,-2.8972384520915884
-3.0010204684821487,-2.8961873226512918
-3.0010212358000046,-2.896166155518924
-3.0011162971869823,-2.895135690033427
-3.0011168762840987,-2.8951145035338994
-3.0012069493854865,-2.8940835859320244
-3.0012964882762483,-2.8930313846786433
-3.0013878596657397,-2.891979315696905
-3.0013884443756225,-2.8919581230027864
-3.0013878090963786,-2.89195807172633
-3.001474123922542,-2.89092664907162
-3.001561256299424,-2.8898742323615063
-3.0015618947169287,-2.8898530571493763
-3.0016429485212948,-2.88882140358943
-3.0017228268986815,-2.8877683354344112
-3.0018023989826346,-2.8867153240848324
-3.001879578804869,-2.8856621331029797
-3.0019550749656356,-2.884608844040826
-3.002032419403849,-2.8835556703680014
-3.00210808453817,-2.8825023912105294
-3.0021079772575088,-2.8825020674735846
-3.0021843618436934,-2.8814701062285697
-3.002259184850106,-2.88041676557184
-3.002258745635747,-2.880416421705774
-3.0023302088218435,-2.879384094826733
-3.002400743712135,-2.8783304789766158
-3.002401884892905,-2.8783093906301014
-3.002475699682859,-2.8772772096517025
-3.002475975380966,-2.8772560248983208
-3.002547457772747,-2.8762235465164463
-3.002546088121805,-2.876202390909426
-3.0026178804613526,-2.875169912186142
-3.0026914236401425,-2.874116455430932
-3.002767397556199,-2.873063162125934
-3.002845420915983,-2.8720099550136196
-3.0028472967918396,-2.871988894376448
-3.002926060921649,-2.8709570849780044
-3.003003248006665,-2.8699039086027014
-3.0030037587037617,-2.8698827491111945
-3.0030749534617867,-2.8688503751811627
-3.003075183372118,-2.868829190198312
-3.0030749067798705,-2.8688290989754592
-3.0030743281458823,-2.8688290860453893
-3.003140827263524,-2.867796314708043
-3.003140921927391,-2.867795997609966
-3.0032076537670593,-2.8667633580345755
-3.003272949425709,-2.8657093012430592
-3.0033378999926614,-2.8646553025419816
-3.003338763140245,-2.864634199742638
-3.003338793677067,-2.8646342318660145
-3.0034052060260947,-2.8636015524736185
-3.003405284080753,-2.8635803637811157
-3.003469081303042,-2.862547421936069
-3.0035341312153454,-2.8614934113777917
-3.0035974701031067,-2.8604392972265735
-3.003598708872655,-2.860418184002359
-3.0036653690108435,-2.8593855095999943
-3.003730271827336,-2.858331487682151
-3.003792738906713,-2.8572773085385377
-3.003852807922571,-2.8562229917854087
-3.00391050726777,-2.8551685445773143
-3.003910751848529,-2.8551474153667895
-3.0039690524770646,-2.8540932013979607
-3.0039696084318623,-2.8540720896903946
-3.0040303161760753,-2.8530390723571775
-3.0040938185210804,-2.8519849778208965
-3.004154906774759,-2.850930728047334
-3.004213920012399,-2.849876293331974
-3.004273002048472,-2.8488218794925464
-3.0043318008876114,-2.8477675353085226
-3.0043882012780863,-2.8467130523989614
-3.0044422114520217,-2.8456584383296426
-3.004494553939682,-2.8446037634869477
-3.004548772210998,-2.8435491585915287
-3.0045491809157334,-2.843528052981298
-3.0045490968344972,-2.843528084386698
-3.004605132273937,-2.8424947992541294
-3.004659227635183,-2.841440171951017
-3.0047116448228848,-2.8403854741903767
-3.00476661851565,-2.8393309023261044
-3.004823426853118,-2.8382764219984495
-3.004823475753848,-2.8382552334416897
-3.0048757263316372,-2.837200705082332
-3.0049276480961034,-2.8361459862295226
-3.004977141764047,-2.835091141568074
-3.0050249222761574,-2.834036235027304
-3.005074534480207,-2.8329813977271336
-3.0051217489623427,-2.8319264473570147
-3.005166553901374,-2.8308713893953064
-3.0052089793855696,-2.8298162313266637
-3.0052490497253936,-2.828760979985183
-3.005287479683666,-2.8277056989326144
-3.0053278112267074,-2.826650462320336
-3.0053664900760286,-2.8255951846364367
-3.005407021175244,-2.8245399589584292
-3.005445164546966,-2.8234846415488652
-3.0054809060891867,-2.8224292377529316
-3.0054802778775644,-2.8224289041067694
-3.0054794224517636,-2.8224289150740014
-3.0054793558763113,-2.8224289666137463
-3.005479002184411,-2.8224289093412724
-3.0055130717823277,-2.8213736628965727
-3.005512388611043,-2.8213524952678126
-3.0055436125922386,-2.820318187843285
-3.0055722290608378,-2.8192625749821225
-3.005598790402105,-2.8182068297885956
-3.00562579226215,-2.8171511977925587
-3.0056553385297797,-2.8160956249879066
-3.005687047453383,-2.8150400332653382
-3.0057183963278735,-2.8139845225602724
-3.00574761234038,-2.812928868030181
-3.0057479885413128,-2.8129077539778917
-3.005779161170361,-2.811873448479466
-3.0058085550232536,-2.8108178815515443
-3.005809016876189,-2.810796740947122
-3.005843254461028,-2.8097625176129672
-3.0058800703586965,-2.8087070828341965
-3.005916506487187,-2.8076517208585208
-3.005916270015921,-2.8076305554469663
-3.00591590117304,-2.807630566553012
-3.005945444979508,-2.806575170276272
-3.005975341103436,-2.80551960402833
-3.0060069938159453,-2.804464083113163
-3.006006644655709,-2.8044429114673517
-3.006006607714161,-2.8044428545450715
-3.006033184012495,-2.803408430342767
-3.006057135719593,-2.802352702404454
-3.006057076921365,-2.8023315544954888
-3.0060570217160683,-2.8023315776747006
-3.0060567142097057,-2.80233151395709
-3.006056142487875,-2.8023315274542444
-3.006081191697776,-2.8012970519684135
-3.006081693856078,-2.8012758978900583
-3.006111870479471,-2.8002415312409883
-3.0061448503880337,-2.7991860273978757
-3.0061458917260167,-2.7991648639834072
-3.0061459125052115,-2.7991648758799665
-3.0061804788509146,-2.7981306687172522
-3.0062131953102944,-2.7970751580292403
-3.0062128118272713,-2.7970539887181007
-3.0062133504336943,-2.7970540043167764
-3.006248058921797,-2.796019782106046
-3.0062848848906594,-2.7949644102356848
-3.006284813929713,-2.7949432279178286
-3.006284553077954,-2.7949432209556275
-3.006313953524424,-2.793908845312495
-3.0063134302161094,-2.7938876452501415
-3.0063376965567588,-2.792853115314707
-3.006359638079576,-2.791797244543238
-3.0063812779071415,-2.7907414478880233
-3.006400872337492,-2.7896855449446236
-3.0064008674582654,-2.7896644091030343
-3.0064227103677648,-2.78862984674089
-3.0064218734598267,-2.7886086501972214
-3.0064218304871497,-2.7886086727501955
-3.006440905165679,-2.787574052899829
-3.006440053956066,-2.787552845179224
-3.006454068625868,-2.78651813397531
-3.0064531465459945,-2.7864969173289915
-3.0064628657483214,-2.785462164742133
-3.0064631073694787,-2.7854409933254223
-3.006477776348932,-2.784385253465966
-3.0064924887425137,-2.7833292701920427
-3.0064928086204925,-2.7833081205571424
-3.0065096444637236,-2.7822734718066218
-3.006509758281067,-2.782252321558672
-3.006527182528202,-2.781217688748001
-3.0065470282924225,-2.7801617889979457
-3.0065474613548155,-2.780140632572561
-3.0065701685294544,-2.7791060954939666
-3.00659488213815,-2.7780503850289775
-3.006617108348979,-2.776994604893735
-3.006637547452206,-2.775938797295713
-3.006660474235931,-2.7748830382255885
-3.0066603334272957,-2.774861880529353
-3.0066609005599596,-2.7748619055692014
-3.0066610511686576,-2.7748618520049906
-3.0066608479626162,-2.774861882652622
-3.0066836627209894,-2.773827345659492
-3.0067091422389534,-2.772771641357865
-3.006737039843065,-2.771715986886766
-3.006766972113483,-2.7706603245393575
-3.006796442762153,-2.769604751062568
-3.0068233555537502,-2.7685491010557683
-3.006823682887644,-2.7685279471712336
-3.006823251423149,-2.7685279570527364
-3.006822881490322,-2.7685279754505316
-3.0068452625654203,-2.7674934345266196
-3.006865646530993,-2.7664376273200975
-3.0068652542481655,-2.766416445071722
-3.0068849274181515,-2.7653818392461016
-3.006901883772923,-2.7643259550209165
-3.006917107042918,-2.7632700530915595
-3.00691734627172,-2.763248885171258
-3.006916899618786,-2.763248881872277
-3.0069165123040027,-2.7632488899182754
-3.006916137365309,-2.763248896236821
-3.0069297643384747,-2.7622141883810096
-3.006946086388908,-2.7611582911181536
-3.0069641421761015,-2.760102424691608
-3.0069796748417623,-2.759046517600436
-3.0069927057359553,-2.7579905764322556
-3.0070032832326894,-2.7569346079837285
-3.0070117944569574,-2.7558785565210653
-3.0070200400265126,-2.754822588136213
-3.007025901922462,-2.753766600008814
-3.007029389670205,-2.752710598301497
-3.0070282878093315,-2.752689396719694
-3.007027792191221,-2.751654626199225
-3.007029405287393,-2.750598622899103
-3.0070289698907073,-2.7495425385140497
-3.007029010713697,-2.749521402643866
-3.0070308112908632,-2.7484866263779204
-3.007029982894816,-2.747430620512213
-3.0070290424024484,-2.747409420928627
-3.0070241616712634,-2.746374650628987
-3.0070213574464915,-2.7453186437204504
-3.0070161366970374,-2.7442626343475007
-3.0070160373621873,-2.744241484394043
-3.0070109315437508,-2.7432066954398637
-3.0070100217158693,-2.743185500782327
-3.0069998822284196,-2.7421507476695792
-3.0069874565511663,-2.7410947279905407
-3.0069754830911384,-2.740038801050679
-3.0069660717837325,-2.73898284257074
-3.0069584824937623,-2.7379268655044955
-3.006948775211373,-2.7368708310863554
-3.006938733547407,-2.7358148885877647
-3.006926941960268,-2.7347589719741916
-3.006916969620792,-2.7337030247286442
-3.006917105935166,-2.733681880631648
-3.0069071798167175,-2.732647143608472
-3.00689460771913,-2.731591210797355
-3.0068937061799432,-2.73157002822252
-3.006893284515223,-2.7315699712049235
-3.006876327669625,-2.7305143048113782
-3.0068590873284746,-2.7294584537937783
-3.0068397886585463,-2.7284025617411283
-3.0068209124630374,-2.727346760474822
-3.006804572973564,-2.726290906356599
-3.006790036347116,-2.7252350207951896
-3.006773712370813,-2.7241791589090645
-3.0067598506489173,-2.723123255931919
-3.006747751055271,-2.7220673360801118
-3.006733135198237,-2.721011440961059
-3.006733337122486,-2.7209902850059273
-3.006719454915521,-2.7199556118098367
-3.0067083220332975,-2.7188996689528824
-3.0067082677047328,-2.7188785099549735
-3.0066970967823132,-2.717843766178508
-3.0066885516424544,-2.7167877846814545
-3.00668205073534,-2.7157317140329456
-3.0066751032395724,-2.714675747621988
-3.006674905490806,-2.7146545976951812
-3.0066635900199734,-2.7136198767934414
-3.00665492836334,-2.7125639063220244
-3.006655778190946,-2.7125427024585234
-3.006651211464337,-2.7115079285708115
-3.0066438800166835,-2.7104519448457096
-3.006634395242492,-2.7093958962534677
-3.0066245775578015,-2.708339940478982
-3.0066246263585885,-2.708318784839696
-3.0066152537592585,-2.707263011045733
-3.0066056051013597,-2.7062070614593097
-3.006593534677725,-2.705151126762152
-3.0065926393384137,-2.705129958094713
-3.006575737304276,-2.7040953059556947
-3.006556193968598,-2.703039475512546
-3.0065342831268334,-2.701983680197632
-3.0065107392826724,-2.7009279528379655
-3.006489437599728,-2.6998720863713475
-3.0064887476222704,-2.6998509237863098
-3.0064888517622443,-2.6998509586059134
-3.0064671234110576,-2.6988164125135694
-3.0064434625206906,-2.697760685124668
-3.0064437080425264,-2.697739519177022
-3.0064243589132875,-2.696704904609471
-3.0064026895698697,-2.695649041120378
-3.0063807078424682,-2.6945932625038527
-3.006379925512179,-2.694572097745735
-3.0063534691937193,-2.6935166114265217
-3.0063266998309754,-2.6924609548933653
-3.0063258787404155,-2.6924397990082563
-3.006325214731828,-2.6924398355724235
-3.006324946715968,-2.692439792973114
-3.0063243797877193,-2.6924398451259695
-3.0062885085692033,-2.6914056857307473
-3.0062887252989086,-2.691384553320219
-3.0062529708287147,-2.690329331011576
-3.006253252759648,-2.6903081861504354
-3.0062206325913694,-2.6892739115828155
-3.006220981720999,-2.6892527360905176
-3.0061935627638605,-2.6882182949192246
-3.006193429321482,-2.68819713801445
-3.0061662727961957,-2.6871626672019033
-3.006140928935153,-2.686106958488704
-3.0061137834395706,-2.685051279959026
-3.006088834520616,-2.6840169706964234
-3.0060657870569156,-2.682961261802686
-3.006065772421389,-2.6829609698380117
-3.0060654052512294,-2.6829610340603125
-3.006038441289952,-2.681926624226603
-3.006038253146346,-2.681905493360619
-3.0060381219678374,-2.6819055190425987
-3.006037949916934,-2.6819055509724623
-3.006037746697344,-2.681905578676592
-3.006038212833106,-2.681905579025569
-3.006037917886,-2.6819056010601394
-3.0060383505050314,-2.6819055973228503
-3.006005973147765,-2.680871297030122
-3.006005772079585,-2.680870971509207
-3.0059706470793874,-2.679836756782446
-3.005932981800748,-2.678781411405613
-3.0058929094222098,-2.6777261441482505
-3.005850462829614,-2.676670971178964
-3.0058063830993627,-2.6756158971876016
-3.0057641714705534,-2.674560724295354
-3.00571960308998,-2.673505648158777
-3.00567336742334,-2.6724506697809596
-3.005673051488901,-2.672450366184697
-3.0056724927770246,-2.67245042840818
-3.005626271836866,-2.671416684469802
-3.005577783226444,-2.6703618106006117
-3.0055768565084753,-2.6703406698772927
-3.0055281506070863,-2.6693070207357286
-3.005476996484233,-2.6682522601081815
-3.005427619083824,-2.667197397745203
-3.005375814672013,-2.6661426510721347
-3.005376316947528,-2.666121527568132
-3.005325860597161,-2.6650879569126857
-3.005276977157764,-2.66403307823239
-3.005226378914432,-2.6629782797495483
-3.0051782604426776,-2.6619233638981834
-3.0051319107671177,-2.6608683744140373
-3.0050837835866453,-2.659813464366309
-3.0050831374036275,-2.659792329153781
-3.005034728600957,-2.6587586695433854
-3.0049830500149968,-2.6577039250197414
-3.0049818160776756,-2.6576827950402593
-3.004925830317064,-2.656649489941837
-3.004867260719217,-2.6555951139310126
-3.004866816102027,-2.655573958312915
-3.0048119722458284,-2.6545405267669997
-3.0048116397870777,-2.6545402160136584
-3.004811036210979,-2.654540269103468
-3.0047534534604337,-2.653507072402602
-3.0046971459652205,-2.6524525668352945
-3.004695994093199,-2.6524314383300838
-3.0046362831769593,-2.651398336620551
-3.0045777862326237,-2.6503439467464487
-3.004517547173171,-2.6492896492211235
-3.004459049001149,-2.6482352560176623
-3.0043988021697636,-2.6471809662112196
-3.004341008987327,-2.6461265378776555
-3.004340284443056,-2.6461054105789232
-3.0043402433202577,-2.6461054324450375
-3.0042800554027984,-2.645072395718592
-3.004217099912885,-2.6440182643604753
-3.0042168537928244,-2.64399708350593
-3.004157390793472,-2.6429638948627026
-3.0040966246048444,-2.6419096336236056
-3.0040964135453896,-2.6418884508826257
-3.0040968129820538,-2.6418884346426204
-3.0040972000642583,-2.641888429411809
-3.0040463674085,-2.640854870727305
-3.003997043742439,-2.6398000074855545
-3.003945952286754,-2.6387452185427573
-3.0038965747646773,-2.637690355894624
-3.003845431695844,-2.63663557992611
-3.0037960182921646,-2.6355807261041067
-3.003796883345777,-2.6355595600919908
-3.003796468434428,-2.63555959075792
-3.0037964389649416,-2.6355595324184025
-3.003744292541067,-2.6345260032359605
-3.0036906627989794,-2.6334713694714
-3.0036387988212194,-2.6324166303901113
-3.0035845035862287,-2.631362012104246
-3.003527772548512,-2.630307521050297
-3.00346864193417,-2.6292531613468637
-3.003407849146086,-2.6281989227404012
-3.003348914006864,-2.627144558471963
-3.003288314945547,-2.626090306386246
-3.0032302413425844,-2.6250359069955627
-3.0031746793220675,-2.623981367856815
-3.0031208766729667,-2.6229267434897245
-3.0030649210025278,-2.621872149826404
-3.0030639184022627,-2.6218510451154478
-3.0030057694196555,-2.620817893968288
-3.0029442042768575,-2.6197636931863406
-3.0028802024445533,-2.618709623089817
-3.002880784528082,-2.6186885301221974
-3.00287998285106,-2.6186885879166195
-3.002879316726921,-2.6186886479454627
-3.0028115392479697,-2.617635006865781
-3.0028101620416834,-2.617613913703494
-3.002810346006807,-2.617613922908885
-3.002809836889622,-2.617613975261686
-3.0028094021641785,-2.61761402048895
-3.002737505473872,-2.616581704412663
-3.0027385117556467,-2.6165605911262535
-3.0027378855485347,-2.616560626066074
-3.002738046780073,-2.6165606278596893
-3.002664307483393,-2.6155282965302233
-3.002665310474328,-2.61550717843794
-3.0025914036289687,-2.6144748322043414
-3.002515790205104,-2.61342150708221
-3.002516567467677,-2.613400412161462
-3.002516389275169,-2.613400433464336
-3.0024423647822074,-2.6123681063584248
-3.0023674039933734,-2.611314758929803
-3.002367137463948,-2.611314438842588
-3.002366621157894,-2.611314494541905
-3.0023661624803006,-2.611314548098588
-3.0023657303443256,-2.611314596768116
-3.0022870061407763,-2.6102827795740455
-3.0022852198079595,-2.610261701813585
-3.0022014775975423,-2.6092302542438626
-3.0021146206178373,-2.60817782193479
-3.0021135918967423,-2.6081566969685133
-3.0020298897689357,-2.6071250628289713
-3.0019450279615616,-2.6060723832088506
-3.001943902285445,-2.60605128531593
-3.0018600951483596,-2.6050196651108073
-3.0018580763639022,-2.604998607638026
-3.0018581056559133,-2.604998618781439
-3.001858154741379,-2.604998636032725
-3.0017769265864764,-2.6039670138780706
-3.0016973017270407,-2.6029139998223907
-3.00169692534254,-2.602892813724689
-3.0016204848292203,-2.601860662934213
-3.0015426543275256,-2.60080744038234
-3.0015419548674807,-2.6007863019734407
-3.001465219421844,-2.5997541700634437
-3.0014663695311863,-2.5997330550458786
-3.0013894420299376,-2.5987009201596307
-3.0013112495869496,-2.5976477277457763
-3.0013094234071787,-2.5976266611720704
-3.0012304486579686,-2.596594860885806
-3.0012289653651036,-2.596573777651689
-3.0011487427111008,-2.5955209995748016
-3.0011480214968214,-2.5954998712358557
-3.0011476749416497,-2.595499911644547
-3.001147373377399,-2.5954999564373713
-3.0010658607893794,-2.5944683605952625
-3.000981224468126,-2.5934157487998863
-3.0009796469740113,-2.5933946607589604
-3.000979686146589,-2.593394584531904
-3.000895513975306,-2.5923632108310337
-3.0008936172884315,-2.5923421534223534
-3.0008051827603306,-2.5913111027411344
-3.000717361634387,-2.5902587473246332
-3.0006270975455447,-2.5892065873751036
-3.0005343882982443,-2.5881546405160103
-3.000532212769879,-2.588133605934107
-3.0004360727585744,-2.58710323380354
-3.0004373489729748,-2.5870821974808638
-3.000341949970967,-2.5860517778494834
-3.000247877388367,-2.584999963054651
-3.0001563045853747,-2.583947916677903
-3.0001548863733953,-2.5839268274021414
-3.0000639197223795,-2.5828960183132033
-2.9999694861060693,-2.5818442361405753
-2.9998767719652104,-2.580792295005698
-2.999781593768321,-2.5797405733087255
-2.9997831493268157,-2.5797194879539895
-2.9996866331123964,-2.578688892018821
-2.9996880534646784,-2.57866782566716
-2.999591405352413,-2.5776372286631406
-2.99949352279064,-2.5765857466551436
-2.9993936123018985,-2.575534385818572
-2.9993930716054984,-2.5755341205611475
-2.9993930019565105,-2.5755341822445135
-2.999293808938299,-2.574503853953511
-2.9992951999803497,-2.5744828211593878
-2.999195918362596,-2.5734524677390427
-2.9991934372255495,-2.5734314595187517
-2.999192666692405,-2.573431531183599
-2.9991923108820515,-2.573431501147017
-2.9990877635357256,-2.572380878650951
-2.9989836195778374,-2.571330039682053
-2.9988819683622734,-2.5702789451448758
-2.9987827817568786,-2.569227610411493
-2.9987831647239998,-2.5692272619170997
-2.9986870754550328,-2.5681969468614234
-2.9985867545049145,-2.5671457355983778
-2.998483951055212,-2.5660947468582647
-2.998378715535281,-2.565043995000159
-2.998271085406622,-2.563993483236367
-2.9981610907844867,-2.5629432146876328
-2.998048755903119,-2.5618931926897037
-2.997934100262173,-2.5608434207866067
-2.9979311858899194,-2.560822480120903
-2.997814527049215,-2.5597942422010687
-2.9976987815090235,-2.558744612374935
-2.9975848668161666,-2.557694762121603
-2.997469241640157,-2.5566451086589064
-2.9973560864113513,-2.555595183127958
-2.9973541507917,-2.5555741489270356
-2.9973547102895446,-2.5555741037639645
-2.9972412198718583,-2.5545451453351147
-2.997127106812957,-2.55349524198649
-2.9971269778762633,-2.5534949402888536
-2.997015142053684,-2.5524661944656857
-2.996903435669373,-2.5514161334758385
-2.99678927259856,-2.5503663191982002
-2.9966733622513604,-2.549316705485684
-2.9966711193511,-2.549295711126014
-2.9965563949073055,-2.548267264845306
-2.9964374145235495,-2.5472179092385008
-2.9963181191278476,-2.5461686679753677
-2.9961967583261164,-2.5451195920689815
-2.996075818092994,-2.544070566799385
-2.9960734585057645,-2.544049595873873
-2.9960738027317713,-2.5440495900290143
-2.996074104265139,-2.544049594239962
-2.996073736303795,-2.544049662417189
-2.9959563317793014,-2.5430215239426404
-2.9958349836366223,-2.5419725139980125
-2.995716100569036,-2.540923209176813
-2.9957140311969157,-2.540902190832346
-2.9955963384939794,-2.539874076039965
-2.9954739431484865,-2.5388251766853855
-2.9954759905769213,-2.5388041488199646
-2.995475392821188,-2.538804218244616
-2.9953537062005022,-2.5377765613288554
-2.9952326487163345,-2.536727504966513
-2.995231342282565,-2.5367063757741155
-2.9951126010330085,-2.5356779399917064
-2.995114810143152,-2.5356568616526083
-2.9951144065042183,-2.5356569029001377
-2.994996940921838,-2.5346287450534364
-2.994994329404534,-2.5346077692397615
-2.994871814284165,-2.533580180011005
-2.9947453140789384,-2.532531768500152
-2.9946213116632365,-2.531483048377504
-2.994499441269035,-2.5304340063544464
-2.9943772219384464,-2.529385100526196
-2.994379442165145,-2.5293640633366556
-2.994255288478484,-2.5283362250040913
-2.9941311167923264,-2.52728755433227
-2.9940087208016015,-2.526238655148093
-2.99388391602116,-2.525190038637147
-2.9937566964626,-2.5241417115849156
-2.9937537068591746,-2.5241207921223148
-2.993624677750419,-2.523094029272224
-2.9936220235589097,-2.5230730756292528
-2.9934925396419474,-2.5220463600958034
-2.9933589184393155,-2.5209988412906084
-2.9933570268355005,-2.520977795057426
-2.9932305702909328,-2.519950696951709
-2.9931039515425826,-2.518902301621537
-2.99297487262552,-2.5178541948786095
-2.9929721412344823,-2.5178332470529283
-2.9928403344641863,-2.5168068127875354
-2.9927036709389925,-2.5157596703319456
-2.9927057092985563,-2.515738718466304
-2.992572236521639,-2.5147125226130123
-2.9924392644410567,-2.5136649156512028
-2.9923080742765173,-2.5126170742715312
-2.99217514646929,-2.5115694587391406
-2.992043954724523,-2.5105216254719473
-2.992041298837646,-2.5105006761018744
-2.992041564809702,-2.5105006584239673
-2.992041135160185,-2.51050073104497
-2.9919081113460457,-2.5094744706793497
-2.9919056613454034,-2.509453498544104
-2.9917720472482645,-2.5084273100384324
-2.9916341446715915,-2.50738033446337
-2.9914979644777384,-2.5063331251513605
-2.991360054161942,-2.50528615046216
-2.991223876864738,-2.5042389504571694
-2.9910859640592293,-2.503191984152368
-2.9909497886269643,-2.5021447903227045
-2.990947001767097,-2.5021238612926924
-2.990808274928541,-2.5010983513886655
-2.9906651931097805,-2.500052089296414
-2.990662356761688,-2.5000311615730895
-2.9905218124787982,-2.4990058841628566
-2.990519977477017,-2.498984823014205
-2.9903844586323305,-2.4979588701914452
-2.9902485395033307,-2.496911641494736
-2.9901101298276376,-2.4958647271545025
-2.9901072972811393,-2.4958438025245417
-2.98996432659365,-2.494797695462904
-2.98982169096409,-2.4937513750513913
-2.9898190425841964,-2.4937304396522246
-2.989678118662937,-2.492705244573025
-2.989532016385014,-2.491659389599982
-2.989383480445147,-2.4906138654317864
-2.989232554612409,-2.489568683819696
-2.989229055550259,-2.4895478541865517
-2.9892289152232725,-2.4895479024963527
-2.9890780807451987,-2.488524078715654
-2.988922839544331,-2.4874795525973195
-2.9889203146831713,-2.487458594854156
-2.9887680137823907,-2.486434412917148
-2.988765425009702,-2.4864134824356046
-2.9886177336970596,-2.4853892240890696
-2.988617664499938,-2.485388898424587
-2.988618002135661,-2.485388874742368
-2.9884744723356027,-2.4843640328738097
-2.988326505486033,-2.4833184450143566
-2.9881809948934395,-2.4822724999848576
-2.9880372321011484,-2.481226318619188
-2.988037178942141,-2.4812259993178745
-2.987891319269496,-2.4801803212246982
-2.9877450855312078,-2.4791345128581495
-2.9875964183052393,-2.4780890350085008
-2.987595979830909,-2.4780887906064297
-2.987445339465005,-2.477043806086437
-2.987445034661421,-2.4770435642976767
-2.9872974781433737,-2.476019343338542
-2.9871500289881916,-2.4749737191073296
-2.9870043191542983,-2.4739278380929415
-2.987001459411835,-2.473906945683255
-2.9868533489792215,-2.472882765562874
-2.986700665635682,-2.471837871546737
-2.986549730684749,-2.4707927057578583
-2.9865495022747903,-2.470792419060355
-2.9865496797657567,-2.470792440432259
-2.986398975141099,-2.469747451121336
-2.986248645017367,-2.46870222540013
-2.9861007685327143,-2.467656637192391
-2.985955323282071,-2.4666107024275736
-2.9859537986908857,-2.4665896123393884
-2.985953842122371,-2.4665896381334735
-2.9859541707186357,-2.4665895424798143
-2.985812879236477,-2.465564421648881
-2.9856663956008256,-2.4645186318340238
-2.985518169590445,-2.4634730847571733
-2.9853716964657058,-2.462427284309295
-2.9853685902797458,-2.462406403289494
-2.9852206146997187,-2.4613821861964933
-2.9850719964663317,-2.4603366915646965
-2.985068955732778,-2.460315799637565
-2.9849188487874536,-2.4592918804296713
-2.984768747937944,-2.458246589886384
-2.9846210758957317,-2.457200942617816
-2.9844750927635437,-2.4561550757826094
-2.9843265970960826,-2.4551095593660475
-2.984326488443772,-2.4551092499456595
-2.984178831722868,-2.4540850157041634
-2.9840312482028515,-2.4530393857779584
-2.98388538538578,-2.451993511068735
-2.9837370346963805,-2.4509479808689965
-2.983586907668238,-2.4499027083871048
-2.9835840609816207,-2.449881808859431
-2.98358449325871,-2.4498817661335974
-2.9834362114863753,-2.448836416699479
-2.9832882655731834,-2.447790837262241
-2.983142744365355,-2.4467449083035997
-2.982998929022278,-2.4456987539485926
-2.982852614657032,-2.444652940141565
-2.9828524615820013,-2.4446526457562068
-2.982706158524276,-2.443628205645507
-2.9825553834519014,-2.442583046105623
-2.9824070791400015,-2.441537515200866
-2.9824051507931753,-2.4415164784174688
-2.982258664502842,-2.4404913767047
-2.9822612899178953,-2.440470386008193
-2.9821173252798583,-2.439424420127141
-2.9819737313102794,-2.43837823339644
-2.9819733890962685,-2.4383783577512617
-2.981973404655686,-2.4383783402545345
-2.9818324152655142,-2.437353193163991
-2.9816908822232544,-2.436306750940276
-2.9815476202111513,-2.4352605253562594
-2.981545770946654,-2.4352394820267436
-2.9815455726359903,-2.435239535251061
-2.9814065463532144,-2.434214089814331
-2.981403636257924,-2.4341931899194615
-2.9812595241999333,-2.4331684151737067
-2.9811106010090263,-2.4321228801868693
-2.980961378726956,-2.4310774669810953
-2.98081048914375,-2.4300323095141607
-2.98080815303377,-2.4300113367992195
-2.9806648149594346,-2.42898646854127
-2.980664917740231,-2.428986134151085
-2.980665390697895,-2.4289861021729457
-2.98052525222118,-2.4279606901245474
-2.98052782646755,-2.42793970034139
-2.980383595826566,-2.426914282749735
-2.9802390400147267,-2.4258682033995003
-2.980092806083393,-2.424822369083698
-2.979948724180021,-2.4237761540202505
-2.97980506416518,-2.4227299797836235
-2.9796638696691145,-2.4216834644545817
-2.9796614212034935,-2.421662512163005
-2.979521869219531,-2.4206371439192846
-2.979377840997223,-2.4195910128147617
-2.9792355272839224,-2.418544638072875
-2.9790199178044583,-2.4182276835175025
